run_id,timestamp_utc,fpga_bin_label,git_commit,git_branch,git_dirty,suite,case_id,exec_key,app,kind,op,backend,variant,stage,name,args,shape_json,calls_per_forward,fpga_bin_dir,xclbin_sha256,warmup,iterations,source,status,returncode,failure_phase,failure_reason,raw_csv,power_csv,power_summary,measure_latency,measure_power,power_samples,power_elapsed_s,power_min_w,power_avg_w,power_max_w,power_parse_error,log_file,elapsed_wall_s,samples,min_us,avg_us,max_us,p50_us,p95_us
20260605T112840620515Z,2026-06-05T23:29:10+00:00,naive_simd,7167e1bd1281,fpint_improve,0,prefill_merged_naive_simd,llama2_7b_prefill_all_sgemm_tcu_batch1_prefill_seq_len512_qblk32_prefill_residual_attn,f95b2e2978,eladd,eladd,residual_attn,eladd,all_sgemm_tcu_spinquant,prefill,residual_attn,-n 2097152,"{""size"": 2097152}",32.0,/opt/vortex_fpga_bins/fpint/xrt_hw_u55c_c1_f100_fpint_tcu_noDcache_L2cache_90f22d2615/bin,f9d4c06cee4c6e36c642ff55483c0dd89e2a213a6dc34439696792e38ae26795,0,1,explicit,pass,0,,,/home/jaeyongjang/project.local/vortex/analysis_workspace/latency_on_hw/outputs_main/naive_simd/runs/20260605T112840620515Z/raw/f95b2e2978.csv,/home/jaeyongjang/project.local/vortex/analysis_workspace/latency_on_hw/outputs_main_power/naive_simd/runs/20260619T050841476265Z/power/f95b2e2978.csv,/home/jaeyongjang/project.local/vortex/analysis_workspace/latency_on_hw/outputs_main_power/naive_simd/runs/20260619T050841476265Z/power/f95b2e2978.summary.csv,1,1,71,10.153079,11.3715,12.640163,12.9256,,/home/jaeyongjang/project.local/vortex/analysis_workspace/latency_on_hw/outputs_main/naive_simd/runs/20260605T112840620515Z/logs/f95b2e2978.log,19.487,1.0,221064.352,221064.352,221064.352,221064.352,221064.352
20260605T112840620515Z,2026-06-05T23:29:10+00:00,naive_simd,7167e1bd1281,fpint_improve,0,prefill_merged_naive_simd,llama2_7b_prefill_all_sgemm_tcu_batch1_prefill_seq_len1024_qblk32_prefill_residual_attn,854e98bea8,eladd,eladd,residual_attn,eladd,all_sgemm_tcu_spinquant,prefill,residual_attn,-n 4194304,"{""size"": 4194304}",32.0,/opt/vortex_fpga_bins/fpint/xrt_hw_u55c_c1_f100_fpint_tcu_noDcache_L2cache_90f22d2615/bin,f9d4c06cee4c6e36c642ff55483c0dd89e2a213a6dc34439696792e38ae26795,0,1,explicit,pass,0,,,/home/jaeyongjang/project.local/vortex/analysis_workspace/latency_on_hw/outputs_main/naive_simd/runs/20260605T112840620515Z/raw/854e98bea8.csv,,,1,0,,,,,,,/home/jaeyongjang/project.local/vortex/analysis_workspace/latency_on_hw/outputs_main/naive_simd/runs/20260605T112840620515Z/logs/854e98bea8.log,11.053,1.0,439257.34,439257.34,439257.34,439257.34,439257.34
20260605T112840620515Z,2026-06-05T23:29:10+00:00,naive_simd,7167e1bd1281,fpint_improve,0,prefill_merged_naive_simd,llama2_7b_prefill_all_sgemm_tcu_batch1_prefill_seq_len2048_qblk32_prefill_residual_attn,f0cb78dfd3,eladd,eladd,residual_attn,eladd,all_sgemm_tcu_spinquant,prefill,residual_attn,-n 8388608,"{""size"": 8388608}",32.0,/opt/vortex_fpga_bins/fpint/xrt_hw_u55c_c1_f100_fpint_tcu_noDcache_L2cache_90f22d2615/bin,f9d4c06cee4c6e36c642ff55483c0dd89e2a213a6dc34439696792e38ae26795,0,1,explicit,pass,0,,,/home/jaeyongjang/project.local/vortex/analysis_workspace/latency_on_hw/outputs_main/naive_simd/runs/20260605T112840620515Z/raw/f0cb78dfd3.csv,,,1,0,,,,,,,/home/jaeyongjang/project.local/vortex/analysis_workspace/latency_on_hw/outputs_main/naive_simd/runs/20260605T112840620515Z/logs/f0cb78dfd3.log,14.567,1.0,876678.299,876678.299,876678.299,876678.299,876678.299
20260605T112840620515Z,2026-06-05T23:29:10+00:00,naive_simd,7167e1bd1281,fpint_improve,0,prefill_merged_naive_simd,llama2_7b_prefill_all_sgemm_tcu_batch1_prefill_seq_len4096_qblk32_prefill_residual_attn,5560c97d9c,eladd,eladd,residual_attn,eladd,all_sgemm_tcu_spinquant,prefill,residual_attn,-n 16777216,"{""size"": 16777216}",32.0,/opt/vortex_fpga_bins/fpint/xrt_hw_u55c_c1_f100_fpint_tcu_noDcache_L2cache_90f22d2615/bin,f9d4c06cee4c6e36c642ff55483c0dd89e2a213a6dc34439696792e38ae26795,0,1,explicit,pass,0,,,/home/jaeyongjang/project.local/vortex/analysis_workspace/latency_on_hw/outputs_main/naive_simd/runs/20260605T112840620515Z/raw/5560c97d9c.csv,,,1,0,,,,,,,/home/jaeyongjang/project.local/vortex/analysis_workspace/latency_on_hw/outputs_main/naive_simd/runs/20260605T112840620515Z/logs/5560c97d9c.log,20.198,1.0,1750660.032,1750660.032,1750660.032,1750660.032,1750660.032
20260605T112840620515Z,2026-06-05T23:29:10+00:00,naive_simd,7167e1bd1281,fpint_improve,0,prefill_merged_naive_simd,llama2_7b_prefill_all_sgemm_tcu_batch2_prefill_seq_len4096_qblk32_prefill_residual_attn,2da94d119e,eladd,eladd,residual_attn,eladd,all_sgemm_tcu_spinquant,prefill,residual_attn,-n 33554432,"{""size"": 33554432}",32.0,/opt/vortex_fpga_bins/fpint/xrt_hw_u55c_c1_f100_fpint_tcu_noDcache_L2cache_90f22d2615/bin,f9d4c06cee4c6e36c642ff55483c0dd89e2a213a6dc34439696792e38ae26795,0,1,explicit,pass,0,,,/home/jaeyongjang/project.local/vortex/analysis_workspace/latency_on_hw/outputs_main/naive_simd/runs/20260605T112840620515Z/raw/2da94d119e.csv,,,1,0,,,,,,,/home/jaeyongjang/project.local/vortex/analysis_workspace/latency_on_hw/outputs_main/naive_simd/runs/20260605T112840620515Z/logs/2da94d119e.log,34.006,1.0,3497851.239,3497851.239,3497851.239,3497851.239,3497851.239
20260605T112840620515Z,2026-06-05T23:29:10+00:00,naive_simd,7167e1bd1281,fpint_improve,0,prefill_merged_naive_simd,llama2_7b_prefill_all_sgemm_tcu_batch4_prefill_seq_len4096_qblk32_prefill_residual_attn,38c304f4cd,eladd,eladd,residual_attn,eladd,all_sgemm_tcu_spinquant,prefill,residual_attn,-n 67108864,"{""size"": 67108864}",32.0,/opt/vortex_fpga_bins/fpint/xrt_hw_u55c_c1_f100_fpint_tcu_noDcache_L2cache_90f22d2615/bin,f9d4c06cee4c6e36c642ff55483c0dd89e2a213a6dc34439696792e38ae26795,0,1,explicit,pass,0,,,/home/jaeyongjang/project.local/vortex/analysis_workspace/latency_on_hw/outputs_main/naive_simd/runs/20260605T112840620515Z/raw/38c304f4cd.csv,,,1,0,,,,,,,/home/jaeyongjang/project.local/vortex/analysis_workspace/latency_on_hw/outputs_main/naive_simd/runs/20260605T112840620515Z/logs/38c304f4cd.log,60.357,1.0,6993883.772,6993883.772,6993883.772,6993883.772,6993883.772
20260605T112840620515Z,2026-06-05T23:29:10+00:00,naive_simd,7167e1bd1281,fpint_improve,0,prefill_merged_naive_simd,llama2_7b_prefill_all_sgemm_tcu_batch8_prefill_seq_len4096_qblk32_prefill_residual_attn,ccf09c5cf6,eladd,eladd,residual_attn,eladd,all_sgemm_tcu_spinquant,prefill,residual_attn,-n 134217728,"{""size"": 134217728}",32.0,/opt/vortex_fpga_bins/fpint/xrt_hw_u55c_c1_f100_fpint_tcu_noDcache_L2cache_90f22d2615/bin,f9d4c06cee4c6e36c642ff55483c0dd89e2a213a6dc34439696792e38ae26795,0,1,explicit,pass,0,,,/home/jaeyongjang/project.local/vortex/analysis_workspace/latency_on_hw/outputs_main/naive_simd/runs/20260605T112840620515Z/raw/ccf09c5cf6.csv,,,1,0,,,,,,,/home/jaeyongjang/project.local/vortex/analysis_workspace/latency_on_hw/outputs_main/naive_simd/runs/20260605T112840620515Z/logs/ccf09c5cf6.log,114.829,1.0,13986032.009,13986032.009,13986032.009,13986032.009,13986032.009
20260605T112840620515Z,2026-06-05T23:29:10+00:00,naive_simd,7167e1bd1281,fpint_improve,0,prefill_merged_naive_simd,llama2_7b_prefill_all_sgemm_tcu_batch1_prefill_seq_len512_qblk32_prefill_mlp_elmul,8c56c78a6e,elmul,elmul,mlp_elmul,elmul,all_sgemm_tcu_spinquant,prefill,mlp_elmul,-n 5636096,"{""size"": 5636096}",32.0,/opt/vortex_fpga_bins/fpint/xrt_hw_u55c_c1_f100_fpint_tcu_noDcache_L2cache_90f22d2615/bin,f9d4c06cee4c6e36c642ff55483c0dd89e2a213a6dc34439696792e38ae26795,0,1,explicit,pass,0,,,/home/jaeyongjang/project.local/vortex/analysis_workspace/latency_on_hw/outputs_main/naive_simd/runs/20260605T112840620515Z/raw/8c56c78a6e.csv,/home/jaeyongjang/project.local/vortex/analysis_workspace/latency_on_hw/outputs_main_power/naive_simd/runs/20260619T050841476265Z/power/8c56c78a6e.csv,/home/jaeyongjang/project.local/vortex/analysis_workspace/latency_on_hw/outputs_main_power/naive_simd/runs/20260619T050841476265Z/power/8c56c78a6e.summary.csv,1,1,77,10.029775,11.6312,12.780478,13.0848,,/home/jaeyongjang/project.local/vortex/analysis_workspace/latency_on_hw/outputs_main/naive_simd/runs/20260605T112840620515Z/logs/8c56c78a6e.log,12.427,1.0,590210.868,590210.868,590210.868,590210.868,590210.868
20260605T112840620515Z,2026-06-05T23:29:10+00:00,naive_simd,7167e1bd1281,fpint_improve,0,prefill_merged_naive_simd,llama2_7b_prefill_all_sgemm_tcu_batch1_prefill_seq_len1024_qblk32_prefill_mlp_elmul,388c64e118,elmul,elmul,mlp_elmul,elmul,all_sgemm_tcu_spinquant,prefill,mlp_elmul,-n 11272192,"{""size"": 11272192}",32.0,/opt/vortex_fpga_bins/fpint/xrt_hw_u55c_c1_f100_fpint_tcu_noDcache_L2cache_90f22d2615/bin,f9d4c06cee4c6e36c642ff55483c0dd89e2a213a6dc34439696792e38ae26795,0,1,explicit,pass,0,,,/home/jaeyongjang/project.local/vortex/analysis_workspace/latency_on_hw/outputs_main/naive_simd/runs/20260605T112840620515Z/raw/388c64e118.csv,,,1,0,,,,,,,/home/jaeyongjang/project.local/vortex/analysis_workspace/latency_on_hw/outputs_main/naive_simd/runs/20260605T112840620515Z/logs/388c64e118.log,16.818,1.0,1177480.93,1177480.93,1177480.93,1177480.93,1177480.93
20260605T112840620515Z,2026-06-05T23:29:10+00:00,naive_simd,7167e1bd1281,fpint_improve,0,prefill_merged_naive_simd,llama2_7b_prefill_all_sgemm_tcu_batch1_prefill_seq_len2048_qblk32_prefill_mlp_elmul,9c25319c1d,elmul,elmul,mlp_elmul,elmul,all_sgemm_tcu_spinquant,prefill,mlp_elmul,-n 22544384,"{""size"": 22544384}",32.0,/opt/vortex_fpga_bins/fpint/xrt_hw_u55c_c1_f100_fpint_tcu_noDcache_L2cache_90f22d2615/bin,f9d4c06cee4c6e36c642ff55483c0dd89e2a213a6dc34439696792e38ae26795,0,1,explicit,pass,0,,,/home/jaeyongjang/project.local/vortex/analysis_workspace/latency_on_hw/outputs_main/naive_simd/runs/20260605T112840620515Z/raw/9c25319c1d.csv,,,1,0,,,,,,,/home/jaeyongjang/project.local/vortex/analysis_workspace/latency_on_hw/outputs_main/naive_simd/runs/20260605T112840620515Z/logs/9c25319c1d.log,25.572,1.0,2353845.068,2353845.068,2353845.068,2353845.068,2353845.068
20260605T112840620515Z,2026-06-05T23:29:10+00:00,naive_simd,7167e1bd1281,fpint_improve,0,prefill_merged_naive_simd,llama2_7b_prefill_all_sgemm_tcu_batch1_prefill_seq_len4096_qblk32_prefill_mlp_elmul,96f8f25c9a,elmul,elmul,mlp_elmul,elmul,all_sgemm_tcu_spinquant,prefill,mlp_elmul,-n 45088768,"{""size"": 45088768}",32.0,/opt/vortex_fpga_bins/fpint/xrt_hw_u55c_c1_f100_fpint_tcu_noDcache_L2cache_90f22d2615/bin,f9d4c06cee4c6e36c642ff55483c0dd89e2a213a6dc34439696792e38ae26795,0,1,explicit,pass,0,,,/home/jaeyongjang/project.local/vortex/analysis_workspace/latency_on_hw/outputs_main/naive_simd/runs/20260605T112840620515Z/raw/96f8f25c9a.csv,,,1,0,,,,,,,/home/jaeyongjang/project.local/vortex/analysis_workspace/latency_on_hw/outputs_main/naive_simd/runs/20260605T112840620515Z/logs/96f8f25c9a.log,43.916,1.0,4705806.998,4705806.998,4705806.998,4705806.998,4705806.998
20260605T112840620515Z,2026-06-05T23:29:10+00:00,naive_simd,7167e1bd1281,fpint_improve,0,prefill_merged_naive_simd,llama2_7b_prefill_all_sgemm_tcu_batch2_prefill_seq_len4096_qblk32_prefill_mlp_elmul,ef5baea46d,elmul,elmul,mlp_elmul,elmul,all_sgemm_tcu_spinquant,prefill,mlp_elmul,-n 90177536,"{""size"": 90177536}",32.0,/opt/vortex_fpga_bins/fpint/xrt_hw_u55c_c1_f100_fpint_tcu_noDcache_L2cache_90f22d2615/bin,f9d4c06cee4c6e36c642ff55483c0dd89e2a213a6dc34439696792e38ae26795,0,1,explicit,pass,0,,,/home/jaeyongjang/project.local/vortex/analysis_workspace/latency_on_hw/outputs_main/naive_simd/runs/20260605T112840620515Z/raw/ef5baea46d.csv,,,1,0,,,,,,,/home/jaeyongjang/project.local/vortex/analysis_workspace/latency_on_hw/outputs_main/naive_simd/runs/20260605T112840620515Z/logs/ef5baea46d.log,102.550,1.0,9409382.714,9409382.714,9409382.714,9409382.714,9409382.714
20260605T112840620515Z,2026-06-05T23:29:10+00:00,naive_simd,7167e1bd1281,fpint_improve,0,prefill_merged_naive_simd,llama2_7b_prefill_all_sgemm_tcu_batch4_prefill_seq_len4096_qblk32_prefill_mlp_elmul,4d00f25103,elmul,elmul,mlp_elmul,elmul,all_sgemm_tcu_spinquant,prefill,mlp_elmul,-n 180355072,"{""size"": 180355072}",32.0,/opt/vortex_fpga_bins/fpint/xrt_hw_u55c_c1_f100_fpint_tcu_noDcache_L2cache_90f22d2615/bin,f9d4c06cee4c6e36c642ff55483c0dd89e2a213a6dc34439696792e38ae26795,0,1,explicit,pass,0,,,/home/jaeyongjang/project.local/vortex/analysis_workspace/latency_on_hw/outputs_main/naive_simd/runs/20260605T112840620515Z/raw/4d00f25103.csv,,,1,0,,,,,,,/home/jaeyongjang/project.local/vortex/analysis_workspace/latency_on_hw/outputs_main/naive_simd/runs/20260605T112840620515Z/logs/4d00f25103.log,175.124,1.0,18817282.553,18817282.553,18817282.553,18817282.553,18817282.553
20260605T112840620515Z,2026-06-05T23:29:10+00:00,naive_simd,7167e1bd1281,fpint_improve,0,prefill_merged_naive_simd,llama2_7b_prefill_all_sgemm_tcu_batch8_prefill_seq_len4096_qblk32_prefill_mlp_elmul,a991af216d,elmul,elmul,mlp_elmul,elmul,all_sgemm_tcu_spinquant,prefill,mlp_elmul,-n 360710144,"{""size"": 360710144}",32.0,/opt/vortex_fpga_bins/fpint/xrt_hw_u55c_c1_f100_fpint_tcu_noDcache_L2cache_90f22d2615/bin,f9d4c06cee4c6e36c642ff55483c0dd89e2a213a6dc34439696792e38ae26795,0,1,explicit,pass,0,,,/home/jaeyongjang/project.local/vortex/analysis_workspace/latency_on_hw/outputs_main/naive_simd/runs/20260605T112840620515Z/raw/a991af216d.csv,,,1,0,,,,,,,/home/jaeyongjang/project.local/vortex/analysis_workspace/latency_on_hw/outputs_main/naive_simd/runs/20260605T112840620515Z/logs/a991af216d.log,292.205,1.0,37630567.318,37630567.318,37630567.318,37630567.318,37630567.318
20260605T112840620515Z,2026-06-05T23:29:10+00:00,naive_simd,7167e1bd1281,fpint_improve,0,prefill_merged_naive_simd,llama2_7b_prefill_all_sgemm_tcu_batch1_prefill_seq_len512_qblk32_prefill_spinquant_r3_q_hadamard,a9d73769fe,hadamard,hadamard,spinquant_r3_q_hadamard,hadamard,all_sgemm_tcu_spinquant,prefill,spinquant_r3_q_hadamard,-rows 16384 -dim 128,"{""consumer"": ""attn_qkT"", ""dim"": 128, ""layout_from"": ""row_major_fp16"", ""layout_group"": ""rope_q_to_spinquant_r3_q_to_attn_qkT"", ""layout_to"": ""row_major_fp16"", ""producer"": ""rope_q"", ""rows"": 16384, ""spinquant_rotation"": ""R3""}",32.0,/opt/vortex_fpga_bins/fpint/xrt_hw_u55c_c1_f100_fpint_tcu_noDcache_L2cache_90f22d2615/bin,f9d4c06cee4c6e36c642ff55483c0dd89e2a213a6dc34439696792e38ae26795,0,1,explicit,pass,0,,,/home/jaeyongjang/project.local/vortex/analysis_workspace/latency_on_hw/outputs_main/naive_simd/runs/20260605T112840620515Z/raw/a9d73769fe.csv,/home/jaeyongjang/project.local/vortex/analysis_workspace/latency_on_hw/outputs_main_power/naive_simd/runs/20260619T050841476265Z/power/a9d73769fe.csv,/home/jaeyongjang/project.local/vortex/analysis_workspace/latency_on_hw/outputs_main_power/naive_simd/runs/20260619T050841476265Z/power/a9d73769fe.summary.csv,1,1,74,12.066966,11.4602,11.77498,12.2298,,/home/jaeyongjang/project.local/vortex/analysis_workspace/latency_on_hw/outputs_main/naive_simd/runs/20260605T112840620515Z/logs/a9d73769fe.log,11.979,1.0,4021930.54,4021930.54,4021930.54,4021930.54,4021930.54
20260605T112840620515Z,2026-06-05T23:29:10+00:00,naive_simd,7167e1bd1281,fpint_improve,0,prefill_merged_naive_simd,llama2_7b_prefill_all_sgemm_tcu_batch1_prefill_seq_len512_qblk32_prefill_spinquant_r4_mlp_hadamard,93dc3283d9,hadamard,hadamard,spinquant_r4_mlp_hadamard,hadamard,all_sgemm_tcu_spinquant,prefill,spinquant_r4_mlp_hadamard,-rows 512 -dim 11008,"{""consumer"": ""down_proj"", ""dim"": 11008, ""layout_from"": ""row_major_fp16"", ""layout_group"": ""mlp_elmul_to_spinquant_r4_to_down_proj"", ""layout_to"": ""row_major_fp16"", ""producer"": ""mlp_elmul"", ""rows"": 512, ""spinquant_rotation"": ""R4""}",32.0,/opt/vortex_fpga_bins/fpint/xrt_hw_u55c_c1_f100_fpint_tcu_noDcache_L2cache_90f22d2615/bin,f9d4c06cee4c6e36c642ff55483c0dd89e2a213a6dc34439696792e38ae26795,0,1,explicit,pass,0,,,/home/jaeyongjang/project.local/vortex/analysis_workspace/latency_on_hw/outputs_main/naive_simd/runs/20260605T112840620515Z/raw/93dc3283d9.csv,/home/jaeyongjang/project.local/vortex/analysis_workspace/latency_on_hw/outputs_main_power/naive_simd/runs/20260619T050841476265Z/power/93dc3283d9.csv,/home/jaeyongjang/project.local/vortex/analysis_workspace/latency_on_hw/outputs_main_power/naive_simd/runs/20260619T050841476265Z/power/93dc3283d9.summary.csv,1,1,72,10.615642,11.7135,12.860282,13.0968,,/home/jaeyongjang/project.local/vortex/analysis_workspace/latency_on_hw/outputs_main/naive_simd/runs/20260605T112840620515Z/logs/93dc3283d9.log,11.719,1.0,2653349.425,2653349.425,2653349.425,2653349.425,2653349.425
20260605T112840620515Z,2026-06-05T23:29:10+00:00,naive_simd,7167e1bd1281,fpint_improve,0,prefill_merged_naive_simd,llama2_7b_prefill_all_sgemm_tcu_batch1_prefill_seq_len1024_qblk32_prefill_spinquant_r3_q_hadamard,a436e3c333,hadamard,hadamard,spinquant_r3_q_hadamard,hadamard,all_sgemm_tcu_spinquant,prefill,spinquant_r3_q_hadamard,-rows 32768 -dim 128,"{""consumer"": ""attn_qkT"", ""dim"": 128, ""layout_from"": ""row_major_fp16"", ""layout_group"": ""rope_q_to_spinquant_r3_q_to_attn_qkT"", ""layout_to"": ""row_major_fp16"", ""producer"": ""rope_q"", ""rows"": 32768, ""spinquant_rotation"": ""R3""}",32.0,/opt/vortex_fpga_bins/fpint/xrt_hw_u55c_c1_f100_fpint_tcu_noDcache_L2cache_90f22d2615/bin,f9d4c06cee4c6e36c642ff55483c0dd89e2a213a6dc34439696792e38ae26795,0,1,explicit,pass,0,,,/home/jaeyongjang/project.local/vortex/analysis_workspace/latency_on_hw/outputs_main/naive_simd/runs/20260605T112840620515Z/raw/a436e3c333.csv,,,1,0,,,,,,,/home/jaeyongjang/project.local/vortex/analysis_workspace/latency_on_hw/outputs_main/naive_simd/runs/20260605T112840620515Z/logs/a436e3c333.log,16.325,1.0,8041505.363,8041505.363,8041505.363,8041505.363,8041505.363
20260605T112840620515Z,2026-06-05T23:29:10+00:00,naive_simd,7167e1bd1281,fpint_improve,0,prefill_merged_naive_simd,llama2_7b_prefill_all_sgemm_tcu_batch1_prefill_seq_len1024_qblk32_prefill_spinquant_r4_mlp_hadamard,4f9e994eb5,hadamard,hadamard,spinquant_r4_mlp_hadamard,hadamard,all_sgemm_tcu_spinquant,prefill,spinquant_r4_mlp_hadamard,-rows 1024 -dim 11008,"{""consumer"": ""down_proj"", ""dim"": 11008, ""layout_from"": ""row_major_fp16"", ""layout_group"": ""mlp_elmul_to_spinquant_r4_to_down_proj"", ""layout_to"": ""row_major_fp16"", ""producer"": ""mlp_elmul"", ""rows"": 1024, ""spinquant_rotation"": ""R4""}",32.0,/opt/vortex_fpga_bins/fpint/xrt_hw_u55c_c1_f100_fpint_tcu_noDcache_L2cache_90f22d2615/bin,f9d4c06cee4c6e36c642ff55483c0dd89e2a213a6dc34439696792e38ae26795,0,1,explicit,pass,0,,,/home/jaeyongjang/project.local/vortex/analysis_workspace/latency_on_hw/outputs_main/naive_simd/runs/20260605T112840620515Z/raw/4f9e994eb5.csv,,,1,0,,,,,,,/home/jaeyongjang/project.local/vortex/analysis_workspace/latency_on_hw/outputs_main/naive_simd/runs/20260605T112840620515Z/logs/4f9e994eb5.log,16.727,1.0,5305047.379,5305047.379,5305047.379,5305047.379,5305047.379
20260605T112840620515Z,2026-06-05T23:29:10+00:00,naive_simd,7167e1bd1281,fpint_improve,0,prefill_merged_naive_simd,llama2_7b_prefill_all_sgemm_tcu_batch1_prefill_seq_len2048_qblk32_prefill_spinquant_r3_q_hadamard,4960d3f551,hadamard,hadamard,spinquant_r3_q_hadamard,hadamard,all_sgemm_tcu_spinquant,prefill,spinquant_r3_q_hadamard,-rows 65536 -dim 128,"{""consumer"": ""attn_qkT"", ""dim"": 128, ""layout_from"": ""row_major_fp16"", ""layout_group"": ""rope_q_to_spinquant_r3_q_to_attn_qkT"", ""layout_to"": ""row_major_fp16"", ""producer"": ""rope_q"", ""rows"": 65536, ""spinquant_rotation"": ""R3""}",32.0,/opt/vortex_fpga_bins/fpint/xrt_hw_u55c_c1_f100_fpint_tcu_noDcache_L2cache_90f22d2615/bin,f9d4c06cee4c6e36c642ff55483c0dd89e2a213a6dc34439696792e38ae26795,0,1,explicit,pass,0,,,/home/jaeyongjang/project.local/vortex/analysis_workspace/latency_on_hw/outputs_main/naive_simd/runs/20260605T112840620515Z/raw/4960d3f551.csv,,,1,0,,,,,,,/home/jaeyongjang/project.local/vortex/analysis_workspace/latency_on_hw/outputs_main/naive_simd/runs/20260605T112840620515Z/logs/4960d3f551.log,27.018,1.0,16080651.62,16080651.62,16080651.62,16080651.62,16080651.62
20260605T112840620515Z,2026-06-05T23:29:10+00:00,naive_simd,7167e1bd1281,fpint_improve,0,prefill_merged_naive_simd,llama2_7b_prefill_all_sgemm_tcu_batch1_prefill_seq_len2048_qblk32_prefill_spinquant_r4_mlp_hadamard,5c93b320c3,hadamard,hadamard,spinquant_r4_mlp_hadamard,hadamard,all_sgemm_tcu_spinquant,prefill,spinquant_r4_mlp_hadamard,-rows 2048 -dim 11008,"{""consumer"": ""down_proj"", ""dim"": 11008, ""layout_from"": ""row_major_fp16"", ""layout_group"": ""mlp_elmul_to_spinquant_r4_to_down_proj"", ""layout_to"": ""row_major_fp16"", ""producer"": ""mlp_elmul"", ""rows"": 2048, ""spinquant_rotation"": ""R4""}",32.0,/opt/vortex_fpga_bins/fpint/xrt_hw_u55c_c1_f100_fpint_tcu_noDcache_L2cache_90f22d2615/bin,f9d4c06cee4c6e36c642ff55483c0dd89e2a213a6dc34439696792e38ae26795,0,1,explicit,pass,0,,,/home/jaeyongjang/project.local/vortex/analysis_workspace/latency_on_hw/outputs_main/naive_simd/runs/20260605T112840620515Z/raw/5c93b320c3.csv,,,1,0,,,,,,,/home/jaeyongjang/project.local/vortex/analysis_workspace/latency_on_hw/outputs_main/naive_simd/runs/20260605T112840620515Z/logs/5c93b320c3.log,25.775,1.0,10608723.539,10608723.539,10608723.539,10608723.539,10608723.539
20260605T112840620515Z,2026-06-05T23:29:10+00:00,naive_simd,7167e1bd1281,fpint_improve,0,prefill_merged_naive_simd,llama2_7b_prefill_all_sgemm_tcu_batch1_prefill_seq_len4096_qblk32_prefill_spinquant_r3_q_hadamard,df87c50313,hadamard,hadamard,spinquant_r3_q_hadamard,hadamard,all_sgemm_tcu_spinquant,prefill,spinquant_r3_q_hadamard,-rows 131072 -dim 128,"{""consumer"": ""attn_qkT"", ""dim"": 128, ""layout_from"": ""row_major_fp16"", ""layout_group"": ""rope_q_to_spinquant_r3_q_to_attn_qkT"", ""layout_to"": ""row_major_fp16"", ""producer"": ""rope_q"", ""rows"": 131072, ""spinquant_rotation"": ""R3""}",32.0,/opt/vortex_fpga_bins/fpint/xrt_hw_u55c_c1_f100_fpint_tcu_noDcache_L2cache_90f22d2615/bin,f9d4c06cee4c6e36c642ff55483c0dd89e2a213a6dc34439696792e38ae26795,0,1,explicit,pass,0,,,/home/jaeyongjang/project.local/vortex/analysis_workspace/latency_on_hw/outputs_main/naive_simd/runs/20260605T112840620515Z/raw/df87c50313.csv,,,1,0,,,,,,,/home/jaeyongjang/project.local/vortex/analysis_workspace/latency_on_hw/outputs_main/naive_simd/runs/20260605T112840620515Z/logs/df87c50313.log,45.793,1.0,32161953.643,32161953.643,32161953.643,32161953.643,32161953.643
20260605T112840620515Z,2026-06-05T23:29:10+00:00,naive_simd,7167e1bd1281,fpint_improve,0,prefill_merged_naive_simd,llama2_7b_prefill_all_sgemm_tcu_batch1_prefill_seq_len4096_qblk32_prefill_spinquant_r4_mlp_hadamard,592329d06e,hadamard,hadamard,spinquant_r4_mlp_hadamard,hadamard,all_sgemm_tcu_spinquant,prefill,spinquant_r4_mlp_hadamard,-rows 4096 -dim 11008,"{""consumer"": ""down_proj"", ""dim"": 11008, ""layout_from"": ""row_major_fp16"", ""layout_group"": ""mlp_elmul_to_spinquant_r4_to_down_proj"", ""layout_to"": ""row_major_fp16"", ""producer"": ""mlp_elmul"", ""rows"": 4096, ""spinquant_rotation"": ""R4""}",32.0,/opt/vortex_fpga_bins/fpint/xrt_hw_u55c_c1_f100_fpint_tcu_noDcache_L2cache_90f22d2615/bin,f9d4c06cee4c6e36c642ff55483c0dd89e2a213a6dc34439696792e38ae26795,0,1,explicit,pass,0,,,/home/jaeyongjang/project.local/vortex/analysis_workspace/latency_on_hw/outputs_main/naive_simd/runs/20260605T112840620515Z/raw/592329d06e.csv,,,1,0,,,,,,,/home/jaeyongjang/project.local/vortex/analysis_workspace/latency_on_hw/outputs_main/naive_simd/runs/20260605T112840620515Z/logs/592329d06e.log,45.008,1.0,21215970.576,21215970.576,21215970.576,21215970.576,21215970.576
20260605T112840620515Z,2026-06-05T23:29:10+00:00,naive_simd,7167e1bd1281,fpint_improve,0,prefill_merged_naive_simd,llama2_7b_prefill_all_sgemm_tcu_batch2_prefill_seq_len4096_qblk32_prefill_spinquant_r3_q_hadamard,2e5b3f3e62,hadamard,hadamard,spinquant_r3_q_hadamard,hadamard,all_sgemm_tcu_spinquant,prefill,spinquant_r3_q_hadamard,-rows 262144 -dim 128,"{""consumer"": ""attn_qkT"", ""dim"": 128, ""layout_from"": ""row_major_fp16"", ""layout_group"": ""rope_q_to_spinquant_r3_q_to_attn_qkT"", ""layout_to"": ""row_major_fp16"", ""producer"": ""rope_q"", ""rows"": 262144, ""spinquant_rotation"": ""R3""}",32.0,/opt/vortex_fpga_bins/fpint/xrt_hw_u55c_c1_f100_fpint_tcu_noDcache_L2cache_90f22d2615/bin,f9d4c06cee4c6e36c642ff55483c0dd89e2a213a6dc34439696792e38ae26795,0,1,explicit,pass,0,,,/home/jaeyongjang/project.local/vortex/analysis_workspace/latency_on_hw/outputs_main/naive_simd/runs/20260605T112840620515Z/raw/2e5b3f3e62.csv,,,1,0,,,,,,,/home/jaeyongjang/project.local/vortex/analysis_workspace/latency_on_hw/outputs_main/naive_simd/runs/20260605T112840620515Z/logs/2e5b3f3e62.log,83.690,1.0,64324415.405,64324415.405,64324415.405,64324415.405,64324415.405
20260605T112840620515Z,2026-06-05T23:29:10+00:00,naive_simd,7167e1bd1281,fpint_improve,0,prefill_merged_naive_simd,llama2_7b_prefill_all_sgemm_tcu_batch2_prefill_seq_len4096_qblk32_prefill_spinquant_r4_mlp_hadamard,dfbe3745ad,hadamard,hadamard,spinquant_r4_mlp_hadamard,hadamard,all_sgemm_tcu_spinquant,prefill,spinquant_r4_mlp_hadamard,-rows 8192 -dim 11008,"{""consumer"": ""down_proj"", ""dim"": 11008, ""layout_from"": ""row_major_fp16"", ""layout_group"": ""mlp_elmul_to_spinquant_r4_to_down_proj"", ""layout_to"": ""row_major_fp16"", ""producer"": ""mlp_elmul"", ""rows"": 8192, ""spinquant_rotation"": ""R4""}",32.0,/opt/vortex_fpga_bins/fpint/xrt_hw_u55c_c1_f100_fpint_tcu_noDcache_L2cache_90f22d2615/bin,f9d4c06cee4c6e36c642ff55483c0dd89e2a213a6dc34439696792e38ae26795,0,1,explicit,pass,0,,,/home/jaeyongjang/project.local/vortex/analysis_workspace/latency_on_hw/outputs_main/naive_simd/runs/20260605T112840620515Z/raw/dfbe3745ad.csv,,,1,0,,,,,,,/home/jaeyongjang/project.local/vortex/analysis_workspace/latency_on_hw/outputs_main/naive_simd/runs/20260605T112840620515Z/logs/dfbe3745ad.log,81.041,1.0,42431001.747,42431001.747,42431001.747,42431001.747,42431001.747
20260605T112840620515Z,2026-06-05T23:29:10+00:00,naive_simd,7167e1bd1281,fpint_improve,0,prefill_merged_naive_simd,llama2_7b_prefill_all_sgemm_tcu_batch4_prefill_seq_len4096_qblk32_prefill_spinquant_r3_q_hadamard,f7309cee89,hadamard,hadamard,spinquant_r3_q_hadamard,hadamard,all_sgemm_tcu_spinquant,prefill,spinquant_r3_q_hadamard,-rows 524288 -dim 128,"{""consumer"": ""attn_qkT"", ""dim"": 128, ""layout_from"": ""row_major_fp16"", ""layout_group"": ""rope_q_to_spinquant_r3_q_to_attn_qkT"", ""layout_to"": ""row_major_fp16"", ""producer"": ""rope_q"", ""rows"": 524288, ""spinquant_rotation"": ""R3""}",32.0,/opt/vortex_fpga_bins/fpint/xrt_hw_u55c_c1_f100_fpint_tcu_noDcache_L2cache_90f22d2615/bin,f9d4c06cee4c6e36c642ff55483c0dd89e2a213a6dc34439696792e38ae26795,0,1,explicit,pass,0,,,/home/jaeyongjang/project.local/vortex/analysis_workspace/latency_on_hw/outputs_main/naive_simd/runs/20260605T112840620515Z/raw/f7309cee89.csv,,,1,0,,,,,,,/home/jaeyongjang/project.local/vortex/analysis_workspace/latency_on_hw/outputs_main/naive_simd/runs/20260605T112840620515Z/logs/f7309cee89.log,158.476,1.0,128650504.461,128650504.461,128650504.461,128650504.461,128650504.461
20260605T112840620515Z,2026-06-05T23:29:10+00:00,naive_simd,7167e1bd1281,fpint_improve,0,prefill_merged_naive_simd,llama2_7b_prefill_all_sgemm_tcu_batch4_prefill_seq_len4096_qblk32_prefill_spinquant_r4_mlp_hadamard,e84c1bd552,hadamard,hadamard,spinquant_r4_mlp_hadamard,hadamard,all_sgemm_tcu_spinquant,prefill,spinquant_r4_mlp_hadamard,-rows 16384 -dim 11008,"{""consumer"": ""down_proj"", ""dim"": 11008, ""layout_from"": ""row_major_fp16"", ""layout_group"": ""mlp_elmul_to_spinquant_r4_to_down_proj"", ""layout_to"": ""row_major_fp16"", ""producer"": ""mlp_elmul"", ""rows"": 16384, ""spinquant_rotation"": ""R4""}",32.0,/opt/vortex_fpga_bins/fpint/xrt_hw_u55c_c1_f100_fpint_tcu_noDcache_L2cache_90f22d2615/bin,f9d4c06cee4c6e36c642ff55483c0dd89e2a213a6dc34439696792e38ae26795,0,1,explicit,pass,0,,,/home/jaeyongjang/project.local/vortex/analysis_workspace/latency_on_hw/outputs_main/naive_simd/runs/20260605T112840620515Z/raw/e84c1bd552.csv,,,1,0,,,,,,,/home/jaeyongjang/project.local/vortex/analysis_workspace/latency_on_hw/outputs_main/naive_simd/runs/20260605T112840620515Z/logs/e84c1bd552.log,153.224,1.0,84861178.274,84861178.274,84861178.274,84861178.274,84861178.274
20260605T112840620515Z,2026-06-05T23:29:10+00:00,naive_simd,7167e1bd1281,fpint_improve,0,prefill_merged_naive_simd,llama2_7b_prefill_all_sgemm_tcu_batch8_prefill_seq_len4096_qblk32_prefill_spinquant_r3_q_hadamard,03a6721e4b,hadamard,hadamard,spinquant_r3_q_hadamard,hadamard,all_sgemm_tcu_spinquant,prefill,spinquant_r3_q_hadamard,-rows 1048576 -dim 128,"{""consumer"": ""attn_qkT"", ""dim"": 128, ""layout_from"": ""row_major_fp16"", ""layout_group"": ""rope_q_to_spinquant_r3_q_to_attn_qkT"", ""layout_to"": ""row_major_fp16"", ""producer"": ""rope_q"", ""rows"": 1048576, ""spinquant_rotation"": ""R3""}",32.0,/opt/vortex_fpga_bins/fpint/xrt_hw_u55c_c1_f100_fpint_tcu_noDcache_L2cache_90f22d2615/bin,f9d4c06cee4c6e36c642ff55483c0dd89e2a213a6dc34439696792e38ae26795,0,1,explicit,pass,0,,,/home/jaeyongjang/project.local/vortex/analysis_workspace/latency_on_hw/outputs_main/naive_simd/runs/20260605T112840620515Z/raw/03a6721e4b.csv,,,1,0,,,,,,,/home/jaeyongjang/project.local/vortex/analysis_workspace/latency_on_hw/outputs_main/naive_simd/runs/20260605T112840620515Z/logs/03a6721e4b.log,316.314,1.0,257286124.856,257286124.856,257286124.856,257286124.856,257286124.856
20260605T112840620515Z,2026-06-05T23:29:10+00:00,naive_simd,7167e1bd1281,fpint_improve,0,prefill_merged_naive_simd,llama2_7b_prefill_all_sgemm_tcu_batch8_prefill_seq_len4096_qblk32_prefill_spinquant_r4_mlp_hadamard,6aac98e1b7,hadamard,hadamard,spinquant_r4_mlp_hadamard,hadamard,all_sgemm_tcu_spinquant,prefill,spinquant_r4_mlp_hadamard,-rows 32768 -dim 11008,"{""consumer"": ""down_proj"", ""dim"": 11008, ""layout_from"": ""row_major_fp16"", ""layout_group"": ""mlp_elmul_to_spinquant_r4_to_down_proj"", ""layout_to"": ""row_major_fp16"", ""producer"": ""mlp_elmul"", ""rows"": 32768, ""spinquant_rotation"": ""R4""}",32.0,/opt/vortex_fpga_bins/fpint/xrt_hw_u55c_c1_f100_fpint_tcu_noDcache_L2cache_90f22d2615/bin,f9d4c06cee4c6e36c642ff55483c0dd89e2a213a6dc34439696792e38ae26795,0,1,explicit,pass,0,,,/home/jaeyongjang/project.local/vortex/analysis_workspace/latency_on_hw/outputs_main/naive_simd/runs/20260605T112840620515Z/raw/6aac98e1b7.csv,,,1,0,,,,,,,/home/jaeyongjang/project.local/vortex/analysis_workspace/latency_on_hw/outputs_main/naive_simd/runs/20260605T112840620515Z/logs/6aac98e1b7.log,301.248,1.0,169715565.523,169715565.523,169715565.523,169715565.523,169715565.523
20260605T112840620515Z,2026-06-05T23:29:10+00:00,naive_simd,7167e1bd1281,fpint_improve,0,prefill_merged_naive_simd,llama2_7b_prefill_all_sgemm_tcu_batch1_prefill_seq_len512_qblk32_prefill_attn_head_concat,e197a29dd2,head_concat,concat,attn_head_concat,head_concat,all_sgemm_tcu_spinquant,prefill,attn_head_concat,-batch 1 -seq 512 -heads 32 -headdim 128,"{""batch"": 1, ""consumer"": ""o_proj"", ""headdim"": 128, ""heads"": 32, ""hidden"": 4096, ""layout_from"": ""row_major"", ""layout_group"": ""attn_pv_to_head_concat_to_o_proj"", ""layout_to"": ""row_major"", ""producer"": ""attn_pv"", ""seq"": 512}",32.0,/opt/vortex_fpga_bins/fpint/xrt_hw_u55c_c1_f100_fpint_tcu_noDcache_L2cache_90f22d2615/bin,f9d4c06cee4c6e36c642ff55483c0dd89e2a213a6dc34439696792e38ae26795,0,1,explicit,pass,0,,,/home/jaeyongjang/project.local/vortex/analysis_workspace/latency_on_hw/outputs_main/naive_simd/runs/20260605T112840620515Z/raw/e197a29dd2.csv,/home/jaeyongjang/project.local/vortex/analysis_workspace/latency_on_hw/outputs_main_power/naive_simd/runs/20260619T050841476265Z/power/e197a29dd2.csv,/home/jaeyongjang/project.local/vortex/analysis_workspace/latency_on_hw/outputs_main_power/naive_simd/runs/20260619T050841476265Z/power/e197a29dd2.summary.csv,1,1,79,10.455144,11.7167,11.892052,12.0587,,/home/jaeyongjang/project.local/vortex/analysis_workspace/latency_on_hw/outputs_main/naive_simd/runs/20260605T112840620515Z/logs/e197a29dd2.log,16.887,1.0,297142.492,297142.492,297142.492,297142.492,297142.492
20260605T112840620515Z,2026-06-05T23:29:10+00:00,naive_simd,7167e1bd1281,fpint_improve,0,prefill_merged_naive_simd,llama2_7b_prefill_all_sgemm_tcu_batch1_prefill_seq_len1024_qblk32_prefill_attn_head_concat,15f7f2afa8,head_concat,concat,attn_head_concat,head_concat,all_sgemm_tcu_spinquant,prefill,attn_head_concat,-batch 1 -seq 1024 -heads 32 -headdim 128,"{""batch"": 1, ""consumer"": ""o_proj"", ""headdim"": 128, ""heads"": 32, ""hidden"": 4096, ""layout_from"": ""row_major"", ""layout_group"": ""attn_pv_to_head_concat_to_o_proj"", ""layout_to"": ""row_major"", ""producer"": ""attn_pv"", ""seq"": 1024}",32.0,/opt/vortex_fpga_bins/fpint/xrt_hw_u55c_c1_f100_fpint_tcu_noDcache_L2cache_90f22d2615/bin,f9d4c06cee4c6e36c642ff55483c0dd89e2a213a6dc34439696792e38ae26795,0,1,explicit,pass,0,,,/home/jaeyongjang/project.local/vortex/analysis_workspace/latency_on_hw/outputs_main/naive_simd/runs/20260605T112840620515Z/raw/15f7f2afa8.csv,,,1,0,,,,,,,/home/jaeyongjang/project.local/vortex/analysis_workspace/latency_on_hw/outputs_main/naive_simd/runs/20260605T112840620515Z/logs/15f7f2afa8.log,9.947,1.0,578585.21,578585.21,578585.21,578585.21,578585.21
20260605T112840620515Z,2026-06-05T23:29:10+00:00,naive_simd,7167e1bd1281,fpint_improve,0,prefill_merged_naive_simd,llama2_7b_prefill_all_sgemm_tcu_batch1_prefill_seq_len2048_qblk32_prefill_attn_head_concat,6f8ce2678b,head_concat,concat,attn_head_concat,head_concat,all_sgemm_tcu_spinquant,prefill,attn_head_concat,-batch 1 -seq 2048 -heads 32 -headdim 128,"{""batch"": 1, ""consumer"": ""o_proj"", ""headdim"": 128, ""heads"": 32, ""hidden"": 4096, ""layout_from"": ""row_major"", ""layout_group"": ""attn_pv_to_head_concat_to_o_proj"", ""layout_to"": ""row_major"", ""producer"": ""attn_pv"", ""seq"": 2048}",32.0,/opt/vortex_fpga_bins/fpint/xrt_hw_u55c_c1_f100_fpint_tcu_noDcache_L2cache_90f22d2615/bin,f9d4c06cee4c6e36c642ff55483c0dd89e2a213a6dc34439696792e38ae26795,0,1,explicit,pass,0,,,/home/jaeyongjang/project.local/vortex/analysis_workspace/latency_on_hw/outputs_main/naive_simd/runs/20260605T112840620515Z/raw/6f8ce2678b.csv,,,1,0,,,,,,,/home/jaeyongjang/project.local/vortex/analysis_workspace/latency_on_hw/outputs_main/naive_simd/runs/20260605T112840620515Z/logs/6f8ce2678b.log,11.674,1.0,1167279.567,1167279.567,1167279.567,1167279.567,1167279.567
20260605T112840620515Z,2026-06-05T23:29:10+00:00,naive_simd,7167e1bd1281,fpint_improve,0,prefill_merged_naive_simd,llama2_7b_prefill_all_sgemm_tcu_batch1_prefill_seq_len4096_qblk32_prefill_attn_head_concat,d14fa41b43,head_concat,concat,attn_head_concat,head_concat,all_sgemm_tcu_spinquant,prefill,attn_head_concat,-batch 1 -seq 4096 -heads 32 -headdim 128,"{""batch"": 1, ""consumer"": ""o_proj"", ""headdim"": 128, ""heads"": 32, ""hidden"": 4096, ""layout_from"": ""row_major"", ""layout_group"": ""attn_pv_to_head_concat_to_o_proj"", ""layout_to"": ""row_major"", ""producer"": ""attn_pv"", ""seq"": 4096}",32.0,/opt/vortex_fpga_bins/fpint/xrt_hw_u55c_c1_f100_fpint_tcu_noDcache_L2cache_90f22d2615/bin,f9d4c06cee4c6e36c642ff55483c0dd89e2a213a6dc34439696792e38ae26795,0,1,explicit,pass,0,,,/home/jaeyongjang/project.local/vortex/analysis_workspace/latency_on_hw/outputs_main/naive_simd/runs/20260605T112840620515Z/raw/d14fa41b43.csv,,,1,0,,,,,,,/home/jaeyongjang/project.local/vortex/analysis_workspace/latency_on_hw/outputs_main/naive_simd/runs/20260605T112840620515Z/logs/d14fa41b43.log,15.512,1.0,2284019.262,2284019.262,2284019.262,2284019.262,2284019.262
20260605T112840620515Z,2026-06-05T23:29:10+00:00,naive_simd,7167e1bd1281,fpint_improve,0,prefill_merged_naive_simd,llama2_7b_prefill_all_sgemm_tcu_batch2_prefill_seq_len512_qblk32_prefill_attn_head_concat,b6b492a046,head_concat,concat,attn_head_concat,head_concat,all_sgemm_tcu_spinquant,prefill,attn_head_concat,-batch 2 -seq 512 -heads 32 -headdim 128,"{""batch"": 2, ""consumer"": ""o_proj"", ""headdim"": 128, ""heads"": 32, ""hidden"": 4096, ""layout_from"": ""row_major"", ""layout_group"": ""attn_pv_to_head_concat_to_o_proj"", ""layout_to"": ""row_major"", ""producer"": ""attn_pv"", ""seq"": 512}",32.0,/opt/vortex_fpga_bins/fpint/xrt_hw_u55c_c1_f100_fpint_tcu_noDcache_L2cache_90f22d2615/bin,f9d4c06cee4c6e36c642ff55483c0dd89e2a213a6dc34439696792e38ae26795,0,1,explicit,pass,0,,,/home/jaeyongjang/project.local/vortex/analysis_workspace/latency_on_hw/outputs_main/naive_simd/runs/20260605T112840620515Z/raw/b6b492a046.csv,,,1,0,,,,,,,/home/jaeyongjang/project.local/vortex/analysis_workspace/latency_on_hw/outputs_main/naive_simd/runs/20260605T112840620515Z/logs/b6b492a046.log,9.947,1.0,589495.331,589495.331,589495.331,589495.331,589495.331
20260605T112840620515Z,2026-06-05T23:29:10+00:00,naive_simd,7167e1bd1281,fpint_improve,0,prefill_merged_naive_simd,llama2_7b_prefill_all_sgemm_tcu_batch2_prefill_seq_len1024_qblk32_prefill_attn_head_concat,6e69b6e488,head_concat,concat,attn_head_concat,head_concat,all_sgemm_tcu_spinquant,prefill,attn_head_concat,-batch 2 -seq 1024 -heads 32 -headdim 128,"{""batch"": 2, ""consumer"": ""o_proj"", ""headdim"": 128, ""heads"": 32, ""hidden"": 4096, ""layout_from"": ""row_major"", ""layout_group"": ""attn_pv_to_head_concat_to_o_proj"", ""layout_to"": ""row_major"", ""producer"": ""attn_pv"", ""seq"": 1024}",32.0,/opt/vortex_fpga_bins/fpint/xrt_hw_u55c_c1_f100_fpint_tcu_noDcache_L2cache_90f22d2615/bin,f9d4c06cee4c6e36c642ff55483c0dd89e2a213a6dc34439696792e38ae26795,0,1,explicit,pass,0,,,/home/jaeyongjang/project.local/vortex/analysis_workspace/latency_on_hw/outputs_main/naive_simd/runs/20260605T112840620515Z/raw/6e69b6e488.csv,,,1,0,,,,,,,/home/jaeyongjang/project.local/vortex/analysis_workspace/latency_on_hw/outputs_main/naive_simd/runs/20260605T112840620515Z/logs/6e69b6e488.log,12.018,1.0,1229435.65,1229435.65,1229435.65,1229435.65,1229435.65
20260605T112840620515Z,2026-06-05T23:29:10+00:00,naive_simd,7167e1bd1281,fpint_improve,0,prefill_merged_naive_simd,llama2_7b_prefill_all_sgemm_tcu_batch2_prefill_seq_len2048_qblk32_prefill_attn_head_concat,a2a2a97bb5,head_concat,concat,attn_head_concat,head_concat,all_sgemm_tcu_spinquant,prefill,attn_head_concat,-batch 2 -seq 2048 -heads 32 -headdim 128,"{""batch"": 2, ""consumer"": ""o_proj"", ""headdim"": 128, ""heads"": 32, ""hidden"": 4096, ""layout_from"": ""row_major"", ""layout_group"": ""attn_pv_to_head_concat_to_o_proj"", ""layout_to"": ""row_major"", ""producer"": ""attn_pv"", ""seq"": 2048}",32.0,/opt/vortex_fpga_bins/fpint/xrt_hw_u55c_c1_f100_fpint_tcu_noDcache_L2cache_90f22d2615/bin,f9d4c06cee4c6e36c642ff55483c0dd89e2a213a6dc34439696792e38ae26795,0,1,explicit,pass,0,,,/home/jaeyongjang/project.local/vortex/analysis_workspace/latency_on_hw/outputs_main/naive_simd/runs/20260605T112840620515Z/raw/a2a2a97bb5.csv,,,1,0,,,,,,,/home/jaeyongjang/project.local/vortex/analysis_workspace/latency_on_hw/outputs_main/naive_simd/runs/20260605T112840620515Z/logs/a2a2a97bb5.log,15.792,1.0,2354354.348,2354354.348,2354354.348,2354354.348,2354354.348
20260605T112840620515Z,2026-06-05T23:29:10+00:00,naive_simd,7167e1bd1281,fpint_improve,0,prefill_merged_naive_simd,llama2_7b_prefill_all_sgemm_tcu_batch2_prefill_seq_len4096_qblk32_prefill_attn_head_concat,7cea336bf4,head_concat,concat,attn_head_concat,head_concat,all_sgemm_tcu_spinquant,prefill,attn_head_concat,-batch 2 -seq 4096 -heads 32 -headdim 128,"{""batch"": 2, ""consumer"": ""o_proj"", ""headdim"": 128, ""heads"": 32, ""hidden"": 4096, ""layout_from"": ""row_major"", ""layout_group"": ""attn_pv_to_head_concat_to_o_proj"", ""layout_to"": ""row_major"", ""producer"": ""attn_pv"", ""seq"": 4096}",32.0,/opt/vortex_fpga_bins/fpint/xrt_hw_u55c_c1_f100_fpint_tcu_noDcache_L2cache_90f22d2615/bin,f9d4c06cee4c6e36c642ff55483c0dd89e2a213a6dc34439696792e38ae26795,0,1,explicit,pass,0,,,/home/jaeyongjang/project.local/vortex/analysis_workspace/latency_on_hw/outputs_main/naive_simd/runs/20260605T112840620515Z/raw/7cea336bf4.csv,,,1,0,,,,,,,/home/jaeyongjang/project.local/vortex/analysis_workspace/latency_on_hw/outputs_main/naive_simd/runs/20260605T112840620515Z/logs/7cea336bf4.log,23.237,1.0,4632592.298,4632592.298,4632592.298,4632592.298,4632592.298
20260605T112840620515Z,2026-06-05T23:29:10+00:00,naive_simd,7167e1bd1281,fpint_improve,0,prefill_merged_naive_simd,llama2_7b_prefill_all_sgemm_tcu_batch4_prefill_seq_len512_qblk32_prefill_attn_head_concat,fcd3a5fd37,head_concat,concat,attn_head_concat,head_concat,all_sgemm_tcu_spinquant,prefill,attn_head_concat,-batch 4 -seq 512 -heads 32 -headdim 128,"{""batch"": 4, ""consumer"": ""o_proj"", ""headdim"": 128, ""heads"": 32, ""hidden"": 4096, ""layout_from"": ""row_major"", ""layout_group"": ""attn_pv_to_head_concat_to_o_proj"", ""layout_to"": ""row_major"", ""producer"": ""attn_pv"", ""seq"": 512}",32.0,/opt/vortex_fpga_bins/fpint/xrt_hw_u55c_c1_f100_fpint_tcu_noDcache_L2cache_90f22d2615/bin,f9d4c06cee4c6e36c642ff55483c0dd89e2a213a6dc34439696792e38ae26795,0,1,explicit,pass,0,,,/home/jaeyongjang/project.local/vortex/analysis_workspace/latency_on_hw/outputs_main/naive_simd/runs/20260605T112840620515Z/raw/fcd3a5fd37.csv,,,1,0,,,,,,,/home/jaeyongjang/project.local/vortex/analysis_workspace/latency_on_hw/outputs_main/naive_simd/runs/20260605T112840620515Z/logs/fcd3a5fd37.log,11.605,1.0,1147187.454,1147187.454,1147187.454,1147187.454,1147187.454
20260605T112840620515Z,2026-06-05T23:29:10+00:00,naive_simd,7167e1bd1281,fpint_improve,0,prefill_merged_naive_simd,llama2_7b_prefill_all_sgemm_tcu_batch4_prefill_seq_len1024_qblk32_prefill_attn_head_concat,926919b478,head_concat,concat,attn_head_concat,head_concat,all_sgemm_tcu_spinquant,prefill,attn_head_concat,-batch 4 -seq 1024 -heads 32 -headdim 128,"{""batch"": 4, ""consumer"": ""o_proj"", ""headdim"": 128, ""heads"": 32, ""hidden"": 4096, ""layout_from"": ""row_major"", ""layout_group"": ""attn_pv_to_head_concat_to_o_proj"", ""layout_to"": ""row_major"", ""producer"": ""attn_pv"", ""seq"": 1024}",32.0,/opt/vortex_fpga_bins/fpint/xrt_hw_u55c_c1_f100_fpint_tcu_noDcache_L2cache_90f22d2615/bin,f9d4c06cee4c6e36c642ff55483c0dd89e2a213a6dc34439696792e38ae26795,0,1,explicit,pass,0,,,/home/jaeyongjang/project.local/vortex/analysis_workspace/latency_on_hw/outputs_main/naive_simd/runs/20260605T112840620515Z/raw/926919b478.csv,,,1,0,,,,,,,/home/jaeyongjang/project.local/vortex/analysis_workspace/latency_on_hw/outputs_main/naive_simd/runs/20260605T112840620515Z/logs/926919b478.log,15.532,1.0,2257420.232,2257420.232,2257420.232,2257420.232,2257420.232
20260605T112840620515Z,2026-06-05T23:29:10+00:00,naive_simd,7167e1bd1281,fpint_improve,0,prefill_merged_naive_simd,llama2_7b_prefill_all_sgemm_tcu_batch4_prefill_seq_len2048_qblk32_prefill_attn_head_concat,878a5958d9,head_concat,concat,attn_head_concat,head_concat,all_sgemm_tcu_spinquant,prefill,attn_head_concat,-batch 4 -seq 2048 -heads 32 -headdim 128,"{""batch"": 4, ""consumer"": ""o_proj"", ""headdim"": 128, ""heads"": 32, ""hidden"": 4096, ""layout_from"": ""row_major"", ""layout_group"": ""attn_pv_to_head_concat_to_o_proj"", ""layout_to"": ""row_major"", ""producer"": ""attn_pv"", ""seq"": 2048}",32.0,/opt/vortex_fpga_bins/fpint/xrt_hw_u55c_c1_f100_fpint_tcu_noDcache_L2cache_90f22d2615/bin,f9d4c06cee4c6e36c642ff55483c0dd89e2a213a6dc34439696792e38ae26795,0,1,explicit,pass,0,,,/home/jaeyongjang/project.local/vortex/analysis_workspace/latency_on_hw/outputs_main/naive_simd/runs/20260605T112840620515Z/raw/878a5958d9.csv,,,1,0,,,,,,,/home/jaeyongjang/project.local/vortex/analysis_workspace/latency_on_hw/outputs_main/naive_simd/runs/20260605T112840620515Z/logs/878a5958d9.log,22.836,1.0,4760141.174,4760141.174,4760141.174,4760141.174,4760141.174
20260605T112840620515Z,2026-06-05T23:29:10+00:00,naive_simd,7167e1bd1281,fpint_improve,0,prefill_merged_naive_simd,llama2_7b_prefill_all_sgemm_tcu_batch4_prefill_seq_len4096_qblk32_prefill_attn_head_concat,d1d5524bd5,head_concat,concat,attn_head_concat,head_concat,all_sgemm_tcu_spinquant,prefill,attn_head_concat,-batch 4 -seq 4096 -heads 32 -headdim 128,"{""batch"": 4, ""consumer"": ""o_proj"", ""headdim"": 128, ""heads"": 32, ""hidden"": 4096, ""layout_from"": ""row_major"", ""layout_group"": ""attn_pv_to_head_concat_to_o_proj"", ""layout_to"": ""row_major"", ""producer"": ""attn_pv"", ""seq"": 4096}",32.0,/opt/vortex_fpga_bins/fpint/xrt_hw_u55c_c1_f100_fpint_tcu_noDcache_L2cache_90f22d2615/bin,f9d4c06cee4c6e36c642ff55483c0dd89e2a213a6dc34439696792e38ae26795,0,1,explicit,pass,0,,,/home/jaeyongjang/project.local/vortex/analysis_workspace/latency_on_hw/outputs_main/naive_simd/runs/20260605T112840620515Z/raw/d1d5524bd5.csv,,,1,0,,,,,,,/home/jaeyongjang/project.local/vortex/analysis_workspace/latency_on_hw/outputs_main/naive_simd/runs/20260605T112840620515Z/logs/d1d5524bd5.log,38.275,1.0,9278796.984,9278796.984,9278796.984,9278796.984,9278796.984
20260605T112840620515Z,2026-06-05T23:29:10+00:00,naive_simd,7167e1bd1281,fpint_improve,0,prefill_merged_naive_simd,llama2_7b_prefill_all_sgemm_tcu_batch8_prefill_seq_len512_qblk32_prefill_attn_head_concat,5d1f2ea8a8,head_concat,concat,attn_head_concat,head_concat,all_sgemm_tcu_spinquant,prefill,attn_head_concat,-batch 8 -seq 512 -heads 32 -headdim 128,"{""batch"": 8, ""consumer"": ""o_proj"", ""headdim"": 128, ""heads"": 32, ""hidden"": 4096, ""layout_from"": ""row_major"", ""layout_group"": ""attn_pv_to_head_concat_to_o_proj"", ""layout_to"": ""row_major"", ""producer"": ""attn_pv"", ""seq"": 512}",32.0,/opt/vortex_fpga_bins/fpint/xrt_hw_u55c_c1_f100_fpint_tcu_noDcache_L2cache_90f22d2615/bin,f9d4c06cee4c6e36c642ff55483c0dd89e2a213a6dc34439696792e38ae26795,0,1,explicit,pass,0,,,/home/jaeyongjang/project.local/vortex/analysis_workspace/latency_on_hw/outputs_main/naive_simd/runs/20260605T112840620515Z/raw/5d1f2ea8a8.csv,,,1,0,,,,,,,/home/jaeyongjang/project.local/vortex/analysis_workspace/latency_on_hw/outputs_main/naive_simd/runs/20260605T112840620515Z/logs/5d1f2ea8a8.log,15.940,1.0,2307276.702,2307276.702,2307276.702,2307276.702,2307276.702
20260605T112840620515Z,2026-06-05T23:29:10+00:00,naive_simd,7167e1bd1281,fpint_improve,0,prefill_merged_naive_simd,llama2_7b_prefill_all_sgemm_tcu_batch8_prefill_seq_len1024_qblk32_prefill_attn_head_concat,b8f06d37a3,head_concat,concat,attn_head_concat,head_concat,all_sgemm_tcu_spinquant,prefill,attn_head_concat,-batch 8 -seq 1024 -heads 32 -headdim 128,"{""batch"": 8, ""consumer"": ""o_proj"", ""headdim"": 128, ""heads"": 32, ""hidden"": 4096, ""layout_from"": ""row_major"", ""layout_group"": ""attn_pv_to_head_concat_to_o_proj"", ""layout_to"": ""row_major"", ""producer"": ""attn_pv"", ""seq"": 1024}",32.0,/opt/vortex_fpga_bins/fpint/xrt_hw_u55c_c1_f100_fpint_tcu_noDcache_L2cache_90f22d2615/bin,f9d4c06cee4c6e36c642ff55483c0dd89e2a213a6dc34439696792e38ae26795,0,1,explicit,pass,0,,,/home/jaeyongjang/project.local/vortex/analysis_workspace/latency_on_hw/outputs_main/naive_simd/runs/20260605T112840620515Z/raw/b8f06d37a3.csv,,,1,0,,,,,,,/home/jaeyongjang/project.local/vortex/analysis_workspace/latency_on_hw/outputs_main/naive_simd/runs/20260605T112840620515Z/logs/b8f06d37a3.log,22.712,1.0,4681254.094,4681254.094,4681254.094,4681254.094,4681254.094
20260605T112840620515Z,2026-06-05T23:29:10+00:00,naive_simd,7167e1bd1281,fpint_improve,0,prefill_merged_naive_simd,llama2_7b_prefill_all_sgemm_tcu_batch8_prefill_seq_len2048_qblk32_prefill_attn_head_concat,c01ceee546,head_concat,concat,attn_head_concat,head_concat,all_sgemm_tcu_spinquant,prefill,attn_head_concat,-batch 8 -seq 2048 -heads 32 -headdim 128,"{""batch"": 8, ""consumer"": ""o_proj"", ""headdim"": 128, ""heads"": 32, ""hidden"": 4096, ""layout_from"": ""row_major"", ""layout_group"": ""attn_pv_to_head_concat_to_o_proj"", ""layout_to"": ""row_major"", ""producer"": ""attn_pv"", ""seq"": 2048}",32.0,/opt/vortex_fpga_bins/fpint/xrt_hw_u55c_c1_f100_fpint_tcu_noDcache_L2cache_90f22d2615/bin,f9d4c06cee4c6e36c642ff55483c0dd89e2a213a6dc34439696792e38ae26795,0,1,explicit,pass,0,,,/home/jaeyongjang/project.local/vortex/analysis_workspace/latency_on_hw/outputs_main/naive_simd/runs/20260605T112840620515Z/raw/c01ceee546.csv,,,1,0,,,,,,,/home/jaeyongjang/project.local/vortex/analysis_workspace/latency_on_hw/outputs_main/naive_simd/runs/20260605T112840620515Z/logs/c01ceee546.log,40.818,1.0,9567209.111,9567209.111,9567209.111,9567209.111,9567209.111
20260605T112840620515Z,2026-06-05T23:29:10+00:00,naive_simd,7167e1bd1281,fpint_improve,0,prefill_merged_naive_simd,llama2_7b_prefill_all_sgemm_tcu_batch8_prefill_seq_len4096_qblk32_prefill_attn_head_concat,dde2f2564e,head_concat,concat,attn_head_concat,head_concat,all_sgemm_tcu_spinquant,prefill,attn_head_concat,-batch 8 -seq 4096 -heads 32 -headdim 128,"{""batch"": 8, ""consumer"": ""o_proj"", ""headdim"": 128, ""heads"": 32, ""hidden"": 4096, ""layout_from"": ""row_major"", ""layout_group"": ""attn_pv_to_head_concat_to_o_proj"", ""layout_to"": ""row_major"", ""producer"": ""attn_pv"", ""seq"": 4096}",32.0,/opt/vortex_fpga_bins/fpint/xrt_hw_u55c_c1_f100_fpint_tcu_noDcache_L2cache_90f22d2615/bin,f9d4c06cee4c6e36c642ff55483c0dd89e2a213a6dc34439696792e38ae26795,0,1,explicit,pass,0,,,/home/jaeyongjang/project.local/vortex/analysis_workspace/latency_on_hw/outputs_main/naive_simd/runs/20260605T112840620515Z/raw/dde2f2564e.csv,,,1,0,,,,,,,/home/jaeyongjang/project.local/vortex/analysis_workspace/latency_on_hw/outputs_main/naive_simd/runs/20260605T112840620515Z/logs/dde2f2564e.log,69.243,1.0,18036265.734,18036265.734,18036265.734,18036265.734,18036265.734
20260605T112840620515Z,2026-06-05T23:29:10+00:00,naive_simd,7167e1bd1281,fpint_improve,0,prefill_merged_naive_simd,llama2_7b_prefill_all_sgemm_tcu_batch1_prefill_seq_len512_qblk32_prefill_kv_cache_quant_rope_k_to_attn_qkT,db21010e56,kv_cache_quant_w4a16,quantization,kv_cache_quant_rope_k_to_attn_qkT,kv_cache_quant_w4a16,all_sgemm_tcu_spinquant,prefill,kv_cache_quant_rope_k_to_attn_qkT,-k 512 -n 128 -q 128 -d 1 -t 1,"{""K"": 512, ""N"": 128, ""QBLK"": 128, ""QDIR"": 1, ""WTRANS"": 1, ""cache_len"": 512, ""cache_update"": ""full"", ""consumer"": ""kv_cache:k"", ""gemm_QDIR"": 0, ""layout_from"": ""row_major_fp16"", ""layout_group"": ""spinquant_r3_k_hadamard_to_kv_cache"", ""layout_to"": ""packed_w4a16_row_major"", ""producer"": ""spinquant_r3_k_hadamard"", ""qparam_layout_to"": ""qparams_row_major"", ""source_QDIR"": 1, ""source_transposed"": true}",1024.0,/opt/vortex_fpga_bins/fpint/xrt_hw_u55c_c1_f100_fpint_tcu_noDcache_L2cache_90f22d2615/bin,f9d4c06cee4c6e36c642ff55483c0dd89e2a213a6dc34439696792e38ae26795,0,1,explicit,pass,0,,,/home/jaeyongjang/project.local/vortex/analysis_workspace/latency_on_hw/outputs_main/naive_simd/runs/20260605T112840620515Z/raw/db21010e56.csv,/home/jaeyongjang/project.local/vortex/analysis_workspace/latency_on_hw/outputs_main_power/naive_simd/runs/20260619T112321091864Z/power/db21010e56.csv,/home/jaeyongjang/project.local/vortex/analysis_workspace/latency_on_hw/outputs_main_power/naive_simd/runs/20260619T112321091864Z/power/db21010e56.summary.csv,1,1,77,10.053481,11.3715,13.009573,13.2648,,/home/jaeyongjang/project.local/vortex/analysis_workspace/latency_on_hw/outputs_main/naive_simd/runs/20260605T112840620515Z/logs/db21010e56.log,7.364,1.0,401870.249,401870.249,401870.249,401870.249,401870.249
20260605T112840620515Z,2026-06-05T23:29:10+00:00,naive_simd,7167e1bd1281,fpint_improve,0,prefill_merged_naive_simd,llama2_7b_prefill_all_sgemm_tcu_batch1_prefill_seq_len512_qblk32_prefill_kv_cache_quant_v_cache_to_attn_pv,44773da89d,kv_cache_quant_w4a16,quantization,kv_cache_quant_v_cache_to_attn_pv,kv_cache_quant_w4a16,all_sgemm_tcu_spinquant,prefill,kv_cache_quant_v_cache_to_attn_pv,-k 512 -n 128 -q 128 -d 1 -t 0,"{""K"": 512, ""N"": 128, ""QBLK"": 128, ""QDIR"": 1, ""WTRANS"": 0, ""cache_len"": 512, ""cache_update"": ""full"", ""consumer"": ""kv_cache:v"", ""gemm_QDIR"": 1, ""layout_from"": ""row_major_fp16"", ""layout_group"": ""v_cache_to_kv_cache"", ""layout_to"": ""packed_w4a16_row_major"", ""producer"": ""v_proj"", ""qparam_layout_to"": ""qparams_row_major"", ""source_QDIR"": 1}",1024.0,/opt/vortex_fpga_bins/fpint/xrt_hw_u55c_c1_f100_fpint_tcu_noDcache_L2cache_90f22d2615/bin,f9d4c06cee4c6e36c642ff55483c0dd89e2a213a6dc34439696792e38ae26795,0,1,explicit,pass,0,,,/home/jaeyongjang/project.local/vortex/analysis_workspace/latency_on_hw/outputs_main/naive_simd/runs/20260605T112840620515Z/raw/44773da89d.csv,/home/jaeyongjang/project.local/vortex/analysis_workspace/latency_on_hw/outputs_main_power/naive_simd/runs/20260619T112321091864Z/power/44773da89d.csv,/home/jaeyongjang/project.local/vortex/analysis_workspace/latency_on_hw/outputs_main_power/naive_simd/runs/20260619T112321091864Z/power/44773da89d.summary.csv,1,1,78,10.051164,11.286,12.943354,13.2525,,/home/jaeyongjang/project.local/vortex/analysis_workspace/latency_on_hw/outputs_main/naive_simd/runs/20260605T112840620515Z/logs/44773da89d.log,7.298,1.0,401539.224,401539.224,401539.224,401539.224,401539.224
20260605T112840620515Z,2026-06-05T23:29:10+00:00,naive_simd,7167e1bd1281,fpint_improve,0,prefill_merged_naive_simd,llama2_7b_prefill_all_sgemm_tcu_batch1_prefill_seq_len1024_qblk32_prefill_kv_cache_quant_rope_k_to_attn_qkT,cf96184383,kv_cache_quant_w4a16,quantization,kv_cache_quant_rope_k_to_attn_qkT,kv_cache_quant_w4a16,all_sgemm_tcu_spinquant,prefill,kv_cache_quant_rope_k_to_attn_qkT,-k 1024 -n 128 -q 128 -d 1 -t 1,"{""K"": 1024, ""N"": 128, ""QBLK"": 128, ""QDIR"": 1, ""WTRANS"": 1, ""cache_len"": 1024, ""cache_update"": ""full"", ""consumer"": ""kv_cache:k"", ""gemm_QDIR"": 0, ""layout_from"": ""row_major_fp16"", ""layout_group"": ""spinquant_r3_k_hadamard_to_kv_cache"", ""layout_to"": ""packed_w4a16_row_major"", ""producer"": ""spinquant_r3_k_hadamard"", ""qparam_layout_to"": ""qparams_row_major"", ""source_QDIR"": 1, ""source_transposed"": true}",1024.0,/opt/vortex_fpga_bins/fpint/xrt_hw_u55c_c1_f100_fpint_tcu_noDcache_L2cache_90f22d2615/bin,f9d4c06cee4c6e36c642ff55483c0dd89e2a213a6dc34439696792e38ae26795,0,1,explicit,pass,0,,,/home/jaeyongjang/project.local/vortex/analysis_workspace/latency_on_hw/outputs_main/naive_simd/runs/20260605T112840620515Z/raw/cf96184383.csv,,,1,0,,,,,,,/home/jaeyongjang/project.local/vortex/analysis_workspace/latency_on_hw/outputs_main/naive_simd/runs/20260605T112840620515Z/logs/cf96184383.log,7.680,1.0,801140.622,801140.622,801140.622,801140.622,801140.622
20260605T112840620515Z,2026-06-05T23:29:10+00:00,naive_simd,7167e1bd1281,fpint_improve,0,prefill_merged_naive_simd,llama2_7b_prefill_all_sgemm_tcu_batch1_prefill_seq_len1024_qblk32_prefill_kv_cache_quant_v_cache_to_attn_pv,823d08c861,kv_cache_quant_w4a16,quantization,kv_cache_quant_v_cache_to_attn_pv,kv_cache_quant_w4a16,all_sgemm_tcu_spinquant,prefill,kv_cache_quant_v_cache_to_attn_pv,-k 1024 -n 128 -q 128 -d 1 -t 0,"{""K"": 1024, ""N"": 128, ""QBLK"": 128, ""QDIR"": 1, ""WTRANS"": 0, ""cache_len"": 1024, ""cache_update"": ""full"", ""consumer"": ""kv_cache:v"", ""gemm_QDIR"": 1, ""layout_from"": ""row_major_fp16"", ""layout_group"": ""v_cache_to_kv_cache"", ""layout_to"": ""packed_w4a16_row_major"", ""producer"": ""v_proj"", ""qparam_layout_to"": ""qparams_row_major"", ""source_QDIR"": 1}",1024.0,/opt/vortex_fpga_bins/fpint/xrt_hw_u55c_c1_f100_fpint_tcu_noDcache_L2cache_90f22d2615/bin,f9d4c06cee4c6e36c642ff55483c0dd89e2a213a6dc34439696792e38ae26795,0,1,explicit,pass,0,,,/home/jaeyongjang/project.local/vortex/analysis_workspace/latency_on_hw/outputs_main/naive_simd/runs/20260605T112840620515Z/raw/823d08c861.csv,,,1,0,,,,,,,/home/jaeyongjang/project.local/vortex/analysis_workspace/latency_on_hw/outputs_main/naive_simd/runs/20260605T112840620515Z/logs/823d08c861.log,7.662,1.0,801789.628,801789.628,801789.628,801789.628,801789.628
20260605T112840620515Z,2026-06-05T23:29:10+00:00,naive_simd,7167e1bd1281,fpint_improve,0,prefill_merged_naive_simd,llama2_7b_prefill_all_sgemm_tcu_batch1_prefill_seq_len2048_qblk32_prefill_kv_cache_quant_rope_k_to_attn_qkT,682af1cbed,kv_cache_quant_w4a16,quantization,kv_cache_quant_rope_k_to_attn_qkT,kv_cache_quant_w4a16,all_sgemm_tcu_spinquant,prefill,kv_cache_quant_rope_k_to_attn_qkT,-k 2048 -n 128 -q 128 -d 1 -t 1,"{""K"": 2048, ""N"": 128, ""QBLK"": 128, ""QDIR"": 1, ""WTRANS"": 1, ""cache_len"": 2048, ""cache_update"": ""full"", ""consumer"": ""kv_cache:k"", ""gemm_QDIR"": 0, ""layout_from"": ""row_major_fp16"", ""layout_group"": ""spinquant_r3_k_hadamard_to_kv_cache"", ""layout_to"": ""packed_w4a16_row_major"", ""producer"": ""spinquant_r3_k_hadamard"", ""qparam_layout_to"": ""qparams_row_major"", ""source_QDIR"": 1, ""source_transposed"": true}",1024.0,/opt/vortex_fpga_bins/fpint/xrt_hw_u55c_c1_f100_fpint_tcu_noDcache_L2cache_90f22d2615/bin,f9d4c06cee4c6e36c642ff55483c0dd89e2a213a6dc34439696792e38ae26795,0,1,explicit,pass,0,,,/home/jaeyongjang/project.local/vortex/analysis_workspace/latency_on_hw/outputs_main/naive_simd/runs/20260605T112840620515Z/raw/682af1cbed.csv,,,1,0,,,,,,,/home/jaeyongjang/project.local/vortex/analysis_workspace/latency_on_hw/outputs_main/naive_simd/runs/20260605T112840620515Z/logs/682af1cbed.log,8.554,1.0,1600149.399,1600149.399,1600149.399,1600149.399,1600149.399
20260605T112840620515Z,2026-06-05T23:29:10+00:00,naive_simd,7167e1bd1281,fpint_improve,0,prefill_merged_naive_simd,llama2_7b_prefill_all_sgemm_tcu_batch1_prefill_seq_len2048_qblk32_prefill_kv_cache_quant_v_cache_to_attn_pv,387119a1f3,kv_cache_quant_w4a16,quantization,kv_cache_quant_v_cache_to_attn_pv,kv_cache_quant_w4a16,all_sgemm_tcu_spinquant,prefill,kv_cache_quant_v_cache_to_attn_pv,-k 2048 -n 128 -q 128 -d 1 -t 0,"{""K"": 2048, ""N"": 128, ""QBLK"": 128, ""QDIR"": 1, ""WTRANS"": 0, ""cache_len"": 2048, ""cache_update"": ""full"", ""consumer"": ""kv_cache:v"", ""gemm_QDIR"": 1, ""layout_from"": ""row_major_fp16"", ""layout_group"": ""v_cache_to_kv_cache"", ""layout_to"": ""packed_w4a16_row_major"", ""producer"": ""v_proj"", ""qparam_layout_to"": ""qparams_row_major"", ""source_QDIR"": 1}",1024.0,/opt/vortex_fpga_bins/fpint/xrt_hw_u55c_c1_f100_fpint_tcu_noDcache_L2cache_90f22d2615/bin,f9d4c06cee4c6e36c642ff55483c0dd89e2a213a6dc34439696792e38ae26795,0,1,explicit,pass,0,,,/home/jaeyongjang/project.local/vortex/analysis_workspace/latency_on_hw/outputs_main/naive_simd/runs/20260605T112840620515Z/raw/387119a1f3.csv,,,1,0,,,,,,,/home/jaeyongjang/project.local/vortex/analysis_workspace/latency_on_hw/outputs_main/naive_simd/runs/20260605T112840620515Z/logs/387119a1f3.log,8.814,1.0,1599930.319,1599930.319,1599930.319,1599930.319,1599930.319
20260605T112840620515Z,2026-06-05T23:29:10+00:00,naive_simd,7167e1bd1281,fpint_improve,0,prefill_merged_naive_simd,llama2_7b_prefill_all_sgemm_tcu_batch1_prefill_seq_len4096_qblk32_prefill_kv_cache_quant_rope_k_to_attn_qkT,575a8c9b57,kv_cache_quant_w4a16,quantization,kv_cache_quant_rope_k_to_attn_qkT,kv_cache_quant_w4a16,all_sgemm_tcu_spinquant,prefill,kv_cache_quant_rope_k_to_attn_qkT,-k 4096 -n 128 -q 128 -d 1 -t 1,"{""K"": 4096, ""N"": 128, ""QBLK"": 128, ""QDIR"": 1, ""WTRANS"": 1, ""cache_len"": 4096, ""cache_update"": ""full"", ""consumer"": ""kv_cache:k"", ""gemm_QDIR"": 0, ""layout_from"": ""row_major_fp16"", ""layout_group"": ""spinquant_r3_k_hadamard_to_kv_cache"", ""layout_to"": ""packed_w4a16_row_major"", ""producer"": ""spinquant_r3_k_hadamard"", ""qparam_layout_to"": ""qparams_row_major"", ""source_QDIR"": 1, ""source_transposed"": true}",1024.0,/opt/vortex_fpga_bins/fpint/xrt_hw_u55c_c1_f100_fpint_tcu_noDcache_L2cache_90f22d2615/bin,f9d4c06cee4c6e36c642ff55483c0dd89e2a213a6dc34439696792e38ae26795,0,1,explicit,pass,0,,,/home/jaeyongjang/project.local/vortex/analysis_workspace/latency_on_hw/outputs_main/naive_simd/runs/20260605T112840620515Z/raw/575a8c9b57.csv,,,1,0,,,,,,,/home/jaeyongjang/project.local/vortex/analysis_workspace/latency_on_hw/outputs_main/naive_simd/runs/20260605T112840620515Z/logs/575a8c9b57.log,10.286,1.0,3194194.845,3194194.845,3194194.845,3194194.845,3194194.845
20260605T112840620515Z,2026-06-05T23:29:10+00:00,naive_simd,7167e1bd1281,fpint_improve,0,prefill_merged_naive_simd,llama2_7b_prefill_all_sgemm_tcu_batch1_prefill_seq_len4096_qblk32_prefill_kv_cache_quant_v_cache_to_attn_pv,f4fbb0b2a9,kv_cache_quant_w4a16,quantization,kv_cache_quant_v_cache_to_attn_pv,kv_cache_quant_w4a16,all_sgemm_tcu_spinquant,prefill,kv_cache_quant_v_cache_to_attn_pv,-k 4096 -n 128 -q 128 -d 1 -t 0,"{""K"": 4096, ""N"": 128, ""QBLK"": 128, ""QDIR"": 1, ""WTRANS"": 0, ""cache_len"": 4096, ""cache_update"": ""full"", ""consumer"": ""kv_cache:v"", ""gemm_QDIR"": 1, ""layout_from"": ""row_major_fp16"", ""layout_group"": ""v_cache_to_kv_cache"", ""layout_to"": ""packed_w4a16_row_major"", ""producer"": ""v_proj"", ""qparam_layout_to"": ""qparams_row_major"", ""source_QDIR"": 1}",1024.0,/opt/vortex_fpga_bins/fpint/xrt_hw_u55c_c1_f100_fpint_tcu_noDcache_L2cache_90f22d2615/bin,f9d4c06cee4c6e36c642ff55483c0dd89e2a213a6dc34439696792e38ae26795,0,1,explicit,pass,0,,,/home/jaeyongjang/project.local/vortex/analysis_workspace/latency_on_hw/outputs_main/naive_simd/runs/20260605T112840620515Z/raw/f4fbb0b2a9.csv,,,1,0,,,,,,,/home/jaeyongjang/project.local/vortex/analysis_workspace/latency_on_hw/outputs_main/naive_simd/runs/20260605T112840620515Z/logs/f4fbb0b2a9.log,10.409,1.0,3193409.653,3193409.653,3193409.653,3193409.653,3193409.653
20260605T112840620515Z,2026-06-05T23:29:10+00:00,naive_simd,7167e1bd1281,fpint_improve,0,prefill_merged_naive_simd,llama2_7b_prefill_all_sgemm_tcu_batch1_prefill_seq_len512_qblk32_prefill_input_layernorm,4d08130c33,rmsnorm,rmsnorm,input_layernorm,rmsnorm,all_sgemm_tcu_spinquant,prefill,input_layernorm,-batch 1 -seq 512 -hidden 4096,"{""batch"": 1, ""hidden"": 4096, ""seq"": 512}",32.0,/opt/vortex_fpga_bins/fpint/xrt_hw_u55c_c1_f100_fpint_tcu_noDcache_L2cache_90f22d2615/bin,f9d4c06cee4c6e36c642ff55483c0dd89e2a213a6dc34439696792e38ae26795,0,1,explicit,pass,0,,,/home/jaeyongjang/project.local/vortex/analysis_workspace/latency_on_hw/outputs_main/naive_simd/runs/20260605T112840620515Z/raw/4d08130c33.csv,/home/jaeyongjang/project.local/vortex/analysis_workspace/latency_on_hw/outputs_main_power/naive_simd/runs/20260619T112321091864Z/power/4d08130c33.csv,/home/jaeyongjang/project.local/vortex/analysis_workspace/latency_on_hw/outputs_main_power/naive_simd/runs/20260619T112321091864Z/power/4d08130c33.summary.csv,1,1,77,10.012745,11.5425,12.245627,12.7544,,/home/jaeyongjang/project.local/vortex/analysis_workspace/latency_on_hw/outputs_main/naive_simd/runs/20260605T112840620515Z/logs/4d08130c33.log,8.198,1.0,385322.042,385322.042,385322.042,385322.042,385322.042
20260605T112840620515Z,2026-06-05T23:29:10+00:00,naive_simd,7167e1bd1281,fpint_improve,0,prefill_merged_naive_simd,llama2_7b_prefill_all_sgemm_tcu_batch1_prefill_seq_len1024_qblk32_prefill_input_layernorm,8c2dd536f4,rmsnorm,rmsnorm,input_layernorm,rmsnorm,all_sgemm_tcu_spinquant,prefill,input_layernorm,-batch 1 -seq 1024 -hidden 4096,"{""batch"": 1, ""hidden"": 4096, ""seq"": 1024}",32.0,/opt/vortex_fpga_bins/fpint/xrt_hw_u55c_c1_f100_fpint_tcu_noDcache_L2cache_90f22d2615/bin,f9d4c06cee4c6e36c642ff55483c0dd89e2a213a6dc34439696792e38ae26795,0,1,explicit,pass,0,,,/home/jaeyongjang/project.local/vortex/analysis_workspace/latency_on_hw/outputs_main/naive_simd/runs/20260605T112840620515Z/raw/8c2dd536f4.csv,,,1,0,,,,,,,/home/jaeyongjang/project.local/vortex/analysis_workspace/latency_on_hw/outputs_main/naive_simd/runs/20260605T112840620515Z/logs/8c2dd536f4.log,10.101,1.0,768172.878,768172.878,768172.878,768172.878,768172.878
20260605T112840620515Z,2026-06-05T23:29:10+00:00,naive_simd,7167e1bd1281,fpint_improve,0,prefill_merged_naive_simd,llama2_7b_prefill_all_sgemm_tcu_batch1_prefill_seq_len2048_qblk32_prefill_input_layernorm,18844e6829,rmsnorm,rmsnorm,input_layernorm,rmsnorm,all_sgemm_tcu_spinquant,prefill,input_layernorm,-batch 1 -seq 2048 -hidden 4096,"{""batch"": 1, ""hidden"": 4096, ""seq"": 2048}",32.0,/opt/vortex_fpga_bins/fpint/xrt_hw_u55c_c1_f100_fpint_tcu_noDcache_L2cache_90f22d2615/bin,f9d4c06cee4c6e36c642ff55483c0dd89e2a213a6dc34439696792e38ae26795,0,1,explicit,pass,0,,,/home/jaeyongjang/project.local/vortex/analysis_workspace/latency_on_hw/outputs_main/naive_simd/runs/20260605T112840620515Z/raw/18844e6829.csv,,,1,0,,,,,,,/home/jaeyongjang/project.local/vortex/analysis_workspace/latency_on_hw/outputs_main/naive_simd/runs/20260605T112840620515Z/logs/18844e6829.log,11.858,1.0,1538254.13,1538254.13,1538254.13,1538254.13,1538254.13
20260605T112840620515Z,2026-06-05T23:29:10+00:00,naive_simd,7167e1bd1281,fpint_improve,0,prefill_merged_naive_simd,llama2_7b_prefill_all_sgemm_tcu_batch1_prefill_seq_len4096_qblk32_prefill_input_layernorm,a19cdc211f,rmsnorm,rmsnorm,input_layernorm,rmsnorm,all_sgemm_tcu_spinquant,prefill,input_layernorm,-batch 1 -seq 4096 -hidden 4096,"{""batch"": 1, ""hidden"": 4096, ""seq"": 4096}",32.0,/opt/vortex_fpga_bins/fpint/xrt_hw_u55c_c1_f100_fpint_tcu_noDcache_L2cache_90f22d2615/bin,f9d4c06cee4c6e36c642ff55483c0dd89e2a213a6dc34439696792e38ae26795,0,1,explicit,pass,0,,,/home/jaeyongjang/project.local/vortex/analysis_workspace/latency_on_hw/outputs_main/naive_simd/runs/20260605T112840620515Z/raw/a19cdc211f.csv,,,1,0,,,,,,,/home/jaeyongjang/project.local/vortex/analysis_workspace/latency_on_hw/outputs_main/naive_simd/runs/20260605T112840620515Z/logs/a19cdc211f.log,16.709,1.0,3071460.936,3071460.936,3071460.936,3071460.936,3071460.936
20260605T112840620515Z,2026-06-05T23:29:10+00:00,naive_simd,7167e1bd1281,fpint_improve,0,prefill_merged_naive_simd,llama2_7b_prefill_all_sgemm_tcu_batch2_prefill_seq_len512_qblk32_prefill_input_layernorm,3cac72b08d,rmsnorm,rmsnorm,input_layernorm,rmsnorm,all_sgemm_tcu_spinquant,prefill,input_layernorm,-batch 2 -seq 512 -hidden 4096,"{""batch"": 2, ""hidden"": 4096, ""seq"": 512}",32.0,/opt/vortex_fpga_bins/fpint/xrt_hw_u55c_c1_f100_fpint_tcu_noDcache_L2cache_90f22d2615/bin,f9d4c06cee4c6e36c642ff55483c0dd89e2a213a6dc34439696792e38ae26795,0,1,explicit,pass,0,,,/home/jaeyongjang/project.local/vortex/analysis_workspace/latency_on_hw/outputs_main/naive_simd/runs/20260605T112840620515Z/raw/3cac72b08d.csv,,,1,0,,,,,,,/home/jaeyongjang/project.local/vortex/analysis_workspace/latency_on_hw/outputs_main/naive_simd/runs/20260605T112840620515Z/logs/3cac72b08d.log,10.030,1.0,769448.062,769448.062,769448.062,769448.062,769448.062
20260605T112840620515Z,2026-06-05T23:29:10+00:00,naive_simd,7167e1bd1281,fpint_improve,0,prefill_merged_naive_simd,llama2_7b_prefill_all_sgemm_tcu_batch2_prefill_seq_len1024_qblk32_prefill_input_layernorm,7f2997d5cb,rmsnorm,rmsnorm,input_layernorm,rmsnorm,all_sgemm_tcu_spinquant,prefill,input_layernorm,-batch 2 -seq 1024 -hidden 4096,"{""batch"": 2, ""hidden"": 4096, ""seq"": 1024}",32.0,/opt/vortex_fpga_bins/fpint/xrt_hw_u55c_c1_f100_fpint_tcu_noDcache_L2cache_90f22d2615/bin,f9d4c06cee4c6e36c642ff55483c0dd89e2a213a6dc34439696792e38ae26795,0,1,explicit,pass,0,,,/home/jaeyongjang/project.local/vortex/analysis_workspace/latency_on_hw/outputs_main/naive_simd/runs/20260605T112840620515Z/raw/7f2997d5cb.csv,,,1,0,,,,,,,/home/jaeyongjang/project.local/vortex/analysis_workspace/latency_on_hw/outputs_main/naive_simd/runs/20260605T112840620515Z/logs/7f2997d5cb.log,12.293,1.0,1536682.675,1536682.675,1536682.675,1536682.675,1536682.675
20260605T112840620515Z,2026-06-05T23:29:10+00:00,naive_simd,7167e1bd1281,fpint_improve,0,prefill_merged_naive_simd,llama2_7b_prefill_all_sgemm_tcu_batch2_prefill_seq_len2048_qblk32_prefill_input_layernorm,903e56e484,rmsnorm,rmsnorm,input_layernorm,rmsnorm,all_sgemm_tcu_spinquant,prefill,input_layernorm,-batch 2 -seq 2048 -hidden 4096,"{""batch"": 2, ""hidden"": 4096, ""seq"": 2048}",32.0,/opt/vortex_fpga_bins/fpint/xrt_hw_u55c_c1_f100_fpint_tcu_noDcache_L2cache_90f22d2615/bin,f9d4c06cee4c6e36c642ff55483c0dd89e2a213a6dc34439696792e38ae26795,0,1,explicit,pass,0,,,/home/jaeyongjang/project.local/vortex/analysis_workspace/latency_on_hw/outputs_main/naive_simd/runs/20260605T112840620515Z/raw/903e56e484.csv,,,1,0,,,,,,,/home/jaeyongjang/project.local/vortex/analysis_workspace/latency_on_hw/outputs_main/naive_simd/runs/20260605T112840620515Z/logs/903e56e484.log,17.584,1.0,3075380.434,3075380.434,3075380.434,3075380.434,3075380.434
20260605T112840620515Z,2026-06-05T23:29:10+00:00,naive_simd,7167e1bd1281,fpint_improve,0,prefill_merged_naive_simd,llama2_7b_prefill_all_sgemm_tcu_batch2_prefill_seq_len4096_qblk32_prefill_input_layernorm,cd8d6dac99,rmsnorm,rmsnorm,input_layernorm,rmsnorm,all_sgemm_tcu_spinquant,prefill,input_layernorm,-batch 2 -seq 4096 -hidden 4096,"{""batch"": 2, ""hidden"": 4096, ""seq"": 4096}",32.0,/opt/vortex_fpga_bins/fpint/xrt_hw_u55c_c1_f100_fpint_tcu_noDcache_L2cache_90f22d2615/bin,f9d4c06cee4c6e36c642ff55483c0dd89e2a213a6dc34439696792e38ae26795,0,1,explicit,pass,0,,,/home/jaeyongjang/project.local/vortex/analysis_workspace/latency_on_hw/outputs_main/naive_simd/runs/20260605T112840620515Z/raw/cd8d6dac99.csv,,,1,0,,,,,,,/home/jaeyongjang/project.local/vortex/analysis_workspace/latency_on_hw/outputs_main/naive_simd/runs/20260605T112840620515Z/logs/cd8d6dac99.log,25.019,1.0,6146468.188,6146468.188,6146468.188,6146468.188,6146468.188
20260605T112840620515Z,2026-06-05T23:29:10+00:00,naive_simd,7167e1bd1281,fpint_improve,0,prefill_merged_naive_simd,llama2_7b_prefill_all_sgemm_tcu_batch4_prefill_seq_len512_qblk32_prefill_input_layernorm,829b815461,rmsnorm,rmsnorm,input_layernorm,rmsnorm,all_sgemm_tcu_spinquant,prefill,input_layernorm,-batch 4 -seq 512 -hidden 4096,"{""batch"": 4, ""hidden"": 4096, ""seq"": 512}",32.0,/opt/vortex_fpga_bins/fpint/xrt_hw_u55c_c1_f100_fpint_tcu_noDcache_L2cache_90f22d2615/bin,f9d4c06cee4c6e36c642ff55483c0dd89e2a213a6dc34439696792e38ae26795,0,1,explicit,pass,0,,,/home/jaeyongjang/project.local/vortex/analysis_workspace/latency_on_hw/outputs_main/naive_simd/runs/20260605T112840620515Z/raw/829b815461.csv,,,1,0,,,,,,,/home/jaeyongjang/project.local/vortex/analysis_workspace/latency_on_hw/outputs_main/naive_simd/runs/20260605T112840620515Z/logs/829b815461.log,12.278,1.0,1537744.991,1537744.991,1537744.991,1537744.991,1537744.991
20260605T112840620515Z,2026-06-05T23:29:10+00:00,naive_simd,7167e1bd1281,fpint_improve,0,prefill_merged_naive_simd,llama2_7b_prefill_all_sgemm_tcu_batch4_prefill_seq_len1024_qblk32_prefill_input_layernorm,150c266e30,rmsnorm,rmsnorm,input_layernorm,rmsnorm,all_sgemm_tcu_spinquant,prefill,input_layernorm,-batch 4 -seq 1024 -hidden 4096,"{""batch"": 4, ""hidden"": 4096, ""seq"": 1024}",32.0,/opt/vortex_fpga_bins/fpint/xrt_hw_u55c_c1_f100_fpint_tcu_noDcache_L2cache_90f22d2615/bin,f9d4c06cee4c6e36c642ff55483c0dd89e2a213a6dc34439696792e38ae26795,0,1,explicit,pass,0,,,/home/jaeyongjang/project.local/vortex/analysis_workspace/latency_on_hw/outputs_main/naive_simd/runs/20260605T112840620515Z/raw/150c266e30.csv,,,1,0,,,,,,,/home/jaeyongjang/project.local/vortex/analysis_workspace/latency_on_hw/outputs_main/naive_simd/runs/20260605T112840620515Z/logs/150c266e30.log,16.791,1.0,3073139.63,3073139.63,3073139.63,3073139.63,3073139.63
20260605T112840620515Z,2026-06-05T23:29:10+00:00,naive_simd,7167e1bd1281,fpint_improve,0,prefill_merged_naive_simd,llama2_7b_prefill_all_sgemm_tcu_batch4_prefill_seq_len2048_qblk32_prefill_input_layernorm,696cc9ebc9,rmsnorm,rmsnorm,input_layernorm,rmsnorm,all_sgemm_tcu_spinquant,prefill,input_layernorm,-batch 4 -seq 2048 -hidden 4096,"{""batch"": 4, ""hidden"": 4096, ""seq"": 2048}",32.0,/opt/vortex_fpga_bins/fpint/xrt_hw_u55c_c1_f100_fpint_tcu_noDcache_L2cache_90f22d2615/bin,f9d4c06cee4c6e36c642ff55483c0dd89e2a213a6dc34439696792e38ae26795,0,1,explicit,pass,0,,,/home/jaeyongjang/project.local/vortex/analysis_workspace/latency_on_hw/outputs_main/naive_simd/runs/20260605T112840620515Z/raw/696cc9ebc9.csv,,,1,0,,,,,,,/home/jaeyongjang/project.local/vortex/analysis_workspace/latency_on_hw/outputs_main/naive_simd/runs/20260605T112840620515Z/logs/696cc9ebc9.log,25.591,1.0,6147913.079,6147913.079,6147913.079,6147913.079,6147913.079
20260605T112840620515Z,2026-06-05T23:29:10+00:00,naive_simd,7167e1bd1281,fpint_improve,0,prefill_merged_naive_simd,llama2_7b_prefill_all_sgemm_tcu_batch4_prefill_seq_len4096_qblk32_prefill_input_layernorm,552cb702a0,rmsnorm,rmsnorm,input_layernorm,rmsnorm,all_sgemm_tcu_spinquant,prefill,input_layernorm,-batch 4 -seq 4096 -hidden 4096,"{""batch"": 4, ""hidden"": 4096, ""seq"": 4096}",32.0,/opt/vortex_fpga_bins/fpint/xrt_hw_u55c_c1_f100_fpint_tcu_noDcache_L2cache_90f22d2615/bin,f9d4c06cee4c6e36c642ff55483c0dd89e2a213a6dc34439696792e38ae26795,0,1,explicit,pass,0,,,/home/jaeyongjang/project.local/vortex/analysis_workspace/latency_on_hw/outputs_main/naive_simd/runs/20260605T112840620515Z/raw/552cb702a0.csv,,,1,0,,,,,,,/home/jaeyongjang/project.local/vortex/analysis_workspace/latency_on_hw/outputs_main/naive_simd/runs/20260605T112840620515Z/logs/552cb702a0.log,42.189,1.0,12287456.658,12287456.658,12287456.658,12287456.658,12287456.658
20260605T112840620515Z,2026-06-05T23:29:10+00:00,naive_simd,7167e1bd1281,fpint_improve,0,prefill_merged_naive_simd,llama2_7b_prefill_all_sgemm_tcu_batch8_prefill_seq_len512_qblk32_prefill_input_layernorm,0f1ae440ed,rmsnorm,rmsnorm,input_layernorm,rmsnorm,all_sgemm_tcu_spinquant,prefill,input_layernorm,-batch 8 -seq 512 -hidden 4096,"{""batch"": 8, ""hidden"": 4096, ""seq"": 512}",32.0,/opt/vortex_fpga_bins/fpint/xrt_hw_u55c_c1_f100_fpint_tcu_noDcache_L2cache_90f22d2615/bin,f9d4c06cee4c6e36c642ff55483c0dd89e2a213a6dc34439696792e38ae26795,0,1,explicit,pass,0,,,/home/jaeyongjang/project.local/vortex/analysis_workspace/latency_on_hw/outputs_main/naive_simd/runs/20260605T112840620515Z/raw/0f1ae440ed.csv,,,1,0,,,,,,,/home/jaeyongjang/project.local/vortex/analysis_workspace/latency_on_hw/outputs_main/naive_simd/runs/20260605T112840620515Z/logs/0f1ae440ed.log,17.324,1.0,3072080.936,3072080.936,3072080.936,3072080.936,3072080.936
20260605T112840620515Z,2026-06-05T23:29:10+00:00,naive_simd,7167e1bd1281,fpint_improve,0,prefill_merged_naive_simd,llama2_7b_prefill_all_sgemm_tcu_batch8_prefill_seq_len1024_qblk32_prefill_input_layernorm,0c01b3a9be,rmsnorm,rmsnorm,input_layernorm,rmsnorm,all_sgemm_tcu_spinquant,prefill,input_layernorm,-batch 8 -seq 1024 -hidden 4096,"{""batch"": 8, ""hidden"": 4096, ""seq"": 1024}",32.0,/opt/vortex_fpga_bins/fpint/xrt_hw_u55c_c1_f100_fpint_tcu_noDcache_L2cache_90f22d2615/bin,f9d4c06cee4c6e36c642ff55483c0dd89e2a213a6dc34439696792e38ae26795,0,1,explicit,pass,0,,,/home/jaeyongjang/project.local/vortex/analysis_workspace/latency_on_hw/outputs_main/naive_simd/runs/20260605T112840620515Z/raw/0c01b3a9be.csv,,,1,0,,,,,,,/home/jaeyongjang/project.local/vortex/analysis_workspace/latency_on_hw/outputs_main/naive_simd/runs/20260605T112840620515Z/logs/0c01b3a9be.log,25.204,1.0,6146360.92,6146360.92,6146360.92,6146360.92,6146360.92
20260605T112840620515Z,2026-06-05T23:29:10+00:00,naive_simd,7167e1bd1281,fpint_improve,0,prefill_merged_naive_simd,llama2_7b_prefill_all_sgemm_tcu_batch8_prefill_seq_len2048_qblk32_prefill_input_layernorm,498fe49055,rmsnorm,rmsnorm,input_layernorm,rmsnorm,all_sgemm_tcu_spinquant,prefill,input_layernorm,-batch 8 -seq 2048 -hidden 4096,"{""batch"": 8, ""hidden"": 4096, ""seq"": 2048}",32.0,/opt/vortex_fpga_bins/fpint/xrt_hw_u55c_c1_f100_fpint_tcu_noDcache_L2cache_90f22d2615/bin,f9d4c06cee4c6e36c642ff55483c0dd89e2a213a6dc34439696792e38ae26795,0,1,explicit,pass,0,,,/home/jaeyongjang/project.local/vortex/analysis_workspace/latency_on_hw/outputs_main/naive_simd/runs/20260605T112840620515Z/raw/498fe49055.csv,,,1,0,,,,,,,/home/jaeyongjang/project.local/vortex/analysis_workspace/latency_on_hw/outputs_main/naive_simd/runs/20260605T112840620515Z/logs/498fe49055.log,43.427,1.0,12286192.843,12286192.843,12286192.843,12286192.843,12286192.843
20260605T112840620515Z,2026-06-05T23:29:10+00:00,naive_simd,7167e1bd1281,fpint_improve,0,prefill_merged_naive_simd,llama2_7b_prefill_all_sgemm_tcu_batch8_prefill_seq_len4096_qblk32_prefill_input_layernorm,3d96fab1cd,rmsnorm,rmsnorm,input_layernorm,rmsnorm,all_sgemm_tcu_spinquant,prefill,input_layernorm,-batch 8 -seq 4096 -hidden 4096,"{""batch"": 8, ""hidden"": 4096, ""seq"": 4096}",32.0,/opt/vortex_fpga_bins/fpint/xrt_hw_u55c_c1_f100_fpint_tcu_noDcache_L2cache_90f22d2615/bin,f9d4c06cee4c6e36c642ff55483c0dd89e2a213a6dc34439696792e38ae26795,0,1,explicit,pass,0,,,/home/jaeyongjang/project.local/vortex/analysis_workspace/latency_on_hw/outputs_main/naive_simd/runs/20260605T112840620515Z/raw/3d96fab1cd.csv,,,1,0,,,,,,,/home/jaeyongjang/project.local/vortex/analysis_workspace/latency_on_hw/outputs_main/naive_simd/runs/20260605T112840620515Z/logs/3d96fab1cd.log,82.272,1.0,24576857.605,24576857.605,24576857.605,24576857.605,24576857.605
20260605T112840620515Z,2026-06-05T23:29:10+00:00,naive_simd,7167e1bd1281,fpint_improve,0,prefill_merged_naive_simd,llama2_7b_prefill_all_sgemm_tcu_batch1_prefill_seq_len512_qblk32_prefill_rope_q,81a1c79dbc,rope,rope,rope_q,rope,all_sgemm_tcu_spinquant,prefill,rope_q,-batch 1 -seq 512 -heads 32 -headdim 128 -maxseq 4096 -offset 0,"{""batch"": 1, ""headdim"": 128, ""heads"": 32, ""maxseq"": 4096, ""offset"": 0, ""seq"": 512}",32.0,/opt/vortex_fpga_bins/fpint/xrt_hw_u55c_c1_f100_fpint_tcu_noDcache_L2cache_90f22d2615/bin,f9d4c06cee4c6e36c642ff55483c0dd89e2a213a6dc34439696792e38ae26795,0,1,explicit,pass,0,,,/home/jaeyongjang/project.local/vortex/analysis_workspace/latency_on_hw/outputs_main/naive_simd/runs/20260605T112840620515Z/raw/81a1c79dbc.csv,/home/jaeyongjang/project.local/vortex/analysis_workspace/latency_on_hw/outputs_main_power/naive_simd/runs/20260619T145753631980Z/power/81a1c79dbc.csv,/home/jaeyongjang/project.local/vortex/analysis_workspace/latency_on_hw/outputs_main_power/naive_simd/runs/20260619T145753631980Z/power/81a1c79dbc.summary.csv,1,1,77,9.982406,11.3747,12.209692,12.3975,,/home/jaeyongjang/project.local/vortex/analysis_workspace/latency_on_hw/outputs_main/naive_simd/runs/20260605T112840620515Z/logs/81a1c79dbc.log,8.325,1.0,475930.602,475930.602,475930.602,475930.602,475930.602
20260605T112840620515Z,2026-06-05T23:29:10+00:00,naive_simd,7167e1bd1281,fpint_improve,0,prefill_merged_naive_simd,llama2_7b_prefill_all_sgemm_tcu_batch1_prefill_seq_len1024_qblk32_prefill_rope_q,90a02ae166,rope,rope,rope_q,rope,all_sgemm_tcu_spinquant,prefill,rope_q,-batch 1 -seq 1024 -heads 32 -headdim 128 -maxseq 4096 -offset 0,"{""batch"": 1, ""headdim"": 128, ""heads"": 32, ""maxseq"": 4096, ""offset"": 0, ""seq"": 1024}",32.0,/opt/vortex_fpga_bins/fpint/xrt_hw_u55c_c1_f100_fpint_tcu_noDcache_L2cache_90f22d2615/bin,f9d4c06cee4c6e36c642ff55483c0dd89e2a213a6dc34439696792e38ae26795,0,1,explicit,pass,0,,,/home/jaeyongjang/project.local/vortex/analysis_workspace/latency_on_hw/outputs_main/naive_simd/runs/20260605T112840620515Z/raw/90a02ae166.csv,,,1,0,,,,,,,/home/jaeyongjang/project.local/vortex/analysis_workspace/latency_on_hw/outputs_main/naive_simd/runs/20260605T112840620515Z/logs/90a02ae166.log,9.841,1.0,949308.307,949308.307,949308.307,949308.307,949308.307
20260605T112840620515Z,2026-06-05T23:29:10+00:00,naive_simd,7167e1bd1281,fpint_improve,0,prefill_merged_naive_simd,llama2_7b_prefill_all_sgemm_tcu_batch1_prefill_seq_len2048_qblk32_prefill_rope_q,11dadb219c,rope,rope,rope_q,rope,all_sgemm_tcu_spinquant,prefill,rope_q,-batch 1 -seq 2048 -heads 32 -headdim 128 -maxseq 4096 -offset 0,"{""batch"": 1, ""headdim"": 128, ""heads"": 32, ""maxseq"": 4096, ""offset"": 0, ""seq"": 2048}",32.0,/opt/vortex_fpga_bins/fpint/xrt_hw_u55c_c1_f100_fpint_tcu_noDcache_L2cache_90f22d2615/bin,f9d4c06cee4c6e36c642ff55483c0dd89e2a213a6dc34439696792e38ae26795,0,1,explicit,pass,0,,,/home/jaeyongjang/project.local/vortex/analysis_workspace/latency_on_hw/outputs_main/naive_simd/runs/20260605T112840620515Z/raw/11dadb219c.csv,,,1,0,,,,,,,/home/jaeyongjang/project.local/vortex/analysis_workspace/latency_on_hw/outputs_main/naive_simd/runs/20260605T112840620515Z/logs/11dadb219c.log,13.056,1.0,1899446.077,1899446.077,1899446.077,1899446.077,1899446.077
20260605T112840620515Z,2026-06-05T23:29:10+00:00,naive_simd,7167e1bd1281,fpint_improve,0,prefill_merged_naive_simd,llama2_7b_prefill_all_sgemm_tcu_batch1_prefill_seq_len4096_qblk32_prefill_rope_q,09d200395f,rope,rope,rope_q,rope,all_sgemm_tcu_spinquant,prefill,rope_q,-batch 1 -seq 4096 -heads 32 -headdim 128 -maxseq 4096 -offset 0,"{""batch"": 1, ""headdim"": 128, ""heads"": 32, ""maxseq"": 4096, ""offset"": 0, ""seq"": 4096}",32.0,/opt/vortex_fpga_bins/fpint/xrt_hw_u55c_c1_f100_fpint_tcu_noDcache_L2cache_90f22d2615/bin,f9d4c06cee4c6e36c642ff55483c0dd89e2a213a6dc34439696792e38ae26795,0,1,explicit,pass,0,,,/home/jaeyongjang/project.local/vortex/analysis_workspace/latency_on_hw/outputs_main/naive_simd/runs/20260605T112840620515Z/raw/09d200395f.csv,,,1,0,,,,,,,/home/jaeyongjang/project.local/vortex/analysis_workspace/latency_on_hw/outputs_main/naive_simd/runs/20260605T112840620515Z/logs/09d200395f.log,17.159,1.0,3795418.317,3795418.317,3795418.317,3795418.317,3795418.317
20260605T112840620515Z,2026-06-05T23:29:10+00:00,naive_simd,7167e1bd1281,fpint_improve,0,prefill_merged_naive_simd,llama2_7b_prefill_all_sgemm_tcu_batch2_prefill_seq_len512_qblk32_prefill_rope_q,4107408635,rope,rope,rope_q,rope,all_sgemm_tcu_spinquant,prefill,rope_q,-batch 2 -seq 512 -heads 32 -headdim 128 -maxseq 4096 -offset 0,"{""batch"": 2, ""headdim"": 128, ""heads"": 32, ""maxseq"": 4096, ""offset"": 0, ""seq"": 512}",32.0,/opt/vortex_fpga_bins/fpint/xrt_hw_u55c_c1_f100_fpint_tcu_noDcache_L2cache_90f22d2615/bin,f9d4c06cee4c6e36c642ff55483c0dd89e2a213a6dc34439696792e38ae26795,0,1,explicit,pass,0,,,/home/jaeyongjang/project.local/vortex/analysis_workspace/latency_on_hw/outputs_main/naive_simd/runs/20260605T112840620515Z/raw/4107408635.csv,,,1,0,,,,,,,/home/jaeyongjang/project.local/vortex/analysis_workspace/latency_on_hw/outputs_main/naive_simd/runs/20260605T112840620515Z/logs/4107408635.log,10.242,1.0,949684.285,949684.285,949684.285,949684.285,949684.285
20260605T112840620515Z,2026-06-05T23:29:10+00:00,naive_simd,7167e1bd1281,fpint_improve,0,prefill_merged_naive_simd,llama2_7b_prefill_all_sgemm_tcu_batch2_prefill_seq_len1024_qblk32_prefill_rope_q,6d7d9c216d,rope,rope,rope_q,rope,all_sgemm_tcu_spinquant,prefill,rope_q,-batch 2 -seq 1024 -heads 32 -headdim 128 -maxseq 4096 -offset 0,"{""batch"": 2, ""headdim"": 128, ""heads"": 32, ""maxseq"": 4096, ""offset"": 0, ""seq"": 1024}",32.0,/opt/vortex_fpga_bins/fpint/xrt_hw_u55c_c1_f100_fpint_tcu_noDcache_L2cache_90f22d2615/bin,f9d4c06cee4c6e36c642ff55483c0dd89e2a213a6dc34439696792e38ae26795,0,1,explicit,pass,0,,,/home/jaeyongjang/project.local/vortex/analysis_workspace/latency_on_hw/outputs_main/naive_simd/runs/20260605T112840620515Z/raw/6d7d9c216d.csv,,,1,0,,,,,,,/home/jaeyongjang/project.local/vortex/analysis_workspace/latency_on_hw/outputs_main/naive_simd/runs/20260605T112840620515Z/logs/6d7d9c216d.log,12.073,1.0,1898255.626,1898255.626,1898255.626,1898255.626,1898255.626
20260605T112840620515Z,2026-06-05T23:29:10+00:00,naive_simd,7167e1bd1281,fpint_improve,0,prefill_merged_naive_simd,llama2_7b_prefill_all_sgemm_tcu_batch2_prefill_seq_len2048_qblk32_prefill_rope_q,1e58d65d2f,rope,rope,rope_q,rope,all_sgemm_tcu_spinquant,prefill,rope_q,-batch 2 -seq 2048 -heads 32 -headdim 128 -maxseq 4096 -offset 0,"{""batch"": 2, ""headdim"": 128, ""heads"": 32, ""maxseq"": 4096, ""offset"": 0, ""seq"": 2048}",32.0,/opt/vortex_fpga_bins/fpint/xrt_hw_u55c_c1_f100_fpint_tcu_noDcache_L2cache_90f22d2615/bin,f9d4c06cee4c6e36c642ff55483c0dd89e2a213a6dc34439696792e38ae26795,0,1,explicit,pass,0,,,/home/jaeyongjang/project.local/vortex/analysis_workspace/latency_on_hw/outputs_main/naive_simd/runs/20260605T112840620515Z/raw/1e58d65d2f.csv,,,1,0,,,,,,,/home/jaeyongjang/project.local/vortex/analysis_workspace/latency_on_hw/outputs_main/naive_simd/runs/20260605T112840620515Z/logs/1e58d65d2f.log,16.821,1.0,3792003.228,3792003.228,3792003.228,3792003.228,3792003.228
20260605T112840620515Z,2026-06-05T23:29:10+00:00,naive_simd,7167e1bd1281,fpint_improve,0,prefill_merged_naive_simd,llama2_7b_prefill_all_sgemm_tcu_batch2_prefill_seq_len4096_qblk32_prefill_rope_q,a1032b0967,rope,rope,rope_q,rope,all_sgemm_tcu_spinquant,prefill,rope_q,-batch 2 -seq 4096 -heads 32 -headdim 128 -maxseq 4096 -offset 0,"{""batch"": 2, ""headdim"": 128, ""heads"": 32, ""maxseq"": 4096, ""offset"": 0, ""seq"": 4096}",32.0,/opt/vortex_fpga_bins/fpint/xrt_hw_u55c_c1_f100_fpint_tcu_noDcache_L2cache_90f22d2615/bin,f9d4c06cee4c6e36c642ff55483c0dd89e2a213a6dc34439696792e38ae26795,0,1,explicit,pass,0,,,/home/jaeyongjang/project.local/vortex/analysis_workspace/latency_on_hw/outputs_main/naive_simd/runs/20260605T112840620515Z/raw/a1032b0967.csv,,,1,0,,,,,,,/home/jaeyongjang/project.local/vortex/analysis_workspace/latency_on_hw/outputs_main/naive_simd/runs/20260605T112840620515Z/logs/a1032b0967.log,30.588,1.0,7587016.526,7587016.526,7587016.526,7587016.526,7587016.526
20260605T112840620515Z,2026-06-05T23:29:10+00:00,naive_simd,7167e1bd1281,fpint_improve,0,prefill_merged_naive_simd,llama2_7b_prefill_all_sgemm_tcu_batch4_prefill_seq_len512_qblk32_prefill_rope_q,a3c7cf809d,rope,rope,rope_q,rope,all_sgemm_tcu_spinquant,prefill,rope_q,-batch 4 -seq 512 -heads 32 -headdim 128 -maxseq 4096 -offset 0,"{""batch"": 4, ""headdim"": 128, ""heads"": 32, ""maxseq"": 4096, ""offset"": 0, ""seq"": 512}",32.0,/opt/vortex_fpga_bins/fpint/xrt_hw_u55c_c1_f100_fpint_tcu_noDcache_L2cache_90f22d2615/bin,f9d4c06cee4c6e36c642ff55483c0dd89e2a213a6dc34439696792e38ae26795,0,1,explicit,pass,0,,,/home/jaeyongjang/project.local/vortex/analysis_workspace/latency_on_hw/outputs_main/naive_simd/runs/20260605T112840620515Z/raw/a3c7cf809d.csv,,,1,0,,,,,,,/home/jaeyongjang/project.local/vortex/analysis_workspace/latency_on_hw/outputs_main/naive_simd/runs/20260605T112840620515Z/logs/a3c7cf809d.log,12.441,1.0,1897364.971,1897364.971,1897364.971,1897364.971,1897364.971
20260605T112840620515Z,2026-06-05T23:29:10+00:00,naive_simd,7167e1bd1281,fpint_improve,0,prefill_merged_naive_simd,llama2_7b_prefill_all_sgemm_tcu_batch4_prefill_seq_len1024_qblk32_prefill_rope_q,ff61d13d7e,rope,rope,rope_q,rope,all_sgemm_tcu_spinquant,prefill,rope_q,-batch 4 -seq 1024 -heads 32 -headdim 128 -maxseq 4096 -offset 0,"{""batch"": 4, ""headdim"": 128, ""heads"": 32, ""maxseq"": 4096, ""offset"": 0, ""seq"": 1024}",32.0,/opt/vortex_fpga_bins/fpint/xrt_hw_u55c_c1_f100_fpint_tcu_noDcache_L2cache_90f22d2615/bin,f9d4c06cee4c6e36c642ff55483c0dd89e2a213a6dc34439696792e38ae26795,0,1,explicit,pass,0,,,/home/jaeyongjang/project.local/vortex/analysis_workspace/latency_on_hw/outputs_main/naive_simd/runs/20260605T112840620515Z/raw/ff61d13d7e.csv,,,1,0,,,,,,,/home/jaeyongjang/project.local/vortex/analysis_workspace/latency_on_hw/outputs_main/naive_simd/runs/20260605T112840620515Z/logs/ff61d13d7e.log,17.362,1.0,3790721.954,3790721.954,3790721.954,3790721.954,3790721.954
20260605T112840620515Z,2026-06-05T23:29:10+00:00,naive_simd,7167e1bd1281,fpint_improve,0,prefill_merged_naive_simd,llama2_7b_prefill_all_sgemm_tcu_batch4_prefill_seq_len2048_qblk32_prefill_rope_q,d78a135162,rope,rope,rope_q,rope,all_sgemm_tcu_spinquant,prefill,rope_q,-batch 4 -seq 2048 -heads 32 -headdim 128 -maxseq 4096 -offset 0,"{""batch"": 4, ""headdim"": 128, ""heads"": 32, ""maxseq"": 4096, ""offset"": 0, ""seq"": 2048}",32.0,/opt/vortex_fpga_bins/fpint/xrt_hw_u55c_c1_f100_fpint_tcu_noDcache_L2cache_90f22d2615/bin,f9d4c06cee4c6e36c642ff55483c0dd89e2a213a6dc34439696792e38ae26795,0,1,explicit,pass,0,,,/home/jaeyongjang/project.local/vortex/analysis_workspace/latency_on_hw/outputs_main/naive_simd/runs/20260605T112840620515Z/raw/d78a135162.csv,,,1,0,,,,,,,/home/jaeyongjang/project.local/vortex/analysis_workspace/latency_on_hw/outputs_main/naive_simd/runs/20260605T112840620515Z/logs/d78a135162.log,27.767,1.0,7585468.424,7585468.424,7585468.424,7585468.424,7585468.424
20260605T112840620515Z,2026-06-05T23:29:10+00:00,naive_simd,7167e1bd1281,fpint_improve,0,prefill_merged_naive_simd,llama2_7b_prefill_all_sgemm_tcu_batch4_prefill_seq_len4096_qblk32_prefill_rope_q,c7aba28299,rope,rope,rope_q,rope,all_sgemm_tcu_spinquant,prefill,rope_q,-batch 4 -seq 4096 -heads 32 -headdim 128 -maxseq 4096 -offset 0,"{""batch"": 4, ""headdim"": 128, ""heads"": 32, ""maxseq"": 4096, ""offset"": 0, ""seq"": 4096}",32.0,/opt/vortex_fpga_bins/fpint/xrt_hw_u55c_c1_f100_fpint_tcu_noDcache_L2cache_90f22d2615/bin,f9d4c06cee4c6e36c642ff55483c0dd89e2a213a6dc34439696792e38ae26795,0,1,explicit,pass,0,,,/home/jaeyongjang/project.local/vortex/analysis_workspace/latency_on_hw/outputs_main/naive_simd/runs/20260605T112840620515Z/raw/c7aba28299.csv,,,1,0,,,,,,,/home/jaeyongjang/project.local/vortex/analysis_workspace/latency_on_hw/outputs_main/naive_simd/runs/20260605T112840620515Z/logs/c7aba28299.log,46.905,1.0,15175485.16,15175485.16,15175485.16,15175485.16,15175485.16
20260605T112840620515Z,2026-06-05T23:29:10+00:00,naive_simd,7167e1bd1281,fpint_improve,0,prefill_merged_naive_simd,llama2_7b_prefill_all_sgemm_tcu_batch8_prefill_seq_len512_qblk32_prefill_rope_q,1996cc8949,rope,rope,rope_q,rope,all_sgemm_tcu_spinquant,prefill,rope_q,-batch 8 -seq 512 -heads 32 -headdim 128 -maxseq 4096 -offset 0,"{""batch"": 8, ""headdim"": 128, ""heads"": 32, ""maxseq"": 4096, ""offset"": 0, ""seq"": 512}",32.0,/opt/vortex_fpga_bins/fpint/xrt_hw_u55c_c1_f100_fpint_tcu_noDcache_L2cache_90f22d2615/bin,f9d4c06cee4c6e36c642ff55483c0dd89e2a213a6dc34439696792e38ae26795,0,1,explicit,pass,0,,,/home/jaeyongjang/project.local/vortex/analysis_workspace/latency_on_hw/outputs_main/naive_simd/runs/20260605T112840620515Z/raw/1996cc8949.csv,,,1,0,,,,,,,/home/jaeyongjang/project.local/vortex/analysis_workspace/latency_on_hw/outputs_main/naive_simd/runs/20260605T112840620515Z/logs/1996cc8949.log,17.781,1.0,3788868.073,3788868.073,3788868.073,3788868.073,3788868.073
20260605T112840620515Z,2026-06-05T23:29:10+00:00,naive_simd,7167e1bd1281,fpint_improve,0,prefill_merged_naive_simd,llama2_7b_prefill_all_sgemm_tcu_batch8_prefill_seq_len1024_qblk32_prefill_rope_q,46c350142c,rope,rope,rope_q,rope,all_sgemm_tcu_spinquant,prefill,rope_q,-batch 8 -seq 1024 -heads 32 -headdim 128 -maxseq 4096 -offset 0,"{""batch"": 8, ""headdim"": 128, ""heads"": 32, ""maxseq"": 4096, ""offset"": 0, ""seq"": 1024}",32.0,/opt/vortex_fpga_bins/fpint/xrt_hw_u55c_c1_f100_fpint_tcu_noDcache_L2cache_90f22d2615/bin,f9d4c06cee4c6e36c642ff55483c0dd89e2a213a6dc34439696792e38ae26795,0,1,explicit,pass,0,,,/home/jaeyongjang/project.local/vortex/analysis_workspace/latency_on_hw/outputs_main/naive_simd/runs/20260605T112840620515Z/raw/46c350142c.csv,,,1,0,,,,,,,/home/jaeyongjang/project.local/vortex/analysis_workspace/latency_on_hw/outputs_main/naive_simd/runs/20260605T112840620515Z/logs/46c350142c.log,26.563,1.0,7579850.518,7579850.518,7579850.518,7579850.518,7579850.518
20260605T112840620515Z,2026-06-05T23:29:10+00:00,naive_simd,7167e1bd1281,fpint_improve,0,prefill_merged_naive_simd,llama2_7b_prefill_all_sgemm_tcu_batch8_prefill_seq_len2048_qblk32_prefill_rope_q,9082ddce80,rope,rope,rope_q,rope,all_sgemm_tcu_spinquant,prefill,rope_q,-batch 8 -seq 2048 -heads 32 -headdim 128 -maxseq 4096 -offset 0,"{""batch"": 8, ""headdim"": 128, ""heads"": 32, ""maxseq"": 4096, ""offset"": 0, ""seq"": 2048}",32.0,/opt/vortex_fpga_bins/fpint/xrt_hw_u55c_c1_f100_fpint_tcu_noDcache_L2cache_90f22d2615/bin,f9d4c06cee4c6e36c642ff55483c0dd89e2a213a6dc34439696792e38ae26795,0,1,explicit,pass,0,,,/home/jaeyongjang/project.local/vortex/analysis_workspace/latency_on_hw/outputs_main/naive_simd/runs/20260605T112840620515Z/raw/9082ddce80.csv,,,1,0,,,,,,,/home/jaeyongjang/project.local/vortex/analysis_workspace/latency_on_hw/outputs_main/naive_simd/runs/20260605T112840620515Z/logs/9082ddce80.log,46.585,1.0,15160108.385,15160108.385,15160108.385,15160108.385,15160108.385
20260605T112840620515Z,2026-06-05T23:29:10+00:00,naive_simd,7167e1bd1281,fpint_improve,0,prefill_merged_naive_simd,llama2_7b_prefill_all_sgemm_tcu_batch8_prefill_seq_len4096_qblk32_prefill_rope_q,e7c04d8cef,rope,rope,rope_q,rope,all_sgemm_tcu_spinquant,prefill,rope_q,-batch 8 -seq 4096 -heads 32 -headdim 128 -maxseq 4096 -offset 0,"{""batch"": 8, ""headdim"": 128, ""heads"": 32, ""maxseq"": 4096, ""offset"": 0, ""seq"": 4096}",32.0,/opt/vortex_fpga_bins/fpint/xrt_hw_u55c_c1_f100_fpint_tcu_noDcache_L2cache_90f22d2615/bin,f9d4c06cee4c6e36c642ff55483c0dd89e2a213a6dc34439696792e38ae26795,0,1,explicit,pass,0,,,/home/jaeyongjang/project.local/vortex/analysis_workspace/latency_on_hw/outputs_main/naive_simd/runs/20260605T112840620515Z/raw/e7c04d8cef.csv,,,1,0,,,,,,,/home/jaeyongjang/project.local/vortex/analysis_workspace/latency_on_hw/outputs_main/naive_simd/runs/20260605T112840620515Z/logs/e7c04d8cef.log,83.471,1.0,30354453.501,30354453.501,30354453.501,30354453.501,30354453.501
20260605T112840620515Z,2026-06-05T23:29:10+00:00,naive_simd,7167e1bd1281,fpint_improve,0,prefill_merged_naive_simd,llama2_7b_prefill_all_sgemm_tcu_batch1_prefill_seq_len512_qblk32_prefill_q_proj,dd474b66b8,sgemm_tcu,gemm,q_proj,sgemm_tcu,all_sgemm_tcu_spinquant,prefill,q_proj,-m 512 -n 4096 -k 4096,"{""K"": 4096, ""M"": 512, ""N"": 4096}",32.0,/opt/vortex_fpga_bins/fpint/xrt_hw_u55c_c1_f100_fpint_tcu_noDcache_L2cache_90f22d2615/bin,f9d4c06cee4c6e36c642ff55483c0dd89e2a213a6dc34439696792e38ae26795,0,1,explicit,pass,0,,,/home/jaeyongjang/project.local/vortex/analysis_workspace/latency_on_hw/outputs_main/naive_simd/runs/20260605T112840620515Z/raw/dd474b66b8.csv,/home/jaeyongjang/project.local/vortex/analysis_workspace/latency_on_hw/outputs_main_power/naive_simd/runs/20260619T145753631980Z/power/dd474b66b8.csv,/home/jaeyongjang/project.local/vortex/analysis_workspace/latency_on_hw/outputs_main_power/naive_simd/runs/20260619T145753631980Z/power/dd474b66b8.summary.csv,1,1,79,13.710784,11.3715,13.095134,13.436,,/home/jaeyongjang/project.local/vortex/analysis_workspace/latency_on_hw/outputs_main/naive_simd/runs/20260605T112840620515Z/logs/dd474b66b8.log,22.050,1.0,6839133.291,6839133.291,6839133.291,6839133.291,6839133.291
20260605T112840620515Z,2026-06-05T23:29:10+00:00,naive_simd,7167e1bd1281,fpint_improve,0,prefill_merged_naive_simd,llama2_7b_prefill_all_sgemm_tcu_batch1_prefill_seq_len512_qblk32_prefill_attn_qkT,794b5549a0,sgemm_tcu,gemm,attn_qkT,sgemm_tcu,all_sgemm_tcu_spinquant,prefill,attn_qkT,-m 512 -n 512 -k 128,"{""K"": 128, ""M"": 512, ""N"": 512, ""per_head"": true}",1024.0,/opt/vortex_fpga_bins/fpint/xrt_hw_u55c_c1_f100_fpint_tcu_noDcache_L2cache_90f22d2615/bin,f9d4c06cee4c6e36c642ff55483c0dd89e2a213a6dc34439696792e38ae26795,0,1,explicit,pass,0,,,/home/jaeyongjang/project.local/vortex/analysis_workspace/latency_on_hw/outputs_main/naive_simd/runs/20260605T112840620515Z/raw/794b5549a0.csv,/home/jaeyongjang/project.local/vortex/analysis_workspace/latency_on_hw/outputs_main_power/naive_simd/runs/20260619T145753631980Z/power/794b5549a0.csv,/home/jaeyongjang/project.local/vortex/analysis_workspace/latency_on_hw/outputs_main_power/naive_simd/runs/20260619T145753631980Z/power/794b5549a0.summary.csv,1,1,76,9.89891,11.4602,12.147643,12.8368,,/home/jaeyongjang/project.local/vortex/analysis_workspace/latency_on_hw/outputs_main/naive_simd/runs/20260605T112840620515Z/logs/794b5549a0.log,7.719,1.0,53447.917,53447.917,53447.917,53447.917,53447.917
20260605T112840620515Z,2026-06-05T23:29:10+00:00,naive_simd,7167e1bd1281,fpint_improve,0,prefill_merged_naive_simd,llama2_7b_prefill_all_sgemm_tcu_batch1_prefill_seq_len512_qblk32_prefill_attn_pv,9291e090d8,sgemm_tcu,gemm,attn_pv,sgemm_tcu,all_sgemm_tcu_spinquant,prefill,attn_pv,-m 512 -n 128 -k 512,"{""K"": 512, ""M"": 512, ""N"": 128, ""per_head"": true}",1024.0,/opt/vortex_fpga_bins/fpint/xrt_hw_u55c_c1_f100_fpint_tcu_noDcache_L2cache_90f22d2615/bin,f9d4c06cee4c6e36c642ff55483c0dd89e2a213a6dc34439696792e38ae26795,0,1,explicit,pass,0,,,/home/jaeyongjang/project.local/vortex/analysis_workspace/latency_on_hw/outputs_main/naive_simd/runs/20260605T112840620515Z/raw/9291e090d8.csv,/home/jaeyongjang/project.local/vortex/analysis_workspace/latency_on_hw/outputs_main_power/naive_simd/runs/20260622T004947137617Z/power/9291e090d8.csv,/home/jaeyongjang/project.local/vortex/analysis_workspace/latency_on_hw/outputs_main_power/naive_simd/runs/20260622T004947137617Z/power/9291e090d8.summary.csv,1,1,0,,,,,,/home/jaeyongjang/project.local/vortex/analysis_workspace/latency_on_hw/outputs_main/naive_simd/runs/20260605T112840620515Z/logs/9291e090d8.log,6.961,1.0,28032.384,28032.384,28032.384,28032.384,28032.384
20260605T112840620515Z,2026-06-05T23:29:10+00:00,naive_simd,7167e1bd1281,fpint_improve,0,prefill_merged_naive_simd,llama2_7b_prefill_all_sgemm_tcu_batch1_prefill_seq_len512_qblk32_prefill_gate_proj,6ec835ff24,sgemm_tcu,gemm,gate_proj,sgemm_tcu,all_sgemm_tcu_spinquant,prefill,gate_proj,-m 512 -n 11008 -k 4096,"{""K"": 4096, ""M"": 512, ""N"": 11008}",32.0,/opt/vortex_fpga_bins/fpint/xrt_hw_u55c_c1_f100_fpint_tcu_noDcache_L2cache_90f22d2615/bin,f9d4c06cee4c6e36c642ff55483c0dd89e2a213a6dc34439696792e38ae26795,0,1,explicit,pass,0,,,/home/jaeyongjang/project.local/vortex/analysis_workspace/latency_on_hw/outputs_main/naive_simd/runs/20260605T112840620515Z/raw/6ec835ff24.csv,/home/jaeyongjang/project.local/vortex/analysis_workspace/latency_on_hw/outputs_main_power/naive_simd/runs/20260621T124448819707Z/power/6ec835ff24.csv,/home/jaeyongjang/project.local/vortex/analysis_workspace/latency_on_hw/outputs_main_power/naive_simd/runs/20260621T124448819707Z/power/6ec835ff24.summary.csv,1,1,72,17.967038,11.7135,13.285365,13.6927,,/home/jaeyongjang/project.local/vortex/analysis_workspace/latency_on_hw/outputs_main/naive_simd/runs/20260605T112840620515Z/logs/6ec835ff24.log,47.129,1.0,18006824.543,18006824.543,18006824.543,18006824.543,18006824.543
20260605T112840620515Z,2026-06-05T23:29:10+00:00,naive_simd,7167e1bd1281,fpint_improve,0,prefill_merged_naive_simd,llama2_7b_prefill_all_sgemm_tcu_batch1_prefill_seq_len512_qblk32_prefill_down_proj,92edb35d6d,sgemm_tcu,gemm,down_proj,sgemm_tcu,all_sgemm_tcu_spinquant,prefill,down_proj,-m 512 -n 4096 -k 11008,"{""K"": 11008, ""M"": 512, ""N"": 4096}",32.0,/opt/vortex_fpga_bins/fpint/xrt_hw_u55c_c1_f100_fpint_tcu_noDcache_L2cache_90f22d2615/bin,f9d4c06cee4c6e36c642ff55483c0dd89e2a213a6dc34439696792e38ae26795,0,1,explicit,pass,0,,,/home/jaeyongjang/project.local/vortex/analysis_workspace/latency_on_hw/outputs_main/naive_simd/runs/20260605T112840620515Z/raw/92edb35d6d.csv,/home/jaeyongjang/project.local/vortex/analysis_workspace/latency_on_hw/outputs_main_power/naive_simd/runs/20260621T130152493835Z/power/92edb35d6d.csv,/home/jaeyongjang/project.local/vortex/analysis_workspace/latency_on_hw/outputs_main_power/naive_simd/runs/20260621T130152493835Z/power/92edb35d6d.summary.csv,1,1,85,17.769088,11.3747,13.109062,13.5978,,/home/jaeyongjang/project.local/vortex/analysis_workspace/latency_on_hw/outputs_main/naive_simd/runs/20260605T112840620515Z/logs/92edb35d6d.log,43.344,1.0,17717622.899,17717622.899,17717622.899,17717622.899,17717622.899
20260605T112840620515Z,2026-06-05T23:29:10+00:00,naive_simd,7167e1bd1281,fpint_improve,0,prefill_merged_naive_simd,llama2_7b_prefill_all_sgemm_tcu_batch1_prefill_seq_len1024_qblk32_prefill_q_proj,e181613ad0,sgemm_tcu,gemm,q_proj,sgemm_tcu,all_sgemm_tcu_spinquant,prefill,q_proj,-m 1024 -n 4096 -k 4096,"{""K"": 4096, ""M"": 1024, ""N"": 4096}",32.0,/opt/vortex_fpga_bins/fpint/xrt_hw_u55c_c1_f100_fpint_tcu_noDcache_L2cache_90f22d2615/bin,f9d4c06cee4c6e36c642ff55483c0dd89e2a213a6dc34439696792e38ae26795,0,1,explicit,pass,0,,,/home/jaeyongjang/project.local/vortex/analysis_workspace/latency_on_hw/outputs_main/naive_simd/runs/20260605T112840620515Z/raw/e181613ad0.csv,,,1,0,,,,,,,/home/jaeyongjang/project.local/vortex/analysis_workspace/latency_on_hw/outputs_main/naive_simd/runs/20260605T112840620515Z/logs/e181613ad0.log,27.580,1.0,13717226.07,13717226.07,13717226.07,13717226.07,13717226.07
20260605T112840620515Z,2026-06-05T23:29:10+00:00,naive_simd,7167e1bd1281,fpint_improve,0,prefill_merged_naive_simd,llama2_7b_prefill_all_sgemm_tcu_batch1_prefill_seq_len1024_qblk32_prefill_attn_qkT,7997039fff,sgemm_tcu,gemm,attn_qkT,sgemm_tcu,all_sgemm_tcu_spinquant,prefill,attn_qkT,-m 1024 -n 1024 -k 128,"{""K"": 128, ""M"": 1024, ""N"": 1024, ""per_head"": true}",1024.0,/opt/vortex_fpga_bins/fpint/xrt_hw_u55c_c1_f100_fpint_tcu_noDcache_L2cache_90f22d2615/bin,f9d4c06cee4c6e36c642ff55483c0dd89e2a213a6dc34439696792e38ae26795,0,1,explicit,pass,0,,,/home/jaeyongjang/project.local/vortex/analysis_workspace/latency_on_hw/outputs_main/naive_simd/runs/20260605T112840620515Z/raw/7997039fff.csv,,,1,0,,,,,,,/home/jaeyongjang/project.local/vortex/analysis_workspace/latency_on_hw/outputs_main/naive_simd/runs/20260605T112840620515Z/logs/7997039fff.log,7.266,1.0,215451.805,215451.805,215451.805,215451.805,215451.805
20260605T112840620515Z,2026-06-05T23:29:10+00:00,naive_simd,7167e1bd1281,fpint_improve,0,prefill_merged_naive_simd,llama2_7b_prefill_all_sgemm_tcu_batch1_prefill_seq_len1024_qblk32_prefill_attn_pv,ee14c12b5e,sgemm_tcu,gemm,attn_pv,sgemm_tcu,all_sgemm_tcu_spinquant,prefill,attn_pv,-m 1024 -n 128 -k 1024,"{""K"": 1024, ""M"": 1024, ""N"": 128, ""per_head"": true}",1024.0,/opt/vortex_fpga_bins/fpint/xrt_hw_u55c_c1_f100_fpint_tcu_noDcache_L2cache_90f22d2615/bin,f9d4c06cee4c6e36c642ff55483c0dd89e2a213a6dc34439696792e38ae26795,0,1,explicit,pass,0,,,/home/jaeyongjang/project.local/vortex/analysis_workspace/latency_on_hw/outputs_main/naive_simd/runs/20260605T112840620515Z/raw/ee14c12b5e.csv,,,1,0,,,,,,,/home/jaeyongjang/project.local/vortex/analysis_workspace/latency_on_hw/outputs_main/naive_simd/runs/20260605T112840620515Z/logs/ee14c12b5e.log,8.101,1.0,91634.393,91634.393,91634.393,91634.393,91634.393
20260605T112840620515Z,2026-06-05T23:29:10+00:00,naive_simd,7167e1bd1281,fpint_improve,0,prefill_merged_naive_simd,llama2_7b_prefill_all_sgemm_tcu_batch1_prefill_seq_len1024_qblk32_prefill_gate_proj,55c0b0ffff,sgemm_tcu,gemm,gate_proj,sgemm_tcu,all_sgemm_tcu_spinquant,prefill,gate_proj,-m 1024 -n 11008 -k 4096,"{""K"": 4096, ""M"": 1024, ""N"": 11008}",32.0,/opt/vortex_fpga_bins/fpint/xrt_hw_u55c_c1_f100_fpint_tcu_noDcache_L2cache_90f22d2615/bin,f9d4c06cee4c6e36c642ff55483c0dd89e2a213a6dc34439696792e38ae26795,0,1,explicit,pass,0,,,/home/jaeyongjang/project.local/vortex/analysis_workspace/latency_on_hw/outputs_main/naive_simd/runs/20260605T112840620515Z/raw/55c0b0ffff.csv,,,1,0,,,,,,,/home/jaeyongjang/project.local/vortex/analysis_workspace/latency_on_hw/outputs_main/naive_simd/runs/20260605T112840620515Z/logs/55c0b0ffff.log,61.865,1.0,36063816.778,36063816.778,36063816.778,36063816.778,36063816.778
20260605T112840620515Z,2026-06-05T23:29:10+00:00,naive_simd,7167e1bd1281,fpint_improve,0,prefill_merged_naive_simd,llama2_7b_prefill_all_sgemm_tcu_batch1_prefill_seq_len1024_qblk32_prefill_down_proj,51ad57039c,sgemm_tcu,gemm,down_proj,sgemm_tcu,all_sgemm_tcu_spinquant,prefill,down_proj,-m 1024 -n 4096 -k 11008,"{""K"": 11008, ""M"": 1024, ""N"": 4096}",32.0,/opt/vortex_fpga_bins/fpint/xrt_hw_u55c_c1_f100_fpint_tcu_noDcache_L2cache_90f22d2615/bin,f9d4c06cee4c6e36c642ff55483c0dd89e2a213a6dc34439696792e38ae26795,0,1,explicit,pass,0,,,/home/jaeyongjang/project.local/vortex/analysis_workspace/latency_on_hw/outputs_main/naive_simd/runs/20260605T112840620515Z/raw/51ad57039c.csv,,,1,0,,,,,,,/home/jaeyongjang/project.local/vortex/analysis_workspace/latency_on_hw/outputs_main/naive_simd/runs/20260605T112840620515Z/logs/51ad57039c.log,63.248,1.0,35016863.059,35016863.059,35016863.059,35016863.059,35016863.059
20260605T112840620515Z,2026-06-05T23:29:10+00:00,naive_simd,7167e1bd1281,fpint_improve,0,prefill_merged_naive_simd,llama2_7b_prefill_all_sgemm_tcu_batch1_prefill_seq_len2048_qblk32_prefill_q_proj,da7f8675f1,sgemm_tcu,gemm,q_proj,sgemm_tcu,all_sgemm_tcu_spinquant,prefill,q_proj,-m 2048 -n 4096 -k 4096,"{""K"": 4096, ""M"": 2048, ""N"": 4096}",32.0,/opt/vortex_fpga_bins/fpint/xrt_hw_u55c_c1_f100_fpint_tcu_noDcache_L2cache_90f22d2615/bin,f9d4c06cee4c6e36c642ff55483c0dd89e2a213a6dc34439696792e38ae26795,0,1,explicit,pass,0,,,/home/jaeyongjang/project.local/vortex/analysis_workspace/latency_on_hw/outputs_main/naive_simd/runs/20260605T112840620515Z/raw/da7f8675f1.csv,,,1,0,,,,,,,/home/jaeyongjang/project.local/vortex/analysis_workspace/latency_on_hw/outputs_main/naive_simd/runs/20260605T112840620515Z/logs/da7f8675f1.log,43.785,1.0,27583194.652,27583194.652,27583194.652,27583194.652,27583194.652
20260605T112840620515Z,2026-06-05T23:29:10+00:00,naive_simd,7167e1bd1281,fpint_improve,0,prefill_merged_naive_simd,llama2_7b_prefill_all_sgemm_tcu_batch1_prefill_seq_len2048_qblk32_prefill_attn_qkT,ce7b4687d4,sgemm_tcu,gemm,attn_qkT,sgemm_tcu,all_sgemm_tcu_spinquant,prefill,attn_qkT,-m 2048 -n 2048 -k 128,"{""K"": 128, ""M"": 2048, ""N"": 2048, ""per_head"": true}",1024.0,/opt/vortex_fpga_bins/fpint/xrt_hw_u55c_c1_f100_fpint_tcu_noDcache_L2cache_90f22d2615/bin,f9d4c06cee4c6e36c642ff55483c0dd89e2a213a6dc34439696792e38ae26795,0,1,explicit,pass,0,,,/home/jaeyongjang/project.local/vortex/analysis_workspace/latency_on_hw/outputs_main/naive_simd/runs/20260605T112840620515Z/raw/ce7b4687d4.csv,,,1,0,,,,,,,/home/jaeyongjang/project.local/vortex/analysis_workspace/latency_on_hw/outputs_main/naive_simd/runs/20260605T112840620515Z/logs/ce7b4687d4.log,8.714,1.0,841083.468,841083.468,841083.468,841083.468,841083.468
20260605T112840620515Z,2026-06-05T23:29:10+00:00,naive_simd,7167e1bd1281,fpint_improve,0,prefill_merged_naive_simd,llama2_7b_prefill_all_sgemm_tcu_batch1_prefill_seq_len2048_qblk32_prefill_attn_pv,e3451328de,sgemm_tcu,gemm,attn_pv,sgemm_tcu,all_sgemm_tcu_spinquant,prefill,attn_pv,-m 2048 -n 128 -k 2048,"{""K"": 2048, ""M"": 2048, ""N"": 128, ""per_head"": true}",1024.0,/opt/vortex_fpga_bins/fpint/xrt_hw_u55c_c1_f100_fpint_tcu_noDcache_L2cache_90f22d2615/bin,f9d4c06cee4c6e36c642ff55483c0dd89e2a213a6dc34439696792e38ae26795,0,1,explicit,pass,0,,,/home/jaeyongjang/project.local/vortex/analysis_workspace/latency_on_hw/outputs_main/naive_simd/runs/20260605T112840620515Z/raw/e3451328de.csv,,,1,0,,,,,,,/home/jaeyongjang/project.local/vortex/analysis_workspace/latency_on_hw/outputs_main/naive_simd/runs/20260605T112840620515Z/logs/e3451328de.log,9.510,1.0,331951.905,331951.905,331951.905,331951.905,331951.905
20260605T112840620515Z,2026-06-05T23:29:10+00:00,naive_simd,7167e1bd1281,fpint_improve,0,prefill_merged_naive_simd,llama2_7b_prefill_all_sgemm_tcu_batch1_prefill_seq_len2048_qblk32_prefill_gate_proj,6b248a9716,sgemm_tcu,gemm,gate_proj,sgemm_tcu,all_sgemm_tcu_spinquant,prefill,gate_proj,-m 2048 -n 11008 -k 4096,"{""K"": 4096, ""M"": 2048, ""N"": 11008}",32.0,/opt/vortex_fpga_bins/fpint/xrt_hw_u55c_c1_f100_fpint_tcu_noDcache_L2cache_90f22d2615/bin,f9d4c06cee4c6e36c642ff55483c0dd89e2a213a6dc34439696792e38ae26795,0,1,explicit,pass,0,,,/home/jaeyongjang/project.local/vortex/analysis_workspace/latency_on_hw/outputs_main/naive_simd/runs/20260605T112840620515Z/raw/6b248a9716.csv,,,1,0,,,,,,,/home/jaeyongjang/project.local/vortex/analysis_workspace/latency_on_hw/outputs_main/naive_simd/runs/20260605T112840620515Z/logs/6b248a9716.log,98.346,1.0,72029928.442,72029928.442,72029928.442,72029928.442,72029928.442
20260605T112840620515Z,2026-06-05T23:29:10+00:00,naive_simd,7167e1bd1281,fpint_improve,0,prefill_merged_naive_simd,llama2_7b_prefill_all_sgemm_tcu_batch1_prefill_seq_len2048_qblk32_prefill_down_proj,f803908694,sgemm_tcu,gemm,down_proj,sgemm_tcu,all_sgemm_tcu_spinquant,prefill,down_proj,-m 2048 -n 4096 -k 11008,"{""K"": 11008, ""M"": 2048, ""N"": 4096}",32.0,/opt/vortex_fpga_bins/fpint/xrt_hw_u55c_c1_f100_fpint_tcu_noDcache_L2cache_90f22d2615/bin,f9d4c06cee4c6e36c642ff55483c0dd89e2a213a6dc34439696792e38ae26795,0,1,explicit,pass,0,,,/home/jaeyongjang/project.local/vortex/analysis_workspace/latency_on_hw/outputs_main/naive_simd/runs/20260605T112840620515Z/raw/f803908694.csv,,,1,0,,,,,,,/home/jaeyongjang/project.local/vortex/analysis_workspace/latency_on_hw/outputs_main/naive_simd/runs/20260605T112840620515Z/logs/f803908694.log,106.441,1.0,72453539.807,72453539.807,72453539.807,72453539.807,72453539.807
20260605T112840620515Z,2026-06-05T23:29:10+00:00,naive_simd,7167e1bd1281,fpint_improve,0,prefill_merged_naive_simd,llama2_7b_prefill_all_sgemm_tcu_batch1_prefill_seq_len4096_qblk32_prefill_q_proj,42a4ac33c4,sgemm_tcu,gemm,q_proj,sgemm_tcu,all_sgemm_tcu_spinquant,prefill,q_proj,-m 4096 -n 4096 -k 4096,"{""K"": 4096, ""M"": 4096, ""N"": 4096}",32.0,/opt/vortex_fpga_bins/fpint/xrt_hw_u55c_c1_f100_fpint_tcu_noDcache_L2cache_90f22d2615/bin,f9d4c06cee4c6e36c642ff55483c0dd89e2a213a6dc34439696792e38ae26795,0,1,explicit,pass,0,,,/home/jaeyongjang/project.local/vortex/analysis_workspace/latency_on_hw/outputs_main/naive_simd/runs/20260605T112840620515Z/raw/42a4ac33c4.csv,,,1,0,,,,,,,/home/jaeyongjang/project.local/vortex/analysis_workspace/latency_on_hw/outputs_main/naive_simd/runs/20260605T112840620515Z/logs/42a4ac33c4.log,77.026,1.0,55152717.721,55152717.721,55152717.721,55152717.721,55152717.721
20260605T112840620515Z,2026-06-05T23:29:10+00:00,naive_simd,7167e1bd1281,fpint_improve,0,prefill_merged_naive_simd,llama2_7b_prefill_all_sgemm_tcu_batch1_prefill_seq_len4096_qblk32_prefill_attn_qkT,2d1915ea13,sgemm_tcu,gemm,attn_qkT,sgemm_tcu,all_sgemm_tcu_spinquant,prefill,attn_qkT,-m 4096 -n 4096 -k 128,"{""K"": 128, ""M"": 4096, ""N"": 4096, ""per_head"": true}",1024.0,/opt/vortex_fpga_bins/fpint/xrt_hw_u55c_c1_f100_fpint_tcu_noDcache_L2cache_90f22d2615/bin,f9d4c06cee4c6e36c642ff55483c0dd89e2a213a6dc34439696792e38ae26795,0,1,explicit,pass,0,,,/home/jaeyongjang/project.local/vortex/analysis_workspace/latency_on_hw/outputs_main/naive_simd/runs/20260605T112840620515Z/raw/2d1915ea13.csv,,,1,0,,,,,,,/home/jaeyongjang/project.local/vortex/analysis_workspace/latency_on_hw/outputs_main/naive_simd/runs/20260605T112840620515Z/logs/2d1915ea13.log,11.495,1.0,3423193.599,3423193.599,3423193.599,3423193.599,3423193.599
20260605T112840620515Z,2026-06-05T23:29:10+00:00,naive_simd,7167e1bd1281,fpint_improve,0,prefill_merged_naive_simd,llama2_7b_prefill_all_sgemm_tcu_batch1_prefill_seq_len4096_qblk32_prefill_attn_pv,493c6ab926,sgemm_tcu,gemm,attn_pv,sgemm_tcu,all_sgemm_tcu_spinquant,prefill,attn_pv,-m 4096 -n 128 -k 4096,"{""K"": 4096, ""M"": 4096, ""N"": 128, ""per_head"": true}",1024.0,/opt/vortex_fpga_bins/fpint/xrt_hw_u55c_c1_f100_fpint_tcu_noDcache_L2cache_90f22d2615/bin,f9d4c06cee4c6e36c642ff55483c0dd89e2a213a6dc34439696792e38ae26795,0,1,explicit,pass,0,,,/home/jaeyongjang/project.local/vortex/analysis_workspace/latency_on_hw/outputs_main/naive_simd/runs/20260605T112840620515Z/raw/493c6ab926.csv,,,1,0,,,,,,,/home/jaeyongjang/project.local/vortex/analysis_workspace/latency_on_hw/outputs_main/naive_simd/runs/20260605T112840620515Z/logs/493c6ab926.log,24.650,1.0,1636661.341,1636661.341,1636661.341,1636661.341,1636661.341
20260605T112840620515Z,2026-06-05T23:29:10+00:00,naive_simd,7167e1bd1281,fpint_improve,0,prefill_merged_naive_simd,llama2_7b_prefill_all_sgemm_tcu_batch1_prefill_seq_len4096_qblk32_prefill_gate_proj,8219de0151,sgemm_tcu,gemm,gate_proj,sgemm_tcu,all_sgemm_tcu_spinquant,prefill,gate_proj,-m 4096 -n 11008 -k 4096,"{""K"": 4096, ""M"": 4096, ""N"": 11008}",32.0,/opt/vortex_fpga_bins/fpint/xrt_hw_u55c_c1_f100_fpint_tcu_noDcache_L2cache_90f22d2615/bin,f9d4c06cee4c6e36c642ff55483c0dd89e2a213a6dc34439696792e38ae26795,0,1,explicit,pass,0,,,/home/jaeyongjang/project.local/vortex/analysis_workspace/latency_on_hw/outputs_main/naive_simd/runs/20260605T112840620515Z/raw/8219de0151.csv,,,1,0,,,,,,,/home/jaeyongjang/project.local/vortex/analysis_workspace/latency_on_hw/outputs_main/naive_simd/runs/20260605T112840620515Z/logs/8219de0151.log,175.026,1.0,144841953.025,144841953.025,144841953.025,144841953.025,144841953.025
20260605T112840620515Z,2026-06-05T23:29:10+00:00,naive_simd,7167e1bd1281,fpint_improve,0,prefill_merged_naive_simd,llama2_7b_prefill_all_sgemm_tcu_batch1_prefill_seq_len4096_qblk32_prefill_down_proj,58dd9fcddc,sgemm_tcu,gemm,down_proj,sgemm_tcu,all_sgemm_tcu_spinquant,prefill,down_proj,-m 4096 -n 4096 -k 11008,"{""K"": 11008, ""M"": 4096, ""N"": 4096}",32.0,/opt/vortex_fpga_bins/fpint/xrt_hw_u55c_c1_f100_fpint_tcu_noDcache_L2cache_90f22d2615/bin,f9d4c06cee4c6e36c642ff55483c0dd89e2a213a6dc34439696792e38ae26795,0,1,explicit,pass,0,,,/home/jaeyongjang/project.local/vortex/analysis_workspace/latency_on_hw/outputs_main/naive_simd/runs/20260605T112840620515Z/raw/58dd9fcddc.csv,,,1,0,,,,,,,/home/jaeyongjang/project.local/vortex/analysis_workspace/latency_on_hw/outputs_main/naive_simd/runs/20260605T112840620515Z/logs/58dd9fcddc.log,188.454,1.0,144593231.146,144593231.146,144593231.146,144593231.146,144593231.146
20260605T112840620515Z,2026-06-05T23:29:10+00:00,naive_simd,7167e1bd1281,fpint_improve,0,prefill_merged_naive_simd,llama2_7b_prefill_all_sgemm_tcu_batch2_prefill_seq_len4096_qblk32_prefill_q_proj,d724e3e0e7,sgemm_tcu,gemm,q_proj,sgemm_tcu,all_sgemm_tcu_spinquant,prefill,q_proj,-m 8192 -n 4096 -k 4096,"{""K"": 4096, ""M"": 8192, ""N"": 4096}",32.0,/opt/vortex_fpga_bins/fpint/xrt_hw_u55c_c1_f100_fpint_tcu_noDcache_L2cache_90f22d2615/bin,f9d4c06cee4c6e36c642ff55483c0dd89e2a213a6dc34439696792e38ae26795,0,1,explicit,pass,0,,,/home/jaeyongjang/project.local/vortex/analysis_workspace/latency_on_hw/outputs_main/naive_simd/runs/20260605T112840620515Z/raw/d724e3e0e7.csv,,,1,0,,,,,,,/home/jaeyongjang/project.local/vortex/analysis_workspace/latency_on_hw/outputs_main/naive_simd/runs/20260605T112840620515Z/logs/d724e3e0e7.log,139.404,1.0,110285853.29,110285853.29,110285853.29,110285853.29,110285853.29
20260605T112840620515Z,2026-06-05T23:29:10+00:00,naive_simd,7167e1bd1281,fpint_improve,0,prefill_merged_naive_simd,llama2_7b_prefill_all_sgemm_tcu_batch2_prefill_seq_len4096_qblk32_prefill_gate_proj,0f5b435f73,sgemm_tcu,gemm,gate_proj,sgemm_tcu,all_sgemm_tcu_spinquant,prefill,gate_proj,-m 8192 -n 11008 -k 4096,"{""K"": 4096, ""M"": 8192, ""N"": 11008}",32.0,/opt/vortex_fpga_bins/fpint/xrt_hw_u55c_c1_f100_fpint_tcu_noDcache_L2cache_90f22d2615/bin,f9d4c06cee4c6e36c642ff55483c0dd89e2a213a6dc34439696792e38ae26795,0,1,explicit,pass,0,,,/home/jaeyongjang/project.local/vortex/analysis_workspace/latency_on_hw/outputs_main/naive_simd/runs/20260605T112840620515Z/raw/0f5b435f73.csv,,,1,0,,,,,,,/home/jaeyongjang/project.local/vortex/analysis_workspace/latency_on_hw/outputs_main/naive_simd/runs/20260605T112840620515Z/logs/0f5b435f73.log,333.550,1.0,288998790.338,288998790.338,288998790.338,288998790.338,288998790.338
20260605T112840620515Z,2026-06-05T23:29:10+00:00,naive_simd,7167e1bd1281,fpint_improve,0,prefill_merged_naive_simd,llama2_7b_prefill_all_sgemm_tcu_batch2_prefill_seq_len4096_qblk32_prefill_down_proj,741b331766,sgemm_tcu,gemm,down_proj,sgemm_tcu,all_sgemm_tcu_spinquant,prefill,down_proj,-m 8192 -n 4096 -k 11008,"{""K"": 11008, ""M"": 8192, ""N"": 4096}",32.0,/opt/vortex_fpga_bins/fpint/xrt_hw_u55c_c1_f100_fpint_tcu_noDcache_L2cache_90f22d2615/bin,f9d4c06cee4c6e36c642ff55483c0dd89e2a213a6dc34439696792e38ae26795,0,1,explicit,pass,0,,,/home/jaeyongjang/project.local/vortex/analysis_workspace/latency_on_hw/outputs_main/naive_simd/runs/20260605T112840620515Z/raw/741b331766.csv,,,1,0,,,,,,,/home/jaeyongjang/project.local/vortex/analysis_workspace/latency_on_hw/outputs_main/naive_simd/runs/20260605T112840620515Z/logs/741b331766.log,359.626,1.0,291430808.351,291430808.351,291430808.351,291430808.351,291430808.351
20260605T112840620515Z,2026-06-05T23:29:10+00:00,naive_simd,7167e1bd1281,fpint_improve,0,prefill_merged_naive_simd,llama2_7b_prefill_all_sgemm_tcu_batch4_prefill_seq_len4096_qblk32_prefill_q_proj,ebcdcf2757,sgemm_tcu,gemm,q_proj,sgemm_tcu,all_sgemm_tcu_spinquant,prefill,q_proj,-m 16384 -n 4096 -k 4096,"{""K"": 4096, ""M"": 16384, ""N"": 4096}",32.0,/opt/vortex_fpga_bins/fpint/xrt_hw_u55c_c1_f100_fpint_tcu_noDcache_L2cache_90f22d2615/bin,f9d4c06cee4c6e36c642ff55483c0dd89e2a213a6dc34439696792e38ae26795,0,1,explicit,pass,0,,,/home/jaeyongjang/project.local/vortex/analysis_workspace/latency_on_hw/outputs_main/naive_simd/runs/20260605T112840620515Z/raw/ebcdcf2757.csv,,,1,0,,,,,,,/home/jaeyongjang/project.local/vortex/analysis_workspace/latency_on_hw/outputs_main/naive_simd/runs/20260605T112840620515Z/logs/ebcdcf2757.log,276.853,1.0,220824360.269,220824360.269,220824360.269,220824360.269,220824360.269
20260605T112840620515Z,2026-06-05T23:29:10+00:00,naive_simd,7167e1bd1281,fpint_improve,0,prefill_merged_naive_simd,llama2_7b_prefill_all_sgemm_tcu_batch1_prefill_seq_len512_qblk32_prefill_mlp_silu,ed249966d1,silu,silu,mlp_silu,silu,all_sgemm_tcu_spinquant,prefill,mlp_silu,-n 5636096,"{""size"": 5636096}",32.0,/opt/vortex_fpga_bins/fpint/xrt_hw_u55c_c1_f100_fpint_tcu_noDcache_L2cache_90f22d2615/bin,f9d4c06cee4c6e36c642ff55483c0dd89e2a213a6dc34439696792e38ae26795,0,1,explicit,pass,0,,,/home/jaeyongjang/project.local/vortex/analysis_workspace/latency_on_hw/outputs_main/naive_simd/runs/20260605T112840620515Z/raw/ed249966d1.csv,/home/jaeyongjang/project.local/vortex/analysis_workspace/latency_on_hw/outputs_main_power/naive_simd/runs/20260620T083122700862Z/power/ed249966d1.csv,/home/jaeyongjang/project.local/vortex/analysis_workspace/latency_on_hw/outputs_main_power/naive_simd/runs/20260620T083122700862Z/power/ed249966d1.summary.csv,1,1,70,10.912995,11.5425,12.500843,12.9105,,/home/jaeyongjang/project.local/vortex/analysis_workspace/latency_on_hw/outputs_main/naive_simd/runs/20260605T112840620515Z/logs/ed249966d1.log,18.799,1.0,981126.064,981126.064,981126.064,981126.064,981126.064
20260605T112840620515Z,2026-06-05T23:29:10+00:00,naive_simd,7167e1bd1281,fpint_improve,0,prefill_merged_naive_simd,llama2_7b_prefill_all_sgemm_tcu_batch1_prefill_seq_len1024_qblk32_prefill_mlp_silu,4625ab8bb4,silu,silu,mlp_silu,silu,all_sgemm_tcu_spinquant,prefill,mlp_silu,-n 11272192,"{""size"": 11272192}",32.0,/opt/vortex_fpga_bins/fpint/xrt_hw_u55c_c1_f100_fpint_tcu_noDcache_L2cache_90f22d2615/bin,f9d4c06cee4c6e36c642ff55483c0dd89e2a213a6dc34439696792e38ae26795,0,1,explicit,pass,0,,,/home/jaeyongjang/project.local/vortex/analysis_workspace/latency_on_hw/outputs_main/naive_simd/runs/20260605T112840620515Z/raw/4625ab8bb4.csv,,,1,0,,,,,,,/home/jaeyongjang/project.local/vortex/analysis_workspace/latency_on_hw/outputs_main/naive_simd/runs/20260605T112840620515Z/logs/4625ab8bb4.log,14.027,1.0,1956115.054,1956115.054,1956115.054,1956115.054,1956115.054
20260605T112840620515Z,2026-06-05T23:29:10+00:00,naive_simd,7167e1bd1281,fpint_improve,0,prefill_merged_naive_simd,llama2_7b_prefill_all_sgemm_tcu_batch1_prefill_seq_len2048_qblk32_prefill_mlp_silu,430e5cb478,silu,silu,mlp_silu,silu,all_sgemm_tcu_spinquant,prefill,mlp_silu,-n 22544384,"{""size"": 22544384}",32.0,/opt/vortex_fpga_bins/fpint/xrt_hw_u55c_c1_f100_fpint_tcu_noDcache_L2cache_90f22d2615/bin,f9d4c06cee4c6e36c642ff55483c0dd89e2a213a6dc34439696792e38ae26795,0,1,explicit,pass,0,,,/home/jaeyongjang/project.local/vortex/analysis_workspace/latency_on_hw/outputs_main/naive_simd/runs/20260605T112840620515Z/raw/430e5cb478.csv,,,1,0,,,,,,,/home/jaeyongjang/project.local/vortex/analysis_workspace/latency_on_hw/outputs_main/naive_simd/runs/20260605T112840620515Z/logs/430e5cb478.log,18.774,1.0,3913443.865,3913443.865,3913443.865,3913443.865,3913443.865
20260605T112840620515Z,2026-06-05T23:29:10+00:00,naive_simd,7167e1bd1281,fpint_improve,0,prefill_merged_naive_simd,llama2_7b_prefill_all_sgemm_tcu_batch1_prefill_seq_len4096_qblk32_prefill_mlp_silu,09c151dc16,silu,silu,mlp_silu,silu,all_sgemm_tcu_spinquant,prefill,mlp_silu,-n 45088768,"{""size"": 45088768}",32.0,/opt/vortex_fpga_bins/fpint/xrt_hw_u55c_c1_f100_fpint_tcu_noDcache_L2cache_90f22d2615/bin,f9d4c06cee4c6e36c642ff55483c0dd89e2a213a6dc34439696792e38ae26795,0,1,explicit,pass,0,,,/home/jaeyongjang/project.local/vortex/analysis_workspace/latency_on_hw/outputs_main/naive_simd/runs/20260605T112840620515Z/raw/09c151dc16.csv,,,1,0,,,,,,,/home/jaeyongjang/project.local/vortex/analysis_workspace/latency_on_hw/outputs_main/naive_simd/runs/20260605T112840620515Z/logs/09c151dc16.log,30.774,1.0,7818833.616,7818833.616,7818833.616,7818833.616,7818833.616
20260605T112840620515Z,2026-06-05T23:29:10+00:00,naive_simd,7167e1bd1281,fpint_improve,0,prefill_merged_naive_simd,llama2_7b_prefill_all_sgemm_tcu_batch2_prefill_seq_len4096_qblk32_prefill_mlp_silu,d60f252162,silu,silu,mlp_silu,silu,all_sgemm_tcu_spinquant,prefill,mlp_silu,-n 90177536,"{""size"": 90177536}",32.0,/opt/vortex_fpga_bins/fpint/xrt_hw_u55c_c1_f100_fpint_tcu_noDcache_L2cache_90f22d2615/bin,f9d4c06cee4c6e36c642ff55483c0dd89e2a213a6dc34439696792e38ae26795,0,1,explicit,pass,0,,,/home/jaeyongjang/project.local/vortex/analysis_workspace/latency_on_hw/outputs_main/naive_simd/runs/20260605T112840620515Z/raw/d60f252162.csv,,,1,0,,,,,,,/home/jaeyongjang/project.local/vortex/analysis_workspace/latency_on_hw/outputs_main/naive_simd/runs/20260605T112840620515Z/logs/d60f252162.log,61.077,1.0,15615335.142,15615335.142,15615335.142,15615335.142,15615335.142
20260605T112840620515Z,2026-06-05T23:29:10+00:00,naive_simd,7167e1bd1281,fpint_improve,0,prefill_merged_naive_simd,llama2_7b_prefill_all_sgemm_tcu_batch4_prefill_seq_len4096_qblk32_prefill_mlp_silu,50d8c8a9b3,silu,silu,mlp_silu,silu,all_sgemm_tcu_spinquant,prefill,mlp_silu,-n 180355072,"{""size"": 180355072}",32.0,/opt/vortex_fpga_bins/fpint/xrt_hw_u55c_c1_f100_fpint_tcu_noDcache_L2cache_90f22d2615/bin,f9d4c06cee4c6e36c642ff55483c0dd89e2a213a6dc34439696792e38ae26795,0,1,explicit,pass,0,,,/home/jaeyongjang/project.local/vortex/analysis_workspace/latency_on_hw/outputs_main/naive_simd/runs/20260605T112840620515Z/raw/50d8c8a9b3.csv,,,1,0,,,,,,,/home/jaeyongjang/project.local/vortex/analysis_workspace/latency_on_hw/outputs_main/naive_simd/runs/20260605T112840620515Z/logs/50d8c8a9b3.log,107.168,1.0,31270404.41,31270404.41,31270404.41,31270404.41,31270404.41
20260605T112840620515Z,2026-06-05T23:29:10+00:00,naive_simd,7167e1bd1281,fpint_improve,0,prefill_merged_naive_simd,llama2_7b_prefill_all_sgemm_tcu_batch8_prefill_seq_len4096_qblk32_prefill_mlp_silu,f022b82f35,silu,silu,mlp_silu,silu,all_sgemm_tcu_spinquant,prefill,mlp_silu,-n 360710144,"{""size"": 360710144}",32.0,/opt/vortex_fpga_bins/fpint/xrt_hw_u55c_c1_f100_fpint_tcu_noDcache_L2cache_90f22d2615/bin,f9d4c06cee4c6e36c642ff55483c0dd89e2a213a6dc34439696792e38ae26795,0,1,explicit,pass,0,,,/home/jaeyongjang/project.local/vortex/analysis_workspace/latency_on_hw/outputs_main/naive_simd/runs/20260605T112840620515Z/raw/f022b82f35.csv,,,1,0,,,,,,,/home/jaeyongjang/project.local/vortex/analysis_workspace/latency_on_hw/outputs_main/naive_simd/runs/20260605T112840620515Z/logs/f022b82f35.log,195.693,1.0,62537558.843,62537558.843,62537558.843,62537558.843,62537558.843
20260605T112840620515Z,2026-06-05T23:29:10+00:00,naive_simd,7167e1bd1281,fpint_improve,0,prefill_merged_naive_simd,llama2_7b_prefill_all_sgemm_tcu_batch1_prefill_seq_len512_qblk32_prefill_attn_softmax,ab55dcf028,softmax,softmax,attn_softmax,softmax,all_sgemm_tcu_spinquant,prefill,attn_softmax,-batch 1 -heads 32 -seqq 512 -seqk 512 -mask 1,"{""batch"": 1, ""heads"": 32, ""mask"": 1, ""seqk"": 512, ""seqq"": 512}",32.0,/opt/vortex_fpga_bins/fpint/xrt_hw_u55c_c1_f100_fpint_tcu_noDcache_L2cache_90f22d2615/bin,f9d4c06cee4c6e36c642ff55483c0dd89e2a213a6dc34439696792e38ae26795,0,1,explicit,pass,0,,,/home/jaeyongjang/project.local/vortex/analysis_workspace/latency_on_hw/outputs_main/naive_simd/runs/20260605T112840620515Z/raw/ab55dcf028.csv,,,1,0,,,,,,,/home/jaeyongjang/project.local/vortex/analysis_workspace/latency_on_hw/outputs_main/naive_simd/runs/20260605T112840620515Z/logs/ab55dcf028.log,19.061,1.0,8103174.805,8103174.805,8103174.805,8103174.805,8103174.805
20260605T112840620515Z,2026-06-05T23:29:10+00:00,naive_simd,7167e1bd1281,fpint_improve,0,prefill_merged_naive_simd,llama2_7b_prefill_all_sgemm_tcu_batch1_prefill_seq_len1024_qblk32_prefill_attn_softmax,a9b356906a,softmax,softmax,attn_softmax,softmax,all_sgemm_tcu_spinquant,prefill,attn_softmax,-batch 1 -heads 32 -seqq 1024 -seqk 1024 -mask 1,"{""batch"": 1, ""heads"": 32, ""mask"": 1, ""seqk"": 1024, ""seqq"": 1024}",32.0,/opt/vortex_fpga_bins/fpint/xrt_hw_u55c_c1_f100_fpint_tcu_noDcache_L2cache_90f22d2615/bin,f9d4c06cee4c6e36c642ff55483c0dd89e2a213a6dc34439696792e38ae26795,0,1,explicit,pass,0,,,/home/jaeyongjang/project.local/vortex/analysis_workspace/latency_on_hw/outputs_main/naive_simd/runs/20260605T112840620515Z/raw/a9b356906a.csv,,,1,0,,,,,,,/home/jaeyongjang/project.local/vortex/analysis_workspace/latency_on_hw/outputs_main/naive_simd/runs/20260605T112840620515Z/logs/a9b356906a.log,39.053,1.0,20044529.843,20044529.843,20044529.843,20044529.843,20044529.843
20260605T112840620515Z,2026-06-05T23:29:10+00:00,naive_simd,7167e1bd1281,fpint_improve,0,prefill_merged_naive_simd,llama2_7b_prefill_all_sgemm_tcu_batch1_prefill_seq_len2048_qblk32_prefill_attn_softmax,4d58f49edf,softmax,softmax,attn_softmax,softmax,all_sgemm_tcu_spinquant,prefill,attn_softmax,-batch 1 -heads 32 -seqq 2048 -seqk 2048 -mask 1,"{""batch"": 1, ""heads"": 32, ""mask"": 1, ""seqk"": 2048, ""seqq"": 2048}",32.0,/opt/vortex_fpga_bins/fpint/xrt_hw_u55c_c1_f100_fpint_tcu_noDcache_L2cache_90f22d2615/bin,f9d4c06cee4c6e36c642ff55483c0dd89e2a213a6dc34439696792e38ae26795,0,1,explicit,pass,0,,,/home/jaeyongjang/project.local/vortex/analysis_workspace/latency_on_hw/outputs_main/naive_simd/runs/20260605T112840620515Z/raw/4d58f49edf.csv,,,1,0,,,,,,,/home/jaeyongjang/project.local/vortex/analysis_workspace/latency_on_hw/outputs_main/naive_simd/runs/20260605T112840620515Z/logs/4d58f49edf.log,110.510,1.0,55870537.745,55870537.745,55870537.745,55870537.745,55870537.745
20260605T112840620515Z,2026-06-05T23:29:10+00:00,naive_simd,7167e1bd1281,fpint_improve,0,prefill_merged_naive_simd,llama2_7b_prefill_all_sgemm_tcu_batch1_prefill_seq_len4096_qblk32_prefill_attn_softmax,65ded104ac,softmax,softmax,attn_softmax,softmax,all_sgemm_tcu_spinquant,prefill,attn_softmax,-batch 1 -heads 32 -seqq 4096 -seqk 4096 -mask 1,"{""batch"": 1, ""heads"": 32, ""mask"": 1, ""seqk"": 4096, ""seqq"": 4096}",32.0,/opt/vortex_fpga_bins/fpint/xrt_hw_u55c_c1_f100_fpint_tcu_noDcache_L2cache_90f22d2615/bin,f9d4c06cee4c6e36c642ff55483c0dd89e2a213a6dc34439696792e38ae26795,0,1,explicit,pass,0,,,/home/jaeyongjang/project.local/vortex/analysis_workspace/latency_on_hw/outputs_main/naive_simd/runs/20260605T112840620515Z/raw/65ded104ac.csv,,,1,0,,,,,,,/home/jaeyongjang/project.local/vortex/analysis_workspace/latency_on_hw/outputs_main/naive_simd/runs/20260605T112840620515Z/logs/65ded104ac.log,406.658,1.0,176002690.115,176002690.115,176002690.115,176002690.115,176002690.115
20260605T112840620515Z,2026-06-05T23:29:10+00:00,naive_simd,7167e1bd1281,fpint_improve,0,prefill_merged_naive_simd,llama2_7b_prefill_all_sgemm_tcu_batch2_prefill_seq_len512_qblk32_prefill_attn_softmax,38494fd31b,softmax,softmax,attn_softmax,softmax,all_sgemm_tcu_spinquant,prefill,attn_softmax,-batch 2 -heads 32 -seqq 512 -seqk 512 -mask 1,"{""batch"": 2, ""heads"": 32, ""mask"": 1, ""seqk"": 512, ""seqq"": 512}",32.0,/opt/vortex_fpga_bins/fpint/xrt_hw_u55c_c1_f100_fpint_tcu_noDcache_L2cache_90f22d2615/bin,f9d4c06cee4c6e36c642ff55483c0dd89e2a213a6dc34439696792e38ae26795,0,1,explicit,pass,0,,,/home/jaeyongjang/project.local/vortex/analysis_workspace/latency_on_hw/outputs_main/naive_simd/runs/20260605T112840620515Z/raw/38494fd31b.csv,,,1,0,,,,,,,/home/jaeyongjang/project.local/vortex/analysis_workspace/latency_on_hw/outputs_main/naive_simd/runs/20260605T112840620515Z/logs/38494fd31b.log,38.277,1.0,16204614.341,16204614.341,16204614.341,16204614.341,16204614.341
20260605T112840620515Z,2026-06-05T23:29:10+00:00,naive_simd,7167e1bd1281,fpint_improve,0,prefill_merged_naive_simd,llama2_7b_prefill_all_sgemm_tcu_batch2_prefill_seq_len1024_qblk32_prefill_attn_softmax,0ff271d95f,softmax,softmax,attn_softmax,softmax,all_sgemm_tcu_spinquant,prefill,attn_softmax,-batch 2 -heads 32 -seqq 1024 -seqk 1024 -mask 1,"{""batch"": 2, ""heads"": 32, ""mask"": 1, ""seqk"": 1024, ""seqq"": 1024}",32.0,/opt/vortex_fpga_bins/fpint/xrt_hw_u55c_c1_f100_fpint_tcu_noDcache_L2cache_90f22d2615/bin,f9d4c06cee4c6e36c642ff55483c0dd89e2a213a6dc34439696792e38ae26795,0,1,explicit,pass,0,,,/home/jaeyongjang/project.local/vortex/analysis_workspace/latency_on_hw/outputs_main/naive_simd/runs/20260605T112840620515Z/raw/0ff271d95f.csv,,,1,0,,,,,,,/home/jaeyongjang/project.local/vortex/analysis_workspace/latency_on_hw/outputs_main/naive_simd/runs/20260605T112840620515Z/logs/0ff271d95f.log,72.130,1.0,40085784.243,40085784.243,40085784.243,40085784.243,40085784.243
20260605T112840620515Z,2026-06-05T23:29:10+00:00,naive_simd,7167e1bd1281,fpint_improve,0,prefill_merged_naive_simd,llama2_7b_prefill_all_sgemm_tcu_batch2_prefill_seq_len2048_qblk32_prefill_attn_softmax,975bf1173a,softmax,softmax,attn_softmax,softmax,all_sgemm_tcu_spinquant,prefill,attn_softmax,-batch 2 -heads 32 -seqq 2048 -seqk 2048 -mask 1,"{""batch"": 2, ""heads"": 32, ""mask"": 1, ""seqk"": 2048, ""seqq"": 2048}",32.0,/opt/vortex_fpga_bins/fpint/xrt_hw_u55c_c1_f100_fpint_tcu_noDcache_L2cache_90f22d2615/bin,f9d4c06cee4c6e36c642ff55483c0dd89e2a213a6dc34439696792e38ae26795,0,1,explicit,pass,0,,,/home/jaeyongjang/project.local/vortex/analysis_workspace/latency_on_hw/outputs_main/naive_simd/runs/20260605T112840620515Z/raw/975bf1173a.csv,,,1,0,,,,,,,/home/jaeyongjang/project.local/vortex/analysis_workspace/latency_on_hw/outputs_main/naive_simd/runs/20260605T112840620515Z/logs/975bf1173a.log,212.832,1.0,111742881.194,111742881.194,111742881.194,111742881.194,111742881.194
20260605T112840620515Z,2026-06-05T23:29:10+00:00,naive_simd,7167e1bd1281,fpint_improve,0,prefill_merged_naive_simd,llama2_7b_prefill_all_sgemm_tcu_batch4_prefill_seq_len512_qblk32_prefill_attn_softmax,0e8757af9d,softmax,softmax,attn_softmax,softmax,all_sgemm_tcu_spinquant,prefill,attn_softmax,-batch 4 -heads 32 -seqq 512 -seqk 512 -mask 1,"{""batch"": 4, ""heads"": 32, ""mask"": 1, ""seqk"": 512, ""seqq"": 512}",32.0,/opt/vortex_fpga_bins/fpint/xrt_hw_u55c_c1_f100_fpint_tcu_noDcache_L2cache_90f22d2615/bin,f9d4c06cee4c6e36c642ff55483c0dd89e2a213a6dc34439696792e38ae26795,0,1,explicit,pass,0,,,/home/jaeyongjang/project.local/vortex/analysis_workspace/latency_on_hw/outputs_main/naive_simd/runs/20260605T112840620515Z/raw/0e8757af9d.csv,,,1,0,,,,,,,/home/jaeyongjang/project.local/vortex/analysis_workspace/latency_on_hw/outputs_main/naive_simd/runs/20260605T112840620515Z/logs/0e8757af9d.log,60.241,1.0,32412427.012,32412427.012,32412427.012,32412427.012,32412427.012
20260605T112840620515Z,2026-06-05T23:29:10+00:00,naive_simd,7167e1bd1281,fpint_improve,0,prefill_merged_naive_simd,llama2_7b_prefill_all_sgemm_tcu_batch4_prefill_seq_len1024_qblk32_prefill_attn_softmax,caa1ffac2d,softmax,softmax,attn_softmax,softmax,all_sgemm_tcu_spinquant,prefill,attn_softmax,-batch 4 -heads 32 -seqq 1024 -seqk 1024 -mask 1,"{""batch"": 4, ""heads"": 32, ""mask"": 1, ""seqk"": 1024, ""seqq"": 1024}",32.0,/opt/vortex_fpga_bins/fpint/xrt_hw_u55c_c1_f100_fpint_tcu_noDcache_L2cache_90f22d2615/bin,f9d4c06cee4c6e36c642ff55483c0dd89e2a213a6dc34439696792e38ae26795,0,1,explicit,pass,0,,,/home/jaeyongjang/project.local/vortex/analysis_workspace/latency_on_hw/outputs_main/naive_simd/runs/20260605T112840620515Z/raw/caa1ffac2d.csv,,,1,0,,,,,,,/home/jaeyongjang/project.local/vortex/analysis_workspace/latency_on_hw/outputs_main/naive_simd/runs/20260605T112840620515Z/logs/caa1ffac2d.log,144.478,1.0,80180692.986,80180692.986,80180692.986,80180692.986,80180692.986
20260605T112840620515Z,2026-06-05T23:29:10+00:00,naive_simd,7167e1bd1281,fpint_improve,0,prefill_merged_naive_simd,llama2_7b_prefill_all_sgemm_tcu_batch8_prefill_seq_len512_qblk32_prefill_attn_softmax,6653efce19,softmax,softmax,attn_softmax,softmax,all_sgemm_tcu_spinquant,prefill,attn_softmax,-batch 8 -heads 32 -seqq 512 -seqk 512 -mask 1,"{""batch"": 8, ""heads"": 32, ""mask"": 1, ""seqk"": 512, ""seqq"": 512}",32.0,/opt/vortex_fpga_bins/fpint/xrt_hw_u55c_c1_f100_fpint_tcu_noDcache_L2cache_90f22d2615/bin,f9d4c06cee4c6e36c642ff55483c0dd89e2a213a6dc34439696792e38ae26795,0,1,explicit,pass,0,,,/home/jaeyongjang/project.local/vortex/analysis_workspace/latency_on_hw/outputs_main/naive_simd/runs/20260605T112840620515Z/raw/6653efce19.csv,,,1,0,,,,,,,/home/jaeyongjang/project.local/vortex/analysis_workspace/latency_on_hw/outputs_main/naive_simd/runs/20260605T112840620515Z/logs/6653efce19.log,95.529,1.0,64823226.487,64823226.487,64823226.487,64823226.487,64823226.487
20260605T112840620515Z,2026-06-05T23:29:10+00:00,naive_simd,7167e1bd1281,fpint_improve,0,prefill_merged_naive_simd,llama2_7b_prefill_all_sgemm_tcu_batch8_prefill_seq_len1024_qblk32_prefill_attn_softmax,223106fa2f,softmax,softmax,attn_softmax,softmax,all_sgemm_tcu_spinquant,prefill,attn_softmax,-batch 8 -heads 32 -seqq 1024 -seqk 1024 -mask 1,"{""batch"": 8, ""heads"": 32, ""mask"": 1, ""seqk"": 1024, ""seqq"": 1024}",32.0,/opt/vortex_fpga_bins/fpint/xrt_hw_u55c_c1_f100_fpint_tcu_noDcache_L2cache_90f22d2615/bin,f9d4c06cee4c6e36c642ff55483c0dd89e2a213a6dc34439696792e38ae26795,0,1,explicit,pass,0,,,/home/jaeyongjang/project.local/vortex/analysis_workspace/latency_on_hw/outputs_main/naive_simd/runs/20260605T112840620515Z/raw/223106fa2f.csv,,,1,0,,,,,,,/home/jaeyongjang/project.local/vortex/analysis_workspace/latency_on_hw/outputs_main/naive_simd/runs/20260605T112840620515Z/logs/223106fa2f.log,259.158,1.0,160365989.378,160365989.378,160365989.378,160365989.378,160365989.378
20260605T112840620515Z,2026-06-05T23:29:10+00:00,naive_simd,7167e1bd1281,fpint_improve,0,prefill_merged_naive_simd,llama2_7b_prefill_C4_alone_batch1_prefill_seq_len512_qblk32_prefill_layout_q_proj_to_rope_q_detile,1ebc5e5c7f,detile_output,layout,layout_q_proj_to_rope_q_detile,detile_output,all_fpint_gemm_improve_alone_layout_spinquant,prefill,layout_q_proj_to_rope_q_detile,-m 512 -n 4096,"{""M"": 512, ""N"": 4096, ""consumer"": ""rope_q"", ""layout_from"": ""gemm_c_tiled"", ""layout_group"": ""q_proj_to_rope_q"", ""layout_to"": ""row_major"", ""producer"": ""q_proj""}",32.0,/opt/vortex_fpga_bins/fpint/xrt_hw_u55c_c1_f100_fpint_tcu_noDcache_L2cache_90f22d2615/bin,f9d4c06cee4c6e36c642ff55483c0dd89e2a213a6dc34439696792e38ae26795,0,1,explicit,pass,0,,,/home/jaeyongjang/project.local/vortex/analysis_workspace/latency_on_hw/outputs_main/naive_simd/runs/20260605T112840620515Z/raw/1ebc5e5c7f.csv,/home/jaeyongjang/project.local/vortex/analysis_workspace/latency_on_hw/outputs_main_power/naive_simd/runs/20260620T083122700862Z/power/1ebc5e5c7f.csv,/home/jaeyongjang/project.local/vortex/analysis_workspace/latency_on_hw/outputs_main_power/naive_simd/runs/20260620T083122700862Z/power/1ebc5e5c7f.summary.csv,1,1,77,10.143397,11.5425,11.770369,11.8845,,/home/jaeyongjang/project.local/vortex/analysis_workspace/latency_on_hw/outputs_main/naive_simd/runs/20260605T112840620515Z/logs/1ebc5e5c7f.log,8.924,1.0,1128304.219,1128304.219,1128304.219,1128304.219,1128304.219
20260605T112840620515Z,2026-06-05T23:29:10+00:00,naive_simd,7167e1bd1281,fpint_improve,0,prefill_merged_naive_simd,llama2_7b_prefill_C4_alone_batch1_prefill_seq_len512_qblk32_prefill_layout_attn_qkT_to_softmax_detile,318fef2b1d,detile_output,layout,layout_attn_qkT_to_softmax_detile,detile_output,all_fpint_gemm_improve_alone_layout_spinquant,prefill,layout_attn_qkT_to_softmax_detile,-m 512 -n 512,"{""M"": 512, ""N"": 512, ""consumer"": ""attn_softmax"", ""layout_from"": ""gemm_c_tiled"", ""layout_group"": ""attn_qkT_to_softmax"", ""layout_to"": ""row_major"", ""producer"": ""attn_qkT""}",1024.0,/opt/vortex_fpga_bins/fpint/xrt_hw_u55c_c1_f100_fpint_tcu_noDcache_L2cache_90f22d2615/bin,f9d4c06cee4c6e36c642ff55483c0dd89e2a213a6dc34439696792e38ae26795,0,1,explicit,pass,0,,,/home/jaeyongjang/project.local/vortex/analysis_workspace/latency_on_hw/outputs_main/naive_simd/runs/20260605T112840620515Z/raw/318fef2b1d.csv,/home/jaeyongjang/project.local/vortex/analysis_workspace/latency_on_hw/outputs_main_power/naive_simd/runs/20260620T083122700862Z/power/318fef2b1d.csv,/home/jaeyongjang/project.local/vortex/analysis_workspace/latency_on_hw/outputs_main_power/naive_simd/runs/20260620T083122700862Z/power/318fef2b1d.summary.csv,1,1,77,10.100598,11.4469,11.844219,12.0555,,/home/jaeyongjang/project.local/vortex/analysis_workspace/latency_on_hw/outputs_main/naive_simd/runs/20260605T112840620515Z/logs/318fef2b1d.log,7.132,1.0,142257.788,142257.788,142257.788,142257.788,142257.788
20260605T112840620515Z,2026-06-05T23:29:10+00:00,naive_simd,7167e1bd1281,fpint_improve,0,prefill_merged_naive_simd,llama2_7b_prefill_C4_alone_batch1_prefill_seq_len512_qblk32_prefill_layout_attn_pv_to_head_concat_detile,a53dad1733,detile_output,layout,layout_attn_pv_to_head_concat_detile,detile_output,all_fpint_gemm_improve_alone_layout_spinquant,prefill,layout_attn_pv_to_head_concat_detile,-m 512 -n 128,"{""M"": 512, ""N"": 128, ""consumer"": ""attn_head_concat"", ""layout_from"": ""gemm_c_tiled"", ""layout_group"": ""attn_pv_to_head_concat"", ""layout_to"": ""row_major"", ""producer"": ""attn_pv""}",1024.0,/opt/vortex_fpga_bins/fpint/xrt_hw_u55c_c1_f100_fpint_tcu_noDcache_L2cache_90f22d2615/bin,f9d4c06cee4c6e36c642ff55483c0dd89e2a213a6dc34439696792e38ae26795,0,1,explicit,pass,0,,,/home/jaeyongjang/project.local/vortex/analysis_workspace/latency_on_hw/outputs_main/naive_simd/runs/20260605T112840620515Z/raw/a53dad1733.csv,/home/jaeyongjang/project.local/vortex/analysis_workspace/latency_on_hw/outputs_main_power/naive_simd/runs/20260620T083122700862Z/power/a53dad1733.csv,/home/jaeyongjang/project.local/vortex/analysis_workspace/latency_on_hw/outputs_main_power/naive_simd/runs/20260620T083122700862Z/power/a53dad1733.summary.csv,1,1,78,10.064606,11.628,11.834605,12.0588,,/home/jaeyongjang/project.local/vortex/analysis_workspace/latency_on_hw/outputs_main/naive_simd/runs/20260605T112840620515Z/logs/a53dad1733.log,7.286,1.0,36545.876,36545.876,36545.876,36545.876,36545.876
20260605T112840620515Z,2026-06-05T23:29:10+00:00,naive_simd,7167e1bd1281,fpint_improve,0,prefill_merged_naive_simd,llama2_7b_prefill_C4_alone_batch1_prefill_seq_len512_qblk32_prefill_layout_gate_proj_to_mlp_silu_detile,6809b0197e,detile_output,layout,layout_gate_proj_to_mlp_silu_detile,detile_output,all_fpint_gemm_improve_alone_layout_spinquant,prefill,layout_gate_proj_to_mlp_silu_detile,-m 512 -n 11008,"{""M"": 512, ""N"": 11008, ""consumer"": ""mlp_silu"", ""layout_from"": ""gemm_c_tiled"", ""layout_group"": ""gate_proj_to_mlp_silu"", ""layout_to"": ""row_major"", ""producer"": ""gate_proj""}",32.0,/opt/vortex_fpga_bins/fpint/xrt_hw_u55c_c1_f100_fpint_tcu_noDcache_L2cache_90f22d2615/bin,f9d4c06cee4c6e36c642ff55483c0dd89e2a213a6dc34439696792e38ae26795,0,1,explicit,pass,0,,,/home/jaeyongjang/project.local/vortex/analysis_workspace/latency_on_hw/outputs_main/naive_simd/runs/20260605T112840620515Z/raw/6809b0197e.csv,/home/jaeyongjang/project.local/vortex/analysis_workspace/latency_on_hw/outputs_main_power/naive_simd/runs/20260620T083122700862Z/power/6809b0197e.csv,/home/jaeyongjang/project.local/vortex/analysis_workspace/latency_on_hw/outputs_main_power/naive_simd/runs/20260620T083122700862Z/power/6809b0197e.summary.csv,1,1,74,12.119372,11.7029,11.835641,11.97,,/home/jaeyongjang/project.local/vortex/analysis_workspace/latency_on_hw/outputs_main/naive_simd/runs/20260605T112840620515Z/logs/6809b0197e.log,12.747,1.0,3033996.475,3033996.475,3033996.475,3033996.475,3033996.475
20260605T112840620515Z,2026-06-05T23:29:10+00:00,naive_simd,7167e1bd1281,fpint_improve,0,prefill_merged_naive_simd,llama2_7b_prefill_C4_alone_batch1_prefill_seq_len1024_qblk32_prefill_layout_q_proj_to_rope_q_detile,b514ac5e70,detile_output,layout,layout_q_proj_to_rope_q_detile,detile_output,all_fpint_gemm_improve_alone_layout_spinquant,prefill,layout_q_proj_to_rope_q_detile,-m 1024 -n 4096,"{""M"": 1024, ""N"": 4096, ""consumer"": ""rope_q"", ""layout_from"": ""gemm_c_tiled"", ""layout_group"": ""q_proj_to_rope_q"", ""layout_to"": ""row_major"", ""producer"": ""q_proj""}",32.0,/opt/vortex_fpga_bins/fpint/xrt_hw_u55c_c1_f100_fpint_tcu_noDcache_L2cache_90f22d2615/bin,f9d4c06cee4c6e36c642ff55483c0dd89e2a213a6dc34439696792e38ae26795,0,1,explicit,pass,0,,,/home/jaeyongjang/project.local/vortex/analysis_workspace/latency_on_hw/outputs_main/naive_simd/runs/20260605T112840620515Z/raw/b514ac5e70.csv,,,1,0,,,,,,,/home/jaeyongjang/project.local/vortex/analysis_workspace/latency_on_hw/outputs_main/naive_simd/runs/20260605T112840620515Z/logs/b514ac5e70.log,10.812,1.0,2254848.543,2254848.543,2254848.543,2254848.543,2254848.543
20260605T112840620515Z,2026-06-05T23:29:10+00:00,naive_simd,7167e1bd1281,fpint_improve,0,prefill_merged_naive_simd,llama2_7b_prefill_C4_alone_batch1_prefill_seq_len1024_qblk32_prefill_layout_attn_qkT_to_softmax_detile,365784d0ab,detile_output,layout,layout_attn_qkT_to_softmax_detile,detile_output,all_fpint_gemm_improve_alone_layout_spinquant,prefill,layout_attn_qkT_to_softmax_detile,-m 1024 -n 1024,"{""M"": 1024, ""N"": 1024, ""consumer"": ""attn_softmax"", ""layout_from"": ""gemm_c_tiled"", ""layout_group"": ""attn_qkT_to_softmax"", ""layout_to"": ""row_major"", ""producer"": ""attn_qkT""}",1024.0,/opt/vortex_fpga_bins/fpint/xrt_hw_u55c_c1_f100_fpint_tcu_noDcache_L2cache_90f22d2615/bin,f9d4c06cee4c6e36c642ff55483c0dd89e2a213a6dc34439696792e38ae26795,0,1,explicit,pass,0,,,/home/jaeyongjang/project.local/vortex/analysis_workspace/latency_on_hw/outputs_main/naive_simd/runs/20260605T112840620515Z/raw/365784d0ab.csv,,,1,0,,,,,,,/home/jaeyongjang/project.local/vortex/analysis_workspace/latency_on_hw/outputs_main/naive_simd/runs/20260605T112840620515Z/logs/365784d0ab.log,8.466,1.0,563283.908,563283.908,563283.908,563283.908,563283.908
20260605T112840620515Z,2026-06-05T23:29:10+00:00,naive_simd,7167e1bd1281,fpint_improve,0,prefill_merged_naive_simd,llama2_7b_prefill_C4_alone_batch1_prefill_seq_len1024_qblk32_prefill_layout_attn_pv_to_head_concat_detile,406ea49a44,detile_output,layout,layout_attn_pv_to_head_concat_detile,detile_output,all_fpint_gemm_improve_alone_layout_spinquant,prefill,layout_attn_pv_to_head_concat_detile,-m 1024 -n 128,"{""M"": 1024, ""N"": 128, ""consumer"": ""attn_head_concat"", ""layout_from"": ""gemm_c_tiled"", ""layout_group"": ""attn_pv_to_head_concat"", ""layout_to"": ""row_major"", ""producer"": ""attn_pv""}",1024.0,/opt/vortex_fpga_bins/fpint/xrt_hw_u55c_c1_f100_fpint_tcu_noDcache_L2cache_90f22d2615/bin,f9d4c06cee4c6e36c642ff55483c0dd89e2a213a6dc34439696792e38ae26795,0,1,explicit,pass,0,,,/home/jaeyongjang/project.local/vortex/analysis_workspace/latency_on_hw/outputs_main/naive_simd/runs/20260605T112840620515Z/raw/406ea49a44.csv,,,1,0,,,,,,,/home/jaeyongjang/project.local/vortex/analysis_workspace/latency_on_hw/outputs_main/naive_simd/runs/20260605T112840620515Z/logs/406ea49a44.log,7.195,1.0,72374.396,72374.396,72374.396,72374.396,72374.396
20260605T112840620515Z,2026-06-05T23:29:10+00:00,naive_simd,7167e1bd1281,fpint_improve,0,prefill_merged_naive_simd,llama2_7b_prefill_C4_alone_batch1_prefill_seq_len1024_qblk32_prefill_layout_gate_proj_to_mlp_silu_detile,c22d844953,detile_output,layout,layout_gate_proj_to_mlp_silu_detile,detile_output,all_fpint_gemm_improve_alone_layout_spinquant,prefill,layout_gate_proj_to_mlp_silu_detile,-m 1024 -n 11008,"{""M"": 1024, ""N"": 11008, ""consumer"": ""mlp_silu"", ""layout_from"": ""gemm_c_tiled"", ""layout_group"": ""gate_proj_to_mlp_silu"", ""layout_to"": ""row_major"", ""producer"": ""gate_proj""}",32.0,/opt/vortex_fpga_bins/fpint/xrt_hw_u55c_c1_f100_fpint_tcu_noDcache_L2cache_90f22d2615/bin,f9d4c06cee4c6e36c642ff55483c0dd89e2a213a6dc34439696792e38ae26795,0,1,explicit,pass,0,,,/home/jaeyongjang/project.local/vortex/analysis_workspace/latency_on_hw/outputs_main/naive_simd/runs/20260605T112840620515Z/raw/c22d844953.csv,,,1,0,,,,,,,/home/jaeyongjang/project.local/vortex/analysis_workspace/latency_on_hw/outputs_main/naive_simd/runs/20260605T112840620515Z/logs/c22d844953.log,17.556,1.0,6059063.35,6059063.35,6059063.35,6059063.35,6059063.35
20260605T112840620515Z,2026-06-05T23:29:10+00:00,naive_simd,7167e1bd1281,fpint_improve,0,prefill_merged_naive_simd,llama2_7b_prefill_C4_alone_batch1_prefill_seq_len2048_qblk32_prefill_layout_q_proj_to_rope_q_detile,7a094f849c,detile_output,layout,layout_q_proj_to_rope_q_detile,detile_output,all_fpint_gemm_improve_alone_layout_spinquant,prefill,layout_q_proj_to_rope_q_detile,-m 2048 -n 4096,"{""M"": 2048, ""N"": 4096, ""consumer"": ""rope_q"", ""layout_from"": ""gemm_c_tiled"", ""layout_group"": ""q_proj_to_rope_q"", ""layout_to"": ""row_major"", ""producer"": ""q_proj""}",32.0,/opt/vortex_fpga_bins/fpint/xrt_hw_u55c_c1_f100_fpint_tcu_noDcache_L2cache_90f22d2615/bin,f9d4c06cee4c6e36c642ff55483c0dd89e2a213a6dc34439696792e38ae26795,0,1,explicit,pass,0,,,/home/jaeyongjang/project.local/vortex/analysis_workspace/latency_on_hw/outputs_main/naive_simd/runs/20260605T112840620515Z/raw/7a094f849c.csv,,,1,0,,,,,,,/home/jaeyongjang/project.local/vortex/analysis_workspace/latency_on_hw/outputs_main/naive_simd/runs/20260605T112840620515Z/logs/7a094f849c.log,14.619,1.0,4516415.852,4516415.852,4516415.852,4516415.852,4516415.852
20260605T112840620515Z,2026-06-05T23:29:10+00:00,naive_simd,7167e1bd1281,fpint_improve,0,prefill_merged_naive_simd,llama2_7b_prefill_C4_alone_batch1_prefill_seq_len2048_qblk32_prefill_layout_attn_qkT_to_softmax_detile,03d0e96514,detile_output,layout,layout_attn_qkT_to_softmax_detile,detile_output,all_fpint_gemm_improve_alone_layout_spinquant,prefill,layout_attn_qkT_to_softmax_detile,-m 2048 -n 2048,"{""M"": 2048, ""N"": 2048, ""consumer"": ""attn_softmax"", ""layout_from"": ""gemm_c_tiled"", ""layout_group"": ""attn_qkT_to_softmax"", ""layout_to"": ""row_major"", ""producer"": ""attn_qkT""}",1024.0,/opt/vortex_fpga_bins/fpint/xrt_hw_u55c_c1_f100_fpint_tcu_noDcache_L2cache_90f22d2615/bin,f9d4c06cee4c6e36c642ff55483c0dd89e2a213a6dc34439696792e38ae26795,0,1,explicit,pass,0,,,/home/jaeyongjang/project.local/vortex/analysis_workspace/latency_on_hw/outputs_main/naive_simd/runs/20260605T112840620515Z/raw/03d0e96514.csv,,,1,0,,,,,,,/home/jaeyongjang/project.local/vortex/analysis_workspace/latency_on_hw/outputs_main/naive_simd/runs/20260605T112840620515Z/logs/03d0e96514.log,10.707,1.0,2252193.641,2252193.641,2252193.641,2252193.641,2252193.641
20260605T112840620515Z,2026-06-05T23:29:10+00:00,naive_simd,7167e1bd1281,fpint_improve,0,prefill_merged_naive_simd,llama2_7b_prefill_C4_alone_batch1_prefill_seq_len2048_qblk32_prefill_layout_attn_pv_to_head_concat_detile,1b02fb7be1,detile_output,layout,layout_attn_pv_to_head_concat_detile,detile_output,all_fpint_gemm_improve_alone_layout_spinquant,prefill,layout_attn_pv_to_head_concat_detile,-m 2048 -n 128,"{""M"": 2048, ""N"": 128, ""consumer"": ""attn_head_concat"", ""layout_from"": ""gemm_c_tiled"", ""layout_group"": ""attn_pv_to_head_concat"", ""layout_to"": ""row_major"", ""producer"": ""attn_pv""}",1024.0,/opt/vortex_fpga_bins/fpint/xrt_hw_u55c_c1_f100_fpint_tcu_noDcache_L2cache_90f22d2615/bin,f9d4c06cee4c6e36c642ff55483c0dd89e2a213a6dc34439696792e38ae26795,0,1,explicit,pass,0,,,/home/jaeyongjang/project.local/vortex/analysis_workspace/latency_on_hw/outputs_main/naive_simd/runs/20260605T112840620515Z/raw/1b02fb7be1.csv,,,1,0,,,,,,,/home/jaeyongjang/project.local/vortex/analysis_workspace/latency_on_hw/outputs_main/naive_simd/runs/20260605T112840620515Z/logs/1b02fb7be1.log,7.820,1.0,141411.335,141411.335,141411.335,141411.335,141411.335
20260605T112840620515Z,2026-06-05T23:29:10+00:00,naive_simd,7167e1bd1281,fpint_improve,0,prefill_merged_naive_simd,llama2_7b_prefill_C4_alone_batch1_prefill_seq_len2048_qblk32_prefill_layout_gate_proj_to_mlp_silu_detile,1c4644cc62,detile_output,layout,layout_gate_proj_to_mlp_silu_detile,detile_output,all_fpint_gemm_improve_alone_layout_spinquant,prefill,layout_gate_proj_to_mlp_silu_detile,-m 2048 -n 11008,"{""M"": 2048, ""N"": 11008, ""consumer"": ""mlp_silu"", ""layout_from"": ""gemm_c_tiled"", ""layout_group"": ""gate_proj_to_mlp_silu"", ""layout_to"": ""row_major"", ""producer"": ""gate_proj""}",32.0,/opt/vortex_fpga_bins/fpint/xrt_hw_u55c_c1_f100_fpint_tcu_noDcache_L2cache_90f22d2615/bin,f9d4c06cee4c6e36c642ff55483c0dd89e2a213a6dc34439696792e38ae26795,0,1,explicit,pass,0,,,/home/jaeyongjang/project.local/vortex/analysis_workspace/latency_on_hw/outputs_main/naive_simd/runs/20260605T112840620515Z/raw/1c4644cc62.csv,,,1,0,,,,,,,/home/jaeyongjang/project.local/vortex/analysis_workspace/latency_on_hw/outputs_main/naive_simd/runs/20260605T112840620515Z/logs/1c4644cc62.log,27.041,1.0,12142573.365,12142573.365,12142573.365,12142573.365,12142573.365
20260605T112840620515Z,2026-06-05T23:29:10+00:00,naive_simd,7167e1bd1281,fpint_improve,0,prefill_merged_naive_simd,llama2_7b_prefill_C4_alone_batch1_prefill_seq_len4096_qblk32_prefill_layout_q_proj_to_rope_q_detile,6dd123da1f,detile_output,layout,layout_q_proj_to_rope_q_detile,detile_output,all_fpint_gemm_improve_alone_layout_spinquant,prefill,layout_q_proj_to_rope_q_detile,-m 4096 -n 4096,"{""M"": 4096, ""N"": 4096, ""consumer"": ""rope_q"", ""layout_from"": ""gemm_c_tiled"", ""layout_group"": ""q_proj_to_rope_q"", ""layout_to"": ""row_major"", ""producer"": ""q_proj""}",32.0,/opt/vortex_fpga_bins/fpint/xrt_hw_u55c_c1_f100_fpint_tcu_noDcache_L2cache_90f22d2615/bin,f9d4c06cee4c6e36c642ff55483c0dd89e2a213a6dc34439696792e38ae26795,0,1,explicit,pass,0,,,/home/jaeyongjang/project.local/vortex/analysis_workspace/latency_on_hw/outputs_main/naive_simd/runs/20260605T112840620515Z/raw/6dd123da1f.csv,,,1,0,,,,,,,/home/jaeyongjang/project.local/vortex/analysis_workspace/latency_on_hw/outputs_main/naive_simd/runs/20260605T112840620515Z/logs/6dd123da1f.log,21.282,1.0,9019402.404,9019402.404,9019402.404,9019402.404,9019402.404
20260605T112840620515Z,2026-06-05T23:29:10+00:00,naive_simd,7167e1bd1281,fpint_improve,0,prefill_merged_naive_simd,llama2_7b_prefill_C4_alone_batch1_prefill_seq_len4096_qblk32_prefill_layout_attn_pv_to_head_concat_detile,19bdb2c5ea,detile_output,layout,layout_attn_pv_to_head_concat_detile,detile_output,all_fpint_gemm_improve_alone_layout_spinquant,prefill,layout_attn_pv_to_head_concat_detile,-m 4096 -n 128,"{""M"": 4096, ""N"": 128, ""consumer"": ""attn_head_concat"", ""layout_from"": ""gemm_c_tiled"", ""layout_group"": ""attn_pv_to_head_concat"", ""layout_to"": ""row_major"", ""producer"": ""attn_pv""}",1024.0,/opt/vortex_fpga_bins/fpint/xrt_hw_u55c_c1_f100_fpint_tcu_noDcache_L2cache_90f22d2615/bin,f9d4c06cee4c6e36c642ff55483c0dd89e2a213a6dc34439696792e38ae26795,0,1,explicit,pass,0,,,/home/jaeyongjang/project.local/vortex/analysis_workspace/latency_on_hw/outputs_main/naive_simd/runs/20260605T112840620515Z/raw/19bdb2c5ea.csv,,,1,0,,,,,,,/home/jaeyongjang/project.local/vortex/analysis_workspace/latency_on_hw/outputs_main/naive_simd/runs/20260605T112840620515Z/logs/19bdb2c5ea.log,7.836,1.0,284193.277,284193.277,284193.277,284193.277,284193.277
20260605T112840620515Z,2026-06-05T23:29:10+00:00,naive_simd,7167e1bd1281,fpint_improve,0,prefill_merged_naive_simd,llama2_7b_prefill_C4_alone_batch1_prefill_seq_len4096_qblk32_prefill_layout_gate_proj_to_mlp_silu_detile,92728f970e,detile_output,layout,layout_gate_proj_to_mlp_silu_detile,detile_output,all_fpint_gemm_improve_alone_layout_spinquant,prefill,layout_gate_proj_to_mlp_silu_detile,-m 4096 -n 11008,"{""M"": 4096, ""N"": 11008, ""consumer"": ""mlp_silu"", ""layout_from"": ""gemm_c_tiled"", ""layout_group"": ""gate_proj_to_mlp_silu"", ""layout_to"": ""row_major"", ""producer"": ""gate_proj""}",32.0,/opt/vortex_fpga_bins/fpint/xrt_hw_u55c_c1_f100_fpint_tcu_noDcache_L2cache_90f22d2615/bin,f9d4c06cee4c6e36c642ff55483c0dd89e2a213a6dc34439696792e38ae26795,0,1,explicit,pass,0,,,/home/jaeyongjang/project.local/vortex/analysis_workspace/latency_on_hw/outputs_main/naive_simd/runs/20260605T112840620515Z/raw/92728f970e.csv,,,1,0,,,,,,,/home/jaeyongjang/project.local/vortex/analysis_workspace/latency_on_hw/outputs_main/naive_simd/runs/20260605T112840620515Z/logs/92728f970e.log,46.727,1.0,24298789.416,24298789.416,24298789.416,24298789.416,24298789.416
20260605T112840620515Z,2026-06-05T23:29:10+00:00,naive_simd,7167e1bd1281,fpint_improve,0,prefill_merged_naive_simd,llama2_7b_prefill_C4_alone_batch2_prefill_seq_len4096_qblk32_prefill_layout_q_proj_to_rope_q_detile,41ed5f81ed,detile_output,layout,layout_q_proj_to_rope_q_detile,detile_output,all_fpint_gemm_improve_alone_layout_spinquant,prefill,layout_q_proj_to_rope_q_detile,-m 8192 -n 4096,"{""M"": 8192, ""N"": 4096, ""consumer"": ""rope_q"", ""layout_from"": ""gemm_c_tiled"", ""layout_group"": ""q_proj_to_rope_q"", ""layout_to"": ""row_major"", ""producer"": ""q_proj""}",32.0,/opt/vortex_fpga_bins/fpint/xrt_hw_u55c_c1_f100_fpint_tcu_noDcache_L2cache_90f22d2615/bin,f9d4c06cee4c6e36c642ff55483c0dd89e2a213a6dc34439696792e38ae26795,0,1,explicit,pass,0,,,/home/jaeyongjang/project.local/vortex/analysis_workspace/latency_on_hw/outputs_main/naive_simd/runs/20260605T112840620515Z/raw/41ed5f81ed.csv,,,1,0,,,,,,,/home/jaeyongjang/project.local/vortex/analysis_workspace/latency_on_hw/outputs_main/naive_simd/runs/20260605T112840620515Z/logs/41ed5f81ed.log,35.715,1.0,18087247.138,18087247.138,18087247.138,18087247.138,18087247.138
20260605T112840620515Z,2026-06-05T23:29:10+00:00,naive_simd,7167e1bd1281,fpint_improve,0,prefill_merged_naive_simd,llama2_7b_prefill_C4_alone_batch2_prefill_seq_len4096_qblk32_prefill_layout_gate_proj_to_mlp_silu_detile,667652a4fc,detile_output,layout,layout_gate_proj_to_mlp_silu_detile,detile_output,all_fpint_gemm_improve_alone_layout_spinquant,prefill,layout_gate_proj_to_mlp_silu_detile,-m 8192 -n 11008,"{""M"": 8192, ""N"": 11008, ""consumer"": ""mlp_silu"", ""layout_from"": ""gemm_c_tiled"", ""layout_group"": ""gate_proj_to_mlp_silu"", ""layout_to"": ""row_major"", ""producer"": ""gate_proj""}",32.0,/opt/vortex_fpga_bins/fpint/xrt_hw_u55c_c1_f100_fpint_tcu_noDcache_L2cache_90f22d2615/bin,f9d4c06cee4c6e36c642ff55483c0dd89e2a213a6dc34439696792e38ae26795,0,1,explicit,pass,0,,,/home/jaeyongjang/project.local/vortex/analysis_workspace/latency_on_hw/outputs_main/naive_simd/runs/20260605T112840620515Z/raw/667652a4fc.csv,,,1,0,,,,,,,/home/jaeyongjang/project.local/vortex/analysis_workspace/latency_on_hw/outputs_main/naive_simd/runs/20260605T112840620515Z/logs/667652a4fc.log,91.860,1.0,48491353.14,48491353.14,48491353.14,48491353.14,48491353.14
20260605T112840620515Z,2026-06-05T23:29:10+00:00,naive_simd,7167e1bd1281,fpint_improve,0,prefill_merged_naive_simd,llama2_7b_prefill_C4_alone_batch4_prefill_seq_len4096_qblk32_prefill_layout_q_proj_to_rope_q_detile,e660bd4b24,detile_output,layout,layout_q_proj_to_rope_q_detile,detile_output,all_fpint_gemm_improve_alone_layout_spinquant,prefill,layout_q_proj_to_rope_q_detile,-m 16384 -n 4096,"{""M"": 16384, ""N"": 4096, ""consumer"": ""rope_q"", ""layout_from"": ""gemm_c_tiled"", ""layout_group"": ""q_proj_to_rope_q"", ""layout_to"": ""row_major"", ""producer"": ""q_proj""}",32.0,/opt/vortex_fpga_bins/fpint/xrt_hw_u55c_c1_f100_fpint_tcu_noDcache_L2cache_90f22d2615/bin,f9d4c06cee4c6e36c642ff55483c0dd89e2a213a6dc34439696792e38ae26795,0,1,explicit,pass,0,,,/home/jaeyongjang/project.local/vortex/analysis_workspace/latency_on_hw/outputs_main/naive_simd/runs/20260605T112840620515Z/raw/e660bd4b24.csv,,,1,0,,,,,,,/home/jaeyongjang/project.local/vortex/analysis_workspace/latency_on_hw/outputs_main/naive_simd/runs/20260605T112840620515Z/logs/e660bd4b24.log,64.354,1.0,36099550.27,36099550.27,36099550.27,36099550.27,36099550.27
20260605T112840620515Z,2026-06-05T23:29:10+00:00,naive_simd,7167e1bd1281,fpint_improve,0,prefill_merged_naive_simd,llama2_7b_prefill_C4_alone_batch4_prefill_seq_len4096_qblk32_prefill_layout_gate_proj_to_mlp_silu_detile,f4148d0883,detile_output,layout,layout_gate_proj_to_mlp_silu_detile,detile_output,all_fpint_gemm_improve_alone_layout_spinquant,prefill,layout_gate_proj_to_mlp_silu_detile,-m 16384 -n 11008,"{""M"": 16384, ""N"": 11008, ""consumer"": ""mlp_silu"", ""layout_from"": ""gemm_c_tiled"", ""layout_group"": ""gate_proj_to_mlp_silu"", ""layout_to"": ""row_major"", ""producer"": ""gate_proj""}",32.0,/opt/vortex_fpga_bins/fpint/xrt_hw_u55c_c1_f100_fpint_tcu_noDcache_L2cache_90f22d2615/bin,f9d4c06cee4c6e36c642ff55483c0dd89e2a213a6dc34439696792e38ae26795,0,1,explicit,pass,0,,,/home/jaeyongjang/project.local/vortex/analysis_workspace/latency_on_hw/outputs_main/naive_simd/runs/20260605T112840620515Z/raw/f4148d0883.csv,,,1,0,,,,,,,/home/jaeyongjang/project.local/vortex/analysis_workspace/latency_on_hw/outputs_main/naive_simd/runs/20260605T112840620515Z/logs/f4148d0883.log,173.974,1.0,97009117.905,97009117.905,97009117.905,97009117.905,97009117.905
20260605T112840620515Z,2026-06-05T23:29:10+00:00,naive_simd,7167e1bd1281,fpint_improve,0,prefill_merged_naive_simd,llama2_7b_prefill_C4_alone_batch8_prefill_seq_len4096_qblk32_prefill_layout_q_proj_to_rope_q_detile,84edbc4321,detile_output,layout,layout_q_proj_to_rope_q_detile,detile_output,all_fpint_gemm_improve_alone_layout_spinquant,prefill,layout_q_proj_to_rope_q_detile,-m 32768 -n 4096,"{""M"": 32768, ""N"": 4096, ""consumer"": ""rope_q"", ""layout_from"": ""gemm_c_tiled"", ""layout_group"": ""q_proj_to_rope_q"", ""layout_to"": ""row_major"", ""producer"": ""q_proj""}",32.0,/opt/vortex_fpga_bins/fpint/xrt_hw_u55c_c1_f100_fpint_tcu_noDcache_L2cache_90f22d2615/bin,f9d4c06cee4c6e36c642ff55483c0dd89e2a213a6dc34439696792e38ae26795,0,1,explicit,pass,0,,,/home/jaeyongjang/project.local/vortex/analysis_workspace/latency_on_hw/outputs_main/naive_simd/runs/20260605T112840620515Z/raw/84edbc4321.csv,,,1,0,,,,,,,/home/jaeyongjang/project.local/vortex/analysis_workspace/latency_on_hw/outputs_main/naive_simd/runs/20260605T112840620515Z/logs/84edbc4321.log,123.703,1.0,72058507.461,72058507.461,72058507.461,72058507.461,72058507.461
20260605T112840620515Z,2026-06-05T23:29:10+00:00,naive_simd,7167e1bd1281,fpint_improve,0,prefill_merged_naive_simd,llama2_7b_prefill_C4_alone_batch1_prefill_seq_len512_qblk32_prefill_layout_input_layernorm_to_qkv,af804ee07a,tile_input_a,layout,layout_input_layernorm_to_qkv,tile_input_a,all_fpint_gemm_improve_alone_layout_spinquant,prefill,layout_input_layernorm_to_qkv,-m 512 -k 4096,"{""K"": 4096, ""M"": 512, ""consumer"": ""q_proj,k_proj,v_proj"", ""layout_from"": ""row_major"", ""layout_group"": ""input_layernorm_to_qkv"", ""layout_to"": ""gemm_a_tiled"", ""producer"": ""input_layernorm""}",32.0,/opt/vortex_fpga_bins/fpint/xrt_hw_u55c_c1_f100_fpint_tcu_noDcache_L2cache_90f22d2615/bin,f9d4c06cee4c6e36c642ff55483c0dd89e2a213a6dc34439696792e38ae26795,0,1,explicit,pass,0,,,/home/jaeyongjang/project.local/vortex/analysis_workspace/latency_on_hw/outputs_main/naive_simd/runs/20260605T112840620515Z/raw/af804ee07a.csv,/home/jaeyongjang/project.local/vortex/analysis_workspace/latency_on_hw/outputs_main_power/naive_simd/runs/20260620T083122700862Z/power/af804ee07a.csv,/home/jaeyongjang/project.local/vortex/analysis_workspace/latency_on_hw/outputs_main_power/naive_simd/runs/20260620T083122700862Z/power/af804ee07a.summary.csv,1,1,81,10.491731,11.628,11.860844,12.0555,,/home/jaeyongjang/project.local/vortex/analysis_workspace/latency_on_hw/outputs_main/naive_simd/runs/20260605T112840620515Z/logs/af804ee07a.log,18.244,1.0,504946.994,504946.994,504946.994,504946.994,504946.994
20260605T112840620515Z,2026-06-05T23:29:10+00:00,naive_simd,7167e1bd1281,fpint_improve,0,prefill_merged_naive_simd,llama2_7b_prefill_C4_alone_batch1_prefill_seq_len512_qblk32_prefill_layout_rope_q_to_attn_qkT,b2ce6fb088,tile_input_a,layout,layout_rope_q_to_attn_qkT,tile_input_a,all_fpint_gemm_improve_alone_layout_spinquant,prefill,layout_rope_q_to_attn_qkT,-m 512 -k 128,"{""K"": 128, ""M"": 512, ""consumer"": ""attn_qkT"", ""layout_from"": ""row_major_fp16"", ""layout_group"": ""spinquant_r3_q_hadamard_to_attn_qkT"", ""layout_to"": ""gemm_a_tiled"", ""producer"": ""spinquant_r3_q_hadamard""}",1024.0,/opt/vortex_fpga_bins/fpint/xrt_hw_u55c_c1_f100_fpint_tcu_noDcache_L2cache_90f22d2615/bin,f9d4c06cee4c6e36c642ff55483c0dd89e2a213a6dc34439696792e38ae26795,0,1,explicit,pass,0,,,/home/jaeyongjang/project.local/vortex/analysis_workspace/latency_on_hw/outputs_main/naive_simd/runs/20260605T112840620515Z/raw/b2ce6fb088.csv,/home/jaeyongjang/project.local/vortex/analysis_workspace/latency_on_hw/outputs_main_power/naive_simd/runs/20260620T101914700705Z/power/b2ce6fb088.csv,/home/jaeyongjang/project.local/vortex/analysis_workspace/latency_on_hw/outputs_main_power/naive_simd/runs/20260620T101914700705Z/power/b2ce6fb088.summary.csv,1,1,79,10.23066,11.6312,11.985329,12.1442,,/home/jaeyongjang/project.local/vortex/analysis_workspace/latency_on_hw/outputs_main/naive_simd/runs/20260605T112840620515Z/logs/b2ce6fb088.log,7.364,1.0,17465.463,17465.463,17465.463,17465.463,17465.463
20260605T112840620515Z,2026-06-05T23:29:10+00:00,naive_simd,7167e1bd1281,fpint_improve,0,prefill_merged_naive_simd,llama2_7b_prefill_C4_alone_batch1_prefill_seq_len512_qblk32_prefill_layout_attn_softmax_to_attn_pv,b9191ec9e8,tile_input_a,layout,layout_attn_softmax_to_attn_pv,tile_input_a,all_fpint_gemm_improve_alone_layout_spinquant,prefill,layout_attn_softmax_to_attn_pv,-m 512 -k 512,"{""K"": 512, ""M"": 512, ""consumer"": ""attn_pv"", ""layout_from"": ""row_major"", ""layout_group"": ""attn_softmax_to_attn_pv"", ""layout_to"": ""gemm_a_tiled"", ""producer"": ""attn_softmax""}",1024.0,/opt/vortex_fpga_bins/fpint/xrt_hw_u55c_c1_f100_fpint_tcu_noDcache_L2cache_90f22d2615/bin,f9d4c06cee4c6e36c642ff55483c0dd89e2a213a6dc34439696792e38ae26795,0,1,explicit,pass,0,,,/home/jaeyongjang/project.local/vortex/analysis_workspace/latency_on_hw/outputs_main/naive_simd/runs/20260605T112840620515Z/raw/b9191ec9e8.csv,/home/jaeyongjang/project.local/vortex/analysis_workspace/latency_on_hw/outputs_main_power/naive_simd/runs/20260620T101914700705Z/power/b9191ec9e8.csv,/home/jaeyongjang/project.local/vortex/analysis_workspace/latency_on_hw/outputs_main_power/naive_simd/runs/20260620T101914700705Z/power/b9191ec9e8.summary.csv,1,1,80,10.374157,11.7135,11.929031,12.0555,,/home/jaeyongjang/project.local/vortex/analysis_workspace/latency_on_hw/outputs_main/naive_simd/runs/20260605T112840620515Z/logs/b9191ec9e8.log,7.196,1.0,67710.007,67710.007,67710.007,67710.007,67710.007
20260605T112840620515Z,2026-06-05T23:29:10+00:00,naive_simd,7167e1bd1281,fpint_improve,0,prefill_merged_naive_simd,llama2_7b_prefill_C4_alone_batch1_prefill_seq_len512_qblk32_prefill_layout_mlp_elmul_to_down_proj,3e4aad2d5b,tile_input_a,layout,layout_mlp_elmul_to_down_proj,tile_input_a,all_fpint_gemm_improve_alone_layout_spinquant,prefill,layout_mlp_elmul_to_down_proj,-m 512 -k 11008,"{""K"": 11008, ""M"": 512, ""consumer"": ""down_proj"", ""layout_from"": ""row_major_fp16"", ""layout_group"": ""spinquant_r4_hadamard_to_down_proj"", ""layout_to"": ""gemm_a_tiled"", ""producer"": ""spinquant_r4_mlp_hadamard""}",32.0,/opt/vortex_fpga_bins/fpint/xrt_hw_u55c_c1_f100_fpint_tcu_noDcache_L2cache_90f22d2615/bin,f9d4c06cee4c6e36c642ff55483c0dd89e2a213a6dc34439696792e38ae26795,0,1,explicit,pass,0,,,/home/jaeyongjang/project.local/vortex/analysis_workspace/latency_on_hw/outputs_main/naive_simd/runs/20260605T112840620515Z/raw/3e4aad2d5b.csv,/home/jaeyongjang/project.local/vortex/analysis_workspace/latency_on_hw/outputs_main_power/naive_simd/runs/20260621T134138709255Z/power/3e4aad2d5b.csv,/home/jaeyongjang/project.local/vortex/analysis_workspace/latency_on_hw/outputs_main_power/naive_simd/runs/20260621T134138709255Z/power/3e4aad2d5b.summary.csv,1,1,51,4.251073,11.5322,11.900051,12.1443,,/home/jaeyongjang/project.local/vortex/analysis_workspace/latency_on_hw/outputs_main/naive_simd/runs/20260605T112840620515Z/logs/3e4aad2d5b.log,11.225,1.0,1436313.36,1436313.36,1436313.36,1436313.36,1436313.36
20260605T112840620515Z,2026-06-05T23:29:10+00:00,naive_simd,7167e1bd1281,fpint_improve,0,prefill_merged_naive_simd,llama2_7b_prefill_C4_alone_batch1_prefill_seq_len1024_qblk32_prefill_layout_input_layernorm_to_qkv,b60bd03929,tile_input_a,layout,layout_input_layernorm_to_qkv,tile_input_a,all_fpint_gemm_improve_alone_layout_spinquant,prefill,layout_input_layernorm_to_qkv,-m 1024 -k 4096,"{""K"": 4096, ""M"": 1024, ""consumer"": ""q_proj,k_proj,v_proj"", ""layout_from"": ""row_major"", ""layout_group"": ""input_layernorm_to_qkv"", ""layout_to"": ""gemm_a_tiled"", ""producer"": ""input_layernorm""}",32.0,/opt/vortex_fpga_bins/fpint/xrt_hw_u55c_c1_f100_fpint_tcu_noDcache_L2cache_90f22d2615/bin,f9d4c06cee4c6e36c642ff55483c0dd89e2a213a6dc34439696792e38ae26795,0,1,explicit,pass,0,,,/home/jaeyongjang/project.local/vortex/analysis_workspace/latency_on_hw/outputs_main/naive_simd/runs/20260605T112840620515Z/raw/b60bd03929.csv,,,1,0,,,,,,,/home/jaeyongjang/project.local/vortex/analysis_workspace/latency_on_hw/outputs_main/naive_simd/runs/20260605T112840620515Z/logs/b60bd03929.log,10.097,1.0,1073349.69,1073349.69,1073349.69,1073349.69,1073349.69
20260605T112840620515Z,2026-06-05T23:29:10+00:00,naive_simd,7167e1bd1281,fpint_improve,0,prefill_merged_naive_simd,llama2_7b_prefill_C4_alone_batch1_prefill_seq_len1024_qblk32_prefill_layout_rope_q_to_attn_qkT,49b93018e5,tile_input_a,layout,layout_rope_q_to_attn_qkT,tile_input_a,all_fpint_gemm_improve_alone_layout_spinquant,prefill,layout_rope_q_to_attn_qkT,-m 1024 -k 128,"{""K"": 128, ""M"": 1024, ""consumer"": ""attn_qkT"", ""layout_from"": ""row_major_fp16"", ""layout_group"": ""spinquant_r3_q_hadamard_to_attn_qkT"", ""layout_to"": ""gemm_a_tiled"", ""producer"": ""spinquant_r3_q_hadamard""}",1024.0,/opt/vortex_fpga_bins/fpint/xrt_hw_u55c_c1_f100_fpint_tcu_noDcache_L2cache_90f22d2615/bin,f9d4c06cee4c6e36c642ff55483c0dd89e2a213a6dc34439696792e38ae26795,0,1,explicit,pass,0,,,/home/jaeyongjang/project.local/vortex/analysis_workspace/latency_on_hw/outputs_main/naive_simd/runs/20260605T112840620515Z/raw/49b93018e5.csv,,,1,0,,,,,,,/home/jaeyongjang/project.local/vortex/analysis_workspace/latency_on_hw/outputs_main/naive_simd/runs/20260605T112840620515Z/logs/49b93018e5.log,7.185,1.0,33367.946,33367.946,33367.946,33367.946,33367.946
20260605T112840620515Z,2026-06-05T23:29:10+00:00,naive_simd,7167e1bd1281,fpint_improve,0,prefill_merged_naive_simd,llama2_7b_prefill_C4_alone_batch1_prefill_seq_len1024_qblk32_prefill_layout_attn_softmax_to_attn_pv,92bc4b070a,tile_input_a,layout,layout_attn_softmax_to_attn_pv,tile_input_a,all_fpint_gemm_improve_alone_layout_spinquant,prefill,layout_attn_softmax_to_attn_pv,-m 1024 -k 1024,"{""K"": 1024, ""M"": 1024, ""consumer"": ""attn_pv"", ""layout_from"": ""row_major"", ""layout_group"": ""attn_softmax_to_attn_pv"", ""layout_to"": ""gemm_a_tiled"", ""producer"": ""attn_softmax""}",1024.0,/opt/vortex_fpga_bins/fpint/xrt_hw_u55c_c1_f100_fpint_tcu_noDcache_L2cache_90f22d2615/bin,f9d4c06cee4c6e36c642ff55483c0dd89e2a213a6dc34439696792e38ae26795,0,1,explicit,pass,0,,,/home/jaeyongjang/project.local/vortex/analysis_workspace/latency_on_hw/outputs_main/naive_simd/runs/20260605T112840620515Z/raw/92bc4b070a.csv,,,1,0,,,,,,,/home/jaeyongjang/project.local/vortex/analysis_workspace/latency_on_hw/outputs_main/naive_simd/runs/20260605T112840620515Z/logs/92bc4b070a.log,8.212,1.0,253366.58,253366.58,253366.58,253366.58,253366.58
20260605T112840620515Z,2026-06-05T23:29:10+00:00,naive_simd,7167e1bd1281,fpint_improve,0,prefill_merged_naive_simd,llama2_7b_prefill_C4_alone_batch1_prefill_seq_len1024_qblk32_prefill_layout_mlp_elmul_to_down_proj,480d436dd0,tile_input_a,layout,layout_mlp_elmul_to_down_proj,tile_input_a,all_fpint_gemm_improve_alone_layout_spinquant,prefill,layout_mlp_elmul_to_down_proj,-m 1024 -k 11008,"{""K"": 11008, ""M"": 1024, ""consumer"": ""down_proj"", ""layout_from"": ""row_major_fp16"", ""layout_group"": ""spinquant_r4_hadamard_to_down_proj"", ""layout_to"": ""gemm_a_tiled"", ""producer"": ""spinquant_r4_mlp_hadamard""}",32.0,/opt/vortex_fpga_bins/fpint/xrt_hw_u55c_c1_f100_fpint_tcu_noDcache_L2cache_90f22d2615/bin,f9d4c06cee4c6e36c642ff55483c0dd89e2a213a6dc34439696792e38ae26795,0,1,explicit,pass,0,,,/home/jaeyongjang/project.local/vortex/analysis_workspace/latency_on_hw/outputs_main/naive_simd/runs/20260605T112840620515Z/raw/480d436dd0.csv,,,1,0,,,,,,,/home/jaeyongjang/project.local/vortex/analysis_workspace/latency_on_hw/outputs_main/naive_simd/runs/20260605T112840620515Z/logs/480d436dd0.log,14.333,1.0,2808511.933,2808511.933,2808511.933,2808511.933,2808511.933
20260605T112840620515Z,2026-06-05T23:29:10+00:00,naive_simd,7167e1bd1281,fpint_improve,0,prefill_merged_naive_simd,llama2_7b_prefill_C4_alone_batch1_prefill_seq_len2048_qblk32_prefill_layout_input_layernorm_to_qkv,e6e49e55bb,tile_input_a,layout,layout_input_layernorm_to_qkv,tile_input_a,all_fpint_gemm_improve_alone_layout_spinquant,prefill,layout_input_layernorm_to_qkv,-m 2048 -k 4096,"{""K"": 4096, ""M"": 2048, ""consumer"": ""q_proj,k_proj,v_proj"", ""layout_from"": ""row_major"", ""layout_group"": ""input_layernorm_to_qkv"", ""layout_to"": ""gemm_a_tiled"", ""producer"": ""input_layernorm""}",32.0,/opt/vortex_fpga_bins/fpint/xrt_hw_u55c_c1_f100_fpint_tcu_noDcache_L2cache_90f22d2615/bin,f9d4c06cee4c6e36c642ff55483c0dd89e2a213a6dc34439696792e38ae26795,0,1,explicit,pass,0,,,/home/jaeyongjang/project.local/vortex/analysis_workspace/latency_on_hw/outputs_main/naive_simd/runs/20260605T112840620515Z/raw/e6e49e55bb.csv,,,1,0,,,,,,,/home/jaeyongjang/project.local/vortex/analysis_workspace/latency_on_hw/outputs_main/naive_simd/runs/20260605T112840620515Z/logs/e6e49e55bb.log,12.486,1.0,2055045.586,2055045.586,2055045.586,2055045.586,2055045.586
20260605T112840620515Z,2026-06-05T23:29:10+00:00,naive_simd,7167e1bd1281,fpint_improve,0,prefill_merged_naive_simd,llama2_7b_prefill_C4_alone_batch1_prefill_seq_len2048_qblk32_prefill_layout_rope_q_to_attn_qkT,ca83fca874,tile_input_a,layout,layout_rope_q_to_attn_qkT,tile_input_a,all_fpint_gemm_improve_alone_layout_spinquant,prefill,layout_rope_q_to_attn_qkT,-m 2048 -k 128,"{""K"": 128, ""M"": 2048, ""consumer"": ""attn_qkT"", ""layout_from"": ""row_major_fp16"", ""layout_group"": ""spinquant_r3_q_hadamard_to_attn_qkT"", ""layout_to"": ""gemm_a_tiled"", ""producer"": ""spinquant_r3_q_hadamard""}",1024.0,/opt/vortex_fpga_bins/fpint/xrt_hw_u55c_c1_f100_fpint_tcu_noDcache_L2cache_90f22d2615/bin,f9d4c06cee4c6e36c642ff55483c0dd89e2a213a6dc34439696792e38ae26795,0,1,explicit,pass,0,,,/home/jaeyongjang/project.local/vortex/analysis_workspace/latency_on_hw/outputs_main/naive_simd/runs/20260605T112840620515Z/raw/ca83fca874.csv,,,1,0,,,,,,,/home/jaeyongjang/project.local/vortex/analysis_workspace/latency_on_hw/outputs_main/naive_simd/runs/20260605T112840620515Z/logs/ca83fca874.log,7.793,1.0,65060.716,65060.716,65060.716,65060.716,65060.716
20260605T112840620515Z,2026-06-05T23:29:10+00:00,naive_simd,7167e1bd1281,fpint_improve,0,prefill_merged_naive_simd,llama2_7b_prefill_C4_alone_batch1_prefill_seq_len2048_qblk32_prefill_layout_attn_softmax_to_attn_pv,6ad25d6b9e,tile_input_a,layout,layout_attn_softmax_to_attn_pv,tile_input_a,all_fpint_gemm_improve_alone_layout_spinquant,prefill,layout_attn_softmax_to_attn_pv,-m 2048 -k 2048,"{""K"": 2048, ""M"": 2048, ""consumer"": ""attn_pv"", ""layout_from"": ""row_major"", ""layout_group"": ""attn_softmax_to_attn_pv"", ""layout_to"": ""gemm_a_tiled"", ""producer"": ""attn_softmax""}",1024.0,/opt/vortex_fpga_bins/fpint/xrt_hw_u55c_c1_f100_fpint_tcu_noDcache_L2cache_90f22d2615/bin,f9d4c06cee4c6e36c642ff55483c0dd89e2a213a6dc34439696792e38ae26795,0,1,explicit,pass,0,,,/home/jaeyongjang/project.local/vortex/analysis_workspace/latency_on_hw/outputs_main/naive_simd/runs/20260605T112840620515Z/raw/6ad25d6b9e.csv,,,1,0,,,,,,,/home/jaeyongjang/project.local/vortex/analysis_workspace/latency_on_hw/outputs_main/naive_simd/runs/20260605T112840620515Z/logs/6ad25d6b9e.log,9.378,1.0,1079051.592,1079051.592,1079051.592,1079051.592,1079051.592
20260605T112840620515Z,2026-06-05T23:29:10+00:00,naive_simd,7167e1bd1281,fpint_improve,0,prefill_merged_naive_simd,llama2_7b_prefill_C4_alone_batch1_prefill_seq_len2048_qblk32_prefill_layout_mlp_elmul_to_down_proj,61fada9407,tile_input_a,layout,layout_mlp_elmul_to_down_proj,tile_input_a,all_fpint_gemm_improve_alone_layout_spinquant,prefill,layout_mlp_elmul_to_down_proj,-m 2048 -k 11008,"{""K"": 11008, ""M"": 2048, ""consumer"": ""down_proj"", ""layout_from"": ""row_major_fp16"", ""layout_group"": ""spinquant_r4_hadamard_to_down_proj"", ""layout_to"": ""gemm_a_tiled"", ""producer"": ""spinquant_r4_mlp_hadamard""}",32.0,/opt/vortex_fpga_bins/fpint/xrt_hw_u55c_c1_f100_fpint_tcu_noDcache_L2cache_90f22d2615/bin,f9d4c06cee4c6e36c642ff55483c0dd89e2a213a6dc34439696792e38ae26795,0,1,explicit,pass,0,,,/home/jaeyongjang/project.local/vortex/analysis_workspace/latency_on_hw/outputs_main/naive_simd/runs/20260605T112840620515Z/raw/61fada9407.csv,,,1,0,,,,,,,/home/jaeyongjang/project.local/vortex/analysis_workspace/latency_on_hw/outputs_main/naive_simd/runs/20260605T112840620515Z/logs/61fada9407.log,20.340,1.0,5555092.56,5555092.56,5555092.56,5555092.56,5555092.56
20260605T112840620515Z,2026-06-05T23:29:10+00:00,naive_simd,7167e1bd1281,fpint_improve,0,prefill_merged_naive_simd,llama2_7b_prefill_C4_alone_batch1_prefill_seq_len4096_qblk32_prefill_layout_input_layernorm_to_qkv,fd5afef75a,tile_input_a,layout,layout_input_layernorm_to_qkv,tile_input_a,all_fpint_gemm_improve_alone_layout_spinquant,prefill,layout_input_layernorm_to_qkv,-m 4096 -k 4096,"{""K"": 4096, ""M"": 4096, ""consumer"": ""q_proj,k_proj,v_proj"", ""layout_from"": ""row_major"", ""layout_group"": ""input_layernorm_to_qkv"", ""layout_to"": ""gemm_a_tiled"", ""producer"": ""input_layernorm""}",32.0,/opt/vortex_fpga_bins/fpint/xrt_hw_u55c_c1_f100_fpint_tcu_noDcache_L2cache_90f22d2615/bin,f9d4c06cee4c6e36c642ff55483c0dd89e2a213a6dc34439696792e38ae26795,0,1,explicit,pass,0,,,/home/jaeyongjang/project.local/vortex/analysis_workspace/latency_on_hw/outputs_main/naive_simd/runs/20260605T112840620515Z/raw/fd5afef75a.csv,,,1,0,,,,,,,/home/jaeyongjang/project.local/vortex/analysis_workspace/latency_on_hw/outputs_main/naive_simd/runs/20260605T112840620515Z/logs/fd5afef75a.log,17.362,1.0,4565881.333,4565881.333,4565881.333,4565881.333,4565881.333
20260605T112840620515Z,2026-06-05T23:29:10+00:00,naive_simd,7167e1bd1281,fpint_improve,0,prefill_merged_naive_simd,llama2_7b_prefill_C4_alone_batch1_prefill_seq_len4096_qblk32_prefill_layout_rope_q_to_attn_qkT,044a68248f,tile_input_a,layout,layout_rope_q_to_attn_qkT,tile_input_a,all_fpint_gemm_improve_alone_layout_spinquant,prefill,layout_rope_q_to_attn_qkT,-m 4096 -k 128,"{""K"": 128, ""M"": 4096, ""consumer"": ""attn_qkT"", ""layout_from"": ""row_major_fp16"", ""layout_group"": ""spinquant_r3_q_hadamard_to_attn_qkT"", ""layout_to"": ""gemm_a_tiled"", ""producer"": ""spinquant_r3_q_hadamard""}",1024.0,/opt/vortex_fpga_bins/fpint/xrt_hw_u55c_c1_f100_fpint_tcu_noDcache_L2cache_90f22d2615/bin,f9d4c06cee4c6e36c642ff55483c0dd89e2a213a6dc34439696792e38ae26795,0,1,explicit,pass,0,,,/home/jaeyongjang/project.local/vortex/analysis_workspace/latency_on_hw/outputs_main/naive_simd/runs/20260605T112840620515Z/raw/044a68248f.csv,,,1,0,,,,,,,/home/jaeyongjang/project.local/vortex/analysis_workspace/latency_on_hw/outputs_main/naive_simd/runs/20260605T112840620515Z/logs/044a68248f.log,7.787,1.0,136218.834,136218.834,136218.834,136218.834,136218.834
20260605T112840620515Z,2026-06-05T23:29:10+00:00,naive_simd,7167e1bd1281,fpint_improve,0,prefill_merged_naive_simd,llama2_7b_prefill_C4_alone_batch1_prefill_seq_len4096_qblk32_prefill_layout_mlp_elmul_to_down_proj,2c6131a8d2,tile_input_a,layout,layout_mlp_elmul_to_down_proj,tile_input_a,all_fpint_gemm_improve_alone_layout_spinquant,prefill,layout_mlp_elmul_to_down_proj,-m 4096 -k 11008,"{""K"": 11008, ""M"": 4096, ""consumer"": ""down_proj"", ""layout_from"": ""row_major_fp16"", ""layout_group"": ""spinquant_r4_hadamard_to_down_proj"", ""layout_to"": ""gemm_a_tiled"", ""producer"": ""spinquant_r4_mlp_hadamard""}",32.0,/opt/vortex_fpga_bins/fpint/xrt_hw_u55c_c1_f100_fpint_tcu_noDcache_L2cache_90f22d2615/bin,f9d4c06cee4c6e36c642ff55483c0dd89e2a213a6dc34439696792e38ae26795,0,1,explicit,pass,0,,,/home/jaeyongjang/project.local/vortex/analysis_workspace/latency_on_hw/outputs_main/naive_simd/runs/20260605T112840620515Z/raw/2c6131a8d2.csv,,,1,0,,,,,,,/home/jaeyongjang/project.local/vortex/analysis_workspace/latency_on_hw/outputs_main/naive_simd/runs/20260605T112840620515Z/logs/2c6131a8d2.log,34.425,1.0,11343969.644,11343969.644,11343969.644,11343969.644,11343969.644
20260605T112840620515Z,2026-06-05T23:29:10+00:00,naive_simd,7167e1bd1281,fpint_improve,0,prefill_merged_naive_simd,llama2_7b_prefill_C4_alone_batch2_prefill_seq_len4096_qblk32_prefill_layout_input_layernorm_to_qkv,d19b995fee,tile_input_a,layout,layout_input_layernorm_to_qkv,tile_input_a,all_fpint_gemm_improve_alone_layout_spinquant,prefill,layout_input_layernorm_to_qkv,-m 8192 -k 4096,"{""K"": 4096, ""M"": 8192, ""consumer"": ""q_proj,k_proj,v_proj"", ""layout_from"": ""row_major"", ""layout_group"": ""input_layernorm_to_qkv"", ""layout_to"": ""gemm_a_tiled"", ""producer"": ""input_layernorm""}",32.0,/opt/vortex_fpga_bins/fpint/xrt_hw_u55c_c1_f100_fpint_tcu_noDcache_L2cache_90f22d2615/bin,f9d4c06cee4c6e36c642ff55483c0dd89e2a213a6dc34439696792e38ae26795,0,1,explicit,pass,0,,,/home/jaeyongjang/project.local/vortex/analysis_workspace/latency_on_hw/outputs_main/naive_simd/runs/20260605T112840620515Z/raw/d19b995fee.csv,,,1,0,,,,,,,/home/jaeyongjang/project.local/vortex/analysis_workspace/latency_on_hw/outputs_main/naive_simd/runs/20260605T112840620515Z/logs/d19b995fee.log,28.042,1.0,8882202.323,8882202.323,8882202.323,8882202.323,8882202.323
20260605T112840620515Z,2026-06-05T23:29:10+00:00,naive_simd,7167e1bd1281,fpint_improve,0,prefill_merged_naive_simd,llama2_7b_prefill_C4_alone_batch2_prefill_seq_len4096_qblk32_prefill_layout_mlp_elmul_to_down_proj,02dc3b54bb,tile_input_a,layout,layout_mlp_elmul_to_down_proj,tile_input_a,all_fpint_gemm_improve_alone_layout_spinquant,prefill,layout_mlp_elmul_to_down_proj,-m 8192 -k 11008,"{""K"": 11008, ""M"": 8192, ""consumer"": ""down_proj"", ""layout_from"": ""row_major_fp16"", ""layout_group"": ""spinquant_r4_hadamard_to_down_proj"", ""layout_to"": ""gemm_a_tiled"", ""producer"": ""spinquant_r4_mlp_hadamard""}",32.0,/opt/vortex_fpga_bins/fpint/xrt_hw_u55c_c1_f100_fpint_tcu_noDcache_L2cache_90f22d2615/bin,f9d4c06cee4c6e36c642ff55483c0dd89e2a213a6dc34439696792e38ae26795,0,1,explicit,pass,0,,,/home/jaeyongjang/project.local/vortex/analysis_workspace/latency_on_hw/outputs_main/naive_simd/runs/20260605T112840620515Z/raw/02dc3b54bb.csv,,,1,0,,,,,,,/home/jaeyongjang/project.local/vortex/analysis_workspace/latency_on_hw/outputs_main/naive_simd/runs/20260605T112840620515Z/logs/02dc3b54bb.log,61.098,1.0,22820625.434,22820625.434,22820625.434,22820625.434,22820625.434
20260605T112840620515Z,2026-06-05T23:29:10+00:00,naive_simd,7167e1bd1281,fpint_improve,0,prefill_merged_naive_simd,llama2_7b_prefill_C4_alone_batch4_prefill_seq_len4096_qblk32_prefill_layout_mlp_elmul_to_down_proj,c9c1454b11,tile_input_a,layout,layout_mlp_elmul_to_down_proj,tile_input_a,all_fpint_gemm_improve_alone_layout_spinquant,prefill,layout_mlp_elmul_to_down_proj,-m 16384 -k 11008,"{""K"": 11008, ""M"": 16384, ""consumer"": ""down_proj"", ""layout_from"": ""row_major_fp16"", ""layout_group"": ""spinquant_r4_hadamard_to_down_proj"", ""layout_to"": ""gemm_a_tiled"", ""producer"": ""spinquant_r4_mlp_hadamard""}",32.0,/opt/vortex_fpga_bins/fpint/xrt_hw_u55c_c1_f100_fpint_tcu_noDcache_L2cache_90f22d2615/bin,f9d4c06cee4c6e36c642ff55483c0dd89e2a213a6dc34439696792e38ae26795,0,1,explicit,pass,0,,,/home/jaeyongjang/project.local/vortex/analysis_workspace/latency_on_hw/outputs_main/naive_simd/runs/20260605T112840620515Z/raw/c9c1454b11.csv,,,1,0,,,,,,,/home/jaeyongjang/project.local/vortex/analysis_workspace/latency_on_hw/outputs_main/naive_simd/runs/20260605T112840620515Z/logs/c9c1454b11.log,124.612,1.0,45910482.647,45910482.647,45910482.647,45910482.647,45910482.647
20260605T112840620515Z,2026-06-05T23:29:10+00:00,naive_simd,7167e1bd1281,fpint_improve,0,prefill_merged_naive_simd,llama2_7b_prefill_C4_alone_batch8_prefill_seq_len4096_qblk32_prefill_layout_input_layernorm_to_qkv,a886642af5,tile_input_a,layout,layout_input_layernorm_to_qkv,tile_input_a,all_fpint_gemm_improve_alone_layout_spinquant,prefill,layout_input_layernorm_to_qkv,-m 32768 -k 4096,"{""K"": 4096, ""M"": 32768, ""consumer"": ""q_proj,k_proj,v_proj"", ""layout_from"": ""row_major"", ""layout_group"": ""input_layernorm_to_qkv"", ""layout_to"": ""gemm_a_tiled"", ""producer"": ""input_layernorm""}",32.0,/opt/vortex_fpga_bins/fpint/xrt_hw_u55c_c1_f100_fpint_tcu_noDcache_L2cache_90f22d2615/bin,f9d4c06cee4c6e36c642ff55483c0dd89e2a213a6dc34439696792e38ae26795,0,1,explicit,pass,0,,,/home/jaeyongjang/project.local/vortex/analysis_workspace/latency_on_hw/outputs_main/naive_simd/runs/20260605T112840620515Z/raw/a886642af5.csv,,,1,0,,,,,,,/home/jaeyongjang/project.local/vortex/analysis_workspace/latency_on_hw/outputs_main/naive_simd/runs/20260605T112840620515Z/logs/a886642af5.log,89.759,1.0,35364216.397,35364216.397,35364216.397,35364216.397,35364216.397
20260605T112840620515Z,2026-06-05T23:29:10+00:00,naive_simd,7167e1bd1281,fpint_improve,0,prefill_merged_naive_simd,llama2_7b_prefill_C4_alone_batch1_prefill_seq_len512_qblk32_prefill_layout_rope_k_qparams_to_attn_qkT,67708ad49d,tile_scale_zp_w4a16,layout,layout_rope_k_qparams_to_attn_qkT,tile_scale_zp_w4a16,all_fpint_gemm_improve_alone_layout_spinquant,prefill,layout_rope_k_qparams_to_attn_qkT,-k 512 -n 128 -q 128 -d 1 --gemm-qdir 0 --source-transposed,"{""K"": 512, ""N"": 128, ""QBLK"": 128, ""QDIR"": 1, ""cache_len"": 512, ""cache_update"": ""full"", ""consumer"": ""attn_qkT"", ""gemm_QDIR"": 0, ""layout_from"": ""qparams_row_major"", ""layout_group"": ""rope_k_to_attn_qkT"", ""layout_to"": ""sz_gemm_tiled_transposed"", ""producer"": ""kv_cache_quant_rope_k_to_attn_qkT"", ""source_QDIR"": 1, ""source_transposed"": true}",1024.0,/opt/vortex_fpga_bins/fpint/xrt_hw_u55c_c1_f100_fpint_tcu_noDcache_L2cache_90f22d2615/bin,f9d4c06cee4c6e36c642ff55483c0dd89e2a213a6dc34439696792e38ae26795,0,1,explicit,pass,0,,,/home/jaeyongjang/project.local/vortex/analysis_workspace/latency_on_hw/outputs_main/naive_simd/runs/20260605T112840620515Z/raw/67708ad49d.csv,/home/jaeyongjang/project.local/vortex/analysis_workspace/latency_on_hw/outputs_main_power/naive_simd/runs/20260622T004947137617Z/power/67708ad49d.csv,/home/jaeyongjang/project.local/vortex/analysis_workspace/latency_on_hw/outputs_main_power/naive_simd/runs/20260622T004947137617Z/power/67708ad49d.summary.csv,1,1,0,,,,,,/home/jaeyongjang/project.local/vortex/analysis_workspace/latency_on_hw/outputs_main/naive_simd/runs/20260605T112840620515Z/logs/67708ad49d.log,16.258,1.0,2782.064,2782.064,2782.064,2782.064,2782.064
20260605T112840620515Z,2026-06-05T23:29:10+00:00,naive_simd,7167e1bd1281,fpint_improve,0,prefill_merged_naive_simd,llama2_7b_prefill_C4_alone_batch1_prefill_seq_len512_qblk32_prefill_layout_v_cache_qparams_to_attn_pv,0739d889f4,tile_scale_zp_w4a16,layout,layout_v_cache_qparams_to_attn_pv,tile_scale_zp_w4a16,all_fpint_gemm_improve_alone_layout_spinquant,prefill,layout_v_cache_qparams_to_attn_pv,-k 512 -n 128 -q 128 -d 1 --gemm-qdir 1,"{""K"": 512, ""N"": 128, ""QBLK"": 128, ""QDIR"": 1, ""cache_len"": 512, ""cache_update"": ""full"", ""consumer"": ""attn_pv"", ""gemm_QDIR"": 1, ""layout_from"": ""qparams_row_major"", ""layout_group"": ""v_cache_to_attn_pv"", ""layout_to"": ""sz_gemm_tiled"", ""producer"": ""kv_cache_quant_v_cache_to_attn_pv"", ""source_QDIR"": 1}",1024.0,/opt/vortex_fpga_bins/fpint/xrt_hw_u55c_c1_f100_fpint_tcu_noDcache_L2cache_90f22d2615/bin,f9d4c06cee4c6e36c642ff55483c0dd89e2a213a6dc34439696792e38ae26795,0,1,explicit,pass,0,,,/home/jaeyongjang/project.local/vortex/analysis_workspace/latency_on_hw/outputs_main/naive_simd/runs/20260605T112840620515Z/raw/0739d889f4.csv,/home/jaeyongjang/project.local/vortex/analysis_workspace/latency_on_hw/outputs_main_power/naive_simd/runs/20260622T004947137617Z/power/0739d889f4.csv,/home/jaeyongjang/project.local/vortex/analysis_workspace/latency_on_hw/outputs_main_power/naive_simd/runs/20260622T004947137617Z/power/0739d889f4.summary.csv,1,1,0,,,,,,/home/jaeyongjang/project.local/vortex/analysis_workspace/latency_on_hw/outputs_main/naive_simd/runs/20260605T112840620515Z/logs/0739d889f4.log,7.469,1.0,4790.847,4790.847,4790.847,4790.847,4790.847
20260605T112840620515Z,2026-06-05T23:29:10+00:00,naive_simd,7167e1bd1281,fpint_improve,0,prefill_merged_naive_simd,llama2_7b_prefill_C4_alone_batch1_prefill_seq_len1024_qblk32_prefill_layout_rope_k_qparams_to_attn_qkT,f799e12fe6,tile_scale_zp_w4a16,layout,layout_rope_k_qparams_to_attn_qkT,tile_scale_zp_w4a16,all_fpint_gemm_improve_alone_layout_spinquant,prefill,layout_rope_k_qparams_to_attn_qkT,-k 1024 -n 128 -q 128 -d 1 --gemm-qdir 0 --source-transposed,"{""K"": 1024, ""N"": 128, ""QBLK"": 128, ""QDIR"": 1, ""cache_len"": 1024, ""cache_update"": ""full"", ""consumer"": ""attn_qkT"", ""gemm_QDIR"": 0, ""layout_from"": ""qparams_row_major"", ""layout_group"": ""rope_k_to_attn_qkT"", ""layout_to"": ""sz_gemm_tiled_transposed"", ""producer"": ""kv_cache_quant_rope_k_to_attn_qkT"", ""source_QDIR"": 1, ""source_transposed"": true}",1024.0,/opt/vortex_fpga_bins/fpint/xrt_hw_u55c_c1_f100_fpint_tcu_noDcache_L2cache_90f22d2615/bin,f9d4c06cee4c6e36c642ff55483c0dd89e2a213a6dc34439696792e38ae26795,0,1,explicit,pass,0,,,/home/jaeyongjang/project.local/vortex/analysis_workspace/latency_on_hw/outputs_main/naive_simd/runs/20260605T112840620515Z/raw/f799e12fe6.csv,,,1,0,,,,,,,/home/jaeyongjang/project.local/vortex/analysis_workspace/latency_on_hw/outputs_main/naive_simd/runs/20260605T112840620515Z/logs/f799e12fe6.log,7.298,1.0,4846.362,4846.362,4846.362,4846.362,4846.362
20260605T112840620515Z,2026-06-05T23:29:10+00:00,naive_simd,7167e1bd1281,fpint_improve,0,prefill_merged_naive_simd,llama2_7b_prefill_C4_alone_batch1_prefill_seq_len1024_qblk32_prefill_layout_v_cache_qparams_to_attn_pv,44ff23325b,tile_scale_zp_w4a16,layout,layout_v_cache_qparams_to_attn_pv,tile_scale_zp_w4a16,all_fpint_gemm_improve_alone_layout_spinquant,prefill,layout_v_cache_qparams_to_attn_pv,-k 1024 -n 128 -q 128 -d 1 --gemm-qdir 1,"{""K"": 1024, ""N"": 128, ""QBLK"": 128, ""QDIR"": 1, ""cache_len"": 1024, ""cache_update"": ""full"", ""consumer"": ""attn_pv"", ""gemm_QDIR"": 1, ""layout_from"": ""qparams_row_major"", ""layout_group"": ""v_cache_to_attn_pv"", ""layout_to"": ""sz_gemm_tiled"", ""producer"": ""kv_cache_quant_v_cache_to_attn_pv"", ""source_QDIR"": 1}",1024.0,/opt/vortex_fpga_bins/fpint/xrt_hw_u55c_c1_f100_fpint_tcu_noDcache_L2cache_90f22d2615/bin,f9d4c06cee4c6e36c642ff55483c0dd89e2a213a6dc34439696792e38ae26795,0,1,explicit,pass,0,,,/home/jaeyongjang/project.local/vortex/analysis_workspace/latency_on_hw/outputs_main/naive_simd/runs/20260605T112840620515Z/raw/44ff23325b.csv,,,1,0,,,,,,,/home/jaeyongjang/project.local/vortex/analysis_workspace/latency_on_hw/outputs_main/naive_simd/runs/20260605T112840620515Z/logs/44ff23325b.log,7.265,1.0,8007.373,8007.373,8007.373,8007.373,8007.373
20260605T112840620515Z,2026-06-05T23:29:10+00:00,naive_simd,7167e1bd1281,fpint_improve,0,prefill_merged_naive_simd,llama2_7b_prefill_C4_alone_batch1_prefill_seq_len2048_qblk32_prefill_layout_rope_k_qparams_to_attn_qkT,0bc17e9442,tile_scale_zp_w4a16,layout,layout_rope_k_qparams_to_attn_qkT,tile_scale_zp_w4a16,all_fpint_gemm_improve_alone_layout_spinquant,prefill,layout_rope_k_qparams_to_attn_qkT,-k 2048 -n 128 -q 128 -d 1 --gemm-qdir 0 --source-transposed,"{""K"": 2048, ""N"": 128, ""QBLK"": 128, ""QDIR"": 1, ""cache_len"": 2048, ""cache_update"": ""full"", ""consumer"": ""attn_qkT"", ""gemm_QDIR"": 0, ""layout_from"": ""qparams_row_major"", ""layout_group"": ""rope_k_to_attn_qkT"", ""layout_to"": ""sz_gemm_tiled_transposed"", ""producer"": ""kv_cache_quant_rope_k_to_attn_qkT"", ""source_QDIR"": 1, ""source_transposed"": true}",1024.0,/opt/vortex_fpga_bins/fpint/xrt_hw_u55c_c1_f100_fpint_tcu_noDcache_L2cache_90f22d2615/bin,f9d4c06cee4c6e36c642ff55483c0dd89e2a213a6dc34439696792e38ae26795,0,1,explicit,pass,0,,,/home/jaeyongjang/project.local/vortex/analysis_workspace/latency_on_hw/outputs_main/naive_simd/runs/20260605T112840620515Z/raw/0bc17e9442.csv,,,1,0,,,,,,,/home/jaeyongjang/project.local/vortex/analysis_workspace/latency_on_hw/outputs_main/naive_simd/runs/20260605T112840620515Z/logs/0bc17e9442.log,7.077,1.0,6902.904,6902.904,6902.904,6902.904,6902.904
20260605T112840620515Z,2026-06-05T23:29:10+00:00,naive_simd,7167e1bd1281,fpint_improve,0,prefill_merged_naive_simd,llama2_7b_prefill_C4_alone_batch1_prefill_seq_len2048_qblk32_prefill_layout_v_cache_qparams_to_attn_pv,de9faae5cf,tile_scale_zp_w4a16,layout,layout_v_cache_qparams_to_attn_pv,tile_scale_zp_w4a16,all_fpint_gemm_improve_alone_layout_spinquant,prefill,layout_v_cache_qparams_to_attn_pv,-k 2048 -n 128 -q 128 -d 1 --gemm-qdir 1,"{""K"": 2048, ""N"": 128, ""QBLK"": 128, ""QDIR"": 1, ""cache_len"": 2048, ""cache_update"": ""full"", ""consumer"": ""attn_pv"", ""gemm_QDIR"": 1, ""layout_from"": ""qparams_row_major"", ""layout_group"": ""v_cache_to_attn_pv"", ""layout_to"": ""sz_gemm_tiled"", ""producer"": ""kv_cache_quant_v_cache_to_attn_pv"", ""source_QDIR"": 1}",1024.0,/opt/vortex_fpga_bins/fpint/xrt_hw_u55c_c1_f100_fpint_tcu_noDcache_L2cache_90f22d2615/bin,f9d4c06cee4c6e36c642ff55483c0dd89e2a213a6dc34439696792e38ae26795,0,1,explicit,pass,0,,,/home/jaeyongjang/project.local/vortex/analysis_workspace/latency_on_hw/outputs_main/naive_simd/runs/20260605T112840620515Z/raw/de9faae5cf.csv,,,1,0,,,,,,,/home/jaeyongjang/project.local/vortex/analysis_workspace/latency_on_hw/outputs_main/naive_simd/runs/20260605T112840620515Z/logs/de9faae5cf.log,7.503,1.0,13345.339,13345.339,13345.339,13345.339,13345.339
20260605T112840620515Z,2026-06-05T23:29:10+00:00,naive_simd,7167e1bd1281,fpint_improve,0,prefill_merged_naive_simd,llama2_7b_prefill_C4_alone_batch1_prefill_seq_len4096_qblk32_prefill_layout_rope_k_qparams_to_attn_qkT,111eb59393,tile_scale_zp_w4a16,layout,layout_rope_k_qparams_to_attn_qkT,tile_scale_zp_w4a16,all_fpint_gemm_improve_alone_layout_spinquant,prefill,layout_rope_k_qparams_to_attn_qkT,-k 4096 -n 128 -q 128 -d 1 --gemm-qdir 0 --source-transposed,"{""K"": 4096, ""N"": 128, ""QBLK"": 128, ""QDIR"": 1, ""cache_len"": 4096, ""cache_update"": ""full"", ""consumer"": ""attn_qkT"", ""gemm_QDIR"": 0, ""layout_from"": ""qparams_row_major"", ""layout_group"": ""rope_k_to_attn_qkT"", ""layout_to"": ""sz_gemm_tiled_transposed"", ""producer"": ""kv_cache_quant_rope_k_to_attn_qkT"", ""source_QDIR"": 1, ""source_transposed"": true}",1024.0,/opt/vortex_fpga_bins/fpint/xrt_hw_u55c_c1_f100_fpint_tcu_noDcache_L2cache_90f22d2615/bin,f9d4c06cee4c6e36c642ff55483c0dd89e2a213a6dc34439696792e38ae26795,0,1,explicit,pass,0,,,/home/jaeyongjang/project.local/vortex/analysis_workspace/latency_on_hw/outputs_main/naive_simd/runs/20260605T112840620515Z/raw/111eb59393.csv,,,1,0,,,,,,,/home/jaeyongjang/project.local/vortex/analysis_workspace/latency_on_hw/outputs_main/naive_simd/runs/20260605T112840620515Z/logs/111eb59393.log,7.281,1.0,13267.438,13267.438,13267.438,13267.438,13267.438
20260605T112840620515Z,2026-06-05T23:29:10+00:00,naive_simd,7167e1bd1281,fpint_improve,0,prefill_merged_naive_simd,llama2_7b_prefill_C4_alone_batch1_prefill_seq_len4096_qblk32_prefill_layout_v_cache_qparams_to_attn_pv,e7f1eef940,tile_scale_zp_w4a16,layout,layout_v_cache_qparams_to_attn_pv,tile_scale_zp_w4a16,all_fpint_gemm_improve_alone_layout_spinquant,prefill,layout_v_cache_qparams_to_attn_pv,-k 4096 -n 128 -q 128 -d 1 --gemm-qdir 1,"{""K"": 4096, ""N"": 128, ""QBLK"": 128, ""QDIR"": 1, ""cache_len"": 4096, ""cache_update"": ""full"", ""consumer"": ""attn_pv"", ""gemm_QDIR"": 1, ""layout_from"": ""qparams_row_major"", ""layout_group"": ""v_cache_to_attn_pv"", ""layout_to"": ""sz_gemm_tiled"", ""producer"": ""kv_cache_quant_v_cache_to_attn_pv"", ""source_QDIR"": 1}",1024.0,/opt/vortex_fpga_bins/fpint/xrt_hw_u55c_c1_f100_fpint_tcu_noDcache_L2cache_90f22d2615/bin,f9d4c06cee4c6e36c642ff55483c0dd89e2a213a6dc34439696792e38ae26795,0,1,explicit,pass,0,,,/home/jaeyongjang/project.local/vortex/analysis_workspace/latency_on_hw/outputs_main/naive_simd/runs/20260605T112840620515Z/raw/e7f1eef940.csv,,,1,0,,,,,,,/home/jaeyongjang/project.local/vortex/analysis_workspace/latency_on_hw/outputs_main/naive_simd/runs/20260605T112840620515Z/logs/e7f1eef940.log,7.279,1.0,24850.762,24850.762,24850.762,24850.762,24850.762
20260605T112840620515Z,2026-06-05T23:29:10+00:00,naive_simd,7167e1bd1281,fpint_improve,0,prefill_merged_naive_simd,llama2_7b_prefill_C4_alone_batch1_prefill_seq_len512_qblk32_prefill_layout_rope_k_to_attn_qkT,a34125b147,tile_weight_w4a16,layout,layout_rope_k_to_attn_qkT,tile_weight_w4a16,all_fpint_gemm_improve_alone_layout_spinquant,prefill,layout_rope_k_to_attn_qkT,-k 512 -n 128 -t 1 --source-transposed,"{""K"": 512, ""N"": 128, ""WTRANS"": 1, ""cache_len"": 512, ""cache_update"": ""full"", ""consumer"": ""attn_qkT"", ""layout_from"": ""packed_w4a16_row_major"", ""layout_group"": ""rope_k_to_attn_qkT"", ""layout_to"": ""gemm_w_tiled_transposed"", ""producer"": ""kv_cache_quant_rope_k_to_attn_qkT"", ""source_transposed"": true}",1024.0,/opt/vortex_fpga_bins/fpint/xrt_hw_u55c_c1_f100_fpint_tcu_noDcache_L2cache_90f22d2615/bin,f9d4c06cee4c6e36c642ff55483c0dd89e2a213a6dc34439696792e38ae26795,0,1,explicit,pass,0,,,/home/jaeyongjang/project.local/vortex/analysis_workspace/latency_on_hw/outputs_main/naive_simd/runs/20260605T112840620515Z/raw/a34125b147.csv,/home/jaeyongjang/project.local/vortex/analysis_workspace/latency_on_hw/outputs_main_power/naive_simd/runs/20260622T004947137617Z/power/a34125b147.csv,/home/jaeyongjang/project.local/vortex/analysis_workspace/latency_on_hw/outputs_main_power/naive_simd/runs/20260622T004947137617Z/power/a34125b147.summary.csv,1,1,0,,,,,,/home/jaeyongjang/project.local/vortex/analysis_workspace/latency_on_hw/outputs_main/naive_simd/runs/20260605T112840620515Z/logs/a34125b147.log,6.844,1.0,24919.696,24919.696,24919.696,24919.696,24919.696
20260605T112840620515Z,2026-06-05T23:29:10+00:00,naive_simd,7167e1bd1281,fpint_improve,0,prefill_merged_naive_simd,llama2_7b_prefill_C4_alone_batch1_prefill_seq_len512_qblk32_prefill_layout_v_cache_to_attn_pv,b86260cb54,tile_weight_w4a16,layout,layout_v_cache_to_attn_pv,tile_weight_w4a16,all_fpint_gemm_improve_alone_layout_spinquant,prefill,layout_v_cache_to_attn_pv,-k 512 -n 128 -t 0,"{""K"": 512, ""N"": 128, ""WTRANS"": 0, ""cache_len"": 512, ""cache_update"": ""full"", ""consumer"": ""attn_pv"", ""layout_from"": ""packed_w4a16_row_major"", ""layout_group"": ""v_cache_to_attn_pv"", ""layout_to"": ""gemm_w_tiled"", ""producer"": ""kv_cache_quant_v_cache_to_attn_pv""}",1024.0,/opt/vortex_fpga_bins/fpint/xrt_hw_u55c_c1_f100_fpint_tcu_noDcache_L2cache_90f22d2615/bin,f9d4c06cee4c6e36c642ff55483c0dd89e2a213a6dc34439696792e38ae26795,0,1,explicit,pass,0,,,/home/jaeyongjang/project.local/vortex/analysis_workspace/latency_on_hw/outputs_main/naive_simd/runs/20260605T112840620515Z/raw/b86260cb54.csv,/home/jaeyongjang/project.local/vortex/analysis_workspace/latency_on_hw/outputs_main_power/naive_simd/runs/20260622T004947137617Z/power/b86260cb54.csv,/home/jaeyongjang/project.local/vortex/analysis_workspace/latency_on_hw/outputs_main_power/naive_simd/runs/20260622T004947137617Z/power/b86260cb54.summary.csv,1,1,0,,,,,,/home/jaeyongjang/project.local/vortex/analysis_workspace/latency_on_hw/outputs_main/naive_simd/runs/20260605T112840620515Z/logs/b86260cb54.log,6.871,1.0,3743.639,3743.639,3743.639,3743.639,3743.639
20260605T112840620515Z,2026-06-05T23:29:10+00:00,naive_simd,7167e1bd1281,fpint_improve,0,prefill_merged_naive_simd,llama2_7b_prefill_C4_alone_batch1_prefill_seq_len1024_qblk32_prefill_layout_rope_k_to_attn_qkT,9743c88dd5,tile_weight_w4a16,layout,layout_rope_k_to_attn_qkT,tile_weight_w4a16,all_fpint_gemm_improve_alone_layout_spinquant,prefill,layout_rope_k_to_attn_qkT,-k 1024 -n 128 -t 1 --source-transposed,"{""K"": 1024, ""N"": 128, ""WTRANS"": 1, ""cache_len"": 1024, ""cache_update"": ""full"", ""consumer"": ""attn_qkT"", ""layout_from"": ""packed_w4a16_row_major"", ""layout_group"": ""rope_k_to_attn_qkT"", ""layout_to"": ""gemm_w_tiled_transposed"", ""producer"": ""kv_cache_quant_rope_k_to_attn_qkT"", ""source_transposed"": true}",1024.0,/opt/vortex_fpga_bins/fpint/xrt_hw_u55c_c1_f100_fpint_tcu_noDcache_L2cache_90f22d2615/bin,f9d4c06cee4c6e36c642ff55483c0dd89e2a213a6dc34439696792e38ae26795,0,1,explicit,pass,0,,,/home/jaeyongjang/project.local/vortex/analysis_workspace/latency_on_hw/outputs_main/naive_simd/runs/20260605T112840620515Z/raw/9743c88dd5.csv,,,1,0,,,,,,,/home/jaeyongjang/project.local/vortex/analysis_workspace/latency_on_hw/outputs_main/naive_simd/runs/20260605T112840620515Z/logs/9743c88dd5.log,6.902,1.0,49210.76,49210.76,49210.76,49210.76,49210.76
20260605T112840620515Z,2026-06-05T23:29:10+00:00,naive_simd,7167e1bd1281,fpint_improve,0,prefill_merged_naive_simd,llama2_7b_prefill_C4_alone_batch1_prefill_seq_len1024_qblk32_prefill_layout_v_cache_to_attn_pv,d3419f47d4,tile_weight_w4a16,layout,layout_v_cache_to_attn_pv,tile_weight_w4a16,all_fpint_gemm_improve_alone_layout_spinquant,prefill,layout_v_cache_to_attn_pv,-k 1024 -n 128 -t 0,"{""K"": 1024, ""N"": 128, ""WTRANS"": 0, ""cache_len"": 1024, ""cache_update"": ""full"", ""consumer"": ""attn_pv"", ""layout_from"": ""packed_w4a16_row_major"", ""layout_group"": ""v_cache_to_attn_pv"", ""layout_to"": ""gemm_w_tiled"", ""producer"": ""kv_cache_quant_v_cache_to_attn_pv""}",1024.0,/opt/vortex_fpga_bins/fpint/xrt_hw_u55c_c1_f100_fpint_tcu_noDcache_L2cache_90f22d2615/bin,f9d4c06cee4c6e36c642ff55483c0dd89e2a213a6dc34439696792e38ae26795,0,1,explicit,pass,0,,,/home/jaeyongjang/project.local/vortex/analysis_workspace/latency_on_hw/outputs_main/naive_simd/runs/20260605T112840620515Z/raw/d3419f47d4.csv,,,1,0,,,,,,,/home/jaeyongjang/project.local/vortex/analysis_workspace/latency_on_hw/outputs_main/naive_simd/runs/20260605T112840620515Z/logs/d3419f47d4.log,7.917,1.0,4745.387,4745.387,4745.387,4745.387,4745.387
20260605T112840620515Z,2026-06-05T23:29:10+00:00,naive_simd,7167e1bd1281,fpint_improve,0,prefill_merged_naive_simd,llama2_7b_prefill_C4_alone_batch1_prefill_seq_len2048_qblk32_prefill_layout_rope_k_to_attn_qkT,9ab97918bf,tile_weight_w4a16,layout,layout_rope_k_to_attn_qkT,tile_weight_w4a16,all_fpint_gemm_improve_alone_layout_spinquant,prefill,layout_rope_k_to_attn_qkT,-k 2048 -n 128 -t 1 --source-transposed,"{""K"": 2048, ""N"": 128, ""WTRANS"": 1, ""cache_len"": 2048, ""cache_update"": ""full"", ""consumer"": ""attn_qkT"", ""layout_from"": ""packed_w4a16_row_major"", ""layout_group"": ""rope_k_to_attn_qkT"", ""layout_to"": ""gemm_w_tiled_transposed"", ""producer"": ""kv_cache_quant_rope_k_to_attn_qkT"", ""source_transposed"": true}",1024.0,/opt/vortex_fpga_bins/fpint/xrt_hw_u55c_c1_f100_fpint_tcu_noDcache_L2cache_90f22d2615/bin,f9d4c06cee4c6e36c642ff55483c0dd89e2a213a6dc34439696792e38ae26795,0,1,explicit,pass,0,,,/home/jaeyongjang/project.local/vortex/analysis_workspace/latency_on_hw/outputs_main/naive_simd/runs/20260605T112840620515Z/raw/9ab97918bf.csv,,,1,0,,,,,,,/home/jaeyongjang/project.local/vortex/analysis_workspace/latency_on_hw/outputs_main/naive_simd/runs/20260605T112840620515Z/logs/9ab97918bf.log,7.883,1.0,96859.876,96859.876,96859.876,96859.876,96859.876
20260605T112840620515Z,2026-06-05T23:29:10+00:00,naive_simd,7167e1bd1281,fpint_improve,0,prefill_merged_naive_simd,llama2_7b_prefill_C4_alone_batch1_prefill_seq_len2048_qblk32_prefill_layout_v_cache_to_attn_pv,8b583132fe,tile_weight_w4a16,layout,layout_v_cache_to_attn_pv,tile_weight_w4a16,all_fpint_gemm_improve_alone_layout_spinquant,prefill,layout_v_cache_to_attn_pv,-k 2048 -n 128 -t 0,"{""K"": 2048, ""N"": 128, ""WTRANS"": 0, ""cache_len"": 2048, ""cache_update"": ""full"", ""consumer"": ""attn_pv"", ""layout_from"": ""packed_w4a16_row_major"", ""layout_group"": ""v_cache_to_attn_pv"", ""layout_to"": ""gemm_w_tiled"", ""producer"": ""kv_cache_quant_v_cache_to_attn_pv""}",1024.0,/opt/vortex_fpga_bins/fpint/xrt_hw_u55c_c1_f100_fpint_tcu_noDcache_L2cache_90f22d2615/bin,f9d4c06cee4c6e36c642ff55483c0dd89e2a213a6dc34439696792e38ae26795,0,1,explicit,pass,0,,,/home/jaeyongjang/project.local/vortex/analysis_workspace/latency_on_hw/outputs_main/naive_simd/runs/20260605T112840620515Z/raw/8b583132fe.csv,,,1,0,,,,,,,/home/jaeyongjang/project.local/vortex/analysis_workspace/latency_on_hw/outputs_main/naive_simd/runs/20260605T112840620515Z/logs/8b583132fe.log,7.161,1.0,7988.688,7988.688,7988.688,7988.688,7988.688
20260605T112840620515Z,2026-06-05T23:29:10+00:00,naive_simd,7167e1bd1281,fpint_improve,0,prefill_merged_naive_simd,llama2_7b_prefill_C4_alone_batch1_prefill_seq_len4096_qblk32_prefill_layout_rope_k_to_attn_qkT,3b416bf5fa,tile_weight_w4a16,layout,layout_rope_k_to_attn_qkT,tile_weight_w4a16,all_fpint_gemm_improve_alone_layout_spinquant,prefill,layout_rope_k_to_attn_qkT,-k 4096 -n 128 -t 1 --source-transposed,"{""K"": 4096, ""N"": 128, ""WTRANS"": 1, ""cache_len"": 4096, ""cache_update"": ""full"", ""consumer"": ""attn_qkT"", ""layout_from"": ""packed_w4a16_row_major"", ""layout_group"": ""rope_k_to_attn_qkT"", ""layout_to"": ""gemm_w_tiled_transposed"", ""producer"": ""kv_cache_quant_rope_k_to_attn_qkT"", ""source_transposed"": true}",1024.0,/opt/vortex_fpga_bins/fpint/xrt_hw_u55c_c1_f100_fpint_tcu_noDcache_L2cache_90f22d2615/bin,f9d4c06cee4c6e36c642ff55483c0dd89e2a213a6dc34439696792e38ae26795,0,1,explicit,pass,0,,,/home/jaeyongjang/project.local/vortex/analysis_workspace/latency_on_hw/outputs_main/naive_simd/runs/20260605T112840620515Z/raw/3b416bf5fa.csv,,,1,0,,,,,,,/home/jaeyongjang/project.local/vortex/analysis_workspace/latency_on_hw/outputs_main/naive_simd/runs/20260605T112840620515Z/logs/3b416bf5fa.log,7.071,1.0,191052.597,191052.597,191052.597,191052.597,191052.597
20260605T112840620515Z,2026-06-05T23:29:10+00:00,naive_simd,7167e1bd1281,fpint_improve,0,prefill_merged_naive_simd,llama2_7b_prefill_C4_alone_batch1_prefill_seq_len4096_qblk32_prefill_layout_v_cache_to_attn_pv,f0931573d1,tile_weight_w4a16,layout,layout_v_cache_to_attn_pv,tile_weight_w4a16,all_fpint_gemm_improve_alone_layout_spinquant,prefill,layout_v_cache_to_attn_pv,-k 4096 -n 128 -t 0,"{""K"": 4096, ""N"": 128, ""WTRANS"": 0, ""cache_len"": 4096, ""cache_update"": ""full"", ""consumer"": ""attn_pv"", ""layout_from"": ""packed_w4a16_row_major"", ""layout_group"": ""v_cache_to_attn_pv"", ""layout_to"": ""gemm_w_tiled"", ""producer"": ""kv_cache_quant_v_cache_to_attn_pv""}",1024.0,/opt/vortex_fpga_bins/fpint/xrt_hw_u55c_c1_f100_fpint_tcu_noDcache_L2cache_90f22d2615/bin,f9d4c06cee4c6e36c642ff55483c0dd89e2a213a6dc34439696792e38ae26795,0,1,explicit,pass,0,,,/home/jaeyongjang/project.local/vortex/analysis_workspace/latency_on_hw/outputs_main/naive_simd/runs/20260605T112840620515Z/raw/f0931573d1.csv,,,1,0,,,,,,,/home/jaeyongjang/project.local/vortex/analysis_workspace/latency_on_hw/outputs_main/naive_simd/runs/20260605T112840620515Z/logs/f0931573d1.log,7.500,1.0,14585.962,14585.962,14585.962,14585.962,14585.962
20260605T112840620515Z,2026-06-05T23:29:10+00:00,naive_simd,7167e1bd1281,fpint_improve,0,prefill_merged_naive_simd,llama2_7b_prefill_C4_fused_batch1_prefill_seq_len512_qblk32_prefill_residual_attn,b6c6e09f1e,eladd_layout_fused,eladd,residual_attn,eladd_layout_fused,all_fpint_gemm_improve_fused_layout_spinquant,prefill,residual_attn,-m 512 -k 4096,"{""K"": 4096, ""M"": 512, ""consumer"": ""residual_attn"", ""layout_from"": ""gemm_c_tiled"", ""layout_group"": ""o_proj_to_residual_attn"", ""layout_to"": ""row_major"", ""producer"": ""o_proj"", ""size"": 2097152}",32.0,/opt/vortex_fpga_bins/fpint/xrt_hw_u55c_c1_f100_fpint_tcu_noDcache_L2cache_90f22d2615/bin,f9d4c06cee4c6e36c642ff55483c0dd89e2a213a6dc34439696792e38ae26795,0,1,explicit,pass,0,,,/home/jaeyongjang/project.local/vortex/analysis_workspace/latency_on_hw/outputs_main/naive_simd/runs/20260605T112840620515Z/raw/b6c6e09f1e.csv,/home/jaeyongjang/project.local/vortex/analysis_workspace/latency_on_hw/outputs_main_power/naive_simd/runs/20260621T130152493835Z/power/b6c6e09f1e.csv,/home/jaeyongjang/project.local/vortex/analysis_workspace/latency_on_hw/outputs_main_power/naive_simd/runs/20260621T130152493835Z/power/b6c6e09f1e.summary.csv,1,1,75,10.174859,11.5457,12.109764,12.2297,,/home/jaeyongjang/project.local/vortex/analysis_workspace/latency_on_hw/outputs_main/naive_simd/runs/20260605T112840620515Z/logs/b6c6e09f1e.log,9.533,1.0,509397.631,509397.631,509397.631,509397.631,509397.631
20260605T112840620515Z,2026-06-05T23:29:10+00:00,naive_simd,7167e1bd1281,fpint_improve,0,prefill_merged_naive_simd,llama2_7b_prefill_C4_fused_batch1_prefill_seq_len1024_qblk32_prefill_residual_attn,13e91247ba,eladd_layout_fused,eladd,residual_attn,eladd_layout_fused,all_fpint_gemm_improve_fused_layout_spinquant,prefill,residual_attn,-m 1024 -k 4096,"{""K"": 4096, ""M"": 1024, ""consumer"": ""residual_attn"", ""layout_from"": ""gemm_c_tiled"", ""layout_group"": ""o_proj_to_residual_attn"", ""layout_to"": ""row_major"", ""producer"": ""o_proj"", ""size"": 4194304}",32.0,/opt/vortex_fpga_bins/fpint/xrt_hw_u55c_c1_f100_fpint_tcu_noDcache_L2cache_90f22d2615/bin,f9d4c06cee4c6e36c642ff55483c0dd89e2a213a6dc34439696792e38ae26795,0,1,explicit,pass,0,,,/home/jaeyongjang/project.local/vortex/analysis_workspace/latency_on_hw/outputs_main/naive_simd/runs/20260605T112840620515Z/raw/13e91247ba.csv,,,1,0,,,,,,,/home/jaeyongjang/project.local/vortex/analysis_workspace/latency_on_hw/outputs_main/naive_simd/runs/20260605T112840620515Z/logs/13e91247ba.log,11.592,1.0,1014650.79,1014650.79,1014650.79,1014650.79,1014650.79
20260605T112840620515Z,2026-06-05T23:29:10+00:00,naive_simd,7167e1bd1281,fpint_improve,0,prefill_merged_naive_simd,llama2_7b_prefill_C4_fused_batch1_prefill_seq_len2048_qblk32_prefill_residual_attn,e169edf97a,eladd_layout_fused,eladd,residual_attn,eladd_layout_fused,all_fpint_gemm_improve_fused_layout_spinquant,prefill,residual_attn,-m 2048 -k 4096,"{""K"": 4096, ""M"": 2048, ""consumer"": ""residual_attn"", ""layout_from"": ""gemm_c_tiled"", ""layout_group"": ""o_proj_to_residual_attn"", ""layout_to"": ""row_major"", ""producer"": ""o_proj"", ""size"": 8388608}",32.0,/opt/vortex_fpga_bins/fpint/xrt_hw_u55c_c1_f100_fpint_tcu_noDcache_L2cache_90f22d2615/bin,f9d4c06cee4c6e36c642ff55483c0dd89e2a213a6dc34439696792e38ae26795,0,1,explicit,pass,0,,,/home/jaeyongjang/project.local/vortex/analysis_workspace/latency_on_hw/outputs_main/naive_simd/runs/20260605T112840620515Z/raw/e169edf97a.csv,,,1,0,,,,,,,/home/jaeyongjang/project.local/vortex/analysis_workspace/latency_on_hw/outputs_main/naive_simd/runs/20260605T112840620515Z/logs/e169edf97a.log,15.910,1.0,2028743.257,2028743.257,2028743.257,2028743.257,2028743.257
20260605T112840620515Z,2026-06-05T23:29:10+00:00,naive_simd,7167e1bd1281,fpint_improve,0,prefill_merged_naive_simd,llama2_7b_prefill_C4_fused_batch1_prefill_seq_len4096_qblk32_prefill_residual_attn,066fe9a43d,eladd_layout_fused,eladd,residual_attn,eladd_layout_fused,all_fpint_gemm_improve_fused_layout_spinquant,prefill,residual_attn,-m 4096 -k 4096,"{""K"": 4096, ""M"": 4096, ""consumer"": ""residual_attn"", ""layout_from"": ""gemm_c_tiled"", ""layout_group"": ""o_proj_to_residual_attn"", ""layout_to"": ""row_major"", ""producer"": ""o_proj"", ""size"": 16777216}",32.0,/opt/vortex_fpga_bins/fpint/xrt_hw_u55c_c1_f100_fpint_tcu_noDcache_L2cache_90f22d2615/bin,f9d4c06cee4c6e36c642ff55483c0dd89e2a213a6dc34439696792e38ae26795,0,1,explicit,pass,0,,,/home/jaeyongjang/project.local/vortex/analysis_workspace/latency_on_hw/outputs_main/naive_simd/runs/20260605T112840620515Z/raw/066fe9a43d.csv,,,1,0,,,,,,,/home/jaeyongjang/project.local/vortex/analysis_workspace/latency_on_hw/outputs_main/naive_simd/runs/20260605T112840620515Z/logs/066fe9a43d.log,22.283,1.0,4052232.345,4052232.345,4052232.345,4052232.345,4052232.345
20260605T112840620515Z,2026-06-05T23:29:10+00:00,naive_simd,7167e1bd1281,fpint_improve,0,prefill_merged_naive_simd,llama2_7b_prefill_C4_fused_batch2_prefill_seq_len4096_qblk32_prefill_residual_attn,3037927602,eladd_layout_fused,eladd,residual_attn,eladd_layout_fused,all_fpint_gemm_improve_fused_layout_spinquant,prefill,residual_attn,-m 8192 -k 4096,"{""K"": 4096, ""M"": 8192, ""consumer"": ""residual_attn"", ""layout_from"": ""gemm_c_tiled"", ""layout_group"": ""o_proj_to_residual_attn"", ""layout_to"": ""row_major"", ""producer"": ""o_proj"", ""size"": 33554432}",32.0,/opt/vortex_fpga_bins/fpint/xrt_hw_u55c_c1_f100_fpint_tcu_noDcache_L2cache_90f22d2615/bin,f9d4c06cee4c6e36c642ff55483c0dd89e2a213a6dc34439696792e38ae26795,0,1,explicit,pass,0,,,/home/jaeyongjang/project.local/vortex/analysis_workspace/latency_on_hw/outputs_main/naive_simd/runs/20260605T112840620515Z/raw/3037927602.csv,,,1,0,,,,,,,/home/jaeyongjang/project.local/vortex/analysis_workspace/latency_on_hw/outputs_main/naive_simd/runs/20260605T112840620515Z/logs/3037927602.log,37.227,1.0,8119686.779,8119686.779,8119686.779,8119686.779,8119686.779
20260605T112840620515Z,2026-06-05T23:29:10+00:00,naive_simd,7167e1bd1281,fpint_improve,0,prefill_merged_naive_simd,llama2_7b_prefill_C4_fused_batch4_prefill_seq_len4096_qblk32_prefill_residual_attn,c1ad24d075,eladd_layout_fused,eladd,residual_attn,eladd_layout_fused,all_fpint_gemm_improve_fused_layout_spinquant,prefill,residual_attn,-m 16384 -k 4096,"{""K"": 4096, ""M"": 16384, ""consumer"": ""residual_attn"", ""layout_from"": ""gemm_c_tiled"", ""layout_group"": ""o_proj_to_residual_attn"", ""layout_to"": ""row_major"", ""producer"": ""o_proj"", ""size"": 67108864}",32.0,/opt/vortex_fpga_bins/fpint/xrt_hw_u55c_c1_f100_fpint_tcu_noDcache_L2cache_90f22d2615/bin,f9d4c06cee4c6e36c642ff55483c0dd89e2a213a6dc34439696792e38ae26795,0,1,explicit,pass,0,,,/home/jaeyongjang/project.local/vortex/analysis_workspace/latency_on_hw/outputs_main/naive_simd/runs/20260605T112840620515Z/raw/c1ad24d075.csv,,,1,0,,,,,,,/home/jaeyongjang/project.local/vortex/analysis_workspace/latency_on_hw/outputs_main/naive_simd/runs/20260605T112840620515Z/logs/c1ad24d075.log,67.297,1.0,16229283.508,16229283.508,16229283.508,16229283.508,16229283.508
20260605T112840620515Z,2026-06-05T23:29:10+00:00,naive_simd,7167e1bd1281,fpint_improve,0,prefill_merged_naive_simd,llama2_7b_prefill_C4_fused_batch8_prefill_seq_len4096_qblk32_prefill_residual_attn,416c3f4727,eladd_layout_fused,eladd,residual_attn,eladd_layout_fused,all_fpint_gemm_improve_fused_layout_spinquant,prefill,residual_attn,-m 32768 -k 4096,"{""K"": 4096, ""M"": 32768, ""consumer"": ""residual_attn"", ""layout_from"": ""gemm_c_tiled"", ""layout_group"": ""o_proj_to_residual_attn"", ""layout_to"": ""row_major"", ""producer"": ""o_proj"", ""size"": 134217728}",32.0,/opt/vortex_fpga_bins/fpint/xrt_hw_u55c_c1_f100_fpint_tcu_noDcache_L2cache_90f22d2615/bin,f9d4c06cee4c6e36c642ff55483c0dd89e2a213a6dc34439696792e38ae26795,0,1,explicit,pass,0,,,/home/jaeyongjang/project.local/vortex/analysis_workspace/latency_on_hw/outputs_main/naive_simd/runs/20260605T112840620515Z/raw/416c3f4727.csv,,,1,0,,,,,,,/home/jaeyongjang/project.local/vortex/analysis_workspace/latency_on_hw/outputs_main/naive_simd/runs/20260605T112840620515Z/logs/416c3f4727.log,128.333,1.0,32466321.659,32466321.659,32466321.659,32466321.659,32466321.659
20260605T112840620515Z,2026-06-05T23:29:10+00:00,naive_simd,7167e1bd1281,fpint_improve,0,prefill_merged_naive_simd,llama2_7b_prefill_C4_fused_batch1_prefill_seq_len512_qblk32_prefill_attn_head_concat,efff790bd6,head_concat_layout_fused,concat,attn_head_concat,head_concat_layout_fused,all_fpint_gemm_improve_fused_layout_spinquant,prefill,attn_head_concat,-batch 1 -seq 512 -heads 32 -headdim 128 --layout-to gemm_a_tiled,"{""batch"": 1, ""consumer"": ""o_proj"", ""headdim"": 128, ""heads"": 32, ""hidden"": 4096, ""layout_from"": ""gemm_c_tiled_per_head"", ""layout_group"": ""attn_pv_to_head_concat_to_o_proj"", ""layout_to"": ""gemm_a_tiled"", ""producer"": ""attn_pv"", ""seq"": 512}",32.0,/opt/vortex_fpga_bins/fpint/xrt_hw_u55c_c1_f100_fpint_tcu_noDcache_L2cache_90f22d2615/bin,f9d4c06cee4c6e36c642ff55483c0dd89e2a213a6dc34439696792e38ae26795,0,1,explicit,pass,0,,,/home/jaeyongjang/project.local/vortex/analysis_workspace/latency_on_hw/outputs_main/naive_simd/runs/20260605T112840620515Z/raw/efff790bd6.csv,/home/jaeyongjang/project.local/vortex/analysis_workspace/latency_on_hw/outputs_main_power/naive_simd/runs/20260621T130152493835Z/power/efff790bd6.csv,/home/jaeyongjang/project.local/vortex/analysis_workspace/latency_on_hw/outputs_main_power/naive_simd/runs/20260621T130152493835Z/power/efff790bd6.summary.csv,1,1,67,10.298706,11.6312,11.843857,12.0555,,/home/jaeyongjang/project.local/vortex/analysis_workspace/latency_on_hw/outputs_main/naive_simd/runs/20260605T112840620515Z/logs/efff790bd6.log,8.586,1.0,542804.585,542804.585,542804.585,542804.585,542804.585
20260605T112840620515Z,2026-06-05T23:29:10+00:00,naive_simd,7167e1bd1281,fpint_improve,0,prefill_merged_naive_simd,llama2_7b_prefill_C4_fused_batch1_prefill_seq_len1024_qblk32_prefill_attn_head_concat,e9cb41095f,head_concat_layout_fused,concat,attn_head_concat,head_concat_layout_fused,all_fpint_gemm_improve_fused_layout_spinquant,prefill,attn_head_concat,-batch 1 -seq 1024 -heads 32 -headdim 128 --layout-to gemm_a_tiled,"{""batch"": 1, ""consumer"": ""o_proj"", ""headdim"": 128, ""heads"": 32, ""hidden"": 4096, ""layout_from"": ""gemm_c_tiled_per_head"", ""layout_group"": ""attn_pv_to_head_concat_to_o_proj"", ""layout_to"": ""gemm_a_tiled"", ""producer"": ""attn_pv"", ""seq"": 1024}",32.0,/opt/vortex_fpga_bins/fpint/xrt_hw_u55c_c1_f100_fpint_tcu_noDcache_L2cache_90f22d2615/bin,f9d4c06cee4c6e36c642ff55483c0dd89e2a213a6dc34439696792e38ae26795,0,1,explicit,pass,0,,,/home/jaeyongjang/project.local/vortex/analysis_workspace/latency_on_hw/outputs_main/naive_simd/runs/20260605T112840620515Z/raw/e9cb41095f.csv,,,1,0,,,,,,,/home/jaeyongjang/project.local/vortex/analysis_workspace/latency_on_hw/outputs_main/naive_simd/runs/20260605T112840620515Z/logs/e9cb41095f.log,10.107,1.0,1074270.876,1074270.876,1074270.876,1074270.876,1074270.876
20260605T112840620515Z,2026-06-05T23:29:10+00:00,naive_simd,7167e1bd1281,fpint_improve,0,prefill_merged_naive_simd,llama2_7b_prefill_C4_fused_batch1_prefill_seq_len2048_qblk32_prefill_attn_head_concat,35b4e3dbd4,head_concat_layout_fused,concat,attn_head_concat,head_concat_layout_fused,all_fpint_gemm_improve_fused_layout_spinquant,prefill,attn_head_concat,-batch 1 -seq 2048 -heads 32 -headdim 128 --layout-to gemm_a_tiled,"{""batch"": 1, ""consumer"": ""o_proj"", ""headdim"": 128, ""heads"": 32, ""hidden"": 4096, ""layout_from"": ""gemm_c_tiled_per_head"", ""layout_group"": ""attn_pv_to_head_concat_to_o_proj"", ""layout_to"": ""gemm_a_tiled"", ""producer"": ""attn_pv"", ""seq"": 2048}",32.0,/opt/vortex_fpga_bins/fpint/xrt_hw_u55c_c1_f100_fpint_tcu_noDcache_L2cache_90f22d2615/bin,f9d4c06cee4c6e36c642ff55483c0dd89e2a213a6dc34439696792e38ae26795,0,1,explicit,pass,0,,,/home/jaeyongjang/project.local/vortex/analysis_workspace/latency_on_hw/outputs_main/naive_simd/runs/20260605T112840620515Z/raw/35b4e3dbd4.csv,,,1,0,,,,,,,/home/jaeyongjang/project.local/vortex/analysis_workspace/latency_on_hw/outputs_main/naive_simd/runs/20260605T112840620515Z/logs/35b4e3dbd4.log,12.185,1.0,2177960.256,2177960.256,2177960.256,2177960.256,2177960.256
20260605T112840620515Z,2026-06-05T23:29:10+00:00,naive_simd,7167e1bd1281,fpint_improve,0,prefill_merged_naive_simd,llama2_7b_prefill_C4_fused_batch1_prefill_seq_len4096_qblk32_prefill_attn_head_concat,e435b39717,head_concat_layout_fused,concat,attn_head_concat,head_concat_layout_fused,all_fpint_gemm_improve_fused_layout_spinquant,prefill,attn_head_concat,-batch 1 -seq 4096 -heads 32 -headdim 128 --layout-to gemm_a_tiled,"{""batch"": 1, ""consumer"": ""o_proj"", ""headdim"": 128, ""heads"": 32, ""hidden"": 4096, ""layout_from"": ""gemm_c_tiled_per_head"", ""layout_group"": ""attn_pv_to_head_concat_to_o_proj"", ""layout_to"": ""gemm_a_tiled"", ""producer"": ""attn_pv"", ""seq"": 4096}",32.0,/opt/vortex_fpga_bins/fpint/xrt_hw_u55c_c1_f100_fpint_tcu_noDcache_L2cache_90f22d2615/bin,f9d4c06cee4c6e36c642ff55483c0dd89e2a213a6dc34439696792e38ae26795,0,1,explicit,pass,0,,,/home/jaeyongjang/project.local/vortex/analysis_workspace/latency_on_hw/outputs_main/naive_simd/runs/20260605T112840620515Z/raw/e435b39717.csv,,,1,0,,,,,,,/home/jaeyongjang/project.local/vortex/analysis_workspace/latency_on_hw/outputs_main/naive_simd/runs/20260605T112840620515Z/logs/e435b39717.log,16.765,1.0,4333429.099,4333429.099,4333429.099,4333429.099,4333429.099
20260605T112840620515Z,2026-06-05T23:29:10+00:00,naive_simd,7167e1bd1281,fpint_improve,0,prefill_merged_naive_simd,llama2_7b_prefill_C4_fused_batch2_prefill_seq_len512_qblk32_prefill_attn_head_concat,133b238268,head_concat_layout_fused,concat,attn_head_concat,head_concat_layout_fused,all_fpint_gemm_improve_fused_layout_spinquant,prefill,attn_head_concat,-batch 2 -seq 512 -heads 32 -headdim 128 --layout-to gemm_a_tiled,"{""batch"": 2, ""consumer"": ""o_proj"", ""headdim"": 128, ""heads"": 32, ""hidden"": 4096, ""layout_from"": ""gemm_c_tiled_per_head"", ""layout_group"": ""attn_pv_to_head_concat_to_o_proj"", ""layout_to"": ""gemm_a_tiled"", ""producer"": ""attn_pv"", ""seq"": 512}",32.0,/opt/vortex_fpga_bins/fpint/xrt_hw_u55c_c1_f100_fpint_tcu_noDcache_L2cache_90f22d2615/bin,f9d4c06cee4c6e36c642ff55483c0dd89e2a213a6dc34439696792e38ae26795,0,1,explicit,pass,0,,,/home/jaeyongjang/project.local/vortex/analysis_workspace/latency_on_hw/outputs_main/naive_simd/runs/20260605T112840620515Z/raw/133b238268.csv,,,1,0,,,,,,,/home/jaeyongjang/project.local/vortex/analysis_workspace/latency_on_hw/outputs_main/naive_simd/runs/20260605T112840620515Z/logs/133b238268.log,9.628,1.0,1084465.952,1084465.952,1084465.952,1084465.952,1084465.952
20260605T112840620515Z,2026-06-05T23:29:10+00:00,naive_simd,7167e1bd1281,fpint_improve,0,prefill_merged_naive_simd,llama2_7b_prefill_C4_fused_batch2_prefill_seq_len1024_qblk32_prefill_attn_head_concat,8b0fefcb02,head_concat_layout_fused,concat,attn_head_concat,head_concat_layout_fused,all_fpint_gemm_improve_fused_layout_spinquant,prefill,attn_head_concat,-batch 2 -seq 1024 -heads 32 -headdim 128 --layout-to gemm_a_tiled,"{""batch"": 2, ""consumer"": ""o_proj"", ""headdim"": 128, ""heads"": 32, ""hidden"": 4096, ""layout_from"": ""gemm_c_tiled_per_head"", ""layout_group"": ""attn_pv_to_head_concat_to_o_proj"", ""layout_to"": ""gemm_a_tiled"", ""producer"": ""attn_pv"", ""seq"": 1024}",32.0,/opt/vortex_fpga_bins/fpint/xrt_hw_u55c_c1_f100_fpint_tcu_noDcache_L2cache_90f22d2615/bin,f9d4c06cee4c6e36c642ff55483c0dd89e2a213a6dc34439696792e38ae26795,0,1,explicit,pass,0,,,/home/jaeyongjang/project.local/vortex/analysis_workspace/latency_on_hw/outputs_main/naive_simd/runs/20260605T112840620515Z/raw/8b0fefcb02.csv,,,1,0,,,,,,,/home/jaeyongjang/project.local/vortex/analysis_workspace/latency_on_hw/outputs_main/naive_simd/runs/20260605T112840620515Z/logs/8b0fefcb02.log,11.746,1.0,2163034.008,2163034.008,2163034.008,2163034.008,2163034.008
20260605T112840620515Z,2026-06-05T23:29:10+00:00,naive_simd,7167e1bd1281,fpint_improve,0,prefill_merged_naive_simd,llama2_7b_prefill_C4_fused_batch2_prefill_seq_len2048_qblk32_prefill_attn_head_concat,c7853955f3,head_concat_layout_fused,concat,attn_head_concat,head_concat_layout_fused,all_fpint_gemm_improve_fused_layout_spinquant,prefill,attn_head_concat,-batch 2 -seq 2048 -heads 32 -headdim 128 --layout-to gemm_a_tiled,"{""batch"": 2, ""consumer"": ""o_proj"", ""headdim"": 128, ""heads"": 32, ""hidden"": 4096, ""layout_from"": ""gemm_c_tiled_per_head"", ""layout_group"": ""attn_pv_to_head_concat_to_o_proj"", ""layout_to"": ""gemm_a_tiled"", ""producer"": ""attn_pv"", ""seq"": 2048}",32.0,/opt/vortex_fpga_bins/fpint/xrt_hw_u55c_c1_f100_fpint_tcu_noDcache_L2cache_90f22d2615/bin,f9d4c06cee4c6e36c642ff55483c0dd89e2a213a6dc34439696792e38ae26795,0,1,explicit,pass,0,,,/home/jaeyongjang/project.local/vortex/analysis_workspace/latency_on_hw/outputs_main/naive_simd/runs/20260605T112840620515Z/raw/c7853955f3.csv,,,1,0,,,,,,,/home/jaeyongjang/project.local/vortex/analysis_workspace/latency_on_hw/outputs_main/naive_simd/runs/20260605T112840620515Z/logs/c7853955f3.log,17.387,1.0,4331757.224,4331757.224,4331757.224,4331757.224,4331757.224
20260605T112840620515Z,2026-06-05T23:29:10+00:00,naive_simd,7167e1bd1281,fpint_improve,0,prefill_merged_naive_simd,llama2_7b_prefill_C4_fused_batch2_prefill_seq_len4096_qblk32_prefill_attn_head_concat,af6840a575,head_concat_layout_fused,concat,attn_head_concat,head_concat_layout_fused,all_fpint_gemm_improve_fused_layout_spinquant,prefill,attn_head_concat,-batch 2 -seq 4096 -heads 32 -headdim 128 --layout-to gemm_a_tiled,"{""batch"": 2, ""consumer"": ""o_proj"", ""headdim"": 128, ""heads"": 32, ""hidden"": 4096, ""layout_from"": ""gemm_c_tiled_per_head"", ""layout_group"": ""attn_pv_to_head_concat_to_o_proj"", ""layout_to"": ""gemm_a_tiled"", ""producer"": ""attn_pv"", ""seq"": 4096}",32.0,/opt/vortex_fpga_bins/fpint/xrt_hw_u55c_c1_f100_fpint_tcu_noDcache_L2cache_90f22d2615/bin,f9d4c06cee4c6e36c642ff55483c0dd89e2a213a6dc34439696792e38ae26795,0,1,explicit,pass,0,,,/home/jaeyongjang/project.local/vortex/analysis_workspace/latency_on_hw/outputs_main/naive_simd/runs/20260605T112840620515Z/raw/af6840a575.csv,,,1,0,,,,,,,/home/jaeyongjang/project.local/vortex/analysis_workspace/latency_on_hw/outputs_main/naive_simd/runs/20260605T112840620515Z/logs/af6840a575.log,26.564,1.0,8664332.547,8664332.547,8664332.547,8664332.547,8664332.547
20260605T112840620515Z,2026-06-05T23:29:10+00:00,naive_simd,7167e1bd1281,fpint_improve,0,prefill_merged_naive_simd,llama2_7b_prefill_C4_fused_batch4_prefill_seq_len512_qblk32_prefill_attn_head_concat,960312d1f7,head_concat_layout_fused,concat,attn_head_concat,head_concat_layout_fused,all_fpint_gemm_improve_fused_layout_spinquant,prefill,attn_head_concat,-batch 4 -seq 512 -heads 32 -headdim 128 --layout-to gemm_a_tiled,"{""batch"": 4, ""consumer"": ""o_proj"", ""headdim"": 128, ""heads"": 32, ""hidden"": 4096, ""layout_from"": ""gemm_c_tiled_per_head"", ""layout_group"": ""attn_pv_to_head_concat_to_o_proj"", ""layout_to"": ""gemm_a_tiled"", ""producer"": ""attn_pv"", ""seq"": 512}",32.0,/opt/vortex_fpga_bins/fpint/xrt_hw_u55c_c1_f100_fpint_tcu_noDcache_L2cache_90f22d2615/bin,f9d4c06cee4c6e36c642ff55483c0dd89e2a213a6dc34439696792e38ae26795,0,1,explicit,pass,0,,,/home/jaeyongjang/project.local/vortex/analysis_workspace/latency_on_hw/outputs_main/naive_simd/runs/20260605T112840620515Z/raw/960312d1f7.csv,,,1,0,,,,,,,/home/jaeyongjang/project.local/vortex/analysis_workspace/latency_on_hw/outputs_main/naive_simd/runs/20260605T112840620515Z/logs/960312d1f7.log,12.165,1.0,2147493.523,2147493.523,2147493.523,2147493.523,2147493.523
20260605T112840620515Z,2026-06-05T23:29:10+00:00,naive_simd,7167e1bd1281,fpint_improve,0,prefill_merged_naive_simd,llama2_7b_prefill_C4_fused_batch4_prefill_seq_len1024_qblk32_prefill_attn_head_concat,01683461a8,head_concat_layout_fused,concat,attn_head_concat,head_concat_layout_fused,all_fpint_gemm_improve_fused_layout_spinquant,prefill,attn_head_concat,-batch 4 -seq 1024 -heads 32 -headdim 128 --layout-to gemm_a_tiled,"{""batch"": 4, ""consumer"": ""o_proj"", ""headdim"": 128, ""heads"": 32, ""hidden"": 4096, ""layout_from"": ""gemm_c_tiled_per_head"", ""layout_group"": ""attn_pv_to_head_concat_to_o_proj"", ""layout_to"": ""gemm_a_tiled"", ""producer"": ""attn_pv"", ""seq"": 1024}",32.0,/opt/vortex_fpga_bins/fpint/xrt_hw_u55c_c1_f100_fpint_tcu_noDcache_L2cache_90f22d2615/bin,f9d4c06cee4c6e36c642ff55483c0dd89e2a213a6dc34439696792e38ae26795,0,1,explicit,pass,0,,,/home/jaeyongjang/project.local/vortex/analysis_workspace/latency_on_hw/outputs_main/naive_simd/runs/20260605T112840620515Z/raw/01683461a8.csv,,,1,0,,,,,,,/home/jaeyongjang/project.local/vortex/analysis_workspace/latency_on_hw/outputs_main/naive_simd/runs/20260605T112840620515Z/logs/01683461a8.log,17.260,1.0,4331710.044,4331710.044,4331710.044,4331710.044,4331710.044
20260605T112840620515Z,2026-06-05T23:29:10+00:00,naive_simd,7167e1bd1281,fpint_improve,0,prefill_merged_naive_simd,llama2_7b_prefill_C4_fused_batch4_prefill_seq_len2048_qblk32_prefill_attn_head_concat,d130308504,head_concat_layout_fused,concat,attn_head_concat,head_concat_layout_fused,all_fpint_gemm_improve_fused_layout_spinquant,prefill,attn_head_concat,-batch 4 -seq 2048 -heads 32 -headdim 128 --layout-to gemm_a_tiled,"{""batch"": 4, ""consumer"": ""o_proj"", ""headdim"": 128, ""heads"": 32, ""hidden"": 4096, ""layout_from"": ""gemm_c_tiled_per_head"", ""layout_group"": ""attn_pv_to_head_concat_to_o_proj"", ""layout_to"": ""gemm_a_tiled"", ""producer"": ""attn_pv"", ""seq"": 2048}",32.0,/opt/vortex_fpga_bins/fpint/xrt_hw_u55c_c1_f100_fpint_tcu_noDcache_L2cache_90f22d2615/bin,f9d4c06cee4c6e36c642ff55483c0dd89e2a213a6dc34439696792e38ae26795,0,1,explicit,pass,0,,,/home/jaeyongjang/project.local/vortex/analysis_workspace/latency_on_hw/outputs_main/naive_simd/runs/20260605T112840620515Z/raw/d130308504.csv,,,1,0,,,,,,,/home/jaeyongjang/project.local/vortex/analysis_workspace/latency_on_hw/outputs_main/naive_simd/runs/20260605T112840620515Z/logs/d130308504.log,29.378,1.0,8672374.114,8672374.114,8672374.114,8672374.114,8672374.114
20260605T112840620515Z,2026-06-05T23:29:10+00:00,naive_simd,7167e1bd1281,fpint_improve,0,prefill_merged_naive_simd,llama2_7b_prefill_C4_fused_batch4_prefill_seq_len4096_qblk32_prefill_attn_head_concat,4e3f09f61f,head_concat_layout_fused,concat,attn_head_concat,head_concat_layout_fused,all_fpint_gemm_improve_fused_layout_spinquant,prefill,attn_head_concat,-batch 4 -seq 4096 -heads 32 -headdim 128 --layout-to gemm_a_tiled,"{""batch"": 4, ""consumer"": ""o_proj"", ""headdim"": 128, ""heads"": 32, ""hidden"": 4096, ""layout_from"": ""gemm_c_tiled_per_head"", ""layout_group"": ""attn_pv_to_head_concat_to_o_proj"", ""layout_to"": ""gemm_a_tiled"", ""producer"": ""attn_pv"", ""seq"": 4096}",32.0,/opt/vortex_fpga_bins/fpint/xrt_hw_u55c_c1_f100_fpint_tcu_noDcache_L2cache_90f22d2615/bin,f9d4c06cee4c6e36c642ff55483c0dd89e2a213a6dc34439696792e38ae26795,0,1,explicit,pass,0,,,/home/jaeyongjang/project.local/vortex/analysis_workspace/latency_on_hw/outputs_main/naive_simd/runs/20260605T112840620515Z/raw/4e3f09f61f.csv,,,1,0,,,,,,,/home/jaeyongjang/project.local/vortex/analysis_workspace/latency_on_hw/outputs_main/naive_simd/runs/20260605T112840620515Z/logs/4e3f09f61f.log,49.872,1.0,17313674.046,17313674.046,17313674.046,17313674.046,17313674.046
20260605T112840620515Z,2026-06-05T23:29:10+00:00,naive_simd,7167e1bd1281,fpint_improve,0,prefill_merged_naive_simd,llama2_7b_prefill_C4_fused_batch8_prefill_seq_len512_qblk32_prefill_attn_head_concat,d06a304ddf,head_concat_layout_fused,concat,attn_head_concat,head_concat_layout_fused,all_fpint_gemm_improve_fused_layout_spinquant,prefill,attn_head_concat,-batch 8 -seq 512 -heads 32 -headdim 128 --layout-to gemm_a_tiled,"{""batch"": 8, ""consumer"": ""o_proj"", ""headdim"": 128, ""heads"": 32, ""hidden"": 4096, ""layout_from"": ""gemm_c_tiled_per_head"", ""layout_group"": ""attn_pv_to_head_concat_to_o_proj"", ""layout_to"": ""gemm_a_tiled"", ""producer"": ""attn_pv"", ""seq"": 512}",32.0,/opt/vortex_fpga_bins/fpint/xrt_hw_u55c_c1_f100_fpint_tcu_noDcache_L2cache_90f22d2615/bin,f9d4c06cee4c6e36c642ff55483c0dd89e2a213a6dc34439696792e38ae26795,0,1,explicit,pass,0,,,/home/jaeyongjang/project.local/vortex/analysis_workspace/latency_on_hw/outputs_main/naive_simd/runs/20260605T112840620515Z/raw/d06a304ddf.csv,,,1,0,,,,,,,/home/jaeyongjang/project.local/vortex/analysis_workspace/latency_on_hw/outputs_main/naive_simd/runs/20260605T112840620515Z/logs/d06a304ddf.log,17.432,1.0,4321217.9,4321217.9,4321217.9,4321217.9,4321217.9
20260605T112840620515Z,2026-06-05T23:29:10+00:00,naive_simd,7167e1bd1281,fpint_improve,0,prefill_merged_naive_simd,llama2_7b_prefill_C4_fused_batch8_prefill_seq_len1024_qblk32_prefill_attn_head_concat,29c7edb065,head_concat_layout_fused,concat,attn_head_concat,head_concat_layout_fused,all_fpint_gemm_improve_fused_layout_spinquant,prefill,attn_head_concat,-batch 8 -seq 1024 -heads 32 -headdim 128 --layout-to gemm_a_tiled,"{""batch"": 8, ""consumer"": ""o_proj"", ""headdim"": 128, ""heads"": 32, ""hidden"": 4096, ""layout_from"": ""gemm_c_tiled_per_head"", ""layout_group"": ""attn_pv_to_head_concat_to_o_proj"", ""layout_to"": ""gemm_a_tiled"", ""producer"": ""attn_pv"", ""seq"": 1024}",32.0,/opt/vortex_fpga_bins/fpint/xrt_hw_u55c_c1_f100_fpint_tcu_noDcache_L2cache_90f22d2615/bin,f9d4c06cee4c6e36c642ff55483c0dd89e2a213a6dc34439696792e38ae26795,0,1,explicit,pass,0,,,/home/jaeyongjang/project.local/vortex/analysis_workspace/latency_on_hw/outputs_main/naive_simd/runs/20260605T112840620515Z/raw/29c7edb065.csv,,,1,0,,,,,,,/home/jaeyongjang/project.local/vortex/analysis_workspace/latency_on_hw/outputs_main/naive_simd/runs/20260605T112840620515Z/logs/29c7edb065.log,26.158,1.0,8579042.505,8579042.505,8579042.505,8579042.505,8579042.505
20260605T112840620515Z,2026-06-05T23:29:10+00:00,naive_simd,7167e1bd1281,fpint_improve,0,prefill_merged_naive_simd,llama2_7b_prefill_C4_fused_batch8_prefill_seq_len2048_qblk32_prefill_attn_head_concat,82e5fce33f,head_concat_layout_fused,concat,attn_head_concat,head_concat_layout_fused,all_fpint_gemm_improve_fused_layout_spinquant,prefill,attn_head_concat,-batch 8 -seq 2048 -heads 32 -headdim 128 --layout-to gemm_a_tiled,"{""batch"": 8, ""consumer"": ""o_proj"", ""headdim"": 128, ""heads"": 32, ""hidden"": 4096, ""layout_from"": ""gemm_c_tiled_per_head"", ""layout_group"": ""attn_pv_to_head_concat_to_o_proj"", ""layout_to"": ""gemm_a_tiled"", ""producer"": ""attn_pv"", ""seq"": 2048}",32.0,/opt/vortex_fpga_bins/fpint/xrt_hw_u55c_c1_f100_fpint_tcu_noDcache_L2cache_90f22d2615/bin,f9d4c06cee4c6e36c642ff55483c0dd89e2a213a6dc34439696792e38ae26795,0,1,explicit,pass,0,,,/home/jaeyongjang/project.local/vortex/analysis_workspace/latency_on_hw/outputs_main/naive_simd/runs/20260605T112840620515Z/raw/82e5fce33f.csv,,,1,0,,,,,,,/home/jaeyongjang/project.local/vortex/analysis_workspace/latency_on_hw/outputs_main/naive_simd/runs/20260605T112840620515Z/logs/82e5fce33f.log,47.414,1.0,17327749.131,17327749.131,17327749.131,17327749.131,17327749.131
20260605T112840620515Z,2026-06-05T23:29:10+00:00,naive_simd,7167e1bd1281,fpint_improve,0,prefill_merged_naive_simd,llama2_7b_prefill_C4_fused_batch8_prefill_seq_len4096_qblk32_prefill_attn_head_concat,8bf26a6405,head_concat_layout_fused,concat,attn_head_concat,head_concat_layout_fused,all_fpint_gemm_improve_fused_layout_spinquant,prefill,attn_head_concat,-batch 8 -seq 4096 -heads 32 -headdim 128 --layout-to gemm_a_tiled,"{""batch"": 8, ""consumer"": ""o_proj"", ""headdim"": 128, ""heads"": 32, ""hidden"": 4096, ""layout_from"": ""gemm_c_tiled_per_head"", ""layout_group"": ""attn_pv_to_head_concat_to_o_proj"", ""layout_to"": ""gemm_a_tiled"", ""producer"": ""attn_pv"", ""seq"": 4096}",32.0,/opt/vortex_fpga_bins/fpint/xrt_hw_u55c_c1_f100_fpint_tcu_noDcache_L2cache_90f22d2615/bin,f9d4c06cee4c6e36c642ff55483c0dd89e2a213a6dc34439696792e38ae26795,0,1,explicit,pass,0,,,/home/jaeyongjang/project.local/vortex/analysis_workspace/latency_on_hw/outputs_main/naive_simd/runs/20260605T112840620515Z/raw/8bf26a6405.csv,,,1,0,,,,,,,/home/jaeyongjang/project.local/vortex/analysis_workspace/latency_on_hw/outputs_main/naive_simd/runs/20260605T112840620515Z/logs/8bf26a6405.log,86.184,1.0,34645845.817,34645845.817,34645845.817,34645845.817,34645845.817
20260605T112840620515Z,2026-06-05T23:29:10+00:00,naive_simd,7167e1bd1281,fpint_improve,0,prefill_merged_naive_simd,llama2_7b_prefill_C4_fused_batch1_prefill_seq_len512_qblk32_prefill_kv_cache_quant_rope_k_to_attn_qkT,0dfa8cfbb2,kv_cache_quant_layout_fused_w4a16,quantization,kv_cache_quant_rope_k_to_attn_qkT,kv_cache_quant_layout_fused_w4a16,all_fpint_gemm_improve_fused_layout_spinquant,prefill,kv_cache_quant_rope_k_to_attn_qkT,-k 512 -n 128 -q 128 -d 1 -t 1 --gemm-qdir 0 --source-transposed,"{""K"": 512, ""N"": 128, ""QBLK"": 128, ""QDIR"": 1, ""WTRANS"": 1, ""cache_len"": 512, ""cache_update"": ""full"", ""consumer"": ""attn_qkT"", ""gemm_QDIR"": 0, ""layout_from"": ""row_major_fp16"", ""layout_group"": ""spinquant_r3_k_hadamard_to_kv_cache"", ""producer"": ""spinquant_r3_k_hadamard"", ""scale_zp_layout_to"": ""sz_gemm_tiled_transposed"", ""source_QDIR"": 1, ""source_transposed"": true, ""weight_layout_to"": ""gemm_w_tiled_transposed""}",1024.0,/opt/vortex_fpga_bins/fpint/xrt_hw_u55c_c1_f100_fpint_tcu_noDcache_L2cache_90f22d2615/bin,f9d4c06cee4c6e36c642ff55483c0dd89e2a213a6dc34439696792e38ae26795,0,1,explicit,pass,0,,,/home/jaeyongjang/project.local/vortex/analysis_workspace/latency_on_hw/outputs_main/naive_simd/runs/20260605T112840620515Z/raw/0dfa8cfbb2.csv,/home/jaeyongjang/project.local/vortex/analysis_workspace/latency_on_hw/outputs_main_power/naive_simd/runs/20260622T004947137617Z/power/0dfa8cfbb2.csv,/home/jaeyongjang/project.local/vortex/analysis_workspace/latency_on_hw/outputs_main_power/naive_simd/runs/20260622T004947137617Z/power/0dfa8cfbb2.summary.csv,1,1,0,,,,,,/home/jaeyongjang/project.local/vortex/analysis_workspace/latency_on_hw/outputs_main/naive_simd/runs/20260605T112840620515Z/logs/0dfa8cfbb2.log,6.958,1.0,18523.825,18523.825,18523.825,18523.825,18523.825
20260605T112840620515Z,2026-06-05T23:29:10+00:00,naive_simd,7167e1bd1281,fpint_improve,0,prefill_merged_naive_simd,llama2_7b_prefill_C4_fused_batch1_prefill_seq_len512_qblk32_prefill_kv_cache_quant_v_cache_to_attn_pv,915d5b4349,kv_cache_quant_layout_fused_w4a16,quantization,kv_cache_quant_v_cache_to_attn_pv,kv_cache_quant_layout_fused_w4a16,all_fpint_gemm_improve_fused_layout_spinquant,prefill,kv_cache_quant_v_cache_to_attn_pv,-k 512 -n 128 -q 128 -d 1 -t 0 --gemm-qdir 1 --layout-from gemm_c_tiled,"{""K"": 512, ""N"": 128, ""QBLK"": 128, ""QDIR"": 1, ""WTRANS"": 0, ""cache_len"": 512, ""cache_update"": ""full"", ""consumer"": ""attn_pv"", ""gemm_QDIR"": 1, ""layout_from"": ""gemm_c_tiled"", ""layout_group"": ""v_cache_to_attn_pv"", ""producer"": ""v_proj"", ""scale_zp_layout_to"": ""sz_gemm_tiled"", ""source_QDIR"": 1, ""weight_layout_to"": ""gemm_w_tiled""}",1024.0,/opt/vortex_fpga_bins/fpint/xrt_hw_u55c_c1_f100_fpint_tcu_noDcache_L2cache_90f22d2615/bin,f9d4c06cee4c6e36c642ff55483c0dd89e2a213a6dc34439696792e38ae26795,0,1,explicit,pass,0,,,/home/jaeyongjang/project.local/vortex/analysis_workspace/latency_on_hw/outputs_main/naive_simd/runs/20260605T112840620515Z/raw/915d5b4349.csv,/home/jaeyongjang/project.local/vortex/analysis_workspace/latency_on_hw/outputs_main_power/naive_simd/runs/20260622T004947137617Z/power/915d5b4349.csv,/home/jaeyongjang/project.local/vortex/analysis_workspace/latency_on_hw/outputs_main_power/naive_simd/runs/20260622T004947137617Z/power/915d5b4349.summary.csv,1,1,0,,,,,,/home/jaeyongjang/project.local/vortex/analysis_workspace/latency_on_hw/outputs_main/naive_simd/runs/20260605T112840620515Z/logs/915d5b4349.log,6.920,1.0,35465.623,35465.623,35465.623,35465.623,35465.623
20260605T112840620515Z,2026-06-05T23:29:10+00:00,naive_simd,7167e1bd1281,fpint_improve,0,prefill_merged_naive_simd,llama2_7b_prefill_C4_fused_batch1_prefill_seq_len1024_qblk32_prefill_kv_cache_quant_rope_k_to_attn_qkT,8e58c9409c,kv_cache_quant_layout_fused_w4a16,quantization,kv_cache_quant_rope_k_to_attn_qkT,kv_cache_quant_layout_fused_w4a16,all_fpint_gemm_improve_fused_layout_spinquant,prefill,kv_cache_quant_rope_k_to_attn_qkT,-k 1024 -n 128 -q 128 -d 1 -t 1 --gemm-qdir 0 --source-transposed,"{""K"": 1024, ""N"": 128, ""QBLK"": 128, ""QDIR"": 1, ""WTRANS"": 1, ""cache_len"": 1024, ""cache_update"": ""full"", ""consumer"": ""attn_qkT"", ""gemm_QDIR"": 0, ""layout_from"": ""row_major_fp16"", ""layout_group"": ""spinquant_r3_k_hadamard_to_kv_cache"", ""producer"": ""spinquant_r3_k_hadamard"", ""scale_zp_layout_to"": ""sz_gemm_tiled_transposed"", ""source_QDIR"": 1, ""source_transposed"": true, ""weight_layout_to"": ""gemm_w_tiled_transposed""}",1024.0,/opt/vortex_fpga_bins/fpint/xrt_hw_u55c_c1_f100_fpint_tcu_noDcache_L2cache_90f22d2615/bin,f9d4c06cee4c6e36c642ff55483c0dd89e2a213a6dc34439696792e38ae26795,0,1,explicit,pass,0,,,/home/jaeyongjang/project.local/vortex/analysis_workspace/latency_on_hw/outputs_main/naive_simd/runs/20260605T112840620515Z/raw/8e58c9409c.csv,,,1,0,,,,,,,/home/jaeyongjang/project.local/vortex/analysis_workspace/latency_on_hw/outputs_main/naive_simd/runs/20260605T112840620515Z/logs/8e58c9409c.log,6.955,1.0,33386.038,33386.038,33386.038,33386.038,33386.038
20260605T112840620515Z,2026-06-05T23:29:10+00:00,naive_simd,7167e1bd1281,fpint_improve,0,prefill_merged_naive_simd,llama2_7b_prefill_C4_fused_batch1_prefill_seq_len1024_qblk32_prefill_kv_cache_quant_v_cache_to_attn_pv,5a0c550c4c,kv_cache_quant_layout_fused_w4a16,quantization,kv_cache_quant_v_cache_to_attn_pv,kv_cache_quant_layout_fused_w4a16,all_fpint_gemm_improve_fused_layout_spinquant,prefill,kv_cache_quant_v_cache_to_attn_pv,-k 1024 -n 128 -q 128 -d 1 -t 0 --gemm-qdir 1 --layout-from gemm_c_tiled,"{""K"": 1024, ""N"": 128, ""QBLK"": 128, ""QDIR"": 1, ""WTRANS"": 0, ""cache_len"": 1024, ""cache_update"": ""full"", ""consumer"": ""attn_pv"", ""gemm_QDIR"": 1, ""layout_from"": ""gemm_c_tiled"", ""layout_group"": ""v_cache_to_attn_pv"", ""producer"": ""v_proj"", ""scale_zp_layout_to"": ""sz_gemm_tiled"", ""source_QDIR"": 1, ""weight_layout_to"": ""gemm_w_tiled""}",1024.0,/opt/vortex_fpga_bins/fpint/xrt_hw_u55c_c1_f100_fpint_tcu_noDcache_L2cache_90f22d2615/bin,f9d4c06cee4c6e36c642ff55483c0dd89e2a213a6dc34439696792e38ae26795,0,1,explicit,pass,0,,,/home/jaeyongjang/project.local/vortex/analysis_workspace/latency_on_hw/outputs_main/naive_simd/runs/20260605T112840620515Z/raw/5a0c550c4c.csv,,,1,0,,,,,,,/home/jaeyongjang/project.local/vortex/analysis_workspace/latency_on_hw/outputs_main/naive_simd/runs/20260605T112840620515Z/logs/5a0c550c4c.log,7.125,1.0,67163.233,67163.233,67163.233,67163.233,67163.233
20260605T112840620515Z,2026-06-05T23:29:10+00:00,naive_simd,7167e1bd1281,fpint_improve,0,prefill_merged_naive_simd,llama2_7b_prefill_C4_fused_batch1_prefill_seq_len2048_qblk32_prefill_kv_cache_quant_rope_k_to_attn_qkT,f3daf2c451,kv_cache_quant_layout_fused_w4a16,quantization,kv_cache_quant_rope_k_to_attn_qkT,kv_cache_quant_layout_fused_w4a16,all_fpint_gemm_improve_fused_layout_spinquant,prefill,kv_cache_quant_rope_k_to_attn_qkT,-k 2048 -n 128 -q 128 -d 1 -t 1 --gemm-qdir 0 --source-transposed,"{""K"": 2048, ""N"": 128, ""QBLK"": 128, ""QDIR"": 1, ""WTRANS"": 1, ""cache_len"": 2048, ""cache_update"": ""full"", ""consumer"": ""attn_qkT"", ""gemm_QDIR"": 0, ""layout_from"": ""row_major_fp16"", ""layout_group"": ""spinquant_r3_k_hadamard_to_kv_cache"", ""producer"": ""spinquant_r3_k_hadamard"", ""scale_zp_layout_to"": ""sz_gemm_tiled_transposed"", ""source_QDIR"": 1, ""source_transposed"": true, ""weight_layout_to"": ""gemm_w_tiled_transposed""}",1024.0,/opt/vortex_fpga_bins/fpint/xrt_hw_u55c_c1_f100_fpint_tcu_noDcache_L2cache_90f22d2615/bin,f9d4c06cee4c6e36c642ff55483c0dd89e2a213a6dc34439696792e38ae26795,0,1,explicit,pass,0,,,/home/jaeyongjang/project.local/vortex/analysis_workspace/latency_on_hw/outputs_main/naive_simd/runs/20260605T112840620515Z/raw/f3daf2c451.csv,,,1,0,,,,,,,/home/jaeyongjang/project.local/vortex/analysis_workspace/latency_on_hw/outputs_main/naive_simd/runs/20260605T112840620515Z/logs/f3daf2c451.log,7.005,1.0,62854.0,62854.0,62854.0,62854.0,62854.0
20260605T112840620515Z,2026-06-05T23:29:10+00:00,naive_simd,7167e1bd1281,fpint_improve,0,prefill_merged_naive_simd,llama2_7b_prefill_C4_fused_batch1_prefill_seq_len2048_qblk32_prefill_kv_cache_quant_v_cache_to_attn_pv,bf07dcd368,kv_cache_quant_layout_fused_w4a16,quantization,kv_cache_quant_v_cache_to_attn_pv,kv_cache_quant_layout_fused_w4a16,all_fpint_gemm_improve_fused_layout_spinquant,prefill,kv_cache_quant_v_cache_to_attn_pv,-k 2048 -n 128 -q 128 -d 1 -t 0 --gemm-qdir 1 --layout-from gemm_c_tiled,"{""K"": 2048, ""N"": 128, ""QBLK"": 128, ""QDIR"": 1, ""WTRANS"": 0, ""cache_len"": 2048, ""cache_update"": ""full"", ""consumer"": ""attn_pv"", ""gemm_QDIR"": 1, ""layout_from"": ""gemm_c_tiled"", ""layout_group"": ""v_cache_to_attn_pv"", ""producer"": ""v_proj"", ""scale_zp_layout_to"": ""sz_gemm_tiled"", ""source_QDIR"": 1, ""weight_layout_to"": ""gemm_w_tiled""}",1024.0,/opt/vortex_fpga_bins/fpint/xrt_hw_u55c_c1_f100_fpint_tcu_noDcache_L2cache_90f22d2615/bin,f9d4c06cee4c6e36c642ff55483c0dd89e2a213a6dc34439696792e38ae26795,0,1,explicit,pass,0,,,/home/jaeyongjang/project.local/vortex/analysis_workspace/latency_on_hw/outputs_main/naive_simd/runs/20260605T112840620515Z/raw/bf07dcd368.csv,,,1,0,,,,,,,/home/jaeyongjang/project.local/vortex/analysis_workspace/latency_on_hw/outputs_main/naive_simd/runs/20260605T112840620515Z/logs/bf07dcd368.log,7.128,1.0,130668.667,130668.667,130668.667,130668.667,130668.667
20260605T112840620515Z,2026-06-05T23:29:10+00:00,naive_simd,7167e1bd1281,fpint_improve,0,prefill_merged_naive_simd,llama2_7b_prefill_C4_fused_batch1_prefill_seq_len4096_qblk32_prefill_kv_cache_quant_rope_k_to_attn_qkT,27d71071c2,kv_cache_quant_layout_fused_w4a16,quantization,kv_cache_quant_rope_k_to_attn_qkT,kv_cache_quant_layout_fused_w4a16,all_fpint_gemm_improve_fused_layout_spinquant,prefill,kv_cache_quant_rope_k_to_attn_qkT,-k 4096 -n 128 -q 128 -d 1 -t 1 --gemm-qdir 0 --source-transposed,"{""K"": 4096, ""N"": 128, ""QBLK"": 128, ""QDIR"": 1, ""WTRANS"": 1, ""cache_len"": 4096, ""cache_update"": ""full"", ""consumer"": ""attn_qkT"", ""gemm_QDIR"": 0, ""layout_from"": ""row_major_fp16"", ""layout_group"": ""spinquant_r3_k_hadamard_to_kv_cache"", ""producer"": ""spinquant_r3_k_hadamard"", ""scale_zp_layout_to"": ""sz_gemm_tiled_transposed"", ""source_QDIR"": 1, ""source_transposed"": true, ""weight_layout_to"": ""gemm_w_tiled_transposed""}",1024.0,/opt/vortex_fpga_bins/fpint/xrt_hw_u55c_c1_f100_fpint_tcu_noDcache_L2cache_90f22d2615/bin,f9d4c06cee4c6e36c642ff55483c0dd89e2a213a6dc34439696792e38ae26795,0,1,explicit,pass,0,,,/home/jaeyongjang/project.local/vortex/analysis_workspace/latency_on_hw/outputs_main/naive_simd/runs/20260605T112840620515Z/raw/27d71071c2.csv,,,1,0,,,,,,,/home/jaeyongjang/project.local/vortex/analysis_workspace/latency_on_hw/outputs_main/naive_simd/runs/20260605T112840620515Z/logs/27d71071c2.log,7.159,1.0,121335.616,121335.616,121335.616,121335.616,121335.616
20260605T112840620515Z,2026-06-05T23:29:10+00:00,naive_simd,7167e1bd1281,fpint_improve,0,prefill_merged_naive_simd,llama2_7b_prefill_C4_fused_batch1_prefill_seq_len4096_qblk32_prefill_kv_cache_quant_v_cache_to_attn_pv,18ac304017,kv_cache_quant_layout_fused_w4a16,quantization,kv_cache_quant_v_cache_to_attn_pv,kv_cache_quant_layout_fused_w4a16,all_fpint_gemm_improve_fused_layout_spinquant,prefill,kv_cache_quant_v_cache_to_attn_pv,-k 4096 -n 128 -q 128 -d 1 -t 0 --gemm-qdir 1 --layout-from gemm_c_tiled,"{""K"": 4096, ""N"": 128, ""QBLK"": 128, ""QDIR"": 1, ""WTRANS"": 0, ""cache_len"": 4096, ""cache_update"": ""full"", ""consumer"": ""attn_pv"", ""gemm_QDIR"": 1, ""layout_from"": ""gemm_c_tiled"", ""layout_group"": ""v_cache_to_attn_pv"", ""producer"": ""v_proj"", ""scale_zp_layout_to"": ""sz_gemm_tiled"", ""source_QDIR"": 1, ""weight_layout_to"": ""gemm_w_tiled""}",1024.0,/opt/vortex_fpga_bins/fpint/xrt_hw_u55c_c1_f100_fpint_tcu_noDcache_L2cache_90f22d2615/bin,f9d4c06cee4c6e36c642ff55483c0dd89e2a213a6dc34439696792e38ae26795,0,1,explicit,pass,0,,,/home/jaeyongjang/project.local/vortex/analysis_workspace/latency_on_hw/outputs_main/naive_simd/runs/20260605T112840620515Z/raw/18ac304017.csv,,,1,0,,,,,,,/home/jaeyongjang/project.local/vortex/analysis_workspace/latency_on_hw/outputs_main/naive_simd/runs/20260605T112840620515Z/logs/18ac304017.log,16.757,1.0,256028.439,256028.439,256028.439,256028.439,256028.439
20260605T112840620515Z,2026-06-05T23:29:10+00:00,naive_simd,7167e1bd1281,fpint_improve,0,prefill_merged_naive_simd,llama2_7b_prefill_C4_fused_batch1_prefill_seq_len512_qblk32_prefill_input_layernorm,c1687e3e46,rms_norm_layout_fused,rmsnorm,input_layernorm,rms_norm_layout_fused,all_fpint_gemm_improve_fused_layout_spinquant,prefill,input_layernorm,-m 512 -k 4096,"{""K"": 4096, ""M"": 512, ""batch"": 1, ""hidden"": 4096, ""layout_from"": ""row_major"", ""layout_group"": ""input_layernorm_to_qkv"", ""layout_to"": ""gemm_a_tiled"", ""seq"": 512}",32.0,/opt/vortex_fpga_bins/fpint/xrt_hw_u55c_c1_f100_fpint_tcu_noDcache_L2cache_90f22d2615/bin,f9d4c06cee4c6e36c642ff55483c0dd89e2a213a6dc34439696792e38ae26795,0,1,explicit,pass,0,,,/home/jaeyongjang/project.local/vortex/analysis_workspace/latency_on_hw/outputs_main/naive_simd/runs/20260605T112840620515Z/raw/c1687e3e46.csv,/home/jaeyongjang/project.local/vortex/analysis_workspace/latency_on_hw/outputs_main_power/naive_simd/runs/20260621T134138709255Z/power/c1687e3e46.csv,/home/jaeyongjang/project.local/vortex/analysis_workspace/latency_on_hw/outputs_main_power/naive_simd/runs/20260621T134138709255Z/power/c1687e3e46.summary.csv,1,1,15,1.267898,11.5322,11.720093,11.8845,,/home/jaeyongjang/project.local/vortex/analysis_workspace/latency_on_hw/outputs_main/naive_simd/runs/20260605T112840620515Z/logs/c1687e3e46.log,17.571,1.0,422709.329,422709.329,422709.329,422709.329,422709.329
20260605T112840620515Z,2026-06-05T23:29:10+00:00,naive_simd,7167e1bd1281,fpint_improve,0,prefill_merged_naive_simd,llama2_7b_prefill_C4_fused_batch1_prefill_seq_len1024_qblk32_prefill_input_layernorm,a349b82f7b,rms_norm_layout_fused,rmsnorm,input_layernorm,rms_norm_layout_fused,all_fpint_gemm_improve_fused_layout_spinquant,prefill,input_layernorm,-m 1024 -k 4096,"{""K"": 4096, ""M"": 1024, ""batch"": 1, ""hidden"": 4096, ""layout_from"": ""row_major"", ""layout_group"": ""input_layernorm_to_qkv"", ""layout_to"": ""gemm_a_tiled"", ""seq"": 1024}",32.0,/opt/vortex_fpga_bins/fpint/xrt_hw_u55c_c1_f100_fpint_tcu_noDcache_L2cache_90f22d2615/bin,f9d4c06cee4c6e36c642ff55483c0dd89e2a213a6dc34439696792e38ae26795,0,1,explicit,pass,0,,,/home/jaeyongjang/project.local/vortex/analysis_workspace/latency_on_hw/outputs_main/naive_simd/runs/20260605T112840620515Z/raw/a349b82f7b.csv,,,1,0,,,,,,,/home/jaeyongjang/project.local/vortex/analysis_workspace/latency_on_hw/outputs_main/naive_simd/runs/20260605T112840620515Z/logs/a349b82f7b.log,9.866,1.0,842641.99,842641.99,842641.99,842641.99,842641.99
20260605T112840620515Z,2026-06-05T23:29:10+00:00,naive_simd,7167e1bd1281,fpint_improve,0,prefill_merged_naive_simd,llama2_7b_prefill_C4_fused_batch1_prefill_seq_len2048_qblk32_prefill_input_layernorm,fbffb58722,rms_norm_layout_fused,rmsnorm,input_layernorm,rms_norm_layout_fused,all_fpint_gemm_improve_fused_layout_spinquant,prefill,input_layernorm,-m 2048 -k 4096,"{""K"": 4096, ""M"": 2048, ""batch"": 1, ""hidden"": 4096, ""layout_from"": ""row_major"", ""layout_group"": ""input_layernorm_to_qkv"", ""layout_to"": ""gemm_a_tiled"", ""seq"": 2048}",32.0,/opt/vortex_fpga_bins/fpint/xrt_hw_u55c_c1_f100_fpint_tcu_noDcache_L2cache_90f22d2615/bin,f9d4c06cee4c6e36c642ff55483c0dd89e2a213a6dc34439696792e38ae26795,0,1,explicit,pass,0,,,/home/jaeyongjang/project.local/vortex/analysis_workspace/latency_on_hw/outputs_main/naive_simd/runs/20260605T112840620515Z/raw/fbffb58722.csv,,,1,0,,,,,,,/home/jaeyongjang/project.local/vortex/analysis_workspace/latency_on_hw/outputs_main/naive_simd/runs/20260605T112840620515Z/logs/fbffb58722.log,12.079,1.0,1686269.779,1686269.779,1686269.779,1686269.779,1686269.779
20260605T112840620515Z,2026-06-05T23:29:10+00:00,naive_simd,7167e1bd1281,fpint_improve,0,prefill_merged_naive_simd,llama2_7b_prefill_C4_fused_batch1_prefill_seq_len4096_qblk32_prefill_input_layernorm,5fad149cf6,rms_norm_layout_fused,rmsnorm,input_layernorm,rms_norm_layout_fused,all_fpint_gemm_improve_fused_layout_spinquant,prefill,input_layernorm,-m 4096 -k 4096,"{""K"": 4096, ""M"": 4096, ""batch"": 1, ""hidden"": 4096, ""layout_from"": ""row_major"", ""layout_group"": ""input_layernorm_to_qkv"", ""layout_to"": ""gemm_a_tiled"", ""seq"": 4096}",32.0,/opt/vortex_fpga_bins/fpint/xrt_hw_u55c_c1_f100_fpint_tcu_noDcache_L2cache_90f22d2615/bin,f9d4c06cee4c6e36c642ff55483c0dd89e2a213a6dc34439696792e38ae26795,0,1,explicit,pass,0,,,/home/jaeyongjang/project.local/vortex/analysis_workspace/latency_on_hw/outputs_main/naive_simd/runs/20260605T112840620515Z/raw/5fad149cf6.csv,,,1,0,,,,,,,/home/jaeyongjang/project.local/vortex/analysis_workspace/latency_on_hw/outputs_main/naive_simd/runs/20260605T112840620515Z/logs/5fad149cf6.log,16.518,1.0,3371586.319,3371586.319,3371586.319,3371586.319,3371586.319
20260605T112840620515Z,2026-06-05T23:29:10+00:00,naive_simd,7167e1bd1281,fpint_improve,0,prefill_merged_naive_simd,llama2_7b_prefill_C4_fused_batch2_prefill_seq_len4096_qblk32_prefill_input_layernorm,a7ad1a2d2d,rms_norm_layout_fused,rmsnorm,input_layernorm,rms_norm_layout_fused,all_fpint_gemm_improve_fused_layout_spinquant,prefill,input_layernorm,-m 8192 -k 4096,"{""K"": 4096, ""M"": 8192, ""batch"": 2, ""hidden"": 4096, ""layout_from"": ""row_major"", ""layout_group"": ""input_layernorm_to_qkv"", ""layout_to"": ""gemm_a_tiled"", ""seq"": 4096}",32.0,/opt/vortex_fpga_bins/fpint/xrt_hw_u55c_c1_f100_fpint_tcu_noDcache_L2cache_90f22d2615/bin,f9d4c06cee4c6e36c642ff55483c0dd89e2a213a6dc34439696792e38ae26795,0,1,explicit,pass,0,,,/home/jaeyongjang/project.local/vortex/analysis_workspace/latency_on_hw/outputs_main/naive_simd/runs/20260605T112840620515Z/raw/a7ad1a2d2d.csv,,,1,0,,,,,,,/home/jaeyongjang/project.local/vortex/analysis_workspace/latency_on_hw/outputs_main/naive_simd/runs/20260605T112840620515Z/logs/a7ad1a2d2d.log,24.802,1.0,6740658.047,6740658.047,6740658.047,6740658.047,6740658.047
20260605T112840620515Z,2026-06-05T23:29:10+00:00,naive_simd,7167e1bd1281,fpint_improve,0,prefill_merged_naive_simd,llama2_7b_prefill_C4_fused_batch4_prefill_seq_len4096_qblk32_prefill_input_layernorm,208e4cec57,rms_norm_layout_fused,rmsnorm,input_layernorm,rms_norm_layout_fused,all_fpint_gemm_improve_fused_layout_spinquant,prefill,input_layernorm,-m 16384 -k 4096,"{""K"": 4096, ""M"": 16384, ""batch"": 4, ""hidden"": 4096, ""layout_from"": ""row_major"", ""layout_group"": ""input_layernorm_to_qkv"", ""layout_to"": ""gemm_a_tiled"", ""seq"": 4096}",32.0,/opt/vortex_fpga_bins/fpint/xrt_hw_u55c_c1_f100_fpint_tcu_noDcache_L2cache_90f22d2615/bin,f9d4c06cee4c6e36c642ff55483c0dd89e2a213a6dc34439696792e38ae26795,0,1,explicit,pass,0,,,/home/jaeyongjang/project.local/vortex/analysis_workspace/latency_on_hw/outputs_main/naive_simd/runs/20260605T112840620515Z/raw/208e4cec57.csv,,,1,0,,,,,,,/home/jaeyongjang/project.local/vortex/analysis_workspace/latency_on_hw/outputs_main/naive_simd/runs/20260605T112840620515Z/logs/208e4cec57.log,48.582,1.0,13480350.568,13480350.568,13480350.568,13480350.568,13480350.568
20260605T112840620515Z,2026-06-05T23:29:10+00:00,naive_simd,7167e1bd1281,fpint_improve,0,prefill_merged_naive_simd,llama2_7b_prefill_C4_fused_batch8_prefill_seq_len4096_qblk32_prefill_input_layernorm,9746092c7b,rms_norm_layout_fused,rmsnorm,input_layernorm,rms_norm_layout_fused,all_fpint_gemm_improve_fused_layout_spinquant,prefill,input_layernorm,-m 32768 -k 4096,"{""K"": 4096, ""M"": 32768, ""batch"": 8, ""hidden"": 4096, ""layout_from"": ""row_major"", ""layout_group"": ""input_layernorm_to_qkv"", ""layout_to"": ""gemm_a_tiled"", ""seq"": 4096}",32.0,/opt/vortex_fpga_bins/fpint/xrt_hw_u55c_c1_f100_fpint_tcu_noDcache_L2cache_90f22d2615/bin,f9d4c06cee4c6e36c642ff55483c0dd89e2a213a6dc34439696792e38ae26795,0,1,explicit,pass,0,,,/home/jaeyongjang/project.local/vortex/analysis_workspace/latency_on_hw/outputs_main/naive_simd/runs/20260605T112840620515Z/raw/9746092c7b.csv,,,1,0,,,,,,,/home/jaeyongjang/project.local/vortex/analysis_workspace/latency_on_hw/outputs_main/naive_simd/runs/20260605T112840620515Z/logs/9746092c7b.log,79.261,1.0,26961497.259,26961497.259,26961497.259,26961497.259,26961497.259
20260605T112840620515Z,2026-06-05T23:29:10+00:00,naive_simd,7167e1bd1281,fpint_improve,0,prefill_merged_naive_simd,llama2_7b_prefill_C4_fused_batch1_prefill_seq_len512_qblk32_prefill_rope_q,e3678f16bc,rope_layout_fused,rope,rope_q,rope_layout_fused,all_fpint_gemm_improve_fused_layout_spinquant,prefill,rope_q,-batch 1 -seq 512 -heads 32 -headdim 128 -maxseq 4096 -offset 0 --layout-to row_major,"{""batch"": 1, ""consumer"": ""spinquant_r3_q_hadamard"", ""headdim"": 128, ""heads"": 32, ""layout_from"": ""gemm_c_tiled"", ""layout_group"": ""q_proj_to_rope_q_to_spinquant_r3_q"", ""layout_to"": ""row_major_fp16"", ""maxseq"": 4096, ""offset"": 0, ""producer"": ""q_proj"", ""seq"": 512}",32.0,/opt/vortex_fpga_bins/fpint/xrt_hw_u55c_c1_f100_fpint_tcu_noDcache_L2cache_90f22d2615/bin,f9d4c06cee4c6e36c642ff55483c0dd89e2a213a6dc34439696792e38ae26795,0,1,explicit,pass,0,,,/home/jaeyongjang/project.local/vortex/analysis_workspace/latency_on_hw/outputs_main/naive_simd/runs/20260605T112840620515Z/raw/e3678f16bc.csv,/home/jaeyongjang/project.local/vortex/analysis_workspace/latency_on_hw/outputs_main_power/naive_simd/runs/20260621T134138709255Z/power/e3678f16bc.csv,/home/jaeyongjang/project.local/vortex/analysis_workspace/latency_on_hw/outputs_main_power/naive_simd/runs/20260621T134138709255Z/power/e3678f16bc.summary.csv,1,1,25,2.096864,11.457,12.009284,12.3975,,/home/jaeyongjang/project.local/vortex/analysis_workspace/latency_on_hw/outputs_main/naive_simd/runs/20260605T112840620515Z/logs/e3678f16bc.log,8.733,1.0,697489.983,697489.983,697489.983,697489.983,697489.983
20260605T112840620515Z,2026-06-05T23:29:10+00:00,naive_simd,7167e1bd1281,fpint_improve,0,prefill_merged_naive_simd,llama2_7b_prefill_C4_fused_batch1_prefill_seq_len1024_qblk32_prefill_rope_q,be87e2ec43,rope_layout_fused,rope,rope_q,rope_layout_fused,all_fpint_gemm_improve_fused_layout_spinquant,prefill,rope_q,-batch 1 -seq 1024 -heads 32 -headdim 128 -maxseq 4096 -offset 0 --layout-to row_major,"{""batch"": 1, ""consumer"": ""spinquant_r3_q_hadamard"", ""headdim"": 128, ""heads"": 32, ""layout_from"": ""gemm_c_tiled"", ""layout_group"": ""q_proj_to_rope_q_to_spinquant_r3_q"", ""layout_to"": ""row_major_fp16"", ""maxseq"": 4096, ""offset"": 0, ""producer"": ""q_proj"", ""seq"": 1024}",32.0,/opt/vortex_fpga_bins/fpint/xrt_hw_u55c_c1_f100_fpint_tcu_noDcache_L2cache_90f22d2615/bin,f9d4c06cee4c6e36c642ff55483c0dd89e2a213a6dc34439696792e38ae26795,0,1,explicit,pass,0,,,/home/jaeyongjang/project.local/vortex/analysis_workspace/latency_on_hw/outputs_main/naive_simd/runs/20260605T112840620515Z/raw/be87e2ec43.csv,,,1,0,,,,,,,/home/jaeyongjang/project.local/vortex/analysis_workspace/latency_on_hw/outputs_main/naive_simd/runs/20260605T112840620515Z/logs/be87e2ec43.log,10.089,1.0,1387644.214,1387644.214,1387644.214,1387644.214,1387644.214
20260605T112840620515Z,2026-06-05T23:29:10+00:00,naive_simd,7167e1bd1281,fpint_improve,0,prefill_merged_naive_simd,llama2_7b_prefill_C4_fused_batch1_prefill_seq_len2048_qblk32_prefill_rope_q,14e58c67ea,rope_layout_fused,rope,rope_q,rope_layout_fused,all_fpint_gemm_improve_fused_layout_spinquant,prefill,rope_q,-batch 1 -seq 2048 -heads 32 -headdim 128 -maxseq 4096 -offset 0 --layout-to row_major,"{""batch"": 1, ""consumer"": ""spinquant_r3_q_hadamard"", ""headdim"": 128, ""heads"": 32, ""layout_from"": ""gemm_c_tiled"", ""layout_group"": ""q_proj_to_rope_q_to_spinquant_r3_q"", ""layout_to"": ""row_major_fp16"", ""maxseq"": 4096, ""offset"": 0, ""producer"": ""q_proj"", ""seq"": 2048}",32.0,/opt/vortex_fpga_bins/fpint/xrt_hw_u55c_c1_f100_fpint_tcu_noDcache_L2cache_90f22d2615/bin,f9d4c06cee4c6e36c642ff55483c0dd89e2a213a6dc34439696792e38ae26795,0,1,explicit,pass,0,,,/home/jaeyongjang/project.local/vortex/analysis_workspace/latency_on_hw/outputs_main/naive_simd/runs/20260605T112840620515Z/raw/14e58c67ea.csv,,,1,0,,,,,,,/home/jaeyongjang/project.local/vortex/analysis_workspace/latency_on_hw/outputs_main/naive_simd/runs/20260605T112840620515Z/logs/14e58c67ea.log,12.750,1.0,2776279.877,2776279.877,2776279.877,2776279.877,2776279.877
20260605T112840620515Z,2026-06-05T23:29:10+00:00,naive_simd,7167e1bd1281,fpint_improve,0,prefill_merged_naive_simd,llama2_7b_prefill_C4_fused_batch1_prefill_seq_len4096_qblk32_prefill_rope_q,2cc143125e,rope_layout_fused,rope,rope_q,rope_layout_fused,all_fpint_gemm_improve_fused_layout_spinquant,prefill,rope_q,-batch 1 -seq 4096 -heads 32 -headdim 128 -maxseq 4096 -offset 0 --layout-to row_major,"{""batch"": 1, ""consumer"": ""spinquant_r3_q_hadamard"", ""headdim"": 128, ""heads"": 32, ""layout_from"": ""gemm_c_tiled"", ""layout_group"": ""q_proj_to_rope_q_to_spinquant_r3_q"", ""layout_to"": ""row_major_fp16"", ""maxseq"": 4096, ""offset"": 0, ""producer"": ""q_proj"", ""seq"": 4096}",32.0,/opt/vortex_fpga_bins/fpint/xrt_hw_u55c_c1_f100_fpint_tcu_noDcache_L2cache_90f22d2615/bin,f9d4c06cee4c6e36c642ff55483c0dd89e2a213a6dc34439696792e38ae26795,0,1,explicit,pass,0,,,/home/jaeyongjang/project.local/vortex/analysis_workspace/latency_on_hw/outputs_main/naive_simd/runs/20260605T112840620515Z/raw/2cc143125e.csv,,,1,0,,,,,,,/home/jaeyongjang/project.local/vortex/analysis_workspace/latency_on_hw/outputs_main/naive_simd/runs/20260605T112840620515Z/logs/2cc143125e.log,18.232,1.0,5584511.715,5584511.715,5584511.715,5584511.715,5584511.715
20260605T112840620515Z,2026-06-05T23:29:10+00:00,naive_simd,7167e1bd1281,fpint_improve,0,prefill_merged_naive_simd,llama2_7b_prefill_C4_fused_batch2_prefill_seq_len512_qblk32_prefill_rope_q,40c6f68975,rope_layout_fused,rope,rope_q,rope_layout_fused,all_fpint_gemm_improve_fused_layout_spinquant,prefill,rope_q,-batch 2 -seq 512 -heads 32 -headdim 128 -maxseq 4096 -offset 0 --layout-to row_major,"{""batch"": 2, ""consumer"": ""spinquant_r3_q_hadamard"", ""headdim"": 128, ""heads"": 32, ""layout_from"": ""gemm_c_tiled"", ""layout_group"": ""q_proj_to_rope_q_to_spinquant_r3_q"", ""layout_to"": ""row_major_fp16"", ""maxseq"": 4096, ""offset"": 0, ""producer"": ""q_proj"", ""seq"": 512}",32.0,/opt/vortex_fpga_bins/fpint/xrt_hw_u55c_c1_f100_fpint_tcu_noDcache_L2cache_90f22d2615/bin,f9d4c06cee4c6e36c642ff55483c0dd89e2a213a6dc34439696792e38ae26795,0,1,explicit,pass,0,,,/home/jaeyongjang/project.local/vortex/analysis_workspace/latency_on_hw/outputs_main/naive_simd/runs/20260605T112840620515Z/raw/40c6f68975.csv,,,1,0,,,,,,,/home/jaeyongjang/project.local/vortex/analysis_workspace/latency_on_hw/outputs_main/naive_simd/runs/20260605T112840620515Z/logs/40c6f68975.log,9.739,1.0,1395246.974,1395246.974,1395246.974,1395246.974,1395246.974
20260605T112840620515Z,2026-06-05T23:29:10+00:00,naive_simd,7167e1bd1281,fpint_improve,0,prefill_merged_naive_simd,llama2_7b_prefill_C4_fused_batch2_prefill_seq_len1024_qblk32_prefill_rope_q,e3da5f5c0f,rope_layout_fused,rope,rope_q,rope_layout_fused,all_fpint_gemm_improve_fused_layout_spinquant,prefill,rope_q,-batch 2 -seq 1024 -heads 32 -headdim 128 -maxseq 4096 -offset 0 --layout-to row_major,"{""batch"": 2, ""consumer"": ""spinquant_r3_q_hadamard"", ""headdim"": 128, ""heads"": 32, ""layout_from"": ""gemm_c_tiled"", ""layout_group"": ""q_proj_to_rope_q_to_spinquant_r3_q"", ""layout_to"": ""row_major_fp16"", ""maxseq"": 4096, ""offset"": 0, ""producer"": ""q_proj"", ""seq"": 1024}",32.0,/opt/vortex_fpga_bins/fpint/xrt_hw_u55c_c1_f100_fpint_tcu_noDcache_L2cache_90f22d2615/bin,f9d4c06cee4c6e36c642ff55483c0dd89e2a213a6dc34439696792e38ae26795,0,1,explicit,pass,0,,,/home/jaeyongjang/project.local/vortex/analysis_workspace/latency_on_hw/outputs_main/naive_simd/runs/20260605T112840620515Z/raw/e3da5f5c0f.csv,,,1,0,,,,,,,/home/jaeyongjang/project.local/vortex/analysis_workspace/latency_on_hw/outputs_main/naive_simd/runs/20260605T112840620515Z/logs/e3da5f5c0f.log,13.453,1.0,2757916.674,2757916.674,2757916.674,2757916.674,2757916.674
20260605T112840620515Z,2026-06-05T23:29:10+00:00,naive_simd,7167e1bd1281,fpint_improve,0,prefill_merged_naive_simd,llama2_7b_prefill_C4_fused_batch2_prefill_seq_len2048_qblk32_prefill_rope_q,c807fb563f,rope_layout_fused,rope,rope_q,rope_layout_fused,all_fpint_gemm_improve_fused_layout_spinquant,prefill,rope_q,-batch 2 -seq 2048 -heads 32 -headdim 128 -maxseq 4096 -offset 0 --layout-to row_major,"{""batch"": 2, ""consumer"": ""spinquant_r3_q_hadamard"", ""headdim"": 128, ""heads"": 32, ""layout_from"": ""gemm_c_tiled"", ""layout_group"": ""q_proj_to_rope_q_to_spinquant_r3_q"", ""layout_to"": ""row_major_fp16"", ""maxseq"": 4096, ""offset"": 0, ""producer"": ""q_proj"", ""seq"": 2048}",32.0,/opt/vortex_fpga_bins/fpint/xrt_hw_u55c_c1_f100_fpint_tcu_noDcache_L2cache_90f22d2615/bin,f9d4c06cee4c6e36c642ff55483c0dd89e2a213a6dc34439696792e38ae26795,0,1,explicit,pass,0,,,/home/jaeyongjang/project.local/vortex/analysis_workspace/latency_on_hw/outputs_main/naive_simd/runs/20260605T112840620515Z/raw/c807fb563f.csv,,,1,0,,,,,,,/home/jaeyongjang/project.local/vortex/analysis_workspace/latency_on_hw/outputs_main/naive_simd/runs/20260605T112840620515Z/logs/c807fb563f.log,19.196,1.0,5533553.573,5533553.573,5533553.573,5533553.573,5533553.573
20260605T112840620515Z,2026-06-05T23:29:10+00:00,naive_simd,7167e1bd1281,fpint_improve,0,prefill_merged_naive_simd,llama2_7b_prefill_C4_fused_batch2_prefill_seq_len4096_qblk32_prefill_rope_q,a4050ce98d,rope_layout_fused,rope,rope_q,rope_layout_fused,all_fpint_gemm_improve_fused_layout_spinquant,prefill,rope_q,-batch 2 -seq 4096 -heads 32 -headdim 128 -maxseq 4096 -offset 0 --layout-to row_major,"{""batch"": 2, ""consumer"": ""spinquant_r3_q_hadamard"", ""headdim"": 128, ""heads"": 32, ""layout_from"": ""gemm_c_tiled"", ""layout_group"": ""q_proj_to_rope_q_to_spinquant_r3_q"", ""layout_to"": ""row_major_fp16"", ""maxseq"": 4096, ""offset"": 0, ""producer"": ""q_proj"", ""seq"": 4096}",32.0,/opt/vortex_fpga_bins/fpint/xrt_hw_u55c_c1_f100_fpint_tcu_noDcache_L2cache_90f22d2615/bin,f9d4c06cee4c6e36c642ff55483c0dd89e2a213a6dc34439696792e38ae26795,0,1,explicit,pass,0,,,/home/jaeyongjang/project.local/vortex/analysis_workspace/latency_on_hw/outputs_main/naive_simd/runs/20260605T112840620515Z/raw/a4050ce98d.csv,,,1,0,,,,,,,/home/jaeyongjang/project.local/vortex/analysis_workspace/latency_on_hw/outputs_main/naive_simd/runs/20260605T112840620515Z/logs/a4050ce98d.log,30.238,1.0,11160512.919,11160512.919,11160512.919,11160512.919,11160512.919
20260605T112840620515Z,2026-06-05T23:29:10+00:00,naive_simd,7167e1bd1281,fpint_improve,0,prefill_merged_naive_simd,llama2_7b_prefill_C4_fused_batch4_prefill_seq_len512_qblk32_prefill_rope_q,d5f3c4eab9,rope_layout_fused,rope,rope_q,rope_layout_fused,all_fpint_gemm_improve_fused_layout_spinquant,prefill,rope_q,-batch 4 -seq 512 -heads 32 -headdim 128 -maxseq 4096 -offset 0 --layout-to row_major,"{""batch"": 4, ""consumer"": ""spinquant_r3_q_hadamard"", ""headdim"": 128, ""heads"": 32, ""layout_from"": ""gemm_c_tiled"", ""layout_group"": ""q_proj_to_rope_q_to_spinquant_r3_q"", ""layout_to"": ""row_major_fp16"", ""maxseq"": 4096, ""offset"": 0, ""producer"": ""q_proj"", ""seq"": 512}",32.0,/opt/vortex_fpga_bins/fpint/xrt_hw_u55c_c1_f100_fpint_tcu_noDcache_L2cache_90f22d2615/bin,f9d4c06cee4c6e36c642ff55483c0dd89e2a213a6dc34439696792e38ae26795,0,1,explicit,pass,0,,,/home/jaeyongjang/project.local/vortex/analysis_workspace/latency_on_hw/outputs_main/naive_simd/runs/20260605T112840620515Z/raw/d5f3c4eab9.csv,,,1,0,,,,,,,/home/jaeyongjang/project.local/vortex/analysis_workspace/latency_on_hw/outputs_main/naive_simd/runs/20260605T112840620515Z/logs/d5f3c4eab9.log,13.150,1.0,2783198.458,2783198.458,2783198.458,2783198.458,2783198.458
20260605T112840620515Z,2026-06-05T23:29:10+00:00,naive_simd,7167e1bd1281,fpint_improve,0,prefill_merged_naive_simd,llama2_7b_prefill_C4_fused_batch4_prefill_seq_len1024_qblk32_prefill_rope_q,a5749ae4f6,rope_layout_fused,rope,rope_q,rope_layout_fused,all_fpint_gemm_improve_fused_layout_spinquant,prefill,rope_q,-batch 4 -seq 1024 -heads 32 -headdim 128 -maxseq 4096 -offset 0 --layout-to row_major,"{""batch"": 4, ""consumer"": ""spinquant_r3_q_hadamard"", ""headdim"": 128, ""heads"": 32, ""layout_from"": ""gemm_c_tiled"", ""layout_group"": ""q_proj_to_rope_q_to_spinquant_r3_q"", ""layout_to"": ""row_major_fp16"", ""maxseq"": 4096, ""offset"": 0, ""producer"": ""q_proj"", ""seq"": 1024}",32.0,/opt/vortex_fpga_bins/fpint/xrt_hw_u55c_c1_f100_fpint_tcu_noDcache_L2cache_90f22d2615/bin,f9d4c06cee4c6e36c642ff55483c0dd89e2a213a6dc34439696792e38ae26795,0,1,explicit,pass,0,,,/home/jaeyongjang/project.local/vortex/analysis_workspace/latency_on_hw/outputs_main/naive_simd/runs/20260605T112840620515Z/raw/a5749ae4f6.csv,,,1,0,,,,,,,/home/jaeyongjang/project.local/vortex/analysis_workspace/latency_on_hw/outputs_main/naive_simd/runs/20260605T112840620515Z/logs/a5749ae4f6.log,18.798,1.0,5522107.368,5522107.368,5522107.368,5522107.368,5522107.368
20260605T112840620515Z,2026-06-05T23:29:10+00:00,naive_simd,7167e1bd1281,fpint_improve,0,prefill_merged_naive_simd,llama2_7b_prefill_C4_fused_batch4_prefill_seq_len2048_qblk32_prefill_rope_q,ae9f16607b,rope_layout_fused,rope,rope_q,rope_layout_fused,all_fpint_gemm_improve_fused_layout_spinquant,prefill,rope_q,-batch 4 -seq 2048 -heads 32 -headdim 128 -maxseq 4096 -offset 0 --layout-to row_major,"{""batch"": 4, ""consumer"": ""spinquant_r3_q_hadamard"", ""headdim"": 128, ""heads"": 32, ""layout_from"": ""gemm_c_tiled"", ""layout_group"": ""q_proj_to_rope_q_to_spinquant_r3_q"", ""layout_to"": ""row_major_fp16"", ""maxseq"": 4096, ""offset"": 0, ""producer"": ""q_proj"", ""seq"": 2048}",32.0,/opt/vortex_fpga_bins/fpint/xrt_hw_u55c_c1_f100_fpint_tcu_noDcache_L2cache_90f22d2615/bin,f9d4c06cee4c6e36c642ff55483c0dd89e2a213a6dc34439696792e38ae26795,0,1,explicit,pass,0,,,/home/jaeyongjang/project.local/vortex/analysis_workspace/latency_on_hw/outputs_main/naive_simd/runs/20260605T112840620515Z/raw/ae9f16607b.csv,,,1,0,,,,,,,/home/jaeyongjang/project.local/vortex/analysis_workspace/latency_on_hw/outputs_main/naive_simd/runs/20260605T112840620515Z/logs/ae9f16607b.log,30.085,1.0,11071987.34,11071987.34,11071987.34,11071987.34,11071987.34
20260605T112840620515Z,2026-06-05T23:29:10+00:00,naive_simd,7167e1bd1281,fpint_improve,0,prefill_merged_naive_simd,llama2_7b_prefill_C4_fused_batch4_prefill_seq_len4096_qblk32_prefill_rope_q,f8c4666d77,rope_layout_fused,rope,rope_q,rope_layout_fused,all_fpint_gemm_improve_fused_layout_spinquant,prefill,rope_q,-batch 4 -seq 4096 -heads 32 -headdim 128 -maxseq 4096 -offset 0 --layout-to row_major,"{""batch"": 4, ""consumer"": ""spinquant_r3_q_hadamard"", ""headdim"": 128, ""heads"": 32, ""layout_from"": ""gemm_c_tiled"", ""layout_group"": ""q_proj_to_rope_q_to_spinquant_r3_q"", ""layout_to"": ""row_major_fp16"", ""maxseq"": 4096, ""offset"": 0, ""producer"": ""q_proj"", ""seq"": 4096}",32.0,/opt/vortex_fpga_bins/fpint/xrt_hw_u55c_c1_f100_fpint_tcu_noDcache_L2cache_90f22d2615/bin,f9d4c06cee4c6e36c642ff55483c0dd89e2a213a6dc34439696792e38ae26795,0,1,explicit,pass,0,,,/home/jaeyongjang/project.local/vortex/analysis_workspace/latency_on_hw/outputs_main/naive_simd/runs/20260605T112840620515Z/raw/f8c4666d77.csv,,,1,0,,,,,,,/home/jaeyongjang/project.local/vortex/analysis_workspace/latency_on_hw/outputs_main/naive_simd/runs/20260605T112840620515Z/logs/f8c4666d77.log,52.983,1.0,22272790.64,22272790.64,22272790.64,22272790.64,22272790.64
20260605T112840620515Z,2026-06-05T23:29:10+00:00,naive_simd,7167e1bd1281,fpint_improve,0,prefill_merged_naive_simd,llama2_7b_prefill_C4_fused_batch8_prefill_seq_len512_qblk32_prefill_rope_q,7e2be9d9d1,rope_layout_fused,rope,rope_q,rope_layout_fused,all_fpint_gemm_improve_fused_layout_spinquant,prefill,rope_q,-batch 8 -seq 512 -heads 32 -headdim 128 -maxseq 4096 -offset 0 --layout-to row_major,"{""batch"": 8, ""consumer"": ""spinquant_r3_q_hadamard"", ""headdim"": 128, ""heads"": 32, ""layout_from"": ""gemm_c_tiled"", ""layout_group"": ""q_proj_to_rope_q_to_spinquant_r3_q"", ""layout_to"": ""row_major_fp16"", ""maxseq"": 4096, ""offset"": 0, ""producer"": ""q_proj"", ""seq"": 512}",32.0,/opt/vortex_fpga_bins/fpint/xrt_hw_u55c_c1_f100_fpint_tcu_noDcache_L2cache_90f22d2615/bin,f9d4c06cee4c6e36c642ff55483c0dd89e2a213a6dc34439696792e38ae26795,0,1,explicit,pass,0,,,/home/jaeyongjang/project.local/vortex/analysis_workspace/latency_on_hw/outputs_main/naive_simd/runs/20260605T112840620515Z/raw/7e2be9d9d1.csv,,,1,0,,,,,,,/home/jaeyongjang/project.local/vortex/analysis_workspace/latency_on_hw/outputs_main/naive_simd/runs/20260605T112840620515Z/logs/7e2be9d9d1.log,18.968,1.0,5551926.606,5551926.606,5551926.606,5551926.606,5551926.606
20260605T112840620515Z,2026-06-05T23:29:10+00:00,naive_simd,7167e1bd1281,fpint_improve,0,prefill_merged_naive_simd,llama2_7b_prefill_C4_fused_batch8_prefill_seq_len1024_qblk32_prefill_rope_q,96d01f0fd5,rope_layout_fused,rope,rope_q,rope_layout_fused,all_fpint_gemm_improve_fused_layout_spinquant,prefill,rope_q,-batch 8 -seq 1024 -heads 32 -headdim 128 -maxseq 4096 -offset 0 --layout-to row_major,"{""batch"": 8, ""consumer"": ""spinquant_r3_q_hadamard"", ""headdim"": 128, ""heads"": 32, ""layout_from"": ""gemm_c_tiled"", ""layout_group"": ""q_proj_to_rope_q_to_spinquant_r3_q"", ""layout_to"": ""row_major_fp16"", ""maxseq"": 4096, ""offset"": 0, ""producer"": ""q_proj"", ""seq"": 1024}",32.0,/opt/vortex_fpga_bins/fpint/xrt_hw_u55c_c1_f100_fpint_tcu_noDcache_L2cache_90f22d2615/bin,f9d4c06cee4c6e36c642ff55483c0dd89e2a213a6dc34439696792e38ae26795,0,1,explicit,pass,0,,,/home/jaeyongjang/project.local/vortex/analysis_workspace/latency_on_hw/outputs_main/naive_simd/runs/20260605T112840620515Z/raw/96d01f0fd5.csv,,,1,0,,,,,,,/home/jaeyongjang/project.local/vortex/analysis_workspace/latency_on_hw/outputs_main/naive_simd/runs/20260605T112840620515Z/logs/96d01f0fd5.log,29.493,1.0,11047119.45,11047119.45,11047119.45,11047119.45,11047119.45
20260605T112840620515Z,2026-06-05T23:29:10+00:00,naive_simd,7167e1bd1281,fpint_improve,0,prefill_merged_naive_simd,llama2_7b_prefill_C4_fused_batch8_prefill_seq_len2048_qblk32_prefill_rope_q,fcce9842e9,rope_layout_fused,rope,rope_q,rope_layout_fused,all_fpint_gemm_improve_fused_layout_spinquant,prefill,rope_q,-batch 8 -seq 2048 -heads 32 -headdim 128 -maxseq 4096 -offset 0 --layout-to row_major,"{""batch"": 8, ""consumer"": ""spinquant_r3_q_hadamard"", ""headdim"": 128, ""heads"": 32, ""layout_from"": ""gemm_c_tiled"", ""layout_group"": ""q_proj_to_rope_q_to_spinquant_r3_q"", ""layout_to"": ""row_major_fp16"", ""maxseq"": 4096, ""offset"": 0, ""producer"": ""q_proj"", ""seq"": 2048}",32.0,/opt/vortex_fpga_bins/fpint/xrt_hw_u55c_c1_f100_fpint_tcu_noDcache_L2cache_90f22d2615/bin,f9d4c06cee4c6e36c642ff55483c0dd89e2a213a6dc34439696792e38ae26795,0,1,explicit,pass,0,,,/home/jaeyongjang/project.local/vortex/analysis_workspace/latency_on_hw/outputs_main/naive_simd/runs/20260605T112840620515Z/raw/fcce9842e9.csv,,,1,0,,,,,,,/home/jaeyongjang/project.local/vortex/analysis_workspace/latency_on_hw/outputs_main/naive_simd/runs/20260605T112840620515Z/logs/fcce9842e9.log,52.152,1.0,22036973.908,22036973.908,22036973.908,22036973.908,22036973.908
20260605T112840620515Z,2026-06-05T23:29:10+00:00,naive_simd,7167e1bd1281,fpint_improve,0,prefill_merged_naive_simd,llama2_7b_prefill_C4_fused_batch8_prefill_seq_len4096_qblk32_prefill_rope_q,5a98b2a235,rope_layout_fused,rope,rope_q,rope_layout_fused,all_fpint_gemm_improve_fused_layout_spinquant,prefill,rope_q,-batch 8 -seq 4096 -heads 32 -headdim 128 -maxseq 4096 -offset 0 --layout-to row_major,"{""batch"": 8, ""consumer"": ""spinquant_r3_q_hadamard"", ""headdim"": 128, ""heads"": 32, ""layout_from"": ""gemm_c_tiled"", ""layout_group"": ""q_proj_to_rope_q_to_spinquant_r3_q"", ""layout_to"": ""row_major_fp16"", ""maxseq"": 4096, ""offset"": 0, ""producer"": ""q_proj"", ""seq"": 4096}",32.0,/opt/vortex_fpga_bins/fpint/xrt_hw_u55c_c1_f100_fpint_tcu_noDcache_L2cache_90f22d2615/bin,f9d4c06cee4c6e36c642ff55483c0dd89e2a213a6dc34439696792e38ae26795,0,1,explicit,pass,0,,,/home/jaeyongjang/project.local/vortex/analysis_workspace/latency_on_hw/outputs_main/naive_simd/runs/20260605T112840620515Z/raw/5a98b2a235.csv,,,1,0,,,,,,,/home/jaeyongjang/project.local/vortex/analysis_workspace/latency_on_hw/outputs_main/naive_simd/runs/20260605T112840620515Z/logs/5a98b2a235.log,101.839,1.0,44395633.547,44395633.547,44395633.547,44395633.547,44395633.547
20260605T112840620515Z,2026-06-05T23:29:10+00:00,naive_simd,7167e1bd1281,fpint_improve,0,prefill_merged_naive_simd,llama2_7b_prefill_C4_fused_batch1_prefill_seq_len512_qblk32_prefill_attn_softmax,0381aa503c,softmax_layout_fused,softmax,attn_softmax,softmax_layout_fused,all_fpint_gemm_improve_fused_layout_spinquant,prefill,attn_softmax,-batch 1 -heads 32 -seqq 512 -seqk 512 -mask 1,"{""batch"": 1, ""consumer"": ""attn_pv"", ""heads"": 32, ""layout_from"": ""gemm_c_tiled"", ""layout_group"": ""attn_qkT_to_softmax_to_attn_pv"", ""layout_to"": ""gemm_a_tiled"", ""mask"": 1, ""producer"": ""attn_qkT"", ""seqk"": 512, ""seqq"": 512}",32.0,/opt/vortex_fpga_bins/fpint/xrt_hw_u55c_c1_f100_fpint_tcu_noDcache_L2cache_90f22d2615/bin,f9d4c06cee4c6e36c642ff55483c0dd89e2a213a6dc34439696792e38ae26795,0,1,explicit,pass,0,,,/home/jaeyongjang/project.local/vortex/analysis_workspace/latency_on_hw/outputs_main/naive_simd/runs/20260605T112840620515Z/raw/0381aa503c.csv,,,1,0,,,,,,,/home/jaeyongjang/project.local/vortex/analysis_workspace/latency_on_hw/outputs_main/naive_simd/runs/20260605T112840620515Z/logs/0381aa503c.log,21.314,1.0,10679199.938,10679199.938,10679199.938,10679199.938,10679199.938
20260605T112840620515Z,2026-06-05T23:29:10+00:00,naive_simd,7167e1bd1281,fpint_improve,0,prefill_merged_naive_simd,llama2_7b_prefill_C4_fused_batch1_prefill_seq_len1024_qblk32_prefill_attn_softmax,94ec53b372,softmax_layout_fused,softmax,attn_softmax,softmax_layout_fused,all_fpint_gemm_improve_fused_layout_spinquant,prefill,attn_softmax,-batch 1 -heads 32 -seqq 1024 -seqk 1024 -mask 1,"{""batch"": 1, ""consumer"": ""attn_pv"", ""heads"": 32, ""layout_from"": ""gemm_c_tiled"", ""layout_group"": ""attn_qkT_to_softmax_to_attn_pv"", ""layout_to"": ""gemm_a_tiled"", ""mask"": 1, ""producer"": ""attn_qkT"", ""seqk"": 1024, ""seqq"": 1024}",32.0,/opt/vortex_fpga_bins/fpint/xrt_hw_u55c_c1_f100_fpint_tcu_noDcache_L2cache_90f22d2615/bin,f9d4c06cee4c6e36c642ff55483c0dd89e2a213a6dc34439696792e38ae26795,0,1,explicit,pass,0,,,/home/jaeyongjang/project.local/vortex/analysis_workspace/latency_on_hw/outputs_main/naive_simd/runs/20260605T112840620515Z/raw/94ec53b372.csv,,,1,0,,,,,,,/home/jaeyongjang/project.local/vortex/analysis_workspace/latency_on_hw/outputs_main/naive_simd/runs/20260605T112840620515Z/logs/94ec53b372.log,50.076,1.0,28811346.814,28811346.814,28811346.814,28811346.814,28811346.814
20260605T112840620515Z,2026-06-05T23:29:10+00:00,naive_simd,7167e1bd1281,fpint_improve,0,prefill_merged_naive_simd,llama2_7b_prefill_C4_fused_batch1_prefill_seq_len2048_qblk32_prefill_attn_softmax,66912bed79,softmax_layout_fused,softmax,attn_softmax,softmax_layout_fused,all_fpint_gemm_improve_fused_layout_spinquant,prefill,attn_softmax,-batch 1 -heads 32 -seqq 2048 -seqk 2048 -mask 1,"{""batch"": 1, ""consumer"": ""attn_pv"", ""heads"": 32, ""layout_from"": ""gemm_c_tiled"", ""layout_group"": ""attn_qkT_to_softmax_to_attn_pv"", ""layout_to"": ""gemm_a_tiled"", ""mask"": 1, ""producer"": ""attn_qkT"", ""seqk"": 2048, ""seqq"": 2048}",32.0,/opt/vortex_fpga_bins/fpint/xrt_hw_u55c_c1_f100_fpint_tcu_noDcache_L2cache_90f22d2615/bin,f9d4c06cee4c6e36c642ff55483c0dd89e2a213a6dc34439696792e38ae26795,0,1,explicit,pass,0,,,/home/jaeyongjang/project.local/vortex/analysis_workspace/latency_on_hw/outputs_main/naive_simd/runs/20260605T112840620515Z/raw/66912bed79.csv,,,1,0,,,,,,,/home/jaeyongjang/project.local/vortex/analysis_workspace/latency_on_hw/outputs_main/naive_simd/runs/20260605T112840620515Z/logs/66912bed79.log,144.240,1.0,88125020.023,88125020.023,88125020.023,88125020.023,88125020.023
20260605T112840620515Z,2026-06-05T23:29:10+00:00,naive_simd,7167e1bd1281,fpint_improve,0,prefill_merged_naive_simd,llama2_7b_prefill_C4_fused_batch2_prefill_seq_len512_qblk32_prefill_attn_softmax,0b8db1bf5e,softmax_layout_fused,softmax,attn_softmax,softmax_layout_fused,all_fpint_gemm_improve_fused_layout_spinquant,prefill,attn_softmax,-batch 2 -heads 32 -seqq 512 -seqk 512 -mask 1,"{""batch"": 2, ""consumer"": ""attn_pv"", ""heads"": 32, ""layout_from"": ""gemm_c_tiled"", ""layout_group"": ""attn_qkT_to_softmax_to_attn_pv"", ""layout_to"": ""gemm_a_tiled"", ""mask"": 1, ""producer"": ""attn_qkT"", ""seqk"": 512, ""seqq"": 512}",32.0,/opt/vortex_fpga_bins/fpint/xrt_hw_u55c_c1_f100_fpint_tcu_noDcache_L2cache_90f22d2615/bin,f9d4c06cee4c6e36c642ff55483c0dd89e2a213a6dc34439696792e38ae26795,0,1,explicit,pass,0,,,/home/jaeyongjang/project.local/vortex/analysis_workspace/latency_on_hw/outputs_main/naive_simd/runs/20260605T112840620515Z/raw/0b8db1bf5e.csv,,,1,0,,,,,,,/home/jaeyongjang/project.local/vortex/analysis_workspace/latency_on_hw/outputs_main/naive_simd/runs/20260605T112840620515Z/logs/0b8db1bf5e.log,43.283,1.0,21369831.732,21369831.732,21369831.732,21369831.732,21369831.732
20260605T112840620515Z,2026-06-05T23:29:10+00:00,naive_simd,7167e1bd1281,fpint_improve,0,prefill_merged_naive_simd,llama2_7b_prefill_C4_fused_batch2_prefill_seq_len1024_qblk32_prefill_attn_softmax,174f5bc4e2,softmax_layout_fused,softmax,attn_softmax,softmax_layout_fused,all_fpint_gemm_improve_fused_layout_spinquant,prefill,attn_softmax,-batch 2 -heads 32 -seqq 1024 -seqk 1024 -mask 1,"{""batch"": 2, ""consumer"": ""attn_pv"", ""heads"": 32, ""layout_from"": ""gemm_c_tiled"", ""layout_group"": ""attn_qkT_to_softmax_to_attn_pv"", ""layout_to"": ""gemm_a_tiled"", ""mask"": 1, ""producer"": ""attn_qkT"", ""seqk"": 1024, ""seqq"": 1024}",32.0,/opt/vortex_fpga_bins/fpint/xrt_hw_u55c_c1_f100_fpint_tcu_noDcache_L2cache_90f22d2615/bin,f9d4c06cee4c6e36c642ff55483c0dd89e2a213a6dc34439696792e38ae26795,0,1,explicit,pass,0,,,/home/jaeyongjang/project.local/vortex/analysis_workspace/latency_on_hw/outputs_main/naive_simd/runs/20260605T112840620515Z/raw/174f5bc4e2.csv,,,1,0,,,,,,,/home/jaeyongjang/project.local/vortex/analysis_workspace/latency_on_hw/outputs_main/naive_simd/runs/20260605T112840620515Z/logs/174f5bc4e2.log,87.644,1.0,57594260.704,57594260.704,57594260.704,57594260.704,57594260.704
20260605T112840620515Z,2026-06-05T23:29:10+00:00,naive_simd,7167e1bd1281,fpint_improve,0,prefill_merged_naive_simd,llama2_7b_prefill_C4_fused_batch2_prefill_seq_len2048_qblk32_prefill_attn_softmax,933f2cfbd6,softmax_layout_fused,softmax,attn_softmax,softmax_layout_fused,all_fpint_gemm_improve_fused_layout_spinquant,prefill,attn_softmax,-batch 2 -heads 32 -seqq 2048 -seqk 2048 -mask 1,"{""batch"": 2, ""consumer"": ""attn_pv"", ""heads"": 32, ""layout_from"": ""gemm_c_tiled"", ""layout_group"": ""attn_qkT_to_softmax_to_attn_pv"", ""layout_to"": ""gemm_a_tiled"", ""mask"": 1, ""producer"": ""attn_qkT"", ""seqk"": 2048, ""seqq"": 2048}",32.0,/opt/vortex_fpga_bins/fpint/xrt_hw_u55c_c1_f100_fpint_tcu_noDcache_L2cache_90f22d2615/bin,f9d4c06cee4c6e36c642ff55483c0dd89e2a213a6dc34439696792e38ae26795,0,1,explicit,pass,0,,,/home/jaeyongjang/project.local/vortex/analysis_workspace/latency_on_hw/outputs_main/naive_simd/runs/20260605T112840620515Z/raw/933f2cfbd6.csv,,,1,0,,,,,,,/home/jaeyongjang/project.local/vortex/analysis_workspace/latency_on_hw/outputs_main/naive_simd/runs/20260605T112840620515Z/logs/933f2cfbd6.log,282.572,1.0,176295378.734,176295378.734,176295378.734,176295378.734,176295378.734
20260605T112840620515Z,2026-06-05T23:29:10+00:00,naive_simd,7167e1bd1281,fpint_improve,0,prefill_merged_naive_simd,llama2_7b_prefill_C4_fused_batch4_prefill_seq_len512_qblk32_prefill_attn_softmax,55d5b4870e,softmax_layout_fused,softmax,attn_softmax,softmax_layout_fused,all_fpint_gemm_improve_fused_layout_spinquant,prefill,attn_softmax,-batch 4 -heads 32 -seqq 512 -seqk 512 -mask 1,"{""batch"": 4, ""consumer"": ""attn_pv"", ""heads"": 32, ""layout_from"": ""gemm_c_tiled"", ""layout_group"": ""attn_qkT_to_softmax_to_attn_pv"", ""layout_to"": ""gemm_a_tiled"", ""mask"": 1, ""producer"": ""attn_qkT"", ""seqk"": 512, ""seqq"": 512}",32.0,/opt/vortex_fpga_bins/fpint/xrt_hw_u55c_c1_f100_fpint_tcu_noDcache_L2cache_90f22d2615/bin,f9d4c06cee4c6e36c642ff55483c0dd89e2a213a6dc34439696792e38ae26795,0,1,explicit,pass,0,,,/home/jaeyongjang/project.local/vortex/analysis_workspace/latency_on_hw/outputs_main/naive_simd/runs/20260605T112840620515Z/raw/55d5b4870e.csv,,,1,0,,,,,,,/home/jaeyongjang/project.local/vortex/analysis_workspace/latency_on_hw/outputs_main/naive_simd/runs/20260605T112840620515Z/logs/55d5b4870e.log,72.206,1.0,42612492.863,42612492.863,42612492.863,42612492.863,42612492.863
20260605T112840620515Z,2026-06-05T23:29:10+00:00,naive_simd,7167e1bd1281,fpint_improve,0,prefill_merged_naive_simd,llama2_7b_prefill_C4_fused_batch4_prefill_seq_len1024_qblk32_prefill_attn_softmax,cbe5e381c3,softmax_layout_fused,softmax,attn_softmax,softmax_layout_fused,all_fpint_gemm_improve_fused_layout_spinquant,prefill,attn_softmax,-batch 4 -heads 32 -seqq 1024 -seqk 1024 -mask 1,"{""batch"": 4, ""consumer"": ""attn_pv"", ""heads"": 32, ""layout_from"": ""gemm_c_tiled"", ""layout_group"": ""attn_qkT_to_softmax_to_attn_pv"", ""layout_to"": ""gemm_a_tiled"", ""mask"": 1, ""producer"": ""attn_qkT"", ""seqk"": 1024, ""seqq"": 1024}",32.0,/opt/vortex_fpga_bins/fpint/xrt_hw_u55c_c1_f100_fpint_tcu_noDcache_L2cache_90f22d2615/bin,f9d4c06cee4c6e36c642ff55483c0dd89e2a213a6dc34439696792e38ae26795,0,1,explicit,pass,0,,,/home/jaeyongjang/project.local/vortex/analysis_workspace/latency_on_hw/outputs_main/naive_simd/runs/20260605T112840620515Z/raw/cbe5e381c3.csv,,,1,0,,,,,,,/home/jaeyongjang/project.local/vortex/analysis_workspace/latency_on_hw/outputs_main/naive_simd/runs/20260605T112840620515Z/logs/cbe5e381c3.log,167.249,1.0,115182830.979,115182830.979,115182830.979,115182830.979,115182830.979
20260605T112840620515Z,2026-06-05T23:29:10+00:00,naive_simd,7167e1bd1281,fpint_improve,0,prefill_merged_naive_simd,llama2_7b_prefill_C4_fused_batch8_prefill_seq_len512_qblk32_prefill_attn_softmax,680cc68877,softmax_layout_fused,softmax,attn_softmax,softmax_layout_fused,all_fpint_gemm_improve_fused_layout_spinquant,prefill,attn_softmax,-batch 8 -heads 32 -seqq 512 -seqk 512 -mask 1,"{""batch"": 8, ""consumer"": ""attn_pv"", ""heads"": 32, ""layout_from"": ""gemm_c_tiled"", ""layout_group"": ""attn_qkT_to_softmax_to_attn_pv"", ""layout_to"": ""gemm_a_tiled"", ""mask"": 1, ""producer"": ""attn_qkT"", ""seqk"": 512, ""seqq"": 512}",32.0,/opt/vortex_fpga_bins/fpint/xrt_hw_u55c_c1_f100_fpint_tcu_noDcache_L2cache_90f22d2615/bin,f9d4c06cee4c6e36c642ff55483c0dd89e2a213a6dc34439696792e38ae26795,0,1,explicit,pass,0,,,/home/jaeyongjang/project.local/vortex/analysis_workspace/latency_on_hw/outputs_main/naive_simd/runs/20260605T112840620515Z/raw/680cc68877.csv,,,1,0,,,,,,,/home/jaeyongjang/project.local/vortex/analysis_workspace/latency_on_hw/outputs_main/naive_simd/runs/20260605T112840620515Z/logs/680cc68877.log,128.999,1.0,85449964.11,85449964.11,85449964.11,85449964.11,85449964.11
20260605T112840620515Z,2026-06-05T23:29:10+00:00,naive_simd,7167e1bd1281,fpint_improve,0,prefill_merged_naive_simd,llama2_7b_prefill_C4_fused_batch8_prefill_seq_len1024_qblk32_prefill_attn_softmax,e15a63a195,softmax_layout_fused,softmax,attn_softmax,softmax_layout_fused,all_fpint_gemm_improve_fused_layout_spinquant,prefill,attn_softmax,-batch 8 -heads 32 -seqq 1024 -seqk 1024 -mask 1,"{""batch"": 8, ""consumer"": ""attn_pv"", ""heads"": 32, ""layout_from"": ""gemm_c_tiled"", ""layout_group"": ""attn_qkT_to_softmax_to_attn_pv"", ""layout_to"": ""gemm_a_tiled"", ""mask"": 1, ""producer"": ""attn_qkT"", ""seqk"": 1024, ""seqq"": 1024}",32.0,/opt/vortex_fpga_bins/fpint/xrt_hw_u55c_c1_f100_fpint_tcu_noDcache_L2cache_90f22d2615/bin,f9d4c06cee4c6e36c642ff55483c0dd89e2a213a6dc34439696792e38ae26795,0,1,explicit,pass,0,,,/home/jaeyongjang/project.local/vortex/analysis_workspace/latency_on_hw/outputs_main/naive_simd/runs/20260605T112840620515Z/raw/e15a63a195.csv,,,1,0,,,,,,,/home/jaeyongjang/project.local/vortex/analysis_workspace/latency_on_hw/outputs_main/naive_simd/runs/20260605T112840620515Z/logs/e15a63a195.log,354.740,1.0,230321618.9,230321618.9,230321618.9,230321618.9,230321618.9
20260606T030452407721Z,2026-06-06T21:27:10+00:00,naive_simd,7167e1bd1281,fpint_improve,1,prefill_merged_naive_simd,llama2_7b_prefill_all_sgemm_tcu_batch4_prefill_seq_len4096_qblk32_prefill_gate_proj,9be3b20dd0,sgemm_tcu,gemm,gate_proj,sgemm_tcu,all_sgemm_tcu_spinquant,prefill,gate_proj,-m 16384 -n 11008 -k 4096,"{""K"": 4096, ""M"": 16384, ""N"": 11008}",32.0,/opt/vortex_fpga_bins/fpint/xrt_hw_u55c_c1_f100_fpint_tcu_noDcache_L2cache_90f22d2615/bin,f9d4c06cee4c6e36c642ff55483c0dd89e2a213a6dc34439696792e38ae26795,0,1,explicit,pass,0,,,/home/jaeyongjang/project.local/vortex/analysis_workspace/latency_on_hw/outputs_main/naive_simd/runs/20260606T030452407721Z/raw/9be3b20dd0.csv,,,1,0,,,,,,,/home/jaeyongjang/project.local/vortex/analysis_workspace/latency_on_hw/outputs_main/naive_simd/runs/20260606T030452407721Z/logs/9be3b20dd0.log,636.337,1.0,576089676.299,576089676.299,576089676.299,576089676.299,576089676.299
20260606T030452407721Z,2026-06-06T21:27:10+00:00,naive_simd,7167e1bd1281,fpint_improve,1,prefill_merged_naive_simd,llama2_7b_prefill_all_sgemm_tcu_batch4_prefill_seq_len4096_qblk32_prefill_down_proj,b62ecf8a97,sgemm_tcu,gemm,down_proj,sgemm_tcu,all_sgemm_tcu_spinquant,prefill,down_proj,-m 16384 -n 4096 -k 11008,"{""K"": 11008, ""M"": 16384, ""N"": 4096}",32.0,/opt/vortex_fpga_bins/fpint/xrt_hw_u55c_c1_f100_fpint_tcu_noDcache_L2cache_90f22d2615/bin,f9d4c06cee4c6e36c642ff55483c0dd89e2a213a6dc34439696792e38ae26795,0,1,explicit,pass,0,,,/home/jaeyongjang/project.local/vortex/analysis_workspace/latency_on_hw/outputs_main/naive_simd/runs/20260606T030452407721Z/raw/b62ecf8a97.csv,,,1,0,,,,,,,/home/jaeyongjang/project.local/vortex/analysis_workspace/latency_on_hw/outputs_main/naive_simd/runs/20260606T030452407721Z/logs/b62ecf8a97.log,692.537,1.0,583688759.742,583688759.742,583688759.742,583688759.742,583688759.742
20260606T030452407721Z,2026-06-06T21:27:10+00:00,naive_simd,7167e1bd1281,fpint_improve,1,prefill_merged_naive_simd,llama2_7b_prefill_all_sgemm_tcu_batch8_prefill_seq_len4096_qblk32_prefill_q_proj,24472a0c10,sgemm_tcu,gemm,q_proj,sgemm_tcu,all_sgemm_tcu_spinquant,prefill,q_proj,-m 32768 -n 4096 -k 4096,"{""K"": 4096, ""M"": 32768, ""N"": 4096}",32.0,/opt/vortex_fpga_bins/fpint/xrt_hw_u55c_c1_f100_fpint_tcu_noDcache_L2cache_90f22d2615/bin,f9d4c06cee4c6e36c642ff55483c0dd89e2a213a6dc34439696792e38ae26795,0,1,explicit,pass,0,,,/home/jaeyongjang/project.local/vortex/analysis_workspace/latency_on_hw/outputs_main/naive_simd/runs/20260606T030452407721Z/raw/24472a0c10.csv,,,1,0,,,,,,,/home/jaeyongjang/project.local/vortex/analysis_workspace/latency_on_hw/outputs_main/naive_simd/runs/20260606T030452407721Z/logs/24472a0c10.log,513.803,1.0,441356599.631,441356599.631,441356599.631,441356599.631,441356599.631
20260606T030452407721Z,2026-06-06T21:27:10+00:00,naive_simd,7167e1bd1281,fpint_improve,1,prefill_merged_naive_simd,llama2_7b_prefill_all_sgemm_tcu_batch8_prefill_seq_len4096_qblk32_prefill_gate_proj,271df946fe,sgemm_tcu,gemm,gate_proj,sgemm_tcu,all_sgemm_tcu_spinquant,prefill,gate_proj,-m 32768 -n 11008 -k 4096,"{""K"": 4096, ""M"": 32768, ""N"": 11008}",32.0,/opt/vortex_fpga_bins/fpint/xrt_hw_u55c_c1_f100_fpint_tcu_noDcache_L2cache_90f22d2615/bin,f9d4c06cee4c6e36c642ff55483c0dd89e2a213a6dc34439696792e38ae26795,0,1,explicit,pass,0,,,/home/jaeyongjang/project.local/vortex/analysis_workspace/latency_on_hw/outputs_main/naive_simd/runs/20260606T030452407721Z/raw/271df946fe.csv,,,1,0,,,,,,,/home/jaeyongjang/project.local/vortex/analysis_workspace/latency_on_hw/outputs_main/naive_simd/runs/20260606T030452407721Z/logs/271df946fe.log,1235.985,1.0,1150222719.061,1150222719.061,1150222719.061,1150222719.061,1150222719.061
20260606T030452407721Z,2026-06-06T21:27:10+00:00,naive_simd,7167e1bd1281,fpint_improve,1,prefill_merged_naive_simd,llama2_7b_prefill_all_sgemm_tcu_batch8_prefill_seq_len4096_qblk32_prefill_down_proj,439b31451e,sgemm_tcu,gemm,down_proj,sgemm_tcu,all_sgemm_tcu_spinquant,prefill,down_proj,-m 32768 -n 4096 -k 11008,"{""K"": 11008, ""M"": 32768, ""N"": 4096}",32.0,/opt/vortex_fpga_bins/fpint/xrt_hw_u55c_c1_f100_fpint_tcu_noDcache_L2cache_90f22d2615/bin,f9d4c06cee4c6e36c642ff55483c0dd89e2a213a6dc34439696792e38ae26795,0,1,explicit,pass,0,,,/home/jaeyongjang/project.local/vortex/analysis_workspace/latency_on_hw/outputs_main/naive_simd/runs/20260606T030452407721Z/raw/439b31451e.csv,,,1,0,,,,,,,/home/jaeyongjang/project.local/vortex/analysis_workspace/latency_on_hw/outputs_main/naive_simd/runs/20260606T030452407721Z/logs/439b31451e.log,1360.963,1.0,1166975055.222,1166975055.222,1166975055.222,1166975055.222,1166975055.222
20260606T030452407721Z,2026-06-06T21:27:10+00:00,naive_simd,7167e1bd1281,fpint_improve,1,prefill_merged_naive_simd,llama2_7b_prefill_all_sgemm_tcu_batch2_prefill_seq_len4096_qblk32_prefill_attn_softmax,8a65314b2d,softmax,softmax,attn_softmax,softmax,all_sgemm_tcu_spinquant,prefill,attn_softmax,-batch 2 -heads 32 -seqq 4096 -seqk 4096 -mask 1,"{""batch"": 2, ""heads"": 32, ""mask"": 1, ""seqk"": 4096, ""seqq"": 4096}",32.0,/opt/vortex_fpga_bins/fpint/xrt_hw_u55c_c1_f100_fpint_tcu_noDcache_L2cache_90f22d2615/bin,f9d4c06cee4c6e36c642ff55483c0dd89e2a213a6dc34439696792e38ae26795,0,1,explicit,pass,0,,,/home/jaeyongjang/project.local/vortex/analysis_workspace/latency_on_hw/outputs_main/naive_simd/runs/20260606T030452407721Z/raw/8a65314b2d.csv,,,1,0,,,,,,,/home/jaeyongjang/project.local/vortex/analysis_workspace/latency_on_hw/outputs_main/naive_simd/runs/20260606T030452407721Z/logs/8a65314b2d.log,724.576,1.0,351995301.22,351995301.22,351995301.22,351995301.22,351995301.22
20260606T030452407721Z,2026-06-06T21:27:10+00:00,naive_simd,7167e1bd1281,fpint_improve,1,prefill_merged_naive_simd,llama2_7b_prefill_all_sgemm_tcu_batch4_prefill_seq_len2048_qblk32_prefill_attn_softmax,b3c7c0b4b7,softmax,softmax,attn_softmax,softmax,all_sgemm_tcu_spinquant,prefill,attn_softmax,-batch 4 -heads 32 -seqq 2048 -seqk 2048 -mask 1,"{""batch"": 4, ""heads"": 32, ""mask"": 1, ""seqk"": 2048, ""seqq"": 2048}",32.0,/opt/vortex_fpga_bins/fpint/xrt_hw_u55c_c1_f100_fpint_tcu_noDcache_L2cache_90f22d2615/bin,f9d4c06cee4c6e36c642ff55483c0dd89e2a213a6dc34439696792e38ae26795,0,1,explicit,pass,0,,,/home/jaeyongjang/project.local/vortex/analysis_workspace/latency_on_hw/outputs_main/naive_simd/runs/20260606T030452407721Z/raw/b3c7c0b4b7.csv,,,1,0,,,,,,,/home/jaeyongjang/project.local/vortex/analysis_workspace/latency_on_hw/outputs_main/naive_simd/runs/20260606T030452407721Z/logs/b3c7c0b4b7.log,414.574,1.0,223460636.73,223460636.73,223460636.73,223460636.73,223460636.73
20260606T030452407721Z,2026-06-06T21:27:10+00:00,naive_simd,7167e1bd1281,fpint_improve,1,prefill_merged_naive_simd,llama2_7b_prefill_all_sgemm_tcu_batch4_prefill_seq_len4096_qblk32_prefill_attn_softmax,9e692ced1f,softmax,softmax,attn_softmax,softmax,all_sgemm_tcu_spinquant,prefill,attn_softmax,-batch 4 -heads 32 -seqq 4096 -seqk 4096 -mask 1,"{""batch"": 4, ""heads"": 32, ""mask"": 1, ""seqk"": 4096, ""seqq"": 4096}",32.0,/opt/vortex_fpga_bins/fpint/xrt_hw_u55c_c1_f100_fpint_tcu_noDcache_L2cache_90f22d2615/bin,f9d4c06cee4c6e36c642ff55483c0dd89e2a213a6dc34439696792e38ae26795,0,1,explicit,fail,2,run,run,/home/jaeyongjang/project.local/vortex/analysis_workspace/latency_on_hw/outputs_main/naive_simd/runs/20260606T030452407721Z/raw/9e692ced1f.csv,,,1,0,,,,,,,/home/jaeyongjang/project.local/vortex/analysis_workspace/latency_on_hw/outputs_main/naive_simd/runs/20260606T030452407721Z/logs/9e692ced1f.log,54.084,,,,,,
20260606T030452407721Z,2026-06-06T21:27:10+00:00,naive_simd,7167e1bd1281,fpint_improve,1,prefill_merged_naive_simd,llama2_7b_prefill_all_sgemm_tcu_batch8_prefill_seq_len2048_qblk32_prefill_attn_softmax,27fde5da36,softmax,softmax,attn_softmax,softmax,all_sgemm_tcu_spinquant,prefill,attn_softmax,-batch 8 -heads 32 -seqq 2048 -seqk 2048 -mask 1,"{""batch"": 8, ""heads"": 32, ""mask"": 1, ""seqk"": 2048, ""seqq"": 2048}",32.0,/opt/vortex_fpga_bins/fpint/xrt_hw_u55c_c1_f100_fpint_tcu_noDcache_L2cache_90f22d2615/bin,f9d4c06cee4c6e36c642ff55483c0dd89e2a213a6dc34439696792e38ae26795,0,1,explicit,pass,0,,,/home/jaeyongjang/project.local/vortex/analysis_workspace/latency_on_hw/outputs_main/naive_simd/runs/20260606T030452407721Z/raw/27fde5da36.csv,,,1,0,,,,,,,/home/jaeyongjang/project.local/vortex/analysis_workspace/latency_on_hw/outputs_main/naive_simd/runs/20260606T030452407721Z/logs/27fde5da36.log,819.071,1.0,446923314.232,446923314.232,446923314.232,446923314.232,446923314.232
20260606T030452407721Z,2026-06-06T21:27:10+00:00,naive_simd,7167e1bd1281,fpint_improve,1,prefill_merged_naive_simd,llama2_7b_prefill_all_sgemm_tcu_batch8_prefill_seq_len4096_qblk32_prefill_attn_softmax,52bde9bcf6,softmax,softmax,attn_softmax,softmax,all_sgemm_tcu_spinquant,prefill,attn_softmax,-batch 8 -heads 32 -seqq 4096 -seqk 4096 -mask 1,"{""batch"": 8, ""heads"": 32, ""mask"": 1, ""seqk"": 4096, ""seqq"": 4096}",32.0,/opt/vortex_fpga_bins/fpint/xrt_hw_u55c_c1_f100_fpint_tcu_noDcache_L2cache_90f22d2615/bin,f9d4c06cee4c6e36c642ff55483c0dd89e2a213a6dc34439696792e38ae26795,0,1,explicit,fail,2,run,run,/home/jaeyongjang/project.local/vortex/analysis_workspace/latency_on_hw/outputs_main/naive_simd/runs/20260606T030452407721Z/raw/52bde9bcf6.csv,,,1,0,,,,,,,/home/jaeyongjang/project.local/vortex/analysis_workspace/latency_on_hw/outputs_main/naive_simd/runs/20260606T030452407721Z/logs/52bde9bcf6.log,6.796,,,,,,
20260606T030452407721Z,2026-06-06T21:27:10+00:00,naive_simd,7167e1bd1281,fpint_improve,1,prefill_merged_naive_simd,llama2_7b_prefill_C4_alone_batch8_prefill_seq_len4096_qblk32_prefill_layout_gate_proj_to_mlp_silu_detile,b6630fc30e,detile_output,layout,layout_gate_proj_to_mlp_silu_detile,detile_output,all_fpint_gemm_improve_alone_layout_spinquant,prefill,layout_gate_proj_to_mlp_silu_detile,-m 32768 -n 11008,"{""M"": 32768, ""N"": 11008, ""consumer"": ""mlp_silu"", ""layout_from"": ""gemm_c_tiled"", ""layout_group"": ""gate_proj_to_mlp_silu"", ""layout_to"": ""row_major"", ""producer"": ""gate_proj""}",32.0,/opt/vortex_fpga_bins/fpint/xrt_hw_u55c_c1_f100_fpint_tcu_noDcache_L2cache_90f22d2615/bin,f9d4c06cee4c6e36c642ff55483c0dd89e2a213a6dc34439696792e38ae26795,0,1,explicit,pass,0,,,/home/jaeyongjang/project.local/vortex/analysis_workspace/latency_on_hw/outputs_main/naive_simd/runs/20260606T030452407721Z/raw/b6630fc30e.csv,,,1,0,,,,,,,/home/jaeyongjang/project.local/vortex/analysis_workspace/latency_on_hw/outputs_main/naive_simd/runs/20260606T030452407721Z/logs/b6630fc30e.log,321.104,1.0,194018201.058,194018201.058,194018201.058,194018201.058,194018201.058
20260606T030452407721Z,2026-06-06T21:27:10+00:00,naive_simd,7167e1bd1281,fpint_improve,1,prefill_merged_naive_simd,llama2_7b_prefill_C4_alone_batch4_prefill_seq_len4096_qblk32_prefill_layout_input_layernorm_to_qkv,2c4e43b902,tile_input_a,layout,layout_input_layernorm_to_qkv,tile_input_a,all_fpint_gemm_improve_alone_layout_spinquant,prefill,layout_input_layernorm_to_qkv,-m 16384 -k 4096,"{""K"": 4096, ""M"": 16384, ""consumer"": ""q_proj,k_proj,v_proj"", ""layout_from"": ""row_major"", ""layout_group"": ""input_layernorm_to_qkv"", ""layout_to"": ""gemm_a_tiled"", ""producer"": ""input_layernorm""}",32.0,/opt/vortex_fpga_bins/fpint/xrt_hw_u55c_c1_f100_fpint_tcu_noDcache_L2cache_90f22d2615/bin,f9d4c06cee4c6e36c642ff55483c0dd89e2a213a6dc34439696792e38ae26795,0,1,explicit,pass,0,,,/home/jaeyongjang/project.local/vortex/analysis_workspace/latency_on_hw/outputs_main/naive_simd/runs/20260606T030452407721Z/raw/2c4e43b902.csv,,,1,0,,,,,,,/home/jaeyongjang/project.local/vortex/analysis_workspace/latency_on_hw/outputs_main/naive_simd/runs/20260606T030452407721Z/logs/2c4e43b902.log,47.730,1.0,17539260.033,17539260.033,17539260.033,17539260.033,17539260.033
20260606T030452407721Z,2026-06-06T21:27:10+00:00,naive_simd,7167e1bd1281,fpint_improve,1,prefill_merged_naive_simd,llama2_7b_prefill_C4_alone_batch8_prefill_seq_len4096_qblk32_prefill_layout_mlp_elmul_to_down_proj,47b6548fd1,tile_input_a,layout,layout_mlp_elmul_to_down_proj,tile_input_a,all_fpint_gemm_improve_alone_layout_spinquant,prefill,layout_mlp_elmul_to_down_proj,-m 32768 -k 11008,"{""K"": 11008, ""M"": 32768, ""consumer"": ""down_proj"", ""layout_from"": ""row_major_fp16"", ""layout_group"": ""spinquant_r4_hadamard_to_down_proj"", ""layout_to"": ""gemm_a_tiled"", ""producer"": ""spinquant_r4_mlp_hadamard""}",32.0,/opt/vortex_fpga_bins/fpint/xrt_hw_u55c_c1_f100_fpint_tcu_noDcache_L2cache_90f22d2615/bin,f9d4c06cee4c6e36c642ff55483c0dd89e2a213a6dc34439696792e38ae26795,0,1,explicit,pass,0,,,/home/jaeyongjang/project.local/vortex/analysis_workspace/latency_on_hw/outputs_main/naive_simd/runs/20260606T030452407721Z/raw/47b6548fd1.csv,,,1,0,,,,,,,/home/jaeyongjang/project.local/vortex/analysis_workspace/latency_on_hw/outputs_main/naive_simd/runs/20260606T030452407721Z/logs/47b6548fd1.log,212.849,1.0,91624579.561,91624579.561,91624579.561,91624579.561,91624579.561
20260606T030452407721Z,2026-06-06T21:27:10+00:00,naive_simd,7167e1bd1281,fpint_improve,1,prefill_merged_naive_simd,llama2_7b_prefill_C4_fused_batch1_prefill_seq_len4096_qblk32_prefill_attn_softmax,ad523dfc79,softmax_layout_fused,softmax,attn_softmax,softmax_layout_fused,all_fpint_gemm_improve_fused_layout_spinquant,prefill,attn_softmax,-batch 1 -heads 32 -seqq 4096 -seqk 4096 -mask 1,"{""batch"": 1, ""consumer"": ""attn_pv"", ""heads"": 32, ""layout_from"": ""gemm_c_tiled"", ""layout_group"": ""attn_qkT_to_softmax_to_attn_pv"", ""layout_to"": ""gemm_a_tiled"", ""mask"": 1, ""producer"": ""attn_qkT"", ""seqk"": 4096, ""seqq"": 4096}",32.0,/opt/vortex_fpga_bins/fpint/xrt_hw_u55c_c1_f100_fpint_tcu_noDcache_L2cache_90f22d2615/bin,f9d4c06cee4c6e36c642ff55483c0dd89e2a213a6dc34439696792e38ae26795,0,1,explicit,pass,0,,,/home/jaeyongjang/project.local/vortex/analysis_workspace/latency_on_hw/outputs_main/naive_simd/runs/20260606T030452407721Z/raw/ad523dfc79.csv,,,1,0,,,,,,,/home/jaeyongjang/project.local/vortex/analysis_workspace/latency_on_hw/outputs_main/naive_simd/runs/20260606T030452407721Z/logs/ad523dfc79.log,478.082,1.0,293596403.803,293596403.803,293596403.803,293596403.803,293596403.803
20260606T030452407721Z,2026-06-06T21:27:10+00:00,naive_simd,7167e1bd1281,fpint_improve,1,prefill_merged_naive_simd,llama2_7b_prefill_C4_fused_batch2_prefill_seq_len4096_qblk32_prefill_attn_softmax,8264d752a6,softmax_layout_fused,softmax,attn_softmax,softmax_layout_fused,all_fpint_gemm_improve_fused_layout_spinquant,prefill,attn_softmax,-batch 2 -heads 32 -seqq 4096 -seqk 4096 -mask 1,"{""batch"": 2, ""consumer"": ""attn_pv"", ""heads"": 32, ""layout_from"": ""gemm_c_tiled"", ""layout_group"": ""attn_qkT_to_softmax_to_attn_pv"", ""layout_to"": ""gemm_a_tiled"", ""mask"": 1, ""producer"": ""attn_qkT"", ""seqk"": 4096, ""seqq"": 4096}",32.0,/opt/vortex_fpga_bins/fpint/xrt_hw_u55c_c1_f100_fpint_tcu_noDcache_L2cache_90f22d2615/bin,f9d4c06cee4c6e36c642ff55483c0dd89e2a213a6dc34439696792e38ae26795,0,1,explicit,pass,0,,,/home/jaeyongjang/project.local/vortex/analysis_workspace/latency_on_hw/outputs_main/naive_simd/runs/20260606T030452407721Z/raw/8264d752a6.csv,,,1,0,,,,,,,/home/jaeyongjang/project.local/vortex/analysis_workspace/latency_on_hw/outputs_main/naive_simd/runs/20260606T030452407721Z/logs/8264d752a6.log,1087.363,1.0,587202255.945,587202255.945,587202255.945,587202255.945,587202255.945
20260606T030452407721Z,2026-06-06T21:27:10+00:00,naive_simd,7167e1bd1281,fpint_improve,1,prefill_merged_naive_simd,llama2_7b_prefill_C4_fused_batch4_prefill_seq_len2048_qblk32_prefill_attn_softmax,16fe0bc0e9,softmax_layout_fused,softmax,attn_softmax,softmax_layout_fused,all_fpint_gemm_improve_fused_layout_spinquant,prefill,attn_softmax,-batch 4 -heads 32 -seqq 2048 -seqk 2048 -mask 1,"{""batch"": 4, ""consumer"": ""attn_pv"", ""heads"": 32, ""layout_from"": ""gemm_c_tiled"", ""layout_group"": ""attn_qkT_to_softmax_to_attn_pv"", ""layout_to"": ""gemm_a_tiled"", ""mask"": 1, ""producer"": ""attn_qkT"", ""seqk"": 2048, ""seqq"": 2048}",32.0,/opt/vortex_fpga_bins/fpint/xrt_hw_u55c_c1_f100_fpint_tcu_noDcache_L2cache_90f22d2615/bin,f9d4c06cee4c6e36c642ff55483c0dd89e2a213a6dc34439696792e38ae26795,0,1,explicit,pass,0,,,/home/jaeyongjang/project.local/vortex/analysis_workspace/latency_on_hw/outputs_main/naive_simd/runs/20260606T030452407721Z/raw/16fe0bc0e9.csv,,,1,0,,,,,,,/home/jaeyongjang/project.local/vortex/analysis_workspace/latency_on_hw/outputs_main/naive_simd/runs/20260606T030452407721Z/logs/16fe0bc0e9.log,546.967,1.0,352526401.726,352526401.726,352526401.726,352526401.726,352526401.726
20260606T030452407721Z,2026-06-06T21:27:10+00:00,naive_simd,7167e1bd1281,fpint_improve,1,prefill_merged_naive_simd,llama2_7b_prefill_C4_fused_batch4_prefill_seq_len4096_qblk32_prefill_attn_softmax,aa01082ed0,softmax_layout_fused,softmax,attn_softmax,softmax_layout_fused,all_fpint_gemm_improve_fused_layout_spinquant,prefill,attn_softmax,-batch 4 -heads 32 -seqq 4096 -seqk 4096 -mask 1,"{""batch"": 4, ""consumer"": ""attn_pv"", ""heads"": 32, ""layout_from"": ""gemm_c_tiled"", ""layout_group"": ""attn_qkT_to_softmax_to_attn_pv"", ""layout_to"": ""gemm_a_tiled"", ""mask"": 1, ""producer"": ""attn_qkT"", ""seqk"": 4096, ""seqq"": 4096}",32.0,/opt/vortex_fpga_bins/fpint/xrt_hw_u55c_c1_f100_fpint_tcu_noDcache_L2cache_90f22d2615/bin,f9d4c06cee4c6e36c642ff55483c0dd89e2a213a6dc34439696792e38ae26795,0,1,explicit,timeout,124,run,timeout,/home/jaeyongjang/project.local/vortex/analysis_workspace/latency_on_hw/outputs_main/naive_simd/runs/20260606T030452407721Z/raw/aa01082ed0.csv,,,1,0,,,,,,,/home/jaeyongjang/project.local/vortex/analysis_workspace/latency_on_hw/outputs_main/naive_simd/runs/20260606T030452407721Z/logs/aa01082ed0.log,28800.059,,,,,,
20260606T030452407721Z,2026-06-06T21:27:10+00:00,naive_simd,7167e1bd1281,fpint_improve,1,prefill_merged_naive_simd,llama2_7b_prefill_C4_fused_batch8_prefill_seq_len2048_qblk32_prefill_attn_softmax,1d71cb7a7f,softmax_layout_fused,softmax,attn_softmax,softmax_layout_fused,all_fpint_gemm_improve_fused_layout_spinquant,prefill,attn_softmax,-batch 8 -heads 32 -seqq 2048 -seqk 2048 -mask 1,"{""batch"": 8, ""consumer"": ""attn_pv"", ""heads"": 32, ""layout_from"": ""gemm_c_tiled"", ""layout_group"": ""attn_qkT_to_softmax_to_attn_pv"", ""layout_to"": ""gemm_a_tiled"", ""mask"": 1, ""producer"": ""attn_qkT"", ""seqk"": 2048, ""seqq"": 2048}",32.0,/opt/vortex_fpga_bins/fpint/xrt_hw_u55c_c1_f100_fpint_tcu_noDcache_L2cache_90f22d2615/bin,f9d4c06cee4c6e36c642ff55483c0dd89e2a213a6dc34439696792e38ae26795,0,1,explicit,pass,0,,,/home/jaeyongjang/project.local/vortex/analysis_workspace/latency_on_hw/outputs_main/naive_simd/runs/20260606T030452407721Z/raw/1d71cb7a7f.csv,,,1,0,,,,,,,/home/jaeyongjang/project.local/vortex/analysis_workspace/latency_on_hw/outputs_main/naive_simd/runs/20260606T030452407721Z/logs/1d71cb7a7f.log,1073.901,1.0,705092622.712,705092622.712,705092622.712,705092622.712,705092622.712
20260606T030452407721Z,2026-06-06T21:27:10+00:00,naive_simd,7167e1bd1281,fpint_improve,1,prefill_merged_naive_simd,llama2_7b_prefill_C4_fused_batch8_prefill_seq_len4096_qblk32_prefill_attn_softmax,b2235ca917,softmax_layout_fused,softmax,attn_softmax,softmax_layout_fused,all_fpint_gemm_improve_fused_layout_spinquant,prefill,attn_softmax,-batch 8 -heads 32 -seqq 4096 -seqk 4096 -mask 1,"{""batch"": 8, ""consumer"": ""attn_pv"", ""heads"": 32, ""layout_from"": ""gemm_c_tiled"", ""layout_group"": ""attn_qkT_to_softmax_to_attn_pv"", ""layout_to"": ""gemm_a_tiled"", ""mask"": 1, ""producer"": ""attn_qkT"", ""seqk"": 4096, ""seqq"": 4096}",32.0,/opt/vortex_fpga_bins/fpint/xrt_hw_u55c_c1_f100_fpint_tcu_noDcache_L2cache_90f22d2615/bin,f9d4c06cee4c6e36c642ff55483c0dd89e2a213a6dc34439696792e38ae26795,0,1,explicit,fail,2,run,run,/home/jaeyongjang/project.local/vortex/analysis_workspace/latency_on_hw/outputs_main/naive_simd/runs/20260606T030452407721Z/raw/b2235ca917.csv,,,1,0,,,,,,,/home/jaeyongjang/project.local/vortex/analysis_workspace/latency_on_hw/outputs_main/naive_simd/runs/20260606T030452407721Z/logs/b2235ca917.log,36.418,,,,,,
20260606T215243880774Z,2026-06-07T00:16:20+00:00,naive_simd,799ea2c24559,fpint_improve,0,generation_merged_naive_simd,llama2_7b_generation_C1_batch1_gen_kv_len512_qblk32_generation_residual_attn,18491a53ee,eladd,eladd,residual_attn,eladd,all_sgemm_tcu_spinquant,generation,residual_attn,-n 4096,"{""size"": 4096}",32.0,/opt/vortex_fpga_bins/fpint/xrt_hw_u55c_c1_f100_fpint_tcu_noDcache_L2cache_90f22d2615/bin,f9d4c06cee4c6e36c642ff55483c0dd89e2a213a6dc34439696792e38ae26795,0,1,explicit,pass,0,,,/home/jaeyongjang/project.local/vortex/analysis_workspace/latency_on_hw/outputs_main/naive_simd/runs/20260606T215243880774Z/raw/18491a53ee.csv,,,1,0,,,,,,,/home/jaeyongjang/project.local/vortex/analysis_workspace/latency_on_hw/outputs_main/naive_simd/runs/20260606T215243880774Z/logs/18491a53ee.log,15.286,1,2687.002,2687.002,2687.002,2687.002,2687.002
20260606T215243880774Z,2026-06-07T00:16:20+00:00,naive_simd,799ea2c24559,fpint_improve,0,generation_merged_naive_simd,llama2_7b_generation_C1_batch2_gen_kv_len512_qblk32_generation_residual_attn,17d568ef5d,eladd,eladd,residual_attn,eladd,all_sgemm_tcu_spinquant,generation,residual_attn,-n 8192,"{""size"": 8192}",32.0,/opt/vortex_fpga_bins/fpint/xrt_hw_u55c_c1_f100_fpint_tcu_noDcache_L2cache_90f22d2615/bin,f9d4c06cee4c6e36c642ff55483c0dd89e2a213a6dc34439696792e38ae26795,0,1,explicit,pass,0,,,/home/jaeyongjang/project.local/vortex/analysis_workspace/latency_on_hw/outputs_main/naive_simd/runs/20260606T215243880774Z/raw/17d568ef5d.csv,,,1,0,,,,,,,/home/jaeyongjang/project.local/vortex/analysis_workspace/latency_on_hw/outputs_main/naive_simd/runs/20260606T215243880774Z/logs/17d568ef5d.log,7.139,1,2697.74,2697.74,2697.74,2697.74,2697.74
20260606T215243880774Z,2026-06-07T00:16:20+00:00,naive_simd,799ea2c24559,fpint_improve,0,generation_merged_naive_simd,llama2_7b_generation_C1_batch4_gen_kv_len512_qblk32_generation_residual_attn,a6ba60cf96,eladd,eladd,residual_attn,eladd,all_sgemm_tcu_spinquant,generation,residual_attn,-n 16384,"{""size"": 16384}",32.0,/opt/vortex_fpga_bins/fpint/xrt_hw_u55c_c1_f100_fpint_tcu_noDcache_L2cache_90f22d2615/bin,f9d4c06cee4c6e36c642ff55483c0dd89e2a213a6dc34439696792e38ae26795,0,1,explicit,pass,0,,,/home/jaeyongjang/project.local/vortex/analysis_workspace/latency_on_hw/outputs_main/naive_simd/runs/20260606T215243880774Z/raw/a6ba60cf96.csv,,,1,0,,,,,,,/home/jaeyongjang/project.local/vortex/analysis_workspace/latency_on_hw/outputs_main/naive_simd/runs/20260606T215243880774Z/logs/a6ba60cf96.log,7.495,1,3740.49,3740.49,3740.49,3740.49,3740.49
20260606T215243880774Z,2026-06-07T00:16:20+00:00,naive_simd,799ea2c24559,fpint_improve,0,generation_merged_naive_simd,llama2_7b_generation_C1_batch8_gen_kv_len512_qblk32_generation_residual_attn,09c739a2ff,eladd,eladd,residual_attn,eladd,all_sgemm_tcu_spinquant,generation,residual_attn,-n 32768,"{""size"": 32768}",32.0,/opt/vortex_fpga_bins/fpint/xrt_hw_u55c_c1_f100_fpint_tcu_noDcache_L2cache_90f22d2615/bin,f9d4c06cee4c6e36c642ff55483c0dd89e2a213a6dc34439696792e38ae26795,0,1,explicit,pass,0,,,/home/jaeyongjang/project.local/vortex/analysis_workspace/latency_on_hw/outputs_main/naive_simd/runs/20260606T215243880774Z/raw/09c739a2ff.csv,/home/jaeyongjang/project.local/vortex/analysis_workspace/latency_on_hw/outputs_main_power/naive_simd/runs/20260619T151823132349Z/power/09c739a2ff.csv,/home/jaeyongjang/project.local/vortex/analysis_workspace/latency_on_hw/outputs_main_power/naive_simd/runs/20260619T151823132349Z/power/09c739a2ff.summary.csv,1,1,80,10.222443,11.457,11.995605,12.84,,/home/jaeyongjang/project.local/vortex/analysis_workspace/latency_on_hw/outputs_main/naive_simd/runs/20260606T215243880774Z/logs/09c739a2ff.log,7.488,1,5938.867,5938.867,5938.867,5938.867,5938.867
20260606T215243880774Z,2026-06-07T00:16:20+00:00,naive_simd,799ea2c24559,fpint_improve,0,generation_merged_naive_simd,llama2_7b_generation_C1_batch1_gen_kv_len512_qblk32_generation_mlp_elmul,3cf33eb381,elmul,elmul,mlp_elmul,elmul,all_sgemm_tcu_spinquant,generation,mlp_elmul,-n 11008,"{""size"": 11008}",32.0,/opt/vortex_fpga_bins/fpint/xrt_hw_u55c_c1_f100_fpint_tcu_noDcache_L2cache_90f22d2615/bin,f9d4c06cee4c6e36c642ff55483c0dd89e2a213a6dc34439696792e38ae26795,0,1,explicit,pass,0,,,/home/jaeyongjang/project.local/vortex/analysis_workspace/latency_on_hw/outputs_main/naive_simd/runs/20260606T215243880774Z/raw/3cf33eb381.csv,,,1,0,,,,,,,/home/jaeyongjang/project.local/vortex/analysis_workspace/latency_on_hw/outputs_main/naive_simd/runs/20260606T215243880774Z/logs/3cf33eb381.log,6.798,1,3740.461,3740.461,3740.461,3740.461,3740.461
20260606T215243880774Z,2026-06-07T00:16:20+00:00,naive_simd,799ea2c24559,fpint_improve,0,generation_merged_naive_simd,llama2_7b_generation_C1_batch2_gen_kv_len512_qblk32_generation_mlp_elmul,73930a4b6d,elmul,elmul,mlp_elmul,elmul,all_sgemm_tcu_spinquant,generation,mlp_elmul,-n 22016,"{""size"": 22016}",32.0,/opt/vortex_fpga_bins/fpint/xrt_hw_u55c_c1_f100_fpint_tcu_noDcache_L2cache_90f22d2615/bin,f9d4c06cee4c6e36c642ff55483c0dd89e2a213a6dc34439696792e38ae26795,0,1,explicit,pass,0,,,/home/jaeyongjang/project.local/vortex/analysis_workspace/latency_on_hw/outputs_main/naive_simd/runs/20260606T215243880774Z/raw/73930a4b6d.csv,,,1,0,,,,,,,/home/jaeyongjang/project.local/vortex/analysis_workspace/latency_on_hw/outputs_main/naive_simd/runs/20260606T215243880774Z/logs/73930a4b6d.log,6.631,1,4778.804,4778.804,4778.804,4778.804,4778.804
20260606T215243880774Z,2026-06-07T00:16:20+00:00,naive_simd,799ea2c24559,fpint_improve,0,generation_merged_naive_simd,llama2_7b_generation_C1_batch4_gen_kv_len512_qblk32_generation_mlp_elmul,bbb1e62bcf,elmul,elmul,mlp_elmul,elmul,all_sgemm_tcu_spinquant,generation,mlp_elmul,-n 44032,"{""size"": 44032}",32.0,/opt/vortex_fpga_bins/fpint/xrt_hw_u55c_c1_f100_fpint_tcu_noDcache_L2cache_90f22d2615/bin,f9d4c06cee4c6e36c642ff55483c0dd89e2a213a6dc34439696792e38ae26795,0,1,explicit,pass,0,,,/home/jaeyongjang/project.local/vortex/analysis_workspace/latency_on_hw/outputs_main/naive_simd/runs/20260606T215243880774Z/raw/bbb1e62bcf.csv,,,1,0,,,,,,,/home/jaeyongjang/project.local/vortex/analysis_workspace/latency_on_hw/outputs_main/naive_simd/runs/20260606T215243880774Z/logs/bbb1e62bcf.log,7.133,1,6909.978,6909.978,6909.978,6909.978,6909.978
20260606T215243880774Z,2026-06-07T00:16:20+00:00,naive_simd,799ea2c24559,fpint_improve,0,generation_merged_naive_simd,llama2_7b_generation_C1_batch8_gen_kv_len512_qblk32_generation_mlp_elmul,054ea8155f,elmul,elmul,mlp_elmul,elmul,all_sgemm_tcu_spinquant,generation,mlp_elmul,-n 88064,"{""size"": 88064}",32.0,/opt/vortex_fpga_bins/fpint/xrt_hw_u55c_c1_f100_fpint_tcu_noDcache_L2cache_90f22d2615/bin,f9d4c06cee4c6e36c642ff55483c0dd89e2a213a6dc34439696792e38ae26795,0,1,explicit,pass,0,,,/home/jaeyongjang/project.local/vortex/analysis_workspace/latency_on_hw/outputs_main/naive_simd/runs/20260606T215243880774Z/raw/054ea8155f.csv,/home/jaeyongjang/project.local/vortex/analysis_workspace/latency_on_hw/outputs_main_power/naive_simd/runs/20260619T151823132349Z/power/054ea8155f.csv,/home/jaeyongjang/project.local/vortex/analysis_workspace/latency_on_hw/outputs_main_power/naive_simd/runs/20260619T151823132349Z/power/054ea8155f.summary.csv,1,1,81,10.235518,11.5425,12.367375,13.0078,,/home/jaeyongjang/project.local/vortex/analysis_workspace/latency_on_hw/outputs_main/naive_simd/runs/20260606T215243880774Z/logs/054ea8155f.log,7.248,1,11102.249,11102.249,11102.249,11102.249,11102.249
20260606T215243880774Z,2026-06-07T00:16:20+00:00,naive_simd,799ea2c24559,fpint_improve,0,generation_merged_naive_simd,llama2_7b_generation_C1_batch1_gen_kv_len512_qblk32_generation_spinquant_r3_q_hadamard,2106f1d2c1,hadamard,hadamard,spinquant_r3_q_hadamard,hadamard,all_sgemm_tcu_spinquant,generation,spinquant_r3_q_hadamard,-rows 32 -dim 128,"{""consumer"": ""attn_qkT"", ""dim"": 128, ""layout_from"": ""row_major_fp16"", ""layout_group"": ""rope_q_to_spinquant_r3_q_to_attn_qkT"", ""layout_to"": ""row_major_fp16"", ""producer"": ""rope_q"", ""rows"": 32, ""spinquant_rotation"": ""R3""}",32.0,/opt/vortex_fpga_bins/fpint/xrt_hw_u55c_c1_f100_fpint_tcu_noDcache_L2cache_90f22d2615/bin,f9d4c06cee4c6e36c642ff55483c0dd89e2a213a6dc34439696792e38ae26795,0,1,explicit,pass,0,,,/home/jaeyongjang/project.local/vortex/analysis_workspace/latency_on_hw/outputs_main/naive_simd/runs/20260606T215243880774Z/raw/2106f1d2c1.csv,,,1,0,,,,,,,/home/jaeyongjang/project.local/vortex/analysis_workspace/latency_on_hw/outputs_main/naive_simd/runs/20260606T215243880774Z/logs/2106f1d2c1.log,6.643,1,9058.743,9058.743,9058.743,9058.743,9058.743
20260606T215243880774Z,2026-06-07T00:16:20+00:00,naive_simd,799ea2c24559,fpint_improve,0,generation_merged_naive_simd,llama2_7b_generation_C1_batch1_gen_kv_len512_qblk32_generation_spinquant_r4_mlp_hadamard,ee5ebd72ff,hadamard,hadamard,spinquant_r4_mlp_hadamard,hadamard,all_sgemm_tcu_spinquant,generation,spinquant_r4_mlp_hadamard,-rows 1 -dim 11008,"{""consumer"": ""down_proj"", ""dim"": 11008, ""layout_from"": ""row_major_fp16"", ""layout_group"": ""mlp_elmul_to_spinquant_r4_to_down_proj"", ""layout_to"": ""row_major_fp16"", ""producer"": ""mlp_elmul"", ""rows"": 1, ""spinquant_rotation"": ""R4""}",32.0,/opt/vortex_fpga_bins/fpint/xrt_hw_u55c_c1_f100_fpint_tcu_noDcache_L2cache_90f22d2615/bin,f9d4c06cee4c6e36c642ff55483c0dd89e2a213a6dc34439696792e38ae26795,0,1,explicit,pass,0,,,/home/jaeyongjang/project.local/vortex/analysis_workspace/latency_on_hw/outputs_main/naive_simd/runs/20260606T215243880774Z/raw/ee5ebd72ff.csv,,,1,0,,,,,,,/home/jaeyongjang/project.local/vortex/analysis_workspace/latency_on_hw/outputs_main/naive_simd/runs/20260606T215243880774Z/logs/ee5ebd72ff.log,7.315,1,7060.054,7060.054,7060.054,7060.054,7060.054
20260606T215243880774Z,2026-06-07T00:16:20+00:00,naive_simd,799ea2c24559,fpint_improve,0,generation_merged_naive_simd,llama2_7b_generation_C1_batch2_gen_kv_len512_qblk32_generation_spinquant_r3_q_hadamard,9001ac8c8c,hadamard,hadamard,spinquant_r3_q_hadamard,hadamard,all_sgemm_tcu_spinquant,generation,spinquant_r3_q_hadamard,-rows 64 -dim 128,"{""consumer"": ""attn_qkT"", ""dim"": 128, ""layout_from"": ""row_major_fp16"", ""layout_group"": ""rope_q_to_spinquant_r3_q_to_attn_qkT"", ""layout_to"": ""row_major_fp16"", ""producer"": ""rope_q"", ""rows"": 64, ""spinquant_rotation"": ""R3""}",32.0,/opt/vortex_fpga_bins/fpint/xrt_hw_u55c_c1_f100_fpint_tcu_noDcache_L2cache_90f22d2615/bin,f9d4c06cee4c6e36c642ff55483c0dd89e2a213a6dc34439696792e38ae26795,0,1,explicit,pass,0,,,/home/jaeyongjang/project.local/vortex/analysis_workspace/latency_on_hw/outputs_main/naive_simd/runs/20260606T215243880774Z/raw/9001ac8c8c.csv,,,1,0,,,,,,,/home/jaeyongjang/project.local/vortex/analysis_workspace/latency_on_hw/outputs_main/naive_simd/runs/20260606T215243880774Z/logs/9001ac8c8c.log,7.095,1,17484.204,17484.204,17484.204,17484.204,17484.204
20260606T215243880774Z,2026-06-07T00:16:20+00:00,naive_simd,799ea2c24559,fpint_improve,0,generation_merged_naive_simd,llama2_7b_generation_C1_batch2_gen_kv_len512_qblk32_generation_spinquant_r4_mlp_hadamard,e2f5f2c52c,hadamard,hadamard,spinquant_r4_mlp_hadamard,hadamard,all_sgemm_tcu_spinquant,generation,spinquant_r4_mlp_hadamard,-rows 2 -dim 11008,"{""consumer"": ""down_proj"", ""dim"": 11008, ""layout_from"": ""row_major_fp16"", ""layout_group"": ""mlp_elmul_to_spinquant_r4_to_down_proj"", ""layout_to"": ""row_major_fp16"", ""producer"": ""mlp_elmul"", ""rows"": 2, ""spinquant_rotation"": ""R4""}",32.0,/opt/vortex_fpga_bins/fpint/xrt_hw_u55c_c1_f100_fpint_tcu_noDcache_L2cache_90f22d2615/bin,f9d4c06cee4c6e36c642ff55483c0dd89e2a213a6dc34439696792e38ae26795,0,1,explicit,pass,0,,,/home/jaeyongjang/project.local/vortex/analysis_workspace/latency_on_hw/outputs_main/naive_simd/runs/20260606T215243880774Z/raw/e2f5f2c52c.csv,,,1,0,,,,,,,/home/jaeyongjang/project.local/vortex/analysis_workspace/latency_on_hw/outputs_main/naive_simd/runs/20260606T215243880774Z/logs/e2f5f2c52c.log,7.227,1,12202.591,12202.591,12202.591,12202.591,12202.591
20260606T215243880774Z,2026-06-07T00:16:20+00:00,naive_simd,799ea2c24559,fpint_improve,0,generation_merged_naive_simd,llama2_7b_generation_C1_batch4_gen_kv_len512_qblk32_generation_spinquant_r3_q_hadamard,9960d18d54,hadamard,hadamard,spinquant_r3_q_hadamard,hadamard,all_sgemm_tcu_spinquant,generation,spinquant_r3_q_hadamard,-rows 128 -dim 128,"{""consumer"": ""attn_qkT"", ""dim"": 128, ""layout_from"": ""row_major_fp16"", ""layout_group"": ""rope_q_to_spinquant_r3_q_to_attn_qkT"", ""layout_to"": ""row_major_fp16"", ""producer"": ""rope_q"", ""rows"": 128, ""spinquant_rotation"": ""R3""}",32.0,/opt/vortex_fpga_bins/fpint/xrt_hw_u55c_c1_f100_fpint_tcu_noDcache_L2cache_90f22d2615/bin,f9d4c06cee4c6e36c642ff55483c0dd89e2a213a6dc34439696792e38ae26795,0,1,explicit,pass,0,,,/home/jaeyongjang/project.local/vortex/analysis_workspace/latency_on_hw/outputs_main/naive_simd/runs/20260606T215243880774Z/raw/9960d18d54.csv,,,1,0,,,,,,,/home/jaeyongjang/project.local/vortex/analysis_workspace/latency_on_hw/outputs_main/naive_simd/runs/20260606T215243880774Z/logs/9960d18d54.log,7.766,1,33337.188,33337.188,33337.188,33337.188,33337.188
20260606T215243880774Z,2026-06-07T00:16:20+00:00,naive_simd,799ea2c24559,fpint_improve,0,generation_merged_naive_simd,llama2_7b_generation_C1_batch4_gen_kv_len512_qblk32_generation_spinquant_r4_mlp_hadamard,bec1ae75d8,hadamard,hadamard,spinquant_r4_mlp_hadamard,hadamard,all_sgemm_tcu_spinquant,generation,spinquant_r4_mlp_hadamard,-rows 4 -dim 11008,"{""consumer"": ""down_proj"", ""dim"": 11008, ""layout_from"": ""row_major_fp16"", ""layout_group"": ""mlp_elmul_to_spinquant_r4_to_down_proj"", ""layout_to"": ""row_major_fp16"", ""producer"": ""mlp_elmul"", ""rows"": 4, ""spinquant_rotation"": ""R4""}",32.0,/opt/vortex_fpga_bins/fpint/xrt_hw_u55c_c1_f100_fpint_tcu_noDcache_L2cache_90f22d2615/bin,f9d4c06cee4c6e36c642ff55483c0dd89e2a213a6dc34439696792e38ae26795,0,1,explicit,pass,0,,,/home/jaeyongjang/project.local/vortex/analysis_workspace/latency_on_hw/outputs_main/naive_simd/runs/20260606T215243880774Z/raw/bec1ae75d8.csv,,,1,0,,,,,,,/home/jaeyongjang/project.local/vortex/analysis_workspace/latency_on_hw/outputs_main/naive_simd/runs/20260606T215243880774Z/logs/bec1ae75d8.log,7.265,1,22713.515,22713.515,22713.515,22713.515,22713.515
20260606T215243880774Z,2026-06-07T00:16:20+00:00,naive_simd,799ea2c24559,fpint_improve,0,generation_merged_naive_simd,llama2_7b_generation_C1_batch8_gen_kv_len512_qblk32_generation_spinquant_r3_q_hadamard,93d4774279,hadamard,hadamard,spinquant_r3_q_hadamard,hadamard,all_sgemm_tcu_spinquant,generation,spinquant_r3_q_hadamard,-rows 256 -dim 128,"{""consumer"": ""attn_qkT"", ""dim"": 128, ""layout_from"": ""row_major_fp16"", ""layout_group"": ""rope_q_to_spinquant_r3_q_to_attn_qkT"", ""layout_to"": ""row_major_fp16"", ""producer"": ""rope_q"", ""rows"": 256, ""spinquant_rotation"": ""R3""}",32.0,/opt/vortex_fpga_bins/fpint/xrt_hw_u55c_c1_f100_fpint_tcu_noDcache_L2cache_90f22d2615/bin,f9d4c06cee4c6e36c642ff55483c0dd89e2a213a6dc34439696792e38ae26795,0,1,explicit,pass,0,,,/home/jaeyongjang/project.local/vortex/analysis_workspace/latency_on_hw/outputs_main/naive_simd/runs/20260606T215243880774Z/raw/93d4774279.csv,/home/jaeyongjang/project.local/vortex/analysis_workspace/latency_on_hw/outputs_main_power/naive_simd/runs/20260619T165715925528Z/power/93d4774279.csv,/home/jaeyongjang/project.local/vortex/analysis_workspace/latency_on_hw/outputs_main_power/naive_simd/runs/20260619T165715925528Z/power/93d4774279.summary.csv,1,1,80,10.137187,11.4602,11.821005,12.1441,,/home/jaeyongjang/project.local/vortex/analysis_workspace/latency_on_hw/outputs_main/naive_simd/runs/20260606T215243880774Z/logs/93d4774279.log,6.477,1,64219.458,64219.458,64219.458,64219.458,64219.458
20260606T215243880774Z,2026-06-07T00:16:20+00:00,naive_simd,799ea2c24559,fpint_improve,0,generation_merged_naive_simd,llama2_7b_generation_C1_batch8_gen_kv_len512_qblk32_generation_spinquant_r4_mlp_hadamard,1b6e287b6b,hadamard,hadamard,spinquant_r4_mlp_hadamard,hadamard,all_sgemm_tcu_spinquant,generation,spinquant_r4_mlp_hadamard,-rows 8 -dim 11008,"{""consumer"": ""down_proj"", ""dim"": 11008, ""layout_from"": ""row_major_fp16"", ""layout_group"": ""mlp_elmul_to_spinquant_r4_to_down_proj"", ""layout_to"": ""row_major_fp16"", ""producer"": ""mlp_elmul"", ""rows"": 8, ""spinquant_rotation"": ""R4""}",32.0,/opt/vortex_fpga_bins/fpint/xrt_hw_u55c_c1_f100_fpint_tcu_noDcache_L2cache_90f22d2615/bin,f9d4c06cee4c6e36c642ff55483c0dd89e2a213a6dc34439696792e38ae26795,0,1,explicit,pass,0,,,/home/jaeyongjang/project.local/vortex/analysis_workspace/latency_on_hw/outputs_main/naive_simd/runs/20260606T215243880774Z/raw/1b6e287b6b.csv,/home/jaeyongjang/project.local/vortex/analysis_workspace/latency_on_hw/outputs_main_power/naive_simd/runs/20260619T165715925528Z/power/1b6e287b6b.csv,/home/jaeyongjang/project.local/vortex/analysis_workspace/latency_on_hw/outputs_main_power/naive_simd/runs/20260619T165715925528Z/power/1b6e287b6b.summary.csv,1,1,77,10.028964,11.628,12.714286,13.0112,,/home/jaeyongjang/project.local/vortex/analysis_workspace/latency_on_hw/outputs_main/naive_simd/runs/20260606T215243880774Z/logs/1b6e287b6b.log,7.270,1,42872.714,42872.714,42872.714,42872.714,42872.714
20260606T215243880774Z,2026-06-07T00:16:20+00:00,naive_simd,799ea2c24559,fpint_improve,0,generation_merged_naive_simd,llama2_7b_generation_C1_batch1_gen_kv_len512_qblk32_generation_attn_head_concat,ea33c6e09a,head_concat,concat,attn_head_concat,head_concat,all_sgemm_tcu_spinquant,generation,attn_head_concat,-batch 1 -seq 1 -heads 32 -headdim 128,"{""batch"": 1, ""consumer"": ""o_proj"", ""headdim"": 128, ""heads"": 32, ""hidden"": 4096, ""layout_from"": ""row_major"", ""layout_group"": ""attn_pv_to_head_concat_to_o_proj"", ""layout_to"": ""row_major"", ""producer"": ""attn_pv"", ""seq"": 1}",32.0,/opt/vortex_fpga_bins/fpint/xrt_hw_u55c_c1_f100_fpint_tcu_noDcache_L2cache_90f22d2615/bin,f9d4c06cee4c6e36c642ff55483c0dd89e2a213a6dc34439696792e38ae26795,0,1,explicit,pass,0,,,/home/jaeyongjang/project.local/vortex/analysis_workspace/latency_on_hw/outputs_main/naive_simd/runs/20260606T215243880774Z/raw/ea33c6e09a.csv,,,1,0,,,,,,,/home/jaeyongjang/project.local/vortex/analysis_workspace/latency_on_hw/outputs_main/naive_simd/runs/20260606T215243880774Z/logs/ea33c6e09a.log,7.241,1,2779.19,2779.19,2779.19,2779.19,2779.19
20260606T215243880774Z,2026-06-07T00:16:20+00:00,naive_simd,799ea2c24559,fpint_improve,0,generation_merged_naive_simd,llama2_7b_generation_C1_batch2_gen_kv_len512_qblk32_generation_attn_head_concat,f1b4c5a389,head_concat,concat,attn_head_concat,head_concat,all_sgemm_tcu_spinquant,generation,attn_head_concat,-batch 2 -seq 1 -heads 32 -headdim 128,"{""batch"": 2, ""consumer"": ""o_proj"", ""headdim"": 128, ""heads"": 32, ""hidden"": 4096, ""layout_from"": ""row_major"", ""layout_group"": ""attn_pv_to_head_concat_to_o_proj"", ""layout_to"": ""row_major"", ""producer"": ""attn_pv"", ""seq"": 1}",32.0,/opt/vortex_fpga_bins/fpint/xrt_hw_u55c_c1_f100_fpint_tcu_noDcache_L2cache_90f22d2615/bin,f9d4c06cee4c6e36c642ff55483c0dd89e2a213a6dc34439696792e38ae26795,0,1,explicit,pass,0,,,/home/jaeyongjang/project.local/vortex/analysis_workspace/latency_on_hw/outputs_main/naive_simd/runs/20260606T215243880774Z/raw/f1b4c5a389.csv,,,1,0,,,,,,,/home/jaeyongjang/project.local/vortex/analysis_workspace/latency_on_hw/outputs_main/naive_simd/runs/20260606T215243880774Z/logs/f1b4c5a389.log,7.690,1,2691.777,2691.777,2691.777,2691.777,2691.777
20260606T215243880774Z,2026-06-07T00:16:20+00:00,naive_simd,799ea2c24559,fpint_improve,0,generation_merged_naive_simd,llama2_7b_generation_C1_batch4_gen_kv_len512_qblk32_generation_attn_head_concat,4689bda5f1,head_concat,concat,attn_head_concat,head_concat,all_sgemm_tcu_spinquant,generation,attn_head_concat,-batch 4 -seq 1 -heads 32 -headdim 128,"{""batch"": 4, ""consumer"": ""o_proj"", ""headdim"": 128, ""heads"": 32, ""hidden"": 4096, ""layout_from"": ""row_major"", ""layout_group"": ""attn_pv_to_head_concat_to_o_proj"", ""layout_to"": ""row_major"", ""producer"": ""attn_pv"", ""seq"": 1}",32.0,/opt/vortex_fpga_bins/fpint/xrt_hw_u55c_c1_f100_fpint_tcu_noDcache_L2cache_90f22d2615/bin,f9d4c06cee4c6e36c642ff55483c0dd89e2a213a6dc34439696792e38ae26795,0,1,explicit,pass,0,,,/home/jaeyongjang/project.local/vortex/analysis_workspace/latency_on_hw/outputs_main/naive_simd/runs/20260606T215243880774Z/raw/4689bda5f1.csv,,,1,0,,,,,,,/home/jaeyongjang/project.local/vortex/analysis_workspace/latency_on_hw/outputs_main/naive_simd/runs/20260606T215243880774Z/logs/4689bda5f1.log,7.134,1,3740.994,3740.994,3740.994,3740.994,3740.994
20260606T215243880774Z,2026-06-07T00:16:20+00:00,naive_simd,799ea2c24559,fpint_improve,0,generation_merged_naive_simd,llama2_7b_generation_C1_batch8_gen_kv_len512_qblk32_generation_attn_head_concat,6e76eccf17,head_concat,concat,attn_head_concat,head_concat,all_sgemm_tcu_spinquant,generation,attn_head_concat,-batch 8 -seq 1 -heads 32 -headdim 128,"{""batch"": 8, ""consumer"": ""o_proj"", ""headdim"": 128, ""heads"": 32, ""hidden"": 4096, ""layout_from"": ""row_major"", ""layout_group"": ""attn_pv_to_head_concat_to_o_proj"", ""layout_to"": ""row_major"", ""producer"": ""attn_pv"", ""seq"": 1}",32.0,/opt/vortex_fpga_bins/fpint/xrt_hw_u55c_c1_f100_fpint_tcu_noDcache_L2cache_90f22d2615/bin,f9d4c06cee4c6e36c642ff55483c0dd89e2a213a6dc34439696792e38ae26795,0,1,explicit,pass,0,,,/home/jaeyongjang/project.local/vortex/analysis_workspace/latency_on_hw/outputs_main/naive_simd/runs/20260606T215243880774Z/raw/6e76eccf17.csv,/home/jaeyongjang/project.local/vortex/analysis_workspace/latency_on_hw/outputs_main_power/naive_simd/runs/20260619T165715925528Z/power/6e76eccf17.csv,/home/jaeyongjang/project.local/vortex/analysis_workspace/latency_on_hw/outputs_main_power/naive_simd/runs/20260619T165715925528Z/power/6e76eccf17.summary.csv,1,1,72,9.318588,11.5425,11.729987,11.97,,/home/jaeyongjang/project.local/vortex/analysis_workspace/latency_on_hw/outputs_main/naive_simd/runs/20260606T215243880774Z/logs/6e76eccf17.log,6.651,1,6900.168,6900.168,6900.168,6900.168,6900.168
20260606T215243880774Z,2026-06-07T00:16:20+00:00,naive_simd,799ea2c24559,fpint_improve,0,generation_merged_naive_simd,llama2_7b_generation_C1_batch1_gen_kv_len512_qblk32_generation_kv_cache_quant_rope_k_to_attn_qkT,a4a30414c4,kv_cache_quant_w4a16,quantization,kv_cache_quant_rope_k_to_attn_qkT,kv_cache_quant_w4a16,all_sgemm_tcu_spinquant,generation,kv_cache_quant_rope_k_to_attn_qkT,-k 1 -n 128 -q 128 -d 1 -t 1,"{""K"": 1, ""N"": 128, ""QBLK"": 128, ""QDIR"": 1, ""WTRANS"": 1, ""cache_len"": 512, ""cache_update"": ""append"", ""consumer"": ""kv_cache:k"", ""gemm_QDIR"": 0, ""layout_from"": ""row_major_fp16"", ""layout_group"": ""spinquant_r3_k_hadamard_to_kv_cache"", ""layout_to"": ""packed_w4a16_row_major"", ""producer"": ""spinquant_r3_k_hadamard"", ""qparam_layout_to"": ""qparams_row_major"", ""source_QDIR"": 1, ""source_transposed"": true}",1024.0,/opt/vortex_fpga_bins/fpint/xrt_hw_u55c_c1_f100_fpint_tcu_noDcache_L2cache_90f22d2615/bin,f9d4c06cee4c6e36c642ff55483c0dd89e2a213a6dc34439696792e38ae26795,0,1,explicit,pass,0,,,/home/jaeyongjang/project.local/vortex/analysis_workspace/latency_on_hw/outputs_main/naive_simd/runs/20260606T215243880774Z/raw/a4a30414c4.csv,/home/jaeyongjang/project.local/vortex/analysis_workspace/latency_on_hw/outputs_main_power/naive_simd/runs/20260619T165715925528Z/power/a4a30414c4.csv,/home/jaeyongjang/project.local/vortex/analysis_workspace/latency_on_hw/outputs_main_power/naive_simd/runs/20260619T165715925528Z/power/a4a30414c4.summary.csv,1,1,80,10.221865,11.628,12.118419,12.825,,/home/jaeyongjang/project.local/vortex/analysis_workspace/latency_on_hw/outputs_main/naive_simd/runs/20260606T215243880774Z/logs/a4a30414c4.log,6.497,1,3757.222,3757.222,3757.222,3757.222,3757.222
20260606T215243880774Z,2026-06-07T00:16:20+00:00,naive_simd,799ea2c24559,fpint_improve,0,generation_merged_naive_simd,llama2_7b_generation_C1_batch1_gen_kv_len512_qblk32_generation_kv_cache_quant_v_cache_to_attn_pv,47c1ffee23,kv_cache_quant_w4a16,quantization,kv_cache_quant_v_cache_to_attn_pv,kv_cache_quant_w4a16,all_sgemm_tcu_spinquant,generation,kv_cache_quant_v_cache_to_attn_pv,-k 1 -n 128 -q 128 -d 1 -t 0,"{""K"": 1, ""N"": 128, ""QBLK"": 128, ""QDIR"": 1, ""WTRANS"": 0, ""cache_len"": 512, ""cache_update"": ""append"", ""consumer"": ""kv_cache:v"", ""gemm_QDIR"": 1, ""layout_from"": ""row_major_fp16"", ""layout_group"": ""v_cache_to_kv_cache"", ""layout_to"": ""packed_w4a16_row_major"", ""producer"": ""v_proj"", ""qparam_layout_to"": ""qparams_row_major"", ""source_QDIR"": 1}",1024.0,/opt/vortex_fpga_bins/fpint/xrt_hw_u55c_c1_f100_fpint_tcu_noDcache_L2cache_90f22d2615/bin,f9d4c06cee4c6e36c642ff55483c0dd89e2a213a6dc34439696792e38ae26795,0,1,explicit,pass,0,,,/home/jaeyongjang/project.local/vortex/analysis_workspace/latency_on_hw/outputs_main/naive_simd/runs/20260606T215243880774Z/raw/47c1ffee23.csv,/home/jaeyongjang/project.local/vortex/analysis_workspace/latency_on_hw/outputs_main_power/naive_simd/runs/20260619T165715925528Z/power/47c1ffee23.csv,/home/jaeyongjang/project.local/vortex/analysis_workspace/latency_on_hw/outputs_main_power/naive_simd/runs/20260619T165715925528Z/power/47c1ffee23.summary.csv,1,1,79,10.146104,11.5393,11.790787,12.6572,,/home/jaeyongjang/project.local/vortex/analysis_workspace/latency_on_hw/outputs_main/naive_simd/runs/20260606T215243880774Z/logs/47c1ffee23.log,6.463,1,3852.045,3852.045,3852.045,3852.045,3852.045
20260606T215243880774Z,2026-06-07T00:16:20+00:00,naive_simd,799ea2c24559,fpint_improve,0,generation_merged_naive_simd,llama2_7b_generation_C1_batch1_gen_kv_len512_qblk32_generation_input_layernorm,91bb8e2bfd,rmsnorm,rmsnorm,input_layernorm,rmsnorm,all_sgemm_tcu_spinquant,generation,input_layernorm,-batch 1 -seq 1 -hidden 4096,"{""batch"": 1, ""hidden"": 4096, ""seq"": 1}",32.0,/opt/vortex_fpga_bins/fpint/xrt_hw_u55c_c1_f100_fpint_tcu_noDcache_L2cache_90f22d2615/bin,f9d4c06cee4c6e36c642ff55483c0dd89e2a213a6dc34439696792e38ae26795,0,1,explicit,pass,0,,,/home/jaeyongjang/project.local/vortex/analysis_workspace/latency_on_hw/outputs_main/naive_simd/runs/20260606T215243880774Z/raw/91bb8e2bfd.csv,,,1,0,,,,,,,/home/jaeyongjang/project.local/vortex/analysis_workspace/latency_on_hw/outputs_main/naive_simd/runs/20260606T215243880774Z/logs/91bb8e2bfd.log,6.700,1,2684.813,2684.813,2684.813,2684.813,2684.813
20260606T215243880774Z,2026-06-07T00:16:20+00:00,naive_simd,799ea2c24559,fpint_improve,0,generation_merged_naive_simd,llama2_7b_generation_C1_batch2_gen_kv_len512_qblk32_generation_input_layernorm,7ca7de4952,rmsnorm,rmsnorm,input_layernorm,rmsnorm,all_sgemm_tcu_spinquant,generation,input_layernorm,-batch 2 -seq 1 -hidden 4096,"{""batch"": 2, ""hidden"": 4096, ""seq"": 1}",32.0,/opt/vortex_fpga_bins/fpint/xrt_hw_u55c_c1_f100_fpint_tcu_noDcache_L2cache_90f22d2615/bin,f9d4c06cee4c6e36c642ff55483c0dd89e2a213a6dc34439696792e38ae26795,0,1,explicit,pass,0,,,/home/jaeyongjang/project.local/vortex/analysis_workspace/latency_on_hw/outputs_main/naive_simd/runs/20260606T215243880774Z/raw/7ca7de4952.csv,,,1,0,,,,,,,/home/jaeyongjang/project.local/vortex/analysis_workspace/latency_on_hw/outputs_main/naive_simd/runs/20260606T215243880774Z/logs/7ca7de4952.log,7.822,1,2683.043,2683.043,2683.043,2683.043,2683.043
20260606T215243880774Z,2026-06-07T00:16:20+00:00,naive_simd,799ea2c24559,fpint_improve,0,generation_merged_naive_simd,llama2_7b_generation_C1_batch4_gen_kv_len512_qblk32_generation_input_layernorm,1016fe014b,rmsnorm,rmsnorm,input_layernorm,rmsnorm,all_sgemm_tcu_spinquant,generation,input_layernorm,-batch 4 -seq 1 -hidden 4096,"{""batch"": 4, ""hidden"": 4096, ""seq"": 1}",32.0,/opt/vortex_fpga_bins/fpint/xrt_hw_u55c_c1_f100_fpint_tcu_noDcache_L2cache_90f22d2615/bin,f9d4c06cee4c6e36c642ff55483c0dd89e2a213a6dc34439696792e38ae26795,0,1,explicit,pass,0,,,/home/jaeyongjang/project.local/vortex/analysis_workspace/latency_on_hw/outputs_main/naive_simd/runs/20260606T215243880774Z/raw/1016fe014b.csv,,,1,0,,,,,,,/home/jaeyongjang/project.local/vortex/analysis_workspace/latency_on_hw/outputs_main/naive_simd/runs/20260606T215243880774Z/logs/1016fe014b.log,7.233,1,4799.161,4799.161,4799.161,4799.161,4799.161
20260606T215243880774Z,2026-06-07T00:16:20+00:00,naive_simd,799ea2c24559,fpint_improve,0,generation_merged_naive_simd,llama2_7b_generation_C1_batch8_gen_kv_len512_qblk32_generation_input_layernorm,f96784b51d,rmsnorm,rmsnorm,input_layernorm,rmsnorm,all_sgemm_tcu_spinquant,generation,input_layernorm,-batch 8 -seq 1 -hidden 4096,"{""batch"": 8, ""hidden"": 4096, ""seq"": 1}",32.0,/opt/vortex_fpga_bins/fpint/xrt_hw_u55c_c1_f100_fpint_tcu_noDcache_L2cache_90f22d2615/bin,f9d4c06cee4c6e36c642ff55483c0dd89e2a213a6dc34439696792e38ae26795,0,1,explicit,pass,0,,,/home/jaeyongjang/project.local/vortex/analysis_workspace/latency_on_hw/outputs_main/naive_simd/runs/20260606T215243880774Z/raw/f96784b51d.csv,/home/jaeyongjang/project.local/vortex/analysis_workspace/latency_on_hw/outputs_main_power/naive_simd/runs/20260619T165715925528Z/power/f96784b51d.csv,/home/jaeyongjang/project.local/vortex/analysis_workspace/latency_on_hw/outputs_main_power/naive_simd/runs/20260619T165715925528Z/power/f96784b51d.summary.csv,1,1,79,10.00242,11.3715,12.340766,13.0145,,/home/jaeyongjang/project.local/vortex/analysis_workspace/latency_on_hw/outputs_main/naive_simd/runs/20260606T215243880774Z/logs/f96784b51d.log,7.641,1,7978.285,7978.285,7978.285,7978.285,7978.285
20260606T215243880774Z,2026-06-07T00:16:20+00:00,naive_simd,799ea2c24559,fpint_improve,0,generation_merged_naive_simd,llama2_7b_generation_C1_batch1_gen_kv_len512_qblk32_generation_rope_q,1a1a1fc811,rope,rope,rope_q,rope,all_sgemm_tcu_spinquant,generation,rope_q,-batch 1 -seq 1 -heads 32 -headdim 128 -maxseq 4096 -offset 511,"{""batch"": 1, ""headdim"": 128, ""heads"": 32, ""maxseq"": 4096, ""offset"": 511, ""seq"": 1}",32.0,/opt/vortex_fpga_bins/fpint/xrt_hw_u55c_c1_f100_fpint_tcu_noDcache_L2cache_90f22d2615/bin,f9d4c06cee4c6e36c642ff55483c0dd89e2a213a6dc34439696792e38ae26795,0,1,explicit,pass,0,,,/home/jaeyongjang/project.local/vortex/analysis_workspace/latency_on_hw/outputs_main/naive_simd/runs/20260606T215243880774Z/raw/1a1a1fc811.csv,,,1,0,,,,,,,/home/jaeyongjang/project.local/vortex/analysis_workspace/latency_on_hw/outputs_main/naive_simd/runs/20260606T215243880774Z/logs/1a1a1fc811.log,8.214,1,2693.405,2693.405,2693.405,2693.405,2693.405
20260606T215243880774Z,2026-06-07T00:16:20+00:00,naive_simd,799ea2c24559,fpint_improve,0,generation_merged_naive_simd,llama2_7b_generation_C1_batch1_gen_kv_len1024_qblk32_generation_rope_q,92472ea368,rope,rope,rope_q,rope,all_sgemm_tcu_spinquant,generation,rope_q,-batch 1 -seq 1 -heads 32 -headdim 128 -maxseq 4096 -offset 1023,"{""batch"": 1, ""headdim"": 128, ""heads"": 32, ""maxseq"": 4096, ""offset"": 1023, ""seq"": 1}",32.0,/opt/vortex_fpga_bins/fpint/xrt_hw_u55c_c1_f100_fpint_tcu_noDcache_L2cache_90f22d2615/bin,f9d4c06cee4c6e36c642ff55483c0dd89e2a213a6dc34439696792e38ae26795,0,1,explicit,pass,0,,,/home/jaeyongjang/project.local/vortex/analysis_workspace/latency_on_hw/outputs_main/naive_simd/runs/20260606T215243880774Z/raw/92472ea368.csv,,,1,0,,,,,,,/home/jaeyongjang/project.local/vortex/analysis_workspace/latency_on_hw/outputs_main/naive_simd/runs/20260606T215243880774Z/logs/92472ea368.log,7.489,1,2708.945,2708.945,2708.945,2708.945,2708.945
20260606T215243880774Z,2026-06-07T00:16:20+00:00,naive_simd,799ea2c24559,fpint_improve,0,generation_merged_naive_simd,llama2_7b_generation_C1_batch1_gen_kv_len2048_qblk32_generation_rope_q,4ce67df426,rope,rope,rope_q,rope,all_sgemm_tcu_spinquant,generation,rope_q,-batch 1 -seq 1 -heads 32 -headdim 128 -maxseq 4096 -offset 2047,"{""batch"": 1, ""headdim"": 128, ""heads"": 32, ""maxseq"": 4096, ""offset"": 2047, ""seq"": 1}",32.0,/opt/vortex_fpga_bins/fpint/xrt_hw_u55c_c1_f100_fpint_tcu_noDcache_L2cache_90f22d2615/bin,f9d4c06cee4c6e36c642ff55483c0dd89e2a213a6dc34439696792e38ae26795,0,1,explicit,pass,0,,,/home/jaeyongjang/project.local/vortex/analysis_workspace/latency_on_hw/outputs_main/naive_simd/runs/20260606T215243880774Z/raw/4ce67df426.csv,,,1,0,,,,,,,/home/jaeyongjang/project.local/vortex/analysis_workspace/latency_on_hw/outputs_main/naive_simd/runs/20260606T215243880774Z/logs/4ce67df426.log,8.100,1,2698.643,2698.643,2698.643,2698.643,2698.643
20260606T215243880774Z,2026-06-07T00:16:20+00:00,naive_simd,799ea2c24559,fpint_improve,0,generation_merged_naive_simd,llama2_7b_generation_C1_batch1_gen_kv_len4096_qblk32_generation_rope_q,49d53bf84d,rope,rope,rope_q,rope,all_sgemm_tcu_spinquant,generation,rope_q,-batch 1 -seq 1 -heads 32 -headdim 128 -maxseq 4096 -offset 4095,"{""batch"": 1, ""headdim"": 128, ""heads"": 32, ""maxseq"": 4096, ""offset"": 4095, ""seq"": 1}",32.0,/opt/vortex_fpga_bins/fpint/xrt_hw_u55c_c1_f100_fpint_tcu_noDcache_L2cache_90f22d2615/bin,f9d4c06cee4c6e36c642ff55483c0dd89e2a213a6dc34439696792e38ae26795,0,1,explicit,pass,0,,,/home/jaeyongjang/project.local/vortex/analysis_workspace/latency_on_hw/outputs_main/naive_simd/runs/20260606T215243880774Z/raw/49d53bf84d.csv,,,1,0,,,,,,,/home/jaeyongjang/project.local/vortex/analysis_workspace/latency_on_hw/outputs_main/naive_simd/runs/20260606T215243880774Z/logs/49d53bf84d.log,7.938,1,2697.97,2697.97,2697.97,2697.97,2697.97
20260606T215243880774Z,2026-06-07T00:16:20+00:00,naive_simd,799ea2c24559,fpint_improve,0,generation_merged_naive_simd,llama2_7b_generation_C1_batch2_gen_kv_len512_qblk32_generation_rope_q,0027a32c9c,rope,rope,rope_q,rope,all_sgemm_tcu_spinquant,generation,rope_q,-batch 2 -seq 1 -heads 32 -headdim 128 -maxseq 4096 -offset 511,"{""batch"": 2, ""headdim"": 128, ""heads"": 32, ""maxseq"": 4096, ""offset"": 511, ""seq"": 1}",32.0,/opt/vortex_fpga_bins/fpint/xrt_hw_u55c_c1_f100_fpint_tcu_noDcache_L2cache_90f22d2615/bin,f9d4c06cee4c6e36c642ff55483c0dd89e2a213a6dc34439696792e38ae26795,0,1,explicit,pass,0,,,/home/jaeyongjang/project.local/vortex/analysis_workspace/latency_on_hw/outputs_main/naive_simd/runs/20260606T215243880774Z/raw/0027a32c9c.csv,,,1,0,,,,,,,/home/jaeyongjang/project.local/vortex/analysis_workspace/latency_on_hw/outputs_main/naive_simd/runs/20260606T215243880774Z/logs/0027a32c9c.log,6.510,1,3728.424,3728.424,3728.424,3728.424,3728.424
20260606T215243880774Z,2026-06-07T00:16:20+00:00,naive_simd,799ea2c24559,fpint_improve,0,generation_merged_naive_simd,llama2_7b_generation_C1_batch2_gen_kv_len1024_qblk32_generation_rope_q,9cef0cbef9,rope,rope,rope_q,rope,all_sgemm_tcu_spinquant,generation,rope_q,-batch 2 -seq 1 -heads 32 -headdim 128 -maxseq 4096 -offset 1023,"{""batch"": 2, ""headdim"": 128, ""heads"": 32, ""maxseq"": 4096, ""offset"": 1023, ""seq"": 1}",32.0,/opt/vortex_fpga_bins/fpint/xrt_hw_u55c_c1_f100_fpint_tcu_noDcache_L2cache_90f22d2615/bin,f9d4c06cee4c6e36c642ff55483c0dd89e2a213a6dc34439696792e38ae26795,0,1,explicit,pass,0,,,/home/jaeyongjang/project.local/vortex/analysis_workspace/latency_on_hw/outputs_main/naive_simd/runs/20260606T215243880774Z/raw/9cef0cbef9.csv,,,1,0,,,,,,,/home/jaeyongjang/project.local/vortex/analysis_workspace/latency_on_hw/outputs_main/naive_simd/runs/20260606T215243880774Z/logs/9cef0cbef9.log,6.538,1,3798.321,3798.321,3798.321,3798.321,3798.321
20260606T215243880774Z,2026-06-07T00:16:20+00:00,naive_simd,799ea2c24559,fpint_improve,0,generation_merged_naive_simd,llama2_7b_generation_C1_batch2_gen_kv_len2048_qblk32_generation_rope_q,5248ab58da,rope,rope,rope_q,rope,all_sgemm_tcu_spinquant,generation,rope_q,-batch 2 -seq 1 -heads 32 -headdim 128 -maxseq 4096 -offset 2047,"{""batch"": 2, ""headdim"": 128, ""heads"": 32, ""maxseq"": 4096, ""offset"": 2047, ""seq"": 1}",32.0,/opt/vortex_fpga_bins/fpint/xrt_hw_u55c_c1_f100_fpint_tcu_noDcache_L2cache_90f22d2615/bin,f9d4c06cee4c6e36c642ff55483c0dd89e2a213a6dc34439696792e38ae26795,0,1,explicit,pass,0,,,/home/jaeyongjang/project.local/vortex/analysis_workspace/latency_on_hw/outputs_main/naive_simd/runs/20260606T215243880774Z/raw/5248ab58da.csv,,,1,0,,,,,,,/home/jaeyongjang/project.local/vortex/analysis_workspace/latency_on_hw/outputs_main/naive_simd/runs/20260606T215243880774Z/logs/5248ab58da.log,8.108,1,3789.517,3789.517,3789.517,3789.517,3789.517
20260606T215243880774Z,2026-06-07T00:16:20+00:00,naive_simd,799ea2c24559,fpint_improve,0,generation_merged_naive_simd,llama2_7b_generation_C1_batch2_gen_kv_len4096_qblk32_generation_rope_q,31dc8270fe,rope,rope,rope_q,rope,all_sgemm_tcu_spinquant,generation,rope_q,-batch 2 -seq 1 -heads 32 -headdim 128 -maxseq 4096 -offset 4095,"{""batch"": 2, ""headdim"": 128, ""heads"": 32, ""maxseq"": 4096, ""offset"": 4095, ""seq"": 1}",32.0,/opt/vortex_fpga_bins/fpint/xrt_hw_u55c_c1_f100_fpint_tcu_noDcache_L2cache_90f22d2615/bin,f9d4c06cee4c6e36c642ff55483c0dd89e2a213a6dc34439696792e38ae26795,0,1,explicit,pass,0,,,/home/jaeyongjang/project.local/vortex/analysis_workspace/latency_on_hw/outputs_main/naive_simd/runs/20260606T215243880774Z/raw/31dc8270fe.csv,,,1,0,,,,,,,/home/jaeyongjang/project.local/vortex/analysis_workspace/latency_on_hw/outputs_main/naive_simd/runs/20260606T215243880774Z/logs/31dc8270fe.log,8.318,1,3756.903,3756.903,3756.903,3756.903,3756.903
20260606T215243880774Z,2026-06-07T00:16:20+00:00,naive_simd,799ea2c24559,fpint_improve,0,generation_merged_naive_simd,llama2_7b_generation_C1_batch4_gen_kv_len512_qblk32_generation_rope_q,cefea50d25,rope,rope,rope_q,rope,all_sgemm_tcu_spinquant,generation,rope_q,-batch 4 -seq 1 -heads 32 -headdim 128 -maxseq 4096 -offset 511,"{""batch"": 4, ""headdim"": 128, ""heads"": 32, ""maxseq"": 4096, ""offset"": 511, ""seq"": 1}",32.0,/opt/vortex_fpga_bins/fpint/xrt_hw_u55c_c1_f100_fpint_tcu_noDcache_L2cache_90f22d2615/bin,f9d4c06cee4c6e36c642ff55483c0dd89e2a213a6dc34439696792e38ae26795,0,1,explicit,pass,0,,,/home/jaeyongjang/project.local/vortex/analysis_workspace/latency_on_hw/outputs_main/naive_simd/runs/20260606T215243880774Z/raw/cefea50d25.csv,,,1,0,,,,,,,/home/jaeyongjang/project.local/vortex/analysis_workspace/latency_on_hw/outputs_main/naive_simd/runs/20260606T215243880774Z/logs/cefea50d25.log,6.241,1,5865.776,5865.776,5865.776,5865.776,5865.776
20260606T215243880774Z,2026-06-07T00:16:20+00:00,naive_simd,799ea2c24559,fpint_improve,0,generation_merged_naive_simd,llama2_7b_generation_C1_batch4_gen_kv_len1024_qblk32_generation_rope_q,38552923ab,rope,rope,rope_q,rope,all_sgemm_tcu_spinquant,generation,rope_q,-batch 4 -seq 1 -heads 32 -headdim 128 -maxseq 4096 -offset 1023,"{""batch"": 4, ""headdim"": 128, ""heads"": 32, ""maxseq"": 4096, ""offset"": 1023, ""seq"": 1}",32.0,/opt/vortex_fpga_bins/fpint/xrt_hw_u55c_c1_f100_fpint_tcu_noDcache_L2cache_90f22d2615/bin,f9d4c06cee4c6e36c642ff55483c0dd89e2a213a6dc34439696792e38ae26795,0,1,explicit,pass,0,,,/home/jaeyongjang/project.local/vortex/analysis_workspace/latency_on_hw/outputs_main/naive_simd/runs/20260606T215243880774Z/raw/38552923ab.csv,,,1,0,,,,,,,/home/jaeyongjang/project.local/vortex/analysis_workspace/latency_on_hw/outputs_main/naive_simd/runs/20260606T215243880774Z/logs/38552923ab.log,7.427,1,5890.275,5890.275,5890.275,5890.275,5890.275
20260606T215243880774Z,2026-06-07T00:16:20+00:00,naive_simd,799ea2c24559,fpint_improve,0,generation_merged_naive_simd,llama2_7b_generation_C1_batch4_gen_kv_len2048_qblk32_generation_rope_q,5d7ca81136,rope,rope,rope_q,rope,all_sgemm_tcu_spinquant,generation,rope_q,-batch 4 -seq 1 -heads 32 -headdim 128 -maxseq 4096 -offset 2047,"{""batch"": 4, ""headdim"": 128, ""heads"": 32, ""maxseq"": 4096, ""offset"": 2047, ""seq"": 1}",32.0,/opt/vortex_fpga_bins/fpint/xrt_hw_u55c_c1_f100_fpint_tcu_noDcache_L2cache_90f22d2615/bin,f9d4c06cee4c6e36c642ff55483c0dd89e2a213a6dc34439696792e38ae26795,0,1,explicit,pass,0,,,/home/jaeyongjang/project.local/vortex/analysis_workspace/latency_on_hw/outputs_main/naive_simd/runs/20260606T215243880774Z/raw/5d7ca81136.csv,,,1,0,,,,,,,/home/jaeyongjang/project.local/vortex/analysis_workspace/latency_on_hw/outputs_main/naive_simd/runs/20260606T215243880774Z/logs/5d7ca81136.log,8.013,1,5817.356,5817.356,5817.356,5817.356,5817.356
20260606T215243880774Z,2026-06-07T00:16:20+00:00,naive_simd,799ea2c24559,fpint_improve,0,generation_merged_naive_simd,llama2_7b_generation_C1_batch4_gen_kv_len4096_qblk32_generation_rope_q,82ee9c2ccc,rope,rope,rope_q,rope,all_sgemm_tcu_spinquant,generation,rope_q,-batch 4 -seq 1 -heads 32 -headdim 128 -maxseq 4096 -offset 4095,"{""batch"": 4, ""headdim"": 128, ""heads"": 32, ""maxseq"": 4096, ""offset"": 4095, ""seq"": 1}",32.0,/opt/vortex_fpga_bins/fpint/xrt_hw_u55c_c1_f100_fpint_tcu_noDcache_L2cache_90f22d2615/bin,f9d4c06cee4c6e36c642ff55483c0dd89e2a213a6dc34439696792e38ae26795,0,1,explicit,pass,0,,,/home/jaeyongjang/project.local/vortex/analysis_workspace/latency_on_hw/outputs_main/naive_simd/runs/20260606T215243880774Z/raw/82ee9c2ccc.csv,,,1,0,,,,,,,/home/jaeyongjang/project.local/vortex/analysis_workspace/latency_on_hw/outputs_main/naive_simd/runs/20260606T215243880774Z/logs/82ee9c2ccc.log,7.429,1,5858.811,5858.811,5858.811,5858.811,5858.811
20260606T215243880774Z,2026-06-07T00:16:20+00:00,naive_simd,799ea2c24559,fpint_improve,0,generation_merged_naive_simd,llama2_7b_generation_C1_batch8_gen_kv_len512_qblk32_generation_rope_q,ffeb1c7ffa,rope,rope,rope_q,rope,all_sgemm_tcu_spinquant,generation,rope_q,-batch 8 -seq 1 -heads 32 -headdim 128 -maxseq 4096 -offset 511,"{""batch"": 8, ""headdim"": 128, ""heads"": 32, ""maxseq"": 4096, ""offset"": 511, ""seq"": 1}",32.0,/opt/vortex_fpga_bins/fpint/xrt_hw_u55c_c1_f100_fpint_tcu_noDcache_L2cache_90f22d2615/bin,f9d4c06cee4c6e36c642ff55483c0dd89e2a213a6dc34439696792e38ae26795,0,1,explicit,pass,0,,,/home/jaeyongjang/project.local/vortex/analysis_workspace/latency_on_hw/outputs_main/naive_simd/runs/20260606T215243880774Z/raw/ffeb1c7ffa.csv,/home/jaeyongjang/project.local/vortex/analysis_workspace/latency_on_hw/outputs_main_power/naive_simd/runs/20260620T090921893968Z/power/ffeb1c7ffa.csv,/home/jaeyongjang/project.local/vortex/analysis_workspace/latency_on_hw/outputs_main_power/naive_simd/runs/20260620T090921893968Z/power/ffeb1c7ffa.summary.csv,1,1,80,10.189874,11.5456,12.173166,12.5832,,/home/jaeyongjang/project.local/vortex/analysis_workspace/latency_on_hw/outputs_main/naive_simd/runs/20260606T215243880774Z/logs/ffeb1c7ffa.log,7.737,1,9037.805,9037.805,9037.805,9037.805,9037.805
20260606T215243880774Z,2026-06-07T00:16:20+00:00,naive_simd,799ea2c24559,fpint_improve,0,generation_merged_naive_simd,llama2_7b_generation_C1_batch8_gen_kv_len1024_qblk32_generation_rope_q,8773cd91de,rope,rope,rope_q,rope,all_sgemm_tcu_spinquant,generation,rope_q,-batch 8 -seq 1 -heads 32 -headdim 128 -maxseq 4096 -offset 1023,"{""batch"": 8, ""headdim"": 128, ""heads"": 32, ""maxseq"": 4096, ""offset"": 1023, ""seq"": 1}",32.0,/opt/vortex_fpga_bins/fpint/xrt_hw_u55c_c1_f100_fpint_tcu_noDcache_L2cache_90f22d2615/bin,f9d4c06cee4c6e36c642ff55483c0dd89e2a213a6dc34439696792e38ae26795,0,1,explicit,pass,0,,,/home/jaeyongjang/project.local/vortex/analysis_workspace/latency_on_hw/outputs_main/naive_simd/runs/20260606T215243880774Z/raw/8773cd91de.csv,,,1,0,,,,,,,/home/jaeyongjang/project.local/vortex/analysis_workspace/latency_on_hw/outputs_main/naive_simd/runs/20260606T215243880774Z/logs/8773cd91de.log,6.252,1,9144.412,9144.412,9144.412,9144.412,9144.412
20260606T215243880774Z,2026-06-07T00:16:20+00:00,naive_simd,799ea2c24559,fpint_improve,0,generation_merged_naive_simd,llama2_7b_generation_C1_batch8_gen_kv_len2048_qblk32_generation_rope_q,1ce5153d39,rope,rope,rope_q,rope,all_sgemm_tcu_spinquant,generation,rope_q,-batch 8 -seq 1 -heads 32 -headdim 128 -maxseq 4096 -offset 2047,"{""batch"": 8, ""headdim"": 128, ""heads"": 32, ""maxseq"": 4096, ""offset"": 2047, ""seq"": 1}",32.0,/opt/vortex_fpga_bins/fpint/xrt_hw_u55c_c1_f100_fpint_tcu_noDcache_L2cache_90f22d2615/bin,f9d4c06cee4c6e36c642ff55483c0dd89e2a213a6dc34439696792e38ae26795,0,1,explicit,pass,0,,,/home/jaeyongjang/project.local/vortex/analysis_workspace/latency_on_hw/outputs_main/naive_simd/runs/20260606T215243880774Z/raw/1ce5153d39.csv,,,1,0,,,,,,,/home/jaeyongjang/project.local/vortex/analysis_workspace/latency_on_hw/outputs_main/naive_simd/runs/20260606T215243880774Z/logs/1ce5153d39.log,7.698,1,9033.782,9033.782,9033.782,9033.782,9033.782
20260606T215243880774Z,2026-06-07T00:16:20+00:00,naive_simd,799ea2c24559,fpint_improve,0,generation_merged_naive_simd,llama2_7b_generation_C1_batch8_gen_kv_len4096_qblk32_generation_rope_q,c16b7fa30d,rope,rope,rope_q,rope,all_sgemm_tcu_spinquant,generation,rope_q,-batch 8 -seq 1 -heads 32 -headdim 128 -maxseq 4096 -offset 4095,"{""batch"": 8, ""headdim"": 128, ""heads"": 32, ""maxseq"": 4096, ""offset"": 4095, ""seq"": 1}",32.0,/opt/vortex_fpga_bins/fpint/xrt_hw_u55c_c1_f100_fpint_tcu_noDcache_L2cache_90f22d2615/bin,f9d4c06cee4c6e36c642ff55483c0dd89e2a213a6dc34439696792e38ae26795,0,1,explicit,pass,0,,,/home/jaeyongjang/project.local/vortex/analysis_workspace/latency_on_hw/outputs_main/naive_simd/runs/20260606T215243880774Z/raw/c16b7fa30d.csv,,,1,0,,,,,,,/home/jaeyongjang/project.local/vortex/analysis_workspace/latency_on_hw/outputs_main/naive_simd/runs/20260606T215243880774Z/logs/c16b7fa30d.log,7.852,1,9051.472,9051.472,9051.472,9051.472,9051.472
20260606T215243880774Z,2026-06-07T00:16:20+00:00,naive_simd,799ea2c24559,fpint_improve,0,generation_merged_naive_simd,llama2_7b_generation_C1_batch1_gen_kv_len512_qblk32_generation_q_proj,78827d2b89,sgemm_tcu,gemm,q_proj,sgemm_tcu,all_sgemm_tcu_spinquant,generation,q_proj,-m 1 -n 4096 -k 4096,"{""K"": 4096, ""M"": 1, ""N"": 4096}",32.0,/opt/vortex_fpga_bins/fpint/xrt_hw_u55c_c1_f100_fpint_tcu_noDcache_L2cache_90f22d2615/bin,f9d4c06cee4c6e36c642ff55483c0dd89e2a213a6dc34439696792e38ae26795,0,1,explicit,pass,0,,,/home/jaeyongjang/project.local/vortex/analysis_workspace/latency_on_hw/outputs_main/naive_simd/runs/20260606T215243880774Z/raw/78827d2b89.csv,,,1,0,,,,,,,/home/jaeyongjang/project.local/vortex/analysis_workspace/latency_on_hw/outputs_main/naive_simd/runs/20260606T215243880774Z/logs/78827d2b89.log,14.350,1,194183.029,194183.029,194183.029,194183.029,194183.029
20260606T215243880774Z,2026-06-07T00:16:20+00:00,naive_simd,799ea2c24559,fpint_improve,0,generation_merged_naive_simd,llama2_7b_generation_C1_batch1_gen_kv_len512_qblk32_generation_attn_qkT,1ac96cdfef,sgemm_tcu,gemm,attn_qkT,sgemm_tcu,all_sgemm_tcu_spinquant,generation,attn_qkT,-m 1 -n 512 -k 128,"{""K"": 128, ""M"": 1, ""N"": 512, ""per_head"": true}",1024.0,/opt/vortex_fpga_bins/fpint/xrt_hw_u55c_c1_f100_fpint_tcu_noDcache_L2cache_90f22d2615/bin,f9d4c06cee4c6e36c642ff55483c0dd89e2a213a6dc34439696792e38ae26795,0,1,explicit,pass,0,,,/home/jaeyongjang/project.local/vortex/analysis_workspace/latency_on_hw/outputs_main/naive_simd/runs/20260606T215243880774Z/raw/1ac96cdfef.csv,/home/jaeyongjang/project.local/vortex/analysis_workspace/latency_on_hw/outputs_main_power/naive_simd/runs/20260622T005118961255Z/power/1ac96cdfef.csv,/home/jaeyongjang/project.local/vortex/analysis_workspace/latency_on_hw/outputs_main_power/naive_simd/runs/20260622T005118961255Z/power/1ac96cdfef.summary.csv,1,1,0,,,,,,/home/jaeyongjang/project.local/vortex/analysis_workspace/latency_on_hw/outputs_main/naive_simd/runs/20260606T215243880774Z/logs/1ac96cdfef.log,7.675,1,3719.438,3719.438,3719.438,3719.438,3719.438
20260606T215243880774Z,2026-06-07T00:16:20+00:00,naive_simd,799ea2c24559,fpint_improve,0,generation_merged_naive_simd,llama2_7b_generation_C1_batch1_gen_kv_len512_qblk32_generation_attn_pv,2c12012d23,sgemm_tcu,gemm,attn_pv,sgemm_tcu,all_sgemm_tcu_spinquant,generation,attn_pv,-m 1 -n 128 -k 512,"{""K"": 512, ""M"": 1, ""N"": 128, ""per_head"": true}",1024.0,/opt/vortex_fpga_bins/fpint/xrt_hw_u55c_c1_f100_fpint_tcu_noDcache_L2cache_90f22d2615/bin,f9d4c06cee4c6e36c642ff55483c0dd89e2a213a6dc34439696792e38ae26795,0,1,explicit,pass,0,,,/home/jaeyongjang/project.local/vortex/analysis_workspace/latency_on_hw/outputs_main/naive_simd/runs/20260606T215243880774Z/raw/2c12012d23.csv,/home/jaeyongjang/project.local/vortex/analysis_workspace/latency_on_hw/outputs_main_power/naive_simd/runs/20260622T005118961255Z/power/2c12012d23.csv,/home/jaeyongjang/project.local/vortex/analysis_workspace/latency_on_hw/outputs_main_power/naive_simd/runs/20260622T005118961255Z/power/2c12012d23.summary.csv,1,1,0,,,,,,/home/jaeyongjang/project.local/vortex/analysis_workspace/latency_on_hw/outputs_main/naive_simd/runs/20260606T215243880774Z/logs/2c12012d23.log,16.146,1,2654.594,2654.594,2654.594,2654.594,2654.594
20260606T215243880774Z,2026-06-07T00:16:20+00:00,naive_simd,799ea2c24559,fpint_improve,0,generation_merged_naive_simd,llama2_7b_generation_C1_batch1_gen_kv_len512_qblk32_generation_gate_proj,15b29075ec,sgemm_tcu,gemm,gate_proj,sgemm_tcu,all_sgemm_tcu_spinquant,generation,gate_proj,-m 1 -n 11008 -k 4096,"{""K"": 4096, ""M"": 1, ""N"": 11008}",32.0,/opt/vortex_fpga_bins/fpint/xrt_hw_u55c_c1_f100_fpint_tcu_noDcache_L2cache_90f22d2615/bin,f9d4c06cee4c6e36c642ff55483c0dd89e2a213a6dc34439696792e38ae26795,0,1,explicit,pass,0,,,/home/jaeyongjang/project.local/vortex/analysis_workspace/latency_on_hw/outputs_main/naive_simd/runs/20260606T215243880774Z/raw/15b29075ec.csv,,,1,0,,,,,,,/home/jaeyongjang/project.local/vortex/analysis_workspace/latency_on_hw/outputs_main/naive_simd/runs/20260606T215243880774Z/logs/15b29075ec.log,25.755,1,562562.813,562562.813,562562.813,562562.813,562562.813
20260606T215243880774Z,2026-06-07T00:16:20+00:00,naive_simd,799ea2c24559,fpint_improve,0,generation_merged_naive_simd,llama2_7b_generation_C1_batch1_gen_kv_len512_qblk32_generation_down_proj,4a23c510e6,sgemm_tcu,gemm,down_proj,sgemm_tcu,all_sgemm_tcu_spinquant,generation,down_proj,-m 1 -n 4096 -k 11008,"{""K"": 11008, ""M"": 1, ""N"": 4096}",32.0,/opt/vortex_fpga_bins/fpint/xrt_hw_u55c_c1_f100_fpint_tcu_noDcache_L2cache_90f22d2615/bin,f9d4c06cee4c6e36c642ff55483c0dd89e2a213a6dc34439696792e38ae26795,0,1,explicit,pass,0,,,/home/jaeyongjang/project.local/vortex/analysis_workspace/latency_on_hw/outputs_main/naive_simd/runs/20260606T215243880774Z/raw/4a23c510e6.csv,,,1,0,,,,,,,/home/jaeyongjang/project.local/vortex/analysis_workspace/latency_on_hw/outputs_main/naive_simd/runs/20260606T215243880774Z/logs/4a23c510e6.log,32.992,1,532859.612,532859.612,532859.612,532859.612,532859.612
20260606T215243880774Z,2026-06-07T00:16:20+00:00,naive_simd,799ea2c24559,fpint_improve,0,generation_merged_naive_simd,llama2_7b_generation_C1_batch1_gen_kv_len1024_qblk32_generation_attn_qkT,7a63bb5d99,sgemm_tcu,gemm,attn_qkT,sgemm_tcu,all_sgemm_tcu_spinquant,generation,attn_qkT,-m 1 -n 1024 -k 128,"{""K"": 128, ""M"": 1, ""N"": 1024, ""per_head"": true}",1024.0,/opt/vortex_fpga_bins/fpint/xrt_hw_u55c_c1_f100_fpint_tcu_noDcache_L2cache_90f22d2615/bin,f9d4c06cee4c6e36c642ff55483c0dd89e2a213a6dc34439696792e38ae26795,0,1,explicit,pass,0,,,/home/jaeyongjang/project.local/vortex/analysis_workspace/latency_on_hw/outputs_main/naive_simd/runs/20260606T215243880774Z/raw/7a63bb5d99.csv,,,1,0,,,,,,,/home/jaeyongjang/project.local/vortex/analysis_workspace/latency_on_hw/outputs_main/naive_simd/runs/20260606T215243880774Z/logs/7a63bb5d99.log,7.477,1,4802.129,4802.129,4802.129,4802.129,4802.129
20260606T215243880774Z,2026-06-07T00:16:20+00:00,naive_simd,799ea2c24559,fpint_improve,0,generation_merged_naive_simd,llama2_7b_generation_C1_batch1_gen_kv_len1024_qblk32_generation_attn_pv,fe1a45f10f,sgemm_tcu,gemm,attn_pv,sgemm_tcu,all_sgemm_tcu_spinquant,generation,attn_pv,-m 1 -n 128 -k 1024,"{""K"": 1024, ""M"": 1, ""N"": 128, ""per_head"": true}",1024.0,/opt/vortex_fpga_bins/fpint/xrt_hw_u55c_c1_f100_fpint_tcu_noDcache_L2cache_90f22d2615/bin,f9d4c06cee4c6e36c642ff55483c0dd89e2a213a6dc34439696792e38ae26795,0,1,explicit,pass,0,,,/home/jaeyongjang/project.local/vortex/analysis_workspace/latency_on_hw/outputs_main/naive_simd/runs/20260606T215243880774Z/raw/fe1a45f10f.csv,,,1,0,,,,,,,/home/jaeyongjang/project.local/vortex/analysis_workspace/latency_on_hw/outputs_main/naive_simd/runs/20260606T215243880774Z/logs/fe1a45f10f.log,7.965,1,3760.876,3760.876,3760.876,3760.876,3760.876
20260606T215243880774Z,2026-06-07T00:16:20+00:00,naive_simd,799ea2c24559,fpint_improve,0,generation_merged_naive_simd,llama2_7b_generation_C1_batch1_gen_kv_len2048_qblk32_generation_attn_qkT,e9a7420dc1,sgemm_tcu,gemm,attn_qkT,sgemm_tcu,all_sgemm_tcu_spinquant,generation,attn_qkT,-m 1 -n 2048 -k 128,"{""K"": 128, ""M"": 1, ""N"": 2048, ""per_head"": true}",1024.0,/opt/vortex_fpga_bins/fpint/xrt_hw_u55c_c1_f100_fpint_tcu_noDcache_L2cache_90f22d2615/bin,f9d4c06cee4c6e36c642ff55483c0dd89e2a213a6dc34439696792e38ae26795,0,1,explicit,pass,0,,,/home/jaeyongjang/project.local/vortex/analysis_workspace/latency_on_hw/outputs_main/naive_simd/runs/20260606T215243880774Z/raw/e9a7420dc1.csv,,,1,0,,,,,,,/home/jaeyongjang/project.local/vortex/analysis_workspace/latency_on_hw/outputs_main/naive_simd/runs/20260606T215243880774Z/logs/e9a7420dc1.log,5.854,1,8996.419,8996.419,8996.419,8996.419,8996.419
20260606T215243880774Z,2026-06-07T00:16:20+00:00,naive_simd,799ea2c24559,fpint_improve,0,generation_merged_naive_simd,llama2_7b_generation_C1_batch1_gen_kv_len2048_qblk32_generation_attn_pv,ed761f2321,sgemm_tcu,gemm,attn_pv,sgemm_tcu,all_sgemm_tcu_spinquant,generation,attn_pv,-m 1 -n 128 -k 2048,"{""K"": 2048, ""M"": 1, ""N"": 128, ""per_head"": true}",1024.0,/opt/vortex_fpga_bins/fpint/xrt_hw_u55c_c1_f100_fpint_tcu_noDcache_L2cache_90f22d2615/bin,f9d4c06cee4c6e36c642ff55483c0dd89e2a213a6dc34439696792e38ae26795,0,1,explicit,pass,0,,,/home/jaeyongjang/project.local/vortex/analysis_workspace/latency_on_hw/outputs_main/naive_simd/runs/20260606T215243880774Z/raw/ed761f2321.csv,,,1,0,,,,,,,/home/jaeyongjang/project.local/vortex/analysis_workspace/latency_on_hw/outputs_main/naive_simd/runs/20260606T215243880774Z/logs/ed761f2321.log,7.238,1,4818.049,4818.049,4818.049,4818.049,4818.049
20260606T215243880774Z,2026-06-07T00:16:20+00:00,naive_simd,799ea2c24559,fpint_improve,0,generation_merged_naive_simd,llama2_7b_generation_C1_batch1_gen_kv_len4096_qblk32_generation_attn_qkT,467c6a0740,sgemm_tcu,gemm,attn_qkT,sgemm_tcu,all_sgemm_tcu_spinquant,generation,attn_qkT,-m 1 -n 4096 -k 128,"{""K"": 128, ""M"": 1, ""N"": 4096, ""per_head"": true}",1024.0,/opt/vortex_fpga_bins/fpint/xrt_hw_u55c_c1_f100_fpint_tcu_noDcache_L2cache_90f22d2615/bin,f9d4c06cee4c6e36c642ff55483c0dd89e2a213a6dc34439696792e38ae26795,0,1,explicit,pass,0,,,/home/jaeyongjang/project.local/vortex/analysis_workspace/latency_on_hw/outputs_main/naive_simd/runs/20260606T215243880774Z/raw/467c6a0740.csv,,,1,0,,,,,,,/home/jaeyongjang/project.local/vortex/analysis_workspace/latency_on_hw/outputs_main/naive_simd/runs/20260606T215243880774Z/logs/467c6a0740.log,8.013,1,16480.056,16480.056,16480.056,16480.056,16480.056
20260606T215243880774Z,2026-06-07T00:16:20+00:00,naive_simd,799ea2c24559,fpint_improve,0,generation_merged_naive_simd,llama2_7b_generation_C1_batch1_gen_kv_len4096_qblk32_generation_attn_pv,5cec0e31ff,sgemm_tcu,gemm,attn_pv,sgemm_tcu,all_sgemm_tcu_spinquant,generation,attn_pv,-m 1 -n 128 -k 4096,"{""K"": 4096, ""M"": 1, ""N"": 128, ""per_head"": true}",1024.0,/opt/vortex_fpga_bins/fpint/xrt_hw_u55c_c1_f100_fpint_tcu_noDcache_L2cache_90f22d2615/bin,f9d4c06cee4c6e36c642ff55483c0dd89e2a213a6dc34439696792e38ae26795,0,1,explicit,pass,0,,,/home/jaeyongjang/project.local/vortex/analysis_workspace/latency_on_hw/outputs_main/naive_simd/runs/20260606T215243880774Z/raw/5cec0e31ff.csv,,,1,0,,,,,,,/home/jaeyongjang/project.local/vortex/analysis_workspace/latency_on_hw/outputs_main/naive_simd/runs/20260606T215243880774Z/logs/5cec0e31ff.log,8.277,1,7954.687,7954.687,7954.687,7954.687,7954.687
20260606T215243880774Z,2026-06-07T00:16:20+00:00,naive_simd,799ea2c24559,fpint_improve,0,generation_merged_naive_simd,llama2_7b_generation_C1_batch2_gen_kv_len512_qblk32_generation_q_proj,524615dfd9,sgemm_tcu,gemm,q_proj,sgemm_tcu,all_sgemm_tcu_spinquant,generation,q_proj,-m 2 -n 4096 -k 4096,"{""K"": 4096, ""M"": 2, ""N"": 4096}",32.0,/opt/vortex_fpga_bins/fpint/xrt_hw_u55c_c1_f100_fpint_tcu_noDcache_L2cache_90f22d2615/bin,f9d4c06cee4c6e36c642ff55483c0dd89e2a213a6dc34439696792e38ae26795,0,1,explicit,pass,0,,,/home/jaeyongjang/project.local/vortex/analysis_workspace/latency_on_hw/outputs_main/naive_simd/runs/20260606T215243880774Z/raw/524615dfd9.csv,,,1,0,,,,,,,/home/jaeyongjang/project.local/vortex/analysis_workspace/latency_on_hw/outputs_main/naive_simd/runs/20260606T215243880774Z/logs/524615dfd9.log,12.820,1,205027.179,205027.179,205027.179,205027.179,205027.179
20260606T215243880774Z,2026-06-07T00:16:20+00:00,naive_simd,799ea2c24559,fpint_improve,0,generation_merged_naive_simd,llama2_7b_generation_C1_batch2_gen_kv_len512_qblk32_generation_gate_proj,b360fa19ef,sgemm_tcu,gemm,gate_proj,sgemm_tcu,all_sgemm_tcu_spinquant,generation,gate_proj,-m 2 -n 11008 -k 4096,"{""K"": 4096, ""M"": 2, ""N"": 11008}",32.0,/opt/vortex_fpga_bins/fpint/xrt_hw_u55c_c1_f100_fpint_tcu_noDcache_L2cache_90f22d2615/bin,f9d4c06cee4c6e36c642ff55483c0dd89e2a213a6dc34439696792e38ae26795,0,1,explicit,pass,0,,,/home/jaeyongjang/project.local/vortex/analysis_workspace/latency_on_hw/outputs_main/naive_simd/runs/20260606T215243880774Z/raw/b360fa19ef.csv,,,1,0,,,,,,,/home/jaeyongjang/project.local/vortex/analysis_workspace/latency_on_hw/outputs_main/naive_simd/runs/20260606T215243880774Z/logs/b360fa19ef.log,24.107,1,560389.976,560389.976,560389.976,560389.976,560389.976
20260606T215243880774Z,2026-06-07T00:16:20+00:00,naive_simd,799ea2c24559,fpint_improve,0,generation_merged_naive_simd,llama2_7b_generation_C1_batch2_gen_kv_len512_qblk32_generation_down_proj,d4d37d3710,sgemm_tcu,gemm,down_proj,sgemm_tcu,all_sgemm_tcu_spinquant,generation,down_proj,-m 2 -n 4096 -k 11008,"{""K"": 11008, ""M"": 2, ""N"": 4096}",32.0,/opt/vortex_fpga_bins/fpint/xrt_hw_u55c_c1_f100_fpint_tcu_noDcache_L2cache_90f22d2615/bin,f9d4c06cee4c6e36c642ff55483c0dd89e2a213a6dc34439696792e38ae26795,0,1,explicit,pass,0,,,/home/jaeyongjang/project.local/vortex/analysis_workspace/latency_on_hw/outputs_main/naive_simd/runs/20260606T215243880774Z/raw/d4d37d3710.csv,,,1,0,,,,,,,/home/jaeyongjang/project.local/vortex/analysis_workspace/latency_on_hw/outputs_main/naive_simd/runs/20260606T215243880774Z/logs/d4d37d3710.log,23.138,1,513594.833,513594.833,513594.833,513594.833,513594.833
20260606T215243880774Z,2026-06-07T00:16:20+00:00,naive_simd,799ea2c24559,fpint_improve,0,generation_merged_naive_simd,llama2_7b_generation_C1_batch4_gen_kv_len512_qblk32_generation_q_proj,3e09393a0e,sgemm_tcu,gemm,q_proj,sgemm_tcu,all_sgemm_tcu_spinquant,generation,q_proj,-m 4 -n 4096 -k 4096,"{""K"": 4096, ""M"": 4, ""N"": 4096}",32.0,/opt/vortex_fpga_bins/fpint/xrt_hw_u55c_c1_f100_fpint_tcu_noDcache_L2cache_90f22d2615/bin,f9d4c06cee4c6e36c642ff55483c0dd89e2a213a6dc34439696792e38ae26795,0,1,explicit,pass,0,,,/home/jaeyongjang/project.local/vortex/analysis_workspace/latency_on_hw/outputs_main/naive_simd/runs/20260606T215243880774Z/raw/3e09393a0e.csv,,,1,0,,,,,,,/home/jaeyongjang/project.local/vortex/analysis_workspace/latency_on_hw/outputs_main/naive_simd/runs/20260606T215243880774Z/logs/3e09393a0e.log,12.243,1,188851.66,188851.66,188851.66,188851.66,188851.66
20260606T215243880774Z,2026-06-07T00:16:20+00:00,naive_simd,799ea2c24559,fpint_improve,0,generation_merged_naive_simd,llama2_7b_generation_C1_batch4_gen_kv_len512_qblk32_generation_gate_proj,aa0f970e6f,sgemm_tcu,gemm,gate_proj,sgemm_tcu,all_sgemm_tcu_spinquant,generation,gate_proj,-m 4 -n 11008 -k 4096,"{""K"": 4096, ""M"": 4, ""N"": 11008}",32.0,/opt/vortex_fpga_bins/fpint/xrt_hw_u55c_c1_f100_fpint_tcu_noDcache_L2cache_90f22d2615/bin,f9d4c06cee4c6e36c642ff55483c0dd89e2a213a6dc34439696792e38ae26795,0,1,explicit,pass,0,,,/home/jaeyongjang/project.local/vortex/analysis_workspace/latency_on_hw/outputs_main/naive_simd/runs/20260606T215243880774Z/raw/aa0f970e6f.csv,,,1,0,,,,,,,/home/jaeyongjang/project.local/vortex/analysis_workspace/latency_on_hw/outputs_main/naive_simd/runs/20260606T215243880774Z/logs/aa0f970e6f.log,33.791,1,561182.558,561182.558,561182.558,561182.558,561182.558
20260606T215243880774Z,2026-06-07T00:16:20+00:00,naive_simd,799ea2c24559,fpint_improve,0,generation_merged_naive_simd,llama2_7b_generation_C1_batch4_gen_kv_len512_qblk32_generation_down_proj,8f94fd677f,sgemm_tcu,gemm,down_proj,sgemm_tcu,all_sgemm_tcu_spinquant,generation,down_proj,-m 4 -n 4096 -k 11008,"{""K"": 11008, ""M"": 4, ""N"": 4096}",32.0,/opt/vortex_fpga_bins/fpint/xrt_hw_u55c_c1_f100_fpint_tcu_noDcache_L2cache_90f22d2615/bin,f9d4c06cee4c6e36c642ff55483c0dd89e2a213a6dc34439696792e38ae26795,0,1,explicit,pass,0,,,/home/jaeyongjang/project.local/vortex/analysis_workspace/latency_on_hw/outputs_main/naive_simd/runs/20260606T215243880774Z/raw/8f94fd677f.csv,,,1,0,,,,,,,/home/jaeyongjang/project.local/vortex/analysis_workspace/latency_on_hw/outputs_main/naive_simd/runs/20260606T215243880774Z/logs/8f94fd677f.log,25.019,1,527626.254,527626.254,527626.254,527626.254,527626.254
20260606T215243880774Z,2026-06-07T00:16:20+00:00,naive_simd,799ea2c24559,fpint_improve,0,generation_merged_naive_simd,llama2_7b_generation_C1_batch8_gen_kv_len512_qblk32_generation_q_proj,f11932b235,sgemm_tcu,gemm,q_proj,sgemm_tcu,all_sgemm_tcu_spinquant,generation,q_proj,-m 8 -n 4096 -k 4096,"{""K"": 4096, ""M"": 8, ""N"": 4096}",32.0,/opt/vortex_fpga_bins/fpint/xrt_hw_u55c_c1_f100_fpint_tcu_noDcache_L2cache_90f22d2615/bin,f9d4c06cee4c6e36c642ff55483c0dd89e2a213a6dc34439696792e38ae26795,0,1,explicit,pass,0,,,/home/jaeyongjang/project.local/vortex/analysis_workspace/latency_on_hw/outputs_main/naive_simd/runs/20260606T215243880774Z/raw/f11932b235.csv,/home/jaeyongjang/project.local/vortex/analysis_workspace/latency_on_hw/outputs_main_power/naive_simd/runs/20260621T130823991185Z/power/f11932b235.csv,/home/jaeyongjang/project.local/vortex/analysis_workspace/latency_on_hw/outputs_main_power/naive_simd/runs/20260621T130823991185Z/power/f11932b235.summary.csv,1,1,6,0.582162,11.7135,11.7135,11.7135,,/home/jaeyongjang/project.local/vortex/analysis_workspace/latency_on_hw/outputs_main/naive_simd/runs/20260606T215243880774Z/logs/f11932b235.log,14.376,1,188909.075,188909.075,188909.075,188909.075,188909.075
20260606T215243880774Z,2026-06-07T00:16:20+00:00,naive_simd,799ea2c24559,fpint_improve,0,generation_merged_naive_simd,llama2_7b_generation_C1_batch8_gen_kv_len512_qblk32_generation_gate_proj,a0ed2b29b8,sgemm_tcu,gemm,gate_proj,sgemm_tcu,all_sgemm_tcu_spinquant,generation,gate_proj,-m 8 -n 11008 -k 4096,"{""K"": 4096, ""M"": 8, ""N"": 11008}",32.0,/opt/vortex_fpga_bins/fpint/xrt_hw_u55c_c1_f100_fpint_tcu_noDcache_L2cache_90f22d2615/bin,f9d4c06cee4c6e36c642ff55483c0dd89e2a213a6dc34439696792e38ae26795,0,1,explicit,pass,0,,,/home/jaeyongjang/project.local/vortex/analysis_workspace/latency_on_hw/outputs_main/naive_simd/runs/20260606T215243880774Z/raw/a0ed2b29b8.csv,/home/jaeyongjang/project.local/vortex/analysis_workspace/latency_on_hw/outputs_main_power/naive_simd/runs/20260621T134404297777Z/power/a0ed2b29b8.csv,/home/jaeyongjang/project.local/vortex/analysis_workspace/latency_on_hw/outputs_main_power/naive_simd/runs/20260621T134404297777Z/power/a0ed2b29b8.summary.csv,1,1,20,1.684311,11.457,12.483,13.167,,/home/jaeyongjang/project.local/vortex/analysis_workspace/latency_on_hw/outputs_main/naive_simd/runs/20260606T215243880774Z/logs/a0ed2b29b8.log,24.823,1,560677.446,560677.446,560677.446,560677.446,560677.446
20260606T215243880774Z,2026-06-07T00:16:20+00:00,naive_simd,799ea2c24559,fpint_improve,0,generation_merged_naive_simd,llama2_7b_generation_C1_batch8_gen_kv_len512_qblk32_generation_down_proj,c91999f3ac,sgemm_tcu,gemm,down_proj,sgemm_tcu,all_sgemm_tcu_spinquant,generation,down_proj,-m 8 -n 4096 -k 11008,"{""K"": 11008, ""M"": 8, ""N"": 4096}",32.0,/opt/vortex_fpga_bins/fpint/xrt_hw_u55c_c1_f100_fpint_tcu_noDcache_L2cache_90f22d2615/bin,f9d4c06cee4c6e36c642ff55483c0dd89e2a213a6dc34439696792e38ae26795,0,1,explicit,pass,0,,,/home/jaeyongjang/project.local/vortex/analysis_workspace/latency_on_hw/outputs_main/naive_simd/runs/20260606T215243880774Z/raw/c91999f3ac.csv,/home/jaeyongjang/project.local/vortex/analysis_workspace/latency_on_hw/outputs_main_power/naive_simd/runs/20260621T152342921298Z/power/c91999f3ac.csv,/home/jaeyongjang/project.local/vortex/analysis_workspace/latency_on_hw/outputs_main_power/naive_simd/runs/20260621T152342921298Z/power/c91999f3ac.summary.csv,1,1,18,0.53077,11.4601,11.859122,13.2557,,/home/jaeyongjang/project.local/vortex/analysis_workspace/latency_on_hw/outputs_main/naive_simd/runs/20260606T215243880774Z/logs/c91999f3ac.log,22.934,1,520598.119,520598.119,520598.119,520598.119,520598.119
20260606T215243880774Z,2026-06-07T00:16:20+00:00,naive_simd,799ea2c24559,fpint_improve,0,generation_merged_naive_simd,llama2_7b_generation_C1_batch1_gen_kv_len512_qblk32_generation_mlp_silu,a7bae85fd7,silu,silu,mlp_silu,silu,all_sgemm_tcu_spinquant,generation,mlp_silu,-n 11008,"{""size"": 11008}",32.0,/opt/vortex_fpga_bins/fpint/xrt_hw_u55c_c1_f100_fpint_tcu_noDcache_L2cache_90f22d2615/bin,f9d4c06cee4c6e36c642ff55483c0dd89e2a213a6dc34439696792e38ae26795,0,1,explicit,pass,0,,,/home/jaeyongjang/project.local/vortex/analysis_workspace/latency_on_hw/outputs_main/naive_simd/runs/20260606T215243880774Z/raw/a7bae85fd7.csv,,,1,0,,,,,,,/home/jaeyongjang/project.local/vortex/analysis_workspace/latency_on_hw/outputs_main/naive_simd/runs/20260606T215243880774Z/logs/a7bae85fd7.log,7.668,1,4804.485,4804.485,4804.485,4804.485,4804.485
20260606T215243880774Z,2026-06-07T00:16:20+00:00,naive_simd,799ea2c24559,fpint_improve,0,generation_merged_naive_simd,llama2_7b_generation_C1_batch2_gen_kv_len512_qblk32_generation_mlp_silu,1f0ede5910,silu,silu,mlp_silu,silu,all_sgemm_tcu_spinquant,generation,mlp_silu,-n 22016,"{""size"": 22016}",32.0,/opt/vortex_fpga_bins/fpint/xrt_hw_u55c_c1_f100_fpint_tcu_noDcache_L2cache_90f22d2615/bin,f9d4c06cee4c6e36c642ff55483c0dd89e2a213a6dc34439696792e38ae26795,0,1,explicit,pass,0,,,/home/jaeyongjang/project.local/vortex/analysis_workspace/latency_on_hw/outputs_main/naive_simd/runs/20260606T215243880774Z/raw/1f0ede5910.csv,,,1,0,,,,,,,/home/jaeyongjang/project.local/vortex/analysis_workspace/latency_on_hw/outputs_main/naive_simd/runs/20260606T215243880774Z/logs/1f0ede5910.log,6.025,1,6940.048,6940.048,6940.048,6940.048,6940.048
20260606T215243880774Z,2026-06-07T00:16:20+00:00,naive_simd,799ea2c24559,fpint_improve,0,generation_merged_naive_simd,llama2_7b_generation_C1_batch4_gen_kv_len512_qblk32_generation_mlp_silu,7f7fe76054,silu,silu,mlp_silu,silu,all_sgemm_tcu_spinquant,generation,mlp_silu,-n 44032,"{""size"": 44032}",32.0,/opt/vortex_fpga_bins/fpint/xrt_hw_u55c_c1_f100_fpint_tcu_noDcache_L2cache_90f22d2615/bin,f9d4c06cee4c6e36c642ff55483c0dd89e2a213a6dc34439696792e38ae26795,0,1,explicit,pass,0,,,/home/jaeyongjang/project.local/vortex/analysis_workspace/latency_on_hw/outputs_main/naive_simd/runs/20260606T215243880774Z/raw/7f7fe76054.csv,,,1,0,,,,,,,/home/jaeyongjang/project.local/vortex/analysis_workspace/latency_on_hw/outputs_main/naive_simd/runs/20260606T215243880774Z/logs/7f7fe76054.log,7.211,1,10332.055,10332.055,10332.055,10332.055,10332.055
20260606T215243880774Z,2026-06-07T00:16:20+00:00,naive_simd,799ea2c24559,fpint_improve,0,generation_merged_naive_simd,llama2_7b_generation_C1_batch8_gen_kv_len512_qblk32_generation_mlp_silu,e0460016ad,silu,silu,mlp_silu,silu,all_sgemm_tcu_spinquant,generation,mlp_silu,-n 88064,"{""size"": 88064}",32.0,/opt/vortex_fpga_bins/fpint/xrt_hw_u55c_c1_f100_fpint_tcu_noDcache_L2cache_90f22d2615/bin,f9d4c06cee4c6e36c642ff55483c0dd89e2a213a6dc34439696792e38ae26795,0,1,explicit,pass,0,,,/home/jaeyongjang/project.local/vortex/analysis_workspace/latency_on_hw/outputs_main/naive_simd/runs/20260606T215243880774Z/raw/e0460016ad.csv,/home/jaeyongjang/project.local/vortex/analysis_workspace/latency_on_hw/outputs_main_power/naive_simd/runs/20260620T122450431286Z/power/e0460016ad.csv,/home/jaeyongjang/project.local/vortex/analysis_workspace/latency_on_hw/outputs_main_power/naive_simd/runs/20260620T122450431286Z/power/e0460016ad.summary.csv,1,1,76,9.87844,11.3715,12.570159,12.84,,/home/jaeyongjang/project.local/vortex/analysis_workspace/latency_on_hw/outputs_main/naive_simd/runs/20260606T215243880774Z/logs/e0460016ad.log,7.136,1,18564.615,18564.615,18564.615,18564.615,18564.615
20260606T215243880774Z,2026-06-07T00:16:20+00:00,naive_simd,799ea2c24559,fpint_improve,0,generation_merged_naive_simd,llama2_7b_generation_C1_batch1_gen_kv_len512_qblk32_generation_attn_softmax,2b59bed663,softmax,softmax,attn_softmax,softmax,all_sgemm_tcu_spinquant,generation,attn_softmax,-batch 1 -heads 32 -seqq 1 -seqk 512 -mask 0,"{""batch"": 1, ""heads"": 32, ""mask"": 0, ""seqk"": 512, ""seqq"": 1}",32.0,/opt/vortex_fpga_bins/fpint/xrt_hw_u55c_c1_f100_fpint_tcu_noDcache_L2cache_90f22d2615/bin,f9d4c06cee4c6e36c642ff55483c0dd89e2a213a6dc34439696792e38ae26795,0,1,explicit,pass,0,,,/home/jaeyongjang/project.local/vortex/analysis_workspace/latency_on_hw/outputs_main/naive_simd/runs/20260606T215243880774Z/raw/2b59bed663.csv,,,1,0,,,,,,,/home/jaeyongjang/project.local/vortex/analysis_workspace/latency_on_hw/outputs_main/naive_simd/runs/20260606T215243880774Z/logs/2b59bed663.log,7.255,1,17484.296,17484.296,17484.296,17484.296,17484.296
20260606T215243880774Z,2026-06-07T00:16:20+00:00,naive_simd,799ea2c24559,fpint_improve,0,generation_merged_naive_simd,llama2_7b_generation_C1_batch1_gen_kv_len1024_qblk32_generation_attn_softmax,7e0c2f3ed7,softmax,softmax,attn_softmax,softmax,all_sgemm_tcu_spinquant,generation,attn_softmax,-batch 1 -heads 32 -seqq 1 -seqk 1024 -mask 0,"{""batch"": 1, ""heads"": 32, ""mask"": 0, ""seqk"": 1024, ""seqq"": 1}",32.0,/opt/vortex_fpga_bins/fpint/xrt_hw_u55c_c1_f100_fpint_tcu_noDcache_L2cache_90f22d2615/bin,f9d4c06cee4c6e36c642ff55483c0dd89e2a213a6dc34439696792e38ae26795,0,1,explicit,pass,0,,,/home/jaeyongjang/project.local/vortex/analysis_workspace/latency_on_hw/outputs_main/naive_simd/runs/20260606T215243880774Z/raw/7e0c2f3ed7.csv,,,1,0,,,,,,,/home/jaeyongjang/project.local/vortex/analysis_workspace/latency_on_hw/outputs_main/naive_simd/runs/20260606T215243880774Z/logs/7e0c2f3ed7.log,6.972,1,21706.237,21706.237,21706.237,21706.237,21706.237
20260606T215243880774Z,2026-06-07T00:16:20+00:00,naive_simd,799ea2c24559,fpint_improve,0,generation_merged_naive_simd,llama2_7b_generation_C1_batch1_gen_kv_len2048_qblk32_generation_attn_softmax,434938345e,softmax,softmax,attn_softmax,softmax,all_sgemm_tcu_spinquant,generation,attn_softmax,-batch 1 -heads 32 -seqq 1 -seqk 2048 -mask 0,"{""batch"": 1, ""heads"": 32, ""mask"": 0, ""seqk"": 2048, ""seqq"": 1}",32.0,/opt/vortex_fpga_bins/fpint/xrt_hw_u55c_c1_f100_fpint_tcu_noDcache_L2cache_90f22d2615/bin,f9d4c06cee4c6e36c642ff55483c0dd89e2a213a6dc34439696792e38ae26795,0,1,explicit,pass,0,,,/home/jaeyongjang/project.local/vortex/analysis_workspace/latency_on_hw/outputs_main/naive_simd/runs/20260606T215243880774Z/raw/434938345e.csv,,,1,0,,,,,,,/home/jaeyongjang/project.local/vortex/analysis_workspace/latency_on_hw/outputs_main/naive_simd/runs/20260606T215243880774Z/logs/434938345e.log,7.072,1,30215.156,30215.156,30215.156,30215.156,30215.156
20260606T215243880774Z,2026-06-07T00:16:20+00:00,naive_simd,799ea2c24559,fpint_improve,0,generation_merged_naive_simd,llama2_7b_generation_C1_batch1_gen_kv_len4096_qblk32_generation_attn_softmax,ff647d0007,softmax,softmax,attn_softmax,softmax,all_sgemm_tcu_spinquant,generation,attn_softmax,-batch 1 -heads 32 -seqq 1 -seqk 4096 -mask 0,"{""batch"": 1, ""heads"": 32, ""mask"": 0, ""seqk"": 4096, ""seqq"": 1}",32.0,/opt/vortex_fpga_bins/fpint/xrt_hw_u55c_c1_f100_fpint_tcu_noDcache_L2cache_90f22d2615/bin,f9d4c06cee4c6e36c642ff55483c0dd89e2a213a6dc34439696792e38ae26795,0,1,explicit,pass,0,,,/home/jaeyongjang/project.local/vortex/analysis_workspace/latency_on_hw/outputs_main/naive_simd/runs/20260606T215243880774Z/raw/ff647d0007.csv,,,1,0,,,,,,,/home/jaeyongjang/project.local/vortex/analysis_workspace/latency_on_hw/outputs_main/naive_simd/runs/20260606T215243880774Z/logs/ff647d0007.log,6.031,1,47051.761,47051.761,47051.761,47051.761,47051.761
20260606T215243880774Z,2026-06-07T00:16:20+00:00,naive_simd,799ea2c24559,fpint_improve,0,generation_merged_naive_simd,llama2_7b_generation_C1_batch2_gen_kv_len512_qblk32_generation_attn_softmax,d660520626,softmax,softmax,attn_softmax,softmax,all_sgemm_tcu_spinquant,generation,attn_softmax,-batch 2 -heads 32 -seqq 1 -seqk 512 -mask 0,"{""batch"": 2, ""heads"": 32, ""mask"": 0, ""seqk"": 512, ""seqq"": 1}",32.0,/opt/vortex_fpga_bins/fpint/xrt_hw_u55c_c1_f100_fpint_tcu_noDcache_L2cache_90f22d2615/bin,f9d4c06cee4c6e36c642ff55483c0dd89e2a213a6dc34439696792e38ae26795,0,1,explicit,pass,0,,,/home/jaeyongjang/project.local/vortex/analysis_workspace/latency_on_hw/outputs_main/naive_simd/runs/20260606T215243880774Z/raw/d660520626.csv,,,1,0,,,,,,,/home/jaeyongjang/project.local/vortex/analysis_workspace/latency_on_hw/outputs_main/naive_simd/runs/20260606T215243880774Z/logs/d660520626.log,7.344,1,34354.49,34354.49,34354.49,34354.49,34354.49
20260606T215243880774Z,2026-06-07T00:16:20+00:00,naive_simd,799ea2c24559,fpint_improve,0,generation_merged_naive_simd,llama2_7b_generation_C1_batch2_gen_kv_len1024_qblk32_generation_attn_softmax,7f20e2f40c,softmax,softmax,attn_softmax,softmax,all_sgemm_tcu_spinquant,generation,attn_softmax,-batch 2 -heads 32 -seqq 1 -seqk 1024 -mask 0,"{""batch"": 2, ""heads"": 32, ""mask"": 0, ""seqk"": 1024, ""seqq"": 1}",32.0,/opt/vortex_fpga_bins/fpint/xrt_hw_u55c_c1_f100_fpint_tcu_noDcache_L2cache_90f22d2615/bin,f9d4c06cee4c6e36c642ff55483c0dd89e2a213a6dc34439696792e38ae26795,0,1,explicit,pass,0,,,/home/jaeyongjang/project.local/vortex/analysis_workspace/latency_on_hw/outputs_main/naive_simd/runs/20260606T215243880774Z/raw/7f20e2f40c.csv,,,1,0,,,,,,,/home/jaeyongjang/project.local/vortex/analysis_workspace/latency_on_hw/outputs_main/naive_simd/runs/20260606T215243880774Z/logs/7f20e2f40c.log,7.214,1,41792.985,41792.985,41792.985,41792.985,41792.985
20260606T215243880774Z,2026-06-07T00:16:20+00:00,naive_simd,799ea2c24559,fpint_improve,0,generation_merged_naive_simd,llama2_7b_generation_C1_batch2_gen_kv_len2048_qblk32_generation_attn_softmax,1133162f03,softmax,softmax,attn_softmax,softmax,all_sgemm_tcu_spinquant,generation,attn_softmax,-batch 2 -heads 32 -seqq 1 -seqk 2048 -mask 0,"{""batch"": 2, ""heads"": 32, ""mask"": 0, ""seqk"": 2048, ""seqq"": 1}",32.0,/opt/vortex_fpga_bins/fpint/xrt_hw_u55c_c1_f100_fpint_tcu_noDcache_L2cache_90f22d2615/bin,f9d4c06cee4c6e36c642ff55483c0dd89e2a213a6dc34439696792e38ae26795,0,1,explicit,pass,0,,,/home/jaeyongjang/project.local/vortex/analysis_workspace/latency_on_hw/outputs_main/naive_simd/runs/20260606T215243880774Z/raw/1133162f03.csv,,,1,0,,,,,,,/home/jaeyongjang/project.local/vortex/analysis_workspace/latency_on_hw/outputs_main/naive_simd/runs/20260606T215243880774Z/logs/1133162f03.log,7.262,1,58726.729,58726.729,58726.729,58726.729,58726.729
20260606T215243880774Z,2026-06-07T00:16:20+00:00,naive_simd,799ea2c24559,fpint_improve,0,generation_merged_naive_simd,llama2_7b_generation_C1_batch2_gen_kv_len4096_qblk32_generation_attn_softmax,bae9f0b54f,softmax,softmax,attn_softmax,softmax,all_sgemm_tcu_spinquant,generation,attn_softmax,-batch 2 -heads 32 -seqq 1 -seqk 4096 -mask 0,"{""batch"": 2, ""heads"": 32, ""mask"": 0, ""seqk"": 4096, ""seqq"": 1}",32.0,/opt/vortex_fpga_bins/fpint/xrt_hw_u55c_c1_f100_fpint_tcu_noDcache_L2cache_90f22d2615/bin,f9d4c06cee4c6e36c642ff55483c0dd89e2a213a6dc34439696792e38ae26795,0,1,explicit,pass,0,,,/home/jaeyongjang/project.local/vortex/analysis_workspace/latency_on_hw/outputs_main/naive_simd/runs/20260606T215243880774Z/raw/bae9f0b54f.csv,,,1,0,,,,,,,/home/jaeyongjang/project.local/vortex/analysis_workspace/latency_on_hw/outputs_main/naive_simd/runs/20260606T215243880774Z/logs/bae9f0b54f.log,8.132,1,92677.149,92677.149,92677.149,92677.149,92677.149
20260606T215243880774Z,2026-06-07T00:16:20+00:00,naive_simd,799ea2c24559,fpint_improve,0,generation_merged_naive_simd,llama2_7b_generation_C1_batch4_gen_kv_len512_qblk32_generation_attn_softmax,aedf06031d,softmax,softmax,attn_softmax,softmax,all_sgemm_tcu_spinquant,generation,attn_softmax,-batch 4 -heads 32 -seqq 1 -seqk 512 -mask 0,"{""batch"": 4, ""heads"": 32, ""mask"": 0, ""seqk"": 512, ""seqq"": 1}",32.0,/opt/vortex_fpga_bins/fpint/xrt_hw_u55c_c1_f100_fpint_tcu_noDcache_L2cache_90f22d2615/bin,f9d4c06cee4c6e36c642ff55483c0dd89e2a213a6dc34439696792e38ae26795,0,1,explicit,pass,0,,,/home/jaeyongjang/project.local/vortex/analysis_workspace/latency_on_hw/outputs_main/naive_simd/runs/20260606T215243880774Z/raw/aedf06031d.csv,,,1,0,,,,,,,/home/jaeyongjang/project.local/vortex/analysis_workspace/latency_on_hw/outputs_main/naive_simd/runs/20260606T215243880774Z/logs/aedf06031d.log,7.271,1,66040.126,66040.126,66040.126,66040.126,66040.126
20260606T215243880774Z,2026-06-07T00:16:20+00:00,naive_simd,799ea2c24559,fpint_improve,0,generation_merged_naive_simd,llama2_7b_generation_C1_batch4_gen_kv_len1024_qblk32_generation_attn_softmax,620ef1707b,softmax,softmax,attn_softmax,softmax,all_sgemm_tcu_spinquant,generation,attn_softmax,-batch 4 -heads 32 -seqq 1 -seqk 1024 -mask 0,"{""batch"": 4, ""heads"": 32, ""mask"": 0, ""seqk"": 1024, ""seqq"": 1}",32.0,/opt/vortex_fpga_bins/fpint/xrt_hw_u55c_c1_f100_fpint_tcu_noDcache_L2cache_90f22d2615/bin,f9d4c06cee4c6e36c642ff55483c0dd89e2a213a6dc34439696792e38ae26795,0,1,explicit,pass,0,,,/home/jaeyongjang/project.local/vortex/analysis_workspace/latency_on_hw/outputs_main/naive_simd/runs/20260606T215243880774Z/raw/620ef1707b.csv,,,1,0,,,,,,,/home/jaeyongjang/project.local/vortex/analysis_workspace/latency_on_hw/outputs_main/naive_simd/runs/20260606T215243880774Z/logs/620ef1707b.log,6.149,1,81990.392,81990.392,81990.392,81990.392,81990.392
20260606T215243880774Z,2026-06-07T00:16:20+00:00,naive_simd,799ea2c24559,fpint_improve,0,generation_merged_naive_simd,llama2_7b_generation_C1_batch4_gen_kv_len2048_qblk32_generation_attn_softmax,91a319c325,softmax,softmax,attn_softmax,softmax,all_sgemm_tcu_spinquant,generation,attn_softmax,-batch 4 -heads 32 -seqq 1 -seqk 2048 -mask 0,"{""batch"": 4, ""heads"": 32, ""mask"": 0, ""seqk"": 2048, ""seqq"": 1}",32.0,/opt/vortex_fpga_bins/fpint/xrt_hw_u55c_c1_f100_fpint_tcu_noDcache_L2cache_90f22d2615/bin,f9d4c06cee4c6e36c642ff55483c0dd89e2a213a6dc34439696792e38ae26795,0,1,explicit,pass,0,,,/home/jaeyongjang/project.local/vortex/analysis_workspace/latency_on_hw/outputs_main/naive_simd/runs/20260606T215243880774Z/raw/91a319c325.csv,,,1,0,,,,,,,/home/jaeyongjang/project.local/vortex/analysis_workspace/latency_on_hw/outputs_main/naive_simd/runs/20260606T215243880774Z/logs/91a319c325.log,7.774,1,114797.148,114797.148,114797.148,114797.148,114797.148
20260606T215243880774Z,2026-06-07T00:16:20+00:00,naive_simd,799ea2c24559,fpint_improve,0,generation_merged_naive_simd,llama2_7b_generation_C1_batch4_gen_kv_len4096_qblk32_generation_attn_softmax,6565e0ac76,softmax,softmax,attn_softmax,softmax,all_sgemm_tcu_spinquant,generation,attn_softmax,-batch 4 -heads 32 -seqq 1 -seqk 4096 -mask 0,"{""batch"": 4, ""heads"": 32, ""mask"": 0, ""seqk"": 4096, ""seqq"": 1}",32.0,/opt/vortex_fpga_bins/fpint/xrt_hw_u55c_c1_f100_fpint_tcu_noDcache_L2cache_90f22d2615/bin,f9d4c06cee4c6e36c642ff55483c0dd89e2a213a6dc34439696792e38ae26795,0,1,explicit,pass,0,,,/home/jaeyongjang/project.local/vortex/analysis_workspace/latency_on_hw/outputs_main/naive_simd/runs/20260606T215243880774Z/raw/6565e0ac76.csv,,,1,0,,,,,,,/home/jaeyongjang/project.local/vortex/analysis_workspace/latency_on_hw/outputs_main/naive_simd/runs/20260606T215243880774Z/logs/6565e0ac76.log,7.753,1,182661.353,182661.353,182661.353,182661.353,182661.353
20260606T215243880774Z,2026-06-07T00:16:20+00:00,naive_simd,799ea2c24559,fpint_improve,0,generation_merged_naive_simd,llama2_7b_generation_C1_batch8_gen_kv_len512_qblk32_generation_attn_softmax,377d94cfbc,softmax,softmax,attn_softmax,softmax,all_sgemm_tcu_spinquant,generation,attn_softmax,-batch 8 -heads 32 -seqq 1 -seqk 512 -mask 0,"{""batch"": 8, ""heads"": 32, ""mask"": 0, ""seqk"": 512, ""seqq"": 1}",32.0,/opt/vortex_fpga_bins/fpint/xrt_hw_u55c_c1_f100_fpint_tcu_noDcache_L2cache_90f22d2615/bin,f9d4c06cee4c6e36c642ff55483c0dd89e2a213a6dc34439696792e38ae26795,0,1,explicit,pass,0,,,/home/jaeyongjang/project.local/vortex/analysis_workspace/latency_on_hw/outputs_main/naive_simd/runs/20260606T215243880774Z/raw/377d94cfbc.csv,,,1,0,,,,,,,/home/jaeyongjang/project.local/vortex/analysis_workspace/latency_on_hw/outputs_main/naive_simd/runs/20260606T215243880774Z/logs/377d94cfbc.log,17.466,1,130766.854,130766.854,130766.854,130766.854,130766.854
20260606T215243880774Z,2026-06-07T00:16:20+00:00,naive_simd,799ea2c24559,fpint_improve,0,generation_merged_naive_simd,llama2_7b_generation_C1_batch8_gen_kv_len1024_qblk32_generation_attn_softmax,c361316d42,softmax,softmax,attn_softmax,softmax,all_sgemm_tcu_spinquant,generation,attn_softmax,-batch 8 -heads 32 -seqq 1 -seqk 1024 -mask 0,"{""batch"": 8, ""heads"": 32, ""mask"": 0, ""seqk"": 1024, ""seqq"": 1}",32.0,/opt/vortex_fpga_bins/fpint/xrt_hw_u55c_c1_f100_fpint_tcu_noDcache_L2cache_90f22d2615/bin,f9d4c06cee4c6e36c642ff55483c0dd89e2a213a6dc34439696792e38ae26795,0,1,explicit,pass,0,,,/home/jaeyongjang/project.local/vortex/analysis_workspace/latency_on_hw/outputs_main/naive_simd/runs/20260606T215243880774Z/raw/c361316d42.csv,,,1,0,,,,,,,/home/jaeyongjang/project.local/vortex/analysis_workspace/latency_on_hw/outputs_main/naive_simd/runs/20260606T215243880774Z/logs/c361316d42.log,6.029,1,162559.815,162559.815,162559.815,162559.815,162559.815
20260606T215243880774Z,2026-06-07T00:16:20+00:00,naive_simd,799ea2c24559,fpint_improve,0,generation_merged_naive_simd,llama2_7b_generation_C1_batch8_gen_kv_len2048_qblk32_generation_attn_softmax,d2ca54ece4,softmax,softmax,attn_softmax,softmax,all_sgemm_tcu_spinquant,generation,attn_softmax,-batch 8 -heads 32 -seqq 1 -seqk 2048 -mask 0,"{""batch"": 8, ""heads"": 32, ""mask"": 0, ""seqk"": 2048, ""seqq"": 1}",32.0,/opt/vortex_fpga_bins/fpint/xrt_hw_u55c_c1_f100_fpint_tcu_noDcache_L2cache_90f22d2615/bin,f9d4c06cee4c6e36c642ff55483c0dd89e2a213a6dc34439696792e38ae26795,0,1,explicit,pass,0,,,/home/jaeyongjang/project.local/vortex/analysis_workspace/latency_on_hw/outputs_main/naive_simd/runs/20260606T215243880774Z/raw/d2ca54ece4.csv,,,1,0,,,,,,,/home/jaeyongjang/project.local/vortex/analysis_workspace/latency_on_hw/outputs_main/naive_simd/runs/20260606T215243880774Z/logs/d2ca54ece4.log,8.478,1,228749.534,228749.534,228749.534,228749.534,228749.534
20260606T215243880774Z,2026-06-07T00:16:20+00:00,naive_simd,799ea2c24559,fpint_improve,0,generation_merged_naive_simd,llama2_7b_generation_C1_batch8_gen_kv_len4096_qblk32_generation_attn_softmax,179126311b,softmax,softmax,attn_softmax,softmax,all_sgemm_tcu_spinquant,generation,attn_softmax,-batch 8 -heads 32 -seqq 1 -seqk 4096 -mask 0,"{""batch"": 8, ""heads"": 32, ""mask"": 0, ""seqk"": 4096, ""seqq"": 1}",32.0,/opt/vortex_fpga_bins/fpint/xrt_hw_u55c_c1_f100_fpint_tcu_noDcache_L2cache_90f22d2615/bin,f9d4c06cee4c6e36c642ff55483c0dd89e2a213a6dc34439696792e38ae26795,0,1,explicit,pass,0,,,/home/jaeyongjang/project.local/vortex/analysis_workspace/latency_on_hw/outputs_main/naive_simd/runs/20260606T215243880774Z/raw/179126311b.csv,,,1,0,,,,,,,/home/jaeyongjang/project.local/vortex/analysis_workspace/latency_on_hw/outputs_main/naive_simd/runs/20260606T215243880774Z/logs/179126311b.log,8.370,1,364155.246,364155.246,364155.246,364155.246,364155.246
20260606T215243880774Z,2026-06-07T00:16:20+00:00,naive_simd,799ea2c24559,fpint_improve,0,generation_merged_naive_simd,llama2_7b_generation_C4_alone_batch1_gen_kv_len512_qblk32_generation_layout_q_proj_to_rope_q_detile,597286c465,detile_output,layout,layout_q_proj_to_rope_q_detile,detile_output,all_fpint_gemm_improve_alone_layout_spinquant,generation,layout_q_proj_to_rope_q_detile,-m 1 -n 4096,"{""M"": 1, ""N"": 4096, ""consumer"": ""rope_q"", ""layout_from"": ""gemm_c_tiled"", ""layout_group"": ""q_proj_to_rope_q"", ""layout_to"": ""row_major"", ""producer"": ""q_proj""}",32.0,/opt/vortex_fpga_bins/fpint/xrt_hw_u55c_c1_f100_fpint_tcu_noDcache_L2cache_90f22d2615/bin,f9d4c06cee4c6e36c642ff55483c0dd89e2a213a6dc34439696792e38ae26795,0,1,explicit,pass,0,,,/home/jaeyongjang/project.local/vortex/analysis_workspace/latency_on_hw/outputs_main/naive_simd/runs/20260606T215243880774Z/raw/597286c465.csv,,,1,0,,,,,,,/home/jaeyongjang/project.local/vortex/analysis_workspace/latency_on_hw/outputs_main/naive_simd/runs/20260606T215243880774Z/logs/597286c465.log,5.761,1,3745.132,3745.132,3745.132,3745.132,3745.132
20260606T215243880774Z,2026-06-07T00:16:20+00:00,naive_simd,799ea2c24559,fpint_improve,0,generation_merged_naive_simd,llama2_7b_generation_C4_alone_batch1_gen_kv_len512_qblk32_generation_layout_attn_qkT_to_softmax_detile,daa6d146b3,detile_output,layout,layout_attn_qkT_to_softmax_detile,detile_output,all_fpint_gemm_improve_alone_layout_spinquant,generation,layout_attn_qkT_to_softmax_detile,-m 1 -n 512,"{""M"": 1, ""N"": 512, ""consumer"": ""attn_softmax"", ""layout_from"": ""gemm_c_tiled"", ""layout_group"": ""attn_qkT_to_softmax"", ""layout_to"": ""row_major"", ""producer"": ""attn_qkT""}",1024.0,/opt/vortex_fpga_bins/fpint/xrt_hw_u55c_c1_f100_fpint_tcu_noDcache_L2cache_90f22d2615/bin,f9d4c06cee4c6e36c642ff55483c0dd89e2a213a6dc34439696792e38ae26795,0,1,explicit,pass,0,,,/home/jaeyongjang/project.local/vortex/analysis_workspace/latency_on_hw/outputs_main/naive_simd/runs/20260606T215243880774Z/raw/daa6d146b3.csv,/home/jaeyongjang/project.local/vortex/analysis_workspace/latency_on_hw/outputs_main_power/naive_simd/runs/20260620T122450431286Z/power/daa6d146b3.csv,/home/jaeyongjang/project.local/vortex/analysis_workspace/latency_on_hw/outputs_main_power/naive_simd/runs/20260620T122450431286Z/power/daa6d146b3.summary.csv,1,1,78,10.159697,11.4601,11.674292,11.8877,,/home/jaeyongjang/project.local/vortex/analysis_workspace/latency_on_hw/outputs_main/naive_simd/runs/20260606T215243880774Z/logs/daa6d146b3.log,5.725,1,1627.437,1627.437,1627.437,1627.437,1627.437
20260606T215243880774Z,2026-06-07T00:16:20+00:00,naive_simd,799ea2c24559,fpint_improve,0,generation_merged_naive_simd,llama2_7b_generation_C4_alone_batch1_gen_kv_len512_qblk32_generation_layout_attn_pv_to_head_concat_detile,08bded4378,detile_output,layout,layout_attn_pv_to_head_concat_detile,detile_output,all_fpint_gemm_improve_alone_layout_spinquant,generation,layout_attn_pv_to_head_concat_detile,-m 1 -n 128,"{""M"": 1, ""N"": 128, ""consumer"": ""attn_head_concat"", ""layout_from"": ""gemm_c_tiled"", ""layout_group"": ""attn_pv_to_head_concat"", ""layout_to"": ""row_major"", ""producer"": ""attn_pv""}",1024.0,/opt/vortex_fpga_bins/fpint/xrt_hw_u55c_c1_f100_fpint_tcu_noDcache_L2cache_90f22d2615/bin,f9d4c06cee4c6e36c642ff55483c0dd89e2a213a6dc34439696792e38ae26795,0,1,explicit,pass,0,,,/home/jaeyongjang/project.local/vortex/analysis_workspace/latency_on_hw/outputs_main/naive_simd/runs/20260606T215243880774Z/raw/08bded4378.csv,/home/jaeyongjang/project.local/vortex/analysis_workspace/latency_on_hw/outputs_main_power/naive_simd/runs/20260620T122450431286Z/power/08bded4378.csv,/home/jaeyongjang/project.local/vortex/analysis_workspace/latency_on_hw/outputs_main_power/naive_simd/runs/20260620T122450431286Z/power/08bded4378.summary.csv,1,1,78,10.145163,11.457,11.619231,11.8845,,/home/jaeyongjang/project.local/vortex/analysis_workspace/latency_on_hw/outputs_main/naive_simd/runs/20260606T215243880774Z/logs/08bded4378.log,7.306,1,1634.419,1634.419,1634.419,1634.419,1634.419
20260606T215243880774Z,2026-06-07T00:16:20+00:00,naive_simd,799ea2c24559,fpint_improve,0,generation_merged_naive_simd,llama2_7b_generation_C4_alone_batch1_gen_kv_len512_qblk32_generation_layout_gate_proj_to_mlp_silu_detile,3518c8b339,detile_output,layout,layout_gate_proj_to_mlp_silu_detile,detile_output,all_fpint_gemm_improve_alone_layout_spinquant,generation,layout_gate_proj_to_mlp_silu_detile,-m 1 -n 11008,"{""M"": 1, ""N"": 11008, ""consumer"": ""mlp_silu"", ""layout_from"": ""gemm_c_tiled"", ""layout_group"": ""gate_proj_to_mlp_silu"", ""layout_to"": ""row_major"", ""producer"": ""gate_proj""}",32.0,/opt/vortex_fpga_bins/fpint/xrt_hw_u55c_c1_f100_fpint_tcu_noDcache_L2cache_90f22d2615/bin,f9d4c06cee4c6e36c642ff55483c0dd89e2a213a6dc34439696792e38ae26795,0,1,explicit,pass,0,,,/home/jaeyongjang/project.local/vortex/analysis_workspace/latency_on_hw/outputs_main/naive_simd/runs/20260606T215243880774Z/raw/3518c8b339.csv,,,1,0,,,,,,,/home/jaeyongjang/project.local/vortex/analysis_workspace/latency_on_hw/outputs_main/naive_simd/runs/20260606T215243880774Z/logs/3518c8b339.log,7.251,1,6912.385,6912.385,6912.385,6912.385,6912.385
20260606T215243880774Z,2026-06-07T00:16:20+00:00,naive_simd,799ea2c24559,fpint_improve,0,generation_merged_naive_simd,llama2_7b_generation_C4_alone_batch1_gen_kv_len1024_qblk32_generation_layout_attn_qkT_to_softmax_detile,79ff6f5008,detile_output,layout,layout_attn_qkT_to_softmax_detile,detile_output,all_fpint_gemm_improve_alone_layout_spinquant,generation,layout_attn_qkT_to_softmax_detile,-m 1 -n 1024,"{""M"": 1, ""N"": 1024, ""consumer"": ""attn_softmax"", ""layout_from"": ""gemm_c_tiled"", ""layout_group"": ""attn_qkT_to_softmax"", ""layout_to"": ""row_major"", ""producer"": ""attn_qkT""}",1024.0,/opt/vortex_fpga_bins/fpint/xrt_hw_u55c_c1_f100_fpint_tcu_noDcache_L2cache_90f22d2615/bin,f9d4c06cee4c6e36c642ff55483c0dd89e2a213a6dc34439696792e38ae26795,0,1,explicit,pass,0,,,/home/jaeyongjang/project.local/vortex/analysis_workspace/latency_on_hw/outputs_main/naive_simd/runs/20260606T215243880774Z/raw/79ff6f5008.csv,,,1,0,,,,,,,/home/jaeyongjang/project.local/vortex/analysis_workspace/latency_on_hw/outputs_main/naive_simd/runs/20260606T215243880774Z/logs/79ff6f5008.log,7.065,1,1626.673,1626.673,1626.673,1626.673,1626.673
20260606T215243880774Z,2026-06-07T00:16:20+00:00,naive_simd,799ea2c24559,fpint_improve,0,generation_merged_naive_simd,llama2_7b_generation_C4_alone_batch1_gen_kv_len2048_qblk32_generation_layout_attn_qkT_to_softmax_detile,c777383ba1,detile_output,layout,layout_attn_qkT_to_softmax_detile,detile_output,all_fpint_gemm_improve_alone_layout_spinquant,generation,layout_attn_qkT_to_softmax_detile,-m 1 -n 2048,"{""M"": 1, ""N"": 2048, ""consumer"": ""attn_softmax"", ""layout_from"": ""gemm_c_tiled"", ""layout_group"": ""attn_qkT_to_softmax"", ""layout_to"": ""row_major"", ""producer"": ""attn_qkT""}",1024.0,/opt/vortex_fpga_bins/fpint/xrt_hw_u55c_c1_f100_fpint_tcu_noDcache_L2cache_90f22d2615/bin,f9d4c06cee4c6e36c642ff55483c0dd89e2a213a6dc34439696792e38ae26795,0,1,explicit,pass,0,,,/home/jaeyongjang/project.local/vortex/analysis_workspace/latency_on_hw/outputs_main/naive_simd/runs/20260606T215243880774Z/raw/c777383ba1.csv,,,1,0,,,,,,,/home/jaeyongjang/project.local/vortex/analysis_workspace/latency_on_hw/outputs_main/naive_simd/runs/20260606T215243880774Z/logs/c777383ba1.log,5.804,1,2702.378,2702.378,2702.378,2702.378,2702.378
20260606T215243880774Z,2026-06-07T00:16:20+00:00,naive_simd,799ea2c24559,fpint_improve,0,generation_merged_naive_simd,llama2_7b_generation_C4_alone_batch2_gen_kv_len512_qblk32_generation_layout_q_proj_to_rope_q_detile,83778c98da,detile_output,layout,layout_q_proj_to_rope_q_detile,detile_output,all_fpint_gemm_improve_alone_layout_spinquant,generation,layout_q_proj_to_rope_q_detile,-m 2 -n 4096,"{""M"": 2, ""N"": 4096, ""consumer"": ""rope_q"", ""layout_from"": ""gemm_c_tiled"", ""layout_group"": ""q_proj_to_rope_q"", ""layout_to"": ""row_major"", ""producer"": ""q_proj""}",32.0,/opt/vortex_fpga_bins/fpint/xrt_hw_u55c_c1_f100_fpint_tcu_noDcache_L2cache_90f22d2615/bin,f9d4c06cee4c6e36c642ff55483c0dd89e2a213a6dc34439696792e38ae26795,0,1,explicit,pass,0,,,/home/jaeyongjang/project.local/vortex/analysis_workspace/latency_on_hw/outputs_main/naive_simd/runs/20260606T215243880774Z/raw/83778c98da.csv,,,1,0,,,,,,,/home/jaeyongjang/project.local/vortex/analysis_workspace/latency_on_hw/outputs_main/naive_simd/runs/20260606T215243880774Z/logs/83778c98da.log,6.033,1,5862.74,5862.74,5862.74,5862.74,5862.74
20260606T215243880774Z,2026-06-07T00:16:20+00:00,naive_simd,799ea2c24559,fpint_improve,0,generation_merged_naive_simd,llama2_7b_generation_C4_alone_batch2_gen_kv_len512_qblk32_generation_layout_gate_proj_to_mlp_silu_detile,fb1f0a0268,detile_output,layout,layout_gate_proj_to_mlp_silu_detile,detile_output,all_fpint_gemm_improve_alone_layout_spinquant,generation,layout_gate_proj_to_mlp_silu_detile,-m 2 -n 11008,"{""M"": 2, ""N"": 11008, ""consumer"": ""mlp_silu"", ""layout_from"": ""gemm_c_tiled"", ""layout_group"": ""gate_proj_to_mlp_silu"", ""layout_to"": ""row_major"", ""producer"": ""gate_proj""}",32.0,/opt/vortex_fpga_bins/fpint/xrt_hw_u55c_c1_f100_fpint_tcu_noDcache_L2cache_90f22d2615/bin,f9d4c06cee4c6e36c642ff55483c0dd89e2a213a6dc34439696792e38ae26795,0,1,explicit,pass,0,,,/home/jaeyongjang/project.local/vortex/analysis_workspace/latency_on_hw/outputs_main/naive_simd/runs/20260606T215243880774Z/raw/fb1f0a0268.csv,,,1,0,,,,,,,/home/jaeyongjang/project.local/vortex/analysis_workspace/latency_on_hw/outputs_main/naive_simd/runs/20260606T215243880774Z/logs/fb1f0a0268.log,6.988,1,13279.022,13279.022,13279.022,13279.022,13279.022
20260606T215243880774Z,2026-06-07T00:16:20+00:00,naive_simd,799ea2c24559,fpint_improve,0,generation_merged_naive_simd,llama2_7b_generation_C4_alone_batch4_gen_kv_len512_qblk32_generation_layout_q_proj_to_rope_q_detile,7efd8ec306,detile_output,layout,layout_q_proj_to_rope_q_detile,detile_output,all_fpint_gemm_improve_alone_layout_spinquant,generation,layout_q_proj_to_rope_q_detile,-m 4 -n 4096,"{""M"": 4, ""N"": 4096, ""consumer"": ""rope_q"", ""layout_from"": ""gemm_c_tiled"", ""layout_group"": ""q_proj_to_rope_q"", ""layout_to"": ""row_major"", ""producer"": ""q_proj""}",32.0,/opt/vortex_fpga_bins/fpint/xrt_hw_u55c_c1_f100_fpint_tcu_noDcache_L2cache_90f22d2615/bin,f9d4c06cee4c6e36c642ff55483c0dd89e2a213a6dc34439696792e38ae26795,0,1,explicit,pass,0,,,/home/jaeyongjang/project.local/vortex/analysis_workspace/latency_on_hw/outputs_main/naive_simd/runs/20260606T215243880774Z/raw/7efd8ec306.csv,,,1,0,,,,,,,/home/jaeyongjang/project.local/vortex/analysis_workspace/latency_on_hw/outputs_main/naive_simd/runs/20260606T215243880774Z/logs/7efd8ec306.log,5.778,1,10082.782,10082.782,10082.782,10082.782,10082.782
20260606T215243880774Z,2026-06-07T00:16:20+00:00,naive_simd,799ea2c24559,fpint_improve,0,generation_merged_naive_simd,llama2_7b_generation_C4_alone_batch4_gen_kv_len512_qblk32_generation_layout_gate_proj_to_mlp_silu_detile,d6299f900f,detile_output,layout,layout_gate_proj_to_mlp_silu_detile,detile_output,all_fpint_gemm_improve_alone_layout_spinquant,generation,layout_gate_proj_to_mlp_silu_detile,-m 4 -n 11008,"{""M"": 4, ""N"": 11008, ""consumer"": ""mlp_silu"", ""layout_from"": ""gemm_c_tiled"", ""layout_group"": ""gate_proj_to_mlp_silu"", ""layout_to"": ""row_major"", ""producer"": ""gate_proj""}",32.0,/opt/vortex_fpga_bins/fpint/xrt_hw_u55c_c1_f100_fpint_tcu_noDcache_L2cache_90f22d2615/bin,f9d4c06cee4c6e36c642ff55483c0dd89e2a213a6dc34439696792e38ae26795,0,1,explicit,pass,0,,,/home/jaeyongjang/project.local/vortex/analysis_workspace/latency_on_hw/outputs_main/naive_simd/runs/20260606T215243880774Z/raw/d6299f900f.csv,,,1,0,,,,,,,/home/jaeyongjang/project.local/vortex/analysis_workspace/latency_on_hw/outputs_main/naive_simd/runs/20260606T215243880774Z/logs/d6299f900f.log,6.063,1,24821.17,24821.17,24821.17,24821.17,24821.17
20260606T215243880774Z,2026-06-07T00:16:20+00:00,naive_simd,799ea2c24559,fpint_improve,0,generation_merged_naive_simd,llama2_7b_generation_C4_alone_batch8_gen_kv_len512_qblk32_generation_layout_q_proj_to_rope_q_detile,a0843f60a2,detile_output,layout,layout_q_proj_to_rope_q_detile,detile_output,all_fpint_gemm_improve_alone_layout_spinquant,generation,layout_q_proj_to_rope_q_detile,-m 8 -n 4096,"{""M"": 8, ""N"": 4096, ""consumer"": ""rope_q"", ""layout_from"": ""gemm_c_tiled"", ""layout_group"": ""q_proj_to_rope_q"", ""layout_to"": ""row_major"", ""producer"": ""q_proj""}",32.0,/opt/vortex_fpga_bins/fpint/xrt_hw_u55c_c1_f100_fpint_tcu_noDcache_L2cache_90f22d2615/bin,f9d4c06cee4c6e36c642ff55483c0dd89e2a213a6dc34439696792e38ae26795,0,1,explicit,pass,0,,,/home/jaeyongjang/project.local/vortex/analysis_workspace/latency_on_hw/outputs_main/naive_simd/runs/20260606T215243880774Z/raw/a0843f60a2.csv,/home/jaeyongjang/project.local/vortex/analysis_workspace/latency_on_hw/outputs_main_power/naive_simd/runs/20260620T122450431286Z/power/a0843f60a2.csv,/home/jaeyongjang/project.local/vortex/analysis_workspace/latency_on_hw/outputs_main_power/naive_simd/runs/20260620T122450431286Z/power/a0843f60a2.summary.csv,1,1,75,9.705381,11.457,11.841992,12.0522,,/home/jaeyongjang/project.local/vortex/analysis_workspace/latency_on_hw/outputs_main/naive_simd/runs/20260606T215243880774Z/logs/a0843f60a2.log,7.258,1,19573.265,19573.265,19573.265,19573.265,19573.265
20260606T215243880774Z,2026-06-07T00:16:20+00:00,naive_simd,799ea2c24559,fpint_improve,0,generation_merged_naive_simd,llama2_7b_generation_C4_alone_batch8_gen_kv_len512_qblk32_generation_layout_gate_proj_to_mlp_silu_detile,70a3f56c3e,detile_output,layout,layout_gate_proj_to_mlp_silu_detile,detile_output,all_fpint_gemm_improve_alone_layout_spinquant,generation,layout_gate_proj_to_mlp_silu_detile,-m 8 -n 11008,"{""M"": 8, ""N"": 11008, ""consumer"": ""mlp_silu"", ""layout_from"": ""gemm_c_tiled"", ""layout_group"": ""gate_proj_to_mlp_silu"", ""layout_to"": ""row_major"", ""producer"": ""gate_proj""}",32.0,/opt/vortex_fpga_bins/fpint/xrt_hw_u55c_c1_f100_fpint_tcu_noDcache_L2cache_90f22d2615/bin,f9d4c06cee4c6e36c642ff55483c0dd89e2a213a6dc34439696792e38ae26795,0,1,explicit,pass,0,,,/home/jaeyongjang/project.local/vortex/analysis_workspace/latency_on_hw/outputs_main/naive_simd/runs/20260606T215243880774Z/raw/70a3f56c3e.csv,/home/jaeyongjang/project.local/vortex/analysis_workspace/latency_on_hw/outputs_main_power/naive_simd/runs/20260620T122450431286Z/power/70a3f56c3e.csv,/home/jaeyongjang/project.local/vortex/analysis_workspace/latency_on_hw/outputs_main_power/naive_simd/runs/20260620T122450431286Z/power/70a3f56c3e.summary.csv,1,1,76,9.966983,11.5425,11.802326,11.9733,,/home/jaeyongjang/project.local/vortex/analysis_workspace/latency_on_hw/outputs_main/naive_simd/runs/20260606T215243880774Z/logs/70a3f56c3e.log,7.215,1,48160.913,48160.913,48160.913,48160.913,48160.913
20260606T215243880774Z,2026-06-07T00:16:20+00:00,naive_simd,799ea2c24559,fpint_improve,0,generation_merged_naive_simd,llama2_7b_generation_C4_alone_batch1_gen_kv_len512_qblk32_generation_layout_input_layernorm_to_qkv,0de2416a30,tile_input_a,layout,layout_input_layernorm_to_qkv,tile_input_a,all_fpint_gemm_improve_alone_layout_spinquant,generation,layout_input_layernorm_to_qkv,-m 1 -k 4096,"{""K"": 4096, ""M"": 1, ""consumer"": ""q_proj,k_proj,v_proj"", ""layout_from"": ""row_major"", ""layout_group"": ""input_layernorm_to_qkv"", ""layout_to"": ""gemm_a_tiled"", ""producer"": ""input_layernorm""}",32.0,/opt/vortex_fpga_bins/fpint/xrt_hw_u55c_c1_f100_fpint_tcu_noDcache_L2cache_90f22d2615/bin,f9d4c06cee4c6e36c642ff55483c0dd89e2a213a6dc34439696792e38ae26795,0,1,explicit,pass,0,,,/home/jaeyongjang/project.local/vortex/analysis_workspace/latency_on_hw/outputs_main/naive_simd/runs/20260606T215243880774Z/raw/0de2416a30.csv,,,1,0,,,,,,,/home/jaeyongjang/project.local/vortex/analysis_workspace/latency_on_hw/outputs_main/naive_simd/runs/20260606T215243880774Z/logs/0de2416a30.log,7.227,1,9018.207,9018.207,9018.207,9018.207,9018.207
20260606T215243880774Z,2026-06-07T00:16:20+00:00,naive_simd,799ea2c24559,fpint_improve,0,generation_merged_naive_simd,llama2_7b_generation_C4_alone_batch1_gen_kv_len512_qblk32_generation_layout_rope_q_to_attn_qkT,400e4f2a3a,tile_input_a,layout,layout_rope_q_to_attn_qkT,tile_input_a,all_fpint_gemm_improve_alone_layout_spinquant,generation,layout_rope_q_to_attn_qkT,-m 1 -k 128,"{""K"": 128, ""M"": 1, ""consumer"": ""attn_qkT"", ""layout_from"": ""row_major_fp16"", ""layout_group"": ""spinquant_r3_q_hadamard_to_attn_qkT"", ""layout_to"": ""gemm_a_tiled"", ""producer"": ""spinquant_r3_q_hadamard""}",1024.0,/opt/vortex_fpga_bins/fpint/xrt_hw_u55c_c1_f100_fpint_tcu_noDcache_L2cache_90f22d2615/bin,f9d4c06cee4c6e36c642ff55483c0dd89e2a213a6dc34439696792e38ae26795,0,1,explicit,pass,0,,,/home/jaeyongjang/project.local/vortex/analysis_workspace/latency_on_hw/outputs_main/naive_simd/runs/20260606T215243880774Z/raw/400e4f2a3a.csv,/home/jaeyongjang/project.local/vortex/analysis_workspace/latency_on_hw/outputs_main_power/naive_simd/runs/20260620T122450431286Z/power/400e4f2a3a.csv,/home/jaeyongjang/project.local/vortex/analysis_workspace/latency_on_hw/outputs_main_power/naive_simd/runs/20260620T122450431286Z/power/400e4f2a3a.summary.csv,1,1,78,10.157519,11.4602,11.60534,11.7167,,/home/jaeyongjang/project.local/vortex/analysis_workspace/latency_on_hw/outputs_main/naive_simd/runs/20260606T215243880774Z/logs/400e4f2a3a.log,7.176,1,1637.707,1637.707,1637.707,1637.707,1637.707
20260606T215243880774Z,2026-06-07T00:16:20+00:00,naive_simd,799ea2c24559,fpint_improve,0,generation_merged_naive_simd,llama2_7b_generation_C4_alone_batch1_gen_kv_len512_qblk32_generation_layout_attn_softmax_to_attn_pv,a82e21976e,tile_input_a,layout,layout_attn_softmax_to_attn_pv,tile_input_a,all_fpint_gemm_improve_alone_layout_spinquant,generation,layout_attn_softmax_to_attn_pv,-m 1 -k 512,"{""K"": 512, ""M"": 1, ""consumer"": ""attn_pv"", ""layout_from"": ""row_major"", ""layout_group"": ""attn_softmax_to_attn_pv"", ""layout_to"": ""gemm_a_tiled"", ""producer"": ""attn_softmax""}",1024.0,/opt/vortex_fpga_bins/fpint/xrt_hw_u55c_c1_f100_fpint_tcu_noDcache_L2cache_90f22d2615/bin,f9d4c06cee4c6e36c642ff55483c0dd89e2a213a6dc34439696792e38ae26795,0,1,explicit,pass,0,,,/home/jaeyongjang/project.local/vortex/analysis_workspace/latency_on_hw/outputs_main/naive_simd/runs/20260606T215243880774Z/raw/a82e21976e.csv,/home/jaeyongjang/project.local/vortex/analysis_workspace/latency_on_hw/outputs_main_power/naive_simd/runs/20260620T122450431286Z/power/a82e21976e.csv,/home/jaeyongjang/project.local/vortex/analysis_workspace/latency_on_hw/outputs_main_power/naive_simd/runs/20260620T122450431286Z/power/a82e21976e.summary.csv,1,1,79,10.196506,11.286,11.612518,11.799,,/home/jaeyongjang/project.local/vortex/analysis_workspace/latency_on_hw/outputs_main/naive_simd/runs/20260606T215243880774Z/logs/a82e21976e.log,7.160,1,2685.134,2685.134,2685.134,2685.134,2685.134
20260606T215243880774Z,2026-06-07T00:16:20+00:00,naive_simd,799ea2c24559,fpint_improve,0,generation_merged_naive_simd,llama2_7b_generation_C4_alone_batch1_gen_kv_len512_qblk32_generation_layout_mlp_elmul_to_down_proj,e5c626a575,tile_input_a,layout,layout_mlp_elmul_to_down_proj,tile_input_a,all_fpint_gemm_improve_alone_layout_spinquant,generation,layout_mlp_elmul_to_down_proj,-m 1 -k 11008,"{""K"": 11008, ""M"": 1, ""consumer"": ""down_proj"", ""layout_from"": ""row_major_fp16"", ""layout_group"": ""spinquant_r4_hadamard_to_down_proj"", ""layout_to"": ""gemm_a_tiled"", ""producer"": ""spinquant_r4_mlp_hadamard""}",32.0,/opt/vortex_fpga_bins/fpint/xrt_hw_u55c_c1_f100_fpint_tcu_noDcache_L2cache_90f22d2615/bin,f9d4c06cee4c6e36c642ff55483c0dd89e2a213a6dc34439696792e38ae26795,0,1,explicit,pass,0,,,/home/jaeyongjang/project.local/vortex/analysis_workspace/latency_on_hw/outputs_main/naive_simd/runs/20260606T215243880774Z/raw/e5c626a575.csv,,,1,0,,,,,,,/home/jaeyongjang/project.local/vortex/analysis_workspace/latency_on_hw/outputs_main/naive_simd/runs/20260606T215243880774Z/logs/e5c626a575.log,5.761,1,22784.078,22784.078,22784.078,22784.078,22784.078
20260606T215243880774Z,2026-06-07T00:16:20+00:00,naive_simd,799ea2c24559,fpint_improve,0,generation_merged_naive_simd,llama2_7b_generation_C4_alone_batch1_gen_kv_len1024_qblk32_generation_layout_attn_softmax_to_attn_pv,d8dfff0bb0,tile_input_a,layout,layout_attn_softmax_to_attn_pv,tile_input_a,all_fpint_gemm_improve_alone_layout_spinquant,generation,layout_attn_softmax_to_attn_pv,-m 1 -k 1024,"{""K"": 1024, ""M"": 1, ""consumer"": ""attn_pv"", ""layout_from"": ""row_major"", ""layout_group"": ""attn_softmax_to_attn_pv"", ""layout_to"": ""gemm_a_tiled"", ""producer"": ""attn_softmax""}",1024.0,/opt/vortex_fpga_bins/fpint/xrt_hw_u55c_c1_f100_fpint_tcu_noDcache_L2cache_90f22d2615/bin,f9d4c06cee4c6e36c642ff55483c0dd89e2a213a6dc34439696792e38ae26795,0,1,explicit,pass,0,,,/home/jaeyongjang/project.local/vortex/analysis_workspace/latency_on_hw/outputs_main/naive_simd/runs/20260606T215243880774Z/raw/d8dfff0bb0.csv,,,1,0,,,,,,,/home/jaeyongjang/project.local/vortex/analysis_workspace/latency_on_hw/outputs_main/naive_simd/runs/20260606T215243880774Z/logs/d8dfff0bb0.log,7.126,1,3793.907,3793.907,3793.907,3793.907,3793.907
20260606T215243880774Z,2026-06-07T00:16:20+00:00,naive_simd,799ea2c24559,fpint_improve,0,generation_merged_naive_simd,llama2_7b_generation_C4_alone_batch1_gen_kv_len2048_qblk32_generation_layout_attn_softmax_to_attn_pv,b74d92dab8,tile_input_a,layout,layout_attn_softmax_to_attn_pv,tile_input_a,all_fpint_gemm_improve_alone_layout_spinquant,generation,layout_attn_softmax_to_attn_pv,-m 1 -k 2048,"{""K"": 2048, ""M"": 1, ""consumer"": ""attn_pv"", ""layout_from"": ""row_major"", ""layout_group"": ""attn_softmax_to_attn_pv"", ""layout_to"": ""gemm_a_tiled"", ""producer"": ""attn_softmax""}",1024.0,/opt/vortex_fpga_bins/fpint/xrt_hw_u55c_c1_f100_fpint_tcu_noDcache_L2cache_90f22d2615/bin,f9d4c06cee4c6e36c642ff55483c0dd89e2a213a6dc34439696792e38ae26795,0,1,explicit,pass,0,,,/home/jaeyongjang/project.local/vortex/analysis_workspace/latency_on_hw/outputs_main/naive_simd/runs/20260606T215243880774Z/raw/b74d92dab8.csv,,,1,0,,,,,,,/home/jaeyongjang/project.local/vortex/analysis_workspace/latency_on_hw/outputs_main/naive_simd/runs/20260606T215243880774Z/logs/b74d92dab8.log,7.170,1,5853.932,5853.932,5853.932,5853.932,5853.932
20260606T215243880774Z,2026-06-07T00:16:20+00:00,naive_simd,799ea2c24559,fpint_improve,0,generation_merged_naive_simd,llama2_7b_generation_C4_alone_batch2_gen_kv_len512_qblk32_generation_layout_input_layernorm_to_qkv,60ae182267,tile_input_a,layout,layout_input_layernorm_to_qkv,tile_input_a,all_fpint_gemm_improve_alone_layout_spinquant,generation,layout_input_layernorm_to_qkv,-m 2 -k 4096,"{""K"": 4096, ""M"": 2, ""consumer"": ""q_proj,k_proj,v_proj"", ""layout_from"": ""row_major"", ""layout_group"": ""input_layernorm_to_qkv"", ""layout_to"": ""gemm_a_tiled"", ""producer"": ""input_layernorm""}",32.0,/opt/vortex_fpga_bins/fpint/xrt_hw_u55c_c1_f100_fpint_tcu_noDcache_L2cache_90f22d2615/bin,f9d4c06cee4c6e36c642ff55483c0dd89e2a213a6dc34439696792e38ae26795,0,1,explicit,pass,0,,,/home/jaeyongjang/project.local/vortex/analysis_workspace/latency_on_hw/outputs_main/naive_simd/runs/20260606T215243880774Z/raw/60ae182267.csv,,,1,0,,,,,,,/home/jaeyongjang/project.local/vortex/analysis_workspace/latency_on_hw/outputs_main/naive_simd/runs/20260606T215243880774Z/logs/60ae182267.log,5.737,1,9038.071,9038.071,9038.071,9038.071,9038.071
20260606T215243880774Z,2026-06-07T00:16:20+00:00,naive_simd,799ea2c24559,fpint_improve,0,generation_merged_naive_simd,llama2_7b_generation_C4_alone_batch2_gen_kv_len512_qblk32_generation_layout_mlp_elmul_to_down_proj,c143f57eff,tile_input_a,layout,layout_mlp_elmul_to_down_proj,tile_input_a,all_fpint_gemm_improve_alone_layout_spinquant,generation,layout_mlp_elmul_to_down_proj,-m 2 -k 11008,"{""K"": 11008, ""M"": 2, ""consumer"": ""down_proj"", ""layout_from"": ""row_major_fp16"", ""layout_group"": ""spinquant_r4_hadamard_to_down_proj"", ""layout_to"": ""gemm_a_tiled"", ""producer"": ""spinquant_r4_mlp_hadamard""}",32.0,/opt/vortex_fpga_bins/fpint/xrt_hw_u55c_c1_f100_fpint_tcu_noDcache_L2cache_90f22d2615/bin,f9d4c06cee4c6e36c642ff55483c0dd89e2a213a6dc34439696792e38ae26795,0,1,explicit,pass,0,,,/home/jaeyongjang/project.local/vortex/analysis_workspace/latency_on_hw/outputs_main/naive_simd/runs/20260606T215243880774Z/raw/c143f57eff.csv,,,1,0,,,,,,,/home/jaeyongjang/project.local/vortex/analysis_workspace/latency_on_hw/outputs_main/naive_simd/runs/20260606T215243880774Z/logs/c143f57eff.log,7.274,1,22781.524,22781.524,22781.524,22781.524,22781.524
20260606T215243880774Z,2026-06-07T00:16:20+00:00,naive_simd,799ea2c24559,fpint_improve,0,generation_merged_naive_simd,llama2_7b_generation_C4_alone_batch4_gen_kv_len512_qblk32_generation_layout_input_layernorm_to_qkv,e6f0da704a,tile_input_a,layout,layout_input_layernorm_to_qkv,tile_input_a,all_fpint_gemm_improve_alone_layout_spinquant,generation,layout_input_layernorm_to_qkv,-m 4 -k 4096,"{""K"": 4096, ""M"": 4, ""consumer"": ""q_proj,k_proj,v_proj"", ""layout_from"": ""row_major"", ""layout_group"": ""input_layernorm_to_qkv"", ""layout_to"": ""gemm_a_tiled"", ""producer"": ""input_layernorm""}",32.0,/opt/vortex_fpga_bins/fpint/xrt_hw_u55c_c1_f100_fpint_tcu_noDcache_L2cache_90f22d2615/bin,f9d4c06cee4c6e36c642ff55483c0dd89e2a213a6dc34439696792e38ae26795,0,1,explicit,pass,0,,,/home/jaeyongjang/project.local/vortex/analysis_workspace/latency_on_hw/outputs_main/naive_simd/runs/20260606T215243880774Z/raw/e6f0da704a.csv,,,1,0,,,,,,,/home/jaeyongjang/project.local/vortex/analysis_workspace/latency_on_hw/outputs_main/naive_simd/runs/20260606T215243880774Z/logs/e6f0da704a.log,7.226,1,9020.947,9020.947,9020.947,9020.947,9020.947
20260606T215243880774Z,2026-06-07T00:16:20+00:00,naive_simd,799ea2c24559,fpint_improve,0,generation_merged_naive_simd,llama2_7b_generation_C4_alone_batch4_gen_kv_len512_qblk32_generation_layout_mlp_elmul_to_down_proj,b6f1a2bffb,tile_input_a,layout,layout_mlp_elmul_to_down_proj,tile_input_a,all_fpint_gemm_improve_alone_layout_spinquant,generation,layout_mlp_elmul_to_down_proj,-m 4 -k 11008,"{""K"": 11008, ""M"": 4, ""consumer"": ""down_proj"", ""layout_from"": ""row_major_fp16"", ""layout_group"": ""spinquant_r4_hadamard_to_down_proj"", ""layout_to"": ""gemm_a_tiled"", ""producer"": ""spinquant_r4_mlp_hadamard""}",32.0,/opt/vortex_fpga_bins/fpint/xrt_hw_u55c_c1_f100_fpint_tcu_noDcache_L2cache_90f22d2615/bin,f9d4c06cee4c6e36c642ff55483c0dd89e2a213a6dc34439696792e38ae26795,0,1,explicit,pass,0,,,/home/jaeyongjang/project.local/vortex/analysis_workspace/latency_on_hw/outputs_main/naive_simd/runs/20260606T215243880774Z/raw/b6f1a2bffb.csv,,,1,0,,,,,,,/home/jaeyongjang/project.local/vortex/analysis_workspace/latency_on_hw/outputs_main/naive_simd/runs/20260606T215243880774Z/logs/b6f1a2bffb.log,7.171,1,22781.946,22781.946,22781.946,22781.946,22781.946
20260606T215243880774Z,2026-06-07T00:16:20+00:00,naive_simd,799ea2c24559,fpint_improve,0,generation_merged_naive_simd,llama2_7b_generation_C4_alone_batch8_gen_kv_len512_qblk32_generation_layout_input_layernorm_to_qkv,041e2c41d6,tile_input_a,layout,layout_input_layernorm_to_qkv,tile_input_a,all_fpint_gemm_improve_alone_layout_spinquant,generation,layout_input_layernorm_to_qkv,-m 8 -k 4096,"{""K"": 4096, ""M"": 8, ""consumer"": ""q_proj,k_proj,v_proj"", ""layout_from"": ""row_major"", ""layout_group"": ""input_layernorm_to_qkv"", ""layout_to"": ""gemm_a_tiled"", ""producer"": ""input_layernorm""}",32.0,/opt/vortex_fpga_bins/fpint/xrt_hw_u55c_c1_f100_fpint_tcu_noDcache_L2cache_90f22d2615/bin,f9d4c06cee4c6e36c642ff55483c0dd89e2a213a6dc34439696792e38ae26795,0,1,explicit,pass,0,,,/home/jaeyongjang/project.local/vortex/analysis_workspace/latency_on_hw/outputs_main/naive_simd/runs/20260606T215243880774Z/raw/041e2c41d6.csv,/home/jaeyongjang/project.local/vortex/analysis_workspace/latency_on_hw/outputs_main_power/naive_simd/runs/20260620T122450431286Z/power/041e2c41d6.csv,/home/jaeyongjang/project.local/vortex/analysis_workspace/latency_on_hw/outputs_main_power/naive_simd/runs/20260620T122450431286Z/power/041e2c41d6.summary.csv,1,1,83,10.76721,11.4704,11.729448,11.8023,,/home/jaeyongjang/project.local/vortex/analysis_workspace/latency_on_hw/outputs_main/naive_simd/runs/20260606T215243880774Z/logs/041e2c41d6.log,7.185,1,10080.174,10080.174,10080.174,10080.174,10080.174
20260606T215243880774Z,2026-06-07T00:16:20+00:00,naive_simd,799ea2c24559,fpint_improve,0,generation_merged_naive_simd,llama2_7b_generation_C4_alone_batch8_gen_kv_len512_qblk32_generation_layout_mlp_elmul_to_down_proj,6b10d2672d,tile_input_a,layout,layout_mlp_elmul_to_down_proj,tile_input_a,all_fpint_gemm_improve_alone_layout_spinquant,generation,layout_mlp_elmul_to_down_proj,-m 8 -k 11008,"{""K"": 11008, ""M"": 8, ""consumer"": ""down_proj"", ""layout_from"": ""row_major_fp16"", ""layout_group"": ""spinquant_r4_hadamard_to_down_proj"", ""layout_to"": ""gemm_a_tiled"", ""producer"": ""spinquant_r4_mlp_hadamard""}",32.0,/opt/vortex_fpga_bins/fpint/xrt_hw_u55c_c1_f100_fpint_tcu_noDcache_L2cache_90f22d2615/bin,f9d4c06cee4c6e36c642ff55483c0dd89e2a213a6dc34439696792e38ae26795,0,1,explicit,pass,0,,,/home/jaeyongjang/project.local/vortex/analysis_workspace/latency_on_hw/outputs_main/naive_simd/runs/20260606T215243880774Z/raw/6b10d2672d.csv,/home/jaeyongjang/project.local/vortex/analysis_workspace/latency_on_hw/outputs_main_power/naive_simd/runs/20260620T122450431286Z/power/6b10d2672d.csv,/home/jaeyongjang/project.local/vortex/analysis_workspace/latency_on_hw/outputs_main_power/naive_simd/runs/20260620T122450431286Z/power/6b10d2672d.summary.csv,1,1,77,9.934232,11.457,11.870153,12.0587,,/home/jaeyongjang/project.local/vortex/analysis_workspace/latency_on_hw/outputs_main/naive_simd/runs/20260606T215243880774Z/logs/6b10d2672d.log,7.367,1,23803.47,23803.47,23803.47,23803.47,23803.47
20260606T215243880774Z,2026-06-07T00:16:20+00:00,naive_simd,799ea2c24559,fpint_improve,0,generation_merged_naive_simd,llama2_7b_generation_C4_alone_batch1_gen_kv_len512_qblk32_generation_layout_rope_k_qparams_to_attn_qkT,f0dd37a8fc,tile_scale_zp_w4a16,layout,layout_rope_k_qparams_to_attn_qkT,tile_scale_zp_w4a16,all_fpint_gemm_improve_alone_layout_spinquant,generation,layout_rope_k_qparams_to_attn_qkT,-k 1 -n 128 -q 128 -d 1 --gemm-qdir 0 --source-transposed,"{""K"": 1, ""N"": 128, ""QBLK"": 128, ""QDIR"": 1, ""cache_len"": 512, ""cache_update"": ""append"", ""consumer"": ""attn_qkT"", ""gemm_QDIR"": 0, ""layout_from"": ""qparams_row_major"", ""layout_group"": ""rope_k_to_attn_qkT"", ""layout_to"": ""sz_gemm_tiled_transposed"", ""producer"": ""kv_cache_quant_rope_k_to_attn_qkT"", ""source_QDIR"": 1, ""source_transposed"": true}",1024.0,/opt/vortex_fpga_bins/fpint/xrt_hw_u55c_c1_f100_fpint_tcu_noDcache_L2cache_90f22d2615/bin,f9d4c06cee4c6e36c642ff55483c0dd89e2a213a6dc34439696792e38ae26795,0,1,explicit,pass,0,,,/home/jaeyongjang/project.local/vortex/analysis_workspace/latency_on_hw/outputs_main/naive_simd/runs/20260606T215243880774Z/raw/f0dd37a8fc.csv,/home/jaeyongjang/project.local/vortex/analysis_workspace/latency_on_hw/outputs_main_power/naive_simd/runs/20260620T170847643250Z/power/f0dd37a8fc.csv,/home/jaeyongjang/project.local/vortex/analysis_workspace/latency_on_hw/outputs_main_power/naive_simd/runs/20260620T170847643250Z/power/f0dd37a8fc.summary.csv,1,1,79,10.257861,11.4601,11.637305,11.799,,/home/jaeyongjang/project.local/vortex/analysis_workspace/latency_on_hw/outputs_main/naive_simd/runs/20260606T215243880774Z/logs/f0dd37a8fc.log,7.024,1,1642.889,1642.889,1642.889,1642.889,1642.889
20260606T215243880774Z,2026-06-07T00:16:20+00:00,naive_simd,799ea2c24559,fpint_improve,0,generation_merged_naive_simd,llama2_7b_generation_C4_alone_batch1_gen_kv_len512_qblk32_generation_layout_v_cache_qparams_to_attn_pv,999f46336b,tile_scale_zp_w4a16,layout,layout_v_cache_qparams_to_attn_pv,tile_scale_zp_w4a16,all_fpint_gemm_improve_alone_layout_spinquant,generation,layout_v_cache_qparams_to_attn_pv,-k 1 -n 128 -q 128 -d 1 --gemm-qdir 1,"{""K"": 1, ""N"": 128, ""QBLK"": 128, ""QDIR"": 1, ""cache_len"": 512, ""cache_update"": ""append"", ""consumer"": ""attn_pv"", ""gemm_QDIR"": 1, ""layout_from"": ""qparams_row_major"", ""layout_group"": ""v_cache_to_attn_pv"", ""layout_to"": ""sz_gemm_tiled"", ""producer"": ""kv_cache_quant_v_cache_to_attn_pv"", ""source_QDIR"": 1}",1024.0,/opt/vortex_fpga_bins/fpint/xrt_hw_u55c_c1_f100_fpint_tcu_noDcache_L2cache_90f22d2615/bin,f9d4c06cee4c6e36c642ff55483c0dd89e2a213a6dc34439696792e38ae26795,0,1,explicit,pass,0,,,/home/jaeyongjang/project.local/vortex/analysis_workspace/latency_on_hw/outputs_main/naive_simd/runs/20260606T215243880774Z/raw/999f46336b.csv,/home/jaeyongjang/project.local/vortex/analysis_workspace/latency_on_hw/outputs_main_power/naive_simd/runs/20260620T170847643250Z/power/999f46336b.csv,/home/jaeyongjang/project.local/vortex/analysis_workspace/latency_on_hw/outputs_main_power/naive_simd/runs/20260620T170847643250Z/power/999f46336b.summary.csv,1,1,79,10.166296,11.5457,11.695437,11.8023,,/home/jaeyongjang/project.local/vortex/analysis_workspace/latency_on_hw/outputs_main/naive_simd/runs/20260606T215243880774Z/logs/999f46336b.log,7.306,1,1636.341,1636.341,1636.341,1636.341,1636.341
20260606T215243880774Z,2026-06-07T00:16:20+00:00,naive_simd,799ea2c24559,fpint_improve,0,generation_merged_naive_simd,llama2_7b_generation_C4_alone_batch1_gen_kv_len512_qblk32_generation_layout_rope_k_to_attn_qkT,6e5f5170da,tile_weight_w4a16,layout,layout_rope_k_to_attn_qkT,tile_weight_w4a16,all_fpint_gemm_improve_alone_layout_spinquant,generation,layout_rope_k_to_attn_qkT,-k 1 -n 128 -t 1 --source-transposed,"{""K"": 1, ""N"": 128, ""WTRANS"": 1, ""cache_len"": 512, ""cache_update"": ""append"", ""consumer"": ""attn_qkT"", ""layout_from"": ""packed_w4a16_row_major"", ""layout_group"": ""rope_k_to_attn_qkT"", ""layout_to"": ""gemm_w_tiled_transposed"", ""producer"": ""kv_cache_quant_rope_k_to_attn_qkT"", ""source_transposed"": true}",1024.0,/opt/vortex_fpga_bins/fpint/xrt_hw_u55c_c1_f100_fpint_tcu_noDcache_L2cache_90f22d2615/bin,f9d4c06cee4c6e36c642ff55483c0dd89e2a213a6dc34439696792e38ae26795,0,1,explicit,pass,0,,,/home/jaeyongjang/project.local/vortex/analysis_workspace/latency_on_hw/outputs_main/naive_simd/runs/20260606T215243880774Z/raw/6e5f5170da.csv,/home/jaeyongjang/project.local/vortex/analysis_workspace/latency_on_hw/outputs_main_power/naive_simd/runs/20260620T170847643250Z/power/6e5f5170da.csv,/home/jaeyongjang/project.local/vortex/analysis_workspace/latency_on_hw/outputs_main_power/naive_simd/runs/20260620T170847643250Z/power/6e5f5170da.summary.csv,1,1,79,10.151121,11.457,11.742035,11.9732,,/home/jaeyongjang/project.local/vortex/analysis_workspace/latency_on_hw/outputs_main/naive_simd/runs/20260606T215243880774Z/logs/6e5f5170da.log,7.407,1,2685.619,2685.619,2685.619,2685.619,2685.619
20260606T215243880774Z,2026-06-07T00:16:20+00:00,naive_simd,799ea2c24559,fpint_improve,0,generation_merged_naive_simd,llama2_7b_generation_C4_alone_batch1_gen_kv_len512_qblk32_generation_layout_v_cache_to_attn_pv,8976b564c3,tile_weight_w4a16,layout,layout_v_cache_to_attn_pv,tile_weight_w4a16,all_fpint_gemm_improve_alone_layout_spinquant,generation,layout_v_cache_to_attn_pv,-k 1 -n 128 -t 0,"{""K"": 1, ""N"": 128, ""WTRANS"": 0, ""cache_len"": 512, ""cache_update"": ""append"", ""consumer"": ""attn_pv"", ""layout_from"": ""packed_w4a16_row_major"", ""layout_group"": ""v_cache_to_attn_pv"", ""layout_to"": ""gemm_w_tiled"", ""producer"": ""kv_cache_quant_v_cache_to_attn_pv""}",1024.0,/opt/vortex_fpga_bins/fpint/xrt_hw_u55c_c1_f100_fpint_tcu_noDcache_L2cache_90f22d2615/bin,f9d4c06cee4c6e36c642ff55483c0dd89e2a213a6dc34439696792e38ae26795,0,1,explicit,pass,0,,,/home/jaeyongjang/project.local/vortex/analysis_workspace/latency_on_hw/outputs_main/naive_simd/runs/20260606T215243880774Z/raw/8976b564c3.csv,/home/jaeyongjang/project.local/vortex/analysis_workspace/latency_on_hw/outputs_main_power/naive_simd/runs/20260622T005118961255Z/power/8976b564c3.csv,/home/jaeyongjang/project.local/vortex/analysis_workspace/latency_on_hw/outputs_main_power/naive_simd/runs/20260622T005118961255Z/power/8976b564c3.summary.csv,1,1,0,,,,,,/home/jaeyongjang/project.local/vortex/analysis_workspace/latency_on_hw/outputs_main/naive_simd/runs/20260606T215243880774Z/logs/8976b564c3.log,7.237,1,1734.696,1734.696,1734.696,1734.696,1734.696
20260606T215243880774Z,2026-06-07T00:16:20+00:00,naive_simd,799ea2c24559,fpint_improve,0,generation_merged_naive_simd,llama2_7b_generation_C4_fused_batch1_gen_kv_len512_qblk32_generation_residual_attn,33dad7417d,eladd_layout_fused,eladd,residual_attn,eladd_layout_fused,all_fpint_gemm_improve_fused_layout_spinquant,generation,residual_attn,-m 1 -k 4096,"{""K"": 4096, ""M"": 1, ""consumer"": ""residual_attn"", ""layout_from"": ""gemm_c_tiled"", ""layout_group"": ""o_proj_to_residual_attn"", ""layout_to"": ""row_major"", ""producer"": ""o_proj"", ""size"": 4096}",32.0,/opt/vortex_fpga_bins/fpint/xrt_hw_u55c_c1_f100_fpint_tcu_noDcache_L2cache_90f22d2615/bin,f9d4c06cee4c6e36c642ff55483c0dd89e2a213a6dc34439696792e38ae26795,0,1,explicit,pass,0,,,/home/jaeyongjang/project.local/vortex/analysis_workspace/latency_on_hw/outputs_main/naive_simd/runs/20260606T215243880774Z/raw/33dad7417d.csv,,,1,0,,,,,,,/home/jaeyongjang/project.local/vortex/analysis_workspace/latency_on_hw/outputs_main/naive_simd/runs/20260606T215243880774Z/logs/33dad7417d.log,7.094,1,2692.075,2692.075,2692.075,2692.075,2692.075
20260606T215243880774Z,2026-06-07T00:16:20+00:00,naive_simd,799ea2c24559,fpint_improve,0,generation_merged_naive_simd,llama2_7b_generation_C4_fused_batch2_gen_kv_len512_qblk32_generation_residual_attn,6c5245f4c9,eladd_layout_fused,eladd,residual_attn,eladd_layout_fused,all_fpint_gemm_improve_fused_layout_spinquant,generation,residual_attn,-m 2 -k 4096,"{""K"": 4096, ""M"": 2, ""consumer"": ""residual_attn"", ""layout_from"": ""gemm_c_tiled"", ""layout_group"": ""o_proj_to_residual_attn"", ""layout_to"": ""row_major"", ""producer"": ""o_proj"", ""size"": 8192}",32.0,/opt/vortex_fpga_bins/fpint/xrt_hw_u55c_c1_f100_fpint_tcu_noDcache_L2cache_90f22d2615/bin,f9d4c06cee4c6e36c642ff55483c0dd89e2a213a6dc34439696792e38ae26795,0,1,explicit,pass,0,,,/home/jaeyongjang/project.local/vortex/analysis_workspace/latency_on_hw/outputs_main/naive_simd/runs/20260606T215243880774Z/raw/6c5245f4c9.csv,,,1,0,,,,,,,/home/jaeyongjang/project.local/vortex/analysis_workspace/latency_on_hw/outputs_main/naive_simd/runs/20260606T215243880774Z/logs/6c5245f4c9.log,7.219,1,3744.59,3744.59,3744.59,3744.59,3744.59
20260606T215243880774Z,2026-06-07T00:16:20+00:00,naive_simd,799ea2c24559,fpint_improve,0,generation_merged_naive_simd,llama2_7b_generation_C4_fused_batch4_gen_kv_len512_qblk32_generation_residual_attn,3c99fa810e,eladd_layout_fused,eladd,residual_attn,eladd_layout_fused,all_fpint_gemm_improve_fused_layout_spinquant,generation,residual_attn,-m 4 -k 4096,"{""K"": 4096, ""M"": 4, ""consumer"": ""residual_attn"", ""layout_from"": ""gemm_c_tiled"", ""layout_group"": ""o_proj_to_residual_attn"", ""layout_to"": ""row_major"", ""producer"": ""o_proj"", ""size"": 16384}",32.0,/opt/vortex_fpga_bins/fpint/xrt_hw_u55c_c1_f100_fpint_tcu_noDcache_L2cache_90f22d2615/bin,f9d4c06cee4c6e36c642ff55483c0dd89e2a213a6dc34439696792e38ae26795,0,1,explicit,pass,0,,,/home/jaeyongjang/project.local/vortex/analysis_workspace/latency_on_hw/outputs_main/naive_simd/runs/20260606T215243880774Z/raw/3c99fa810e.csv,,,1,0,,,,,,,/home/jaeyongjang/project.local/vortex/analysis_workspace/latency_on_hw/outputs_main/naive_simd/runs/20260606T215243880774Z/logs/3c99fa810e.log,7.244,1,5880.56,5880.56,5880.56,5880.56,5880.56
20260606T215243880774Z,2026-06-07T00:16:20+00:00,naive_simd,799ea2c24559,fpint_improve,0,generation_merged_naive_simd,llama2_7b_generation_C4_fused_batch8_gen_kv_len512_qblk32_generation_residual_attn,31b233c0d2,eladd_layout_fused,eladd,residual_attn,eladd_layout_fused,all_fpint_gemm_improve_fused_layout_spinquant,generation,residual_attn,-m 8 -k 4096,"{""K"": 4096, ""M"": 8, ""consumer"": ""residual_attn"", ""layout_from"": ""gemm_c_tiled"", ""layout_group"": ""o_proj_to_residual_attn"", ""layout_to"": ""row_major"", ""producer"": ""o_proj"", ""size"": 32768}",32.0,/opt/vortex_fpga_bins/fpint/xrt_hw_u55c_c1_f100_fpint_tcu_noDcache_L2cache_90f22d2615/bin,f9d4c06cee4c6e36c642ff55483c0dd89e2a213a6dc34439696792e38ae26795,0,1,explicit,pass,0,,,/home/jaeyongjang/project.local/vortex/analysis_workspace/latency_on_hw/outputs_main/naive_simd/runs/20260606T215243880774Z/raw/31b233c0d2.csv,/home/jaeyongjang/project.local/vortex/analysis_workspace/latency_on_hw/outputs_main_power/naive_simd/runs/20260621T123221444547Z/power/31b233c0d2.csv,/home/jaeyongjang/project.local/vortex/analysis_workspace/latency_on_hw/outputs_main_power/naive_simd/runs/20260621T123221444547Z/power/31b233c0d2.summary.csv,1,1,79,10.240794,11.457,12.024291,12.3264,,/home/jaeyongjang/project.local/vortex/analysis_workspace/latency_on_hw/outputs_main/naive_simd/runs/20260606T215243880774Z/logs/31b233c0d2.log,8.077,1,10082.558,10082.558,10082.558,10082.558,10082.558
20260606T215243880774Z,2026-06-07T00:16:20+00:00,naive_simd,799ea2c24559,fpint_improve,0,generation_merged_naive_simd,llama2_7b_generation_C4_fused_batch1_gen_kv_len512_qblk32_generation_attn_head_concat,8ad116d29c,head_concat_layout_fused,concat,attn_head_concat,head_concat_layout_fused,all_fpint_gemm_improve_fused_layout_spinquant,generation,attn_head_concat,-batch 1 -seq 1 -heads 32 -headdim 128 --layout-to gemm_a_tiled,"{""batch"": 1, ""consumer"": ""o_proj"", ""headdim"": 128, ""heads"": 32, ""hidden"": 4096, ""layout_from"": ""gemm_c_tiled_per_head"", ""layout_group"": ""attn_pv_to_head_concat_to_o_proj"", ""layout_to"": ""gemm_a_tiled"", ""producer"": ""attn_pv"", ""seq"": 1}",32.0,/opt/vortex_fpga_bins/fpint/xrt_hw_u55c_c1_f100_fpint_tcu_noDcache_L2cache_90f22d2615/bin,f9d4c06cee4c6e36c642ff55483c0dd89e2a213a6dc34439696792e38ae26795,0,1,explicit,pass,0,,,/home/jaeyongjang/project.local/vortex/analysis_workspace/latency_on_hw/outputs_main/naive_simd/runs/20260606T215243880774Z/raw/8ad116d29c.csv,,,1,0,,,,,,,/home/jaeyongjang/project.local/vortex/analysis_workspace/latency_on_hw/outputs_main/naive_simd/runs/20260606T215243880774Z/logs/8ad116d29c.log,7.648,1,3756.021,3756.021,3756.021,3756.021,3756.021
20260606T215243880774Z,2026-06-07T00:16:20+00:00,naive_simd,799ea2c24559,fpint_improve,0,generation_merged_naive_simd,llama2_7b_generation_C4_fused_batch2_gen_kv_len512_qblk32_generation_attn_head_concat,7da35d3999,head_concat_layout_fused,concat,attn_head_concat,head_concat_layout_fused,all_fpint_gemm_improve_fused_layout_spinquant,generation,attn_head_concat,-batch 2 -seq 1 -heads 32 -headdim 128 --layout-to gemm_a_tiled,"{""batch"": 2, ""consumer"": ""o_proj"", ""headdim"": 128, ""heads"": 32, ""hidden"": 4096, ""layout_from"": ""gemm_c_tiled_per_head"", ""layout_group"": ""attn_pv_to_head_concat_to_o_proj"", ""layout_to"": ""gemm_a_tiled"", ""producer"": ""attn_pv"", ""seq"": 1}",32.0,/opt/vortex_fpga_bins/fpint/xrt_hw_u55c_c1_f100_fpint_tcu_noDcache_L2cache_90f22d2615/bin,f9d4c06cee4c6e36c642ff55483c0dd89e2a213a6dc34439696792e38ae26795,0,1,explicit,pass,0,,,/home/jaeyongjang/project.local/vortex/analysis_workspace/latency_on_hw/outputs_main/naive_simd/runs/20260606T215243880774Z/raw/7da35d3999.csv,,,1,0,,,,,,,/home/jaeyongjang/project.local/vortex/analysis_workspace/latency_on_hw/outputs_main/naive_simd/runs/20260606T215243880774Z/logs/7da35d3999.log,7.330,1,4822.304,4822.304,4822.304,4822.304,4822.304
20260606T215243880774Z,2026-06-07T00:16:20+00:00,naive_simd,799ea2c24559,fpint_improve,0,generation_merged_naive_simd,llama2_7b_generation_C4_fused_batch4_gen_kv_len512_qblk32_generation_attn_head_concat,4e41b64894,head_concat_layout_fused,concat,attn_head_concat,head_concat_layout_fused,all_fpint_gemm_improve_fused_layout_spinquant,generation,attn_head_concat,-batch 4 -seq 1 -heads 32 -headdim 128 --layout-to gemm_a_tiled,"{""batch"": 4, ""consumer"": ""o_proj"", ""headdim"": 128, ""heads"": 32, ""hidden"": 4096, ""layout_from"": ""gemm_c_tiled_per_head"", ""layout_group"": ""attn_pv_to_head_concat_to_o_proj"", ""layout_to"": ""gemm_a_tiled"", ""producer"": ""attn_pv"", ""seq"": 1}",32.0,/opt/vortex_fpga_bins/fpint/xrt_hw_u55c_c1_f100_fpint_tcu_noDcache_L2cache_90f22d2615/bin,f9d4c06cee4c6e36c642ff55483c0dd89e2a213a6dc34439696792e38ae26795,0,1,explicit,pass,0,,,/home/jaeyongjang/project.local/vortex/analysis_workspace/latency_on_hw/outputs_main/naive_simd/runs/20260606T215243880774Z/raw/4e41b64894.csv,,,1,0,,,,,,,/home/jaeyongjang/project.local/vortex/analysis_workspace/latency_on_hw/outputs_main/naive_simd/runs/20260606T215243880774Z/logs/4e41b64894.log,7.269,1,6945.249,6945.249,6945.249,6945.249,6945.249
20260606T215243880774Z,2026-06-07T00:16:20+00:00,naive_simd,799ea2c24559,fpint_improve,0,generation_merged_naive_simd,llama2_7b_generation_C4_fused_batch8_gen_kv_len512_qblk32_generation_attn_head_concat,430874fedd,head_concat_layout_fused,concat,attn_head_concat,head_concat_layout_fused,all_fpint_gemm_improve_fused_layout_spinquant,generation,attn_head_concat,-batch 8 -seq 1 -heads 32 -headdim 128 --layout-to gemm_a_tiled,"{""batch"": 8, ""consumer"": ""o_proj"", ""headdim"": 128, ""heads"": 32, ""hidden"": 4096, ""layout_from"": ""gemm_c_tiled_per_head"", ""layout_group"": ""attn_pv_to_head_concat_to_o_proj"", ""layout_to"": ""gemm_a_tiled"", ""producer"": ""attn_pv"", ""seq"": 1}",32.0,/opt/vortex_fpga_bins/fpint/xrt_hw_u55c_c1_f100_fpint_tcu_noDcache_L2cache_90f22d2615/bin,f9d4c06cee4c6e36c642ff55483c0dd89e2a213a6dc34439696792e38ae26795,0,1,explicit,pass,0,,,/home/jaeyongjang/project.local/vortex/analysis_workspace/latency_on_hw/outputs_main/naive_simd/runs/20260606T215243880774Z/raw/430874fedd.csv,/home/jaeyongjang/project.local/vortex/analysis_workspace/latency_on_hw/outputs_main_power/naive_simd/runs/20260621T123221444547Z/power/430874fedd.csv,/home/jaeyongjang/project.local/vortex/analysis_workspace/latency_on_hw/outputs_main_power/naive_simd/runs/20260621T123221444547Z/power/430874fedd.summary.csv,1,1,76,9.96087,11.5425,11.837075,11.984,,/home/jaeyongjang/project.local/vortex/analysis_workspace/latency_on_hw/outputs_main/naive_simd/runs/20260606T215243880774Z/logs/430874fedd.log,8.093,1,11175.656,11175.656,11175.656,11175.656,11175.656
20260606T215243880774Z,2026-06-07T00:16:20+00:00,naive_simd,799ea2c24559,fpint_improve,0,generation_merged_naive_simd,llama2_7b_generation_C4_fused_batch1_gen_kv_len512_qblk32_generation_kv_cache_quant_rope_k_to_attn_qkT,864f37e638,kv_cache_quant_layout_fused_w4a16,quantization,kv_cache_quant_rope_k_to_attn_qkT,kv_cache_quant_layout_fused_w4a16,all_fpint_gemm_improve_fused_layout_spinquant,generation,kv_cache_quant_rope_k_to_attn_qkT,-k 1 -n 128 -q 128 -d 1 -t 1 --gemm-qdir 0 --source-transposed,"{""K"": 1, ""N"": 128, ""QBLK"": 128, ""QDIR"": 1, ""WTRANS"": 1, ""cache_len"": 512, ""cache_update"": ""append"", ""consumer"": ""attn_qkT"", ""gemm_QDIR"": 0, ""layout_from"": ""row_major_fp16"", ""layout_group"": ""spinquant_r3_k_hadamard_to_kv_cache"", ""producer"": ""spinquant_r3_k_hadamard"", ""scale_zp_layout_to"": ""sz_gemm_tiled_transposed"", ""source_QDIR"": 1, ""source_transposed"": true, ""weight_layout_to"": ""gemm_w_tiled_transposed""}",1024.0,/opt/vortex_fpga_bins/fpint/xrt_hw_u55c_c1_f100_fpint_tcu_noDcache_L2cache_90f22d2615/bin,f9d4c06cee4c6e36c642ff55483c0dd89e2a213a6dc34439696792e38ae26795,0,1,explicit,pass,0,,,/home/jaeyongjang/project.local/vortex/analysis_workspace/latency_on_hw/outputs_main/naive_simd/runs/20260606T215243880774Z/raw/864f37e638.csv,/home/jaeyongjang/project.local/vortex/analysis_workspace/latency_on_hw/outputs_main_power/naive_simd/runs/20260622T005118961255Z/power/864f37e638.csv,/home/jaeyongjang/project.local/vortex/analysis_workspace/latency_on_hw/outputs_main_power/naive_simd/runs/20260622T005118961255Z/power/864f37e638.summary.csv,1,1,0,,,,,,/home/jaeyongjang/project.local/vortex/analysis_workspace/latency_on_hw/outputs_main/naive_simd/runs/20260606T215243880774Z/logs/864f37e638.log,5.583,1,5881.808,5881.808,5881.808,5881.808,5881.808
20260606T215243880774Z,2026-06-07T00:16:20+00:00,naive_simd,799ea2c24559,fpint_improve,0,generation_merged_naive_simd,llama2_7b_generation_C4_fused_batch1_gen_kv_len512_qblk32_generation_kv_cache_quant_v_cache_to_attn_pv,36838eca09,kv_cache_quant_layout_fused_w4a16,quantization,kv_cache_quant_v_cache_to_attn_pv,kv_cache_quant_layout_fused_w4a16,all_fpint_gemm_improve_fused_layout_spinquant,generation,kv_cache_quant_v_cache_to_attn_pv,-k 1 -n 128 -q 128 -d 1 -t 0 --gemm-qdir 1 --layout-from gemm_c_tiled,"{""K"": 1, ""N"": 128, ""QBLK"": 128, ""QDIR"": 1, ""WTRANS"": 0, ""cache_len"": 512, ""cache_update"": ""append"", ""consumer"": ""attn_pv"", ""gemm_QDIR"": 1, ""layout_from"": ""gemm_c_tiled"", ""layout_group"": ""v_cache_to_attn_pv"", ""producer"": ""v_proj"", ""scale_zp_layout_to"": ""sz_gemm_tiled"", ""source_QDIR"": 1, ""weight_layout_to"": ""gemm_w_tiled""}",1024.0,/opt/vortex_fpga_bins/fpint/xrt_hw_u55c_c1_f100_fpint_tcu_noDcache_L2cache_90f22d2615/bin,f9d4c06cee4c6e36c642ff55483c0dd89e2a213a6dc34439696792e38ae26795,0,1,explicit,pass,0,,,/home/jaeyongjang/project.local/vortex/analysis_workspace/latency_on_hw/outputs_main/naive_simd/runs/20260606T215243880774Z/raw/36838eca09.csv,/home/jaeyongjang/project.local/vortex/analysis_workspace/latency_on_hw/outputs_main_power/naive_simd/runs/20260621T151245157528Z/power/36838eca09.csv,/home/jaeyongjang/project.local/vortex/analysis_workspace/latency_on_hw/outputs_main_power/naive_simd/runs/20260621T151245157528Z/power/36838eca09.summary.csv,1,1,0,,,,,,/home/jaeyongjang/project.local/vortex/analysis_workspace/latency_on_hw/outputs_main/naive_simd/runs/20260606T215243880774Z/logs/36838eca09.log,7.733,1,5874.091,5874.091,5874.091,5874.091,5874.091
20260606T215243880774Z,2026-06-07T00:16:20+00:00,naive_simd,799ea2c24559,fpint_improve,0,generation_merged_naive_simd,llama2_7b_generation_C4_fused_batch1_gen_kv_len512_qblk32_generation_input_layernorm,219886af01,rms_norm_layout_fused,rmsnorm,input_layernorm,rms_norm_layout_fused,all_fpint_gemm_improve_fused_layout_spinquant,generation,input_layernorm,-m 1 -k 4096,"{""K"": 4096, ""M"": 1, ""batch"": 1, ""hidden"": 4096, ""layout_from"": ""row_major"", ""layout_group"": ""input_layernorm_to_qkv"", ""layout_to"": ""gemm_a_tiled"", ""seq"": 1}",32.0,/opt/vortex_fpga_bins/fpint/xrt_hw_u55c_c1_f100_fpint_tcu_noDcache_L2cache_90f22d2615/bin,f9d4c06cee4c6e36c642ff55483c0dd89e2a213a6dc34439696792e38ae26795,0,1,explicit,pass,0,,,/home/jaeyongjang/project.local/vortex/analysis_workspace/latency_on_hw/outputs_main/naive_simd/runs/20260606T215243880774Z/raw/219886af01.csv,,,1,0,,,,,,,/home/jaeyongjang/project.local/vortex/analysis_workspace/latency_on_hw/outputs_main/naive_simd/runs/20260606T215243880774Z/logs/219886af01.log,6.831,1,2667.084,2667.084,2667.084,2667.084,2667.084
20260606T215243880774Z,2026-06-07T00:16:20+00:00,naive_simd,799ea2c24559,fpint_improve,0,generation_merged_naive_simd,llama2_7b_generation_C4_fused_batch2_gen_kv_len512_qblk32_generation_input_layernorm,c7d67ae96b,rms_norm_layout_fused,rmsnorm,input_layernorm,rms_norm_layout_fused,all_fpint_gemm_improve_fused_layout_spinquant,generation,input_layernorm,-m 2 -k 4096,"{""K"": 4096, ""M"": 2, ""batch"": 2, ""hidden"": 4096, ""layout_from"": ""row_major"", ""layout_group"": ""input_layernorm_to_qkv"", ""layout_to"": ""gemm_a_tiled"", ""seq"": 1}",32.0,/opt/vortex_fpga_bins/fpint/xrt_hw_u55c_c1_f100_fpint_tcu_noDcache_L2cache_90f22d2615/bin,f9d4c06cee4c6e36c642ff55483c0dd89e2a213a6dc34439696792e38ae26795,0,1,explicit,pass,0,,,/home/jaeyongjang/project.local/vortex/analysis_workspace/latency_on_hw/outputs_main/naive_simd/runs/20260606T215243880774Z/raw/c7d67ae96b.csv,,,1,0,,,,,,,/home/jaeyongjang/project.local/vortex/analysis_workspace/latency_on_hw/outputs_main/naive_simd/runs/20260606T215243880774Z/logs/c7d67ae96b.log,5.808,1,3739.557,3739.557,3739.557,3739.557,3739.557
20260606T215243880774Z,2026-06-07T00:16:20+00:00,naive_simd,799ea2c24559,fpint_improve,0,generation_merged_naive_simd,llama2_7b_generation_C4_fused_batch4_gen_kv_len512_qblk32_generation_input_layernorm,ed53d6721e,rms_norm_layout_fused,rmsnorm,input_layernorm,rms_norm_layout_fused,all_fpint_gemm_improve_fused_layout_spinquant,generation,input_layernorm,-m 4 -k 4096,"{""K"": 4096, ""M"": 4, ""batch"": 4, ""hidden"": 4096, ""layout_from"": ""row_major"", ""layout_group"": ""input_layernorm_to_qkv"", ""layout_to"": ""gemm_a_tiled"", ""seq"": 1}",32.0,/opt/vortex_fpga_bins/fpint/xrt_hw_u55c_c1_f100_fpint_tcu_noDcache_L2cache_90f22d2615/bin,f9d4c06cee4c6e36c642ff55483c0dd89e2a213a6dc34439696792e38ae26795,0,1,explicit,pass,0,,,/home/jaeyongjang/project.local/vortex/analysis_workspace/latency_on_hw/outputs_main/naive_simd/runs/20260606T215243880774Z/raw/ed53d6721e.csv,,,1,0,,,,,,,/home/jaeyongjang/project.local/vortex/analysis_workspace/latency_on_hw/outputs_main/naive_simd/runs/20260606T215243880774Z/logs/ed53d6721e.log,5.776,1,4789.27,4789.27,4789.27,4789.27,4789.27
20260606T215243880774Z,2026-06-07T00:16:20+00:00,naive_simd,799ea2c24559,fpint_improve,0,generation_merged_naive_simd,llama2_7b_generation_C4_fused_batch8_gen_kv_len512_qblk32_generation_input_layernorm,d1277f91c5,rms_norm_layout_fused,rmsnorm,input_layernorm,rms_norm_layout_fused,all_fpint_gemm_improve_fused_layout_spinquant,generation,input_layernorm,-m 8 -k 4096,"{""K"": 4096, ""M"": 8, ""batch"": 8, ""hidden"": 4096, ""layout_from"": ""row_major"", ""layout_group"": ""input_layernorm_to_qkv"", ""layout_to"": ""gemm_a_tiled"", ""seq"": 1}",32.0,/opt/vortex_fpga_bins/fpint/xrt_hw_u55c_c1_f100_fpint_tcu_noDcache_L2cache_90f22d2615/bin,f9d4c06cee4c6e36c642ff55483c0dd89e2a213a6dc34439696792e38ae26795,0,1,explicit,pass,0,,,/home/jaeyongjang/project.local/vortex/analysis_workspace/latency_on_hw/outputs_main/naive_simd/runs/20260606T215243880774Z/raw/d1277f91c5.csv,/home/jaeyongjang/project.local/vortex/analysis_workspace/latency_on_hw/outputs_main_power/naive_simd/runs/20260621T151245157528Z/power/d1277f91c5.csv,/home/jaeyongjang/project.local/vortex/analysis_workspace/latency_on_hw/outputs_main_power/naive_simd/runs/20260621T151245157528Z/power/d1277f91c5.summary.csv,1,1,0,,,,,,/home/jaeyongjang/project.local/vortex/analysis_workspace/latency_on_hw/outputs_main/naive_simd/runs/20260606T215243880774Z/logs/d1277f91c5.log,7.124,1,8059.505,8059.505,8059.505,8059.505,8059.505
20260606T215243880774Z,2026-06-07T00:16:20+00:00,naive_simd,799ea2c24559,fpint_improve,0,generation_merged_naive_simd,llama2_7b_generation_C4_fused_batch1_gen_kv_len512_qblk32_generation_rope_q,4f8764aab7,rope_layout_fused,rope,rope_q,rope_layout_fused,all_fpint_gemm_improve_fused_layout_spinquant,generation,rope_q,-batch 1 -seq 1 -heads 32 -headdim 128 -maxseq 4096 -offset 511 --layout-to row_major,"{""batch"": 1, ""consumer"": ""spinquant_r3_q_hadamard"", ""headdim"": 128, ""heads"": 32, ""layout_from"": ""gemm_c_tiled"", ""layout_group"": ""q_proj_to_rope_q_to_spinquant_r3_q"", ""layout_to"": ""row_major_fp16"", ""maxseq"": 4096, ""offset"": 511, ""producer"": ""q_proj"", ""seq"": 1}",32.0,/opt/vortex_fpga_bins/fpint/xrt_hw_u55c_c1_f100_fpint_tcu_noDcache_L2cache_90f22d2615/bin,f9d4c06cee4c6e36c642ff55483c0dd89e2a213a6dc34439696792e38ae26795,0,1,explicit,pass,0,,,/home/jaeyongjang/project.local/vortex/analysis_workspace/latency_on_hw/outputs_main/naive_simd/runs/20260606T215243880774Z/raw/4f8764aab7.csv,,,1,0,,,,,,,/home/jaeyongjang/project.local/vortex/analysis_workspace/latency_on_hw/outputs_main/naive_simd/runs/20260606T215243880774Z/logs/4f8764aab7.log,7.856,1,3793.252,3793.252,3793.252,3793.252,3793.252
20260606T215243880774Z,2026-06-07T00:16:20+00:00,naive_simd,799ea2c24559,fpint_improve,0,generation_merged_naive_simd,llama2_7b_generation_C4_fused_batch1_gen_kv_len1024_qblk32_generation_rope_q,72770b8c29,rope_layout_fused,rope,rope_q,rope_layout_fused,all_fpint_gemm_improve_fused_layout_spinquant,generation,rope_q,-batch 1 -seq 1 -heads 32 -headdim 128 -maxseq 4096 -offset 1023 --layout-to row_major,"{""batch"": 1, ""consumer"": ""spinquant_r3_q_hadamard"", ""headdim"": 128, ""heads"": 32, ""layout_from"": ""gemm_c_tiled"", ""layout_group"": ""q_proj_to_rope_q_to_spinquant_r3_q"", ""layout_to"": ""row_major_fp16"", ""maxseq"": 4096, ""offset"": 1023, ""producer"": ""q_proj"", ""seq"": 1}",32.0,/opt/vortex_fpga_bins/fpint/xrt_hw_u55c_c1_f100_fpint_tcu_noDcache_L2cache_90f22d2615/bin,f9d4c06cee4c6e36c642ff55483c0dd89e2a213a6dc34439696792e38ae26795,0,1,explicit,pass,0,,,/home/jaeyongjang/project.local/vortex/analysis_workspace/latency_on_hw/outputs_main/naive_simd/runs/20260606T215243880774Z/raw/72770b8c29.csv,,,1,0,,,,,,,/home/jaeyongjang/project.local/vortex/analysis_workspace/latency_on_hw/outputs_main/naive_simd/runs/20260606T215243880774Z/logs/72770b8c29.log,8.286,1,3760.146,3760.146,3760.146,3760.146,3760.146
20260606T215243880774Z,2026-06-07T00:16:20+00:00,naive_simd,799ea2c24559,fpint_improve,0,generation_merged_naive_simd,llama2_7b_generation_C4_fused_batch1_gen_kv_len2048_qblk32_generation_rope_q,d3d0f0ddbb,rope_layout_fused,rope,rope_q,rope_layout_fused,all_fpint_gemm_improve_fused_layout_spinquant,generation,rope_q,-batch 1 -seq 1 -heads 32 -headdim 128 -maxseq 4096 -offset 2047 --layout-to row_major,"{""batch"": 1, ""consumer"": ""spinquant_r3_q_hadamard"", ""headdim"": 128, ""heads"": 32, ""layout_from"": ""gemm_c_tiled"", ""layout_group"": ""q_proj_to_rope_q_to_spinquant_r3_q"", ""layout_to"": ""row_major_fp16"", ""maxseq"": 4096, ""offset"": 2047, ""producer"": ""q_proj"", ""seq"": 1}",32.0,/opt/vortex_fpga_bins/fpint/xrt_hw_u55c_c1_f100_fpint_tcu_noDcache_L2cache_90f22d2615/bin,f9d4c06cee4c6e36c642ff55483c0dd89e2a213a6dc34439696792e38ae26795,0,1,explicit,pass,0,,,/home/jaeyongjang/project.local/vortex/analysis_workspace/latency_on_hw/outputs_main/naive_simd/runs/20260606T215243880774Z/raw/d3d0f0ddbb.csv,,,1,0,,,,,,,/home/jaeyongjang/project.local/vortex/analysis_workspace/latency_on_hw/outputs_main/naive_simd/runs/20260606T215243880774Z/logs/d3d0f0ddbb.log,8.449,1,3862.647,3862.647,3862.647,3862.647,3862.647
20260606T215243880774Z,2026-06-07T00:16:20+00:00,naive_simd,799ea2c24559,fpint_improve,0,generation_merged_naive_simd,llama2_7b_generation_C4_fused_batch1_gen_kv_len4096_qblk32_generation_rope_q,a15c9322f1,rope_layout_fused,rope,rope_q,rope_layout_fused,all_fpint_gemm_improve_fused_layout_spinquant,generation,rope_q,-batch 1 -seq 1 -heads 32 -headdim 128 -maxseq 4096 -offset 4095 --layout-to row_major,"{""batch"": 1, ""consumer"": ""spinquant_r3_q_hadamard"", ""headdim"": 128, ""heads"": 32, ""layout_from"": ""gemm_c_tiled"", ""layout_group"": ""q_proj_to_rope_q_to_spinquant_r3_q"", ""layout_to"": ""row_major_fp16"", ""maxseq"": 4096, ""offset"": 4095, ""producer"": ""q_proj"", ""seq"": 1}",32.0,/opt/vortex_fpga_bins/fpint/xrt_hw_u55c_c1_f100_fpint_tcu_noDcache_L2cache_90f22d2615/bin,f9d4c06cee4c6e36c642ff55483c0dd89e2a213a6dc34439696792e38ae26795,0,1,explicit,pass,0,,,/home/jaeyongjang/project.local/vortex/analysis_workspace/latency_on_hw/outputs_main/naive_simd/runs/20260606T215243880774Z/raw/a15c9322f1.csv,,,1,0,,,,,,,/home/jaeyongjang/project.local/vortex/analysis_workspace/latency_on_hw/outputs_main/naive_simd/runs/20260606T215243880774Z/logs/a15c9322f1.log,7.378,1,3726.179,3726.179,3726.179,3726.179,3726.179
20260606T215243880774Z,2026-06-07T00:16:20+00:00,naive_simd,799ea2c24559,fpint_improve,0,generation_merged_naive_simd,llama2_7b_generation_C4_fused_batch2_gen_kv_len512_qblk32_generation_rope_q,a11340b300,rope_layout_fused,rope,rope_q,rope_layout_fused,all_fpint_gemm_improve_fused_layout_spinquant,generation,rope_q,-batch 2 -seq 1 -heads 32 -headdim 128 -maxseq 4096 -offset 511 --layout-to row_major,"{""batch"": 2, ""consumer"": ""spinquant_r3_q_hadamard"", ""headdim"": 128, ""heads"": 32, ""layout_from"": ""gemm_c_tiled"", ""layout_group"": ""q_proj_to_rope_q_to_spinquant_r3_q"", ""layout_to"": ""row_major_fp16"", ""maxseq"": 4096, ""offset"": 511, ""producer"": ""q_proj"", ""seq"": 1}",32.0,/opt/vortex_fpga_bins/fpint/xrt_hw_u55c_c1_f100_fpint_tcu_noDcache_L2cache_90f22d2615/bin,f9d4c06cee4c6e36c642ff55483c0dd89e2a213a6dc34439696792e38ae26795,0,1,explicit,pass,0,,,/home/jaeyongjang/project.local/vortex/analysis_workspace/latency_on_hw/outputs_main/naive_simd/runs/20260606T215243880774Z/raw/a11340b300.csv,,,1,0,,,,,,,/home/jaeyongjang/project.local/vortex/analysis_workspace/latency_on_hw/outputs_main/naive_simd/runs/20260606T215243880774Z/logs/a11340b300.log,7.724,1,5926.91,5926.91,5926.91,5926.91,5926.91
20260606T215243880774Z,2026-06-07T00:16:20+00:00,naive_simd,799ea2c24559,fpint_improve,0,generation_merged_naive_simd,llama2_7b_generation_C4_fused_batch2_gen_kv_len1024_qblk32_generation_rope_q,54e5e0eebd,rope_layout_fused,rope,rope_q,rope_layout_fused,all_fpint_gemm_improve_fused_layout_spinquant,generation,rope_q,-batch 2 -seq 1 -heads 32 -headdim 128 -maxseq 4096 -offset 1023 --layout-to row_major,"{""batch"": 2, ""consumer"": ""spinquant_r3_q_hadamard"", ""headdim"": 128, ""heads"": 32, ""layout_from"": ""gemm_c_tiled"", ""layout_group"": ""q_proj_to_rope_q_to_spinquant_r3_q"", ""layout_to"": ""row_major_fp16"", ""maxseq"": 4096, ""offset"": 1023, ""producer"": ""q_proj"", ""seq"": 1}",32.0,/opt/vortex_fpga_bins/fpint/xrt_hw_u55c_c1_f100_fpint_tcu_noDcache_L2cache_90f22d2615/bin,f9d4c06cee4c6e36c642ff55483c0dd89e2a213a6dc34439696792e38ae26795,0,1,explicit,pass,0,,,/home/jaeyongjang/project.local/vortex/analysis_workspace/latency_on_hw/outputs_main/naive_simd/runs/20260606T215243880774Z/raw/54e5e0eebd.csv,,,1,0,,,,,,,/home/jaeyongjang/project.local/vortex/analysis_workspace/latency_on_hw/outputs_main/naive_simd/runs/20260606T215243880774Z/logs/54e5e0eebd.log,7.924,1,5893.028,5893.028,5893.028,5893.028,5893.028
20260606T215243880774Z,2026-06-07T00:16:20+00:00,naive_simd,799ea2c24559,fpint_improve,0,generation_merged_naive_simd,llama2_7b_generation_C4_fused_batch2_gen_kv_len2048_qblk32_generation_rope_q,736b995b64,rope_layout_fused,rope,rope_q,rope_layout_fused,all_fpint_gemm_improve_fused_layout_spinquant,generation,rope_q,-batch 2 -seq 1 -heads 32 -headdim 128 -maxseq 4096 -offset 2047 --layout-to row_major,"{""batch"": 2, ""consumer"": ""spinquant_r3_q_hadamard"", ""headdim"": 128, ""heads"": 32, ""layout_from"": ""gemm_c_tiled"", ""layout_group"": ""q_proj_to_rope_q_to_spinquant_r3_q"", ""layout_to"": ""row_major_fp16"", ""maxseq"": 4096, ""offset"": 2047, ""producer"": ""q_proj"", ""seq"": 1}",32.0,/opt/vortex_fpga_bins/fpint/xrt_hw_u55c_c1_f100_fpint_tcu_noDcache_L2cache_90f22d2615/bin,f9d4c06cee4c6e36c642ff55483c0dd89e2a213a6dc34439696792e38ae26795,0,1,explicit,pass,0,,,/home/jaeyongjang/project.local/vortex/analysis_workspace/latency_on_hw/outputs_main/naive_simd/runs/20260606T215243880774Z/raw/736b995b64.csv,,,1,0,,,,,,,/home/jaeyongjang/project.local/vortex/analysis_workspace/latency_on_hw/outputs_main/naive_simd/runs/20260606T215243880774Z/logs/736b995b64.log,5.719,1,5859.51,5859.51,5859.51,5859.51,5859.51
20260606T215243880774Z,2026-06-07T00:16:20+00:00,naive_simd,799ea2c24559,fpint_improve,0,generation_merged_naive_simd,llama2_7b_generation_C4_fused_batch2_gen_kv_len4096_qblk32_generation_rope_q,da9494dbeb,rope_layout_fused,rope,rope_q,rope_layout_fused,all_fpint_gemm_improve_fused_layout_spinquant,generation,rope_q,-batch 2 -seq 1 -heads 32 -headdim 128 -maxseq 4096 -offset 4095 --layout-to row_major,"{""batch"": 2, ""consumer"": ""spinquant_r3_q_hadamard"", ""headdim"": 128, ""heads"": 32, ""layout_from"": ""gemm_c_tiled"", ""layout_group"": ""q_proj_to_rope_q_to_spinquant_r3_q"", ""layout_to"": ""row_major_fp16"", ""maxseq"": 4096, ""offset"": 4095, ""producer"": ""q_proj"", ""seq"": 1}",32.0,/opt/vortex_fpga_bins/fpint/xrt_hw_u55c_c1_f100_fpint_tcu_noDcache_L2cache_90f22d2615/bin,f9d4c06cee4c6e36c642ff55483c0dd89e2a213a6dc34439696792e38ae26795,0,1,explicit,pass,0,,,/home/jaeyongjang/project.local/vortex/analysis_workspace/latency_on_hw/outputs_main/naive_simd/runs/20260606T215243880774Z/raw/da9494dbeb.csv,,,1,0,,,,,,,/home/jaeyongjang/project.local/vortex/analysis_workspace/latency_on_hw/outputs_main/naive_simd/runs/20260606T215243880774Z/logs/da9494dbeb.log,7.392,1,5870.28,5870.28,5870.28,5870.28,5870.28
20260606T215243880774Z,2026-06-07T00:16:20+00:00,naive_simd,799ea2c24559,fpint_improve,0,generation_merged_naive_simd,llama2_7b_generation_C4_fused_batch4_gen_kv_len512_qblk32_generation_rope_q,34be98af1b,rope_layout_fused,rope,rope_q,rope_layout_fused,all_fpint_gemm_improve_fused_layout_spinquant,generation,rope_q,-batch 4 -seq 1 -heads 32 -headdim 128 -maxseq 4096 -offset 511 --layout-to row_major,"{""batch"": 4, ""consumer"": ""spinquant_r3_q_hadamard"", ""headdim"": 128, ""heads"": 32, ""layout_from"": ""gemm_c_tiled"", ""layout_group"": ""q_proj_to_rope_q_to_spinquant_r3_q"", ""layout_to"": ""row_major_fp16"", ""maxseq"": 4096, ""offset"": 511, ""producer"": ""q_proj"", ""seq"": 1}",32.0,/opt/vortex_fpga_bins/fpint/xrt_hw_u55c_c1_f100_fpint_tcu_noDcache_L2cache_90f22d2615/bin,f9d4c06cee4c6e36c642ff55483c0dd89e2a213a6dc34439696792e38ae26795,0,1,explicit,pass,0,,,/home/jaeyongjang/project.local/vortex/analysis_workspace/latency_on_hw/outputs_main/naive_simd/runs/20260606T215243880774Z/raw/34be98af1b.csv,,,1,0,,,,,,,/home/jaeyongjang/project.local/vortex/analysis_workspace/latency_on_hw/outputs_main/naive_simd/runs/20260606T215243880774Z/logs/34be98af1b.log,7.572,1,7953.107,7953.107,7953.107,7953.107,7953.107
20260606T215243880774Z,2026-06-07T00:16:20+00:00,naive_simd,799ea2c24559,fpint_improve,0,generation_merged_naive_simd,llama2_7b_generation_C4_fused_batch4_gen_kv_len1024_qblk32_generation_rope_q,a34bbc79e3,rope_layout_fused,rope,rope_q,rope_layout_fused,all_fpint_gemm_improve_fused_layout_spinquant,generation,rope_q,-batch 4 -seq 1 -heads 32 -headdim 128 -maxseq 4096 -offset 1023 --layout-to row_major,"{""batch"": 4, ""consumer"": ""spinquant_r3_q_hadamard"", ""headdim"": 128, ""heads"": 32, ""layout_from"": ""gemm_c_tiled"", ""layout_group"": ""q_proj_to_rope_q_to_spinquant_r3_q"", ""layout_to"": ""row_major_fp16"", ""maxseq"": 4096, ""offset"": 1023, ""producer"": ""q_proj"", ""seq"": 1}",32.0,/opt/vortex_fpga_bins/fpint/xrt_hw_u55c_c1_f100_fpint_tcu_noDcache_L2cache_90f22d2615/bin,f9d4c06cee4c6e36c642ff55483c0dd89e2a213a6dc34439696792e38ae26795,0,1,explicit,pass,0,,,/home/jaeyongjang/project.local/vortex/analysis_workspace/latency_on_hw/outputs_main/naive_simd/runs/20260606T215243880774Z/raw/a34bbc79e3.csv,,,1,0,,,,,,,/home/jaeyongjang/project.local/vortex/analysis_workspace/latency_on_hw/outputs_main/naive_simd/runs/20260606T215243880774Z/logs/a34bbc79e3.log,7.891,1,7987.721,7987.721,7987.721,7987.721,7987.721
20260606T215243880774Z,2026-06-07T00:16:20+00:00,naive_simd,799ea2c24559,fpint_improve,0,generation_merged_naive_simd,llama2_7b_generation_C4_fused_batch4_gen_kv_len2048_qblk32_generation_rope_q,3251a88664,rope_layout_fused,rope,rope_q,rope_layout_fused,all_fpint_gemm_improve_fused_layout_spinquant,generation,rope_q,-batch 4 -seq 1 -heads 32 -headdim 128 -maxseq 4096 -offset 2047 --layout-to row_major,"{""batch"": 4, ""consumer"": ""spinquant_r3_q_hadamard"", ""headdim"": 128, ""heads"": 32, ""layout_from"": ""gemm_c_tiled"", ""layout_group"": ""q_proj_to_rope_q_to_spinquant_r3_q"", ""layout_to"": ""row_major_fp16"", ""maxseq"": 4096, ""offset"": 2047, ""producer"": ""q_proj"", ""seq"": 1}",32.0,/opt/vortex_fpga_bins/fpint/xrt_hw_u55c_c1_f100_fpint_tcu_noDcache_L2cache_90f22d2615/bin,f9d4c06cee4c6e36c642ff55483c0dd89e2a213a6dc34439696792e38ae26795,0,1,explicit,pass,0,,,/home/jaeyongjang/project.local/vortex/analysis_workspace/latency_on_hw/outputs_main/naive_simd/runs/20260606T215243880774Z/raw/3251a88664.csv,,,1,0,,,,,,,/home/jaeyongjang/project.local/vortex/analysis_workspace/latency_on_hw/outputs_main/naive_simd/runs/20260606T215243880774Z/logs/3251a88664.log,7.773,1,8069.931,8069.931,8069.931,8069.931,8069.931
20260606T215243880774Z,2026-06-07T00:16:20+00:00,naive_simd,799ea2c24559,fpint_improve,0,generation_merged_naive_simd,llama2_7b_generation_C4_fused_batch4_gen_kv_len4096_qblk32_generation_rope_q,8b81df1543,rope_layout_fused,rope,rope_q,rope_layout_fused,all_fpint_gemm_improve_fused_layout_spinquant,generation,rope_q,-batch 4 -seq 1 -heads 32 -headdim 128 -maxseq 4096 -offset 4095 --layout-to row_major,"{""batch"": 4, ""consumer"": ""spinquant_r3_q_hadamard"", ""headdim"": 128, ""heads"": 32, ""layout_from"": ""gemm_c_tiled"", ""layout_group"": ""q_proj_to_rope_q_to_spinquant_r3_q"", ""layout_to"": ""row_major_fp16"", ""maxseq"": 4096, ""offset"": 4095, ""producer"": ""q_proj"", ""seq"": 1}",32.0,/opt/vortex_fpga_bins/fpint/xrt_hw_u55c_c1_f100_fpint_tcu_noDcache_L2cache_90f22d2615/bin,f9d4c06cee4c6e36c642ff55483c0dd89e2a213a6dc34439696792e38ae26795,0,1,explicit,pass,0,,,/home/jaeyongjang/project.local/vortex/analysis_workspace/latency_on_hw/outputs_main/naive_simd/runs/20260606T215243880774Z/raw/8b81df1543.csv,,,1,0,,,,,,,/home/jaeyongjang/project.local/vortex/analysis_workspace/latency_on_hw/outputs_main/naive_simd/runs/20260606T215243880774Z/logs/8b81df1543.log,8.016,1,8015.064,8015.064,8015.064,8015.064,8015.064
20260606T215243880774Z,2026-06-07T00:16:20+00:00,naive_simd,799ea2c24559,fpint_improve,0,generation_merged_naive_simd,llama2_7b_generation_C4_fused_batch8_gen_kv_len512_qblk32_generation_rope_q,d6d71b4dd9,rope_layout_fused,rope,rope_q,rope_layout_fused,all_fpint_gemm_improve_fused_layout_spinquant,generation,rope_q,-batch 8 -seq 1 -heads 32 -headdim 128 -maxseq 4096 -offset 511 --layout-to row_major,"{""batch"": 8, ""consumer"": ""spinquant_r3_q_hadamard"", ""headdim"": 128, ""heads"": 32, ""layout_from"": ""gemm_c_tiled"", ""layout_group"": ""q_proj_to_rope_q_to_spinquant_r3_q"", ""layout_to"": ""row_major_fp16"", ""maxseq"": 4096, ""offset"": 511, ""producer"": ""q_proj"", ""seq"": 1}",32.0,/opt/vortex_fpga_bins/fpint/xrt_hw_u55c_c1_f100_fpint_tcu_noDcache_L2cache_90f22d2615/bin,f9d4c06cee4c6e36c642ff55483c0dd89e2a213a6dc34439696792e38ae26795,0,1,explicit,pass,0,,,/home/jaeyongjang/project.local/vortex/analysis_workspace/latency_on_hw/outputs_main/naive_simd/runs/20260606T215243880774Z/raw/d6d71b4dd9.csv,/home/jaeyongjang/project.local/vortex/analysis_workspace/latency_on_hw/outputs_main_power/naive_simd/runs/20260621T151245157528Z/power/d6d71b4dd9.csv,/home/jaeyongjang/project.local/vortex/analysis_workspace/latency_on_hw/outputs_main_power/naive_simd/runs/20260621T151245157528Z/power/d6d71b4dd9.summary.csv,1,1,0,,,,,,/home/jaeyongjang/project.local/vortex/analysis_workspace/latency_on_hw/outputs_main/naive_simd/runs/20260606T215243880774Z/logs/d6d71b4dd9.log,7.653,1,13256.496,13256.496,13256.496,13256.496,13256.496
20260606T215243880774Z,2026-06-07T00:16:20+00:00,naive_simd,799ea2c24559,fpint_improve,0,generation_merged_naive_simd,llama2_7b_generation_C4_fused_batch8_gen_kv_len1024_qblk32_generation_rope_q,11a986e1b3,rope_layout_fused,rope,rope_q,rope_layout_fused,all_fpint_gemm_improve_fused_layout_spinquant,generation,rope_q,-batch 8 -seq 1 -heads 32 -headdim 128 -maxseq 4096 -offset 1023 --layout-to row_major,"{""batch"": 8, ""consumer"": ""spinquant_r3_q_hadamard"", ""headdim"": 128, ""heads"": 32, ""layout_from"": ""gemm_c_tiled"", ""layout_group"": ""q_proj_to_rope_q_to_spinquant_r3_q"", ""layout_to"": ""row_major_fp16"", ""maxseq"": 4096, ""offset"": 1023, ""producer"": ""q_proj"", ""seq"": 1}",32.0,/opt/vortex_fpga_bins/fpint/xrt_hw_u55c_c1_f100_fpint_tcu_noDcache_L2cache_90f22d2615/bin,f9d4c06cee4c6e36c642ff55483c0dd89e2a213a6dc34439696792e38ae26795,0,1,explicit,pass,0,,,/home/jaeyongjang/project.local/vortex/analysis_workspace/latency_on_hw/outputs_main/naive_simd/runs/20260606T215243880774Z/raw/11a986e1b3.csv,,,1,0,,,,,,,/home/jaeyongjang/project.local/vortex/analysis_workspace/latency_on_hw/outputs_main/naive_simd/runs/20260606T215243880774Z/logs/11a986e1b3.log,8.092,1,13216.22,13216.22,13216.22,13216.22,13216.22
20260606T215243880774Z,2026-06-07T00:16:20+00:00,naive_simd,799ea2c24559,fpint_improve,0,generation_merged_naive_simd,llama2_7b_generation_C4_fused_batch8_gen_kv_len2048_qblk32_generation_rope_q,98fcdf8331,rope_layout_fused,rope,rope_q,rope_layout_fused,all_fpint_gemm_improve_fused_layout_spinquant,generation,rope_q,-batch 8 -seq 1 -heads 32 -headdim 128 -maxseq 4096 -offset 2047 --layout-to row_major,"{""batch"": 8, ""consumer"": ""spinquant_r3_q_hadamard"", ""headdim"": 128, ""heads"": 32, ""layout_from"": ""gemm_c_tiled"", ""layout_group"": ""q_proj_to_rope_q_to_spinquant_r3_q"", ""layout_to"": ""row_major_fp16"", ""maxseq"": 4096, ""offset"": 2047, ""producer"": ""q_proj"", ""seq"": 1}",32.0,/opt/vortex_fpga_bins/fpint/xrt_hw_u55c_c1_f100_fpint_tcu_noDcache_L2cache_90f22d2615/bin,f9d4c06cee4c6e36c642ff55483c0dd89e2a213a6dc34439696792e38ae26795,0,1,explicit,pass,0,,,/home/jaeyongjang/project.local/vortex/analysis_workspace/latency_on_hw/outputs_main/naive_simd/runs/20260606T215243880774Z/raw/98fcdf8331.csv,,,1,0,,,,,,,/home/jaeyongjang/project.local/vortex/analysis_workspace/latency_on_hw/outputs_main/naive_simd/runs/20260606T215243880774Z/logs/98fcdf8331.log,7.574,1,13289.065,13289.065,13289.065,13289.065,13289.065
20260606T215243880774Z,2026-06-07T00:16:20+00:00,naive_simd,799ea2c24559,fpint_improve,0,generation_merged_naive_simd,llama2_7b_generation_C4_fused_batch8_gen_kv_len4096_qblk32_generation_rope_q,eb8b94d59f,rope_layout_fused,rope,rope_q,rope_layout_fused,all_fpint_gemm_improve_fused_layout_spinquant,generation,rope_q,-batch 8 -seq 1 -heads 32 -headdim 128 -maxseq 4096 -offset 4095 --layout-to row_major,"{""batch"": 8, ""consumer"": ""spinquant_r3_q_hadamard"", ""headdim"": 128, ""heads"": 32, ""layout_from"": ""gemm_c_tiled"", ""layout_group"": ""q_proj_to_rope_q_to_spinquant_r3_q"", ""layout_to"": ""row_major_fp16"", ""maxseq"": 4096, ""offset"": 4095, ""producer"": ""q_proj"", ""seq"": 1}",32.0,/opt/vortex_fpga_bins/fpint/xrt_hw_u55c_c1_f100_fpint_tcu_noDcache_L2cache_90f22d2615/bin,f9d4c06cee4c6e36c642ff55483c0dd89e2a213a6dc34439696792e38ae26795,0,1,explicit,pass,0,,,/home/jaeyongjang/project.local/vortex/analysis_workspace/latency_on_hw/outputs_main/naive_simd/runs/20260606T215243880774Z/raw/eb8b94d59f.csv,,,1,0,,,,,,,/home/jaeyongjang/project.local/vortex/analysis_workspace/latency_on_hw/outputs_main/naive_simd/runs/20260606T215243880774Z/logs/eb8b94d59f.log,8.321,1,13327.677,13327.677,13327.677,13327.677,13327.677
20260606T215243880774Z,2026-06-07T00:16:20+00:00,naive_simd,799ea2c24559,fpint_improve,0,generation_merged_naive_simd,llama2_7b_generation_C4_fused_batch1_gen_kv_len512_qblk32_generation_attn_softmax,d5fbdcbd7d,softmax_layout_fused,softmax,attn_softmax,softmax_layout_fused,all_fpint_gemm_improve_fused_layout_spinquant,generation,attn_softmax,-batch 1 -heads 32 -seqq 1 -seqk 512 -mask 0,"{""batch"": 1, ""consumer"": ""attn_pv"", ""heads"": 32, ""layout_from"": ""gemm_c_tiled"", ""layout_group"": ""attn_qkT_to_softmax_to_attn_pv"", ""layout_to"": ""gemm_a_tiled"", ""mask"": 0, ""producer"": ""attn_qkT"", ""seqk"": 512, ""seqq"": 1}",32.0,/opt/vortex_fpga_bins/fpint/xrt_hw_u55c_c1_f100_fpint_tcu_noDcache_L2cache_90f22d2615/bin,f9d4c06cee4c6e36c642ff55483c0dd89e2a213a6dc34439696792e38ae26795,0,1,explicit,pass,0,,,/home/jaeyongjang/project.local/vortex/analysis_workspace/latency_on_hw/outputs_main/naive_simd/runs/20260606T215243880774Z/raw/d5fbdcbd7d.csv,,,1,0,,,,,,,/home/jaeyongjang/project.local/vortex/analysis_workspace/latency_on_hw/outputs_main/naive_simd/runs/20260606T215243880774Z/logs/d5fbdcbd7d.log,5.830,1,23900.772,23900.772,23900.772,23900.772,23900.772
20260606T215243880774Z,2026-06-07T00:16:20+00:00,naive_simd,799ea2c24559,fpint_improve,0,generation_merged_naive_simd,llama2_7b_generation_C4_fused_batch1_gen_kv_len1024_qblk32_generation_attn_softmax,5de1db0720,softmax_layout_fused,softmax,attn_softmax,softmax_layout_fused,all_fpint_gemm_improve_fused_layout_spinquant,generation,attn_softmax,-batch 1 -heads 32 -seqq 1 -seqk 1024 -mask 0,"{""batch"": 1, ""consumer"": ""attn_pv"", ""heads"": 32, ""layout_from"": ""gemm_c_tiled"", ""layout_group"": ""attn_qkT_to_softmax_to_attn_pv"", ""layout_to"": ""gemm_a_tiled"", ""mask"": 0, ""producer"": ""attn_qkT"", ""seqk"": 1024, ""seqq"": 1}",32.0,/opt/vortex_fpga_bins/fpint/xrt_hw_u55c_c1_f100_fpint_tcu_noDcache_L2cache_90f22d2615/bin,f9d4c06cee4c6e36c642ff55483c0dd89e2a213a6dc34439696792e38ae26795,0,1,explicit,pass,0,,,/home/jaeyongjang/project.local/vortex/analysis_workspace/latency_on_hw/outputs_main/naive_simd/runs/20260606T215243880774Z/raw/5de1db0720.csv,,,1,0,,,,,,,/home/jaeyongjang/project.local/vortex/analysis_workspace/latency_on_hw/outputs_main/naive_simd/runs/20260606T215243880774Z/logs/5de1db0720.log,8.274,1,32387.223,32387.223,32387.223,32387.223,32387.223
20260606T215243880774Z,2026-06-07T00:16:20+00:00,naive_simd,799ea2c24559,fpint_improve,0,generation_merged_naive_simd,llama2_7b_generation_C4_fused_batch1_gen_kv_len2048_qblk32_generation_attn_softmax,13154a6974,softmax_layout_fused,softmax,attn_softmax,softmax_layout_fused,all_fpint_gemm_improve_fused_layout_spinquant,generation,attn_softmax,-batch 1 -heads 32 -seqq 1 -seqk 2048 -mask 0,"{""batch"": 1, ""consumer"": ""attn_pv"", ""heads"": 32, ""layout_from"": ""gemm_c_tiled"", ""layout_group"": ""attn_qkT_to_softmax_to_attn_pv"", ""layout_to"": ""gemm_a_tiled"", ""mask"": 0, ""producer"": ""attn_qkT"", ""seqk"": 2048, ""seqq"": 1}",32.0,/opt/vortex_fpga_bins/fpint/xrt_hw_u55c_c1_f100_fpint_tcu_noDcache_L2cache_90f22d2615/bin,f9d4c06cee4c6e36c642ff55483c0dd89e2a213a6dc34439696792e38ae26795,0,1,explicit,pass,0,,,/home/jaeyongjang/project.local/vortex/analysis_workspace/latency_on_hw/outputs_main/naive_simd/runs/20260606T215243880774Z/raw/13154a6974.csv,,,1,0,,,,,,,/home/jaeyongjang/project.local/vortex/analysis_workspace/latency_on_hw/outputs_main/naive_simd/runs/20260606T215243880774Z/logs/13154a6974.log,7.988,1,52360.577,52360.577,52360.577,52360.577,52360.577
20260606T215243880774Z,2026-06-07T00:16:20+00:00,naive_simd,799ea2c24559,fpint_improve,0,generation_merged_naive_simd,llama2_7b_generation_C4_fused_batch1_gen_kv_len4096_qblk32_generation_attn_softmax,5859cb1e49,softmax_layout_fused,softmax,attn_softmax,softmax_layout_fused,all_fpint_gemm_improve_fused_layout_spinquant,generation,attn_softmax,-batch 1 -heads 32 -seqq 1 -seqk 4096 -mask 0,"{""batch"": 1, ""consumer"": ""attn_pv"", ""heads"": 32, ""layout_from"": ""gemm_c_tiled"", ""layout_group"": ""attn_qkT_to_softmax_to_attn_pv"", ""layout_to"": ""gemm_a_tiled"", ""mask"": 0, ""producer"": ""attn_qkT"", ""seqk"": 4096, ""seqq"": 1}",32.0,/opt/vortex_fpga_bins/fpint/xrt_hw_u55c_c1_f100_fpint_tcu_noDcache_L2cache_90f22d2615/bin,f9d4c06cee4c6e36c642ff55483c0dd89e2a213a6dc34439696792e38ae26795,0,1,explicit,pass,0,,,/home/jaeyongjang/project.local/vortex/analysis_workspace/latency_on_hw/outputs_main/naive_simd/runs/20260606T215243880774Z/raw/5859cb1e49.csv,,,1,0,,,,,,,/home/jaeyongjang/project.local/vortex/analysis_workspace/latency_on_hw/outputs_main/naive_simd/runs/20260606T215243880774Z/logs/5859cb1e49.log,7.546,1,82954.968,82954.968,82954.968,82954.968,82954.968
20260606T215243880774Z,2026-06-07T00:16:20+00:00,naive_simd,799ea2c24559,fpint_improve,0,generation_merged_naive_simd,llama2_7b_generation_C4_fused_batch2_gen_kv_len512_qblk32_generation_attn_softmax,b85139553e,softmax_layout_fused,softmax,attn_softmax,softmax_layout_fused,all_fpint_gemm_improve_fused_layout_spinquant,generation,attn_softmax,-batch 2 -heads 32 -seqq 1 -seqk 512 -mask 0,"{""batch"": 2, ""consumer"": ""attn_pv"", ""heads"": 32, ""layout_from"": ""gemm_c_tiled"", ""layout_group"": ""attn_qkT_to_softmax_to_attn_pv"", ""layout_to"": ""gemm_a_tiled"", ""mask"": 0, ""producer"": ""attn_qkT"", ""seqk"": 512, ""seqq"": 1}",32.0,/opt/vortex_fpga_bins/fpint/xrt_hw_u55c_c1_f100_fpint_tcu_noDcache_L2cache_90f22d2615/bin,f9d4c06cee4c6e36c642ff55483c0dd89e2a213a6dc34439696792e38ae26795,0,1,explicit,pass,0,,,/home/jaeyongjang/project.local/vortex/analysis_workspace/latency_on_hw/outputs_main/naive_simd/runs/20260606T215243880774Z/raw/b85139553e.csv,,,1,0,,,,,,,/home/jaeyongjang/project.local/vortex/analysis_workspace/latency_on_hw/outputs_main/naive_simd/runs/20260606T215243880774Z/logs/b85139553e.log,7.289,1,47055.955,47055.955,47055.955,47055.955,47055.955
20260606T215243880774Z,2026-06-07T00:16:20+00:00,naive_simd,799ea2c24559,fpint_improve,0,generation_merged_naive_simd,llama2_7b_generation_C4_fused_batch2_gen_kv_len1024_qblk32_generation_attn_softmax,205108c973,softmax_layout_fused,softmax,attn_softmax,softmax_layout_fused,all_fpint_gemm_improve_fused_layout_spinquant,generation,attn_softmax,-batch 2 -heads 32 -seqq 1 -seqk 1024 -mask 0,"{""batch"": 2, ""consumer"": ""attn_pv"", ""heads"": 32, ""layout_from"": ""gemm_c_tiled"", ""layout_group"": ""attn_qkT_to_softmax_to_attn_pv"", ""layout_to"": ""gemm_a_tiled"", ""mask"": 0, ""producer"": ""attn_qkT"", ""seqk"": 1024, ""seqq"": 1}",32.0,/opt/vortex_fpga_bins/fpint/xrt_hw_u55c_c1_f100_fpint_tcu_noDcache_L2cache_90f22d2615/bin,f9d4c06cee4c6e36c642ff55483c0dd89e2a213a6dc34439696792e38ae26795,0,1,explicit,pass,0,,,/home/jaeyongjang/project.local/vortex/analysis_workspace/latency_on_hw/outputs_main/naive_simd/runs/20260606T215243880774Z/raw/205108c973.csv,,,1,0,,,,,,,/home/jaeyongjang/project.local/vortex/analysis_workspace/latency_on_hw/outputs_main/naive_simd/runs/20260606T215243880774Z/logs/205108c973.log,5.701,1,64148.734,64148.734,64148.734,64148.734,64148.734
20260606T215243880774Z,2026-06-07T00:16:20+00:00,naive_simd,799ea2c24559,fpint_improve,0,generation_merged_naive_simd,llama2_7b_generation_C4_fused_batch2_gen_kv_len2048_qblk32_generation_attn_softmax,0822a18e3a,softmax_layout_fused,softmax,attn_softmax,softmax_layout_fused,all_fpint_gemm_improve_fused_layout_spinquant,generation,attn_softmax,-batch 2 -heads 32 -seqq 1 -seqk 2048 -mask 0,"{""batch"": 2, ""consumer"": ""attn_pv"", ""heads"": 32, ""layout_from"": ""gemm_c_tiled"", ""layout_group"": ""attn_qkT_to_softmax_to_attn_pv"", ""layout_to"": ""gemm_a_tiled"", ""mask"": 0, ""producer"": ""attn_qkT"", ""seqk"": 2048, ""seqq"": 1}",32.0,/opt/vortex_fpga_bins/fpint/xrt_hw_u55c_c1_f100_fpint_tcu_noDcache_L2cache_90f22d2615/bin,f9d4c06cee4c6e36c642ff55483c0dd89e2a213a6dc34439696792e38ae26795,0,1,explicit,pass,0,,,/home/jaeyongjang/project.local/vortex/analysis_workspace/latency_on_hw/outputs_main/naive_simd/runs/20260606T215243880774Z/raw/0822a18e3a.csv,,,1,0,,,,,,,/home/jaeyongjang/project.local/vortex/analysis_workspace/latency_on_hw/outputs_main/naive_simd/runs/20260606T215243880774Z/logs/0822a18e3a.log,8.057,1,103197.393,103197.393,103197.393,103197.393,103197.393
20260606T215243880774Z,2026-06-07T00:16:20+00:00,naive_simd,799ea2c24559,fpint_improve,0,generation_merged_naive_simd,llama2_7b_generation_C4_fused_batch2_gen_kv_len4096_qblk32_generation_attn_softmax,5655f20767,softmax_layout_fused,softmax,attn_softmax,softmax_layout_fused,all_fpint_gemm_improve_fused_layout_spinquant,generation,attn_softmax,-batch 2 -heads 32 -seqq 1 -seqk 4096 -mask 0,"{""batch"": 2, ""consumer"": ""attn_pv"", ""heads"": 32, ""layout_from"": ""gemm_c_tiled"", ""layout_group"": ""attn_qkT_to_softmax_to_attn_pv"", ""layout_to"": ""gemm_a_tiled"", ""mask"": 0, ""producer"": ""attn_qkT"", ""seqk"": 4096, ""seqq"": 1}",32.0,/opt/vortex_fpga_bins/fpint/xrt_hw_u55c_c1_f100_fpint_tcu_noDcache_L2cache_90f22d2615/bin,f9d4c06cee4c6e36c642ff55483c0dd89e2a213a6dc34439696792e38ae26795,0,1,explicit,pass,0,,,/home/jaeyongjang/project.local/vortex/analysis_workspace/latency_on_hw/outputs_main/naive_simd/runs/20260606T215243880774Z/raw/5655f20767.csv,,,1,0,,,,,,,/home/jaeyongjang/project.local/vortex/analysis_workspace/latency_on_hw/outputs_main/naive_simd/runs/20260606T215243880774Z/logs/5655f20767.log,6.627,1,162871.386,162871.386,162871.386,162871.386,162871.386
20260606T215243880774Z,2026-06-07T00:16:20+00:00,naive_simd,799ea2c24559,fpint_improve,0,generation_merged_naive_simd,llama2_7b_generation_C4_fused_batch4_gen_kv_len512_qblk32_generation_attn_softmax,ce15db13c1,softmax_layout_fused,softmax,attn_softmax,softmax_layout_fused,all_fpint_gemm_improve_fused_layout_spinquant,generation,attn_softmax,-batch 4 -heads 32 -seqq 1 -seqk 512 -mask 0,"{""batch"": 4, ""consumer"": ""attn_pv"", ""heads"": 32, ""layout_from"": ""gemm_c_tiled"", ""layout_group"": ""attn_qkT_to_softmax_to_attn_pv"", ""layout_to"": ""gemm_a_tiled"", ""mask"": 0, ""producer"": ""attn_qkT"", ""seqk"": 512, ""seqq"": 1}",32.0,/opt/vortex_fpga_bins/fpint/xrt_hw_u55c_c1_f100_fpint_tcu_noDcache_L2cache_90f22d2615/bin,f9d4c06cee4c6e36c642ff55483c0dd89e2a213a6dc34439696792e38ae26795,0,1,explicit,pass,0,,,/home/jaeyongjang/project.local/vortex/analysis_workspace/latency_on_hw/outputs_main/naive_simd/runs/20260606T215243880774Z/raw/ce15db13c1.csv,,,1,0,,,,,,,/home/jaeyongjang/project.local/vortex/analysis_workspace/latency_on_hw/outputs_main/naive_simd/runs/20260606T215243880774Z/logs/ce15db13c1.log,8.121,1,92667.19,92667.19,92667.19,92667.19,92667.19
20260606T215243880774Z,2026-06-07T00:16:20+00:00,naive_simd,799ea2c24559,fpint_improve,0,generation_merged_naive_simd,llama2_7b_generation_C4_fused_batch4_gen_kv_len1024_qblk32_generation_attn_softmax,dab8f24515,softmax_layout_fused,softmax,attn_softmax,softmax_layout_fused,all_fpint_gemm_improve_fused_layout_spinquant,generation,attn_softmax,-batch 4 -heads 32 -seqq 1 -seqk 1024 -mask 0,"{""batch"": 4, ""consumer"": ""attn_pv"", ""heads"": 32, ""layout_from"": ""gemm_c_tiled"", ""layout_group"": ""attn_qkT_to_softmax_to_attn_pv"", ""layout_to"": ""gemm_a_tiled"", ""mask"": 0, ""producer"": ""attn_qkT"", ""seqk"": 1024, ""seqq"": 1}",32.0,/opt/vortex_fpga_bins/fpint/xrt_hw_u55c_c1_f100_fpint_tcu_noDcache_L2cache_90f22d2615/bin,f9d4c06cee4c6e36c642ff55483c0dd89e2a213a6dc34439696792e38ae26795,0,1,explicit,pass,0,,,/home/jaeyongjang/project.local/vortex/analysis_workspace/latency_on_hw/outputs_main/naive_simd/runs/20260606T215243880774Z/raw/dab8f24515.csv,,,1,0,,,,,,,/home/jaeyongjang/project.local/vortex/analysis_workspace/latency_on_hw/outputs_main/naive_simd/runs/20260606T215243880774Z/logs/dab8f24515.log,8.539,1,126330.456,126330.456,126330.456,126330.456,126330.456
20260606T215243880774Z,2026-06-07T00:16:20+00:00,naive_simd,799ea2c24559,fpint_improve,0,generation_merged_naive_simd,llama2_7b_generation_C4_fused_batch4_gen_kv_len2048_qblk32_generation_attn_softmax,e314dafc6a,softmax_layout_fused,softmax,attn_softmax,softmax_layout_fused,all_fpint_gemm_improve_fused_layout_spinquant,generation,attn_softmax,-batch 4 -heads 32 -seqq 1 -seqk 2048 -mask 0,"{""batch"": 4, ""consumer"": ""attn_pv"", ""heads"": 32, ""layout_from"": ""gemm_c_tiled"", ""layout_group"": ""attn_qkT_to_softmax_to_attn_pv"", ""layout_to"": ""gemm_a_tiled"", ""mask"": 0, ""producer"": ""attn_qkT"", ""seqk"": 2048, ""seqq"": 1}",32.0,/opt/vortex_fpga_bins/fpint/xrt_hw_u55c_c1_f100_fpint_tcu_noDcache_L2cache_90f22d2615/bin,f9d4c06cee4c6e36c642ff55483c0dd89e2a213a6dc34439696792e38ae26795,0,1,explicit,pass,0,,,/home/jaeyongjang/project.local/vortex/analysis_workspace/latency_on_hw/outputs_main/naive_simd/runs/20260606T215243880774Z/raw/e314dafc6a.csv,,,1,0,,,,,,,/home/jaeyongjang/project.local/vortex/analysis_workspace/latency_on_hw/outputs_main/naive_simd/runs/20260606T215243880774Z/logs/e314dafc6a.log,8.245,1,203728.741,203728.741,203728.741,203728.741,203728.741
20260606T215243880774Z,2026-06-07T00:16:20+00:00,naive_simd,799ea2c24559,fpint_improve,0,generation_merged_naive_simd,llama2_7b_generation_C4_fused_batch4_gen_kv_len4096_qblk32_generation_attn_softmax,63571f7acd,softmax_layout_fused,softmax,attn_softmax,softmax_layout_fused,all_fpint_gemm_improve_fused_layout_spinquant,generation,attn_softmax,-batch 4 -heads 32 -seqq 1 -seqk 4096 -mask 0,"{""batch"": 4, ""consumer"": ""attn_pv"", ""heads"": 32, ""layout_from"": ""gemm_c_tiled"", ""layout_group"": ""attn_qkT_to_softmax_to_attn_pv"", ""layout_to"": ""gemm_a_tiled"", ""mask"": 0, ""producer"": ""attn_qkT"", ""seqk"": 4096, ""seqq"": 1}",32.0,/opt/vortex_fpga_bins/fpint/xrt_hw_u55c_c1_f100_fpint_tcu_noDcache_L2cache_90f22d2615/bin,f9d4c06cee4c6e36c642ff55483c0dd89e2a213a6dc34439696792e38ae26795,0,1,explicit,pass,0,,,/home/jaeyongjang/project.local/vortex/analysis_workspace/latency_on_hw/outputs_main/naive_simd/runs/20260606T215243880774Z/raw/63571f7acd.csv,,,1,0,,,,,,,/home/jaeyongjang/project.local/vortex/analysis_workspace/latency_on_hw/outputs_main/naive_simd/runs/20260606T215243880774Z/logs/63571f7acd.log,9.926,1,324371.839,324371.839,324371.839,324371.839,324371.839
20260606T215243880774Z,2026-06-07T00:16:20+00:00,naive_simd,799ea2c24559,fpint_improve,0,generation_merged_naive_simd,llama2_7b_generation_C4_fused_batch8_gen_kv_len512_qblk32_generation_attn_softmax,03f1928599,softmax_layout_fused,softmax,attn_softmax,softmax_layout_fused,all_fpint_gemm_improve_fused_layout_spinquant,generation,attn_softmax,-batch 8 -heads 32 -seqq 1 -seqk 512 -mask 0,"{""batch"": 8, ""consumer"": ""attn_pv"", ""heads"": 32, ""layout_from"": ""gemm_c_tiled"", ""layout_group"": ""attn_qkT_to_softmax_to_attn_pv"", ""layout_to"": ""gemm_a_tiled"", ""mask"": 0, ""producer"": ""attn_qkT"", ""seqk"": 512, ""seqq"": 1}",32.0,/opt/vortex_fpga_bins/fpint/xrt_hw_u55c_c1_f100_fpint_tcu_noDcache_L2cache_90f22d2615/bin,f9d4c06cee4c6e36c642ff55483c0dd89e2a213a6dc34439696792e38ae26795,0,1,explicit,pass,0,,,/home/jaeyongjang/project.local/vortex/analysis_workspace/latency_on_hw/outputs_main/naive_simd/runs/20260606T215243880774Z/raw/03f1928599.csv,,,1,0,,,,,,,/home/jaeyongjang/project.local/vortex/analysis_workspace/latency_on_hw/outputs_main/naive_simd/runs/20260606T215243880774Z/logs/03f1928599.log,6.143,1,183716.951,183716.951,183716.951,183716.951,183716.951
20260606T215243880774Z,2026-06-07T00:16:20+00:00,naive_simd,799ea2c24559,fpint_improve,0,generation_merged_naive_simd,llama2_7b_generation_C4_fused_batch8_gen_kv_len1024_qblk32_generation_attn_softmax,483653d9c1,softmax_layout_fused,softmax,attn_softmax,softmax_layout_fused,all_fpint_gemm_improve_fused_layout_spinquant,generation,attn_softmax,-batch 8 -heads 32 -seqq 1 -seqk 1024 -mask 0,"{""batch"": 8, ""consumer"": ""attn_pv"", ""heads"": 32, ""layout_from"": ""gemm_c_tiled"", ""layout_group"": ""attn_qkT_to_softmax_to_attn_pv"", ""layout_to"": ""gemm_a_tiled"", ""mask"": 0, ""producer"": ""attn_qkT"", ""seqk"": 1024, ""seqq"": 1}",32.0,/opt/vortex_fpga_bins/fpint/xrt_hw_u55c_c1_f100_fpint_tcu_noDcache_L2cache_90f22d2615/bin,f9d4c06cee4c6e36c642ff55483c0dd89e2a213a6dc34439696792e38ae26795,0,1,explicit,pass,0,,,/home/jaeyongjang/project.local/vortex/analysis_workspace/latency_on_hw/outputs_main/naive_simd/runs/20260606T215243880774Z/raw/483653d9c1.csv,,,1,0,,,,,,,/home/jaeyongjang/project.local/vortex/analysis_workspace/latency_on_hw/outputs_main/naive_simd/runs/20260606T215243880774Z/logs/483653d9c1.log,8.655,1,251098.733,251098.733,251098.733,251098.733,251098.733
20260606T215243880774Z,2026-06-07T00:16:20+00:00,naive_simd,799ea2c24559,fpint_improve,0,generation_merged_naive_simd,llama2_7b_generation_C4_fused_batch8_gen_kv_len2048_qblk32_generation_attn_softmax,315cd90c78,softmax_layout_fused,softmax,attn_softmax,softmax_layout_fused,all_fpint_gemm_improve_fused_layout_spinquant,generation,attn_softmax,-batch 8 -heads 32 -seqq 1 -seqk 2048 -mask 0,"{""batch"": 8, ""consumer"": ""attn_pv"", ""heads"": 32, ""layout_from"": ""gemm_c_tiled"", ""layout_group"": ""attn_qkT_to_softmax_to_attn_pv"", ""layout_to"": ""gemm_a_tiled"", ""mask"": 0, ""producer"": ""attn_qkT"", ""seqk"": 2048, ""seqq"": 1}",32.0,/opt/vortex_fpga_bins/fpint/xrt_hw_u55c_c1_f100_fpint_tcu_noDcache_L2cache_90f22d2615/bin,f9d4c06cee4c6e36c642ff55483c0dd89e2a213a6dc34439696792e38ae26795,0,1,explicit,pass,0,,,/home/jaeyongjang/project.local/vortex/analysis_workspace/latency_on_hw/outputs_main/naive_simd/runs/20260606T215243880774Z/raw/315cd90c78.csv,,,1,0,,,,,,,/home/jaeyongjang/project.local/vortex/analysis_workspace/latency_on_hw/outputs_main/naive_simd/runs/20260606T215243880774Z/logs/315cd90c78.log,10.063,1,404999.099,404999.099,404999.099,404999.099,404999.099
20260606T215243880774Z,2026-06-07T00:16:20+00:00,naive_simd,799ea2c24559,fpint_improve,0,generation_merged_naive_simd,llama2_7b_generation_C4_fused_batch8_gen_kv_len4096_qblk32_generation_attn_softmax,b212b4235a,softmax_layout_fused,softmax,attn_softmax,softmax_layout_fused,all_fpint_gemm_improve_fused_layout_spinquant,generation,attn_softmax,-batch 8 -heads 32 -seqq 1 -seqk 4096 -mask 0,"{""batch"": 8, ""consumer"": ""attn_pv"", ""heads"": 32, ""layout_from"": ""gemm_c_tiled"", ""layout_group"": ""attn_qkT_to_softmax_to_attn_pv"", ""layout_to"": ""gemm_a_tiled"", ""mask"": 0, ""producer"": ""attn_qkT"", ""seqk"": 4096, ""seqq"": 1}",32.0,/opt/vortex_fpga_bins/fpint/xrt_hw_u55c_c1_f100_fpint_tcu_noDcache_L2cache_90f22d2615/bin,f9d4c06cee4c6e36c642ff55483c0dd89e2a213a6dc34439696792e38ae26795,0,1,explicit,pass,0,,,/home/jaeyongjang/project.local/vortex/analysis_workspace/latency_on_hw/outputs_main/naive_simd/runs/20260606T215243880774Z/raw/b212b4235a.csv,,,1,0,,,,,,,/home/jaeyongjang/project.local/vortex/analysis_workspace/latency_on_hw/outputs_main/naive_simd/runs/20260606T215243880774Z/logs/b212b4235a.log,11.347,1,647653.742,647653.742,647653.742,647653.742,647653.742
