Information: Propagating switching activity (high effort zero delay simulation). (PWR-6)
Warning: Design has unannotated primary inputs. (PWR-414)
Warning: Design has unannotated sequential cell outputs. (PWR-415)
 
****************************************
Report : power
        -hier
        -analysis_effort high
        -verbose
Design : VX_tcu_unit
Scenario(s): mode_norm.OC_rvt_ss_0p900v_125c
Version: V-2023.12-SP5-3
Date   : Wed Jul 15 17:33:20 2026
****************************************


Library(s) Used:

    sc9_cmos28lpp_base_rvt_ss_nominal_max_0p900v_125c_sadhm (File: /tool/PDK/Samsung/LN28LPP_202203/PRIMITIVES/RVT/ln28lpp_sc_9t_base_rvt_c130_V1.00d/FE-Common/LIBERTY/sc9_cmos28lpp_base_rvt_ss_nominal_max_0p900v_125c_sadhm.db)


Global Operating Voltage = 0.9  
Power-specific unit information :
    Voltage Units = 1V
    Capacitance Units = 1.000000pf
    Time Units = 1ns
    Dynamic Power Units = 1mW    (derived from V,C,T units)
    Leakage Power Units = 1uW


--------------------------------------------------------------------------------
                                       Switch   Int      Leak     Total
Hierarchy                              Power    Power    Power    Power    %
--------------------------------------------------------------------------------
VX_tcu_unit                              23.406   44.142 4.13e+03   71.681 100.0
  gather_unit (VX_gather_unit_h_804_242_940)    0.175    0.461   49.850    0.686   1.0
    g_out_bufs_0__out_buf (VX_elastic_buffer_1)    0.175    0.461   49.402    0.685   1.0
      g_eb2_out_buf (VX_pipe_buffer_1) 3.32e-02 2.02e-02    7.196 6.06e-02   0.1
      g_eb2_stream_buffer (VX_stream_buffer_2155_1)    0.142    0.441   42.206    0.625   0.9
  g_blocks_0__tcu_fp (VX_tcu_fp_h_530_242_542)   22.648   42.070 3.93e+03   68.650  95.8
    g_i_7__g_j_3__fedp (VX_tcu_fedp_bhf_0)    0.675    1.218  116.839    2.009   2.8
      final_add (VX_tcu_bhf_fadd_1_0)  5.22e-02 6.69e-02    8.520    0.128   0.2
        pipe_rnd (VX_pipe_register_6_0) 7.89e-03 1.16e-02    0.491 1.99e-02   0.0
          g_shift_register (VX_shift_register_37_0_1_0_0) 7.89e-03 1.16e-02    0.491 1.99e-02   0.0
        g_out_ieee_to_ieee (recFNToFN_0) 5.27e-03 2.98e-03    0.791 9.04e-03   0.0
          recFNToRawFN (recFNToRawFN_1_0) 1.45e-03 7.96e-04    0.232 2.48e-03   0.0
        rounding (roundAnyRawFNToRecFN_1_0) 7.64e-03 2.96e-03    1.212 1.18e-02   0.0
          genblk2_genblk1_lowMask_roundMask (lowMaskLoHi_0) 2.38e-04 1.39e-04    0.302 6.79e-04   0.0
            reverse (reverse_2_0)      5.52e-06 2.27e-06    0.154 1.61e-04   0.0
        pipe_add (VX_pipe_register_5_0) 7.52e-03 3.05e-02    1.265 3.93e-02   0.1
          g_shift_register (VX_shift_register_45_0_2_0_0) 7.52e-03 3.05e-02    1.265 3.93e-02   0.1
        adder (addRecFNToRaw_0)        2.39e-02 1.90e-02    4.755 4.76e-02   0.1
          lowMask_far_roundExtraMask (lowMaskHiLo_0) 3.96e-05 7.94e-05 8.05e-02 1.99e-04   0.0
            reverse (reverse_1_0)      1.55e-05 3.74e-05 5.03e-02 1.03e-04   0.0
          compressBy4_far_sigSmaller (compressBy4_0) 3.71e-05 1.68e-04 4.47e-02 2.50e-04   0.0
          countLeadingZeros_close (countLeadingZeros_0) 5.34e-04 4.55e-04    0.163 1.15e-03   0.0
            reverse_in (reverse_0)     2.56e-04 3.09e-04 9.01e-02 6.55e-04   0.0
          compressBy2_close_sigSum (compressBy2_0) 2.22e-04 3.36e-04 6.60e-02 6.24e-04   0.0
          isSigNaN_b (isSigNaNRecFN_1_0) 6.08e-06 5.15e-06 4.53e-03 1.58e-05   0.0
          recFNToRawFN_b (recFNToRawFN_1_1) 6.68e-04 2.67e-04    0.236 1.17e-03   0.0
          isSigNaN_a (isSigNaNRecFN_1_1) 8.51e-06 1.32e-05 4.77e-03 2.65e-05   0.0
          recFNToRawFN_a (recFNToRawFN_1_2) 1.20e-03 8.14e-04    0.232 2.25e-03   0.0
      pipe_c (VX_pipe_register_2_0)    2.01e-02    0.139    6.434    0.166   0.2
        g_shift_register (VX_shift_register_33_0_13_0_0) 2.01e-02    0.139    6.434    0.166   0.2
      conv_c (fNToRecFN_0)             4.23e-03 9.69e-04    0.835 6.04e-03   0.0
        clz (bsg_counting_leading_zeros_0) 1.05e-04 1.08e-04    0.119 3.33e-04   0.0
          lzc (VX_lzc_0)               1.05e-04 1.08e-04    0.119 3.33e-04   0.0
            g_lzc_find_first (VX_find_first_23_5_1_0) 9.35e-05 1.05e-04    0.107 3.06e-04   0.0
      g_red_tree_2__g_add_0__reduce_add (VX_tcu_bhf_fadd_0) 5.07e-02 7.58e-02    7.742    0.134   0.2
        pipe_rnd (VX_pipe_register_4_0) 2.18e-03 1.25e-02    0.504 1.52e-02   0.0
          g_shift_register (VX_shift_register_38_0_1_0_0) 2.18e-03 1.25e-02    0.504 1.52e-02   0.0
        rounding (roundAnyRawFNToRecFN_1_1) 5.30e-03 3.65e-03    1.205 1.02e-02   0.0
          genblk2_genblk1_lowMask_roundMask (lowMaskLoHi_1) 2.68e-04 1.46e-04    0.301 7.15e-04   0.0
            reverse (reverse_2_1)      1.34e-05 5.42e-06    0.154 1.72e-04   0.0
        pipe_add (VX_pipe_register_5_1) 6.63e-03 3.16e-02    1.265 3.95e-02   0.1
          g_shift_register (VX_shift_register_45_0_2_0_1) 6.63e-03 3.16e-02    1.265 3.95e-02   0.1
        adder (addRecFNToRaw_1)        3.66e-02 2.80e-02    4.769 6.93e-02   0.1
          lowMask_far_roundExtraMask (lowMaskHiLo_1) 1.62e-04 2.98e-04 8.10e-02 5.41e-04   0.0
            reverse (reverse_1_1)      6.35e-05 1.46e-04 4.72e-02 2.56e-04   0.0
          compressBy4_far_sigSmaller (compressBy4_1) 7.37e-05 3.65e-04 4.79e-02 4.86e-04   0.0
          countLeadingZeros_close (countLeadingZeros_1) 5.97e-04 5.32e-04    0.163 1.29e-03   0.0
            reverse_in (reverse_3)     3.11e-04 3.70e-04 8.96e-02 7.70e-04   0.0
          compressBy2_close_sigSum (compressBy2_1) 2.14e-04 4.00e-04 6.61e-02 6.80e-04   0.0
          isSigNaN_b (isSigNaNRecFN_1_2) 6.89e-06 8.76e-06 4.18e-03 1.98e-05   0.0
          recFNToRawFN_b (recFNToRawFN_1_3) 2.43e-03 9.00e-04    0.233 3.56e-03   0.0
          isSigNaN_a (isSigNaNRecFN_1_3) 5.00e-06 8.51e-06 4.18e-03 1.77e-05   0.0
          recFNToRawFN_a (recFNToRawFN_1_4) 1.59e-03 8.91e-04    0.233 2.71e-03   0.0
      g_red_tree_1__g_add_1__reduce_add (VX_tcu_bhf_fadd_2) 5.38e-02 7.66e-02    7.761    0.138   0.2
        pipe_rnd (VX_pipe_register_4_1) 3.30e-03 1.29e-02    0.505 1.67e-02   0.0
          g_shift_register (VX_shift_register_38_0_1_0_1) 3.30e-03 1.29e-02    0.505 1.67e-02   0.0
        rounding (roundAnyRawFNToRecFN_1_2) 6.50e-03 3.88e-03    1.223 1.16e-02   0.0
          genblk2_genblk1_lowMask_roundMask (lowMaskLoHi_2) 2.63e-04 1.49e-04    0.303 7.15e-04   0.0
            reverse (reverse_2_2)      1.37e-05 5.42e-06    0.153 1.73e-04   0.0
        pipe_add (VX_pipe_register_5_2) 7.40e-03 3.17e-02    1.266 4.04e-02   0.1
          g_shift_register (VX_shift_register_45_0_2_0_2) 7.40e-03 3.17e-02    1.266 4.04e-02   0.1
        adder (addRecFNToRaw_2)        3.66e-02 2.82e-02    4.768 6.95e-02   0.1
          lowMask_far_roundExtraMask (lowMaskHiLo_2) 1.53e-04 2.72e-04 8.07e-02 5.06e-04   0.0
            reverse (reverse_1_2)      6.93e-05 1.32e-04 4.69e-02 2.48e-04   0.0
          compressBy4_far_sigSmaller (compressBy4_2) 1.08e-04 3.43e-04 4.62e-02 4.97e-04   0.0
          countLeadingZeros_close (countLeadingZeros_2) 5.74e-04 5.18e-04    0.163 1.25e-03   0.0
            reverse_in (reverse_4)     2.98e-04 3.63e-04 8.98e-02 7.50e-04   0.0
          compressBy2_close_sigSum (compressBy2_2) 1.92e-04 3.92e-04 6.62e-02 6.51e-04   0.0
          isSigNaN_b (isSigNaNRecFN_1_4) 5.95e-06 9.46e-06 4.41e-03 1.98e-05   0.0
          recFNToRawFN_b (recFNToRawFN_1_5) 2.15e-03 9.20e-04    0.234 3.30e-03   0.0
          isSigNaN_a (isSigNaNRecFN_1_5) 4.51e-06 9.13e-06 4.35e-03 1.80e-05   0.0
          recFNToRawFN_a (recFNToRawFN_1_6) 1.86e-03 9.30e-04    0.234 3.02e-03   0.0
      g_red_tree_1__g_add_0__reduce_add (VX_tcu_bhf_fadd_3) 5.57e-02 7.65e-02    7.774    0.140   0.2
        pipe_rnd (VX_pipe_register_4_2) 3.47e-03 1.29e-02    0.505 1.68e-02   0.0
          g_shift_register (VX_shift_register_38_0_1_0_2) 3.47e-03 1.29e-02    0.505 1.68e-02   0.0
        rounding (roundAnyRawFNToRecFN_1_3) 6.60e-03 3.84e-03    1.222 1.17e-02   0.0
          genblk2_genblk1_lowMask_roundMask (lowMaskLoHi_3) 2.63e-04 1.51e-04    0.303 7.16e-04   0.0
            reverse (reverse_2_3)      1.29e-05 5.41e-06    0.153 1.72e-04   0.0
        pipe_add (VX_pipe_register_5_3) 9.52e-03 3.17e-02    1.265 4.25e-02   0.1
          g_shift_register (VX_shift_register_45_0_2_0_3) 9.52e-03 3.17e-02    1.265 4.25e-02   0.1
        adder (addRecFNToRaw_3)        3.61e-02 2.81e-02    4.782 6.90e-02   0.1
          lowMask_far_roundExtraMask (lowMaskHiLo_3) 1.48e-04 2.71e-04 8.07e-02 4.99e-04   0.0
            reverse (reverse_1_3)      6.42e-05 1.31e-04 4.69e-02 2.42e-04   0.0
          compressBy4_far_sigSmaller (compressBy4_3) 1.08e-04 3.42e-04 4.62e-02 4.97e-04   0.0
          countLeadingZeros_close (countLeadingZeros_3) 5.74e-04 5.19e-04    0.163 1.26e-03   0.0
            reverse_in (reverse_5)     3.08e-04 3.62e-04 8.98e-02 7.60e-04   0.0
          compressBy2_close_sigSum (compressBy2_3) 2.35e-04 3.93e-04 6.62e-02 6.94e-04   0.0
          isSigNaN_b (isSigNaNRecFN_1_6) 4.06e-06 9.41e-06 4.35e-03 1.78e-05   0.0
          recFNToRawFN_b (recFNToRawFN_1_7) 2.86e-03 9.32e-04    0.234 4.03e-03   0.0
          isSigNaN_a (isSigNaNRecFN_1_7) 5.43e-06 9.27e-06 4.40e-03 1.91e-05   0.0
          recFNToRawFN_a (recFNToRawFN_1_8) 1.19e-03 9.15e-04    0.234 2.34e-03   0.0
      g_red_tree_0__g_add_3__reduce_add (VX_tcu_bhf_fadd_4) 5.10e-02 7.40e-02    7.589    0.133   0.2
        pipe_rnd (VX_pipe_register_4_3) 3.01e-03 1.29e-02    0.505 1.64e-02   0.0
          g_shift_register (VX_shift_register_38_0_1_0_3) 3.01e-03 1.29e-02    0.505 1.64e-02   0.0
        rounding (roundAnyRawFNToRecFN_1_4) 6.12e-03 3.81e-03    1.230 1.12e-02   0.0
          genblk2_genblk1_lowMask_roundMask (lowMaskLoHi_4) 2.49e-04 1.51e-04    0.303 7.03e-04   0.0
            reverse (reverse_2_4)      1.39e-05 5.42e-06    0.153 1.73e-04   0.0
        pipe_add (VX_pipe_register_5_4) 1.04e-02 3.22e-02    1.268 4.38e-02   0.1
          g_shift_register (VX_shift_register_45_0_2_0_4) 1.04e-02 3.22e-02    1.268 4.38e-02   0.1
        adder (addRecFNToRaw_4)        3.15e-02 2.51e-02    4.585 6.12e-02   0.1
          lowMask_far_roundExtraMask (lowMaskHiLo_4) 1.18e-04 2.26e-04 6.92e-02 4.12e-04   0.0
            reverse (reverse_1_4)      5.30e-05 1.09e-04 3.99e-02 2.02e-04   0.0
          compressBy4_far_sigSmaller (compressBy4_4) 4.61e-05 2.45e-04 4.07e-02 3.32e-04   0.0
          countLeadingZeros_close (countLeadingZeros_4) 5.43e-04 4.99e-04    0.156 1.20e-03   0.0
            reverse_in (reverse_6)     2.78e-04 3.02e-04 8.27e-02 6.62e-04   0.0
          compressBy2_close_sigSum (compressBy2_4) 1.86e-04 3.27e-04 6.15e-02 5.75e-04   0.0
          isSigNaN_b (isSigNaNRecFN_1_8) 7.56e-06 1.10e-05 4.86e-03 2.34e-05   0.0
          recFNToRawFN_b (recFNToRawFN_1_9) 2.27e-03 7.52e-04    0.221 3.25e-03   0.0
          isSigNaN_a (isSigNaNRecFN_1_9) 7.92e-06 1.13e-05 4.87e-03 2.41e-05   0.0
          recFNToRawFN_a (recFNToRawFN_1_10) 1.57e-03 7.46e-04    0.221 2.54e-03   0.0
      g_red_tree_0__g_add_2__reduce_add (VX_tcu_bhf_fadd_5) 6.53e-02 7.47e-02    7.654    0.148   0.2
        pipe_rnd (VX_pipe_register_4_4) 5.10e-03 1.31e-02    0.505 1.87e-02   0.0
          g_shift_register (VX_shift_register_38_0_1_0_4) 5.10e-03 1.31e-02    0.505 1.87e-02   0.0
        rounding (roundAnyRawFNToRecFN_1_5) 1.29e-02 4.03e-03    1.290 1.83e-02   0.0
          genblk2_genblk1_lowMask_roundMask (lowMaskLoHi_5) 2.54e-04 1.54e-04    0.304 7.12e-04   0.0
            reverse (reverse_2_5)      1.33e-05 5.42e-06    0.153 1.72e-04   0.0
        pipe_add (VX_pipe_register_5_5) 1.43e-02 3.23e-02    1.268 4.79e-02   0.1
          g_shift_register (VX_shift_register_45_0_2_0_5) 1.43e-02 3.23e-02    1.268 4.79e-02   0.1
        adder (addRecFNToRaw_5)        3.29e-02 2.53e-02    4.590 6.28e-02   0.1
          lowMask_far_roundExtraMask (lowMaskHiLo_5) 1.08e-04 2.25e-04 6.92e-02 4.02e-04   0.0
            reverse (reverse_1_5)      4.68e-05 1.09e-04 3.99e-02 1.96e-04   0.0
          compressBy4_far_sigSmaller (compressBy4_5) 4.08e-05 2.46e-04 4.07e-02 3.28e-04   0.0
          countLeadingZeros_close (countLeadingZeros_5) 5.49e-04 5.03e-04    0.156 1.21e-03   0.0
            reverse_in (reverse_7)     2.86e-04 3.05e-04 8.27e-02 6.73e-04   0.0
          compressBy2_close_sigSum (compressBy2_5) 1.64e-04 3.29e-04 6.15e-02 5.54e-04   0.0
          isSigNaN_b (isSigNaNRecFN_1_10) 6.40e-06 1.08e-05 4.85e-03 2.20e-05   0.0
          recFNToRawFN_b (recFNToRawFN_1_11) 2.27e-03 7.54e-04    0.221 3.25e-03   0.0
          isSigNaN_a (isSigNaNRecFN_1_11) 1.07e-05 1.16e-05 4.86e-03 2.72e-05   0.0
          recFNToRawFN_a (recFNToRawFN_1_12) 1.79e-03 7.54e-04    0.221 2.77e-03   0.0
      g_red_tree_0__g_add_1__reduce_add (VX_tcu_bhf_fadd_6) 5.48e-02 7.44e-02    7.646    0.137   0.2
        pipe_rnd (VX_pipe_register_4_5) 4.93e-03 1.30e-02    0.505 1.84e-02   0.0
          g_shift_register (VX_shift_register_38_0_1_0_5) 4.93e-03 1.30e-02    0.505 1.84e-02   0.0
        rounding (roundAnyRawFNToRecFN_1_6) 9.51e-03 3.98e-03    1.279 1.48e-02   0.0
          genblk2_genblk1_lowMask_roundMask (lowMaskLoHi_6) 2.45e-04 1.52e-04    0.303 7.00e-04   0.0
            reverse (reverse_2_6)      1.33e-05 5.42e-06    0.153 1.72e-04   0.0
        pipe_add (VX_pipe_register_5_6) 9.00e-03 3.22e-02    1.268 4.25e-02   0.1
          g_shift_register (VX_shift_register_45_0_2_0_6) 9.00e-03 3.22e-02    1.268 4.25e-02   0.1
        adder (addRecFNToRaw_6)        3.14e-02 2.52e-02    4.586 6.12e-02   0.1
          lowMask_far_roundExtraMask (lowMaskHiLo_6) 1.17e-04 2.24e-04 6.92e-02 4.10e-04   0.0
            reverse (reverse_1_6)      5.58e-05 1.09e-04 3.98e-02 2.04e-04   0.0
          compressBy4_far_sigSmaller (compressBy4_6) 4.48e-05 2.46e-04 4.07e-02 3.31e-04   0.0
          countLeadingZeros_close (countLeadingZeros_6) 5.52e-04 4.99e-04    0.156 1.21e-03   0.0
            reverse_in (reverse_8)     2.93e-04 3.03e-04 8.27e-02 6.79e-04   0.0
          compressBy2_close_sigSum (compressBy2_6) 1.55e-04 3.27e-04 6.15e-02 5.43e-04   0.0
          isSigNaN_b (isSigNaNRecFN_1_12) 5.89e-06 1.12e-05 4.83e-03 2.20e-05   0.0
          recFNToRawFN_b (recFNToRawFN_1_13) 2.21e-03 7.60e-04    0.221 3.20e-03   0.0
          isSigNaN_a (isSigNaNRecFN_1_13) 8.72e-06 1.13e-05 4.86e-03 2.49e-05   0.0
          recFNToRawFN_a (recFNToRawFN_1_14) 1.74e-03 7.49e-04    0.221 2.71e-03   0.0
      g_red_tree_0__g_add_0__reduce_add (VX_tcu_bhf_fadd_7) 5.34e-02 7.42e-02    7.616    0.135   0.2
        pipe_rnd (VX_pipe_register_4_6) 4.71e-03 1.29e-02    0.505 1.82e-02   0.0
          g_shift_register (VX_shift_register_38_0_1_0_6) 4.71e-03 1.29e-02    0.505 1.82e-02   0.0
        rounding (roundAnyRawFNToRecFN_1_7) 6.66e-03 3.84e-03    1.256 1.18e-02   0.0
          genblk2_genblk1_lowMask_roundMask (lowMaskLoHi_7) 2.49e-04 1.52e-04    0.303 7.04e-04   0.0
            reverse (reverse_2_7)      1.32e-05 5.42e-06    0.153 1.72e-04   0.0
        pipe_add (VX_pipe_register_5_7) 1.01e-02 3.22e-02    1.268 4.35e-02   0.1
          g_shift_register (VX_shift_register_45_0_2_0_7) 1.01e-02 3.22e-02    1.268 4.35e-02   0.1
        adder (addRecFNToRaw_7)        3.20e-02 2.52e-02    4.586 6.18e-02   0.1
          lowMask_far_roundExtraMask (lowMaskHiLo_7) 1.12e-04 2.24e-04 6.92e-02 4.05e-04   0.0
            reverse (reverse_1_7)      5.61e-05 1.09e-04 3.99e-02 2.05e-04   0.0
          compressBy4_far_sigSmaller (compressBy4_7) 4.21e-05 2.44e-04 4.07e-02 3.27e-04   0.0
          countLeadingZeros_close (countLeadingZeros_7) 5.54e-04 5.03e-04    0.156 1.21e-03   0.0
            reverse_in (reverse_9)     2.85e-04 3.04e-04 8.26e-02 6.72e-04   0.0
          compressBy2_close_sigSum (compressBy2_7) 1.84e-04 3.29e-04 6.15e-02 5.75e-04   0.0
          isSigNaN_b (isSigNaNRecFN_1_14) 6.29e-06 1.09e-05 4.86e-03 2.20e-05   0.0
          recFNToRawFN_b (recFNToRawFN_1_15) 2.33e-03 7.63e-04    0.221 3.31e-03   0.0
          isSigNaN_a (isSigNaNRecFN_1_15) 9.42e-06 1.10e-05 4.87e-03 2.53e-05   0.0
          recFNToRawFN_a (recFNToRawFN_1_16) 1.84e-03 7.53e-04    0.221 2.81e-03   0.0
      g_prod_7__pipe_mult (VX_pipe_register_1_0) 2.55e-03 1.16e-02    0.477 1.46e-02   0.0
        g_shift_register (VX_shift_register_33_0_1_0_0) 2.55e-03 1.16e-02    0.477 1.46e-02   0.0
      g_prod_7__fp16_mul (VX_tcu_bhf_fmul_0) 2.89e-02 4.91e-02    5.429 8.35e-02   0.1
        pipe_rnd (VX_pipe_register_4_7) 5.87e-03 1.16e-02    0.477 1.79e-02   0.0
          g_shift_register (VX_shift_register_38_0_1_0_7) 5.87e-03 1.16e-02    0.477 1.79e-02   0.0
        rounding (roundAnyRawFNToRecFN_0) 3.40e-03 1.13e-03    0.274 4.80e-03   0.0
        pipe_add (VX_pipe_register_3_0) 5.74e-03 2.46e-02    1.028 3.14e-02   0.0
          g_shift_register (VX_shift_register_37_0_2_0_0) 5.74e-03 2.46e-02    1.028 3.14e-02   0.0
        multiplier (mulRecFNToFullRaw_0) 1.22e-02 1.09e-02    3.023 2.60e-02   0.0
          isSigNaN_b (isSigNaNRecFN_0) 7.26e-06 8.76e-06 4.73e-03 2.08e-05   0.0
          recFNToRawFN_b (recFNToRawFN_0) 7.03e-04 2.23e-04    0.129 1.06e-03   0.0
          isSigNaN_a (isSigNaNRecFN_2) 5.88e-06 8.03e-06 4.67e-03 1.86e-05   0.0
          recFNToRawFN_a (recFNToRawFN_2) 6.41e-04 1.79e-04    0.129 9.48e-04   0.0
        g_in_ieee_from_ieee_b (fNToRecFN_1_0) 6.88e-04 5.33e-04    0.313 1.53e-03   0.0
          clz (bsg_counting_leading_zeros_1_0) 1.23e-04 9.16e-05 6.84e-02 2.83e-04   0.0
            lzc (VX_lzc_1_0)           1.23e-04 9.16e-05 6.84e-02 2.83e-04   0.0
              g_lzc_find_first (VX_find_first_10_4_1_0) 5.44e-05 7.16e-05 5.55e-02 1.82e-04   0.0
        g_in_ieee_from_ieee_a (fNToRecFN_1_1) 1.08e-03 4.03e-04    0.314 1.79e-03   0.0
          clz (bsg_counting_leading_zeros_1_1) 9.25e-05 6.88e-05 6.84e-02 2.30e-04   0.0
            lzc (VX_lzc_1_1)           9.25e-05 6.88e-05 6.84e-02 2.30e-04   0.0
              g_lzc_find_first (VX_find_first_10_4_1_1) 4.03e-05 5.35e-05 5.56e-02 1.49e-04   0.0
      g_prod_6__pipe_mult (VX_pipe_register_1_1) 2.78e-03 1.16e-02    0.477 1.48e-02   0.0
        g_shift_register (VX_shift_register_33_0_1_0_1) 2.78e-03 1.16e-02    0.477 1.48e-02   0.0
      g_prod_6__fp16_mul (VX_tcu_bhf_fmul_1) 2.57e-02 4.89e-02    5.434 8.01e-02   0.1
        pipe_rnd (VX_pipe_register_4_8) 3.09e-03 1.16e-02    0.477 1.51e-02   0.0
          g_shift_register (VX_shift_register_38_0_1_0_8) 3.09e-03 1.16e-02    0.477 1.51e-02   0.0
        rounding (roundAnyRawFNToRecFN_2) 2.81e-03 1.11e-03    0.273 4.20e-03   0.0
        pipe_add (VX_pipe_register_3_1) 4.70e-03 2.46e-02    1.028 3.03e-02   0.0
          g_shift_register (VX_shift_register_37_0_2_0_1) 4.70e-03 2.46e-02    1.028 3.03e-02   0.0
        multiplier (mulRecFNToFullRaw_1) 1.35e-02 1.08e-02    3.029 2.73e-02   0.0
          isSigNaN_b (isSigNaNRecFN_3) 4.81e-06 8.71e-06 4.73e-03 1.83e-05   0.0
          recFNToRawFN_b (recFNToRawFN_3) 8.87e-04 2.21e-04    0.129 1.24e-03   0.0
          isSigNaN_a (isSigNaNRecFN_4) 4.35e-06 7.55e-06 4.66e-03 1.66e-05   0.0
          recFNToRawFN_a (recFNToRawFN_4) 5.78e-04 1.74e-04    0.129 8.81e-04   0.0
        g_in_ieee_from_ieee_b (fNToRecFN_1_2) 6.60e-04 5.26e-04    0.313 1.50e-03   0.0
          clz (bsg_counting_leading_zeros_1_2) 1.23e-04 9.16e-05 6.85e-02 2.83e-04   0.0
            lzc (VX_lzc_1_2)           1.23e-04 9.16e-05 6.85e-02 2.83e-04   0.0
              g_lzc_find_first (VX_find_first_10_4_1_2) 5.43e-05 7.20e-05 5.56e-02 1.82e-04   0.0
        g_in_ieee_from_ieee_a (fNToRecFN_1_3) 9.62e-04 4.02e-04    0.314 1.68e-03   0.0
          clz (bsg_counting_leading_zeros_1_3) 9.28e-05 6.93e-05 6.84e-02 2.31e-04   0.0
            lzc (VX_lzc_1_3)           9.28e-05 6.93e-05 6.84e-02 2.31e-04   0.0
              g_lzc_find_first (VX_find_first_10_4_1_3) 3.97e-05 5.37e-05 5.56e-02 1.49e-04   0.0
      g_prod_5__pipe_mult (VX_pipe_register_1_2) 3.02e-03 1.16e-02    0.477 1.51e-02   0.0
        g_shift_register (VX_shift_register_33_0_1_0_2) 3.02e-03 1.16e-02    0.477 1.51e-02   0.0
      g_prod_5__fp16_mul (VX_tcu_bhf_fmul_2) 2.47e-02 4.90e-02    5.409 7.92e-02   0.1
        pipe_rnd (VX_pipe_register_4_9) 5.90e-03 1.16e-02    0.477 1.80e-02   0.0
          g_shift_register (VX_shift_register_38_0_1_0_9) 5.90e-03 1.16e-02    0.477 1.80e-02   0.0
        rounding (roundAnyRawFNToRecFN_3) 1.57e-03 1.11e-03    0.272 2.95e-03   0.0
        pipe_add (VX_pipe_register_3_2) 4.89e-03 2.46e-02    1.028 3.05e-02   0.0
          g_shift_register (VX_shift_register_37_0_2_0_2) 4.89e-03 2.46e-02    1.028 3.05e-02   0.0
        multiplier (mulRecFNToFullRaw_2) 1.12e-02 1.08e-02    3.008 2.50e-02   0.0
          isSigNaN_b (isSigNaNRecFN_5) 1.03e-05 9.02e-06 4.69e-03 2.40e-05   0.0
          recFNToRawFN_b (recFNToRawFN_5) 7.25e-04 2.24e-04    0.129 1.08e-03   0.0
          isSigNaN_a (isSigNaNRecFN_6) 4.26e-06 7.14e-06 4.66e-03 1.61e-05   0.0
          recFNToRawFN_a (recFNToRawFN_6) 3.15e-04 1.65e-04    0.129 6.09e-04   0.0
        g_in_ieee_from_ieee_b (fNToRecFN_1_4) 7.22e-04 5.30e-04    0.313 1.57e-03   0.0
          clz (bsg_counting_leading_zeros_1_4) 1.21e-04 9.10e-05 6.84e-02 2.81e-04   0.0
            lzc (VX_lzc_1_4)           1.21e-04 9.10e-05 6.84e-02 2.81e-04   0.0
              g_lzc_find_first (VX_find_first_10_4_1_4) 5.40e-05 7.16e-05 5.55e-02 1.81e-04   0.0
        g_in_ieee_from_ieee_a (fNToRecFN_1_5) 5.07e-04 3.91e-04    0.311 1.21e-03   0.0
          clz (bsg_counting_leading_zeros_1_5) 9.06e-05 6.74e-05 6.83e-02 2.26e-04   0.0
            lzc (VX_lzc_1_5)           3.96e-05 5.23e-05 5.54e-02 1.47e-04   0.0
              g_lzc_find_first (VX_find_first_10_4_1_5) 3.96e-05 5.23e-05 5.54e-02 1.47e-04   0.0
      g_prod_4__pipe_mult (VX_pipe_register_1_3) 2.97e-03 1.16e-02    0.477 1.50e-02   0.0
        g_shift_register (VX_shift_register_33_0_1_0_3) 2.97e-03 1.16e-02    0.477 1.50e-02   0.0
      g_prod_4__fp16_mul (VX_tcu_bhf_fmul_3) 2.35e-02 4.91e-02    5.428 7.80e-02   0.1
        pipe_rnd (VX_pipe_register_4_10) 3.09e-03 1.16e-02    0.477 1.51e-02   0.0
          g_shift_register (VX_shift_register_38_0_1_0_10) 3.09e-03 1.16e-02    0.477 1.51e-02   0.0
        rounding (roundAnyRawFNToRecFN_4) 2.52e-03 1.13e-03    0.274 3.92e-03   0.0
        pipe_add (VX_pipe_register_3_3) 5.01e-03 2.46e-02    1.028 3.06e-02   0.0
          g_shift_register (VX_shift_register_37_0_2_0_3) 5.01e-03 2.46e-02    1.028 3.06e-02   0.0
        multiplier (mulRecFNToFullRaw_3) 1.15e-02 1.08e-02    3.023 2.53e-02   0.0
          isSigNaN_b (isSigNaNRecFN_7) 5.50e-06 9.02e-06 4.70e-03 1.92e-05   0.0
          recFNToRawFN_b (recFNToRawFN_7) 6.90e-04 2.22e-04    0.129 1.04e-03   0.0
          isSigNaN_a (isSigNaNRecFN_8) 6.43e-06 7.21e-06 4.72e-03 1.84e-05   0.0
          recFNToRawFN_a (recFNToRawFN_8) 4.43e-04 1.70e-04    0.129 7.42e-04   0.0
        g_in_ieee_from_ieee_b (fNToRecFN_1_6) 6.64e-04 5.29e-04    0.313 1.51e-03   0.0
          clz (bsg_counting_leading_zeros_1_6) 1.22e-04 9.17e-05 6.83e-02 2.82e-04   0.0
            lzc (VX_lzc_1_6)           5.57e-05 7.20e-05 5.54e-02 1.83e-04   0.0
              g_lzc_find_first (VX_find_first_10_4_1_6) 5.57e-05 7.20e-05 5.54e-02 1.83e-04   0.0
        g_in_ieee_from_ieee_a (fNToRecFN_1_7) 6.95e-04 4.03e-04    0.313 1.41e-03   0.0
          clz (bsg_counting_leading_zeros_1_7) 9.18e-05 6.79e-05 6.85e-02 2.28e-04   0.0
            lzc (VX_lzc_1_7)           9.18e-05 6.79e-05 6.85e-02 2.28e-04   0.0
              g_lzc_find_first (VX_find_first_10_4_1_7) 4.05e-05 5.28e-05 5.56e-02 1.49e-04   0.0
      g_prod_3__pipe_mult (VX_pipe_register_1_4) 2.15e-03 1.16e-02    0.477 1.42e-02   0.0
        g_shift_register (VX_shift_register_33_0_1_0_4) 2.15e-03 1.16e-02    0.477 1.42e-02   0.0
      g_prod_3__fp16_mul (VX_tcu_bhf_fmul_4) 2.27e-02 4.89e-02    5.426 7.71e-02   0.1
        pipe_rnd (VX_pipe_register_4_11) 3.03e-03 1.16e-02    0.477 1.51e-02   0.0
          g_shift_register (VX_shift_register_38_0_1_0_11) 3.03e-03 1.16e-02    0.477 1.51e-02   0.0
        rounding (roundAnyRawFNToRecFN_5) 1.86e-03 1.11e-03    0.273 3.25e-03   0.0
        pipe_add (VX_pipe_register_3_4) 4.58e-03 2.46e-02    1.028 3.02e-02   0.0
          g_shift_register (VX_shift_register_37_0_2_0_4) 4.58e-03 2.46e-02    1.028 3.02e-02   0.0
        multiplier (mulRecFNToFullRaw_4) 1.16e-02 1.07e-02    3.022 2.53e-02   0.0
          isSigNaN_b (isSigNaNRecFN_9) 1.17e-05 9.76e-06 4.72e-03 2.62e-05   0.0
          recFNToRawFN_b (recFNToRawFN_9) 9.59e-04 2.25e-04    0.129 1.31e-03   0.0
          isSigNaN_a (isSigNaNRecFN_10) 5.46e-06 7.69e-06 4.68e-03 1.78e-05   0.0
          recFNToRawFN_a (recFNToRawFN_10) 4.40e-04 1.72e-04    0.129 7.41e-04   0.0
        g_in_ieee_from_ieee_b (fNToRecFN_1_8) 8.40e-04 5.25e-04    0.313 1.68e-03   0.0
          clz (bsg_counting_leading_zeros_1_8) 1.18e-04 9.07e-05 6.82e-02 2.77e-04   0.0
            lzc (VX_lzc_1_8)           1.18e-04 9.07e-05 6.82e-02 2.77e-04   0.0
              g_lzc_find_first (VX_find_first_10_4_1_8) 5.40e-05 7.12e-05 5.54e-02 1.81e-04   0.0
        g_in_ieee_from_ieee_a (fNToRecFN_1_9) 8.25e-04 4.00e-04    0.313 1.54e-03   0.0
          clz (bsg_counting_leading_zeros_1_9) 9.46e-05 6.84e-05 6.83e-02 2.31e-04   0.0
            lzc (VX_lzc_1_9)           9.46e-05 6.84e-05 6.83e-02 2.31e-04   0.0
              g_lzc_find_first (VX_find_first_10_4_1_9) 4.04e-05 5.31e-05 5.55e-02 1.49e-04   0.0
      g_prod_2__pipe_mult (VX_pipe_register_1_5) 2.77e-03 1.16e-02    0.477 1.48e-02   0.0
        g_shift_register (VX_shift_register_33_0_1_0_5) 2.77e-03 1.16e-02    0.477 1.48e-02   0.0
      g_prod_2__fp16_mul (VX_tcu_bhf_fmul_5) 2.35e-02 4.90e-02    5.459 7.79e-02   0.1
        pipe_rnd (VX_pipe_register_4_12) 2.30e-03 1.16e-02    0.477 1.43e-02   0.0
          g_shift_register (VX_shift_register_38_0_1_0_12) 2.30e-03 1.16e-02    0.477 1.43e-02   0.0
        rounding (roundAnyRawFNToRecFN_6) 1.56e-03 1.11e-03    0.272 2.95e-03   0.0
        pipe_add (VX_pipe_register_3_5) 4.31e-03 2.46e-02    1.028 2.99e-02   0.0
          g_shift_register (VX_shift_register_37_0_2_0_5) 4.31e-03 2.46e-02    1.028 2.99e-02   0.0
        multiplier (mulRecFNToFullRaw_5) 1.34e-02 1.08e-02    3.050 2.72e-02   0.0
          isSigNaN_b (isSigNaNRecFN_11) 6.39e-06 1.17e-05 5.24e-03 2.34e-05   0.0
          recFNToRawFN_b (recFNToRawFN_11) 2.79e-03 2.36e-04    0.129 3.15e-03   0.0
          isSigNaN_a (isSigNaNRecFN_12) 4.72e-06 6.89e-06 4.75e-03 1.64e-05   0.0
          recFNToRawFN_a (recFNToRawFN_12) 3.67e-04 1.66e-04    0.129 6.62e-04   0.0
        g_in_ieee_from_ieee_b (fNToRecFN_1_10) 1.40e-03 5.38e-04    0.318 2.26e-03   0.0
          clz (bsg_counting_leading_zeros_1_10) 1.20e-04 9.09e-05 6.84e-02 2.80e-04   0.0
            lzc (VX_lzc_1_10)          1.20e-04 9.09e-05 6.84e-02 2.80e-04   0.0
              g_lzc_find_first (VX_find_first_10_4_1_10) 5.38e-05 7.13e-05 5.55e-02 1.81e-04   0.0
        g_in_ieee_from_ieee_a (fNToRecFN_1_11) 5.58e-04 4.03e-04    0.313 1.27e-03   0.0
          clz (bsg_counting_leading_zeros_1_11) 9.32e-05 6.98e-05 6.85e-02 2.32e-04   0.0
            lzc (VX_lzc_1_11)          9.32e-05 6.98e-05 6.85e-02 2.32e-04   0.0
              g_lzc_find_first (VX_find_first_10_4_1_11) 3.98e-05 5.41e-05 5.56e-02 1.50e-04   0.0
      g_prod_1__pipe_mult (VX_pipe_register_1_6) 2.06e-03 1.16e-02    0.477 1.41e-02   0.0
        g_shift_register (VX_shift_register_33_0_1_0_6) 2.06e-03 1.16e-02    0.477 1.41e-02   0.0
      g_prod_1__fp16_mul (VX_tcu_bhf_fmul_6) 2.23e-02 4.89e-02    5.408 7.66e-02   0.1
        pipe_rnd (VX_pipe_register_4_13) 3.38e-03 1.16e-02    0.477 1.54e-02   0.0
          g_shift_register (VX_shift_register_38_0_1_0_13) 3.38e-03 1.16e-02    0.477 1.54e-02   0.0
        rounding (roundAnyRawFNToRecFN_7) 1.51e-03 1.11e-03    0.271 2.89e-03   0.0
        pipe_add (VX_pipe_register_3_6) 4.63e-03 2.46e-02    1.028 3.03e-02   0.0
          g_shift_register (VX_shift_register_37_0_2_0_6) 4.63e-03 2.46e-02    1.028 3.03e-02   0.0
        multiplier (mulRecFNToFullRaw_6) 1.15e-02 1.07e-02    3.008 2.52e-02   0.0
          isSigNaN_b (isSigNaNRecFN_13) 8.29e-06 8.96e-06 4.68e-03 2.19e-05   0.0
          recFNToRawFN_b (recFNToRawFN_13) 7.99e-04 2.21e-04    0.129 1.15e-03   0.0
          isSigNaN_a (isSigNaNRecFN_14) 4.74e-06 7.30e-06 4.75e-03 1.68e-05   0.0
          recFNToRawFN_a (recFNToRawFN_14) 3.14e-04 1.67e-04    0.129 6.10e-04   0.0
        g_in_ieee_from_ieee_b (fNToRecFN_1_12) 7.48e-04 5.26e-04    0.313 1.59e-03   0.0
          clz (bsg_counting_leading_zeros_1_12) 1.20e-04 9.04e-05 6.83e-02 2.79e-04   0.0
            lzc (VX_lzc_1_12)          1.20e-04 9.04e-05 6.83e-02 2.79e-04   0.0
              g_lzc_find_first (VX_find_first_10_4_1_12) 5.42e-05 7.10e-05 5.55e-02 1.81e-04   0.0
        g_in_ieee_from_ieee_a (fNToRecFN_1_13) 5.07e-04 4.01e-04    0.311 1.22e-03   0.0
          clz (bsg_counting_leading_zeros_1_13) 9.63e-05 6.95e-05 6.84e-02 2.34e-04   0.0
            lzc (VX_lzc_1_13)          9.63e-05 6.95e-05 6.84e-02 2.34e-04   0.0
              g_lzc_find_first (VX_find_first_10_4_1_13) 4.05e-05 5.37e-05 5.55e-02 1.50e-04   0.0
      g_prod_0__pipe_mult (VX_pipe_register_1_7) 2.27e-03 1.16e-02    0.477 1.43e-02   0.0
        g_shift_register (VX_shift_register_33_0_1_0_7) 2.27e-03 1.16e-02    0.477 1.43e-02   0.0
      g_prod_0__fp16_mul (VX_tcu_bhf_fmul_7) 2.18e-02 4.89e-02    5.425 7.61e-02   0.1
        pipe_rnd (VX_pipe_register_4_14) 2.04e-03 1.16e-02    0.477 1.41e-02   0.0
          g_shift_register (VX_shift_register_38_0_1_0_14) 2.04e-03 1.16e-02    0.477 1.41e-02   0.0
        rounding (roundAnyRawFNToRecFN_8) 1.71e-03 1.12e-03    0.273 3.09e-03   0.0
        pipe_add (VX_pipe_register_3_7) 4.33e-03 2.46e-02    1.028 2.99e-02   0.0
          g_shift_register (VX_shift_register_37_0_2_0_7) 4.33e-03 2.46e-02    1.028 2.99e-02   0.0
        multiplier (mulRecFNToFullRaw_7) 1.23e-02 1.07e-02    3.021 2.60e-02   0.0
          isSigNaN_b (isSigNaNRecFN_15) 4.49e-06 9.44e-06 4.70e-03 1.86e-05   0.0
          recFNToRawFN_b (recFNToRawFN_15) 1.29e-03 2.26e-04    0.129 1.65e-03   0.0
          isSigNaN_a (isSigNaNRecFN_16) 4.14e-06 6.99e-06 4.67e-03 1.58e-05   0.0
          recFNToRawFN_a (recFNToRawFN_16) 3.32e-04 1.66e-04    0.129 6.27e-04   0.0
        g_in_ieee_from_ieee_b (fNToRecFN_1_14) 9.35e-04 5.27e-04    0.313 1.78e-03   0.0
          clz (bsg_counting_leading_zeros_1_14) 1.20e-04 9.10e-05 6.83e-02 2.80e-04   0.0
            lzc (VX_lzc_1_14)          1.20e-04 9.10e-05 6.83e-02 2.80e-04   0.0
              g_lzc_find_first (VX_find_first_10_4_1_14) 5.31e-05 7.15e-05 5.54e-02 1.80e-04   0.0
        g_in_ieee_from_ieee_a (fNToRecFN_1_15) 5.44e-04 3.99e-04    0.313 1.26e-03   0.0
          clz (bsg_counting_leading_zeros_1_15) 9.21e-05 6.80e-05 6.83e-02 2.28e-04   0.0
            lzc (VX_lzc_1_15)          9.21e-05 6.80e-05 6.83e-02 2.28e-04   0.0
              g_lzc_find_first (VX_find_first_10_4_1_15) 3.96e-05 5.26e-05 5.54e-02 1.48e-04   0.0
    g_i_7__g_j_3__genblk1_u_buffer_ex (VX_pipe_register_0) 1.59e-02 9.43e-02    4.324    0.115   0.2
      g_shift_register (VX_shift_register_582_0_1_0_0) 1.59e-02 9.43e-02    4.324    0.115   0.2
    g_i_7__g_j_2__fedp (VX_tcu_fedp_bhf_1)    0.707    1.220  116.901    2.044   2.9
      final_add (VX_tcu_bhf_fadd_1_1)  5.55e-02 6.75e-02    8.554    0.132   0.2
        pipe_rnd (VX_pipe_register_6_1) 8.20e-03 1.16e-02    0.491 2.03e-02   0.0
          g_shift_register (VX_shift_register_37_0_1_0_1) 8.20e-03 1.16e-02    0.491 2.03e-02   0.0
        g_out_ieee_to_ieee (recFNToFN_1) 6.68e-03 3.06e-03    0.807 1.05e-02   0.0
          recFNToRawFN (recFNToRawFN_1_17) 1.81e-03 8.23e-04    0.232 2.87e-03   0.0
        rounding (roundAnyRawFNToRecFN_1_8) 8.29e-03 3.00e-03    1.223 1.25e-02   0.0
          genblk2_genblk1_lowMask_roundMask (lowMaskLoHi_8) 2.71e-04 1.40e-04    0.302 7.14e-04   0.0
            reverse (reverse_2_8)      6.61e-06 2.88e-06    0.154 1.63e-04   0.0
        pipe_add (VX_pipe_register_5_8) 7.40e-03 3.05e-02    1.265 3.92e-02   0.1
          g_shift_register (VX_shift_register_45_0_2_0_8) 7.40e-03 3.05e-02    1.265 3.92e-02   0.1
        adder (addRecFNToRaw_8)        2.50e-02 1.93e-02    4.762 4.90e-02   0.1
          lowMask_far_roundExtraMask (lowMaskHiLo_8) 4.19e-05 7.87e-05 8.04e-02 2.01e-04   0.0
            reverse (reverse_1_8)      1.93e-05 3.71e-05 5.04e-02 1.07e-04   0.0
          compressBy4_far_sigSmaller (compressBy4_8) 4.89e-05 1.80e-04 4.50e-02 2.74e-04   0.0
          countLeadingZeros_close (countLeadingZeros_8) 5.56e-04 4.64e-04    0.163 1.18e-03   0.0
            reverse_in (reverse_10)    2.66e-04 3.14e-04 9.01e-02 6.71e-04   0.0
          compressBy2_close_sigSum (compressBy2_8) 1.48e-04 3.39e-04 6.59e-02 5.53e-04   0.0
          isSigNaN_b (isSigNaNRecFN_1_16) 4.76e-06 5.26e-06 4.57e-03 1.46e-05   0.0
          recFNToRawFN_b (recFNToRawFN_1_18) 6.30e-04 2.71e-04    0.236 1.14e-03   0.0
          isSigNaN_a (isSigNaNRecFN_1_17) 7.28e-06 1.26e-05 4.72e-03 2.46e-05   0.0
          recFNToRawFN_a (recFNToRawFN_1_19) 1.29e-03 8.19e-04    0.232 2.34e-03   0.0
      pipe_c (VX_pipe_register_2_1)    1.99e-02    0.139    6.434    0.165   0.2
        g_shift_register (VX_shift_register_33_0_13_0_1) 1.99e-02    0.139    6.434    0.165   0.2
      conv_c (fNToRecFN_2)             2.71e-03 9.41e-04    0.786 4.44e-03   0.0
        clz (bsg_counting_leading_zeros_2) 1.36e-04 1.12e-04    0.122 3.69e-04   0.0
          lzc (VX_lzc_2)               1.36e-04 1.12e-04    0.122 3.69e-04   0.0
            g_lzc_find_first (VX_find_first_23_5_1_1) 1.19e-04 1.08e-04    0.110 3.37e-04   0.0
      g_red_tree_2__g_add_0__reduce_add (VX_tcu_bhf_fadd_8) 5.24e-02 7.60e-02    7.747    0.136   0.2
        pipe_rnd (VX_pipe_register_4_15) 2.33e-03 1.26e-02    0.504 1.54e-02   0.0
          g_shift_register (VX_shift_register_38_0_1_0_15) 2.33e-03 1.26e-02    0.504 1.54e-02   0.0
        rounding (roundAnyRawFNToRecFN_1_9) 5.59e-03 3.69e-03    1.204 1.05e-02   0.0
          genblk2_genblk1_lowMask_roundMask (lowMaskLoHi_9) 2.66e-04 1.44e-04    0.302 7.11e-04   0.0
            reverse (reverse_2_9)      1.32e-05 5.41e-06    0.154 1.72e-04   0.0
        pipe_add (VX_pipe_register_5_9) 6.65e-03 3.16e-02    1.265 3.95e-02   0.1
          g_shift_register (VX_shift_register_45_0_2_0_9) 6.65e-03 3.16e-02    1.265 3.95e-02   0.1
        adder (addRecFNToRaw_9)        3.79e-02 2.82e-02    4.775 7.08e-02   0.1
          lowMask_far_roundExtraMask (lowMaskHiLo_9) 1.69e-04 2.98e-04 8.09e-02 5.48e-04   0.0
            reverse (reverse_1_9)      7.55e-05 1.45e-04 4.72e-02 2.68e-04   0.0
          compressBy4_far_sigSmaller (compressBy4_9) 7.90e-05 3.65e-04 4.77e-02 4.91e-04   0.0
          countLeadingZeros_close (countLeadingZeros_9) 6.04e-04 5.34e-04    0.163 1.30e-03   0.0
            reverse_in (reverse_11)    3.09e-04 3.70e-04 8.96e-02 7.68e-04   0.0
          compressBy2_close_sigSum (compressBy2_9) 2.13e-04 4.01e-04 6.61e-02 6.79e-04   0.0
          isSigNaN_b (isSigNaNRecFN_1_18) 4.31e-06 7.99e-06 4.15e-03 1.65e-05   0.0
          recFNToRawFN_b (recFNToRawFN_1_20) 3.48e-03 9.25e-04    0.233 4.64e-03   0.0
          isSigNaN_a (isSigNaNRecFN_1_19) 6.17e-06 8.49e-06 4.18e-03 1.88e-05   0.0
          recFNToRawFN_a (recFNToRawFN_1_21) 1.64e-03 9.00e-04    0.233 2.78e-03   0.0
      g_red_tree_1__g_add_1__reduce_add (VX_tcu_bhf_fadd_9) 7.36e-02 7.70e-02    7.826    0.158   0.2
        pipe_rnd (VX_pipe_register_4_16) 6.46e-03 1.30e-02    0.505 2.00e-02   0.0
          g_shift_register (VX_shift_register_38_0_1_0_16) 6.46e-03 1.30e-02    0.505 2.00e-02   0.0
        rounding (roundAnyRawFNToRecFN_1_10) 1.43e-02 4.06e-03    1.279 1.96e-02   0.0
          genblk2_genblk1_lowMask_roundMask (lowMaskLoHi_10) 2.62e-04 1.50e-04    0.302 7.14e-04   0.0
            reverse (reverse_2_10)     1.35e-05 5.42e-06    0.153 1.72e-04   0.0
        pipe_add (VX_pipe_register_5_10) 1.22e-02 3.18e-02    1.266 4.52e-02   0.1
          g_shift_register (VX_shift_register_45_0_2_0_10) 1.22e-02 3.18e-02    1.266 4.52e-02   0.1
        adder (addRecFNToRaw_10)       4.07e-02 2.82e-02    4.770 7.36e-02   0.1
          lowMask_far_roundExtraMask (lowMaskHiLo_10) 1.35e-04 2.70e-04 8.07e-02 4.86e-04   0.0
            reverse (reverse_1_10)     5.22e-05 1.30e-04 4.69e-02 2.30e-04   0.0
          compressBy4_far_sigSmaller (compressBy4_10) 9.84e-05 3.43e-04 4.62e-02 4.87e-04   0.0
          countLeadingZeros_close (countLeadingZeros_10) 5.86e-04 5.22e-04    0.163 1.27e-03   0.0
            reverse_in (reverse_12)    3.11e-04 3.65e-04 8.98e-02 7.66e-04   0.0
          compressBy2_close_sigSum (compressBy2_10) 1.78e-04 3.94e-04 6.62e-02 6.38e-04   0.0
          isSigNaN_b (isSigNaNRecFN_1_20) 5.80e-06 9.46e-06 4.42e-03 1.97e-05   0.0
          recFNToRawFN_b (recFNToRawFN_1_22) 3.76e-03 9.29e-04    0.234 4.92e-03   0.0
          isSigNaN_a (isSigNaNRecFN_1_21) 5.88e-06 9.05e-06 4.36e-03 1.93e-05   0.0
          recFNToRawFN_a (recFNToRawFN_1_23) 2.99e-03 9.40e-04    0.234 4.17e-03   0.0
      g_red_tree_1__g_add_0__reduce_add (VX_tcu_bhf_fadd_10) 5.13e-02 7.66e-02    7.757    0.136   0.2
        pipe_rnd (VX_pipe_register_4_17) 2.54e-03 1.29e-02    0.505 1.59e-02   0.0
          g_shift_register (VX_shift_register_38_0_1_0_17) 2.54e-03 1.29e-02    0.505 1.59e-02   0.0
        rounding (roundAnyRawFNToRecFN_1_11) 5.61e-03 3.84e-03    1.218 1.07e-02   0.0
          genblk2_genblk1_lowMask_roundMask (lowMaskLoHi_11) 2.59e-04 1.49e-04    0.303 7.10e-04   0.0
            reverse (reverse_2_11)     1.29e-05 5.41e-06    0.153 1.72e-04   0.0
        pipe_add (VX_pipe_register_5_11) 6.96e-03 3.17e-02    1.265 4.00e-02   0.1
          g_shift_register (VX_shift_register_45_0_2_0_11) 6.96e-03 3.17e-02    1.265 4.00e-02   0.1
        adder (addRecFNToRaw_11)       3.62e-02 2.82e-02    4.769 6.91e-02   0.1
          lowMask_far_roundExtraMask (lowMaskHiLo_11) 1.44e-04 2.72e-04 8.07e-02 4.96e-04   0.0
            reverse (reverse_1_11)     6.23e-05 1.31e-04 4.69e-02 2.40e-04   0.0
          compressBy4_far_sigSmaller (compressBy4_11) 6.92e-05 3.44e-04 4.62e-02 4.60e-04   0.0
          countLeadingZeros_close (countLeadingZeros_11) 5.80e-04 5.19e-04    0.163 1.26e-03   0.0
            reverse_in (reverse_13)    3.09e-04 3.63e-04 8.98e-02 7.62e-04   0.0
          compressBy2_close_sigSum (compressBy2_11) 1.95e-04 3.92e-04 6.62e-02 6.53e-04   0.0
          isSigNaN_b (isSigNaNRecFN_1_22) 5.30e-06 9.29e-06 4.34e-03 1.89e-05   0.0
          recFNToRawFN_b (recFNToRawFN_1_24) 1.94e-03 9.24e-04    0.234 3.09e-03   0.0
          isSigNaN_a (isSigNaNRecFN_1_23) 7.16e-06 9.58e-06 4.41e-03 2.11e-05   0.0
          recFNToRawFN_a (recFNToRawFN_1_25) 2.13e-03 9.43e-04    0.234 3.31e-03   0.0
      g_red_tree_0__g_add_3__reduce_add (VX_tcu_bhf_fadd_11) 5.98e-02 7.44e-02    7.638    0.142   0.2
        pipe_rnd (VX_pipe_register_4_18) 3.86e-03 1.30e-02    0.505 1.73e-02   0.0
          g_shift_register (VX_shift_register_38_0_1_0_18) 3.86e-03 1.30e-02    0.505 1.73e-02   0.0
        rounding (roundAnyRawFNToRecFN_1_12) 9.26e-03 3.97e-03    1.276 1.45e-02   0.0
          genblk2_genblk1_lowMask_roundMask (lowMaskLoHi_12) 2.72e-04 1.58e-04    0.304 7.34e-04   0.0
            reverse (reverse_2_12)     1.28e-05 5.41e-06    0.153 1.72e-04   0.0
        pipe_add (VX_pipe_register_5_12) 1.44e-02 3.22e-02    1.268 4.79e-02   0.1
          g_shift_register (VX_shift_register_45_0_2_0_12) 1.44e-02 3.22e-02    1.268 4.79e-02   0.1
        adder (addRecFNToRaw_12)       3.23e-02 2.52e-02    4.588 6.21e-02   0.1
          lowMask_far_roundExtraMask (lowMaskHiLo_12) 1.12e-04 2.24e-04 6.92e-02 4.05e-04   0.0
            reverse (reverse_1_12)     5.40e-05 1.08e-04 3.98e-02 2.02e-04   0.0
          compressBy4_far_sigSmaller (compressBy4_12) 5.00e-05 2.46e-04 4.07e-02 3.37e-04   0.0
          countLeadingZeros_close (countLeadingZeros_12) 5.44e-04 5.03e-04    0.156 1.20e-03   0.0
            reverse_in (reverse_14)    2.83e-04 3.04e-04 8.26e-02 6.69e-04   0.0
          compressBy2_close_sigSum (compressBy2_12) 1.74e-04 3.29e-04 6.15e-02 5.64e-04   0.0
          isSigNaN_b (isSigNaNRecFN_1_24) 1.01e-05 1.09e-05 4.85e-03 2.59e-05   0.0
          recFNToRawFN_b (recFNToRawFN_1_26) 2.40e-03 7.51e-04    0.221 3.38e-03   0.0
          isSigNaN_a (isSigNaNRecFN_1_25) 7.60e-06 1.13e-05 4.90e-03 2.38e-05   0.0
          recFNToRawFN_a (recFNToRawFN_1_27) 1.79e-03 7.50e-04    0.221 2.76e-03   0.0
      g_red_tree_0__g_add_2__reduce_add (VX_tcu_bhf_fadd_12) 6.33e-02 7.46e-02    7.645    0.146   0.2
        pipe_rnd (VX_pipe_register_4_19) 5.45e-03 1.31e-02    0.505 1.90e-02   0.0
          g_shift_register (VX_shift_register_38_0_1_0_19) 5.45e-03 1.31e-02    0.505 1.90e-02   0.0
        rounding (roundAnyRawFNToRecFN_1_13) 1.41e-02 4.03e-03    1.291 1.94e-02   0.0
          genblk2_genblk1_lowMask_roundMask (lowMaskLoHi_13) 2.48e-04 1.52e-04    0.303 7.03e-04   0.0
            reverse (reverse_2_13)     1.41e-05 5.43e-06    0.153 1.73e-04   0.0
        pipe_add (VX_pipe_register_5_13) 1.20e-02 3.22e-02    1.268 4.55e-02   0.1
          g_shift_register (VX_shift_register_45_0_2_0_13) 1.20e-02 3.22e-02    1.268 4.55e-02   0.1
        adder (addRecFNToRaw_13)       3.18e-02 2.52e-02    4.582 6.16e-02   0.1
          lowMask_far_roundExtraMask (lowMaskHiLo_13) 1.21e-04 2.26e-04 6.92e-02 4.16e-04   0.0
            reverse (reverse_1_13)     5.36e-05 1.09e-04 3.99e-02 2.03e-04   0.0
          compressBy4_far_sigSmaller (compressBy4_13) 3.12e-05 2.46e-04 4.06e-02 3.17e-04   0.0
          countLeadingZeros_close (countLeadingZeros_13) 5.42e-04 5.00e-04    0.156 1.20e-03   0.0
            reverse_in (reverse_15)    2.82e-04 3.03e-04 8.27e-02 6.68e-04   0.0
          compressBy2_close_sigSum (compressBy2_13) 1.44e-04 3.27e-04 6.15e-02 5.33e-04   0.0
          isSigNaN_b (isSigNaNRecFN_1_26) 6.49e-06 1.08e-05 4.84e-03 2.22e-05   0.0
          recFNToRawFN_b (recFNToRawFN_1_28) 2.31e-03 7.53e-04    0.221 3.28e-03   0.0
          isSigNaN_a (isSigNaNRecFN_1_27) 1.19e-05 1.10e-05 4.87e-03 2.77e-05   0.0
          recFNToRawFN_a (recFNToRawFN_1_29) 1.77e-03 7.52e-04    0.221 2.74e-03   0.0
      g_red_tree_0__g_add_1__reduce_add (VX_tcu_bhf_fadd_13) 4.75e-02 7.43e-02    7.582    0.129   0.2
        pipe_rnd (VX_pipe_register_4_20) 3.25e-03 1.29e-02    0.505 1.67e-02   0.0
          g_shift_register (VX_shift_register_38_0_1_0_20) 3.25e-03 1.29e-02    0.505 1.67e-02   0.0
        rounding (roundAnyRawFNToRecFN_1_14) 5.70e-03 3.80e-03    1.227 1.07e-02   0.0
          genblk2_genblk1_lowMask_roundMask (lowMaskLoHi_14) 2.56e-04 1.53e-04    0.303 7.12e-04   0.0
            reverse (reverse_2_14)     1.33e-05 5.42e-06    0.153 1.72e-04   0.0
        pipe_add (VX_pipe_register_5_14) 7.46e-03 3.22e-02    1.268 4.09e-02   0.1
          g_shift_register (VX_shift_register_45_0_2_0_14) 7.46e-03 3.22e-02    1.268 4.09e-02   0.1
        adder (addRecFNToRaw_14)       3.11e-02 2.53e-02    4.582 6.10e-02   0.1
          lowMask_far_roundExtraMask (lowMaskHiLo_14) 1.21e-04 2.25e-04 6.92e-02 4.16e-04   0.0
            reverse (reverse_1_14)     6.20e-05 1.09e-04 3.98e-02 2.11e-04   0.0
          compressBy4_far_sigSmaller (compressBy4_14) 6.28e-05 2.47e-04 4.07e-02 3.51e-04   0.0
          countLeadingZeros_close (countLeadingZeros_14) 5.71e-04 5.03e-04    0.157 1.23e-03   0.0
            reverse_in (reverse_16)    3.09e-04 3.04e-04 8.27e-02 6.96e-04   0.0
          compressBy2_close_sigSum (compressBy2_14) 1.68e-04 3.29e-04 6.14e-02 5.58e-04   0.0
          isSigNaN_b (isSigNaNRecFN_1_28) 7.20e-06 1.08e-05 4.86e-03 2.29e-05   0.0
          recFNToRawFN_b (recFNToRawFN_1_30) 2.04e-03 7.53e-04    0.221 3.02e-03   0.0
          isSigNaN_a (isSigNaNRecFN_1_29) 6.22e-06 1.09e-05 4.82e-03 2.20e-05   0.0
          recFNToRawFN_a (recFNToRawFN_1_31) 1.75e-03 7.49e-04    0.221 2.72e-03   0.0
      g_red_tree_0__g_add_0__reduce_add (VX_tcu_bhf_fadd_14) 6.70e-02 7.47e-02    7.688    0.149   0.2
        pipe_rnd (VX_pipe_register_4_21) 6.47e-03 1.31e-02    0.505 2.01e-02   0.0
          g_shift_register (VX_shift_register_38_0_1_0_21) 6.47e-03 1.31e-02    0.505 2.01e-02   0.0
        rounding (roundAnyRawFNToRecFN_1_15) 1.58e-02 4.09e-03    1.322 2.12e-02   0.0
          genblk2_genblk1_lowMask_roundMask (lowMaskLoHi_15) 2.41e-04 1.54e-04    0.304 6.98e-04   0.0
            reverse (reverse_2_15)     1.36e-05 5.42e-06    0.153 1.72e-04   0.0
        pipe_add (VX_pipe_register_5_15) 1.21e-02 3.22e-02    1.268 4.56e-02   0.1
          g_shift_register (VX_shift_register_45_0_2_0_15) 1.21e-02 3.22e-02    1.268 4.56e-02   0.1
        adder (addRecFNToRaw_15)       3.26e-02 2.53e-02    4.585 6.25e-02   0.1
          lowMask_far_roundExtraMask (lowMaskHiLo_15) 1.22e-04 2.24e-04 6.92e-02 4.14e-04   0.0
            reverse (reverse_1_15)     6.31e-05 1.08e-04 3.98e-02 2.11e-04   0.0
          compressBy4_far_sigSmaller (compressBy4_15) 6.95e-05 2.48e-04 4.07e-02 3.58e-04   0.0
          countLeadingZeros_close (countLeadingZeros_15) 5.48e-04 4.99e-04    0.156 1.20e-03   0.0
            reverse_in (reverse_17)    2.89e-04 3.03e-04 8.27e-02 6.74e-04   0.0
          compressBy2_close_sigSum (compressBy2_15) 1.81e-04 3.28e-04 6.15e-02 5.70e-04   0.0
          isSigNaN_b (isSigNaNRecFN_1_30) 6.44e-06 1.13e-05 4.88e-03 2.26e-05   0.0
          recFNToRawFN_b (recFNToRawFN_1_32) 3.19e-03 7.58e-04    0.221 4.17e-03   0.0
          isSigNaN_a (isSigNaNRecFN_1_31) 7.31e-06 1.12e-05 4.88e-03 2.34e-05   0.0
          recFNToRawFN_a (recFNToRawFN_1_33) 1.64e-03 7.47e-04    0.221 2.61e-03   0.0
      g_prod_7__pipe_mult (VX_pipe_register_1_8) 2.90e-03 1.16e-02    0.477 1.50e-02   0.0
        g_shift_register (VX_shift_register_33_0_1_0_8) 2.90e-03 1.16e-02    0.477 1.50e-02   0.0
      g_prod_7__fp16_mul (VX_tcu_bhf_fmul_8) 2.52e-02 4.90e-02    5.412 7.96e-02   0.1
        pipe_rnd (VX_pipe_register_4_22) 5.49e-03 1.16e-02    0.477 1.75e-02   0.0
          g_shift_register (VX_shift_register_38_0_1_0_22) 5.49e-03 1.16e-02    0.477 1.75e-02   0.0
        rounding (roundAnyRawFNToRecFN_9) 2.23e-03 1.11e-03    0.273 3.62e-03   0.0
        pipe_add (VX_pipe_register_3_8) 4.53e-03 2.46e-02    1.028 3.02e-02   0.0
          g_shift_register (VX_shift_register_37_0_2_0_8) 4.53e-03 2.46e-02    1.028 3.02e-02   0.0
        multiplier (mulRecFNToFullRaw_8) 1.15e-02 1.08e-02    3.007 2.53e-02   0.0
          isSigNaN_b (isSigNaNRecFN_17) 6.20e-06 9.04e-06 4.67e-03 1.99e-05   0.0
          recFNToRawFN_b (recFNToRawFN_17) 6.67e-04 2.23e-04    0.129 1.02e-03   0.0
          isSigNaN_a (isSigNaNRecFN_18) 4.67e-06 7.57e-06 4.67e-03 1.69e-05   0.0
          recFNToRawFN_a (recFNToRawFN_18) 4.85e-04 1.72e-04    0.129 7.85e-04   0.0
        g_in_ieee_from_ieee_b (fNToRecFN_1_16) 6.74e-04 5.33e-04    0.314 1.52e-03   0.0
          clz (bsg_counting_leading_zeros_1_16) 1.20e-04 9.23e-05 6.85e-02 2.81e-04   0.0
            lzc (VX_lzc_1_16)          1.20e-04 9.23e-05 6.85e-02 2.81e-04   0.0
              g_lzc_find_first (VX_find_first_10_4_1_16) 5.47e-05 7.26e-05 5.56e-02 1.83e-04   0.0
        g_in_ieee_from_ieee_a (fNToRecFN_1_17) 7.89e-04 4.04e-04    0.314 1.51e-03   0.0
          clz (bsg_counting_leading_zeros_1_17) 9.42e-05 6.90e-05 6.84e-02 2.32e-04   0.0
            lzc (VX_lzc_1_17)          9.42e-05 6.90e-05 6.84e-02 2.32e-04   0.0
              g_lzc_find_first (VX_find_first_10_4_1_17) 4.16e-05 5.37e-05 5.56e-02 1.51e-04   0.0
      g_prod_6__pipe_mult (VX_pipe_register_1_9) 2.68e-03 1.16e-02    0.477 1.47e-02   0.0
        g_shift_register (VX_shift_register_33_0_1_0_9) 2.68e-03 1.16e-02    0.477 1.47e-02   0.0
      g_prod_6__fp16_mul (VX_tcu_bhf_fmul_9) 2.01e-02 4.89e-02    5.410 7.44e-02   0.1
        pipe_rnd (VX_pipe_register_4_23) 2.47e-03 1.16e-02    0.477 1.45e-02   0.0
          g_shift_register (VX_shift_register_38_0_1_0_23) 2.47e-03 1.16e-02    0.477 1.45e-02   0.0
        rounding (roundAnyRawFNToRecFN_10) 1.77e-03 1.11e-03    0.273 3.15e-03   0.0
        pipe_add (VX_pipe_register_3_9) 4.16e-03 2.46e-02    1.028 2.98e-02   0.0
          g_shift_register (VX_shift_register_37_0_2_0_9) 4.16e-03 2.46e-02    1.028 2.98e-02   0.0
        multiplier (mulRecFNToFullRaw_9) 1.04e-02 1.07e-02    3.007 2.42e-02   0.0
          isSigNaN_b (isSigNaNRecFN_19) 5.30e-06 8.88e-06 4.66e-03 1.88e-05   0.0
          recFNToRawFN_b (recFNToRawFN_19) 6.95e-04 2.23e-04    0.129 1.05e-03   0.0
          isSigNaN_a (isSigNaNRecFN_20) 3.76e-06 6.88e-06 4.66e-03 1.53e-05   0.0
          recFNToRawFN_a (recFNToRawFN_20) 3.19e-04 1.65e-04    0.129 6.13e-04   0.0
        g_in_ieee_from_ieee_b (fNToRecFN_1_18) 6.96e-04 5.28e-04    0.313 1.54e-03   0.0
          clz (bsg_counting_leading_zeros_1_18) 1.20e-04 9.00e-05 6.84e-02 2.78e-04   0.0
            lzc (VX_lzc_1_18)          1.20e-04 9.00e-05 6.84e-02 2.78e-04   0.0
              g_lzc_find_first (VX_find_first_10_4_1_18) 5.44e-05 7.08e-05 5.56e-02 1.81e-04   0.0
        g_in_ieee_from_ieee_a (fNToRecFN_1_19) 5.28e-04 4.01e-04    0.312 1.24e-03   0.0
          clz (bsg_counting_leading_zeros_1_19) 9.65e-05 6.96e-05 6.84e-02 2.35e-04   0.0
            lzc (VX_lzc_1_19)          9.65e-05 6.96e-05 6.84e-02 2.35e-04   0.0
              g_lzc_find_first (VX_find_first_10_4_1_19) 4.05e-05 5.40e-05 5.55e-02 1.50e-04   0.0
      g_prod_5__pipe_mult (VX_pipe_register_1_10) 3.44e-03 1.16e-02    0.477 1.55e-02   0.0
        g_shift_register (VX_shift_register_33_0_1_0_10) 3.44e-03 1.16e-02    0.477 1.55e-02   0.0
      g_prod_5__fp16_mul (VX_tcu_bhf_fmul_10) 2.31e-02 4.90e-02    5.413 7.75e-02   0.1
        pipe_rnd (VX_pipe_register_4_24) 3.41e-03 1.16e-02    0.477 1.55e-02   0.0
          g_shift_register (VX_shift_register_38_0_1_0_24) 3.41e-03 1.16e-02    0.477 1.55e-02   0.0
        rounding (roundAnyRawFNToRecFN_11) 1.19e-03 1.11e-03    0.273 2.56e-03   0.0
        pipe_add (VX_pipe_register_3_10) 4.73e-03 2.46e-02    1.028 3.04e-02   0.0
          g_shift_register (VX_shift_register_37_0_2_0_10) 4.73e-03 2.46e-02    1.028 3.04e-02   0.0
        multiplier (mulRecFNToFullRaw_10) 1.20e-02 1.08e-02    3.008 2.58e-02   0.0
          isSigNaN_b (isSigNaNRecFN_21) 8.66e-06 9.16e-06 4.70e-03 2.25e-05   0.0
          recFNToRawFN_b (recFNToRawFN_21) 6.44e-04 2.24e-04    0.129 9.97e-04   0.0
          isSigNaN_a (isSigNaNRecFN_22) 4.15e-06 7.89e-06 4.66e-03 1.67e-05   0.0
          recFNToRawFN_a (recFNToRawFN_22) 7.00e-04 1.77e-04    0.129 1.01e-03   0.0
        g_in_ieee_from_ieee_b (fNToRecFN_1_20) 6.88e-04 5.32e-04    0.313 1.53e-03   0.0
          clz (bsg_counting_leading_zeros_1_20) 1.20e-04 9.10e-05 6.83e-02 2.79e-04   0.0
            lzc (VX_lzc_1_20)          1.20e-04 9.10e-05 6.83e-02 2.79e-04   0.0
              g_lzc_find_first (VX_find_first_10_4_1_20) 5.47e-05 7.17e-05 5.55e-02 1.82e-04   0.0
        g_in_ieee_from_ieee_a (fNToRecFN_1_21) 1.07e-03 3.95e-04    0.313 1.78e-03   0.0
          clz (bsg_counting_leading_zeros_1_21) 8.95e-05 6.73e-05 6.83e-02 2.25e-04   0.0
            lzc (VX_lzc_1_21)          8.95e-05 6.73e-05 6.83e-02 2.25e-04   0.0
              g_lzc_find_first (VX_find_first_10_4_1_21) 3.82e-05 5.23e-05 5.54e-02 1.46e-04   0.0
      g_prod_4__pipe_mult (VX_pipe_register_1_11) 3.24e-03 1.16e-02    0.477 1.53e-02   0.0
        g_shift_register (VX_shift_register_33_0_1_0_11) 3.24e-03 1.16e-02    0.477 1.53e-02   0.0
      g_prod_4__fp16_mul (VX_tcu_bhf_fmul_11) 2.21e-02 4.91e-02    5.414 7.67e-02   0.1
        pipe_rnd (VX_pipe_register_4_25) 2.88e-03 1.16e-02    0.477 1.49e-02   0.0
          g_shift_register (VX_shift_register_38_0_1_0_25) 2.88e-03 1.16e-02    0.477 1.49e-02   0.0
        rounding (roundAnyRawFNToRecFN_12) 1.42e-03 1.12e-03    0.273 2.81e-03   0.0
        pipe_add (VX_pipe_register_3_11) 5.53e-03 2.46e-02    1.028 3.12e-02   0.0
          g_shift_register (VX_shift_register_37_0_2_0_11) 5.53e-03 2.46e-02    1.028 3.12e-02   0.0
        multiplier (mulRecFNToFullRaw_11) 1.10e-02 1.09e-02    3.009 2.49e-02   0.0
          isSigNaN_b (isSigNaNRecFN_23) 1.10e-05 9.40e-06 4.68e-03 2.51e-05   0.0
          recFNToRawFN_b (recFNToRawFN_23) 7.02e-04 2.25e-04    0.129 1.06e-03   0.0
          isSigNaN_a (isSigNaNRecFN_24) 6.52e-06 7.19e-06 4.72e-03 1.84e-05   0.0
          recFNToRawFN_a (recFNToRawFN_24) 3.43e-04 1.69e-04    0.129 6.41e-04   0.0
        g_in_ieee_from_ieee_b (fNToRecFN_1_22) 7.72e-04 5.34e-04    0.313 1.62e-03   0.0
          clz (bsg_counting_leading_zeros_1_22) 1.21e-04 9.16e-05 6.83e-02 2.81e-04   0.0
            lzc (VX_lzc_1_22)          1.21e-04 9.16e-05 6.83e-02 2.81e-04   0.0
              g_lzc_find_first (VX_find_first_10_4_1_22) 5.41e-05 7.22e-05 5.54e-02 1.82e-04   0.0
        g_in_ieee_from_ieee_a (fNToRecFN_1_23) 5.46e-04 4.01e-04    0.313 1.26e-03   0.0
          clz (bsg_counting_leading_zeros_1_23) 9.05e-05 6.73e-05 6.85e-02 2.26e-04   0.0
            lzc (VX_lzc_1_23)          9.05e-05 6.73e-05 6.85e-02 2.26e-04   0.0
              g_lzc_find_first (VX_find_first_10_4_1_23) 4.03e-05 5.23e-05 5.56e-02 1.48e-04   0.0
      g_prod_3__pipe_mult (VX_pipe_register_1_12) 3.17e-03 1.16e-02    0.477 1.52e-02   0.0
        g_shift_register (VX_shift_register_33_0_1_0_12) 3.17e-03 1.16e-02    0.477 1.52e-02   0.0
      g_prod_3__fp16_mul (VX_tcu_bhf_fmul_12) 2.61e-02 4.90e-02    5.444 8.06e-02   0.1
        pipe_rnd (VX_pipe_register_4_26) 2.44e-03 1.16e-02    0.477 1.45e-02   0.0
          g_shift_register (VX_shift_register_38_0_1_0_26) 2.44e-03 1.16e-02    0.477 1.45e-02   0.0
        rounding (roundAnyRawFNToRecFN_13) 1.69e-03 1.12e-03    0.273 3.08e-03   0.0
        pipe_add (VX_pipe_register_3_12) 4.40e-03 2.46e-02    1.028 3.00e-02   0.0
          g_shift_register (VX_shift_register_37_0_2_0_12) 4.40e-03 2.46e-02    1.028 3.00e-02   0.0
        multiplier (mulRecFNToFullRaw_12) 1.52e-02 1.08e-02    3.023 2.91e-02   0.0
          isSigNaN_b (isSigNaNRecFN_25) 4.48e-06 1.18e-05 5.69e-03 2.19e-05   0.0
          recFNToRawFN_b (recFNToRawFN_25) 3.38e-03 2.34e-04    0.130 3.75e-03   0.0
          isSigNaN_a (isSigNaNRecFN_26) 4.27e-06 7.54e-06 4.68e-03 1.65e-05   0.0
          recFNToRawFN_a (recFNToRawFN_26) 4.91e-04 1.71e-04    0.129 7.91e-04   0.0
        g_in_ieee_from_ieee_b (fNToRecFN_1_24) 1.51e-03 5.46e-04    0.329 2.38e-03   0.0
          clz (bsg_counting_leading_zeros_1_24) 1.19e-04 9.10e-05 6.83e-02 2.78e-04   0.0
            lzc (VX_lzc_1_24)          1.19e-04 9.10e-05 6.83e-02 2.78e-04   0.0
              g_lzc_find_first (VX_find_first_10_4_1_24) 5.46e-05 7.15e-05 5.54e-02 1.82e-04   0.0
        g_in_ieee_from_ieee_a (fNToRecFN_1_25) 8.17e-04 4.00e-04    0.313 1.53e-03   0.0
          clz (bsg_counting_leading_zeros_1_25) 9.18e-05 6.86e-05 6.84e-02 2.29e-04   0.0
            lzc (VX_lzc_1_25)          6.27e-05 5.98e-05 6.18e-02 1.84e-04   0.0
              g_lzc_find_first (VX_find_first_10_4_1_25) 4.01e-05 5.33e-05 5.55e-02 1.49e-04   0.0
      g_prod_2__pipe_mult (VX_pipe_register_1_13) 2.97e-03 1.16e-02    0.477 1.50e-02   0.0
        g_shift_register (VX_shift_register_33_0_1_0_13) 2.97e-03 1.16e-02    0.477 1.50e-02   0.0
      g_prod_2__fp16_mul (VX_tcu_bhf_fmul_13) 2.79e-02 4.91e-02    5.450 8.25e-02   0.1
        pipe_rnd (VX_pipe_register_4_27) 2.33e-03 1.16e-02    0.477 1.44e-02   0.0
          g_shift_register (VX_shift_register_38_0_1_0_27) 2.33e-03 1.16e-02    0.477 1.44e-02   0.0
        rounding (roundAnyRawFNToRecFN_14) 1.46e-03 1.12e-03    0.273 2.85e-03   0.0
        pipe_add (VX_pipe_register_3_13) 5.39e-03 2.46e-02    1.035 3.10e-02   0.0
          g_shift_register (VX_shift_register_37_0_2_0_13) 5.39e-03 2.46e-02    1.035 3.10e-02   0.0
        multiplier (mulRecFNToFullRaw_13) 1.62e-02 1.09e-02    3.013 3.00e-02   0.0
          isSigNaN_b (isSigNaNRecFN_27) 4.23e-06 1.16e-05 5.21e-03 2.11e-05   0.0
          recFNToRawFN_b (recFNToRawFN_27) 4.29e-03 2.38e-04    0.129 4.65e-03   0.0
          isSigNaN_a (isSigNaNRecFN_28) 3.83e-06 7.17e-06 4.75e-03 1.58e-05   0.0
          recFNToRawFN_a (recFNToRawFN_28) 4.07e-04 1.69e-04    0.129 7.04e-04   0.0
        g_in_ieee_from_ieee_b (fNToRecFN_1_26) 1.85e-03 5.60e-04    0.339 2.75e-03   0.0
          clz (bsg_counting_leading_zeros_1_26) 1.18e-04 9.06e-05 6.83e-02 2.76e-04   0.0
            lzc (VX_lzc_1_26)          1.18e-04 9.06e-05 6.83e-02 2.76e-04   0.0
              g_lzc_find_first (VX_find_first_10_4_1_26) 5.29e-05 7.14e-05 5.55e-02 1.80e-04   0.0
        g_in_ieee_from_ieee_a (fNToRecFN_1_27) 7.07e-04 4.02e-04    0.313 1.42e-03   0.0
          clz (bsg_counting_leading_zeros_1_27) 9.30e-05 6.95e-05 6.85e-02 2.31e-04   0.0
            lzc (VX_lzc_1_27)          6.98e-05 6.26e-05 6.22e-02 1.95e-04   0.0
              g_lzc_find_first (VX_find_first_10_4_1_27) 4.11e-05 5.38e-05 5.56e-02 1.51e-04   0.0
      g_prod_1__pipe_mult (VX_pipe_register_1_14) 3.12e-03 1.16e-02    0.477 1.52e-02   0.0
        g_shift_register (VX_shift_register_33_0_1_0_14) 3.12e-03 1.16e-02    0.477 1.52e-02   0.0
      g_prod_1__fp16_mul (VX_tcu_bhf_fmul_14) 2.39e-02 4.90e-02    5.430 7.84e-02   0.1
        pipe_rnd (VX_pipe_register_4_28) 3.35e-03 1.16e-02    0.477 1.54e-02   0.0
          g_shift_register (VX_shift_register_38_0_1_0_28) 3.35e-03 1.16e-02    0.477 1.54e-02   0.0
        rounding (roundAnyRawFNToRecFN_15) 2.68e-03 1.12e-03    0.274 4.08e-03   0.0
        pipe_add (VX_pipe_register_3_14) 5.03e-03 2.46e-02    1.028 3.07e-02   0.0
          g_shift_register (VX_shift_register_37_0_2_0_14) 5.03e-03 2.46e-02    1.028 3.07e-02   0.0
        multiplier (mulRecFNToFullRaw_14) 1.15e-02 1.08e-02    3.023 2.53e-02   0.0
          isSigNaN_b (isSigNaNRecFN_29) 5.72e-06 9.07e-06 4.64e-03 1.94e-05   0.0
          recFNToRawFN_b (recFNToRawFN_29) 9.83e-04 2.24e-04    0.129 1.34e-03   0.0
          isSigNaN_a (isSigNaNRecFN_30) 5.66e-06 7.48e-06 4.75e-03 1.79e-05   0.0
          recFNToRawFN_a (recFNToRawFN_30) 3.57e-04 1.68e-04    0.129 6.55e-04   0.0
        g_in_ieee_from_ieee_b (fNToRecFN_1_28) 7.46e-04 5.25e-04    0.314 1.58e-03   0.0
          clz (bsg_counting_leading_zeros_1_28) 1.18e-04 9.04e-05 6.83e-02 2.76e-04   0.0
            lzc (VX_lzc_1_28)          1.18e-04 9.04e-05 6.83e-02 2.76e-04   0.0
              g_lzc_find_first (VX_find_first_10_4_1_28) 5.48e-05 7.12e-05 5.54e-02 1.81e-04   0.0
        g_in_ieee_from_ieee_a (fNToRecFN_1_29) 6.06e-04 4.04e-04    0.313 1.32e-03   0.0
          clz (bsg_counting_leading_zeros_1_29) 9.51e-05 6.97e-05 6.84e-02 2.33e-04   0.0
            lzc (VX_lzc_1_29)          9.51e-05 6.97e-05 6.84e-02 2.33e-04   0.0
              g_lzc_find_first (VX_find_first_10_4_1_29) 4.11e-05 5.39e-05 5.55e-02 1.50e-04   0.0
      g_prod_0__pipe_mult (VX_pipe_register_1_15) 2.79e-03 1.16e-02    0.477 1.48e-02   0.0
        g_shift_register (VX_shift_register_33_0_1_0_15) 2.79e-03 1.16e-02    0.477 1.48e-02   0.0
      g_prod_0__fp16_mul (VX_tcu_bhf_fmul_15) 2.16e-02 4.89e-02    5.426 7.60e-02   0.1
        pipe_rnd (VX_pipe_register_4_29) 2.90e-03 1.16e-02    0.477 1.49e-02   0.0
          g_shift_register (VX_shift_register_38_0_1_0_29) 2.90e-03 1.16e-02    0.477 1.49e-02   0.0
        rounding (roundAnyRawFNToRecFN_16) 1.33e-03 1.11e-03    0.273 2.71e-03   0.0
        pipe_add (VX_pipe_register_3_15) 4.19e-03 2.46e-02    1.028 2.98e-02   0.0
          g_shift_register (VX_shift_register_37_0_2_0_15) 4.19e-03 2.46e-02    1.028 2.98e-02   0.0
        multiplier (mulRecFNToFullRaw_15) 1.17e-02 1.07e-02    3.022 2.55e-02   0.0
          isSigNaN_b (isSigNaNRecFN_31) 5.39e-06 9.21e-06 4.72e-03 1.93e-05   0.0
          recFNToRawFN_b (recFNToRawFN_31) 8.85e-04 2.23e-04    0.129 1.24e-03   0.0
          isSigNaN_a (isSigNaNRecFN_32) 4.51e-06 7.16e-06 4.67e-03 1.63e-05   0.0
          recFNToRawFN_a (recFNToRawFN_32) 4.06e-04 1.69e-04    0.129 7.04e-04   0.0
        g_in_ieee_from_ieee_b (fNToRecFN_1_30) 7.10e-04 5.28e-04    0.313 1.55e-03   0.0
          clz (bsg_counting_leading_zeros_1_30) 1.18e-04 9.00e-05 6.84e-02 2.77e-04   0.0
            lzc (VX_lzc_1_30)          1.18e-04 9.00e-05 6.84e-02 2.77e-04   0.0
              g_lzc_find_first (VX_find_first_10_4_1_30) 5.31e-05 7.08e-05 5.55e-02 1.79e-04   0.0
        g_in_ieee_from_ieee_a (fNToRecFN_1_31) 8.21e-04 4.00e-04    0.313 1.53e-03   0.0
          clz (bsg_counting_leading_zeros_1_31) 9.02e-05 6.81e-05 6.83e-02 2.27e-04   0.0
            lzc (VX_lzc_1_31)          9.02e-05 6.81e-05 6.83e-02 2.27e-04   0.0
              g_lzc_find_first (VX_find_first_10_4_1_31) 3.89e-05 5.27e-05 5.54e-02 1.47e-04   0.0
    g_i_7__g_j_2__genblk1_u_buffer_ex (VX_pipe_register_7) 1.73e-02 9.43e-02    4.324    0.116   0.2
      g_shift_register (VX_shift_register_582_0_1_0_1) 1.73e-02 9.43e-02    4.324    0.116   0.2
    g_i_7__g_j_1__fedp (VX_tcu_fedp_bhf_2)    0.667    1.218  116.835    2.001   2.8
      final_add (VX_tcu_bhf_fadd_1_2)  4.19e-02 6.68e-02    8.511    0.117   0.2
        pipe_rnd (VX_pipe_register_6_2) 2.75e-03 1.15e-02    0.491 1.47e-02   0.0
          g_shift_register (VX_shift_register_37_0_1_0_2) 2.75e-03 1.15e-02    0.491 1.47e-02   0.0
        g_out_ieee_to_ieee (recFNToFN_2) 4.29e-03 2.85e-03    0.791 7.92e-03   0.0
          recFNToRawFN (recFNToRawFN_1_34) 1.24e-03 7.08e-04    0.232 2.18e-03   0.0
        rounding (roundAnyRawFNToRecFN_1_16) 4.45e-03 2.92e-03    1.207 8.58e-03   0.0
          genblk2_genblk1_lowMask_roundMask (lowMaskLoHi_16) 2.32e-04 1.33e-04    0.301 6.67e-04   0.0
            reverse (reverse_2_16)     4.91e-06 1.94e-06    0.153 1.60e-04   0.0
        pipe_add (VX_pipe_register_5_16) 6.18e-03 3.05e-02    1.265 3.79e-02   0.1
          g_shift_register (VX_shift_register_45_0_2_0_16) 6.18e-03 3.05e-02    1.265 3.79e-02   0.1
        adder (addRecFNToRaw_16)       2.42e-02 1.91e-02    4.758 4.80e-02   0.1
          lowMask_far_roundExtraMask (lowMaskHiLo_16) 4.39e-05 8.18e-05 8.05e-02 2.06e-04   0.0
            reverse (reverse_1_16)     1.77e-05 3.84e-05 5.03e-02 1.06e-04   0.0
          compressBy4_far_sigSmaller (compressBy4_16) 3.23e-05 1.76e-04 4.49e-02 2.54e-04   0.0
          countLeadingZeros_close (countLeadingZeros_16) 5.65e-04 4.57e-04    0.163 1.19e-03   0.0
            reverse_in (reverse_18)    2.93e-04 3.10e-04 9.01e-02 6.93e-04   0.0
          compressBy2_close_sigSum (compressBy2_16) 1.84e-04 3.35e-04 6.60e-02 5.85e-04   0.0
          isSigNaN_b (isSigNaNRecFN_1_32) 3.69e-06 5.19e-06 4.63e-03 1.35e-05   0.0
          recFNToRawFN_b (recFNToRawFN_1_35) 6.32e-04 2.70e-04    0.236 1.14e-03   0.0
          isSigNaN_a (isSigNaNRecFN_1_33) 9.86e-06 1.32e-05 4.75e-03 2.78e-05   0.0
          recFNToRawFN_a (recFNToRawFN_1_36) 1.45e-03 8.15e-04    0.232 2.49e-03   0.0
      pipe_c (VX_pipe_register_2_2)    2.00e-02    0.139    6.434    0.165   0.2
        g_shift_register (VX_shift_register_33_0_13_0_2) 2.00e-02    0.139    6.434    0.165   0.2
      conv_c (fNToRecFN_3)             2.02e-03 9.29e-04    0.762 3.71e-03   0.0
        clz (bsg_counting_leading_zeros_3) 1.18e-04 1.11e-04    0.120 3.48e-04   0.0
          lzc (VX_lzc_3)               1.18e-04 1.11e-04    0.120 3.48e-04   0.0
            g_lzc_find_first (VX_find_first_23_5_1_2) 1.04e-04 1.07e-04    0.107 3.18e-04   0.0
      g_red_tree_2__g_add_0__reduce_add (VX_tcu_bhf_fadd_15) 5.88e-02 7.59e-02    7.757    0.142   0.2
        pipe_rnd (VX_pipe_register_4_30) 5.03e-03 1.26e-02    0.504 1.81e-02   0.0
          g_shift_register (VX_shift_register_38_0_1_0_30) 5.03e-03 1.26e-02    0.504 1.81e-02   0.0
        rounding (roundAnyRawFNToRecFN_1_17) 7.34e-03 3.72e-03    1.232 1.23e-02   0.0
          genblk2_genblk1_lowMask_roundMask (lowMaskLoHi_17) 2.65e-04 1.46e-04    0.302 7.13e-04   0.0
            reverse (reverse_2_17)     1.43e-05 5.43e-06    0.154 1.73e-04   0.0
        pipe_add (VX_pipe_register_5_17) 9.22e-03 3.16e-02    1.265 4.21e-02   0.1
          g_shift_register (VX_shift_register_45_0_2_0_17) 9.22e-03 3.16e-02    1.265 4.21e-02   0.1
        adder (addRecFNToRaw_17)       3.72e-02 2.80e-02    4.756 6.99e-02   0.1
          lowMask_far_roundExtraMask (lowMaskHiLo_17) 1.76e-04 2.96e-04 8.09e-02 5.53e-04   0.0
            reverse (reverse_1_17)     6.69e-05 1.45e-04 4.72e-02 2.59e-04   0.0
          compressBy4_far_sigSmaller (compressBy4_17) 8.39e-05 3.65e-04 4.79e-02 4.97e-04   0.0
          countLeadingZeros_close (countLeadingZeros_17) 5.83e-04 5.30e-04    0.163 1.28e-03   0.0
            reverse_in (reverse_19)    3.02e-04 3.69e-04 8.96e-02 7.61e-04   0.0
          compressBy2_close_sigSum (compressBy2_17) 2.03e-04 3.99e-04 6.62e-02 6.69e-04   0.0
          isSigNaN_b (isSigNaNRecFN_1_34) 4.97e-06 8.28e-06 4.15e-03 1.74e-05   0.0
          recFNToRawFN_b (recFNToRawFN_1_37) 2.47e-03 9.03e-04    0.233 3.60e-03   0.0
          isSigNaN_a (isSigNaNRecFN_1_35) 4.13e-06 8.47e-06 4.20e-03 1.68e-05   0.0
          recFNToRawFN_a (recFNToRawFN_1_38) 2.35e-03 8.95e-04    0.233 3.48e-03   0.0
      g_red_tree_1__g_add_1__reduce_add (VX_tcu_bhf_fadd_16) 5.66e-02 7.66e-02    7.776    0.141   0.2
        pipe_rnd (VX_pipe_register_4_31) 2.61e-03 1.29e-02    0.505 1.60e-02   0.0
          g_shift_register (VX_shift_register_38_0_1_0_31) 2.61e-03 1.29e-02    0.505 1.60e-02   0.0
        rounding (roundAnyRawFNToRecFN_1_18) 8.05e-03 3.93e-03    1.232 1.32e-02   0.0
          genblk2_genblk1_lowMask_roundMask (lowMaskLoHi_18) 2.55e-04 1.49e-04    0.303 7.06e-04   0.0
            reverse (reverse_2_18)     1.45e-05 5.43e-06    0.153 1.73e-04   0.0
        pipe_add (VX_pipe_register_5_18) 9.65e-03 3.17e-02    1.265 4.27e-02   0.1
          g_shift_register (VX_shift_register_45_0_2_0_18) 9.65e-03 3.17e-02    1.265 4.27e-02   0.1
        adder (addRecFNToRaw_18)       3.63e-02 2.80e-02    4.774 6.91e-02   0.1
          lowMask_far_roundExtraMask (lowMaskHiLo_18) 1.39e-04 2.70e-04 8.07e-02 4.89e-04   0.0
            reverse (reverse_1_18)     6.42e-05 1.30e-04 4.69e-02 2.42e-04   0.0
          compressBy4_far_sigSmaller (compressBy4_18) 6.99e-05 3.41e-04 4.62e-02 4.57e-04   0.0
          countLeadingZeros_close (countLeadingZeros_18) 5.66e-04 5.18e-04    0.163 1.25e-03   0.0
            reverse_in (reverse_20)    2.99e-04 3.62e-04 8.98e-02 7.51e-04   0.0
          compressBy2_close_sigSum (compressBy2_18) 1.97e-04 3.92e-04 6.62e-02 6.55e-04   0.0
          isSigNaN_b (isSigNaNRecFN_1_36) 5.51e-06 9.19e-06 4.39e-03 1.91e-05   0.0
          recFNToRawFN_b (recFNToRawFN_1_39) 2.69e-03 9.31e-04    0.234 3.86e-03   0.0
          isSigNaN_a (isSigNaNRecFN_1_37) 4.94e-06 9.28e-06 4.38e-03 1.86e-05   0.0
          recFNToRawFN_a (recFNToRawFN_1_40) 1.79e-03 9.40e-04    0.234 2.97e-03   0.0
      g_red_tree_1__g_add_0__reduce_add (VX_tcu_bhf_fadd_17) 5.68e-02 7.66e-02    7.800    0.141   0.2
        pipe_rnd (VX_pipe_register_4_32) 3.85e-03 1.29e-02    0.505 1.72e-02   0.0
          g_shift_register (VX_shift_register_38_0_1_0_32) 3.85e-03 1.29e-02    0.505 1.72e-02   0.0
        rounding (roundAnyRawFNToRecFN_1_19) 7.77e-03 3.90e-03    1.246 1.29e-02   0.0
          genblk2_genblk1_lowMask_roundMask (lowMaskLoHi_19) 2.58e-04 1.50e-04    0.303 7.11e-04   0.0
            reverse (reverse_2_19)     1.32e-05 5.42e-06    0.153 1.72e-04   0.0
        pipe_add (VX_pipe_register_5_19) 9.24e-03 3.17e-02    1.265 4.22e-02   0.1
          g_shift_register (VX_shift_register_45_0_2_0_19) 9.24e-03 3.17e-02    1.265 4.22e-02   0.1
        adder (addRecFNToRaw_19)       3.59e-02 2.81e-02    4.776 6.88e-02   0.1
          lowMask_far_roundExtraMask (lowMaskHiLo_19) 1.35e-04 2.70e-04 8.07e-02 4.86e-04   0.0
            reverse (reverse_1_19)     5.79e-05 1.30e-04 4.69e-02 2.35e-04   0.0
          compressBy4_far_sigSmaller (compressBy4_19) 7.22e-05 3.43e-04 4.63e-02 4.61e-04   0.0
          countLeadingZeros_close (countLeadingZeros_19) 5.82e-04 5.22e-04    0.163 1.27e-03   0.0
            reverse_in (reverse_21)    3.06e-04 3.63e-04 8.98e-02 7.59e-04   0.0
          compressBy2_close_sigSum (compressBy2_19) 1.97e-04 3.93e-04 6.62e-02 6.55e-04   0.0
          isSigNaN_b (isSigNaNRecFN_1_38) 9.04e-06 9.24e-06 4.36e-03 2.26e-05   0.0
          recFNToRawFN_b (recFNToRawFN_1_41) 2.43e-03 9.27e-04    0.234 3.59e-03   0.0
          isSigNaN_a (isSigNaNRecFN_1_39) 5.52e-06 9.64e-06 4.41e-03 1.96e-05   0.0
          recFNToRawFN_a (recFNToRawFN_1_42) 1.28e-03 9.08e-04    0.234 2.42e-03   0.0
      g_red_tree_0__g_add_3__reduce_add (VX_tcu_bhf_fadd_18) 6.37e-02 7.45e-02    7.645    0.146   0.2
        pipe_rnd (VX_pipe_register_4_33) 5.32e-03 1.30e-02    0.505 1.88e-02   0.0
          g_shift_register (VX_shift_register_38_0_1_0_33) 5.32e-03 1.30e-02    0.505 1.88e-02   0.0
        rounding (roundAnyRawFNToRecFN_1_20) 1.22e-02 3.98e-03    1.282 1.74e-02   0.0
          genblk2_genblk1_lowMask_roundMask (lowMaskLoHi_20) 2.41e-04 1.51e-04    0.303 6.95e-04   0.0
            reverse (reverse_2_20)     1.42e-05 5.43e-06    0.153 1.73e-04   0.0
        pipe_add (VX_pipe_register_5_20) 1.39e-02 3.22e-02    1.268 4.74e-02   0.1
          g_shift_register (VX_shift_register_45_0_2_0_20) 1.39e-02 3.22e-02    1.268 4.74e-02   0.1
        adder (addRecFNToRaw_20)       3.23e-02 2.53e-02    4.590 6.22e-02   0.1
          lowMask_far_roundExtraMask (lowMaskHiLo_20) 1.13e-04 2.24e-04 6.92e-02 4.06e-04   0.0
            reverse (reverse_1_20)     5.16e-05 1.08e-04 3.98e-02 1.99e-04   0.0
          compressBy4_far_sigSmaller (compressBy4_20) 4.13e-05 2.47e-04 4.08e-02 3.29e-04   0.0
          countLeadingZeros_close (countLeadingZeros_20) 5.41e-04 4.99e-04    0.156 1.20e-03   0.0
            reverse_in (reverse_22)    2.77e-04 3.02e-04 8.27e-02 6.61e-04   0.0
          compressBy2_close_sigSum (compressBy2_20) 1.88e-04 3.28e-04 6.15e-02 5.77e-04   0.0
          isSigNaN_b (isSigNaNRecFN_1_40) 7.59e-06 1.08e-05 4.86e-03 2.33e-05   0.0
          recFNToRawFN_b (recFNToRawFN_1_43) 2.19e-03 7.61e-04    0.221 3.17e-03   0.0
          isSigNaN_a (isSigNaNRecFN_1_41) 8.54e-06 1.12e-05 4.87e-03 2.46e-05   0.0
          recFNToRawFN_a (recFNToRawFN_1_44) 1.83e-03 7.52e-04    0.221 2.80e-03   0.0
      g_red_tree_0__g_add_2__reduce_add (VX_tcu_bhf_fadd_19) 6.73e-02 7.48e-02    7.710    0.150   0.2
        pipe_rnd (VX_pipe_register_4_34) 6.31e-03 1.31e-02    0.505 1.99e-02   0.0
          g_shift_register (VX_shift_register_38_0_1_0_34) 6.31e-03 1.31e-02    0.505 1.99e-02   0.0
        rounding (roundAnyRawFNToRecFN_1_21) 1.66e-02 4.13e-03    1.349 2.20e-02   0.0
          genblk2_genblk1_lowMask_roundMask (lowMaskLoHi_21) 2.51e-04 1.55e-04    0.304 7.10e-04   0.0
            reverse (reverse_2_21)     1.46e-05 5.43e-06    0.153 1.73e-04   0.0
        pipe_add (VX_pipe_register_5_21) 1.21e-02 3.22e-02    1.268 4.56e-02   0.1
          g_shift_register (VX_shift_register_45_0_2_0_21) 1.21e-02 3.22e-02    1.268 4.56e-02   0.1
        adder (addRecFNToRaw_21)       3.23e-02 2.53e-02    4.587 6.22e-02   0.1
          lowMask_far_roundExtraMask (lowMaskHiLo_21) 1.20e-04 2.26e-04 6.92e-02 4.15e-04   0.0
            reverse (reverse_1_21)     5.90e-05 1.09e-04 3.99e-02 2.08e-04   0.0
          compressBy4_far_sigSmaller (compressBy4_21) 5.20e-05 2.45e-04 4.07e-02 3.38e-04   0.0
          countLeadingZeros_close (countLeadingZeros_21) 5.47e-04 5.03e-04    0.157 1.21e-03   0.0
            reverse_in (reverse_23)    2.82e-04 3.03e-04 8.27e-02 6.68e-04   0.0
          compressBy2_close_sigSum (compressBy2_21) 1.64e-04 3.28e-04 6.15e-02 5.54e-04   0.0
          isSigNaN_b (isSigNaNRecFN_1_42) 9.78e-06 1.10e-05 4.82e-03 2.56e-05   0.0
          recFNToRawFN_b (recFNToRawFN_1_45) 2.06e-03 7.53e-04    0.221 3.03e-03   0.0
          isSigNaN_a (isSigNaNRecFN_1_43) 7.88e-06 1.13e-05 4.88e-03 2.40e-05   0.0
          recFNToRawFN_a (recFNToRawFN_1_46) 1.85e-03 7.58e-04    0.221 2.83e-03   0.0
      g_red_tree_0__g_add_1__reduce_add (VX_tcu_bhf_fadd_20) 4.93e-02 7.43e-02    7.588    0.131   0.2
        pipe_rnd (VX_pipe_register_4_35) 2.96e-03 1.29e-02    0.505 1.64e-02   0.0
          g_shift_register (VX_shift_register_38_0_1_0_35) 2.96e-03 1.29e-02    0.505 1.64e-02   0.0
        rounding (roundAnyRawFNToRecFN_1_22) 5.88e-03 3.80e-03    1.227 1.09e-02   0.0
          genblk2_genblk1_lowMask_roundMask (lowMaskLoHi_22) 2.41e-04 1.52e-04    0.303 6.96e-04   0.0
            reverse (reverse_2_22)     1.30e-05 5.41e-06    0.153 1.72e-04   0.0
        pipe_add (VX_pipe_register_5_22) 9.48e-03 3.22e-02    1.268 4.30e-02   0.1
          g_shift_register (VX_shift_register_45_0_2_0_22) 9.48e-03 3.22e-02    1.268 4.30e-02   0.1
        adder (addRecFNToRaw_22)       3.10e-02 2.53e-02    4.588 6.09e-02   0.1
          lowMask_far_roundExtraMask (lowMaskHiLo_22) 1.21e-04 2.26e-04 6.92e-02 4.16e-04   0.0
            reverse (reverse_1_22)     5.92e-05 1.09e-04 3.98e-02 2.08e-04   0.0
          compressBy4_far_sigSmaller (compressBy4_22) 5.78e-05 2.46e-04 4.07e-02 3.44e-04   0.0
          countLeadingZeros_close (countLeadingZeros_22) 5.49e-04 5.03e-04    0.156 1.21e-03   0.0
            reverse_in (reverse_24)    2.85e-04 3.04e-04 8.26e-02 6.72e-04   0.0
          compressBy2_close_sigSum (compressBy2_22) 1.65e-04 3.29e-04 6.15e-02 5.55e-04   0.0
          isSigNaN_b (isSigNaNRecFN_1_44) 9.04e-06 1.10e-05 4.86e-03 2.49e-05   0.0
          recFNToRawFN_b (recFNToRawFN_1_47) 1.90e-03 7.54e-04    0.221 2.88e-03   0.0
          isSigNaN_a (isSigNaNRecFN_1_45) 6.78e-06 1.10e-05 4.83e-03 2.26e-05   0.0
          recFNToRawFN_a (recFNToRawFN_1_48) 1.61e-03 7.51e-04    0.221 2.58e-03   0.0
      g_red_tree_0__g_add_0__reduce_add (VX_tcu_bhf_fadd_21) 5.01e-02 7.41e-02    7.595    0.132   0.2
        pipe_rnd (VX_pipe_register_4_36) 3.44e-03 1.29e-02    0.505 1.69e-02   0.0
          g_shift_register (VX_shift_register_38_0_1_0_36) 3.44e-03 1.29e-02    0.505 1.69e-02   0.0
        rounding (roundAnyRawFNToRecFN_1_23) 5.66e-03 3.78e-03    1.231 1.07e-02   0.0
          genblk2_genblk1_lowMask_roundMask (lowMaskLoHi_23) 2.46e-04 1.52e-04    0.303 7.01e-04   0.0
            reverse (reverse_2_23)     1.39e-05 5.42e-06    0.153 1.73e-04   0.0
        pipe_add (VX_pipe_register_5_23) 9.41e-03 3.22e-02    1.268 4.29e-02   0.1
          g_shift_register (VX_shift_register_45_0_2_0_23) 9.41e-03 3.22e-02    1.268 4.29e-02   0.1
        adder (addRecFNToRaw_23)       3.16e-02 2.52e-02    4.591 6.14e-02   0.1
          lowMask_far_roundExtraMask (lowMaskHiLo_23) 1.14e-04 2.23e-04 6.92e-02 4.05e-04   0.0
            reverse (reverse_1_23)     5.29e-05 1.08e-04 3.99e-02 2.01e-04   0.0
          compressBy4_far_sigSmaller (compressBy4_23) 3.82e-05 2.45e-04 4.07e-02 3.24e-04   0.0
          countLeadingZeros_close (countLeadingZeros_23) 5.52e-04 5.03e-04    0.156 1.21e-03   0.0
            reverse_in (reverse_25)    2.84e-04 3.04e-04 8.26e-02 6.71e-04   0.0
          compressBy2_close_sigSum (compressBy2_23) 1.69e-04 3.29e-04 6.15e-02 5.59e-04   0.0
          isSigNaN_b (isSigNaNRecFN_1_46) 7.92e-06 1.13e-05 4.87e-03 2.41e-05   0.0
          recFNToRawFN_b (recFNToRawFN_1_49) 2.07e-03 7.59e-04    0.221 3.05e-03   0.0
          isSigNaN_a (isSigNaNRecFN_1_47) 8.30e-06 1.11e-05 4.88e-03 2.42e-05   0.0
          recFNToRawFN_a (recFNToRawFN_1_50) 1.66e-03 7.45e-04    0.221 2.63e-03   0.0
      g_prod_7__pipe_mult (VX_pipe_register_1_16) 4.68e-03 1.16e-02    0.477 1.67e-02   0.0
        g_shift_register (VX_shift_register_33_0_1_0_16) 4.68e-03 1.16e-02    0.477 1.67e-02   0.0
      g_prod_7__fp16_mul (VX_tcu_bhf_fmul_16) 2.43e-02 4.90e-02    5.414 7.87e-02   0.1
        pipe_rnd (VX_pipe_register_4_37) 3.71e-03 1.16e-02    0.477 1.57e-02   0.0
          g_shift_register (VX_shift_register_38_0_1_0_37) 3.71e-03 1.16e-02    0.477 1.57e-02   0.0
        rounding (roundAnyRawFNToRecFN_17) 1.97e-03 1.11e-03    0.274 3.36e-03   0.0
        pipe_add (VX_pipe_register_3_16) 5.89e-03 2.46e-02    1.028 3.15e-02   0.0
          g_shift_register (VX_shift_register_37_0_2_0_16) 5.89e-03 2.46e-02    1.028 3.15e-02   0.0
        multiplier (mulRecFNToFullRaw_16) 1.14e-02 1.08e-02    3.007 2.52e-02   0.0
          isSigNaN_b (isSigNaNRecFN_33) 5.07e-06 8.97e-06 4.63e-03 1.87e-05   0.0
          recFNToRawFN_b (recFNToRawFN_33) 6.63e-04 2.22e-04    0.129 1.01e-03   0.0
          isSigNaN_a (isSigNaNRecFN_34) 5.71e-06 7.37e-06 4.67e-03 1.77e-05   0.0
          recFNToRawFN_a (recFNToRawFN_34) 3.31e-04 1.68e-04    0.129 6.28e-04   0.0
        g_in_ieee_from_ieee_b (fNToRecFN_1_32) 7.36e-04 5.25e-04    0.314 1.58e-03   0.0
          clz (bsg_counting_leading_zeros_1_32) 1.16e-04 8.97e-05 6.83e-02 2.74e-04   0.0
            lzc (VX_lzc_1_32)          1.16e-04 8.97e-05 6.83e-02 2.74e-04   0.0
              g_lzc_find_first (VX_find_first_10_4_1_32) 5.25e-05 7.09e-05 5.54e-02 1.79e-04   0.0
        g_in_ieee_from_ieee_a (fNToRecFN_1_33) 5.73e-04 4.02e-04    0.314 1.29e-03   0.0
          clz (bsg_counting_leading_zeros_1_33) 9.58e-05 6.89e-05 6.84e-02 2.33e-04   0.0
            lzc (VX_lzc_1_33)          9.58e-05 6.89e-05 6.84e-02 2.33e-04   0.0
              g_lzc_find_first (VX_find_first_10_4_1_33) 4.20e-05 5.36e-05 5.56e-02 1.51e-04   0.0
      g_prod_6__pipe_mult (VX_pipe_register_1_17) 2.46e-03 1.16e-02    0.477 1.45e-02   0.0
        g_shift_register (VX_shift_register_33_0_1_0_17) 2.46e-03 1.16e-02    0.477 1.45e-02   0.0
      g_prod_6__fp16_mul (VX_tcu_bhf_fmul_17) 2.07e-02 4.89e-02    5.410 7.51e-02   0.1
        pipe_rnd (VX_pipe_register_4_38) 3.18e-03 1.16e-02    0.477 1.52e-02   0.0
          g_shift_register (VX_shift_register_38_0_1_0_38) 3.18e-03 1.16e-02    0.477 1.52e-02   0.0
        rounding (roundAnyRawFNToRecFN_18) 1.07e-03 1.10e-03    0.273 2.44e-03   0.0
        pipe_add (VX_pipe_register_3_17) 4.85e-03 2.46e-02    1.028 3.05e-02   0.0
          g_shift_register (VX_shift_register_37_0_2_0_17) 4.85e-03 2.46e-02    1.028 3.05e-02   0.0
        multiplier (mulRecFNToFullRaw_17) 1.04e-02 1.08e-02    3.008 2.42e-02   0.0
          isSigNaN_b (isSigNaNRecFN_35) 9.78e-06 8.87e-06 4.72e-03 2.34e-05   0.0
          recFNToRawFN_b (recFNToRawFN_35) 7.35e-04 2.21e-04    0.129 1.09e-03   0.0
          isSigNaN_a (isSigNaNRecFN_36) 3.97e-06 7.00e-06 4.66e-03 1.56e-05   0.0
          recFNToRawFN_a (recFNToRawFN_36) 3.16e-04 1.66e-04    0.129 6.11e-04   0.0
        g_in_ieee_from_ieee_b (fNToRecFN_1_34) 7.15e-04 5.29e-04    0.313 1.56e-03   0.0
          clz (bsg_counting_leading_zeros_1_34) 1.18e-04 9.14e-05 6.83e-02 2.78e-04   0.0
            lzc (VX_lzc_1_34)          8.17e-05 8.02e-05 6.18e-02 2.24e-04   0.0
              g_lzc_find_first (VX_find_first_10_4_1_34) 5.37e-05 7.16e-05 5.55e-02 1.81e-04   0.0
        g_in_ieee_from_ieee_a (fNToRecFN_1_35) 5.11e-04 4.00e-04    0.311 1.22e-03   0.0
          clz (bsg_counting_leading_zeros_1_35) 9.47e-05 6.97e-05 6.84e-02 2.33e-04   0.0
            lzc (VX_lzc_1_35)          6.34e-05 6.10e-05 6.19e-02 1.86e-04   0.0
              g_lzc_find_first (VX_find_first_10_4_1_35) 4.06e-05 5.41e-05 5.55e-02 1.50e-04   0.0
      g_prod_5__pipe_mult (VX_pipe_register_1_18) 3.39e-03 1.16e-02    0.477 1.54e-02   0.0
        g_shift_register (VX_shift_register_33_0_1_0_18) 3.39e-03 1.16e-02    0.477 1.54e-02   0.0
      g_prod_5__fp16_mul (VX_tcu_bhf_fmul_18) 2.13e-02 4.89e-02    5.412 7.56e-02   0.1
        pipe_rnd (VX_pipe_register_4_39) 3.67e-03 1.16e-02    0.477 1.57e-02   0.0
          g_shift_register (VX_shift_register_38_0_1_0_39) 3.67e-03 1.16e-02    0.477 1.57e-02   0.0
        rounding (roundAnyRawFNToRecFN_19) 1.38e-03 1.11e-03    0.272 2.76e-03   0.0
        pipe_add (VX_pipe_register_3_18) 4.43e-03 2.46e-02    1.028 3.01e-02   0.0
          g_shift_register (VX_shift_register_37_0_2_0_18) 4.43e-03 2.46e-02    1.028 3.01e-02   0.0
        multiplier (mulRecFNToFullRaw_18) 1.06e-02 1.07e-02    3.008 2.43e-02   0.0
          isSigNaN_b (isSigNaNRecFN_37) 4.79e-06 8.98e-06 4.67e-03 1.84e-05   0.0
          recFNToRawFN_b (recFNToRawFN_37) 6.74e-04 2.22e-04    0.129 1.03e-03   0.0
          isSigNaN_a (isSigNaNRecFN_38) 4.28e-06 7.37e-06 4.67e-03 1.63e-05   0.0
          recFNToRawFN_a (recFNToRawFN_38) 3.47e-04 1.65e-04    0.129 6.42e-04   0.0
        g_in_ieee_from_ieee_b (fNToRecFN_1_36) 6.58e-04 5.25e-04    0.313 1.50e-03   0.0
          clz (bsg_counting_leading_zeros_1_36) 1.20e-04 9.07e-05 6.83e-02 2.79e-04   0.0
            lzc (VX_lzc_1_36)          1.20e-04 9.07e-05 6.83e-02 2.79e-04   0.0
              g_lzc_find_first (VX_find_first_10_4_1_36) 5.27e-05 7.13e-05 5.54e-02 1.79e-04   0.0
        g_in_ieee_from_ieee_a (fNToRecFN_1_37) 5.61e-04 3.93e-04    0.313 1.27e-03   0.0
          clz (bsg_counting_leading_zeros_1_37) 9.18e-05 6.70e-05 6.83e-02 2.27e-04   0.0
            lzc (VX_lzc_1_37)          9.18e-05 6.70e-05 6.83e-02 2.27e-04   0.0
              g_lzc_find_first (VX_find_first_10_4_1_37) 3.93e-05 5.20e-05 5.54e-02 1.47e-04   0.0
      g_prod_4__pipe_mult (VX_pipe_register_1_19) 2.29e-03 1.16e-02    0.477 1.43e-02   0.0
        g_shift_register (VX_shift_register_33_0_1_0_19) 2.29e-03 1.16e-02    0.477 1.43e-02   0.0
      g_prod_4__fp16_mul (VX_tcu_bhf_fmul_19) 2.00e-02 4.90e-02    5.409 7.44e-02   0.1
        pipe_rnd (VX_pipe_register_4_40) 2.72e-03 1.16e-02    0.477 1.48e-02   0.0
          g_shift_register (VX_shift_register_38_0_1_0_40) 2.72e-03 1.16e-02    0.477 1.48e-02   0.0
        rounding (roundAnyRawFNToRecFN_20) 1.19e-03 1.11e-03    0.272 2.57e-03   0.0
        pipe_add (VX_pipe_register_3_19) 4.34e-03 2.46e-02    1.028 3.00e-02   0.0
          g_shift_register (VX_shift_register_37_0_2_0_19) 4.34e-03 2.46e-02    1.028 3.00e-02   0.0
        multiplier (mulRecFNToFullRaw_19) 1.05e-02 1.08e-02    3.009 2.43e-02   0.0
          isSigNaN_b (isSigNaNRecFN_39) 9.07e-06 9.03e-06 4.69e-03 2.28e-05   0.0
          recFNToRawFN_b (recFNToRawFN_39) 7.42e-04 2.23e-04    0.129 1.09e-03   0.0
          isSigNaN_a (isSigNaNRecFN_40) 4.13e-06 7.01e-06 4.72e-03 1.59e-05   0.0
          recFNToRawFN_a (recFNToRawFN_40) 3.30e-04 1.68e-04    0.129 6.27e-04   0.0
        g_in_ieee_from_ieee_b (fNToRecFN_1_38) 7.04e-04 5.27e-04    0.313 1.54e-03   0.0
          clz (bsg_counting_leading_zeros_1_38) 1.19e-04 9.10e-05 6.84e-02 2.79e-04   0.0
            lzc (VX_lzc_1_38)          9.09e-05 8.26e-05 6.21e-02 2.36e-04   0.0
              g_lzc_find_first (VX_find_first_10_4_1_38) 5.45e-05 7.17e-05 5.56e-02 1.82e-04   0.0
        g_in_ieee_from_ieee_a (fNToRecFN_1_39) 5.13e-04 3.98e-04    0.311 1.22e-03   0.0
          clz (bsg_counting_leading_zeros_1_39) 9.15e-05 6.73e-05 6.85e-02 2.27e-04   0.0
            lzc (VX_lzc_1_39)          9.15e-05 6.73e-05 6.85e-02 2.27e-04   0.0
              g_lzc_find_first (VX_find_first_10_4_1_39) 4.08e-05 5.23e-05 5.56e-02 1.49e-04   0.0
      g_prod_3__pipe_mult (VX_pipe_register_1_20) 2.31e-03 1.16e-02    0.477 1.43e-02   0.0
        g_shift_register (VX_shift_register_33_0_1_0_20) 2.31e-03 1.16e-02    0.477 1.43e-02   0.0
      g_prod_3__fp16_mul (VX_tcu_bhf_fmul_20) 2.32e-02 4.89e-02    5.430 7.75e-02   0.1
        pipe_rnd (VX_pipe_register_4_41) 2.09e-03 1.15e-02    0.477 1.41e-02   0.0
          g_shift_register (VX_shift_register_38_0_1_0_41) 2.09e-03 1.15e-02    0.477 1.41e-02   0.0
        rounding (roundAnyRawFNToRecFN_21) 1.76e-03 1.10e-03    0.273 3.13e-03   0.0
        pipe_add (VX_pipe_register_3_20) 4.84e-03 2.46e-02    1.028 3.05e-02   0.0
          g_shift_register (VX_shift_register_37_0_2_0_20) 4.84e-03 2.46e-02    1.028 3.05e-02   0.0
        multiplier (mulRecFNToFullRaw_20) 1.30e-02 1.07e-02    3.025 2.68e-02   0.0
          isSigNaN_b (isSigNaNRecFN_41) 5.91e-06 1.00e-05 4.69e-03 2.06e-05   0.0
          recFNToRawFN_b (recFNToRawFN_41) 1.43e-03 2.29e-04    0.129 1.79e-03   0.0
          isSigNaN_a (isSigNaNRecFN_42) 4.14e-06 7.05e-06 4.68e-03 1.59e-05   0.0
          recFNToRawFN_a (recFNToRawFN_42) 3.42e-04 1.67e-04    0.129 6.38e-04   0.0
        g_in_ieee_from_ieee_b (fNToRecFN_1_40) 9.53e-04 5.27e-04    0.313 1.79e-03   0.0
          clz (bsg_counting_leading_zeros_1_40) 1.22e-04 9.12e-05 6.83e-02 2.82e-04   0.0
            lzc (VX_lzc_1_40)          1.22e-04 9.12e-05 6.83e-02 2.82e-04   0.0
              g_lzc_find_first (VX_find_first_10_4_1_40) 5.54e-05 7.17e-05 5.54e-02 1.83e-04   0.0
        g_in_ieee_from_ieee_a (fNToRecFN_1_41) 5.56e-04 3.98e-04    0.313 1.27e-03   0.0
          clz (bsg_counting_leading_zeros_1_41) 9.20e-05 6.89e-05 6.84e-02 2.29e-04   0.0
            lzc (VX_lzc_1_41)          6.24e-05 6.01e-05 6.19e-02 1.84e-04   0.0
              g_lzc_find_first (VX_find_first_10_4_1_41) 4.03e-05 5.35e-05 5.55e-02 1.49e-04   0.0
      g_prod_2__pipe_mult (VX_pipe_register_1_21) 2.29e-03 1.16e-02    0.477 1.43e-02   0.0
        g_shift_register (VX_shift_register_33_0_1_0_21) 2.29e-03 1.16e-02    0.477 1.43e-02   0.0
      g_prod_2__fp16_mul (VX_tcu_bhf_fmul_21) 2.66e-02 4.91e-02    5.477 8.12e-02   0.1
        pipe_rnd (VX_pipe_register_4_42) 2.14e-03 1.16e-02    0.477 1.42e-02   0.0
          g_shift_register (VX_shift_register_38_0_1_0_42) 2.14e-03 1.16e-02    0.477 1.42e-02   0.0
        rounding (roundAnyRawFNToRecFN_22) 1.75e-03 1.11e-03    0.274 3.14e-03   0.0
        pipe_add (VX_pipe_register_3_21) 4.60e-03 2.46e-02    1.028 3.02e-02   0.0
          g_shift_register (VX_shift_register_37_0_2_0_21) 4.60e-03 2.46e-02    1.028 3.02e-02   0.0
        multiplier (mulRecFNToFullRaw_21) 1.58e-02 1.09e-02    3.054 2.98e-02   0.0
          isSigNaN_b (isSigNaNRecFN_43) 9.96e-06 1.24e-05 5.76e-03 2.81e-05   0.0
          recFNToRawFN_b (recFNToRawFN_43) 4.02e-03 2.38e-04    0.129 4.38e-03   0.0
          isSigNaN_a (isSigNaNRecFN_44) 3.87e-06 7.13e-06 4.75e-03 1.58e-05   0.0
          recFNToRawFN_a (recFNToRawFN_44) 3.39e-04 1.67e-04    0.129 6.36e-04   0.0
        g_in_ieee_from_ieee_b (fNToRecFN_1_42) 1.69e-03 5.48e-04    0.330 2.57e-03   0.0
          clz (bsg_counting_leading_zeros_1_42) 1.20e-04 9.17e-05 6.85e-02 2.80e-04   0.0
            lzc (VX_lzc_1_42)          1.20e-04 9.17e-05 6.85e-02 2.80e-04   0.0
              g_lzc_find_first (VX_find_first_10_4_1_42) 5.39e-05 7.22e-05 5.56e-02 1.82e-04   0.0
        g_in_ieee_from_ieee_a (fNToRecFN_1_43) 5.45e-04 4.03e-04    0.313 1.26e-03   0.0
          clz (bsg_counting_leading_zeros_1_43) 9.49e-05 6.96e-05 6.85e-02 2.33e-04   0.0
            lzc (VX_lzc_1_43)          9.49e-05 6.96e-05 6.85e-02 2.33e-04   0.0
              g_lzc_find_first (VX_find_first_10_4_1_43) 4.13e-05 5.38e-05 5.56e-02 1.51e-04   0.0
      g_prod_1__pipe_mult (VX_pipe_register_1_22) 2.45e-03 1.16e-02    0.477 1.45e-02   0.0
        g_shift_register (VX_shift_register_33_0_1_0_22) 2.45e-03 1.16e-02    0.477 1.45e-02   0.0
      g_prod_1__fp16_mul (VX_tcu_bhf_fmul_22) 2.01e-02 4.89e-02    5.423 7.45e-02   0.1
        pipe_rnd (VX_pipe_register_4_43) 2.41e-03 1.16e-02    0.477 1.44e-02   0.0
          g_shift_register (VX_shift_register_38_0_1_0_43) 2.41e-03 1.16e-02    0.477 1.44e-02   0.0
        rounding (roundAnyRawFNToRecFN_23) 1.07e-03 1.11e-03    0.271 2.45e-03   0.0
        pipe_add (VX_pipe_register_3_22) 4.17e-03 2.46e-02    1.028 2.98e-02   0.0
          g_shift_register (VX_shift_register_37_0_2_0_22) 4.17e-03 2.46e-02    1.028 2.98e-02   0.0
        multiplier (mulRecFNToFullRaw_22) 1.12e-02 1.07e-02    3.023 2.49e-02   0.0
          isSigNaN_b (isSigNaNRecFN_45) 5.71e-06 8.97e-06 4.72e-03 1.94e-05   0.0
          recFNToRawFN_b (recFNToRawFN_45) 1.05e-03 2.23e-04    0.129 1.40e-03   0.0
          isSigNaN_a (isSigNaNRecFN_46) 4.38e-06 7.14e-06 4.75e-03 1.63e-05   0.0
          recFNToRawFN_a (recFNToRawFN_46) 3.49e-04 1.67e-04    0.129 6.46e-04   0.0
        g_in_ieee_from_ieee_b (fNToRecFN_1_44) 7.77e-04 5.26e-04    0.313 1.62e-03   0.0
          clz (bsg_counting_leading_zeros_1_44) 1.19e-04 9.10e-05 6.84e-02 2.78e-04   0.0
            lzc (VX_lzc_1_44)          1.19e-04 9.10e-05 6.84e-02 2.78e-04   0.0
              g_lzc_find_first (VX_find_first_10_4_1_44) 5.36e-05 7.18e-05 5.55e-02 1.81e-04   0.0
        g_in_ieee_from_ieee_a (fNToRecFN_1_45) 5.24e-04 4.01e-04    0.311 1.24e-03   0.0
          clz (bsg_counting_leading_zeros_1_45) 9.54e-05 6.94e-05 6.84e-02 2.33e-04   0.0
            lzc (VX_lzc_1_45)          9.54e-05 6.94e-05 6.84e-02 2.33e-04   0.0
              g_lzc_find_first (VX_find_first_10_4_1_45) 4.13e-05 5.36e-05 5.55e-02 1.50e-04   0.0
      g_prod_0__pipe_mult (VX_pipe_register_1_23) 2.63e-03 1.16e-02    0.477 1.47e-02   0.0
        g_shift_register (VX_shift_register_33_0_1_0_23) 2.63e-03 1.16e-02    0.477 1.47e-02   0.0
      g_prod_0__fp16_mul (VX_tcu_bhf_fmul_23) 2.16e-02 4.89e-02    5.426 7.59e-02   0.1
        pipe_rnd (VX_pipe_register_4_44) 2.15e-03 1.15e-02    0.477 1.42e-02   0.0
          g_shift_register (VX_shift_register_38_0_1_0_44) 2.15e-03 1.15e-02    0.477 1.42e-02   0.0
        rounding (roundAnyRawFNToRecFN_24) 1.98e-03 1.11e-03    0.273 3.36e-03   0.0
        pipe_add (VX_pipe_register_3_23) 4.69e-03 2.46e-02    1.028 3.03e-02   0.0
          g_shift_register (VX_shift_register_37_0_2_0_23) 4.69e-03 2.46e-02    1.028 3.03e-02   0.0
        multiplier (mulRecFNToFullRaw_23) 1.15e-02 1.07e-02    3.022 2.52e-02   0.0
          isSigNaN_b (isSigNaNRecFN_47) 4.78e-06 9.11e-06 4.72e-03 1.86e-05   0.0
          recFNToRawFN_b (recFNToRawFN_47) 7.84e-04 2.21e-04    0.129 1.13e-03   0.0
          isSigNaN_a (isSigNaNRecFN_48) 3.81e-06 7.04e-06 4.67e-03 1.55e-05   0.0
          recFNToRawFN_a (recFNToRawFN_48) 3.41e-04 1.66e-04    0.129 6.36e-04   0.0
        g_in_ieee_from_ieee_b (fNToRecFN_1_46) 7.24e-04 5.25e-04    0.313 1.56e-03   0.0
          clz (bsg_counting_leading_zeros_1_46) 1.19e-04 9.05e-05 6.85e-02 2.77e-04   0.0
            lzc (VX_lzc_1_46)          1.19e-04 9.05e-05 6.85e-02 2.77e-04   0.0
              g_lzc_find_first (VX_find_first_10_4_1_46) 5.37e-05 7.12e-05 5.56e-02 1.81e-04   0.0
        g_in_ieee_from_ieee_a (fNToRecFN_1_47) 5.69e-04 3.99e-04    0.313 1.28e-03   0.0
          clz (bsg_counting_leading_zeros_1_47) 9.19e-05 6.82e-05 6.83e-02 2.28e-04   0.0
            lzc (VX_lzc_1_47)          9.19e-05 6.82e-05 6.83e-02 2.28e-04   0.0
              g_lzc_find_first (VX_find_first_10_4_1_47) 3.99e-05 5.28e-05 5.54e-02 1.48e-04   0.0
    g_i_7__g_j_1__genblk1_u_buffer_ex (VX_pipe_register_8) 1.56e-02 9.43e-02    4.324    0.114   0.2
      g_shift_register (VX_shift_register_582_0_1_0_2) 1.56e-02 9.43e-02    4.324    0.114   0.2
    g_i_7__g_j_0__fedp (VX_tcu_fedp_bhf_3)    0.671    1.219  116.874    2.007   2.8
      final_add (VX_tcu_bhf_fadd_1_3)  4.58e-02 6.73e-02    8.515    0.122   0.2
        pipe_rnd (VX_pipe_register_6_3) 3.08e-03 1.16e-02    0.491 1.51e-02   0.0
          g_shift_register (VX_shift_register_37_0_1_0_3) 3.08e-03 1.16e-02    0.491 1.51e-02   0.0
        g_out_ieee_to_ieee (recFNToFN_3) 5.20e-03 2.95e-03    0.796 8.95e-03   0.0
          recFNToRawFN (recFNToRawFN_1_51) 1.27e-03 7.44e-04    0.232 2.25e-03   0.0
        rounding (roundAnyRawFNToRecFN_1_24) 5.65e-03 2.97e-03    1.211 9.84e-03   0.0
          genblk2_genblk1_lowMask_roundMask (lowMaskLoHi_24) 2.47e-04 1.37e-04    0.301 6.85e-04   0.0
            reverse (reverse_2_24)     5.90e-06 2.38e-06    0.154 1.62e-04   0.0
        pipe_add (VX_pipe_register_5_24) 6.81e-03 3.05e-02    1.265 3.86e-02   0.1
          g_shift_register (VX_shift_register_45_0_2_0_24) 6.81e-03 3.05e-02    1.265 3.86e-02   0.1
        adder (addRecFNToRaw_24)       2.50e-02 1.93e-02    4.753 4.91e-02   0.1
          lowMask_far_roundExtraMask (lowMaskHiLo_24) 4.18e-05 8.13e-05 8.05e-02 2.04e-04   0.0
            reverse (reverse_1_24)     1.76e-05 3.83e-05 5.03e-02 1.06e-04   0.0
          compressBy4_far_sigSmaller (compressBy4_24) 3.98e-05 1.83e-04 4.51e-02 2.68e-04   0.0
          countLeadingZeros_close (countLeadingZeros_24) 5.44e-04 4.60e-04    0.163 1.17e-03   0.0
            reverse_in (reverse_26)    2.70e-04 3.13e-04 9.01e-02 6.73e-04   0.0
          compressBy2_close_sigSum (compressBy2_24) 2.04e-04 3.39e-04 6.60e-02 6.10e-04   0.0
          isSigNaN_b (isSigNaNRecFN_1_48) 3.93e-06 5.32e-06 4.54e-03 1.38e-05   0.0
          recFNToRawFN_b (recFNToRawFN_1_52) 6.01e-04 2.74e-04    0.236 1.11e-03   0.0
          isSigNaN_a (isSigNaNRecFN_1_49) 1.12e-05 1.30e-05 4.75e-03 2.90e-05   0.0
          recFNToRawFN_a (recFNToRawFN_1_53) 1.93e-03 8.12e-04    0.232 2.97e-03   0.0
      pipe_c (VX_pipe_register_2_3)    2.12e-02    0.139    6.433    0.167   0.2
        g_shift_register (VX_shift_register_33_0_13_0_3) 2.12e-02    0.139    6.433    0.167   0.2
      conv_c (fNToRecFN_4)             2.04e-03 9.38e-04    0.765 3.74e-03   0.0
        clz (bsg_counting_leading_zeros_4) 1.35e-04 1.16e-04    0.123 3.74e-04   0.0
          lzc (VX_lzc_4)               1.35e-04 1.16e-04    0.123 3.74e-04   0.0
            g_lzc_find_first (VX_find_first_23_5_1_3) 1.18e-04 1.13e-04    0.110 3.41e-04   0.0
      g_red_tree_2__g_add_0__reduce_add (VX_tcu_bhf_fadd_22) 5.88e-02 7.61e-02    7.805    0.143   0.2
        pipe_rnd (VX_pipe_register_4_45) 3.70e-03 1.26e-02    0.504 1.68e-02   0.0
          g_shift_register (VX_shift_register_38_0_1_0_45) 3.70e-03 1.26e-02    0.504 1.68e-02   0.0
        rounding (roundAnyRawFNToRecFN_1_25) 9.69e-03 3.81e-03    1.254 1.47e-02   0.0
          genblk2_genblk1_lowMask_roundMask (lowMaskLoHi_25) 2.64e-04 1.44e-04    0.302 7.09e-04   0.0
            reverse (reverse_2_25)     1.31e-05 5.42e-06    0.154 1.72e-04   0.0
        pipe_add (VX_pipe_register_5_25) 6.92e-03 3.16e-02    1.265 3.98e-02   0.1
          g_shift_register (VX_shift_register_45_0_2_0_25) 6.92e-03 3.16e-02    1.265 3.98e-02   0.1
        adder (addRecFNToRaw_25)       3.85e-02 2.81e-02    4.776 7.14e-02   0.1
          lowMask_far_roundExtraMask (lowMaskHiLo_25) 1.71e-04 2.99e-04 8.09e-02 5.51e-04   0.0
            reverse (reverse_1_25)     7.06e-05 1.45e-04 4.72e-02 2.63e-04   0.0
          compressBy4_far_sigSmaller (compressBy4_25) 7.31e-05 3.65e-04 4.78e-02 4.85e-04   0.0
          countLeadingZeros_close (countLeadingZeros_25) 6.02e-04 5.34e-04    0.163 1.30e-03   0.0
            reverse_in (reverse_27)    3.12e-04 3.69e-04 8.96e-02 7.70e-04   0.0
          compressBy2_close_sigSum (compressBy2_25) 1.93e-04 3.99e-04 6.61e-02 6.58e-04   0.0
          isSigNaN_b (isSigNaNRecFN_1_50) 7.13e-06 8.60e-06 4.15e-03 1.99e-05   0.0
          recFNToRawFN_b (recFNToRawFN_1_54) 4.75e-03 9.19e-04    0.233 5.90e-03   0.0
          isSigNaN_a (isSigNaNRecFN_1_51) 3.90e-06 8.25e-06 4.17e-03 1.63e-05   0.0
          recFNToRawFN_a (recFNToRawFN_1_55) 1.30e-03 8.95e-04    0.233 2.43e-03   0.0
      g_red_tree_1__g_add_1__reduce_add (VX_tcu_bhf_fadd_23) 7.16e-02 7.70e-02    7.836    0.156   0.2
        pipe_rnd (VX_pipe_register_4_46) 5.31e-03 1.30e-02    0.505 1.88e-02   0.0
          g_shift_register (VX_shift_register_38_0_1_0_46) 5.31e-03 1.30e-02    0.505 1.88e-02   0.0
        rounding (roundAnyRawFNToRecFN_1_26) 1.38e-02 4.06e-03    1.276 1.91e-02   0.0
          genblk2_genblk1_lowMask_roundMask (lowMaskLoHi_26) 2.63e-04 1.51e-04    0.302 7.17e-04   0.0
            reverse (reverse_2_26)     1.34e-05 5.41e-06    0.153 1.72e-04   0.0
        pipe_add (VX_pipe_register_5_26) 1.58e-02 3.18e-02    1.266 4.89e-02   0.1
          g_shift_register (VX_shift_register_45_0_2_0_26) 1.58e-02 3.18e-02    1.266 4.89e-02   0.1
        adder (addRecFNToRaw_26)       3.67e-02 2.81e-02    4.783 6.96e-02   0.1
          lowMask_far_roundExtraMask (lowMaskHiLo_26) 1.47e-04 2.72e-04 8.07e-02 4.99e-04   0.0
            reverse (reverse_1_26)     5.93e-05 1.31e-04 4.69e-02 2.37e-04   0.0
          compressBy4_far_sigSmaller (compressBy4_26) 7.04e-05 3.43e-04 4.62e-02 4.60e-04   0.0
          countLeadingZeros_close (countLeadingZeros_26) 5.99e-04 5.21e-04    0.163 1.28e-03   0.0
            reverse_in (reverse_28)    3.23e-04 3.64e-04 8.98e-02 7.77e-04   0.0
          compressBy2_close_sigSum (compressBy2_26) 1.84e-04 3.93e-04 6.62e-02 6.43e-04   0.0
          isSigNaN_b (isSigNaNRecFN_1_52) 5.21e-06 9.37e-06 4.39e-03 1.90e-05   0.0
          recFNToRawFN_b (recFNToRawFN_1_56) 2.46e-03 9.30e-04    0.234 3.63e-03   0.0
          isSigNaN_a (isSigNaNRecFN_1_53) 5.34e-06 9.30e-06 4.36e-03 1.90e-05   0.0
          recFNToRawFN_a (recFNToRawFN_1_57) 1.75e-03 9.22e-04    0.234 2.90e-03   0.0
      g_red_tree_1__g_add_0__reduce_add (VX_tcu_bhf_fadd_24) 5.15e-02 7.64e-02    7.773    0.136   0.2
        pipe_rnd (VX_pipe_register_4_47) 2.45e-03 1.28e-02    0.505 1.58e-02   0.0
          g_shift_register (VX_shift_register_38_0_1_0_47) 2.45e-03 1.28e-02    0.505 1.58e-02   0.0
        rounding (roundAnyRawFNToRecFN_1_27) 5.85e-03 3.83e-03    1.219 1.09e-02   0.0
          genblk2_genblk1_lowMask_roundMask (lowMaskLoHi_27) 2.58e-04 1.49e-04    0.303 7.10e-04   0.0
            reverse (reverse_2_27)     1.36e-05 5.42e-06    0.153 1.72e-04   0.0
        pipe_add (VX_pipe_register_5_27) 6.66e-03 3.17e-02    1.265 3.96e-02   0.1
          g_shift_register (VX_shift_register_45_0_2_0_27) 6.66e-03 3.17e-02    1.265 3.96e-02   0.1
        adder (addRecFNToRaw_27)       3.66e-02 2.80e-02    4.783 6.94e-02   0.1
          lowMask_far_roundExtraMask (lowMaskHiLo_27) 1.53e-04 2.68e-04 8.07e-02 5.02e-04   0.0
            reverse (reverse_1_27)     6.31e-05 1.29e-04 4.69e-02 2.39e-04   0.0
          compressBy4_far_sigSmaller (compressBy4_27) 5.14e-05 3.42e-04 4.62e-02 4.39e-04   0.0
          countLeadingZeros_close (countLeadingZeros_27) 5.74e-04 5.19e-04    0.163 1.26e-03   0.0
            reverse_in (reverse_29)    3.01e-04 3.63e-04 8.98e-02 7.54e-04   0.0
          compressBy2_close_sigSum (compressBy2_27) 2.09e-04 3.92e-04 6.62e-02 6.68e-04   0.0
          isSigNaN_b (isSigNaNRecFN_1_54) 5.08e-06 9.54e-06 4.37e-03 1.90e-05   0.0
          recFNToRawFN_b (recFNToRawFN_1_58) 2.60e-03 9.27e-04    0.234 3.76e-03   0.0
          isSigNaN_a (isSigNaNRecFN_1_55) 8.82e-06 9.50e-06 4.40e-03 2.27e-05   0.0
          recFNToRawFN_a (recFNToRawFN_1_59) 1.58e-03 9.16e-04    0.234 2.73e-03   0.0
      g_red_tree_0__g_add_3__reduce_add (VX_tcu_bhf_fadd_25) 6.58e-02 7.46e-02    7.649    0.148   0.2
        pipe_rnd (VX_pipe_register_4_48) 5.08e-03 1.30e-02    0.505 1.86e-02   0.0
          g_shift_register (VX_shift_register_38_0_1_0_48) 5.08e-03 1.30e-02    0.505 1.86e-02   0.0
        rounding (roundAnyRawFNToRecFN_1_28) 1.32e-02 4.03e-03    1.290 1.85e-02   0.0
          genblk2_genblk1_lowMask_roundMask (lowMaskLoHi_28) 2.44e-04 1.55e-04    0.303 7.02e-04   0.0
            reverse (reverse_2_28)     1.38e-05 5.42e-06    0.153 1.73e-04   0.0
        pipe_add (VX_pipe_register_5_28) 1.59e-02 3.23e-02    1.268 4.94e-02   0.1
          g_shift_register (VX_shift_register_45_0_2_0_28) 1.59e-02 3.23e-02    1.268 4.94e-02   0.1
        adder (addRecFNToRaw_28)       3.16e-02 2.53e-02    4.586 6.15e-02   0.1
          lowMask_far_roundExtraMask (lowMaskHiLo_28) 1.06e-04 2.23e-04 6.92e-02 3.99e-04   0.0
            reverse (reverse_1_28)     5.18e-05 1.08e-04 3.98e-02 2.00e-04   0.0
          compressBy4_far_sigSmaller (compressBy4_28) 5.40e-05 2.49e-04 4.08e-02 3.44e-04   0.0
          countLeadingZeros_close (countLeadingZeros_28) 5.63e-04 5.07e-04    0.157 1.23e-03   0.0
            reverse_in (reverse_30)    2.97e-04 3.06e-04 8.26e-02 6.85e-04   0.0
          compressBy2_close_sigSum (compressBy2_28) 1.54e-04 3.30e-04 6.15e-02 5.45e-04   0.0
          isSigNaN_b (isSigNaNRecFN_1_56) 1.22e-05 1.13e-05 4.86e-03 2.83e-05   0.0
          recFNToRawFN_b (recFNToRawFN_1_60) 2.29e-03 7.55e-04    0.221 3.27e-03   0.0
          isSigNaN_a (isSigNaNRecFN_1_57) 6.19e-06 1.11e-05 4.86e-03 2.22e-05   0.0
          recFNToRawFN_a (recFNToRawFN_1_61) 1.67e-03 7.60e-04    0.221 2.65e-03   0.0
      g_red_tree_0__g_add_2__reduce_add (VX_tcu_bhf_fadd_26) 5.76e-02 7.44e-02    7.637    0.140   0.2
        pipe_rnd (VX_pipe_register_4_49) 4.31e-03 1.30e-02    0.505 1.78e-02   0.0
          g_shift_register (VX_shift_register_38_0_1_0_49) 4.31e-03 1.30e-02    0.505 1.78e-02   0.0
        rounding (roundAnyRawFNToRecFN_1_29) 1.03e-02 3.98e-03    1.279 1.56e-02   0.0
          genblk2_genblk1_lowMask_roundMask (lowMaskLoHi_29) 2.45e-04 1.50e-04    0.303 6.99e-04   0.0
            reverse (reverse_2_29)     1.41e-05 5.43e-06    0.153 1.73e-04   0.0
        pipe_add (VX_pipe_register_5_29) 1.19e-02 3.22e-02    1.268 4.54e-02   0.1
          g_shift_register (VX_shift_register_45_0_2_0_29) 1.19e-02 3.22e-02    1.268 4.54e-02   0.1
        adder (addRecFNToRaw_29)       3.10e-02 2.52e-02    4.585 6.08e-02   0.1
          lowMask_far_roundExtraMask (lowMaskHiLo_29) 1.12e-04 2.24e-04 6.92e-02 4.04e-04   0.0
            reverse (reverse_1_29)     5.29e-05 1.08e-04 3.99e-02 2.01e-04   0.0
          compressBy4_far_sigSmaller (compressBy4_29) 4.79e-05 2.45e-04 4.06e-02 3.34e-04   0.0
          countLeadingZeros_close (countLeadingZeros_29) 5.41e-04 5.02e-04    0.157 1.20e-03   0.0
            reverse_in (reverse_31)    2.84e-04 3.05e-04 8.27e-02 6.72e-04   0.0
          compressBy2_close_sigSum (compressBy2_29) 1.62e-04 3.29e-04 6.14e-02 5.53e-04   0.0
          isSigNaN_b (isSigNaNRecFN_1_58) 5.56e-06 1.09e-05 4.85e-03 2.13e-05   0.0
          recFNToRawFN_b (recFNToRawFN_1_62) 2.17e-03 7.53e-04    0.221 3.15e-03   0.0
          isSigNaN_a (isSigNaNRecFN_1_59) 8.22e-06 1.09e-05 4.87e-03 2.40e-05   0.0
          recFNToRawFN_a (recFNToRawFN_1_63) 1.71e-03 7.47e-04    0.221 2.68e-03   0.0
      g_red_tree_0__g_add_1__reduce_add (VX_tcu_bhf_fadd_27) 4.91e-02 7.41e-02    7.591    0.131   0.2
        pipe_rnd (VX_pipe_register_4_50) 3.11e-03 1.29e-02    0.505 1.66e-02   0.0
          g_shift_register (VX_shift_register_38_0_1_0_50) 3.11e-03 1.29e-02    0.505 1.66e-02   0.0
        rounding (roundAnyRawFNToRecFN_1_30) 5.91e-03 3.80e-03    1.226 1.09e-02   0.0
          genblk2_genblk1_lowMask_roundMask (lowMaskLoHi_30) 2.45e-04 1.51e-04    0.303 7.00e-04   0.0
            reverse (reverse_2_30)     1.49e-05 5.43e-06    0.153 1.74e-04   0.0
        pipe_add (VX_pipe_register_5_30) 9.53e-03 3.22e-02    1.268 4.30e-02   0.1
          g_shift_register (VX_shift_register_45_0_2_0_30) 9.53e-03 3.22e-02    1.268 4.30e-02   0.1
        adder (addRecFNToRaw_30)       3.05e-02 2.52e-02    4.584 6.03e-02   0.1
          lowMask_far_roundExtraMask (lowMaskHiLo_30) 1.22e-04 2.24e-04 6.92e-02 4.14e-04   0.0
            reverse (reverse_1_30)     5.51e-05 1.08e-04 3.99e-02 2.03e-04   0.0
          compressBy4_far_sigSmaller (compressBy4_30) 3.58e-05 2.45e-04 4.07e-02 3.21e-04   0.0
          countLeadingZeros_close (countLeadingZeros_30) 5.73e-04 5.02e-04    0.156 1.23e-03   0.0
            reverse_in (reverse_32)    3.03e-04 3.04e-04 8.26e-02 6.90e-04   0.0
          compressBy2_close_sigSum (compressBy2_30) 1.96e-04 3.29e-04 6.15e-02 5.87e-04   0.0
          isSigNaN_b (isSigNaNRecFN_1_60) 6.91e-06 1.10e-05 4.83e-03 2.28e-05   0.0
          recFNToRawFN_b (recFNToRawFN_1_64) 2.08e-03 7.63e-04    0.221 3.07e-03   0.0
          isSigNaN_a (isSigNaNRecFN_1_61) 6.21e-06 1.12e-05 4.87e-03 2.22e-05   0.0
          recFNToRawFN_a (recFNToRawFN_1_65) 1.61e-03 7.50e-04    0.221 2.58e-03   0.0
      g_red_tree_0__g_add_0__reduce_add (VX_tcu_bhf_fadd_28) 5.10e-02 7.42e-02    7.617    0.133   0.2
        pipe_rnd (VX_pipe_register_4_51) 2.96e-03 1.29e-02    0.505 1.64e-02   0.0
          g_shift_register (VX_shift_register_38_0_1_0_51) 2.96e-03 1.29e-02    0.505 1.64e-02   0.0
        rounding (roundAnyRawFNToRecFN_1_31) 7.95e-03 3.90e-03    1.261 1.31e-02   0.0
          genblk2_genblk1_lowMask_roundMask (lowMaskLoHi_31) 2.46e-04 1.54e-04    0.304 7.03e-04   0.0
            reverse (reverse_2_31)     1.38e-05 5.42e-06    0.153 1.73e-04   0.0
        pipe_add (VX_pipe_register_5_31) 8.13e-03 3.22e-02    1.268 4.16e-02   0.1
          g_shift_register (VX_shift_register_45_0_2_0_31) 8.13e-03 3.22e-02    1.268 4.16e-02   0.1
        adder (addRecFNToRaw_31)       3.20e-02 2.52e-02    4.583 6.17e-02   0.1
          lowMask_far_roundExtraMask (lowMaskHiLo_31) 1.24e-04 2.25e-04 6.92e-02 4.18e-04   0.0
            reverse (reverse_1_31)     6.64e-05 1.09e-04 3.99e-02 2.15e-04   0.0
          compressBy4_far_sigSmaller (compressBy4_31) 8.92e-05 2.46e-04 4.07e-02 3.76e-04   0.0
          countLeadingZeros_close (countLeadingZeros_31) 5.48e-04 5.03e-04    0.157 1.21e-03   0.0
            reverse_in (reverse_33)    2.85e-04 3.04e-04 8.26e-02 6.71e-04   0.0
          compressBy2_close_sigSum (compressBy2_31) 1.70e-04 3.29e-04 6.15e-02 5.60e-04   0.0
          isSigNaN_b (isSigNaNRecFN_1_62) 6.62e-06 1.12e-05 4.88e-03 2.27e-05   0.0
          recFNToRawFN_b (recFNToRawFN_1_66) 2.25e-03 7.61e-04    0.221 3.23e-03   0.0
          isSigNaN_a (isSigNaNRecFN_1_63) 7.24e-06 1.11e-05 4.88e-03 2.32e-05   0.0
          recFNToRawFN_a (recFNToRawFN_1_67) 1.69e-03 7.56e-04    0.221 2.67e-03   0.0
      g_prod_7__pipe_mult (VX_pipe_register_1_24) 2.65e-03 1.16e-02    0.477 1.47e-02   0.0
        g_shift_register (VX_shift_register_33_0_1_0_24) 2.65e-03 1.16e-02    0.477 1.47e-02   0.0
      g_prod_7__fp16_mul (VX_tcu_bhf_fmul_24) 2.08e-02 4.90e-02    5.410 7.52e-02   0.1
        pipe_rnd (VX_pipe_register_4_52) 3.04e-03 1.16e-02    0.477 1.51e-02   0.0
          g_shift_register (VX_shift_register_38_0_1_0_52) 3.04e-03 1.16e-02    0.477 1.51e-02   0.0
        rounding (roundAnyRawFNToRecFN_25) 1.25e-03 1.11e-03    0.272 2.63e-03   0.0
        pipe_add (VX_pipe_register_3_24) 4.34e-03 2.46e-02    1.028 3.00e-02   0.0
          g_shift_register (VX_shift_register_37_0_2_0_24) 4.34e-03 2.46e-02    1.028 3.00e-02   0.0
        multiplier (mulRecFNToFullRaw_24) 1.09e-02 1.08e-02    3.008 2.47e-02   0.0
          isSigNaN_b (isSigNaNRecFN_49) 4.87e-06 9.05e-06 4.72e-03 1.86e-05   0.0
          recFNToRawFN_b (recFNToRawFN_49) 8.85e-04 2.22e-04    0.129 1.24e-03   0.0
          isSigNaN_a (isSigNaNRecFN_50) 5.18e-06 7.04e-06 4.67e-03 1.69e-05   0.0
          recFNToRawFN_a (recFNToRawFN_50) 3.97e-04 1.68e-04    0.129 6.95e-04   0.0
        g_in_ieee_from_ieee_b (fNToRecFN_1_48) 6.34e-04 5.25e-04    0.312 1.47e-03   0.0
          clz (bsg_counting_leading_zeros_1_48) 1.18e-04 9.07e-05 6.84e-02 2.77e-04   0.0
            lzc (VX_lzc_1_48)          1.18e-04 9.07e-05 6.84e-02 2.77e-04   0.0
              g_lzc_find_first (VX_find_first_10_4_1_48) 5.31e-05 7.11e-05 5.55e-02 1.80e-04   0.0
        g_in_ieee_from_ieee_a (fNToRecFN_1_49) 6.46e-04 4.03e-04    0.314 1.36e-03   0.0
          clz (bsg_counting_leading_zeros_1_49) 9.32e-05 6.90e-05 6.84e-02 2.31e-04   0.0
            lzc (VX_lzc_1_49)          6.97e-05 6.23e-05 6.21e-02 1.94e-04   0.0
              g_lzc_find_first (VX_find_first_10_4_1_49) 4.11e-05 5.37e-05 5.56e-02 1.50e-04   0.0
      g_prod_6__pipe_mult (VX_pipe_register_1_25) 2.10e-03 1.16e-02    0.477 1.41e-02   0.0
        g_shift_register (VX_shift_register_33_0_1_0_25) 2.10e-03 1.16e-02    0.477 1.41e-02   0.0
      g_prod_6__fp16_mul (VX_tcu_bhf_fmul_25) 1.93e-02 4.90e-02    5.411 7.37e-02   0.1
        pipe_rnd (VX_pipe_register_4_53) 2.42e-03 1.16e-02    0.477 1.45e-02   0.0
          g_shift_register (VX_shift_register_38_0_1_0_53) 2.42e-03 1.16e-02    0.477 1.45e-02   0.0
        rounding (roundAnyRawFNToRecFN_26) 9.11e-04 1.11e-03    0.271 2.29e-03   0.0
        pipe_add (VX_pipe_register_3_25) 4.00e-03 2.46e-02    1.028 2.96e-02   0.0
          g_shift_register (VX_shift_register_37_0_2_0_25) 4.00e-03 2.46e-02    1.028 2.96e-02   0.0
        multiplier (mulRecFNToFullRaw_25) 1.04e-02 1.08e-02    3.008 2.41e-02   0.0
          isSigNaN_b (isSigNaNRecFN_51) 7.67e-06 9.09e-06 4.69e-03 2.14e-05   0.0
          recFNToRawFN_b (recFNToRawFN_51) 6.99e-04 2.23e-04    0.129 1.05e-03   0.0
          isSigNaN_a (isSigNaNRecFN_52) 4.94e-06 7.40e-06 4.66e-03 1.70e-05   0.0
          recFNToRawFN_a (recFNToRawFN_52) 4.99e-04 1.72e-04    0.129 8.00e-04   0.0
        g_in_ieee_from_ieee_b (fNToRecFN_1_50) 7.08e-04 5.31e-04    0.313 1.55e-03   0.0
          clz (bsg_counting_leading_zeros_1_50) 1.21e-04 9.23e-05 6.85e-02 2.81e-04   0.0
            lzc (VX_lzc_1_50)          9.07e-05 8.37e-05 6.21e-02 2.37e-04   0.0
              g_lzc_find_first (VX_find_first_10_4_1_50) 5.41e-05 7.27e-05 5.56e-02 1.82e-04   0.0
        g_in_ieee_from_ieee_a (fNToRecFN_1_51) 9.07e-04 4.03e-04    0.314 1.62e-03   0.0
          clz (bsg_counting_leading_zeros_1_51) 9.41e-05 6.91e-05 6.84e-02 2.32e-04   0.0
            lzc (VX_lzc_1_51)          7.09e-05 6.23e-05 6.20e-02 1.95e-04   0.0
              g_lzc_find_first (VX_find_first_10_4_1_51) 4.10e-05 5.35e-05 5.55e-02 1.50e-04   0.0
      g_prod_5__pipe_mult (VX_pipe_register_1_26) 2.44e-03 1.16e-02    0.477 1.45e-02   0.0
        g_shift_register (VX_shift_register_33_0_1_0_26) 2.44e-03 1.16e-02    0.477 1.45e-02   0.0
      g_prod_5__fp16_mul (VX_tcu_bhf_fmul_26) 2.08e-02 4.89e-02    5.411 7.51e-02   0.1
        pipe_rnd (VX_pipe_register_4_54) 3.49e-03 1.16e-02    0.477 1.55e-02   0.0
          g_shift_register (VX_shift_register_38_0_1_0_54) 3.49e-03 1.16e-02    0.477 1.55e-02   0.0
        rounding (roundAnyRawFNToRecFN_27) 1.47e-03 1.11e-03    0.272 2.85e-03   0.0
        pipe_add (VX_pipe_register_3_26) 4.05e-03 2.46e-02    1.028 2.97e-02   0.0
          g_shift_register (VX_shift_register_37_0_2_0_26) 4.05e-03 2.46e-02    1.028 2.97e-02   0.0
        multiplier (mulRecFNToFullRaw_26) 1.06e-02 1.07e-02    3.007 2.43e-02   0.0
          isSigNaN_b (isSigNaNRecFN_53) 4.76e-06 8.88e-06 4.68e-03 1.83e-05   0.0
          recFNToRawFN_b (recFNToRawFN_53) 6.54e-04 2.21e-04    0.129 1.00e-03   0.0
          isSigNaN_a (isSigNaNRecFN_54) 4.30e-06 7.27e-06 4.67e-03 1.62e-05   0.0
          recFNToRawFN_a (recFNToRawFN_54) 4.00e-04 1.66e-04    0.129 6.95e-04   0.0
        g_in_ieee_from_ieee_b (fNToRecFN_1_52) 6.46e-04 5.20e-04    0.313 1.48e-03   0.0
          clz (bsg_counting_leading_zeros_1_52) 1.16e-04 8.88e-05 6.83e-02 2.73e-04   0.0
            lzc (VX_lzc_1_52)          1.16e-04 8.88e-05 6.83e-02 2.73e-04   0.0
              g_lzc_find_first (VX_find_first_10_4_1_52) 5.29e-05 7.00e-05 5.54e-02 1.78e-04   0.0
        g_in_ieee_from_ieee_a (fNToRecFN_1_53) 5.94e-04 3.94e-04    0.314 1.30e-03   0.0
          clz (bsg_counting_leading_zeros_1_53) 9.19e-05 6.74e-05 6.83e-02 2.28e-04   0.0
            lzc (VX_lzc_1_53)          9.19e-05 6.74e-05 6.83e-02 2.28e-04   0.0
              g_lzc_find_first (VX_find_first_10_4_1_53) 4.09e-05 5.24e-05 5.55e-02 1.49e-04   0.0
      g_prod_4__pipe_mult (VX_pipe_register_1_27) 3.14e-03 1.16e-02    0.477 1.52e-02   0.0
        g_shift_register (VX_shift_register_33_0_1_0_27) 3.14e-03 1.16e-02    0.477 1.52e-02   0.0
      g_prod_4__fp16_mul (VX_tcu_bhf_fmul_27) 2.32e-02 4.90e-02    5.414 7.77e-02   0.1
        pipe_rnd (VX_pipe_register_4_55) 3.86e-03 1.16e-02    0.477 1.59e-02   0.0
          g_shift_register (VX_shift_register_38_0_1_0_55) 3.86e-03 1.16e-02    0.477 1.59e-02   0.0
        rounding (roundAnyRawFNToRecFN_28) 2.26e-03 1.12e-03    0.273 3.66e-03   0.0
        pipe_add (VX_pipe_register_3_27) 4.43e-03 2.46e-02    1.028 3.01e-02   0.0
          g_shift_register (VX_shift_register_37_0_2_0_27) 4.43e-03 2.46e-02    1.028 3.01e-02   0.0
        multiplier (mulRecFNToFullRaw_27) 1.09e-02 1.08e-02    3.009 2.47e-02   0.0
          isSigNaN_b (isSigNaNRecFN_55) 5.19e-06 8.79e-06 4.67e-03 1.87e-05   0.0
          recFNToRawFN_b (recFNToRawFN_55) 7.51e-04 2.23e-04    0.129 1.10e-03   0.0
          isSigNaN_a (isSigNaNRecFN_56) 4.19e-06 7.72e-06 4.72e-03 1.66e-05   0.0
          recFNToRawFN_a (recFNToRawFN_56) 4.82e-04 1.78e-04    0.129 7.89e-04   0.0
        g_in_ieee_from_ieee_b (fNToRecFN_1_54) 6.64e-04 5.30e-04    0.313 1.51e-03   0.0
          clz (bsg_counting_leading_zeros_1_54) 1.20e-04 9.14e-05 6.84e-02 2.79e-04   0.0
            lzc (VX_lzc_1_54)          1.20e-04 9.14e-05 6.84e-02 2.79e-04   0.0
              g_lzc_find_first (VX_find_first_10_4_1_54) 5.36e-05 7.19e-05 5.55e-02 1.81e-04   0.0
        g_in_ieee_from_ieee_a (fNToRecFN_1_55) 1.10e-03 4.03e-04    0.313 1.81e-03   0.0
          clz (bsg_counting_leading_zeros_1_55) 9.07e-05 6.73e-05 6.85e-02 2.26e-04   0.0
            lzc (VX_lzc_1_55)          9.07e-05 6.73e-05 6.85e-02 2.26e-04   0.0
              g_lzc_find_first (VX_find_first_10_4_1_55) 4.01e-05 5.23e-05 5.56e-02 1.48e-04   0.0
      g_prod_3__pipe_mult (VX_pipe_register_1_28) 2.07e-03 1.16e-02    0.477 1.41e-02   0.0
        g_shift_register (VX_shift_register_33_0_1_0_28) 2.07e-03 1.16e-02    0.477 1.41e-02   0.0
      g_prod_3__fp16_mul (VX_tcu_bhf_fmul_28) 2.39e-02 4.89e-02    5.434 7.83e-02   0.1
        pipe_rnd (VX_pipe_register_4_56) 1.98e-03 1.16e-02    0.477 1.40e-02   0.0
          g_shift_register (VX_shift_register_38_0_1_0_56) 1.98e-03 1.16e-02    0.477 1.40e-02   0.0
        rounding (roundAnyRawFNToRecFN_29) 1.44e-03 1.11e-03    0.273 2.82e-03   0.0
        pipe_add (VX_pipe_register_3_28) 5.23e-03 2.46e-02    1.028 3.09e-02   0.0
          g_shift_register (VX_shift_register_37_0_2_0_28) 5.23e-03 2.46e-02    1.028 3.09e-02   0.0
        multiplier (mulRecFNToFullRaw_28) 1.33e-02 1.07e-02    3.024 2.71e-02   0.0
          isSigNaN_b (isSigNaNRecFN_57) 5.39e-06 1.01e-05 4.65e-03 2.02e-05   0.0
          recFNToRawFN_b (recFNToRawFN_57) 2.65e-03 2.33e-04    0.129 3.01e-03   0.0
          isSigNaN_a (isSigNaNRecFN_58) 4.18e-06 7.24e-06 4.69e-03 1.61e-05   0.0
          recFNToRawFN_a (recFNToRawFN_58) 3.75e-04 1.68e-04    0.129 6.73e-04   0.0
        g_in_ieee_from_ieee_b (fNToRecFN_1_56) 1.31e-03 5.35e-04    0.318 2.16e-03   0.0
          clz (bsg_counting_leading_zeros_1_56) 1.17e-04 9.05e-05 6.83e-02 2.76e-04   0.0
            lzc (VX_lzc_1_56)          1.17e-04 9.05e-05 6.83e-02 2.76e-04   0.0
              g_lzc_find_first (VX_find_first_10_4_1_56) 5.26e-05 7.12e-05 5.54e-02 1.79e-04   0.0
        g_in_ieee_from_ieee_a (fNToRecFN_1_57) 6.57e-04 4.01e-04    0.313 1.37e-03   0.0
          clz (bsg_counting_leading_zeros_1_57) 9.52e-05 6.88e-05 6.83e-02 2.32e-04   0.0
            lzc (VX_lzc_1_57)          6.45e-05 6.00e-05 6.18e-02 1.86e-04   0.0
              g_lzc_find_first (VX_find_first_10_4_1_57) 4.11e-05 5.34e-05 5.55e-02 1.50e-04   0.0
      g_prod_2__pipe_mult (VX_pipe_register_1_29) 2.25e-03 1.16e-02    0.477 1.43e-02   0.0
        g_shift_register (VX_shift_register_33_0_1_0_29) 2.25e-03 1.16e-02    0.477 1.43e-02   0.0
      g_prod_2__fp16_mul (VX_tcu_bhf_fmul_29) 2.53e-02 4.91e-02    5.476 7.98e-02   0.1
        pipe_rnd (VX_pipe_register_4_57) 2.04e-03 1.15e-02    0.477 1.41e-02   0.0
          g_shift_register (VX_shift_register_38_0_1_0_57) 2.04e-03 1.15e-02    0.477 1.41e-02   0.0
        rounding (roundAnyRawFNToRecFN_30) 9.12e-04 1.10e-03    0.273 2.28e-03   0.0
        pipe_add (VX_pipe_register_3_29) 4.49e-03 2.46e-02    1.028 3.01e-02   0.0
          g_shift_register (VX_shift_register_37_0_2_0_29) 4.49e-03 2.46e-02    1.028 3.01e-02   0.0
        multiplier (mulRecFNToFullRaw_29) 1.56e-02 1.09e-02    3.054 2.96e-02   0.0
          isSigNaN_b (isSigNaNRecFN_59) 4.82e-06 1.23e-05 5.68e-03 2.28e-05   0.0
          recFNToRawFN_b (recFNToRawFN_59) 4.29e-03 2.38e-04    0.129 4.66e-03   0.0
          isSigNaN_a (isSigNaNRecFN_60) 3.94e-06 6.91e-06 4.75e-03 1.56e-05   0.0
          recFNToRawFN_a (recFNToRawFN_60) 3.40e-04 1.66e-04    0.129 6.36e-04   0.0
        g_in_ieee_from_ieee_b (fNToRecFN_1_58) 1.69e-03 5.54e-04    0.331 2.58e-03   0.0
          clz (bsg_counting_leading_zeros_1_58) 1.23e-04 9.14e-05 6.83e-02 2.82e-04   0.0
            lzc (VX_lzc_1_58)          1.23e-04 9.14e-05 6.83e-02 2.82e-04   0.0
              g_lzc_find_first (VX_find_first_10_4_1_58) 5.54e-05 7.19e-05 5.55e-02 1.83e-04   0.0
        g_in_ieee_from_ieee_a (fNToRecFN_1_59) 5.16e-04 4.02e-04    0.312 1.23e-03   0.0
          clz (bsg_counting_leading_zeros_1_59) 9.50e-05 6.93e-05 6.85e-02 2.33e-04   0.0
            lzc (VX_lzc_1_59)          9.50e-05 6.93e-05 6.85e-02 2.33e-04   0.0
              g_lzc_find_first (VX_find_first_10_4_1_59) 4.09e-05 5.35e-05 5.56e-02 1.50e-04   0.0
      g_prod_1__pipe_mult (VX_pipe_register_1_30) 2.11e-03 1.16e-02    0.477 1.41e-02   0.0
        g_shift_register (VX_shift_register_33_0_1_0_30) 2.11e-03 1.16e-02    0.477 1.41e-02   0.0
      g_prod_1__fp16_mul (VX_tcu_bhf_fmul_30) 2.16e-02 4.90e-02    5.427 7.60e-02   0.1
        pipe_rnd (VX_pipe_register_4_58) 2.23e-03 1.16e-02    0.477 1.43e-02   0.0
          g_shift_register (VX_shift_register_38_0_1_0_58) 2.23e-03 1.16e-02    0.477 1.43e-02   0.0
        rounding (roundAnyRawFNToRecFN_31) 1.50e-03 1.11e-03    0.272 2.88e-03   0.0
        pipe_add (VX_pipe_register_3_30) 4.30e-03 2.46e-02    1.028 2.99e-02   0.0
          g_shift_register (VX_shift_register_37_0_2_0_30) 4.30e-03 2.46e-02    1.028 2.99e-02   0.0
        multiplier (mulRecFNToFullRaw_30) 1.17e-02 1.08e-02    3.023 2.55e-02   0.0
          isSigNaN_b (isSigNaNRecFN_61) 5.34e-06 8.97e-06 4.70e-03 1.90e-05   0.0
          recFNToRawFN_b (recFNToRawFN_61) 8.69e-04 2.23e-04    0.129 1.22e-03   0.0
          isSigNaN_a (isSigNaNRecFN_62) 4.11e-06 8.19e-06 4.75e-03 1.71e-05   0.0
          recFNToRawFN_a (recFNToRawFN_62) 7.15e-04 1.81e-04    0.129 1.02e-03   0.0
        g_in_ieee_from_ieee_b (fNToRecFN_1_60) 6.76e-04 5.29e-04    0.313 1.52e-03   0.0
          clz (bsg_counting_leading_zeros_1_60) 1.19e-04 9.13e-05 6.85e-02 2.78e-04   0.0
            lzc (VX_lzc_1_60)          1.19e-04 9.13e-05 6.85e-02 2.78e-04   0.0
              g_lzc_find_first (VX_find_first_10_4_1_60) 5.25e-05 7.18e-05 5.56e-02 1.80e-04   0.0
        g_in_ieee_from_ieee_a (fNToRecFN_1_61) 1.17e-03 4.06e-04    0.314 1.89e-03   0.0
          clz (bsg_counting_leading_zeros_1_61) 9.45e-05 6.98e-05 6.84e-02 2.33e-04   0.0
            lzc (VX_lzc_1_61)          9.45e-05 6.98e-05 6.84e-02 2.33e-04   0.0
              g_lzc_find_first (VX_find_first_10_4_1_61) 3.95e-05 5.39e-05 5.55e-02 1.49e-04   0.0
      g_prod_0__pipe_mult (VX_pipe_register_1_31) 2.16e-03 1.16e-02    0.477 1.42e-02   0.0
        g_shift_register (VX_shift_register_33_0_1_0_31) 2.16e-03 1.16e-02    0.477 1.42e-02   0.0
      g_prod_0__fp16_mul (VX_tcu_bhf_fmul_31) 2.30e-02 4.90e-02    5.430 7.74e-02   0.1
        pipe_rnd (VX_pipe_register_4_59) 2.10e-03 1.16e-02    0.477 1.41e-02   0.0
          g_shift_register (VX_shift_register_38_0_1_0_59) 2.10e-03 1.16e-02    0.477 1.41e-02   0.0
        rounding (roundAnyRawFNToRecFN_32) 1.86e-03 1.12e-03    0.273 3.25e-03   0.0
        pipe_add (VX_pipe_register_3_31) 4.11e-03 2.46e-02    1.028 2.97e-02   0.0
          g_shift_register (VX_shift_register_37_0_2_0_31) 4.11e-03 2.46e-02    1.028 2.97e-02   0.0
        multiplier (mulRecFNToFullRaw_31) 1.32e-02 1.08e-02    3.025 2.71e-02   0.0
          isSigNaN_b (isSigNaNRecFN_63) 4.68e-06 9.03e-06 4.70e-03 1.84e-05   0.0
          recFNToRawFN_b (recFNToRawFN_63) 9.01e-04 2.24e-04    0.129 1.25e-03   0.0
          isSigNaN_a (isSigNaNRecFN_64) 3.85e-06 7.47e-06 4.67e-03 1.60e-05   0.0
          recFNToRawFN_a (recFNToRawFN_64) 4.43e-04 1.72e-04    0.129 7.44e-04   0.0
        g_in_ieee_from_ieee_b (fNToRecFN_1_62) 7.00e-04 5.32e-04    0.313 1.54e-03   0.0
          clz (bsg_counting_leading_zeros_1_62) 1.22e-04 9.11e-05 6.84e-02 2.81e-04   0.0
            lzc (VX_lzc_1_62)          1.22e-04 9.11e-05 6.84e-02 2.81e-04   0.0
              g_lzc_find_first (VX_find_first_10_4_1_62) 5.39e-05 7.15e-05 5.55e-02 1.81e-04   0.0
        g_in_ieee_from_ieee_a (fNToRecFN_1_63) 9.66e-04 4.00e-04    0.313 1.68e-03   0.0
          clz (bsg_counting_leading_zeros_1_63) 9.25e-05 6.79e-05 6.83e-02 2.29e-04   0.0
            lzc (VX_lzc_1_63)          9.25e-05 6.79e-05 6.83e-02 2.29e-04   0.0
              g_lzc_find_first (VX_find_first_10_4_1_63) 3.99e-05 5.25e-05 5.54e-02 1.48e-04   0.0
    g_i_7__g_j_0__genblk1_u_buffer_ex (VX_pipe_register_9) 1.70e-02 9.43e-02    4.324    0.116   0.2
      g_shift_register (VX_shift_register_582_0_1_0_3) 1.70e-02 9.43e-02    4.324    0.116   0.2
    g_i_6__g_j_3__fedp (VX_tcu_fedp_bhf_4)    0.707    1.219  116.892    2.042   2.8
      final_add (VX_tcu_bhf_fadd_1_4)  5.98e-02 6.70e-02    8.581    0.135   0.2
        pipe_rnd (VX_pipe_register_6_4) 1.09e-02 1.16e-02    0.498 2.30e-02   0.0
          g_shift_register (VX_shift_register_37_0_1_0_4) 1.09e-02 1.16e-02    0.498 2.30e-02   0.0
        g_out_ieee_to_ieee (recFNToFN_4) 8.91e-03 2.86e-03    0.801 1.26e-02   0.0
          recFNToRawFN (recFNToRawFN_1_68) 4.56e-03 6.61e-04    0.229 5.45e-03   0.0
        rounding (roundAnyRawFNToRecFN_1_32) 8.94e-03 2.97e-03    1.228 1.31e-02   0.0
          genblk2_genblk1_lowMask_roundMask (lowMaskLoHi_32) 2.34e-04 1.38e-04    0.302 6.74e-04   0.0
            reverse (reverse_2_32)     5.43e-06 2.12e-06    0.154 1.61e-04   0.0
        pipe_add (VX_pipe_register_5_32) 6.36e-03 3.05e-02    1.265 3.81e-02   0.1
          g_shift_register (VX_shift_register_45_0_2_0_32) 6.36e-03 3.05e-02    1.265 3.81e-02   0.1
        adder (addRecFNToRaw_32)       2.41e-02 1.91e-02    4.762 4.80e-02   0.1
          lowMask_far_roundExtraMask (lowMaskHiLo_32) 4.10e-05 7.83e-05 8.05e-02 2.00e-04   0.0
            reverse (reverse_1_32)     1.94e-05 3.69e-05 5.04e-02 1.07e-04   0.0
          compressBy4_far_sigSmaller (compressBy4_32) 5.38e-05 1.74e-04 4.50e-02 2.73e-04   0.0
          countLeadingZeros_close (countLeadingZeros_32) 5.63e-04 4.57e-04    0.163 1.18e-03   0.0
            reverse_in (reverse_34)    2.95e-04 3.10e-04 9.01e-02 6.94e-04   0.0
          compressBy2_close_sigSum (compressBy2_32) 1.75e-04 3.35e-04 6.60e-02 5.76e-04   0.0
          isSigNaN_b (isSigNaNRecFN_1_64) 4.34e-06 5.23e-06 4.59e-03 1.42e-05   0.0
          recFNToRawFN_b (recFNToRawFN_1_69) 7.29e-04 2.70e-04    0.236 1.23e-03   0.0
          isSigNaN_a (isSigNaNRecFN_1_65) 7.13e-06 1.33e-05 4.75e-03 2.52e-05   0.0
          recFNToRawFN_a (recFNToRawFN_1_70) 1.05e-03 8.15e-04    0.232 2.10e-03   0.0
      pipe_c (VX_pipe_register_2_4)    1.93e-02    0.139    6.433    0.165   0.2
        g_shift_register (VX_shift_register_33_0_13_0_4) 1.93e-02    0.139    6.433    0.165   0.2
      conv_c (fNToRecFN_5)             2.46e-03 9.40e-04    0.780 4.18e-03   0.0
        clz (bsg_counting_leading_zeros_5) 1.04e-04 1.12e-04    0.120 3.36e-04   0.0
          lzc (VX_lzc_5)               1.04e-04 1.12e-04    0.120 3.36e-04   0.0
            g_lzc_find_first (VX_find_first_23_5_1_4) 9.22e-05 1.09e-04    0.107 3.08e-04   0.0
      g_red_tree_2__g_add_0__reduce_add (VX_tcu_bhf_fadd_29) 5.20e-02 7.59e-02    7.739    0.136   0.2
        pipe_rnd (VX_pipe_register_4_60) 2.30e-03 1.26e-02    0.504 1.54e-02   0.0
          g_shift_register (VX_shift_register_38_0_1_0_60) 2.30e-03 1.26e-02    0.504 1.54e-02   0.0
        rounding (roundAnyRawFNToRecFN_1_33) 5.30e-03 3.67e-03    1.204 1.02e-02   0.0
          genblk2_genblk1_lowMask_roundMask (lowMaskLoHi_33) 2.81e-04 1.45e-04    0.301 7.27e-04   0.0
            reverse (reverse_2_33)     1.37e-05 5.43e-06    0.154 1.73e-04   0.0
        pipe_add (VX_pipe_register_5_33) 6.91e-03 3.16e-02    1.265 3.98e-02   0.1
          g_shift_register (VX_shift_register_45_0_2_0_33) 6.91e-03 3.16e-02    1.265 3.98e-02   0.1
        adder (addRecFNToRaw_33)       3.74e-02 2.81e-02    4.766 7.03e-02   0.1
          lowMask_far_roundExtraMask (lowMaskHiLo_33) 1.57e-04 2.98e-04 8.09e-02 5.36e-04   0.0
            reverse (reverse_1_33)     5.89e-05 1.45e-04 4.72e-02 2.52e-04   0.0
          compressBy4_far_sigSmaller (compressBy4_33) 1.01e-04 3.65e-04 4.79e-02 5.14e-04   0.0
          countLeadingZeros_close (countLeadingZeros_33) 5.92e-04 5.30e-04    0.163 1.29e-03   0.0
            reverse_in (reverse_35)    3.08e-04 3.68e-04 8.96e-02 7.66e-04   0.0
          compressBy2_close_sigSum (compressBy2_33) 2.15e-04 3.98e-04 6.61e-02 6.79e-04   0.0
          isSigNaN_b (isSigNaNRecFN_1_66) 5.93e-06 8.78e-06 4.21e-03 1.89e-05   0.0
          recFNToRawFN_b (recFNToRawFN_1_71) 2.26e-03 9.10e-04    0.233 3.40e-03   0.0
          isSigNaN_a (isSigNaNRecFN_1_67) 4.71e-06 8.39e-06 4.16e-03 1.73e-05   0.0
          recFNToRawFN_a (recFNToRawFN_1_72) 1.90e-03 8.96e-04    0.233 3.03e-03   0.0
      g_red_tree_1__g_add_1__reduce_add (VX_tcu_bhf_fadd_30) 5.34e-02 7.67e-02    7.755    0.138   0.2
        pipe_rnd (VX_pipe_register_4_61) 2.52e-03 1.29e-02    0.505 1.59e-02   0.0
          g_shift_register (VX_shift_register_38_0_1_0_61) 2.52e-03 1.29e-02    0.505 1.59e-02   0.0
        rounding (roundAnyRawFNToRecFN_1_34) 5.67e-03 3.85e-03    1.213 1.07e-02   0.0
          genblk2_genblk1_lowMask_roundMask (lowMaskLoHi_34) 2.67e-04 1.53e-04    0.303 7.23e-04   0.0
            reverse (reverse_2_34)     1.36e-05 5.42e-06    0.153 1.72e-04   0.0
        pipe_add (VX_pipe_register_5_34) 7.39e-03 3.18e-02    1.266 4.04e-02   0.1
          g_shift_register (VX_shift_register_45_0_2_0_34) 7.39e-03 3.18e-02    1.266 4.04e-02   0.1
        adder (addRecFNToRaw_34)       3.78e-02 2.82e-02    4.772 7.08e-02   0.1
          lowMask_far_roundExtraMask (lowMaskHiLo_34) 1.52e-04 2.77e-04 8.07e-02 5.10e-04   0.0
            reverse (reverse_1_34)     6.96e-05 1.33e-04 4.69e-02 2.49e-04   0.0
          compressBy4_far_sigSmaller (compressBy4_34) 1.25e-04 3.43e-04 4.62e-02 5.15e-04   0.0
          countLeadingZeros_close (countLeadingZeros_34) 5.74e-04 5.19e-04    0.163 1.26e-03   0.0
            reverse_in (reverse_36)    2.96e-04 3.63e-04 8.98e-02 7.49e-04   0.0
          compressBy2_close_sigSum (compressBy2_34) 2.00e-04 3.93e-04 6.62e-02 6.59e-04   0.0
          isSigNaN_b (isSigNaNRecFN_1_68) 6.02e-06 9.62e-06 4.44e-03 2.01e-05   0.0
          recFNToRawFN_b (recFNToRawFN_1_73) 2.54e-03 9.28e-04    0.234 3.70e-03   0.0
          isSigNaN_a (isSigNaNRecFN_1_69) 6.47e-06 9.58e-06 4.37e-03 2.04e-05   0.0
          recFNToRawFN_a (recFNToRawFN_1_74) 1.81e-03 9.43e-04    0.234 2.99e-03   0.0
      g_red_tree_1__g_add_0__reduce_add (VX_tcu_bhf_fadd_31) 5.79e-02 7.66e-02    7.769    0.142   0.2
        pipe_rnd (VX_pipe_register_4_62) 3.48e-03 1.29e-02    0.505 1.69e-02   0.0
          g_shift_register (VX_shift_register_38_0_1_0_62) 3.48e-03 1.29e-02    0.505 1.69e-02   0.0
        rounding (roundAnyRawFNToRecFN_1_35) 6.95e-03 3.86e-03    1.222 1.20e-02   0.0
          genblk2_genblk1_lowMask_roundMask (lowMaskLoHi_35) 2.54e-04 1.50e-04    0.302 7.06e-04   0.0
            reverse (reverse_2_35)     1.38e-05 5.42e-06    0.153 1.73e-04   0.0
        pipe_add (VX_pipe_register_5_35) 8.81e-03 3.17e-02    1.265 4.18e-02   0.1
          g_shift_register (VX_shift_register_45_0_2_0_35) 8.81e-03 3.17e-02    1.265 4.18e-02   0.1
        adder (addRecFNToRaw_35)       3.86e-02 2.81e-02    4.777 7.15e-02   0.1
          lowMask_far_roundExtraMask (lowMaskHiLo_35) 1.63e-04 2.72e-04 8.07e-02 5.16e-04   0.0
            reverse (reverse_1_35)     6.90e-05 1.31e-04 4.69e-02 2.47e-04   0.0
          compressBy4_far_sigSmaller (compressBy4_35) 8.16e-05 3.44e-04 4.63e-02 4.72e-04   0.0
          countLeadingZeros_close (countLeadingZeros_35) 5.76e-04 5.20e-04    0.163 1.26e-03   0.0
            reverse_in (reverse_37)    3.04e-04 3.64e-04 8.98e-02 7.58e-04   0.0
          compressBy2_close_sigSum (compressBy2_35) 1.67e-04 3.92e-04 6.62e-02 6.26e-04   0.0
          isSigNaN_b (isSigNaNRecFN_1_70) 4.42e-06 9.57e-06 4.40e-03 1.84e-05   0.0
          recFNToRawFN_b (recFNToRawFN_1_75) 3.08e-03 9.29e-04    0.234 4.24e-03   0.0
          isSigNaN_a (isSigNaNRecFN_1_71) 6.32e-06 9.22e-06 4.36e-03 1.99e-05   0.0
          recFNToRawFN_a (recFNToRawFN_1_76) 2.50e-03 9.71e-04    0.234 3.70e-03   0.0
      g_red_tree_0__g_add_3__reduce_add (VX_tcu_bhf_fadd_32) 5.71e-02 7.43e-02    7.608    0.139   0.2
        pipe_rnd (VX_pipe_register_4_63) 5.19e-03 1.30e-02    0.505 1.87e-02   0.0
          g_shift_register (VX_shift_register_38_0_1_0_63) 5.19e-03 1.30e-02    0.505 1.87e-02   0.0
        rounding (roundAnyRawFNToRecFN_1_36) 8.30e-03 3.91e-03    1.260 1.35e-02   0.0
          genblk2_genblk1_lowMask_roundMask (lowMaskLoHi_36) 2.59e-04 1.54e-04    0.304 7.17e-04   0.0
            reverse (reverse_2_36)     1.34e-05 5.42e-06    0.153 1.72e-04   0.0
        pipe_add (VX_pipe_register_5_36) 1.26e-02 3.22e-02    1.268 4.61e-02   0.1
          g_shift_register (VX_shift_register_45_0_2_0_36) 1.26e-02 3.22e-02    1.268 4.61e-02   0.1
        adder (addRecFNToRaw_36)       3.10e-02 2.52e-02    4.575 6.07e-02   0.1
          lowMask_far_roundExtraMask (lowMaskHiLo_36) 1.21e-04 2.23e-04 6.92e-02 4.13e-04   0.0
            reverse (reverse_1_36)     5.97e-05 1.08e-04 3.99e-02 2.08e-04   0.0
          compressBy4_far_sigSmaller (compressBy4_36) 5.66e-05 2.47e-04 4.08e-02 3.44e-04   0.0
          countLeadingZeros_close (countLeadingZeros_36) 5.55e-04 5.00e-04    0.156 1.21e-03   0.0
            reverse_in (reverse_38)    2.94e-04 3.03e-04 8.26e-02 6.80e-04   0.0
          compressBy2_close_sigSum (compressBy2_36) 1.91e-04 3.28e-04 6.15e-02 5.80e-04   0.0
          isSigNaN_b (isSigNaNRecFN_1_72) 8.45e-06 1.14e-05 4.92e-03 2.47e-05   0.0
          recFNToRawFN_b (recFNToRawFN_1_77) 2.09e-03 7.59e-04    0.221 3.07e-03   0.0
          isSigNaN_a (isSigNaNRecFN_1_73) 7.66e-06 1.10e-05 4.89e-03 2.35e-05   0.0
          recFNToRawFN_a (recFNToRawFN_1_78) 1.61e-03 7.49e-04    0.221 2.58e-03   0.0
      g_red_tree_0__g_add_2__reduce_add (VX_tcu_bhf_fadd_33) 6.40e-02 7.46e-02    7.630    0.146   0.2
        pipe_rnd (VX_pipe_register_4_64) 6.54e-03 1.30e-02    0.505 2.00e-02   0.0
          g_shift_register (VX_shift_register_38_0_1_0_64) 6.54e-03 1.30e-02    0.505 2.00e-02   0.0
        rounding (roundAnyRawFNToRecFN_1_37) 9.56e-03 3.96e-03    1.272 1.48e-02   0.0
          genblk2_genblk1_lowMask_roundMask (lowMaskLoHi_37) 2.48e-04 1.54e-04    0.303 7.05e-04   0.0
            reverse (reverse_2_37)     1.41e-05 5.42e-06    0.153 1.73e-04   0.0
        pipe_add (VX_pipe_register_5_37) 1.54e-02 3.23e-02    1.268 4.89e-02   0.1
          g_shift_register (VX_shift_register_45_0_2_0_37) 1.54e-02 3.23e-02    1.268 4.89e-02   0.1
        adder (addRecFNToRaw_37)       3.25e-02 2.54e-02    4.584 6.25e-02   0.1
          lowMask_far_roundExtraMask (lowMaskHiLo_37) 1.23e-04 2.25e-04 6.92e-02 4.17e-04   0.0
            reverse (reverse_1_37)     5.54e-05 1.09e-04 3.98e-02 2.04e-04   0.0
          compressBy4_far_sigSmaller (compressBy4_37) 3.77e-05 2.46e-04 4.07e-02 3.25e-04   0.0
          countLeadingZeros_close (countLeadingZeros_37) 6.08e-04 5.06e-04    0.156 1.27e-03   0.0
            reverse_in (reverse_39)    3.47e-04 3.07e-04 8.26e-02 7.36e-04   0.0
          compressBy2_close_sigSum (compressBy2_37) 1.59e-04 3.31e-04 6.15e-02 5.51e-04   0.0
          isSigNaN_b (isSigNaNRecFN_1_74) 9.25e-06 1.10e-05 4.85e-03 2.51e-05   0.0
          recFNToRawFN_b (recFNToRawFN_1_79) 1.93e-03 7.58e-04    0.221 2.91e-03   0.0
          isSigNaN_a (isSigNaNRecFN_1_75) 7.00e-06 1.09e-05 4.85e-03 2.27e-05   0.0
          recFNToRawFN_a (recFNToRawFN_1_80) 2.27e-03 7.51e-04    0.221 3.25e-03   0.0
      g_red_tree_0__g_add_1__reduce_add (VX_tcu_bhf_fadd_34) 5.29e-02 7.44e-02    7.632    0.135   0.2
        pipe_rnd (VX_pipe_register_4_65) 2.88e-03 1.30e-02    0.505 1.64e-02   0.0
          g_shift_register (VX_shift_register_38_0_1_0_65) 2.88e-03 1.30e-02    0.505 1.64e-02   0.0
        rounding (roundAnyRawFNToRecFN_1_38) 9.78e-03 4.00e-03    1.272 1.51e-02   0.0
          genblk2_genblk1_lowMask_roundMask (lowMaskLoHi_38) 2.42e-04 1.52e-04    0.303 6.97e-04   0.0
            reverse (reverse_2_38)     1.43e-05 5.42e-06    0.153 1.73e-04   0.0
        pipe_add (VX_pipe_register_5_38) 8.61e-03 3.22e-02    1.268 4.21e-02   0.1
          g_shift_register (VX_shift_register_45_0_2_0_38) 8.61e-03 3.22e-02    1.268 4.21e-02   0.1
        adder (addRecFNToRaw_38)       3.17e-02 2.52e-02    4.587 6.15e-02   0.1
          lowMask_far_roundExtraMask (lowMaskHiLo_38) 1.19e-04 2.25e-04 6.92e-02 4.14e-04   0.0
            reverse (reverse_1_38)     5.49e-05 1.09e-04 3.98e-02 2.04e-04   0.0
          compressBy4_far_sigSmaller (compressBy4_38) 4.18e-05 2.46e-04 4.07e-02 3.28e-04   0.0
          countLeadingZeros_close (countLeadingZeros_38) 5.75e-04 5.02e-04    0.156 1.23e-03   0.0
            reverse_in (reverse_40)    3.11e-04 3.04e-04 8.27e-02 6.97e-04   0.0
          compressBy2_close_sigSum (compressBy2_38) 1.71e-04 3.28e-04 6.15e-02 5.60e-04   0.0
          isSigNaN_b (isSigNaNRecFN_1_76) 8.04e-06 1.13e-05 4.85e-03 2.42e-05   0.0
          recFNToRawFN_b (recFNToRawFN_1_81) 2.19e-03 7.59e-04    0.221 3.17e-03   0.0
          isSigNaN_a (isSigNaNRecFN_1_77) 9.06e-06 1.08e-05 4.87e-03 2.47e-05   0.0
          recFNToRawFN_a (recFNToRawFN_1_82) 1.81e-03 7.49e-04    0.221 2.78e-03   0.0
      g_red_tree_0__g_add_0__reduce_add (VX_tcu_bhf_fadd_35) 7.46e-02 7.49e-02    7.703    0.157   0.2
        pipe_rnd (VX_pipe_register_4_66) 8.56e-03 1.31e-02    0.505 2.22e-02   0.0
          g_shift_register (VX_shift_register_38_0_1_0_66) 8.56e-03 1.31e-02    0.505 2.22e-02   0.0
        rounding (roundAnyRawFNToRecFN_1_39) 1.92e-02 4.21e-03    1.347 2.47e-02   0.0
          genblk2_genblk1_lowMask_roundMask (lowMaskLoHi_39) 2.54e-04 1.53e-04    0.303 7.10e-04   0.0
            reverse (reverse_2_39)     1.34e-05 5.42e-06    0.153 1.72e-04   0.0
        pipe_add (VX_pipe_register_5_39) 1.49e-02 3.23e-02    1.268 4.85e-02   0.1
          g_shift_register (VX_shift_register_45_0_2_0_39) 1.49e-02 3.23e-02    1.268 4.85e-02   0.1
        adder (addRecFNToRaw_39)       3.19e-02 2.53e-02    4.582 6.17e-02   0.1
          lowMask_far_roundExtraMask (lowMaskHiLo_39) 1.15e-04 2.24e-04 6.92e-02 4.08e-04   0.0
            reverse (reverse_1_39)     5.54e-05 1.08e-04 3.99e-02 2.04e-04   0.0
          compressBy4_far_sigSmaller (compressBy4_39) 5.15e-05 2.46e-04 4.07e-02 3.38e-04   0.0
          countLeadingZeros_close (countLeadingZeros_39) 5.59e-04 5.05e-04    0.156 1.22e-03   0.0
            reverse_in (reverse_41)    2.91e-04 3.06e-04 8.26e-02 6.80e-04   0.0
          compressBy2_close_sigSum (compressBy2_39) 1.72e-04 3.30e-04 6.15e-02 5.64e-04   0.0
          isSigNaN_b (isSigNaNRecFN_1_78) 6.20e-06 1.11e-05 4.83e-03 2.21e-05   0.0
          recFNToRawFN_b (recFNToRawFN_1_83) 2.33e-03 7.55e-04    0.221 3.30e-03   0.0
          isSigNaN_a (isSigNaNRecFN_1_79) 6.58e-06 1.09e-05 4.85e-03 2.23e-05   0.0
          recFNToRawFN_a (recFNToRawFN_1_84) 1.70e-03 7.52e-04    0.221 2.68e-03   0.0
      g_prod_7__pipe_mult (VX_pipe_register_1_32) 2.27e-03 1.16e-02    0.477 1.43e-02   0.0
        g_shift_register (VX_shift_register_33_0_1_0_32) 2.27e-03 1.16e-02    0.477 1.43e-02   0.0
      g_prod_7__fp16_mul (VX_tcu_bhf_fmul_32) 2.40e-02 4.90e-02    5.426 7.84e-02   0.1
        pipe_rnd (VX_pipe_register_4_67) 3.29e-03 1.16e-02    0.477 1.53e-02   0.0
          g_shift_register (VX_shift_register_38_0_1_0_67) 3.29e-03 1.16e-02    0.477 1.53e-02   0.0
        rounding (roundAnyRawFNToRecFN_33) 2.24e-03 1.12e-03    0.273 3.64e-03   0.0
        pipe_add (VX_pipe_register_3_32) 4.71e-03 2.46e-02    1.028 3.04e-02   0.0
          g_shift_register (VX_shift_register_37_0_2_0_32) 4.71e-03 2.46e-02    1.028 3.04e-02   0.0
        multiplier (mulRecFNToFullRaw_32) 1.22e-02 1.08e-02    3.022 2.60e-02   0.0
          isSigNaN_b (isSigNaNRecFN_65) 5.70e-06 9.39e-06 4.73e-03 1.98e-05   0.0
          recFNToRawFN_b (recFNToRawFN_65) 9.89e-04 2.26e-04    0.129 1.34e-03   0.0
          isSigNaN_a (isSigNaNRecFN_66) 4.16e-06 7.16e-06 4.71e-03 1.60e-05   0.0
          recFNToRawFN_a (recFNToRawFN_66) 3.63e-04 1.67e-04    0.129 6.58e-04   0.0
        g_in_ieee_from_ieee_b (fNToRecFN_1_64) 8.82e-04 5.32e-04    0.313 1.73e-03   0.0
          clz (bsg_counting_leading_zeros_1_64) 1.24e-04 9.17e-05 6.84e-02 2.84e-04   0.0
            lzc (VX_lzc_1_64)          1.24e-04 9.17e-05 6.84e-02 2.84e-04   0.0
              g_lzc_find_first (VX_find_first_10_4_1_64) 5.46e-05 7.17e-05 5.55e-02 1.82e-04   0.0
        g_in_ieee_from_ieee_a (fNToRecFN_1_65) 6.58e-04 3.96e-04    0.313 1.37e-03   0.0
          clz (bsg_counting_leading_zeros_1_65) 9.33e-05 6.75e-05 6.83e-02 2.29e-04   0.0
            lzc (VX_lzc_1_65)          9.33e-05 6.75e-05 6.83e-02 2.29e-04   0.0
              g_lzc_find_first (VX_find_first_10_4_1_65) 4.20e-05 5.24e-05 5.54e-02 1.50e-04   0.0
      g_prod_6__pipe_mult (VX_pipe_register_1_33) 2.40e-03 1.16e-02    0.477 1.44e-02   0.0
        g_shift_register (VX_shift_register_33_0_1_0_33) 2.40e-03 1.16e-02    0.477 1.44e-02   0.0
      g_prod_6__fp16_mul (VX_tcu_bhf_fmul_33) 2.07e-02 4.89e-02    5.422 7.50e-02   0.1
        pipe_rnd (VX_pipe_register_4_68) 2.04e-03 1.15e-02    0.477 1.41e-02   0.0
          g_shift_register (VX_shift_register_38_0_1_0_68) 2.04e-03 1.15e-02    0.477 1.41e-02   0.0
        rounding (roundAnyRawFNToRecFN_34) 1.58e-03 1.11e-03    0.272 2.96e-03   0.0
        pipe_add (VX_pipe_register_3_33) 4.09e-03 2.46e-02    1.028 2.97e-02   0.0
          g_shift_register (VX_shift_register_37_0_2_0_33) 4.09e-03 2.46e-02    1.028 2.97e-02   0.0
        multiplier (mulRecFNToFullRaw_33) 1.16e-02 1.07e-02    3.017 2.54e-02   0.0
          isSigNaN_b (isSigNaNRecFN_67) 5.81e-06 8.98e-06 4.73e-03 1.95e-05   0.0
          recFNToRawFN_b (recFNToRawFN_67) 8.90e-04 2.21e-04    0.129 1.24e-03   0.0
          isSigNaN_a (isSigNaNRecFN_68) 4.29e-06 6.93e-06 4.67e-03 1.59e-05   0.0
          recFNToRawFN_a (recFNToRawFN_68) 3.83e-04 1.67e-04    0.129 6.79e-04   0.0
        g_in_ieee_from_ieee_b (fNToRecFN_1_66) 7.20e-04 5.27e-04    0.313 1.56e-03   0.0
          clz (bsg_counting_leading_zeros_1_66) 1.19e-04 9.15e-05 6.85e-02 2.79e-04   0.0
            lzc (VX_lzc_1_66)          1.19e-04 9.15e-05 6.85e-02 2.79e-04   0.0
              g_lzc_find_first (VX_find_first_10_4_1_66) 5.45e-05 7.19e-05 5.56e-02 1.82e-04   0.0
        g_in_ieee_from_ieee_a (fNToRecFN_1_67) 6.30e-04 4.01e-04    0.313 1.34e-03   0.0
          clz (bsg_counting_leading_zeros_1_67) 9.37e-05 6.88e-05 6.85e-02 2.31e-04   0.0
            lzc (VX_lzc_1_67)          9.37e-05 6.88e-05 6.85e-02 2.31e-04   0.0
              g_lzc_find_first (VX_find_first_10_4_1_67) 4.09e-05 5.33e-05 5.56e-02 1.50e-04   0.0
      g_prod_5__pipe_mult (VX_pipe_register_1_34) 2.38e-03 1.16e-02    0.477 1.45e-02   0.0
        g_shift_register (VX_shift_register_33_0_1_0_34) 2.38e-03 1.16e-02    0.477 1.45e-02   0.0
      g_prod_5__fp16_mul (VX_tcu_bhf_fmul_34) 2.51e-02 4.90e-02    5.412 7.95e-02   0.1
        pipe_rnd (VX_pipe_register_4_69) 6.48e-03 1.16e-02    0.477 1.85e-02   0.0
          g_shift_register (VX_shift_register_38_0_1_0_69) 6.48e-03 1.16e-02    0.477 1.85e-02   0.0
        rounding (roundAnyRawFNToRecFN_35) 1.45e-03 1.11e-03    0.272 2.83e-03   0.0
        pipe_add (VX_pipe_register_3_34) 4.43e-03 2.46e-02    1.028 3.01e-02   0.0
          g_shift_register (VX_shift_register_37_0_2_0_34) 4.43e-03 2.46e-02    1.028 3.01e-02   0.0
        multiplier (mulRecFNToFullRaw_34) 1.12e-02 1.08e-02    3.008 2.51e-02   0.0
          isSigNaN_b (isSigNaNRecFN_69) 6.09e-06 8.83e-06 4.68e-03 1.96e-05   0.0
          recFNToRawFN_b (recFNToRawFN_69) 7.12e-04 2.23e-04    0.129 1.06e-03   0.0
          isSigNaN_a (isSigNaNRecFN_70) 4.54e-06 7.44e-06 4.68e-03 1.67e-05   0.0
          recFNToRawFN_a (recFNToRawFN_70) 4.65e-04 1.71e-04    0.129 7.65e-04   0.0
        g_in_ieee_from_ieee_b (fNToRecFN_1_68) 6.69e-04 5.28e-04    0.313 1.51e-03   0.0
          clz (bsg_counting_leading_zeros_1_68) 1.21e-04 9.08e-05 6.84e-02 2.80e-04   0.0
            lzc (VX_lzc_1_68)          1.21e-04 9.08e-05 6.84e-02 2.80e-04   0.0
              g_lzc_find_first (VX_find_first_10_4_1_68) 5.68e-05 7.15e-05 5.55e-02 1.84e-04   0.0
        g_in_ieee_from_ieee_a (fNToRecFN_1_69) 8.15e-04 4.02e-04    0.313 1.53e-03   0.0
          clz (bsg_counting_leading_zeros_1_69) 9.30e-05 6.86e-05 6.84e-02 2.30e-04   0.0
            lzc (VX_lzc_1_69)          9.30e-05 6.86e-05 6.84e-02 2.30e-04   0.0
              g_lzc_find_first (VX_find_first_10_4_1_69) 4.14e-05 5.33e-05 5.55e-02 1.50e-04   0.0
      g_prod_4__pipe_mult (VX_pipe_register_1_35) 3.14e-03 1.16e-02    0.477 1.52e-02   0.0
        g_shift_register (VX_shift_register_33_0_1_0_35) 3.14e-03 1.16e-02    0.477 1.52e-02   0.0
      g_prod_4__fp16_mul (VX_tcu_bhf_fmul_35) 2.88e-02 4.90e-02    5.429 8.33e-02   0.1
        pipe_rnd (VX_pipe_register_4_70) 6.08e-03 1.16e-02    0.477 1.81e-02   0.0
          g_shift_register (VX_shift_register_38_0_1_0_70) 6.08e-03 1.16e-02    0.477 1.81e-02   0.0
        rounding (roundAnyRawFNToRecFN_36) 2.88e-03 1.13e-03    0.274 4.28e-03   0.0
        pipe_add (VX_pipe_register_3_35) 5.88e-03 2.46e-02    1.028 3.15e-02   0.0
          g_shift_register (VX_shift_register_37_0_2_0_35) 5.88e-03 2.46e-02    1.028 3.15e-02   0.0
        multiplier (mulRecFNToFullRaw_35) 1.24e-02 1.08e-02    3.023 2.62e-02   0.0
          isSigNaN_b (isSigNaNRecFN_71) 5.07e-06 9.16e-06 4.70e-03 1.89e-05   0.0
          recFNToRawFN_b (recFNToRawFN_71) 7.07e-04 2.22e-04    0.129 1.06e-03   0.0
          isSigNaN_a (isSigNaNRecFN_72) 4.39e-06 7.72e-06 4.71e-03 1.68e-05   0.0
          recFNToRawFN_a (recFNToRawFN_72) 5.04e-04 1.73e-04    0.129 8.05e-04   0.0
        g_in_ieee_from_ieee_b (fNToRecFN_1_70) 6.77e-04 5.29e-04    0.313 1.52e-03   0.0
          clz (bsg_counting_leading_zeros_1_70) 1.20e-04 9.16e-05 6.83e-02 2.80e-04   0.0
            lzc (VX_lzc_1_70)          1.20e-04 9.16e-05 6.83e-02 2.80e-04   0.0
              g_lzc_find_first (VX_find_first_10_4_1_70) 5.39e-05 7.19e-05 5.54e-02 1.81e-04   0.0
        g_in_ieee_from_ieee_a (fNToRecFN_1_71) 8.63e-04 4.02e-04    0.313 1.58e-03   0.0
          clz (bsg_counting_leading_zeros_1_71) 9.37e-05 6.81e-05 6.83e-02 2.30e-04   0.0
            lzc (VX_lzc_1_71)          9.37e-05 6.81e-05 6.83e-02 2.30e-04   0.0
              g_lzc_find_first (VX_find_first_10_4_1_71) 4.14e-05 5.29e-05 5.55e-02 1.50e-04   0.0
      g_prod_3__pipe_mult (VX_pipe_register_1_36) 2.10e-03 1.16e-02    0.477 1.41e-02   0.0
        g_shift_register (VX_shift_register_33_0_1_0_36) 2.10e-03 1.16e-02    0.477 1.41e-02   0.0
      g_prod_3__fp16_mul (VX_tcu_bhf_fmul_36) 2.14e-02 4.89e-02    5.427 7.58e-02   0.1
        pipe_rnd (VX_pipe_register_4_71) 2.20e-03 1.16e-02    0.477 1.42e-02   0.0
          g_shift_register (VX_shift_register_38_0_1_0_71) 2.20e-03 1.16e-02    0.477 1.42e-02   0.0
        rounding (roundAnyRawFNToRecFN_37) 1.83e-03 1.11e-03    0.273 3.22e-03   0.0
        pipe_add (VX_pipe_register_3_36) 4.15e-03 2.46e-02    1.028 2.98e-02   0.0
          g_shift_register (VX_shift_register_37_0_2_0_36) 4.15e-03 2.46e-02    1.028 2.98e-02   0.0
        multiplier (mulRecFNToFullRaw_36) 1.17e-02 1.08e-02    3.022 2.55e-02   0.0
          isSigNaN_b (isSigNaNRecFN_73) 5.40e-06 9.22e-06 4.72e-03 1.93e-05   0.0
          recFNToRawFN_b (recFNToRawFN_73) 9.23e-04 2.22e-04    0.129 1.27e-03   0.0
          isSigNaN_a (isSigNaNRecFN_74) 4.01e-06 7.38e-06 4.64e-03 1.60e-05   0.0
          recFNToRawFN_a (recFNToRawFN_74) 4.61e-04 1.71e-04    0.129 7.61e-04   0.0
        g_in_ieee_from_ieee_b (fNToRecFN_1_72) 7.10e-04 5.24e-04    0.313 1.55e-03   0.0
          clz (bsg_counting_leading_zeros_1_72) 1.18e-04 9.10e-05 6.82e-02 2.77e-04   0.0
            lzc (VX_lzc_1_72)          1.18e-04 9.10e-05 6.82e-02 2.77e-04   0.0
              g_lzc_find_first (VX_find_first_10_4_1_72) 5.33e-05 7.14e-05 5.54e-02 1.80e-04   0.0
        g_in_ieee_from_ieee_a (fNToRecFN_1_73) 8.51e-04 3.98e-04    0.314 1.56e-03   0.0
          clz (bsg_counting_leading_zeros_1_73) 8.83e-05 6.71e-05 6.83e-02 2.24e-04   0.0
            lzc (VX_lzc_1_73)          8.83e-05 6.71e-05 6.83e-02 2.24e-04   0.0
              g_lzc_find_first (VX_find_first_10_4_1_73) 3.99e-05 5.24e-05 5.55e-02 1.48e-04   0.0
      g_prod_2__pipe_mult (VX_pipe_register_1_37) 3.29e-03 1.16e-02    0.477 1.54e-02   0.0
        g_shift_register (VX_shift_register_33_0_1_0_37) 3.29e-03 1.16e-02    0.477 1.54e-02   0.0
      g_prod_2__fp16_mul (VX_tcu_bhf_fmul_37) 2.85e-02 4.91e-02    5.457 8.30e-02   0.1
        pipe_rnd (VX_pipe_register_4_72) 4.97e-03 1.16e-02    0.477 1.70e-02   0.0
          g_shift_register (VX_shift_register_38_0_1_0_72) 4.97e-03 1.16e-02    0.477 1.70e-02   0.0
        rounding (roundAnyRawFNToRecFN_38) 2.82e-03 1.12e-03    0.274 4.21e-03   0.0
        pipe_add (VX_pipe_register_3_37) 5.13e-03 2.46e-02    1.028 3.08e-02   0.0
          g_shift_register (VX_shift_register_37_0_2_0_37) 5.13e-03 2.46e-02    1.028 3.08e-02   0.0
        multiplier (mulRecFNToFullRaw_37) 1.38e-02 1.08e-02    3.051 2.77e-02   0.0
          isSigNaN_b (isSigNaNRecFN_75) 4.61e-06 9.09e-06 4.71e-03 1.84e-05   0.0
          recFNToRawFN_b (recFNToRawFN_75) 7.14e-04 2.22e-04    0.129 1.07e-03   0.0
          isSigNaN_a (isSigNaNRecFN_76) 4.44e-06 7.79e-06 4.68e-03 1.69e-05   0.0
          recFNToRawFN_a (recFNToRawFN_76) 5.56e-04 1.76e-04    0.129 8.60e-04   0.0
        g_in_ieee_from_ieee_b (fNToRecFN_1_74) 6.99e-04 5.29e-04    0.313 1.54e-03   0.0
          clz (bsg_counting_leading_zeros_1_74) 1.21e-04 9.14e-05 6.84e-02 2.81e-04   0.0
            lzc (VX_lzc_1_74)          1.21e-04 9.14e-05 6.84e-02 2.81e-04   0.0
              g_lzc_find_first (VX_find_first_10_4_1_74) 5.48e-05 7.17e-05 5.55e-02 1.82e-04   0.0
        g_in_ieee_from_ieee_a (fNToRecFN_1_75) 1.01e-03 4.02e-04    0.313 1.73e-03   0.0
          clz (bsg_counting_leading_zeros_1_75) 9.13e-05 6.78e-05 6.82e-02 2.27e-04   0.0
            lzc (VX_lzc_1_75)          9.13e-05 6.78e-05 6.82e-02 2.27e-04   0.0
              g_lzc_find_first (VX_find_first_10_4_1_75) 3.91e-05 5.24e-05 5.53e-02 1.47e-04   0.0
      g_prod_1__pipe_mult (VX_pipe_register_1_38) 2.25e-03 1.16e-02    0.477 1.43e-02   0.0
        g_shift_register (VX_shift_register_33_0_1_0_38) 2.25e-03 1.16e-02    0.477 1.43e-02   0.0
      g_prod_1__fp16_mul (VX_tcu_bhf_fmul_38) 2.20e-02 4.89e-02    5.413 7.63e-02   0.1
        pipe_rnd (VX_pipe_register_4_73) 3.40e-03 1.16e-02    0.477 1.54e-02   0.0
          g_shift_register (VX_shift_register_38_0_1_0_73) 3.40e-03 1.16e-02    0.477 1.54e-02   0.0
        rounding (roundAnyRawFNToRecFN_39) 1.67e-03 1.11e-03    0.274 3.06e-03   0.0
        pipe_add (VX_pipe_register_3_38) 4.96e-03 2.46e-02    1.028 3.06e-02   0.0
          g_shift_register (VX_shift_register_37_0_2_0_38) 4.96e-03 2.46e-02    1.028 3.06e-02   0.0
        multiplier (mulRecFNToFullRaw_38) 1.08e-02 1.07e-02    3.008 2.45e-02   0.0
          isSigNaN_b (isSigNaNRecFN_77) 5.30e-06 8.84e-06 4.69e-03 1.88e-05   0.0
          recFNToRawFN_b (recFNToRawFN_77) 7.08e-04 2.21e-04    0.129 1.06e-03   0.0
          isSigNaN_a (isSigNaNRecFN_78) 4.29e-06 7.17e-06 4.72e-03 1.62e-05   0.0
          recFNToRawFN_a (recFNToRawFN_78) 3.30e-04 1.65e-04    0.129 6.24e-04   0.0
        g_in_ieee_from_ieee_b (fNToRecFN_1_76) 7.13e-04 5.26e-04    0.313 1.55e-03   0.0
          clz (bsg_counting_leading_zeros_1_76) 1.19e-04 9.07e-05 6.83e-02 2.78e-04   0.0
            lzc (VX_lzc_1_76)          1.19e-04 9.07e-05 6.83e-02 2.78e-04   0.0
              g_lzc_find_first (VX_find_first_10_4_1_76) 5.55e-05 7.13e-05 5.55e-02 1.82e-04   0.0
        g_in_ieee_from_ieee_a (fNToRecFN_1_77) 5.18e-04 3.98e-04    0.313 1.23e-03   0.0
          clz (bsg_counting_leading_zeros_1_77) 9.36e-05 6.88e-05 6.85e-02 2.31e-04   0.0
            lzc (VX_lzc_1_77)          6.42e-05 6.01e-05 6.20e-02 1.86e-04   0.0
              g_lzc_find_first (VX_find_first_10_4_1_77) 4.18e-05 5.36e-05 5.57e-02 1.51e-04   0.0
      g_prod_0__pipe_mult (VX_pipe_register_1_39) 2.50e-03 1.16e-02    0.477 1.45e-02   0.0
        g_shift_register (VX_shift_register_33_0_1_0_39) 2.50e-03 1.16e-02    0.477 1.45e-02   0.0
      g_prod_0__fp16_mul (VX_tcu_bhf_fmul_39) 2.26e-02 4.90e-02    5.429 7.70e-02   0.1
        pipe_rnd (VX_pipe_register_4_74) 2.80e-03 1.16e-02    0.477 1.48e-02   0.0
          g_shift_register (VX_shift_register_38_0_1_0_74) 2.80e-03 1.16e-02    0.477 1.48e-02   0.0
        rounding (roundAnyRawFNToRecFN_40) 1.57e-03 1.11e-03    0.274 2.96e-03   0.0
        pipe_add (VX_pipe_register_3_39) 5.10e-03 2.46e-02    1.028 3.07e-02   0.0
          g_shift_register (VX_shift_register_37_0_2_0_39) 5.10e-03 2.46e-02    1.028 3.07e-02   0.0
        multiplier (mulRecFNToFullRaw_39) 1.19e-02 1.08e-02    3.023 2.57e-02   0.0
          isSigNaN_b (isSigNaNRecFN_79) 4.79e-06 9.10e-06 4.70e-03 1.86e-05   0.0
          recFNToRawFN_b (recFNToRawFN_79) 7.04e-04 2.21e-04    0.129 1.06e-03   0.0
          isSigNaN_a (isSigNaNRecFN_80) 3.62e-06 7.11e-06 4.68e-03 1.54e-05   0.0
          recFNToRawFN_a (recFNToRawFN_80) 3.36e-04 1.67e-04    0.129 6.32e-04   0.0
        g_in_ieee_from_ieee_b (fNToRecFN_1_78) 6.86e-04 5.28e-04    0.313 1.53e-03   0.0
          clz (bsg_counting_leading_zeros_1_78) 1.20e-04 9.14e-05 6.83e-02 2.79e-04   0.0
            lzc (VX_lzc_1_78)          1.20e-04 9.14e-05 6.83e-02 2.79e-04   0.0
              g_lzc_find_first (VX_find_first_10_4_1_78) 5.43e-05 7.19e-05 5.54e-02 1.82e-04   0.0
        g_in_ieee_from_ieee_a (fNToRecFN_1_79) 5.36e-04 3.98e-04    0.313 1.25e-03   0.0
          clz (bsg_counting_leading_zeros_1_79) 9.12e-05 6.82e-05 6.84e-02 2.28e-04   0.0
            lzc (VX_lzc_1_79)          9.12e-05 6.82e-05 6.84e-02 2.28e-04   0.0
              g_lzc_find_first (VX_find_first_10_4_1_79) 3.97e-05 5.28e-05 5.55e-02 1.48e-04   0.0
    g_i_6__g_j_3__genblk1_u_buffer_ex (VX_pipe_register_10) 1.65e-02 9.44e-02    4.324    0.115   0.2
      g_shift_register (VX_shift_register_582_0_1_0_4) 1.65e-02 9.44e-02    4.324    0.115   0.2
    g_i_6__g_j_2__fedp (VX_tcu_fedp_bhf_5)    0.699    1.220  116.927    2.036   2.8
      final_add (VX_tcu_bhf_fadd_1_5)  4.89e-02 6.72e-02    8.513    0.125   0.2
        pipe_rnd (VX_pipe_register_6_5) 6.44e-03 1.16e-02    0.491 1.85e-02   0.0
          g_shift_register (VX_shift_register_37_0_1_0_5) 6.44e-03 1.16e-02    0.491 1.85e-02   0.0
        g_out_ieee_to_ieee (recFNToFN_5) 5.15e-03 2.94e-03    0.793 8.88e-03   0.0
          recFNToRawFN (recFNToRawFN_1_85) 1.77e-03 7.48e-04    0.232 2.75e-03   0.0
        rounding (roundAnyRawFNToRecFN_1_40) 5.77e-03 2.98e-03    1.209 9.96e-03   0.0
          genblk2_genblk1_lowMask_roundMask (lowMaskLoHi_40) 2.44e-04 1.38e-04    0.302 6.84e-04   0.0
            reverse (reverse_2_40)     4.97e-06 1.94e-06    0.153 1.60e-04   0.0
        pipe_add (VX_pipe_register_5_40) 6.60e-03 3.05e-02    1.265 3.84e-02   0.1
          g_shift_register (VX_shift_register_45_0_2_0_40) 6.60e-03 3.05e-02    1.265 3.84e-02   0.1
        adder (addRecFNToRaw_40)       2.50e-02 1.92e-02    4.756 4.89e-02   0.1
          lowMask_far_roundExtraMask (lowMaskHiLo_40) 4.24e-05 7.91e-05 8.05e-02 2.02e-04   0.0
            reverse (reverse_1_40)     1.91e-05 3.71e-05 5.03e-02 1.07e-04   0.0
          compressBy4_far_sigSmaller (compressBy4_40) 3.61e-05 1.71e-04 4.48e-02 2.52e-04   0.0
          countLeadingZeros_close (countLeadingZeros_40) 5.38e-04 4.59e-04    0.163 1.16e-03   0.0
            reverse_in (reverse_42)    2.60e-04 3.13e-04 9.01e-02 6.62e-04   0.0
          compressBy2_close_sigSum (compressBy2_40) 1.79e-04 3.38e-04 6.60e-02 5.84e-04   0.0
          isSigNaN_b (isSigNaNRecFN_1_80) 4.67e-06 5.10e-06 4.56e-03 1.43e-05   0.0
          recFNToRawFN_b (recFNToRawFN_1_86) 6.47e-04 2.67e-04    0.236 1.15e-03   0.0
          isSigNaN_a (isSigNaNRecFN_1_81) 8.03e-06 1.27e-05 4.71e-03 2.54e-05   0.0
          recFNToRawFN_a (recFNToRawFN_1_87) 1.84e-03 8.21e-04    0.232 2.89e-03   0.0
      pipe_c (VX_pipe_register_2_5)    2.16e-02    0.139    6.434    0.167   0.2
        g_shift_register (VX_shift_register_33_0_13_0_5) 2.16e-02    0.139    6.434    0.167   0.2
      conv_c (fNToRecFN_6)             2.44e-03 9.46e-04    0.780 4.17e-03   0.0
        clz (bsg_counting_leading_zeros_6) 1.15e-04 1.13e-04    0.119 3.47e-04   0.0
          lzc (VX_lzc_6)               1.15e-04 1.13e-04    0.119 3.47e-04   0.0
            g_lzc_find_first (VX_find_first_23_5_1_5) 1.01e-04 1.09e-04    0.107 3.17e-04   0.0
      g_red_tree_2__g_add_0__reduce_add (VX_tcu_bhf_fadd_36) 6.22e-02 7.63e-02    7.794    0.146   0.2
        pipe_rnd (VX_pipe_register_4_75) 4.05e-03 1.27e-02    0.504 1.72e-02   0.0
          g_shift_register (VX_shift_register_38_0_1_0_75) 4.05e-03 1.27e-02    0.504 1.72e-02   0.0
        rounding (roundAnyRawFNToRecFN_1_41) 1.08e-02 3.86e-03    1.253 1.59e-02   0.0
          genblk2_genblk1_lowMask_roundMask (lowMaskLoHi_41) 2.71e-04 1.47e-04    0.302 7.19e-04   0.0
            reverse (reverse_2_41)     1.49e-05 5.43e-06    0.154 1.74e-04   0.0
        pipe_add (VX_pipe_register_5_41) 9.08e-03 3.16e-02    1.265 4.20e-02   0.1
          g_shift_register (VX_shift_register_45_0_2_0_41) 9.08e-03 3.16e-02    1.265 4.20e-02   0.1
        adder (addRecFNToRaw_41)       3.83e-02 2.82e-02    4.766 7.12e-02   0.1
          lowMask_far_roundExtraMask (lowMaskHiLo_41) 1.61e-04 2.98e-04 8.09e-02 5.39e-04   0.0
            reverse (reverse_1_41)     6.84e-05 1.45e-04 4.72e-02 2.61e-04   0.0
          compressBy4_far_sigSmaller (compressBy4_41) 1.52e-04 3.65e-04 4.78e-02 5.64e-04   0.0
          countLeadingZeros_close (countLeadingZeros_41) 6.10e-04 5.33e-04    0.163 1.31e-03   0.0
            reverse_in (reverse_43)    3.38e-04 3.70e-04 8.95e-02 7.98e-04   0.0
          compressBy2_close_sigSum (compressBy2_41) 2.23e-04 4.00e-04 6.61e-02 6.89e-04   0.0
          isSigNaN_b (isSigNaNRecFN_1_82) 4.94e-06 8.21e-06 4.15e-03 1.73e-05   0.0
          recFNToRawFN_b (recFNToRawFN_1_88) 2.81e-03 9.02e-04    0.233 3.94e-03   0.0
          isSigNaN_a (isSigNaNRecFN_1_83) 4.59e-06 8.32e-06 4.17e-03 1.71e-05   0.0
          recFNToRawFN_a (recFNToRawFN_1_89) 2.38e-03 9.20e-04    0.233 3.53e-03   0.0
      g_red_tree_1__g_add_1__reduce_add (VX_tcu_bhf_fadd_37) 5.61e-02 7.66e-02    7.766    0.141   0.2
        pipe_rnd (VX_pipe_register_4_76) 3.40e-03 1.29e-02    0.505 1.68e-02   0.0
          g_shift_register (VX_shift_register_38_0_1_0_76) 3.40e-03 1.29e-02    0.505 1.68e-02   0.0
        rounding (roundAnyRawFNToRecFN_1_42) 6.97e-03 3.87e-03    1.224 1.21e-02   0.0
          genblk2_genblk1_lowMask_roundMask (lowMaskLoHi_42) 2.57e-04 1.49e-04    0.303 7.09e-04   0.0
            reverse (reverse_2_42)     1.49e-05 5.43e-06    0.153 1.74e-04   0.0
        pipe_add (VX_pipe_register_5_42) 8.49e-03 3.17e-02    1.265 4.15e-02   0.1
          g_shift_register (VX_shift_register_45_0_2_0_42) 8.49e-03 3.17e-02    1.265 4.15e-02   0.1
        adder (addRecFNToRaw_42)       3.73e-02 2.82e-02    4.772 7.02e-02   0.1
          lowMask_far_roundExtraMask (lowMaskHiLo_42) 1.80e-04 2.74e-04 8.07e-02 5.35e-04   0.0
            reverse (reverse_1_42)     9.57e-05 1.32e-04 4.69e-02 2.74e-04   0.0
          compressBy4_far_sigSmaller (compressBy4_42) 6.32e-05 3.42e-04 4.62e-02 4.51e-04   0.0
          countLeadingZeros_close (countLeadingZeros_42) 5.77e-04 5.18e-04    0.163 1.26e-03   0.0
            reverse_in (reverse_44)    3.06e-04 3.63e-04 8.98e-02 7.59e-04   0.0
          compressBy2_close_sigSum (compressBy2_42) 2.01e-04 3.93e-04 6.62e-02 6.60e-04   0.0
          isSigNaN_b (isSigNaNRecFN_1_84) 4.47e-06 9.36e-06 4.39e-03 1.82e-05   0.0
          recFNToRawFN_b (recFNToRawFN_1_90) 2.77e-03 9.27e-04    0.234 3.93e-03   0.0
          isSigNaN_a (isSigNaNRecFN_1_85) 5.02e-06 9.40e-06 4.38e-03 1.88e-05   0.0
          recFNToRawFN_a (recFNToRawFN_1_91) 2.04e-03 9.41e-04    0.234 3.21e-03   0.0
      g_red_tree_1__g_add_0__reduce_add (VX_tcu_bhf_fadd_38) 6.57e-02 7.68e-02    7.796    0.150   0.2
        pipe_rnd (VX_pipe_register_4_77) 5.96e-03 1.29e-02    0.505 1.94e-02   0.0
          g_shift_register (VX_shift_register_38_0_1_0_77) 5.96e-03 1.29e-02    0.505 1.94e-02   0.0
        rounding (roundAnyRawFNToRecFN_1_43) 9.32e-03 3.93e-03    1.254 1.45e-02   0.0
          genblk2_genblk1_lowMask_roundMask (lowMaskLoHi_43) 2.64e-04 1.51e-04    0.302 7.17e-04   0.0
            reverse (reverse_2_43)     1.40e-05 5.43e-06    0.153 1.73e-04   0.0
        pipe_add (VX_pipe_register_5_43) 1.02e-02 3.18e-02    1.265 4.33e-02   0.1
          g_shift_register (VX_shift_register_45_0_2_0_43) 1.02e-02 3.18e-02    1.265 4.33e-02   0.1
        adder (addRecFNToRaw_43)       4.02e-02 2.82e-02    4.772 7.32e-02   0.1
          lowMask_far_roundExtraMask (lowMaskHiLo_43) 1.46e-04 2.74e-04 8.07e-02 5.01e-04   0.0
            reverse (reverse_1_43)     6.68e-05 1.32e-04 4.69e-02 2.46e-04   0.0
          compressBy4_far_sigSmaller (compressBy4_43) 7.89e-05 3.42e-04 4.62e-02 4.67e-04   0.0
          countLeadingZeros_close (countLeadingZeros_43) 5.79e-04 5.17e-04    0.163 1.26e-03   0.0
            reverse_in (reverse_45)    3.07e-04 3.63e-04 8.98e-02 7.60e-04   0.0
          compressBy2_close_sigSum (compressBy2_43) 1.72e-04 3.91e-04 6.62e-02 6.29e-04   0.0
          isSigNaN_b (isSigNaNRecFN_1_86) 5.03e-06 9.52e-06 4.40e-03 1.90e-05   0.0
          recFNToRawFN_b (recFNToRawFN_1_92) 5.00e-03 9.79e-04    0.234 6.22e-03   0.0
          isSigNaN_a (isSigNaNRecFN_1_87) 4.51e-06 9.55e-06 4.38e-03 1.84e-05   0.0
          recFNToRawFN_a (recFNToRawFN_1_93) 2.66e-03 9.35e-04    0.234 3.83e-03   0.0
      g_red_tree_0__g_add_3__reduce_add (VX_tcu_bhf_fadd_39) 5.14e-02 7.42e-02    7.599    0.133   0.2
        pipe_rnd (VX_pipe_register_4_78) 3.32e-03 1.30e-02    0.505 1.68e-02   0.0
          g_shift_register (VX_shift_register_38_0_1_0_78) 3.32e-03 1.30e-02    0.505 1.68e-02   0.0
        rounding (roundAnyRawFNToRecFN_1_44) 7.56e-03 3.85e-03    1.245 1.27e-02   0.0
          genblk2_genblk1_lowMask_roundMask (lowMaskLoHi_44) 2.46e-04 1.51e-04    0.303 7.00e-04   0.0
            reverse (reverse_2_44)     1.37e-05 5.42e-06    0.153 1.72e-04   0.0
        pipe_add (VX_pipe_register_5_44) 9.56e-03 3.22e-02    1.268 4.30e-02   0.1
          g_shift_register (VX_shift_register_45_0_2_0_44) 9.56e-03 3.22e-02    1.268 4.30e-02   0.1
        adder (addRecFNToRaw_44)       3.10e-02 2.52e-02    4.581 6.07e-02   0.1
          lowMask_far_roundExtraMask (lowMaskHiLo_44) 1.22e-04 2.25e-04 6.92e-02 4.16e-04   0.0
            reverse (reverse_1_44)     5.54e-05 1.09e-04 3.99e-02 2.04e-04   0.0
          compressBy4_far_sigSmaller (compressBy4_44) 4.02e-05 2.46e-04 4.07e-02 3.27e-04   0.0
          countLeadingZeros_close (countLeadingZeros_44) 5.48e-04 4.99e-04    0.156 1.20e-03   0.0
            reverse_in (reverse_46)    2.88e-04 3.03e-04 8.27e-02 6.74e-04   0.0
          compressBy2_close_sigSum (compressBy2_44) 1.62e-04 3.28e-04 6.15e-02 5.51e-04   0.0
          isSigNaN_b (isSigNaNRecFN_1_88) 1.02e-05 1.12e-05 4.87e-03 2.62e-05   0.0
          recFNToRawFN_b (recFNToRawFN_1_94) 2.33e-03 7.51e-04    0.221 3.30e-03   0.0
          isSigNaN_a (isSigNaNRecFN_1_89) 6.66e-06 1.14e-05 4.87e-03 2.29e-05   0.0
          recFNToRawFN_a (recFNToRawFN_1_95) 1.59e-03 7.53e-04    0.221 2.56e-03   0.0
      g_red_tree_0__g_add_2__reduce_add (VX_tcu_bhf_fadd_40) 6.25e-02 7.47e-02    7.651    0.145   0.2
        pipe_rnd (VX_pipe_register_4_79) 5.88e-03 1.30e-02    0.505 1.94e-02   0.0
          g_shift_register (VX_shift_register_38_0_1_0_79) 5.88e-03 1.30e-02    0.505 1.94e-02   0.0
        rounding (roundAnyRawFNToRecFN_1_45) 1.04e-02 4.02e-03    1.280 1.57e-02   0.0
          genblk2_genblk1_lowMask_roundMask (lowMaskLoHi_45) 2.53e-04 1.52e-04    0.303 7.08e-04   0.0
            reverse (reverse_2_45)     1.31e-05 5.41e-06    0.153 1.72e-04   0.0
        pipe_add (VX_pipe_register_5_45) 1.41e-02 3.23e-02    1.268 4.77e-02   0.1
          g_shift_register (VX_shift_register_45_0_2_0_45) 1.41e-02 3.23e-02    1.268 4.77e-02   0.1
        adder (addRecFNToRaw_45)       3.21e-02 2.54e-02    4.590 6.20e-02   0.1
          lowMask_far_roundExtraMask (lowMaskHiLo_45) 1.05e-04 2.24e-04 6.92e-02 3.98e-04   0.0
            reverse (reverse_1_45)     4.94e-05 1.08e-04 3.98e-02 1.97e-04   0.0
          compressBy4_far_sigSmaller (compressBy4_45) 4.34e-05 2.46e-04 4.07e-02 3.30e-04   0.0
          countLeadingZeros_close (countLeadingZeros_45) 5.49e-04 5.05e-04    0.156 1.21e-03   0.0
            reverse_in (reverse_47)    2.85e-04 3.06e-04 8.26e-02 6.73e-04   0.0
          compressBy2_close_sigSum (compressBy2_45) 1.57e-04 3.30e-04 6.15e-02 5.49e-04   0.0
          isSigNaN_b (isSigNaNRecFN_1_90) 7.68e-06 1.09e-05 4.88e-03 2.35e-05   0.0
          recFNToRawFN_b (recFNToRawFN_1_96) 2.20e-03 7.56e-04    0.221 3.17e-03   0.0
          isSigNaN_a (isSigNaNRecFN_1_91) 6.70e-06 1.09e-05 4.86e-03 2.24e-05   0.0
          recFNToRawFN_a (recFNToRawFN_1_97) 1.79e-03 7.53e-04    0.221 2.77e-03   0.0
      g_red_tree_0__g_add_1__reduce_add (VX_tcu_bhf_fadd_41) 6.92e-02 7.48e-02    7.728    0.152   0.2
        pipe_rnd (VX_pipe_register_4_80) 8.25e-03 1.31e-02    0.505 2.18e-02   0.0
          g_shift_register (VX_shift_register_38_0_1_0_80) 8.25e-03 1.31e-02    0.505 2.18e-02   0.0
        rounding (roundAnyRawFNToRecFN_1_46) 1.53e-02 4.16e-03    1.363 2.08e-02   0.0
          genblk2_genblk1_lowMask_roundMask (lowMaskLoHi_46) 2.48e-04 1.53e-04    0.303 7.04e-04   0.0
            reverse (reverse_2_46)     1.37e-05 5.42e-06    0.153 1.73e-04   0.0
        pipe_add (VX_pipe_register_5_46) 1.38e-02 3.23e-02    1.268 4.73e-02   0.1
          g_shift_register (VX_shift_register_45_0_2_0_46) 1.38e-02 3.23e-02    1.268 4.73e-02   0.1
        adder (addRecFNToRaw_46)       3.19e-02 2.53e-02    4.585 6.18e-02   0.1
          lowMask_far_roundExtraMask (lowMaskHiLo_46) 1.18e-04 2.25e-04 6.92e-02 4.12e-04   0.0
            reverse (reverse_1_46)     5.30e-05 1.09e-04 3.98e-02 2.02e-04   0.0
          compressBy4_far_sigSmaller (compressBy4_46) 4.53e-05 2.45e-04 4.07e-02 3.31e-04   0.0
          countLeadingZeros_close (countLeadingZeros_46) 5.51e-04 5.02e-04    0.156 1.21e-03   0.0
            reverse_in (reverse_48)    2.86e-04 3.04e-04 8.26e-02 6.73e-04   0.0
          compressBy2_close_sigSum (compressBy2_46) 1.68e-04 3.29e-04 6.14e-02 5.58e-04   0.0
          isSigNaN_b (isSigNaNRecFN_1_92) 5.83e-06 1.11e-05 4.87e-03 2.18e-05   0.0
          recFNToRawFN_b (recFNToRawFN_1_98) 1.98e-03 7.54e-04    0.221 2.95e-03   0.0
          isSigNaN_a (isSigNaNRecFN_1_93) 6.12e-06 1.11e-05 4.85e-03 2.21e-05   0.0
          recFNToRawFN_a (recFNToRawFN_1_99) 2.03e-03 7.59e-04    0.221 3.01e-03   0.0
      g_red_tree_0__g_add_0__reduce_add (VX_tcu_bhf_fadd_42) 5.81e-02 7.45e-02    7.641    0.140   0.2
        pipe_rnd (VX_pipe_register_4_81) 5.32e-03 1.31e-02    0.506 1.89e-02   0.0
          g_shift_register (VX_shift_register_38_0_1_0_81) 5.32e-03 1.31e-02    0.506 1.89e-02   0.0
        rounding (roundAnyRawFNToRecFN_1_47) 1.31e-02 4.01e-03    1.282 1.84e-02   0.0
          genblk2_genblk1_lowMask_roundMask (lowMaskLoHi_47) 2.48e-04 1.51e-04    0.303 7.03e-04   0.0
            reverse (reverse_2_47)     1.30e-05 5.42e-06    0.153 1.72e-04   0.0
        pipe_add (VX_pipe_register_5_47) 8.53e-03 3.22e-02    1.268 4.20e-02   0.1
          g_shift_register (VX_shift_register_45_0_2_0_47) 8.53e-03 3.22e-02    1.268 4.20e-02   0.1
        adder (addRecFNToRaw_47)       3.12e-02 2.52e-02    4.578 6.10e-02   0.1
          lowMask_far_roundExtraMask (lowMaskHiLo_47) 1.19e-04 2.26e-04 6.92e-02 4.14e-04   0.0
            reverse (reverse_1_47)     5.06e-05 1.09e-04 3.98e-02 2.00e-04   0.0
          compressBy4_far_sigSmaller (compressBy4_47) 4.30e-05 2.45e-04 4.07e-02 3.29e-04   0.0
          countLeadingZeros_close (countLeadingZeros_47) 5.51e-04 5.01e-04    0.157 1.21e-03   0.0
            reverse_in (reverse_49)    2.91e-04 3.03e-04 8.27e-02 6.77e-04   0.0
          compressBy2_close_sigSum (compressBy2_47) 1.60e-04 3.28e-04 6.15e-02 5.49e-04   0.0
          isSigNaN_b (isSigNaNRecFN_1_94) 6.54e-06 1.10e-05 4.83e-03 2.24e-05   0.0
          recFNToRawFN_b (recFNToRawFN_1_100) 2.48e-03 7.53e-04    0.221 3.45e-03   0.0
          isSigNaN_a (isSigNaNRecFN_1_95) 6.12e-06 1.12e-05 4.88e-03 2.22e-05   0.0
          recFNToRawFN_a (recFNToRawFN_1_101) 1.67e-03 7.51e-04    0.221 2.64e-03   0.0
      g_prod_7__pipe_mult (VX_pipe_register_1_40) 3.08e-03 1.16e-02    0.477 1.51e-02   0.0
        g_shift_register (VX_shift_register_33_0_1_0_40) 3.08e-03 1.16e-02    0.477 1.51e-02   0.0
      g_prod_7__fp16_mul (VX_tcu_bhf_fmul_40) 2.44e-02 4.91e-02    5.426 7.89e-02   0.1
        pipe_rnd (VX_pipe_register_4_82) 3.31e-03 1.16e-02    0.477 1.54e-02   0.0
          g_shift_register (VX_shift_register_38_0_1_0_82) 3.31e-03 1.16e-02    0.477 1.54e-02   0.0
        rounding (roundAnyRawFNToRecFN_41) 1.73e-03 1.11e-03    0.272 3.11e-03   0.0
        pipe_add (VX_pipe_register_3_40) 5.80e-03 2.46e-02    1.028 3.14e-02   0.0
          g_shift_register (VX_shift_register_37_0_2_0_40) 5.80e-03 2.46e-02    1.028 3.14e-02   0.0
        multiplier (mulRecFNToFullRaw_40) 1.18e-02 1.08e-02    3.023 2.57e-02   0.0
          isSigNaN_b (isSigNaNRecFN_81) 4.89e-06 8.83e-06 4.66e-03 1.84e-05   0.0
          recFNToRawFN_b (recFNToRawFN_81) 6.90e-04 2.22e-04    0.129 1.04e-03   0.0
          isSigNaN_a (isSigNaNRecFN_82) 6.53e-06 8.26e-06 4.71e-03 1.95e-05   0.0
          recFNToRawFN_a (recFNToRawFN_82) 7.65e-04 1.79e-04    0.129 1.07e-03   0.0
        g_in_ieee_from_ieee_b (fNToRecFN_1_80) 6.64e-04 5.30e-04    0.312 1.51e-03   0.0
          clz (bsg_counting_leading_zeros_1_80) 1.23e-04 9.23e-05 6.85e-02 2.84e-04   0.0
            lzc (VX_lzc_1_80)          1.23e-04 9.23e-05 6.85e-02 2.84e-04   0.0
              g_lzc_find_first (VX_find_first_10_4_1_80) 5.71e-05 7.26e-05 5.56e-02 1.85e-04   0.0
        g_in_ieee_from_ieee_a (fNToRecFN_1_81) 1.13e-03 3.99e-04    0.313 1.84e-03   0.0
          clz (bsg_counting_leading_zeros_1_81) 9.21e-05 6.77e-05 6.83e-02 2.28e-04   0.0
            lzc (VX_lzc_1_81)          9.21e-05 6.77e-05 6.83e-02 2.28e-04   0.0
              g_lzc_find_first (VX_find_first_10_4_1_81) 4.16e-05 5.27e-05 5.55e-02 1.50e-04   0.0
      g_prod_6__pipe_mult (VX_pipe_register_1_41) 2.43e-03 1.16e-02    0.477 1.45e-02   0.0
        g_shift_register (VX_shift_register_33_0_1_0_41) 2.43e-03 1.16e-02    0.477 1.45e-02   0.0
      g_prod_6__fp16_mul (VX_tcu_bhf_fmul_41) 1.98e-02 4.90e-02    5.427 7.42e-02   0.1
        pipe_rnd (VX_pipe_register_4_83) 2.03e-03 1.16e-02    0.477 1.41e-02   0.0
          g_shift_register (VX_shift_register_38_0_1_0_83) 2.03e-03 1.16e-02    0.477 1.41e-02   0.0
        rounding (roundAnyRawFNToRecFN_42) 1.06e-03 1.11e-03    0.271 2.44e-03   0.0
        pipe_add (VX_pipe_register_3_41) 4.42e-03 2.46e-02    1.028 3.01e-02   0.0
          g_shift_register (VX_shift_register_37_0_2_0_41) 4.42e-03 2.46e-02    1.028 3.01e-02   0.0
        multiplier (mulRecFNToFullRaw_41) 1.09e-02 1.08e-02    3.023 2.48e-02   0.0
          isSigNaN_b (isSigNaNRecFN_83) 7.05e-06 9.01e-06 4.66e-03 2.07e-05   0.0
          recFNToRawFN_b (recFNToRawFN_83) 6.91e-04 2.23e-04    0.129 1.04e-03   0.0
          isSigNaN_a (isSigNaNRecFN_84) 4.86e-06 6.91e-06 4.67e-03 1.64e-05   0.0
          recFNToRawFN_a (recFNToRawFN_84) 4.17e-04 1.67e-04    0.129 7.13e-04   0.0
        g_in_ieee_from_ieee_b (fNToRecFN_1_82) 6.82e-04 5.29e-04    0.313 1.52e-03   0.0
          clz (bsg_counting_leading_zeros_1_82) 1.20e-04 9.03e-05 6.84e-02 2.79e-04   0.0
            lzc (VX_lzc_1_82)          8.47e-05 7.94e-05 6.19e-02 2.26e-04   0.0
              g_lzc_find_first (VX_find_first_10_4_1_82) 5.53e-05 7.11e-05 5.56e-02 1.82e-04   0.0
        g_in_ieee_from_ieee_a (fNToRecFN_1_83) 6.28e-04 4.02e-04    0.313 1.34e-03   0.0
          clz (bsg_counting_leading_zeros_1_83) 9.56e-05 6.94e-05 6.84e-02 2.33e-04   0.0
            lzc (VX_lzc_1_83)          9.56e-05 6.94e-05 6.84e-02 2.33e-04   0.0
              g_lzc_find_first (VX_find_first_10_4_1_83) 4.22e-05 5.39e-05 5.56e-02 1.52e-04   0.0
      g_prod_5__pipe_mult (VX_pipe_register_1_42) 3.42e-03 1.16e-02    0.477 1.55e-02   0.0
        g_shift_register (VX_shift_register_33_0_1_0_42) 3.42e-03 1.16e-02    0.477 1.55e-02   0.0
      g_prod_5__fp16_mul (VX_tcu_bhf_fmul_42) 2.38e-02 4.90e-02    5.418 7.82e-02   0.1
        pipe_rnd (VX_pipe_register_4_84) 3.03e-03 1.16e-02    0.477 1.51e-02   0.0
          g_shift_register (VX_shift_register_38_0_1_0_84) 3.03e-03 1.16e-02    0.477 1.51e-02   0.0
        rounding (roundAnyRawFNToRecFN_43) 1.90e-03 1.11e-03    0.274 3.28e-03   0.0
        pipe_add (VX_pipe_register_3_42) 5.41e-03 2.46e-02    1.028 3.11e-02   0.0
          g_shift_register (VX_shift_register_37_0_2_0_42) 5.41e-03 2.46e-02    1.028 3.11e-02   0.0
        multiplier (mulRecFNToFullRaw_42) 1.15e-02 1.08e-02    3.008 2.53e-02   0.0
          isSigNaN_b (isSigNaNRecFN_85) 4.33e-06 8.87e-06 4.70e-03 1.79e-05   0.0
          recFNToRawFN_b (recFNToRawFN_85) 6.78e-04 2.23e-04    0.129 1.03e-03   0.0
          isSigNaN_a (isSigNaNRecFN_86) 5.47e-06 8.00e-06 4.69e-03 1.82e-05   0.0
          recFNToRawFN_a (recFNToRawFN_86) 8.90e-04 1.83e-04    0.129 1.20e-03   0.0
        g_in_ieee_from_ieee_b (fNToRecFN_1_84) 6.52e-04 5.31e-04    0.313 1.50e-03   0.0
          clz (bsg_counting_leading_zeros_1_84) 1.19e-04 9.13e-05 6.83e-02 2.79e-04   0.0
            lzc (VX_lzc_1_84)          8.23e-05 8.03e-05 6.18e-02 2.24e-04   0.0
              g_lzc_find_first (VX_find_first_10_4_1_84) 5.42e-05 7.21e-05 5.55e-02 1.82e-04   0.0
        g_in_ieee_from_ieee_a (fNToRecFN_1_85) 1.33e-03 4.10e-04    0.318 2.06e-03   0.0
          clz (bsg_counting_leading_zeros_1_85) 9.14e-05 6.80e-05 6.84e-02 2.28e-04   0.0
            lzc (VX_lzc_1_85)          9.14e-05 6.80e-05 6.84e-02 2.28e-04   0.0
              g_lzc_find_first (VX_find_first_10_4_1_85) 4.01e-05 5.27e-05 5.55e-02 1.48e-04   0.0
      g_prod_4__pipe_mult (VX_pipe_register_1_43) 3.62e-03 1.16e-02    0.477 1.57e-02   0.0
        g_shift_register (VX_shift_register_33_0_1_0_43) 3.62e-03 1.16e-02    0.477 1.57e-02   0.0
      g_prod_4__fp16_mul (VX_tcu_bhf_fmul_43) 2.52e-02 4.91e-02    5.414 7.97e-02   0.1
        pipe_rnd (VX_pipe_register_4_85) 5.75e-03 1.16e-02    0.477 1.78e-02   0.0
          g_shift_register (VX_shift_register_38_0_1_0_85) 5.75e-03 1.16e-02    0.477 1.78e-02   0.0
        rounding (roundAnyRawFNToRecFN_44) 2.62e-03 1.12e-03    0.273 4.01e-03   0.0
        pipe_add (VX_pipe_register_3_43) 4.44e-03 2.46e-02    1.028 3.01e-02   0.0
          g_shift_register (VX_shift_register_37_0_2_0_43) 4.44e-03 2.46e-02    1.028 3.01e-02   0.0
        multiplier (mulRecFNToFullRaw_43) 1.11e-02 1.08e-02    3.008 2.49e-02   0.0
          isSigNaN_b (isSigNaNRecFN_87) 4.84e-06 9.02e-06 4.68e-03 1.85e-05   0.0
          recFNToRawFN_b (recFNToRawFN_87) 7.30e-04 2.24e-04    0.129 1.08e-03   0.0
          isSigNaN_a (isSigNaNRecFN_88) 4.14e-06 7.28e-06 4.71e-03 1.61e-05   0.0
          recFNToRawFN_a (recFNToRawFN_88) 3.61e-04 1.67e-04    0.129 6.57e-04   0.0
        g_in_ieee_from_ieee_b (fNToRecFN_1_86) 6.77e-04 5.32e-04    0.313 1.52e-03   0.0
          clz (bsg_counting_leading_zeros_1_86) 1.25e-04 9.15e-05 6.83e-02 2.85e-04   0.0
            lzc (VX_lzc_1_86)          1.25e-04 9.15e-05 6.83e-02 2.85e-04   0.0
              g_lzc_find_first (VX_find_first_10_4_1_86) 5.68e-05 7.21e-05 5.54e-02 1.84e-04   0.0
        g_in_ieee_from_ieee_a (fNToRecFN_1_87) 6.01e-04 4.00e-04    0.313 1.31e-03   0.0
          clz (bsg_counting_leading_zeros_1_87) 9.40e-05 6.83e-05 6.83e-02 2.31e-04   0.0
            lzc (VX_lzc_1_87)          9.40e-05 6.83e-05 6.83e-02 2.31e-04   0.0
              g_lzc_find_first (VX_find_first_10_4_1_87) 4.07e-05 5.30e-05 5.55e-02 1.49e-04   0.0
      g_prod_3__pipe_mult (VX_pipe_register_1_44) 2.25e-03 1.16e-02    0.477 1.43e-02   0.0
        g_shift_register (VX_shift_register_33_0_1_0_44) 2.25e-03 1.16e-02    0.477 1.43e-02   0.0
      g_prod_3__fp16_mul (VX_tcu_bhf_fmul_44) 2.07e-02 4.90e-02    5.426 7.51e-02   0.1
        pipe_rnd (VX_pipe_register_4_86) 2.04e-03 1.15e-02    0.477 1.41e-02   0.0
          g_shift_register (VX_shift_register_38_0_1_0_86) 2.04e-03 1.15e-02    0.477 1.41e-02   0.0
        rounding (roundAnyRawFNToRecFN_45) 1.34e-03 1.10e-03    0.272 2.71e-03   0.0
        pipe_add (VX_pipe_register_3_44) 4.29e-03 2.46e-02    1.028 2.99e-02   0.0
          g_shift_register (VX_shift_register_37_0_2_0_44) 4.29e-03 2.46e-02    1.028 2.99e-02   0.0
        multiplier (mulRecFNToFullRaw_44) 1.14e-02 1.08e-02    3.022 2.52e-02   0.0
          isSigNaN_b (isSigNaNRecFN_89) 7.18e-06 9.64e-06 4.66e-03 2.15e-05   0.0
          recFNToRawFN_b (recFNToRawFN_89) 1.27e-03 2.26e-04    0.129 1.62e-03   0.0
          isSigNaN_a (isSigNaNRecFN_90) 4.47e-06 7.28e-06 4.64e-03 1.64e-05   0.0
          recFNToRawFN_a (recFNToRawFN_90) 4.12e-04 1.70e-04    0.129 7.11e-04   0.0
        g_in_ieee_from_ieee_b (fNToRecFN_1_88) 8.58e-04 5.26e-04    0.313 1.70e-03   0.0
          clz (bsg_counting_leading_zeros_1_88) 1.21e-04 9.11e-05 6.83e-02 2.80e-04   0.0
            lzc (VX_lzc_1_88)          1.21e-04 9.11e-05 6.83e-02 2.80e-04   0.0
              g_lzc_find_first (VX_find_first_10_4_1_88) 5.35e-05 7.16e-05 5.54e-02 1.80e-04   0.0
        g_in_ieee_from_ieee_a (fNToRecFN_1_89) 8.01e-04 3.98e-04    0.314 1.51e-03   0.0
          clz (bsg_counting_leading_zeros_1_89) 8.88e-05 6.69e-05 6.83e-02 2.24e-04   0.0
            lzc (VX_lzc_1_89)          8.88e-05 6.69e-05 6.83e-02 2.24e-04   0.0
              g_lzc_find_first (VX_find_first_10_4_1_89) 3.89e-05 5.23e-05 5.54e-02 1.47e-04   0.0
      g_prod_2__pipe_mult (VX_pipe_register_1_45) 2.23e-03 1.16e-02    0.477 1.43e-02   0.0
        g_shift_register (VX_shift_register_33_0_1_0_45) 2.23e-03 1.16e-02    0.477 1.43e-02   0.0
      g_prod_2__fp16_mul (VX_tcu_bhf_fmul_45) 2.20e-02 4.90e-02    5.428 7.64e-02   0.1
        pipe_rnd (VX_pipe_register_4_87) 2.60e-03 1.16e-02    0.477 1.46e-02   0.0
          g_shift_register (VX_shift_register_38_0_1_0_87) 2.60e-03 1.16e-02    0.477 1.46e-02   0.0
        rounding (roundAnyRawFNToRecFN_46) 1.17e-03 1.10e-03    0.272 2.54e-03   0.0
        pipe_add (VX_pipe_register_3_45) 4.60e-03 2.46e-02    1.029 3.02e-02   0.0
          g_shift_register (VX_shift_register_37_0_2_0_45) 4.60e-03 2.46e-02    1.029 3.02e-02   0.0
        multiplier (mulRecFNToFullRaw_45) 1.22e-02 1.08e-02    3.024 2.60e-02   0.0
          isSigNaN_b (isSigNaNRecFN_91) 5.69e-06 9.24e-06 4.68e-03 1.96e-05   0.0
          recFNToRawFN_b (recFNToRawFN_91) 1.10e-03 2.23e-04    0.129 1.45e-03   0.0
          isSigNaN_a (isSigNaNRecFN_92) 3.96e-06 7.01e-06 4.68e-03 1.56e-05   0.0
          recFNToRawFN_a (recFNToRawFN_92) 3.86e-04 1.67e-04    0.129 6.82e-04   0.0
        g_in_ieee_from_ieee_b (fNToRecFN_1_90) 7.71e-04 5.25e-04    0.313 1.61e-03   0.0
          clz (bsg_counting_leading_zeros_1_90) 1.20e-04 9.04e-05 6.83e-02 2.79e-04   0.0
            lzc (VX_lzc_1_90)          1.20e-04 9.04e-05 6.83e-02 2.79e-04   0.0
              g_lzc_find_first (VX_find_first_10_4_1_90) 5.25e-05 7.11e-05 5.55e-02 1.79e-04   0.0
        g_in_ieee_from_ieee_a (fNToRecFN_1_91) 6.53e-04 4.00e-04    0.313 1.37e-03   0.0
          clz (bsg_counting_leading_zeros_1_91) 9.24e-05 6.81e-05 6.82e-02 2.29e-04   0.0
            lzc (VX_lzc_1_91)          9.24e-05 6.81e-05 6.82e-02 2.29e-04   0.0
              g_lzc_find_first (VX_find_first_10_4_1_91) 3.91e-05 5.26e-05 5.53e-02 1.47e-04   0.0
      g_prod_1__pipe_mult (VX_pipe_register_1_46) 3.21e-03 1.16e-02    0.477 1.53e-02   0.0
        g_shift_register (VX_shift_register_33_0_1_0_46) 3.21e-03 1.16e-02    0.477 1.53e-02   0.0
      g_prod_1__fp16_mul (VX_tcu_bhf_fmul_46) 2.17e-02 4.89e-02    5.412 7.60e-02   0.1
        pipe_rnd (VX_pipe_register_4_88) 3.36e-03 1.16e-02    0.477 1.54e-02   0.0
          g_shift_register (VX_shift_register_38_0_1_0_88) 3.36e-03 1.16e-02    0.477 1.54e-02   0.0
        rounding (roundAnyRawFNToRecFN_47) 1.24e-03 1.11e-03    0.272 2.62e-03   0.0
        pipe_add (VX_pipe_register_3_46) 4.38e-03 2.46e-02    1.028 3.00e-02   0.0
          g_shift_register (VX_shift_register_37_0_2_0_46) 4.38e-03 2.46e-02    1.028 3.00e-02   0.0
        multiplier (mulRecFNToFullRaw_46) 1.13e-02 1.07e-02    3.008 2.51e-02   0.0
          isSigNaN_b (isSigNaNRecFN_93) 4.76e-06 8.89e-06 4.64e-03 1.83e-05   0.0
          recFNToRawFN_b (recFNToRawFN_93) 9.45e-04 2.22e-04    0.129 1.30e-03   0.0
          isSigNaN_a (isSigNaNRecFN_94) 4.64e-06 7.06e-06 4.71e-03 1.64e-05   0.0
          recFNToRawFN_a (recFNToRawFN_94) 3.50e-04 1.65e-04    0.129 6.45e-04   0.0
        g_in_ieee_from_ieee_b (fNToRecFN_1_92) 7.41e-04 5.25e-04    0.314 1.58e-03   0.0
          clz (bsg_counting_leading_zeros_1_92) 1.23e-04 9.03e-05 6.83e-02 2.82e-04   0.0
            lzc (VX_lzc_1_92)          1.23e-04 9.03e-05 6.83e-02 2.82e-04   0.0
              g_lzc_find_first (VX_find_first_10_4_1_92) 5.66e-05 7.12e-05 5.55e-02 1.83e-04   0.0
        g_in_ieee_from_ieee_a (fNToRecFN_1_93) 5.91e-04 3.97e-04    0.313 1.30e-03   0.0
          clz (bsg_counting_leading_zeros_1_93) 9.45e-05 6.88e-05 6.85e-02 2.32e-04   0.0
            lzc (VX_lzc_1_93)          9.45e-05 6.88e-05 6.85e-02 2.32e-04   0.0
              g_lzc_find_first (VX_find_first_10_4_1_93) 4.16e-05 5.35e-05 5.57e-02 1.51e-04   0.0
      g_prod_0__pipe_mult (VX_pipe_register_1_47) 2.46e-03 1.16e-02    0.477 1.45e-02   0.0
        g_shift_register (VX_shift_register_33_0_1_0_47) 2.46e-03 1.16e-02    0.477 1.45e-02   0.0
      g_prod_0__fp16_mul (VX_tcu_bhf_fmul_47) 2.07e-02 4.90e-02    5.426 7.51e-02   0.1
        pipe_rnd (VX_pipe_register_4_89) 2.11e-03 1.16e-02    0.477 1.41e-02   0.0
          g_shift_register (VX_shift_register_38_0_1_0_89) 2.11e-03 1.16e-02    0.477 1.41e-02   0.0
        rounding (roundAnyRawFNToRecFN_48) 1.23e-03 1.11e-03    0.273 2.61e-03   0.0
        pipe_add (VX_pipe_register_3_47) 5.09e-03 2.46e-02    1.028 3.07e-02   0.0
          g_shift_register (VX_shift_register_37_0_2_0_47) 5.09e-03 2.46e-02    1.028 3.07e-02   0.0
        multiplier (mulRecFNToFullRaw_47) 1.10e-02 1.08e-02    3.022 2.48e-02   0.0
          isSigNaN_b (isSigNaNRecFN_95) 9.52e-06 9.31e-06 4.72e-03 2.36e-05   0.0
          recFNToRawFN_b (recFNToRawFN_95) 8.64e-04 2.25e-04    0.129 1.22e-03   0.0
          isSigNaN_a (isSigNaNRecFN_96) 3.52e-06 7.01e-06 4.68e-03 1.52e-05   0.0
          recFNToRawFN_a (recFNToRawFN_96) 3.20e-04 1.66e-04    0.129 6.14e-04   0.0
        g_in_ieee_from_ieee_b (fNToRecFN_1_94) 7.77e-04 5.28e-04    0.313 1.62e-03   0.0
          clz (bsg_counting_leading_zeros_1_94) 1.18e-04 8.98e-05 6.83e-02 2.76e-04   0.0
            lzc (VX_lzc_1_94)          1.18e-04 8.98e-05 6.83e-02 2.76e-04   0.0
              g_lzc_find_first (VX_find_first_10_4_1_94) 5.29e-05 7.05e-05 5.55e-02 1.79e-04   0.0
        g_in_ieee_from_ieee_a (fNToRecFN_1_95) 5.28e-04 3.98e-04    0.313 1.24e-03   0.0
          clz (bsg_counting_leading_zeros_1_95) 9.11e-05 6.80e-05 6.84e-02 2.28e-04   0.0
            lzc (VX_lzc_1_95)          9.11e-05 6.80e-05 6.84e-02 2.28e-04   0.0
              g_lzc_find_first (VX_find_first_10_4_1_95) 4.01e-05 5.27e-05 5.55e-02 1.48e-04   0.0
    g_i_6__g_j_2__genblk1_u_buffer_ex (VX_pipe_register_11) 1.72e-02 9.44e-02    4.324    0.116   0.2
      g_shift_register (VX_shift_register_582_0_1_0_5) 1.72e-02 9.44e-02    4.324    0.116   0.2
    g_i_6__g_j_1__fedp (VX_tcu_fedp_bhf_6)    0.664    1.219  116.782    1.999   2.8
      final_add (VX_tcu_bhf_fadd_1_6)  4.36e-02 6.73e-02    8.512    0.119   0.2
        pipe_rnd (VX_pipe_register_6_6) 2.70e-03 1.16e-02    0.491 1.47e-02   0.0
          g_shift_register (VX_shift_register_37_0_1_0_6) 2.70e-03 1.16e-02    0.491 1.47e-02   0.0
        g_out_ieee_to_ieee (recFNToFN_6) 4.99e-03 2.92e-03    0.789 8.70e-03   0.0
          recFNToRawFN (recFNToRawFN_1_102) 1.40e-03 7.31e-04    0.232 2.36e-03   0.0
        rounding (roundAnyRawFNToRecFN_1_48) 4.69e-03 2.98e-03    1.204 8.87e-03   0.0
          genblk2_genblk1_lowMask_roundMask (lowMaskLoHi_48) 2.41e-04 1.39e-04    0.302 6.82e-04   0.0
            reverse (reverse_2_48)     6.01e-06 2.28e-06    0.154 1.62e-04   0.0
        pipe_add (VX_pipe_register_5_48) 6.22e-03 3.05e-02    1.265 3.80e-02   0.1
          g_shift_register (VX_shift_register_45_0_2_0_48) 6.22e-03 3.05e-02    1.265 3.80e-02   0.1
        adder (addRecFNToRaw_48)       2.50e-02 1.93e-02    4.764 4.91e-02   0.1
          lowMask_far_roundExtraMask (lowMaskHiLo_48) 4.51e-05 8.28e-05 8.05e-02 2.08e-04   0.0
            reverse (reverse_1_48)     1.94e-05 3.88e-05 5.03e-02 1.08e-04   0.0
          compressBy4_far_sigSmaller (compressBy4_48) 5.00e-05 1.87e-04 4.51e-02 2.82e-04   0.0
          countLeadingZeros_close (countLeadingZeros_48) 5.40e-04 4.61e-04    0.163 1.16e-03   0.0
            reverse_in (reverse_50)    2.63e-04 3.15e-04 9.01e-02 6.68e-04   0.0
          compressBy2_close_sigSum (compressBy2_48) 1.63e-04 3.40e-04 6.60e-02 5.70e-04   0.0
          isSigNaN_b (isSigNaNRecFN_1_96) 2.91e-06 5.07e-06 4.53e-03 1.25e-05   0.0
          recFNToRawFN_b (recFNToRawFN_1_103) 6.81e-04 2.74e-04    0.236 1.19e-03   0.0
          isSigNaN_a (isSigNaNRecFN_1_97) 1.01e-05 1.29e-05 4.74e-03 2.77e-05   0.0
          recFNToRawFN_a (recFNToRawFN_1_104) 1.13e-03 8.10e-04    0.232 2.18e-03   0.0
      pipe_c (VX_pipe_register_2_6)    2.09e-02    0.139    6.434    0.166   0.2
        g_shift_register (VX_shift_register_33_0_13_0_6) 2.09e-02    0.139    6.434    0.166   0.2
      conv_c (fNToRecFN_7)             2.12e-03 9.35e-04    0.776 3.83e-03   0.0
        clz (bsg_counting_leading_zeros_7) 1.08e-04 1.10e-04    0.119 3.37e-04   0.0
          lzc (VX_lzc_7)               1.08e-04 1.10e-04    0.119 3.37e-04   0.0
            g_lzc_find_first (VX_find_first_23_5_1_6) 9.56e-05 1.07e-04    0.107 3.09e-04   0.0
      g_red_tree_2__g_add_0__reduce_add (VX_tcu_bhf_fadd_43) 5.30e-02 7.60e-02    7.750    0.137   0.2
        pipe_rnd (VX_pipe_register_4_90) 2.74e-03 1.26e-02    0.504 1.58e-02   0.0
          g_shift_register (VX_shift_register_38_0_1_0_90) 2.74e-03 1.26e-02    0.504 1.58e-02   0.0
        rounding (roundAnyRawFNToRecFN_1_49) 6.51e-03 3.68e-03    1.207 1.14e-02   0.0
          genblk2_genblk1_lowMask_roundMask (lowMaskLoHi_49) 2.59e-04 1.44e-04    0.302 7.04e-04   0.0
            reverse (reverse_2_49)     1.44e-05 5.43e-06    0.154 1.73e-04   0.0
        pipe_add (VX_pipe_register_5_49) 7.06e-03 3.16e-02    1.265 3.99e-02   0.1
          g_shift_register (VX_shift_register_45_0_2_0_49) 7.06e-03 3.16e-02    1.265 3.99e-02   0.1
        adder (addRecFNToRaw_49)       3.66e-02 2.81e-02    4.774 6.95e-02   0.1
          lowMask_far_roundExtraMask (lowMaskHiLo_49) 1.70e-04 2.99e-04 8.09e-02 5.50e-04   0.0
            reverse (reverse_1_49)     7.19e-05 1.46e-04 4.72e-02 2.65e-04   0.0
          compressBy4_far_sigSmaller (compressBy4_49) 7.46e-05 3.67e-04 4.79e-02 4.89e-04   0.0
          countLeadingZeros_close (countLeadingZeros_49) 5.86e-04 5.33e-04    0.163 1.28e-03   0.0
            reverse_in (reverse_51)    3.07e-04 3.69e-04 8.96e-02 7.66e-04   0.0
          compressBy2_close_sigSum (compressBy2_49) 2.14e-04 4.00e-04 6.61e-02 6.80e-04   0.0
          isSigNaN_b (isSigNaNRecFN_1_98) 6.10e-06 8.51e-06 4.18e-03 1.88e-05   0.0
          recFNToRawFN_b (recFNToRawFN_1_105) 2.40e-03 8.99e-04    0.233 3.54e-03   0.0
          isSigNaN_a (isSigNaNRecFN_1_99) 4.26e-06 8.26e-06 4.16e-03 1.67e-05   0.0
          recFNToRawFN_a (recFNToRawFN_1_106) 1.22e-03 8.97e-04    0.233 2.35e-03   0.0
      g_red_tree_1__g_add_1__reduce_add (VX_tcu_bhf_fadd_44) 6.43e-02 7.68e-02    7.805    0.149   0.2
        pipe_rnd (VX_pipe_register_4_91) 3.46e-03 1.29e-02    0.505 1.69e-02   0.0
          g_shift_register (VX_shift_register_38_0_1_0_91) 3.46e-03 1.29e-02    0.505 1.69e-02   0.0
        rounding (roundAnyRawFNToRecFN_1_50) 8.61e-03 3.96e-03    1.254 1.38e-02   0.0
          genblk2_genblk1_lowMask_roundMask (lowMaskLoHi_50) 2.57e-04 1.51e-04    0.303 7.10e-04   0.0
            reverse (reverse_2_50)     1.40e-05 5.42e-06    0.153 1.73e-04   0.0
        pipe_add (VX_pipe_register_5_50) 1.35e-02 3.18e-02    1.265 4.66e-02   0.1
          g_shift_register (VX_shift_register_45_0_2_0_50) 1.35e-02 3.18e-02    1.265 4.66e-02   0.1
        adder (addRecFNToRaw_50)       3.87e-02 2.82e-02    4.781 7.17e-02   0.1
          lowMask_far_roundExtraMask (lowMaskHiLo_50) 1.57e-04 2.71e-04 8.07e-02 5.09e-04   0.0
            reverse (reverse_1_50)     7.81e-05 1.31e-04 4.69e-02 2.56e-04   0.0
          compressBy4_far_sigSmaller (compressBy4_50) 1.15e-04 3.42e-04 4.63e-02 5.03e-04   0.0
          countLeadingZeros_close (countLeadingZeros_50) 5.63e-04 5.20e-04    0.163 1.25e-03   0.0
            reverse_in (reverse_52)    2.92e-04 3.64e-04 8.98e-02 7.45e-04   0.0
          compressBy2_close_sigSum (compressBy2_50) 2.09e-04 3.93e-04 6.62e-02 6.69e-04   0.0
          isSigNaN_b (isSigNaNRecFN_1_100) 6.52e-06 9.31e-06 4.41e-03 2.02e-05   0.0
          recFNToRawFN_b (recFNToRawFN_1_107) 3.30e-03 9.55e-04    0.234 4.49e-03   0.0
          isSigNaN_a (isSigNaNRecFN_1_101) 5.01e-06 9.11e-06 4.35e-03 1.85e-05   0.0
          recFNToRawFN_a (recFNToRawFN_1_108) 2.44e-03 9.46e-04    0.234 3.62e-03   0.0
      g_red_tree_1__g_add_0__reduce_add (VX_tcu_bhf_fadd_45) 5.34e-02 7.66e-02    7.760    0.138   0.2
        pipe_rnd (VX_pipe_register_4_92) 2.65e-03 1.29e-02    0.505 1.60e-02   0.0
          g_shift_register (VX_shift_register_38_0_1_0_92) 2.65e-03 1.29e-02    0.505 1.60e-02   0.0
        rounding (roundAnyRawFNToRecFN_1_51) 6.14e-03 3.83e-03    1.215 1.12e-02   0.0
          genblk2_genblk1_lowMask_roundMask (lowMaskLoHi_51) 2.55e-04 1.50e-04    0.302 7.08e-04   0.0
            reverse (reverse_2_51)     1.32e-05 5.42e-06    0.153 1.72e-04   0.0
        pipe_add (VX_pipe_register_5_51) 8.38e-03 3.17e-02    1.265 4.14e-02   0.1
          g_shift_register (VX_shift_register_45_0_2_0_51) 8.38e-03 3.17e-02    1.265 4.14e-02   0.1
        adder (addRecFNToRaw_51)       3.62e-02 2.81e-02    4.775 6.91e-02   0.1
          lowMask_far_roundExtraMask (lowMaskHiLo_51) 1.42e-04 2.75e-04 8.07e-02 4.98e-04   0.0
            reverse (reverse_1_51)     6.43e-05 1.32e-04 4.69e-02 2.44e-04   0.0
          compressBy4_far_sigSmaller (compressBy4_51) 7.93e-05 3.43e-04 4.62e-02 4.69e-04   0.0
          countLeadingZeros_close (countLeadingZeros_51) 5.83e-04 5.22e-04    0.163 1.27e-03   0.0
            reverse_in (reverse_53)    3.07e-04 3.64e-04 8.98e-02 7.60e-04   0.0
          compressBy2_close_sigSum (compressBy2_51) 2.11e-04 3.94e-04 6.62e-02 6.71e-04   0.0
          isSigNaN_b (isSigNaNRecFN_1_102) 6.25e-06 9.18e-06 4.39e-03 1.98e-05   0.0
          recFNToRawFN_b (recFNToRawFN_1_109) 2.64e-03 9.28e-04    0.234 3.80e-03   0.0
          isSigNaN_a (isSigNaNRecFN_1_103) 6.82e-06 9.35e-06 4.38e-03 2.06e-05   0.0
          recFNToRawFN_a (recFNToRawFN_1_110) 1.61e-03 9.19e-04    0.234 2.77e-03   0.0
      g_red_tree_0__g_add_3__reduce_add (VX_tcu_bhf_fadd_46) 6.79e-02 7.46e-02    7.718    0.150   0.2
        pipe_rnd (VX_pipe_register_4_93) 7.48e-03 1.31e-02    0.505 2.11e-02   0.0
          g_shift_register (VX_shift_register_38_0_1_0_93) 7.48e-03 1.31e-02    0.505 2.11e-02   0.0
        rounding (roundAnyRawFNToRecFN_1_52) 1.62e-02 4.16e-03    1.368 2.18e-02   0.0
          genblk2_genblk1_lowMask_roundMask (lowMaskLoHi_52) 2.52e-04 1.56e-04    0.304 7.12e-04   0.0
            reverse (reverse_2_52)     1.38e-05 5.42e-06    0.153 1.73e-04   0.0
        pipe_add (VX_pipe_register_5_52) 1.29e-02 3.22e-02    1.268 4.63e-02   0.1
          g_shift_register (VX_shift_register_45_0_2_0_52) 1.29e-02 3.22e-02    1.268 4.63e-02   0.1
        adder (addRecFNToRaw_52)       3.14e-02 2.52e-02    4.577 6.11e-02   0.1
          lowMask_far_roundExtraMask (lowMaskHiLo_52) 1.09e-04 2.23e-04 6.92e-02 4.01e-04   0.0
            reverse (reverse_1_52)     4.93e-05 1.08e-04 3.99e-02 1.97e-04   0.0
          compressBy4_far_sigSmaller (compressBy4_52) 4.86e-05 2.44e-04 4.07e-02 3.33e-04   0.0
          countLeadingZeros_close (countLeadingZeros_52) 5.42e-04 4.98e-04    0.156 1.20e-03   0.0
            reverse_in (reverse_54)    2.82e-04 3.02e-04 8.27e-02 6.67e-04   0.0
          compressBy2_close_sigSum (compressBy2_52) 1.84e-04 3.27e-04 6.15e-02 5.73e-04   0.0
          isSigNaN_b (isSigNaNRecFN_1_104) 9.54e-06 1.11e-05 4.86e-03 2.55e-05   0.0
          recFNToRawFN_b (recFNToRawFN_1_111) 2.16e-03 7.47e-04    0.221 3.13e-03   0.0
          isSigNaN_a (isSigNaNRecFN_1_105) 7.16e-06 1.13e-05 4.91e-03 2.34e-05   0.0
          recFNToRawFN_a (recFNToRawFN_1_112) 1.61e-03 7.57e-04    0.221 2.59e-03   0.0
      g_red_tree_0__g_add_2__reduce_add (VX_tcu_bhf_fadd_47) 6.63e-02 7.46e-02    7.646    0.149   0.2
        pipe_rnd (VX_pipe_register_4_94) 6.80e-03 1.31e-02    0.505 2.04e-02   0.0
          g_shift_register (VX_shift_register_38_0_1_0_94) 6.80e-03 1.31e-02    0.505 2.04e-02   0.0
        rounding (roundAnyRawFNToRecFN_1_53) 1.39e-02 4.05e-03    1.291 1.93e-02   0.0
          genblk2_genblk1_lowMask_roundMask (lowMaskLoHi_53) 2.45e-04 1.54e-04    0.303 7.03e-04   0.0
            reverse (reverse_2_53)     1.35e-05 5.42e-06    0.153 1.72e-04   0.0
        pipe_add (VX_pipe_register_5_53) 1.43e-02 3.22e-02    1.268 4.78e-02   0.1
          g_shift_register (VX_shift_register_45_0_2_0_53) 1.43e-02 3.22e-02    1.268 4.78e-02   0.1
        adder (addRecFNToRaw_53)       3.14e-02 2.52e-02    4.582 6.12e-02   0.1
          lowMask_far_roundExtraMask (lowMaskHiLo_53) 1.23e-04 2.24e-04 6.92e-02 4.16e-04   0.0
            reverse (reverse_1_53)     5.35e-05 1.08e-04 3.98e-02 2.01e-04   0.0
          compressBy4_far_sigSmaller (compressBy4_53) 3.70e-05 2.46e-04 4.07e-02 3.24e-04   0.0
          countLeadingZeros_close (countLeadingZeros_53) 5.45e-04 5.00e-04    0.156 1.20e-03   0.0
            reverse_in (reverse_55)    2.85e-04 3.04e-04 8.27e-02 6.72e-04   0.0
          compressBy2_close_sigSum (compressBy2_53) 1.54e-04 3.29e-04 6.15e-02 5.45e-04   0.0
          isSigNaN_b (isSigNaNRecFN_1_106) 6.53e-06 1.12e-05 4.81e-03 2.25e-05   0.0
          recFNToRawFN_b (recFNToRawFN_1_113) 2.18e-03 7.58e-04    0.221 3.16e-03   0.0
          isSigNaN_a (isSigNaNRecFN_1_107) 1.04e-05 1.10e-05 4.83e-03 2.62e-05   0.0
          recFNToRawFN_a (recFNToRawFN_1_114) 1.75e-03 7.48e-04    0.221 2.72e-03   0.0
      g_red_tree_0__g_add_1__reduce_add (VX_tcu_bhf_fadd_48) 5.31e-02 7.44e-02    7.622    0.135   0.2
        pipe_rnd (VX_pipe_register_4_95) 4.22e-03 1.30e-02    0.506 1.77e-02   0.0
          g_shift_register (VX_shift_register_38_0_1_0_95) 4.22e-03 1.30e-02    0.506 1.77e-02   0.0
        rounding (roundAnyRawFNToRecFN_1_54) 7.33e-03 3.88e-03    1.253 1.25e-02   0.0
          genblk2_genblk1_lowMask_roundMask (lowMaskLoHi_54) 2.61e-04 1.54e-04    0.304 7.19e-04   0.0
            reverse (reverse_2_54)     1.31e-05 5.42e-06    0.153 1.72e-04   0.0
        pipe_add (VX_pipe_register_5_54) 9.72e-03 3.22e-02    1.268 4.32e-02   0.1
          g_shift_register (VX_shift_register_45_0_2_0_54) 9.72e-03 3.22e-02    1.268 4.32e-02   0.1
        adder (addRecFNToRaw_54)       3.18e-02 2.53e-02    4.588 6.17e-02   0.1
          lowMask_far_roundExtraMask (lowMaskHiLo_54) 1.13e-04 2.23e-04 6.92e-02 4.06e-04   0.0
            reverse (reverse_1_54)     4.89e-05 1.08e-04 3.98e-02 1.97e-04   0.0
          compressBy4_far_sigSmaller (compressBy4_54) 4.35e-05 2.47e-04 4.07e-02 3.31e-04   0.0
          countLeadingZeros_close (countLeadingZeros_54) 5.50e-04 5.01e-04    0.156 1.21e-03   0.0
            reverse_in (reverse_56)    2.84e-04 3.03e-04 8.27e-02 6.70e-04   0.0
          compressBy2_close_sigSum (compressBy2_54) 1.73e-04 3.29e-04 6.15e-02 5.63e-04   0.0
          isSigNaN_b (isSigNaNRecFN_1_108) 6.13e-06 1.12e-05 4.86e-03 2.22e-05   0.0
          recFNToRawFN_b (recFNToRawFN_1_115) 1.97e-03 7.58e-04    0.221 2.95e-03   0.0
          isSigNaN_a (isSigNaNRecFN_1_109) 9.42e-06 1.09e-05 4.84e-03 2.52e-05   0.0
          recFNToRawFN_a (recFNToRawFN_1_116) 1.64e-03 7.52e-04    0.221 2.61e-03   0.0
      g_red_tree_0__g_add_0__reduce_add (VX_tcu_bhf_fadd_49) 4.89e-02 7.43e-02    7.589    0.131   0.2
        pipe_rnd (VX_pipe_register_4_96) 3.46e-03 1.30e-02    0.506 1.69e-02   0.0
          g_shift_register (VX_shift_register_38_0_1_0_96) 3.46e-03 1.30e-02    0.506 1.69e-02   0.0
        rounding (roundAnyRawFNToRecFN_1_55) 7.40e-03 3.88e-03    1.238 1.25e-02   0.0
          genblk2_genblk1_lowMask_roundMask (lowMaskLoHi_55) 2.51e-04 1.51e-04    0.303 7.06e-04   0.0
            reverse (reverse_2_55)     1.39e-05 5.42e-06    0.153 1.73e-04   0.0
        pipe_add (VX_pipe_register_5_55) 7.44e-03 3.22e-02    1.268 4.09e-02   0.1
          g_shift_register (VX_shift_register_45_0_2_0_55) 7.44e-03 3.22e-02    1.268 4.09e-02   0.1
        adder (addRecFNToRaw_55)       3.06e-02 2.52e-02    4.578 6.05e-02   0.1
          lowMask_far_roundExtraMask (lowMaskHiLo_55) 1.26e-04 2.24e-04 6.92e-02 4.19e-04   0.0
            reverse (reverse_1_55)     5.66e-05 1.09e-04 3.98e-02 2.05e-04   0.0
          compressBy4_far_sigSmaller (compressBy4_55) 3.61e-05 2.44e-04 4.07e-02 3.21e-04   0.0
          countLeadingZeros_close (countLeadingZeros_55) 5.59e-04 5.04e-04    0.157 1.22e-03   0.0
            reverse_in (reverse_57)    3.01e-04 3.04e-04 8.26e-02 6.87e-04   0.0
          compressBy2_close_sigSum (compressBy2_55) 1.80e-04 3.29e-04 6.15e-02 5.71e-04   0.0
          isSigNaN_b (isSigNaNRecFN_1_110) 6.87e-06 1.10e-05 4.87e-03 2.27e-05   0.0
          recFNToRawFN_b (recFNToRawFN_1_117) 2.09e-03 7.56e-04    0.221 3.06e-03   0.0
          isSigNaN_a (isSigNaNRecFN_1_111) 7.05e-06 1.12e-05 4.87e-03 2.32e-05   0.0
          recFNToRawFN_a (recFNToRawFN_1_118) 1.67e-03 7.51e-04    0.221 2.64e-03   0.0
      g_prod_7__pipe_mult (VX_pipe_register_1_48) 3.19e-03 1.16e-02    0.477 1.52e-02   0.0
        g_shift_register (VX_shift_register_33_0_1_0_48) 3.19e-03 1.16e-02    0.477 1.52e-02   0.0
      g_prod_7__fp16_mul (VX_tcu_bhf_fmul_48) 2.03e-02 4.89e-02    5.411 7.46e-02   0.1
        pipe_rnd (VX_pipe_register_4_97) 2.52e-03 1.16e-02    0.477 1.46e-02   0.0
          g_shift_register (VX_shift_register_38_0_1_0_97) 2.52e-03 1.16e-02    0.477 1.46e-02   0.0
        rounding (roundAnyRawFNToRecFN_49) 1.42e-03 1.10e-03    0.272 2.79e-03   0.0
        pipe_add (VX_pipe_register_3_48) 4.20e-03 2.46e-02    1.028 2.98e-02   0.0
          g_shift_register (VX_shift_register_37_0_2_0_48) 4.20e-03 2.46e-02    1.028 2.98e-02   0.0
        multiplier (mulRecFNToFullRaw_48) 1.10e-02 1.07e-02    3.008 2.47e-02   0.0
          isSigNaN_b (isSigNaNRecFN_97) 5.62e-06 9.00e-06 4.63e-03 1.92e-05   0.0
          recFNToRawFN_b (recFNToRawFN_97) 7.12e-04 2.21e-04    0.129 1.06e-03   0.0
          isSigNaN_a (isSigNaNRecFN_98) 5.39e-06 7.16e-06 4.71e-03 1.73e-05   0.0
          recFNToRawFN_a (recFNToRawFN_98) 3.56e-04 1.66e-04    0.129 6.52e-04   0.0
        g_in_ieee_from_ieee_b (fNToRecFN_1_96) 6.54e-04 5.22e-04    0.312 1.49e-03   0.0
          clz (bsg_counting_leading_zeros_1_96) 1.21e-04 8.93e-05 6.83e-02 2.78e-04   0.0
            lzc (VX_lzc_1_96)          1.21e-04 8.93e-05 6.83e-02 2.78e-04   0.0
              g_lzc_find_first (VX_find_first_10_4_1_96) 5.76e-05 7.05e-05 5.54e-02 1.84e-04   0.0
        g_in_ieee_from_ieee_a (fNToRecFN_1_97) 5.30e-04 3.95e-04    0.313 1.24e-03   0.0
          clz (bsg_counting_leading_zeros_1_97) 9.30e-05 6.77e-05 6.83e-02 2.29e-04   0.0
            lzc (VX_lzc_1_97)          9.30e-05 6.77e-05 6.83e-02 2.29e-04   0.0
              g_lzc_find_first (VX_find_first_10_4_1_97) 4.06e-05 5.26e-05 5.54e-02 1.49e-04   0.0
      g_prod_6__pipe_mult (VX_pipe_register_1_49) 2.14e-03 1.16e-02    0.477 1.42e-02   0.0
        g_shift_register (VX_shift_register_33_0_1_0_49) 2.14e-03 1.16e-02    0.477 1.42e-02   0.0
      g_prod_6__fp16_mul (VX_tcu_bhf_fmul_49) 1.83e-02 4.89e-02    5.410 7.27e-02   0.1
        pipe_rnd (VX_pipe_register_4_98) 1.92e-03 1.16e-02    0.477 1.39e-02   0.0
          g_shift_register (VX_shift_register_38_0_1_0_98) 1.92e-03 1.16e-02    0.477 1.39e-02   0.0
        rounding (roundAnyRawFNToRecFN_50) 8.43e-04 1.10e-03    0.272 2.21e-03   0.0
        pipe_add (VX_pipe_register_3_49) 3.96e-03 2.46e-02    1.028 2.96e-02   0.0
          g_shift_register (VX_shift_register_37_0_2_0_49) 3.96e-03 2.46e-02    1.028 2.96e-02   0.0
        multiplier (mulRecFNToFullRaw_49) 1.04e-02 1.07e-02    3.008 2.41e-02   0.0
          isSigNaN_b (isSigNaNRecFN_99) 9.35e-06 8.89e-06 4.72e-03 2.30e-05   0.0
          recFNToRawFN_b (recFNToRawFN_99) 6.92e-04 2.20e-04    0.129 1.04e-03   0.0
          isSigNaN_a (isSigNaNRecFN_100) 3.92e-06 6.97e-06 4.67e-03 1.56e-05   0.0
          recFNToRawFN_a (recFNToRawFN_100) 3.29e-04 1.66e-04    0.129 6.24e-04   0.0
        g_in_ieee_from_ieee_b (fNToRecFN_1_98) 7.22e-04 5.29e-04    0.313 1.56e-03   0.0
          clz (bsg_counting_leading_zeros_1_98) 1.22e-04 9.11e-05 6.83e-02 2.81e-04   0.0
            lzc (VX_lzc_1_98)          1.22e-04 9.11e-05 6.83e-02 2.81e-04   0.0
              g_lzc_find_first (VX_find_first_10_4_1_98) 5.45e-05 7.13e-05 5.54e-02 1.81e-04   0.0
        g_in_ieee_from_ieee_a (fNToRecFN_1_99) 5.39e-04 3.99e-04    0.312 1.25e-03   0.0
          clz (bsg_counting_leading_zeros_1_99) 9.26e-05 6.89e-05 6.85e-02 2.30e-04   0.0
            lzc (VX_lzc_1_99)          7.06e-05 6.22e-05 6.21e-02 1.95e-04   0.0
              g_lzc_find_first (VX_find_first_10_4_1_99) 4.00e-05 5.34e-05 5.56e-02 1.49e-04   0.0
      g_prod_5__pipe_mult (VX_pipe_register_1_50) 2.37e-03 1.16e-02    0.477 1.44e-02   0.0
        g_shift_register (VX_shift_register_33_0_1_0_50) 2.37e-03 1.16e-02    0.477 1.44e-02   0.0
      g_prod_5__fp16_mul (VX_tcu_bhf_fmul_50) 2.04e-02 4.90e-02    5.412 7.48e-02   0.1
        pipe_rnd (VX_pipe_register_4_99) 3.29e-03 1.16e-02    0.477 1.53e-02   0.0
          g_shift_register (VX_shift_register_38_0_1_0_99) 3.29e-03 1.16e-02    0.477 1.53e-02   0.0
        rounding (roundAnyRawFNToRecFN_51) 8.74e-04 1.10e-03    0.272 2.25e-03   0.0
        pipe_add (VX_pipe_register_3_50) 4.19e-03 2.46e-02    1.028 2.98e-02   0.0
          g_shift_register (VX_shift_register_37_0_2_0_50) 4.19e-03 2.46e-02    1.028 2.98e-02   0.0
        multiplier (mulRecFNToFullRaw_50) 1.08e-02 1.08e-02    3.008 2.46e-02   0.0
          isSigNaN_b (isSigNaNRecFN_101) 7.51e-06 9.14e-06 4.67e-03 2.13e-05   0.0
          recFNToRawFN_b (recFNToRawFN_101) 7.66e-04 2.23e-04    0.129 1.12e-03   0.0
          isSigNaN_a (isSigNaNRecFN_102) 7.72e-06 7.36e-06 4.69e-03 1.98e-05   0.0
          recFNToRawFN_a (recFNToRawFN_102) 3.61e-04 1.67e-04    0.129 6.57e-04   0.0
        g_in_ieee_from_ieee_b (fNToRecFN_1_100) 7.13e-04 5.27e-04    0.313 1.55e-03   0.0
          clz (bsg_counting_leading_zeros_1_100) 1.23e-04 9.05e-05 6.83e-02 2.81e-04   0.0
            lzc (VX_lzc_1_100)         1.23e-04 9.05e-05 6.83e-02 2.81e-04   0.0
              g_lzc_find_first (VX_find_first_10_4_1_100) 5.47e-05 7.12e-05 5.54e-02 1.81e-04   0.0
        g_in_ieee_from_ieee_a (fNToRecFN_1_101) 5.85e-04 4.00e-04    0.313 1.30e-03   0.0
          clz (bsg_counting_leading_zeros_1_101) 9.43e-05 6.84e-05 6.83e-02 2.31e-04   0.0
            lzc (VX_lzc_1_101)         9.43e-05 6.84e-05 6.83e-02 2.31e-04   0.0
              g_lzc_find_first (VX_find_first_10_4_1_101) 4.07e-05 5.31e-05 5.55e-02 1.49e-04   0.0
      g_prod_4__pipe_mult (VX_pipe_register_1_51) 2.82e-03 1.16e-02    0.477 1.49e-02   0.0
        g_shift_register (VX_shift_register_33_0_1_0_51) 2.82e-03 1.16e-02    0.477 1.49e-02   0.0
      g_prod_4__fp16_mul (VX_tcu_bhf_fmul_51) 1.92e-02 4.90e-02    5.412 7.36e-02   0.1
        pipe_rnd (VX_pipe_register_4_100) 2.48e-03 1.16e-02    0.477 1.45e-02   0.0
          g_shift_register (VX_shift_register_38_0_1_0_100) 2.48e-03 1.16e-02    0.477 1.45e-02   0.0
        rounding (roundAnyRawFNToRecFN_52) 1.01e-03 1.10e-03    0.271 2.38e-03   0.0
        pipe_add (VX_pipe_register_3_51) 4.08e-03 2.46e-02    1.028 2.97e-02   0.0
          g_shift_register (VX_shift_register_37_0_2_0_51) 4.08e-03 2.46e-02    1.028 2.97e-02   0.0
        multiplier (mulRecFNToFullRaw_51) 1.05e-02 1.08e-02    3.009 2.42e-02   0.0
          isSigNaN_b (isSigNaNRecFN_103) 4.56e-06 8.97e-06 4.69e-03 1.82e-05   0.0
          recFNToRawFN_b (recFNToRawFN_103) 6.89e-04 2.22e-04    0.129 1.04e-03   0.0
          isSigNaN_a (isSigNaNRecFN_104) 3.81e-06 7.19e-06 4.71e-03 1.57e-05   0.0
          recFNToRawFN_a (recFNToRawFN_104) 3.34e-04 1.67e-04    0.129 6.31e-04   0.0
        g_in_ieee_from_ieee_b (fNToRecFN_1_102) 6.51e-04 5.26e-04    0.313 1.49e-03   0.0
          clz (bsg_counting_leading_zeros_1_102) 1.19e-04 9.09e-05 6.84e-02 2.79e-04   0.0
            lzc (VX_lzc_1_102)         5.34e-05 7.16e-05 5.55e-02 1.81e-04   0.0
              g_lzc_find_first (VX_find_first_10_4_1_102) 5.34e-05 7.16e-05 5.55e-02 1.81e-04   0.0
        g_in_ieee_from_ieee_a (fNToRecFN_1_103) 5.70e-04 4.00e-04    0.313 1.28e-03   0.0
          clz (bsg_counting_leading_zeros_1_103) 9.18e-05 6.82e-05 6.83e-02 2.28e-04   0.0
            lzc (VX_lzc_1_103)         9.18e-05 6.82e-05 6.83e-02 2.28e-04   0.0
              g_lzc_find_first (VX_find_first_10_4_1_103) 4.06e-05 5.29e-05 5.55e-02 1.49e-04   0.0
      g_prod_3__pipe_mult (VX_pipe_register_1_52) 2.29e-03 1.16e-02    0.477 1.43e-02   0.0
        g_shift_register (VX_shift_register_33_0_1_0_52) 2.29e-03 1.16e-02    0.477 1.43e-02   0.0
      g_prod_3__fp16_mul (VX_tcu_bhf_fmul_52) 2.07e-02 4.90e-02    5.414 7.51e-02   0.1
        pipe_rnd (VX_pipe_register_4_101) 1.93e-03 1.16e-02    0.477 1.40e-02   0.0
          g_shift_register (VX_shift_register_38_0_1_0_101) 1.93e-03 1.16e-02    0.477 1.40e-02   0.0
        rounding (roundAnyRawFNToRecFN_53) 2.14e-03 1.12e-03    0.273 3.53e-03   0.0
        pipe_add (VX_pipe_register_3_52) 4.55e-03 2.46e-02    1.028 3.02e-02   0.0
          g_shift_register (VX_shift_register_37_0_2_0_52) 4.55e-03 2.46e-02    1.028 3.02e-02   0.0
        multiplier (mulRecFNToFullRaw_52) 1.09e-02 1.08e-02    3.010 2.46e-02   0.0
          isSigNaN_b (isSigNaNRecFN_105) 5.53e-06 9.17e-06 4.69e-03 1.94e-05   0.0
          recFNToRawFN_b (recFNToRawFN_105) 7.04e-04 2.23e-04    0.129 1.06e-03   0.0
          isSigNaN_a (isSigNaNRecFN_106) 4.03e-06 7.03e-06 4.64e-03 1.57e-05   0.0
          recFNToRawFN_a (recFNToRawFN_106) 3.46e-04 1.66e-04    0.129 6.42e-04   0.0
        g_in_ieee_from_ieee_b (fNToRecFN_1_104) 6.81e-04 5.28e-04    0.313 1.52e-03   0.0
          clz (bsg_counting_leading_zeros_1_104) 1.20e-04 9.15e-05 6.83e-02 2.79e-04   0.0
            lzc (VX_lzc_1_104)         1.20e-04 9.15e-05 6.83e-02 2.79e-04   0.0
              g_lzc_find_first (VX_find_first_10_4_1_104) 5.32e-05 7.20e-05 5.55e-02 1.81e-04   0.0
        g_in_ieee_from_ieee_a (fNToRecFN_1_105) 5.46e-04 3.97e-04    0.313 1.26e-03   0.0
          clz (bsg_counting_leading_zeros_1_105) 8.77e-05 6.71e-05 6.83e-02 2.23e-04   0.0
            lzc (VX_lzc_1_105)         8.77e-05 6.71e-05 6.83e-02 2.23e-04   0.0
              g_lzc_find_first (VX_find_first_10_4_1_105) 3.84e-05 5.24e-05 5.54e-02 1.46e-04   0.0
      g_prod_2__pipe_mult (VX_pipe_register_1_53) 3.97e-03 1.16e-02    0.477 1.61e-02   0.0
        g_shift_register (VX_shift_register_33_0_1_0_53) 3.97e-03 1.16e-02    0.477 1.61e-02   0.0
      g_prod_2__fp16_mul (VX_tcu_bhf_fmul_53) 2.72e-02 4.90e-02    5.428 8.16e-02   0.1
        pipe_rnd (VX_pipe_register_4_102) 8.26e-03 1.16e-02    0.477 2.03e-02   0.0
          g_shift_register (VX_shift_register_38_0_1_0_102) 8.26e-03 1.16e-02    0.477 2.03e-02   0.0
        rounding (roundAnyRawFNToRecFN_54) 2.26e-03 1.12e-03    0.273 3.66e-03   0.0
        pipe_add (VX_pipe_register_3_53) 4.29e-03 2.46e-02    1.028 2.99e-02   0.0
          g_shift_register (VX_shift_register_37_0_2_0_53) 4.29e-03 2.46e-02    1.028 2.99e-02   0.0
        multiplier (mulRecFNToFullRaw_53) 1.11e-02 1.08e-02    3.023 2.49e-02   0.0
          isSigNaN_b (isSigNaNRecFN_107) 5.58e-06 8.87e-06 4.71e-03 1.92e-05   0.0
          recFNToRawFN_b (recFNToRawFN_107) 7.77e-04 2.20e-04    0.129 1.13e-03   0.0
          isSigNaN_a (isSigNaNRecFN_108) 5.04e-06 7.01e-06 4.68e-03 1.67e-05   0.0
          recFNToRawFN_a (recFNToRawFN_108) 3.81e-04 1.66e-04    0.129 6.76e-04   0.0
        g_in_ieee_from_ieee_b (fNToRecFN_1_106) 6.54e-04 5.25e-04    0.313 1.49e-03   0.0
          clz (bsg_counting_leading_zeros_1_106) 1.21e-04 9.16e-05 6.85e-02 2.81e-04   0.0
            lzc (VX_lzc_1_106)         1.21e-04 9.16e-05 6.85e-02 2.81e-04   0.0
              g_lzc_find_first (VX_find_first_10_4_1_106) 5.43e-05 7.22e-05 5.56e-02 1.82e-04   0.0
        g_in_ieee_from_ieee_a (fNToRecFN_1_107) 6.26e-04 4.00e-04    0.313 1.34e-03   0.0
          clz (bsg_counting_leading_zeros_1_107) 9.31e-05 6.83e-05 6.82e-02 2.30e-04   0.0
            lzc (VX_lzc_1_107)         9.31e-05 6.83e-05 6.82e-02 2.30e-04   0.0
              g_lzc_find_first (VX_find_first_10_4_1_107) 4.00e-05 5.28e-05 5.53e-02 1.48e-04   0.0
      g_prod_1__pipe_mult (VX_pipe_register_1_54) 2.32e-03 1.16e-02    0.477 1.44e-02   0.0
        g_shift_register (VX_shift_register_33_0_1_0_54) 2.32e-03 1.16e-02    0.477 1.44e-02   0.0
      g_prod_1__fp16_mul (VX_tcu_bhf_fmul_54) 2.09e-02 4.90e-02    5.412 7.52e-02   0.1
        pipe_rnd (VX_pipe_register_4_103) 2.14e-03 1.16e-02    0.477 1.42e-02   0.0
          g_shift_register (VX_shift_register_38_0_1_0_103) 2.14e-03 1.16e-02    0.477 1.42e-02   0.0
        rounding (roundAnyRawFNToRecFN_55) 1.85e-03 1.11e-03    0.272 3.23e-03   0.0
        pipe_add (VX_pipe_register_3_54) 4.75e-03 2.46e-02    1.028 3.04e-02   0.0
          g_shift_register (VX_shift_register_37_0_2_0_54) 4.75e-03 2.46e-02    1.028 3.04e-02   0.0
        multiplier (mulRecFNToFullRaw_54) 1.08e-02 1.08e-02    3.008 2.46e-02   0.0
          isSigNaN_b (isSigNaNRecFN_109) 4.41e-06 8.86e-06 4.72e-03 1.80e-05   0.0
          recFNToRawFN_b (recFNToRawFN_109) 6.85e-04 2.21e-04    0.129 1.04e-03   0.0
          isSigNaN_a (isSigNaNRecFN_110) 5.78e-06 7.50e-06 4.72e-03 1.80e-05   0.0
          recFNToRawFN_a (recFNToRawFN_110) 3.70e-04 1.67e-04    0.129 6.65e-04   0.0
        g_in_ieee_from_ieee_b (fNToRecFN_1_108) 6.87e-04 5.28e-04    0.313 1.53e-03   0.0
          clz (bsg_counting_leading_zeros_1_108) 1.21e-04 9.11e-05 6.84e-02 2.81e-04   0.0
            lzc (VX_lzc_1_108)         1.21e-04 9.11e-05 6.84e-02 2.81e-04   0.0
              g_lzc_find_first (VX_find_first_10_4_1_108) 5.60e-05 7.19e-05 5.55e-02 1.83e-04   0.0
        g_in_ieee_from_ieee_a (fNToRecFN_1_109) 6.50e-04 3.99e-04    0.313 1.36e-03   0.0
          clz (bsg_counting_leading_zeros_1_109) 9.18e-05 6.89e-05 6.85e-02 2.29e-04   0.0
            lzc (VX_lzc_1_109)         9.18e-05 6.89e-05 6.85e-02 2.29e-04   0.0
              g_lzc_find_first (VX_find_first_10_4_1_109) 4.03e-05 5.37e-05 5.57e-02 1.50e-04   0.0
      g_prod_0__pipe_mult (VX_pipe_register_1_55) 2.56e-03 1.16e-02    0.477 1.46e-02   0.0
        g_shift_register (VX_shift_register_33_0_1_0_55) 2.56e-03 1.16e-02    0.477 1.46e-02   0.0
      g_prod_0__fp16_mul (VX_tcu_bhf_fmul_55) 2.12e-02 4.89e-02    5.426 7.55e-02   0.1
        pipe_rnd (VX_pipe_register_4_104) 2.22e-03 1.16e-02    0.477 1.43e-02   0.0
          g_shift_register (VX_shift_register_38_0_1_0_104) 2.22e-03 1.16e-02    0.477 1.43e-02   0.0
        rounding (roundAnyRawFNToRecFN_56) 1.69e-03 1.11e-03    0.272 3.07e-03   0.0
        pipe_add (VX_pipe_register_3_55) 4.13e-03 2.46e-02    1.028 2.97e-02   0.0
          g_shift_register (VX_shift_register_37_0_2_0_55) 4.13e-03 2.46e-02    1.028 2.97e-02   0.0
        multiplier (mulRecFNToFullRaw_55) 1.19e-02 1.07e-02    3.023 2.57e-02   0.0
          isSigNaN_b (isSigNaNRecFN_111) 6.04e-06 9.05e-06 4.72e-03 1.98e-05   0.0
          recFNToRawFN_b (recFNToRawFN_111) 7.79e-04 2.21e-04    0.129 1.13e-03   0.0
          isSigNaN_a (isSigNaNRecFN_112) 4.31e-06 7.08e-06 4.68e-03 1.61e-05   0.0
          recFNToRawFN_a (recFNToRawFN_112) 3.43e-04 1.67e-04    0.129 6.39e-04   0.0
        g_in_ieee_from_ieee_b (fNToRecFN_1_110) 7.00e-04 5.27e-04    0.313 1.54e-03   0.0
          clz (bsg_counting_leading_zeros_1_110) 1.19e-04 9.06e-05 6.85e-02 2.78e-04   0.0
            lzc (VX_lzc_1_110)         1.19e-04 9.06e-05 6.85e-02 2.78e-04   0.0
              g_lzc_find_first (VX_find_first_10_4_1_110) 5.40e-05 7.14e-05 5.56e-02 1.81e-04   0.0
        g_in_ieee_from_ieee_a (fNToRecFN_1_111) 5.48e-04 3.98e-04    0.313 1.26e-03   0.0
          clz (bsg_counting_leading_zeros_1_111) 9.34e-05 6.81e-05 6.84e-02 2.30e-04   0.0
            lzc (VX_lzc_1_111)         9.34e-05 6.81e-05 6.84e-02 2.30e-04   0.0
              g_lzc_find_first (VX_find_first_10_4_1_111) 4.02e-05 5.28e-05 5.55e-02 1.48e-04   0.0
    g_i_6__g_j_1__genblk1_u_buffer_ex (VX_pipe_register_12) 1.55e-02 9.44e-02    4.324    0.114   0.2
      g_shift_register (VX_shift_register_582_0_1_0_6) 1.55e-02 9.44e-02    4.324    0.114   0.2
    g_i_6__g_j_0__fedp (VX_tcu_fedp_bhf_7)    0.692    1.219  117.022    2.028   2.8
      final_add (VX_tcu_bhf_fadd_1_7)  6.09e-02 6.70e-02    8.561    0.137   0.2
        pipe_rnd (VX_pipe_register_6_7) 8.79e-03 1.16e-02    0.491 2.09e-02   0.0
          g_shift_register (VX_shift_register_37_0_1_0_7) 8.79e-03 1.16e-02    0.491 2.09e-02   0.0
        g_out_ieee_to_ieee (recFNToFN_7) 1.07e-02 2.86e-03    0.811 1.43e-02   0.0
          recFNToRawFN (recFNToRawFN_1_119) 5.54e-03 6.25e-04    0.228 6.39e-03   0.0
        rounding (roundAnyRawFNToRecFN_1_56) 7.96e-03 2.96e-03    1.222 1.21e-02   0.0
          genblk2_genblk1_lowMask_roundMask (lowMaskLoHi_56) 2.31e-04 1.35e-04    0.301 6.67e-04   0.0
            reverse (reverse_2_56)     4.64e-06 1.83e-06    0.154 1.60e-04   0.0
        pipe_add (VX_pipe_register_5_56) 7.23e-03 3.05e-02    1.265 3.90e-02   0.1
          g_shift_register (VX_shift_register_45_0_2_0_56) 7.23e-03 3.05e-02    1.265 3.90e-02   0.1
        adder (addRecFNToRaw_56)       2.58e-02 1.91e-02    4.751 4.96e-02   0.1
          lowMask_far_roundExtraMask (lowMaskHiLo_56) 4.32e-05 7.83e-05 8.05e-02 2.02e-04   0.0
            reverse (reverse_1_56)     2.17e-05 3.67e-05 5.03e-02 1.09e-04   0.0
          compressBy4_far_sigSmaller (compressBy4_56) 5.35e-05 1.71e-04 4.48e-02 2.70e-04   0.0
          countLeadingZeros_close (countLeadingZeros_56) 5.37e-04 4.58e-04    0.163 1.16e-03   0.0
            reverse_in (reverse_58)    2.63e-04 3.11e-04 9.01e-02 6.63e-04   0.0
          compressBy2_close_sigSum (compressBy2_56) 2.12e-04 3.37e-04 6.60e-02 6.15e-04   0.0
          isSigNaN_b (isSigNaNRecFN_1_112) 3.64e-06 5.17e-06 4.54e-03 1.33e-05   0.0
          recFNToRawFN_b (recFNToRawFN_1_120) 6.30e-04 2.69e-04    0.236 1.13e-03   0.0
          isSigNaN_a (isSigNaNRecFN_1_113) 7.12e-06 1.27e-05 4.72e-03 2.46e-05   0.0
          recFNToRawFN_a (recFNToRawFN_1_121) 2.31e-03 8.26e-04    0.232 3.37e-03   0.0
      pipe_c (VX_pipe_register_2_7)    1.93e-02    0.139    6.434    0.165   0.2
        g_shift_register (VX_shift_register_33_0_13_0_7) 1.93e-02    0.139    6.434    0.165   0.2
      conv_c (fNToRecFN_8)             2.23e-03 9.21e-04    0.774 3.92e-03   0.0
        clz (bsg_counting_leading_zeros_8) 1.11e-04 1.09e-04    0.119 3.40e-04   0.0
          lzc (VX_lzc_8)               1.11e-04 1.09e-04    0.119 3.40e-04   0.0
            g_lzc_find_first (VX_find_first_23_5_1_7) 9.92e-05 1.06e-04    0.107 3.12e-04   0.0
      g_red_tree_2__g_add_0__reduce_add (VX_tcu_bhf_fadd_50) 5.45e-02 7.59e-02    7.741    0.138   0.2
        pipe_rnd (VX_pipe_register_4_105) 2.20e-03 1.26e-02    0.504 1.53e-02   0.0
          g_shift_register (VX_shift_register_38_0_1_0_105) 2.20e-03 1.26e-02    0.504 1.53e-02   0.0
        rounding (roundAnyRawFNToRecFN_1_57) 5.79e-03 3.68e-03    1.202 1.07e-02   0.0
          genblk2_genblk1_lowMask_roundMask (lowMaskLoHi_57) 2.74e-04 1.47e-04    0.302 7.24e-04   0.0
            reverse (reverse_2_57)     1.31e-05 5.41e-06    0.154 1.72e-04   0.0
        pipe_add (VX_pipe_register_5_57) 8.76e-03 3.16e-02    1.265 4.16e-02   0.1
          g_shift_register (VX_shift_register_45_0_2_0_57) 8.76e-03 3.16e-02    1.265 4.16e-02   0.1
        adder (addRecFNToRaw_57)       3.77e-02 2.81e-02    4.770 7.06e-02   0.1
          lowMask_far_roundExtraMask (lowMaskHiLo_57) 1.72e-04 2.96e-04 8.09e-02 5.48e-04   0.0
            reverse (reverse_1_57)     7.08e-05 1.44e-04 4.72e-02 2.62e-04   0.0
          compressBy4_far_sigSmaller (compressBy4_57) 6.99e-05 3.63e-04 4.77e-02 4.80e-04   0.0
          countLeadingZeros_close (countLeadingZeros_57) 6.56e-04 5.36e-04    0.163 1.36e-03   0.0
            reverse_in (reverse_59)    3.72e-04 3.72e-04 8.96e-02 8.34e-04   0.0
          compressBy2_close_sigSum (compressBy2_57) 1.83e-04 4.00e-04 6.61e-02 6.49e-04   0.0
          isSigNaN_b (isSigNaNRecFN_1_114) 4.45e-06 8.51e-06 4.16e-03 1.71e-05   0.0
          recFNToRawFN_b (recFNToRawFN_1_122) 2.50e-03 9.09e-04    0.233 3.64e-03   0.0
          isSigNaN_a (isSigNaNRecFN_1_115) 5.87e-06 8.06e-06 4.18e-03 1.81e-05   0.0
          recFNToRawFN_a (recFNToRawFN_1_123) 1.97e-03 9.03e-04    0.233 3.10e-03   0.0
      g_red_tree_1__g_add_1__reduce_add (VX_tcu_bhf_fadd_51) 5.33e-02 7.67e-02    7.761    0.138   0.2
        pipe_rnd (VX_pipe_register_4_106) 2.56e-03 1.29e-02    0.505 1.59e-02   0.0
          g_shift_register (VX_shift_register_38_0_1_0_106) 2.56e-03 1.29e-02    0.505 1.59e-02   0.0
        rounding (roundAnyRawFNToRecFN_1_58) 6.08e-03 3.86e-03    1.219 1.12e-02   0.0
          genblk2_genblk1_lowMask_roundMask (lowMaskLoHi_58) 2.55e-04 1.50e-04    0.303 7.08e-04   0.0
            reverse (reverse_2_58)     1.37e-05 5.42e-06    0.153 1.73e-04   0.0
        pipe_add (VX_pipe_register_5_58) 7.31e-03 3.17e-02    1.265 4.03e-02   0.1
          g_shift_register (VX_shift_register_45_0_2_0_58) 7.31e-03 3.17e-02    1.265 4.03e-02   0.1
        adder (addRecFNToRaw_58)       3.74e-02 2.82e-02    4.772 7.04e-02   0.1
          lowMask_far_roundExtraMask (lowMaskHiLo_58) 1.47e-04 2.70e-04 8.07e-02 4.98e-04   0.0
            reverse (reverse_1_58)     6.25e-05 1.30e-04 4.69e-02 2.39e-04   0.0
          compressBy4_far_sigSmaller (compressBy4_58) 5.45e-05 3.45e-04 4.63e-02 4.46e-04   0.0
          countLeadingZeros_close (countLeadingZeros_58) 5.84e-04 5.24e-04    0.163 1.27e-03   0.0
            reverse_in (reverse_60)    2.99e-04 3.65e-04 8.98e-02 7.54e-04   0.0
          compressBy2_close_sigSum (compressBy2_58) 2.04e-04 3.95e-04 6.62e-02 6.66e-04   0.0
          isSigNaN_b (isSigNaNRecFN_1_116) 5.20e-06 9.43e-06 4.37e-03 1.90e-05   0.0
          recFNToRawFN_b (recFNToRawFN_1_124) 2.65e-03 9.25e-04    0.234 3.81e-03   0.0
          isSigNaN_a (isSigNaNRecFN_1_117) 6.74e-06 9.34e-06 4.37e-03 2.04e-05   0.0
          recFNToRawFN_a (recFNToRawFN_1_125) 1.98e-03 9.32e-04    0.234 3.15e-03   0.0
      g_red_tree_1__g_add_0__reduce_add (VX_tcu_bhf_fadd_52) 5.59e-02 7.66e-02    7.782    0.140   0.2
        pipe_rnd (VX_pipe_register_4_107) 2.50e-03 1.29e-02    0.505 1.59e-02   0.0
          g_shift_register (VX_shift_register_38_0_1_0_107) 2.50e-03 1.29e-02    0.505 1.59e-02   0.0
        rounding (roundAnyRawFNToRecFN_1_59) 7.00e-03 3.90e-03    1.232 1.21e-02   0.0
          genblk2_genblk1_lowMask_roundMask (lowMaskLoHi_59) 2.55e-04 1.51e-04    0.302 7.08e-04   0.0
            reverse (reverse_2_59)     1.51e-05 5.43e-06    0.153 1.74e-04   0.0
        pipe_add (VX_pipe_register_5_59) 8.78e-03 3.17e-02    1.265 4.18e-02   0.1
          g_shift_register (VX_shift_register_45_0_2_0_59) 8.78e-03 3.17e-02    1.265 4.18e-02   0.1
        adder (addRecFNToRaw_59)       3.76e-02 2.81e-02    4.781 7.05e-02   0.1
          lowMask_far_roundExtraMask (lowMaskHiLo_59) 1.44e-04 2.71e-04 8.07e-02 4.96e-04   0.0
            reverse (reverse_1_59)     6.59e-05 1.31e-04 4.69e-02 2.44e-04   0.0
          compressBy4_far_sigSmaller (compressBy4_59) 6.28e-05 3.43e-04 4.62e-02 4.52e-04   0.0
          countLeadingZeros_close (countLeadingZeros_59) 5.89e-04 5.22e-04    0.163 1.27e-03   0.0
            reverse_in (reverse_61)    3.17e-04 3.64e-04 8.98e-02 7.71e-04   0.0
          compressBy2_close_sigSum (compressBy2_59) 2.28e-04 3.94e-04 6.61e-02 6.89e-04   0.0
          isSigNaN_b (isSigNaNRecFN_1_118) 5.36e-06 9.08e-06 4.39e-03 1.88e-05   0.0
          recFNToRawFN_b (recFNToRawFN_1_126) 2.93e-03 9.32e-04    0.234 4.09e-03   0.0
          isSigNaN_a (isSigNaNRecFN_1_119) 4.25e-06 9.42e-06 4.41e-03 1.81e-05   0.0
          recFNToRawFN_a (recFNToRawFN_1_127) 1.39e-03 9.21e-04    0.234 2.54e-03   0.0
      g_red_tree_0__g_add_3__reduce_add (VX_tcu_bhf_fadd_53) 5.03e-02 7.42e-02    7.596    0.132   0.2
        pipe_rnd (VX_pipe_register_4_108) 3.33e-03 1.30e-02    0.505 1.68e-02   0.0
          g_shift_register (VX_shift_register_38_0_1_0_108) 3.33e-03 1.30e-02    0.505 1.68e-02   0.0
        rounding (roundAnyRawFNToRecFN_1_60) 6.77e-03 3.85e-03    1.238 1.19e-02   0.0
          genblk2_genblk1_lowMask_roundMask (lowMaskLoHi_60) 2.52e-04 1.51e-04    0.304 7.07e-04   0.0
            reverse (reverse_2_60)     1.32e-05 5.42e-06    0.153 1.72e-04   0.0
        pipe_add (VX_pipe_register_5_60) 8.86e-03 3.22e-02    1.268 4.23e-02   0.1
          g_shift_register (VX_shift_register_45_0_2_0_60) 8.86e-03 3.22e-02    1.268 4.23e-02   0.1
        adder (addRecFNToRaw_60)       3.13e-02 2.52e-02    4.585 6.11e-02   0.1
          lowMask_far_roundExtraMask (lowMaskHiLo_60) 1.21e-04 2.24e-04 6.92e-02 4.15e-04   0.0
            reverse (reverse_1_60)     5.42e-05 1.08e-04 3.99e-02 2.03e-04   0.0
          compressBy4_far_sigSmaller (compressBy4_60) 4.76e-05 2.46e-04 4.07e-02 3.34e-04   0.0
          countLeadingZeros_close (countLeadingZeros_60) 5.50e-04 4.97e-04    0.156 1.20e-03   0.0
            reverse_in (reverse_62)    2.88e-04 3.01e-04 8.27e-02 6.72e-04   0.0
          compressBy2_close_sigSum (compressBy2_60) 1.76e-04 3.27e-04 6.15e-02 5.65e-04   0.0
          isSigNaN_b (isSigNaNRecFN_1_120) 7.32e-06 1.11e-05 4.87e-03 2.33e-05   0.0
          recFNToRawFN_b (recFNToRawFN_1_128) 2.04e-03 7.49e-04    0.221 3.01e-03   0.0
          isSigNaN_a (isSigNaNRecFN_1_121) 5.83e-06 1.13e-05 4.85e-03 2.20e-05   0.0
          recFNToRawFN_a (recFNToRawFN_1_129) 1.62e-03 7.55e-04    0.221 2.60e-03   0.0
      g_red_tree_0__g_add_2__reduce_add (VX_tcu_bhf_fadd_54) 6.52e-02 7.47e-02    7.636    0.147   0.2
        pipe_rnd (VX_pipe_register_4_109) 5.14e-03 1.30e-02    0.505 1.86e-02   0.0
          g_shift_register (VX_shift_register_38_0_1_0_109) 5.14e-03 1.30e-02    0.505 1.86e-02   0.0
        rounding (roundAnyRawFNToRecFN_1_61) 8.84e-03 4.00e-03    1.285 1.41e-02   0.0
          genblk2_genblk1_lowMask_roundMask (lowMaskLoHi_61) 2.45e-04 1.52e-04    0.303 7.01e-04   0.0
            reverse (reverse_2_61)     1.38e-05 5.42e-06    0.153 1.73e-04   0.0
        pipe_add (VX_pipe_register_5_61) 1.85e-02 3.23e-02    1.268 5.21e-02   0.1
          g_shift_register (VX_shift_register_45_0_2_0_61) 1.85e-02 3.23e-02    1.268 5.21e-02   0.1
        adder (addRecFNToRaw_61)       3.26e-02 2.54e-02    4.578 6.26e-02   0.1
          lowMask_far_roundExtraMask (lowMaskHiLo_61) 1.24e-04 2.25e-04 6.92e-02 4.18e-04   0.0
            reverse (reverse_1_61)     6.31e-05 1.09e-04 3.98e-02 2.12e-04   0.0
          compressBy4_far_sigSmaller (compressBy4_61) 4.73e-05 2.47e-04 4.06e-02 3.35e-04   0.0
          countLeadingZeros_close (countLeadingZeros_61) 5.65e-04 5.00e-04    0.156 1.22e-03   0.0
            reverse_in (reverse_63)    2.99e-04 3.03e-04 8.27e-02 6.85e-04   0.0
          compressBy2_close_sigSum (compressBy2_61) 1.60e-04 3.28e-04 6.15e-02 5.49e-04   0.0
          isSigNaN_b (isSigNaNRecFN_1_122) 5.81e-06 1.10e-05 4.84e-03 2.17e-05   0.0
          recFNToRawFN_b (recFNToRawFN_1_130) 2.26e-03 7.60e-04    0.221 3.24e-03   0.0
          isSigNaN_a (isSigNaNRecFN_1_123) 6.64e-06 1.09e-05 4.83e-03 2.23e-05   0.0
          recFNToRawFN_a (recFNToRawFN_1_131) 1.90e-03 7.51e-04    0.221 2.87e-03   0.0
      g_red_tree_0__g_add_1__reduce_add (VX_tcu_bhf_fadd_55) 6.78e-02 7.50e-02    7.759    0.151   0.2
        pipe_rnd (VX_pipe_register_4_110) 5.25e-03 1.31e-02    0.505 1.89e-02   0.0
          g_shift_register (VX_shift_register_38_0_1_0_110) 5.25e-03 1.31e-02    0.505 1.89e-02   0.0
        rounding (roundAnyRawFNToRecFN_1_62) 2.01e-02 4.45e-03    1.393 2.59e-02   0.0
          genblk2_genblk1_lowMask_roundMask (lowMaskLoHi_62) 2.52e-04 1.55e-04    0.303 7.10e-04   0.0
            reverse (reverse_2_62)     1.39e-05 5.53e-06    0.153 1.73e-04   0.0
        pipe_add (VX_pipe_register_5_62) 1.10e-02 3.22e-02    1.268 4.44e-02   0.1
          g_shift_register (VX_shift_register_45_0_2_0_62) 1.10e-02 3.22e-02    1.268 4.44e-02   0.1
        adder (addRecFNToRaw_62)       3.15e-02 2.52e-02    4.586 6.13e-02   0.1
          lowMask_far_roundExtraMask (lowMaskHiLo_62) 1.15e-04 2.25e-04 6.92e-02 4.08e-04   0.0
            reverse (reverse_1_62)     5.09e-05 1.09e-04 3.98e-02 1.99e-04   0.0
          compressBy4_far_sigSmaller (compressBy4_62) 2.85e-05 2.45e-04 4.07e-02 3.14e-04   0.0
          countLeadingZeros_close (countLeadingZeros_62) 5.61e-04 5.01e-04    0.157 1.22e-03   0.0
            reverse_in (reverse_64)    2.95e-04 3.03e-04 8.27e-02 6.80e-04   0.0
          compressBy2_close_sigSum (compressBy2_62) 1.77e-04 3.28e-04 6.15e-02 5.66e-04   0.0
          isSigNaN_b (isSigNaNRecFN_1_124) 5.68e-06 1.08e-05 4.87e-03 2.14e-05   0.0
          recFNToRawFN_b (recFNToRawFN_1_132) 1.95e-03 7.49e-04    0.221 2.92e-03   0.0
          isSigNaN_a (isSigNaNRecFN_1_125) 5.90e-06 1.09e-05 4.84e-03 2.17e-05   0.0
          recFNToRawFN_a (recFNToRawFN_1_133) 1.87e-03 7.52e-04    0.221 2.84e-03   0.0
      g_red_tree_0__g_add_0__reduce_add (VX_tcu_bhf_fadd_56) 5.26e-02 7.44e-02    7.612    0.135   0.2
        pipe_rnd (VX_pipe_register_4_111) 2.80e-03 1.30e-02    0.505 1.63e-02   0.0
          g_shift_register (VX_shift_register_38_0_1_0_111) 2.80e-03 1.30e-02    0.505 1.63e-02   0.0
        rounding (roundAnyRawFNToRecFN_1_63) 7.90e-03 3.92e-03    1.252 1.31e-02   0.0
          genblk2_genblk1_lowMask_roundMask (lowMaskLoHi_63) 2.57e-04 1.53e-04    0.303 7.14e-04   0.0
            reverse (reverse_2_63)     1.35e-05 5.41e-06    0.153 1.72e-04   0.0
        pipe_add (VX_pipe_register_5_63) 9.92e-03 3.22e-02    1.268 4.34e-02   0.1
          g_shift_register (VX_shift_register_45_0_2_0_63) 9.92e-03 3.22e-02    1.268 4.34e-02   0.1
        adder (addRecFNToRaw_63)       3.20e-02 2.53e-02    4.587 6.19e-02   0.1
          lowMask_far_roundExtraMask (lowMaskHiLo_63) 1.17e-04 2.27e-04 6.92e-02 4.13e-04   0.0
            reverse (reverse_1_63)     5.30e-05 1.10e-04 3.98e-02 2.03e-04   0.0
          compressBy4_far_sigSmaller (compressBy4_63) 3.24e-05 2.45e-04 4.08e-02 3.19e-04   0.0
          countLeadingZeros_close (countLeadingZeros_63) 5.51e-04 5.02e-04    0.156 1.21e-03   0.0
            reverse_in (reverse_65)    2.86e-04 3.03e-04 8.26e-02 6.71e-04   0.0
          compressBy2_close_sigSum (compressBy2_63) 1.74e-04 3.28e-04 6.15e-02 5.64e-04   0.0
          isSigNaN_b (isSigNaNRecFN_1_126) 8.65e-06 1.11e-05 4.89e-03 2.46e-05   0.0
          recFNToRawFN_b (recFNToRawFN_1_134) 2.21e-03 7.52e-04    0.221 3.19e-03   0.0
          isSigNaN_a (isSigNaNRecFN_1_127) 7.91e-06 1.13e-05 4.87e-03 2.41e-05   0.0
          recFNToRawFN_a (recFNToRawFN_1_135) 1.77e-03 7.58e-04    0.221 2.75e-03   0.0
      g_prod_7__pipe_mult (VX_pipe_register_1_56) 2.97e-03 1.16e-02    0.477 1.50e-02   0.0
        g_shift_register (VX_shift_register_33_0_1_0_56) 2.97e-03 1.16e-02    0.477 1.50e-02   0.0
      g_prod_7__fp16_mul (VX_tcu_bhf_fmul_56) 2.39e-02 4.90e-02    5.430 7.83e-02   0.1
        pipe_rnd (VX_pipe_register_4_112) 2.67e-03 1.16e-02    0.477 1.47e-02   0.0
          g_shift_register (VX_shift_register_38_0_1_0_112) 2.67e-03 1.16e-02    0.477 1.47e-02   0.0
        rounding (roundAnyRawFNToRecFN_57) 2.37e-03 1.11e-03    0.274 3.76e-03   0.0
        pipe_add (VX_pipe_register_3_56) 4.98e-03 2.46e-02    1.028 3.06e-02   0.0
          g_shift_register (VX_shift_register_37_0_2_0_56) 4.98e-03 2.46e-02    1.028 3.06e-02   0.0
        multiplier (mulRecFNToFullRaw_56) 1.23e-02 1.08e-02    3.024 2.61e-02   0.0
          isSigNaN_b (isSigNaNRecFN_113) 7.24e-06 9.06e-06 4.72e-03 2.10e-05   0.0
          recFNToRawFN_b (recFNToRawFN_113) 9.61e-04 2.23e-04    0.129 1.31e-03   0.0
          isSigNaN_a (isSigNaNRecFN_114) 3.56e-06 7.31e-06 4.71e-03 1.56e-05   0.0
          recFNToRawFN_a (recFNToRawFN_114) 4.34e-04 1.70e-04    0.129 7.34e-04   0.0
        g_in_ieee_from_ieee_b (fNToRecFN_1_112) 7.72e-04 5.27e-04    0.313 1.61e-03   0.0
          clz (bsg_counting_leading_zeros_1_112) 1.20e-04 9.06e-05 6.84e-02 2.79e-04   0.0
            lzc (VX_lzc_1_112)         1.20e-04 9.06e-05 6.84e-02 2.79e-04   0.0
              g_lzc_find_first (VX_find_first_10_4_1_112) 5.39e-05 7.10e-05 5.55e-02 1.80e-04   0.0
        g_in_ieee_from_ieee_a (fNToRecFN_1_113) 7.91e-04 3.97e-04    0.313 1.50e-03   0.0
          clz (bsg_counting_leading_zeros_1_113) 9.01e-05 6.76e-05 6.83e-02 2.26e-04   0.0
            lzc (VX_lzc_1_113)         9.01e-05 6.76e-05 6.83e-02 2.26e-04   0.0
              g_lzc_find_first (VX_find_first_10_4_1_113) 3.96e-05 5.25e-05 5.54e-02 1.48e-04   0.0
      g_prod_6__pipe_mult (VX_pipe_register_1_57) 2.40e-03 1.16e-02    0.477 1.44e-02   0.0
        g_shift_register (VX_shift_register_33_0_1_0_57) 2.40e-03 1.16e-02    0.477 1.44e-02   0.0
      g_prod_6__fp16_mul (VX_tcu_bhf_fmul_57) 2.14e-02 4.90e-02    5.452 7.58e-02   0.1
        pipe_rnd (VX_pipe_register_4_113) 2.21e-03 1.16e-02    0.477 1.42e-02   0.0
          g_shift_register (VX_shift_register_38_0_1_0_113) 2.21e-03 1.16e-02    0.477 1.42e-02   0.0
        rounding (roundAnyRawFNToRecFN_58) 1.27e-03 1.11e-03    0.271 2.66e-03   0.0
        pipe_add (VX_pipe_register_3_57) 4.28e-03 2.46e-02    1.029 2.99e-02   0.0
          g_shift_register (VX_shift_register_37_0_2_0_57) 4.28e-03 2.46e-02    1.029 2.99e-02   0.0
        multiplier (mulRecFNToFullRaw_57) 1.22e-02 1.08e-02    3.048 2.60e-02   0.0
          isSigNaN_b (isSigNaNRecFN_115) 5.10e-06 8.92e-06 4.69e-03 1.87e-05   0.0
          recFNToRawFN_b (recFNToRawFN_115) 8.29e-04 2.22e-04    0.129 1.18e-03   0.0
          isSigNaN_a (isSigNaNRecFN_116) 3.63e-06 6.98e-06 4.67e-03 1.53e-05   0.0
          recFNToRawFN_a (recFNToRawFN_116) 3.98e-04 1.67e-04    0.129 6.95e-04   0.0
        g_in_ieee_from_ieee_b (fNToRecFN_1_114) 7.00e-04 5.29e-04    0.313 1.54e-03   0.0
          clz (bsg_counting_leading_zeros_1_114) 1.20e-04 9.18e-05 6.85e-02 2.80e-04   0.0
            lzc (VX_lzc_1_114)         9.10e-05 8.33e-05 6.21e-02 2.36e-04   0.0
              g_lzc_find_first (VX_find_first_10_4_1_114) 5.52e-05 7.22e-05 5.56e-02 1.83e-04   0.0
        g_in_ieee_from_ieee_a (fNToRecFN_1_115) 7.04e-04 4.01e-04    0.314 1.42e-03   0.0
          clz (bsg_counting_leading_zeros_1_115) 9.34e-05 6.88e-05 6.85e-02 2.31e-04   0.0
            lzc (VX_lzc_1_115)         6.41e-05 6.00e-05 6.20e-02 1.86e-04   0.0
              g_lzc_find_first (VX_find_first_10_4_1_115) 4.06e-05 5.34e-05 5.56e-02 1.50e-04   0.0
      g_prod_5__pipe_mult (VX_pipe_register_1_58) 2.45e-03 1.16e-02    0.477 1.45e-02   0.0
        g_shift_register (VX_shift_register_33_0_1_0_58) 2.45e-03 1.16e-02    0.477 1.45e-02   0.0
      g_prod_5__fp16_mul (VX_tcu_bhf_fmul_58) 2.29e-02 4.90e-02    5.429 7.73e-02   0.1
        pipe_rnd (VX_pipe_register_4_114) 2.63e-03 1.16e-02    0.477 1.47e-02   0.0
          g_shift_register (VX_shift_register_38_0_1_0_114) 2.63e-03 1.16e-02    0.477 1.47e-02   0.0
        rounding (roundAnyRawFNToRecFN_59) 2.26e-03 1.12e-03    0.274 3.65e-03   0.0
        pipe_add (VX_pipe_register_3_58) 4.53e-03 2.46e-02    1.028 3.02e-02   0.0
          g_shift_register (VX_shift_register_37_0_2_0_58) 4.53e-03 2.46e-02    1.028 3.02e-02   0.0
        multiplier (mulRecFNToFullRaw_58) 1.18e-02 1.08e-02    3.022 2.56e-02   0.0
          isSigNaN_b (isSigNaNRecFN_117) 4.45e-06 8.67e-06 4.68e-03 1.78e-05   0.0
          recFNToRawFN_b (recFNToRawFN_117) 7.02e-04 2.20e-04    0.129 1.05e-03   0.0
          isSigNaN_a (isSigNaNRecFN_118) 3.95e-06 7.71e-06 4.68e-03 1.63e-05   0.0
          recFNToRawFN_a (recFNToRawFN_118) 5.57e-04 1.76e-04    0.129 8.62e-04   0.0
        g_in_ieee_from_ieee_b (fNToRecFN_1_116) 6.42e-04 5.20e-04    0.313 1.47e-03   0.0
          clz (bsg_counting_leading_zeros_1_116) 1.18e-04 8.84e-05 6.83e-02 2.74e-04   0.0
            lzc (VX_lzc_1_116)         1.18e-04 8.84e-05 6.83e-02 2.74e-04   0.0
              g_lzc_find_first (VX_find_first_10_4_1_116) 5.29e-05 6.97e-05 5.54e-02 1.78e-04   0.0
        g_in_ieee_from_ieee_a (fNToRecFN_1_117) 1.04e-03 4.01e-04    0.313 1.75e-03   0.0
          clz (bsg_counting_leading_zeros_1_117) 9.35e-05 6.83e-05 6.84e-02 2.30e-04   0.0
            lzc (VX_lzc_1_117)         9.35e-05 6.83e-05 6.84e-02 2.30e-04   0.0
              g_lzc_find_first (VX_find_first_10_4_1_117) 4.16e-05 5.30e-05 5.55e-02 1.50e-04   0.0
      g_prod_4__pipe_mult (VX_pipe_register_1_59) 3.29e-03 1.16e-02    0.477 1.54e-02   0.0
        g_shift_register (VX_shift_register_33_0_1_0_59) 3.29e-03 1.16e-02    0.477 1.54e-02   0.0
      g_prod_4__fp16_mul (VX_tcu_bhf_fmul_59) 2.65e-02 4.91e-02    5.435 8.11e-02   0.1
        pipe_rnd (VX_pipe_register_4_115) 5.51e-03 1.16e-02    0.477 1.76e-02   0.0
          g_shift_register (VX_shift_register_38_0_1_0_115) 5.51e-03 1.16e-02    0.477 1.76e-02   0.0
        rounding (roundAnyRawFNToRecFN_60) 2.14e-03 1.13e-03    0.273 3.54e-03   0.0
        pipe_add (VX_pipe_register_3_59) 4.77e-03 2.46e-02    1.028 3.04e-02   0.0
          g_shift_register (VX_shift_register_37_0_2_0_59) 4.77e-03 2.46e-02    1.028 3.04e-02   0.0
        multiplier (mulRecFNToFullRaw_59) 1.19e-02 1.09e-02    3.024 2.58e-02   0.0
          isSigNaN_b (isSigNaNRecFN_119) 4.36e-06 8.82e-06 4.67e-03 1.79e-05   0.0
          recFNToRawFN_b (recFNToRawFN_119) 7.20e-04 2.24e-04    0.129 1.07e-03   0.0
          isSigNaN_a (isSigNaNRecFN_120) 4.31e-06 8.10e-06 4.71e-03 1.71e-05   0.0
          recFNToRawFN_a (recFNToRawFN_120) 8.50e-04 1.85e-04    0.129 1.16e-03   0.0
        g_in_ieee_from_ieee_b (fNToRecFN_1_118) 6.89e-04 5.31e-04    0.313 1.53e-03   0.0
          clz (bsg_counting_leading_zeros_1_118) 1.18e-04 9.14e-05 6.84e-02 2.78e-04   0.0
            lzc (VX_lzc_1_118)         8.12e-05 8.04e-05 6.19e-02 2.23e-04   0.0
              g_lzc_find_first (VX_find_first_10_4_1_118) 5.29e-05 7.19e-05 5.55e-02 1.80e-04   0.0
        g_in_ieee_from_ieee_a (fNToRecFN_1_119) 1.49e-03 4.11e-04    0.320 2.22e-03   0.0
          clz (bsg_counting_leading_zeros_1_119) 9.12e-05 6.82e-05 6.83e-02 2.28e-04   0.0
            lzc (VX_lzc_1_119)         9.12e-05 6.82e-05 6.83e-02 2.28e-04   0.0
              g_lzc_find_first (VX_find_first_10_4_1_119) 4.10e-05 5.29e-05 5.55e-02 1.49e-04   0.0
      g_prod_3__pipe_mult (VX_pipe_register_1_60) 2.56e-03 1.16e-02    0.477 1.46e-02   0.0
        g_shift_register (VX_shift_register_33_0_1_0_60) 2.56e-03 1.16e-02    0.477 1.46e-02   0.0
      g_prod_3__fp16_mul (VX_tcu_bhf_fmul_60) 2.10e-02 4.90e-02    5.427 7.53e-02   0.1
        pipe_rnd (VX_pipe_register_4_116) 2.09e-03 1.16e-02    0.477 1.41e-02   0.0
          g_shift_register (VX_shift_register_38_0_1_0_116) 2.09e-03 1.16e-02    0.477 1.41e-02   0.0
        rounding (roundAnyRawFNToRecFN_61) 9.92e-04 1.10e-03    0.272 2.37e-03   0.0
        pipe_add (VX_pipe_register_3_60) 4.29e-03 2.46e-02    1.029 2.99e-02   0.0
          g_shift_register (VX_shift_register_37_0_2_0_60) 4.29e-03 2.46e-02    1.029 2.99e-02   0.0
        multiplier (mulRecFNToFullRaw_60) 1.19e-02 1.08e-02    3.022 2.57e-02   0.0
          isSigNaN_b (isSigNaNRecFN_121) 6.80e-06 9.06e-06 4.66e-03 2.05e-05   0.0
          recFNToRawFN_b (recFNToRawFN_121) 1.12e-03 2.23e-04    0.129 1.47e-03   0.0
          isSigNaN_a (isSigNaNRecFN_122) 4.34e-06 7.46e-06 4.64e-03 1.64e-05   0.0
          recFNToRawFN_a (recFNToRawFN_122) 4.39e-04 1.73e-04    0.129 7.41e-04   0.0
        g_in_ieee_from_ieee_b (fNToRecFN_1_120) 7.45e-04 5.25e-04    0.314 1.58e-03   0.0
          clz (bsg_counting_leading_zeros_1_120) 1.19e-04 9.07e-05 6.83e-02 2.78e-04   0.0
            lzc (VX_lzc_1_120)         1.19e-04 9.07e-05 6.83e-02 2.78e-04   0.0
              g_lzc_find_first (VX_find_first_10_4_1_120) 5.49e-05 7.14e-05 5.54e-02 1.82e-04   0.0
        g_in_ieee_from_ieee_a (fNToRecFN_1_121) 9.04e-04 3.99e-04    0.314 1.62e-03   0.0
          clz (bsg_counting_leading_zeros_1_121) 9.01e-05 6.71e-05 6.83e-02 2.25e-04   0.0
            lzc (VX_lzc_1_121)         9.01e-05 6.71e-05 6.83e-02 2.25e-04   0.0
              g_lzc_find_first (VX_find_first_10_4_1_121) 3.97e-05 5.24e-05 5.54e-02 1.48e-04   0.0
      g_prod_2__pipe_mult (VX_pipe_register_1_61) 2.94e-03 1.16e-02    0.477 1.50e-02   0.0
        g_shift_register (VX_shift_register_33_0_1_0_61) 2.94e-03 1.16e-02    0.477 1.50e-02   0.0
      g_prod_2__fp16_mul (VX_tcu_bhf_fmul_61) 2.37e-02 4.90e-02    5.428 7.82e-02   0.1
        pipe_rnd (VX_pipe_register_4_117) 2.83e-03 1.16e-02    0.477 1.49e-02   0.0
          g_shift_register (VX_shift_register_38_0_1_0_117) 2.83e-03 1.16e-02    0.477 1.49e-02   0.0
        rounding (roundAnyRawFNToRecFN_62) 2.68e-03 1.12e-03    0.273 4.07e-03   0.0
        pipe_add (VX_pipe_register_3_61) 4.87e-03 2.46e-02    1.028 3.05e-02   0.0
          g_shift_register (VX_shift_register_37_0_2_0_61) 4.87e-03 2.46e-02    1.028 3.05e-02   0.0
        multiplier (mulRecFNToFullRaw_61) 1.16e-02 1.08e-02    3.023 2.54e-02   0.0
          isSigNaN_b (isSigNaNRecFN_123) 4.76e-06 8.88e-06 4.66e-03 1.83e-05   0.0
          recFNToRawFN_b (recFNToRawFN_123) 9.38e-04 2.22e-04    0.129 1.29e-03   0.0
          isSigNaN_a (isSigNaNRecFN_124) 3.93e-06 7.53e-06 4.68e-03 1.61e-05   0.0
          recFNToRawFN_a (recFNToRawFN_124) 5.19e-04 1.74e-04    0.129 8.23e-04   0.0
        g_in_ieee_from_ieee_b (fNToRecFN_1_122) 7.12e-04 5.28e-04    0.313 1.55e-03   0.0
          clz (bsg_counting_leading_zeros_1_122) 1.18e-04 9.11e-05 6.83e-02 2.78e-04   0.0
            lzc (VX_lzc_1_122)         1.18e-04 9.11e-05 6.83e-02 2.78e-04   0.0
              g_lzc_find_first (VX_find_first_10_4_1_122) 5.34e-05 7.16e-05 5.55e-02 1.80e-04   0.0
        g_in_ieee_from_ieee_a (fNToRecFN_1_123) 9.87e-04 4.00e-04    0.313 1.70e-03   0.0
          clz (bsg_counting_leading_zeros_1_123) 9.15e-05 6.78e-05 6.82e-02 2.27e-04   0.0
            lzc (VX_lzc_1_123)         6.29e-05 5.90e-05 6.17e-02 1.84e-04   0.0
              g_lzc_find_first (VX_find_first_10_4_1_123) 3.93e-05 5.23e-05 5.53e-02 1.47e-04   0.0
      g_prod_1__pipe_mult (VX_pipe_register_1_62) 2.38e-03 1.16e-02    0.477 1.44e-02   0.0
        g_shift_register (VX_shift_register_33_0_1_0_62) 2.38e-03 1.16e-02    0.477 1.44e-02   0.0
      g_prod_1__fp16_mul (VX_tcu_bhf_fmul_62) 2.42e-02 4.90e-02    5.442 7.86e-02   0.1
        pipe_rnd (VX_pipe_register_4_118) 2.73e-03 1.15e-02    0.477 1.48e-02   0.0
          g_shift_register (VX_shift_register_38_0_1_0_118) 2.73e-03 1.15e-02    0.477 1.48e-02   0.0
        rounding (roundAnyRawFNToRecFN_63) 1.81e-03 1.10e-03    0.271 3.18e-03   0.0
        pipe_add (VX_pipe_register_3_62) 4.43e-03 2.46e-02    1.028 3.01e-02   0.0
          g_shift_register (VX_shift_register_37_0_2_0_62) 4.43e-03 2.46e-02    1.028 3.01e-02   0.0
        multiplier (mulRecFNToFullRaw_62) 1.34e-02 1.08e-02    3.038 2.73e-02   0.0
          isSigNaN_b (isSigNaNRecFN_125) 4.96e-06 8.98e-06 4.70e-03 1.87e-05   0.0
          recFNToRawFN_b (recFNToRawFN_125) 1.05e-03 2.24e-04    0.129 1.40e-03   0.0
          isSigNaN_a (isSigNaNRecFN_126) 3.65e-06 7.52e-06 4.71e-03 1.59e-05   0.0
          recFNToRawFN_a (recFNToRawFN_126) 6.57e-04 1.74e-04    0.131 9.62e-04   0.0
        g_in_ieee_from_ieee_b (fNToRecFN_1_124) 7.03e-04 5.29e-04    0.313 1.55e-03   0.0
          clz (bsg_counting_leading_zeros_1_124) 1.19e-04 9.12e-05 6.85e-02 2.79e-04   0.0
            lzc (VX_lzc_1_124)         1.19e-04 9.12e-05 6.85e-02 2.79e-04   0.0
              g_lzc_find_first (VX_find_first_10_4_1_124) 5.42e-05 7.17e-05 5.56e-02 1.82e-04   0.0
        g_in_ieee_from_ieee_a (fNToRecFN_1_125) 1.12e-03 4.00e-04    0.315 1.83e-03   0.0
          clz (bsg_counting_leading_zeros_1_125) 9.21e-05 6.86e-05 6.86e-02 2.29e-04   0.0
            lzc (VX_lzc_1_125)         9.21e-05 6.86e-05 6.86e-02 2.29e-04   0.0
              g_lzc_find_first (VX_find_first_10_4_1_125) 4.17e-05 5.34e-05 5.57e-02 1.51e-04   0.0
      g_prod_0__pipe_mult (VX_pipe_register_1_63) 2.38e-03 1.16e-02    0.477 1.44e-02   0.0
        g_shift_register (VX_shift_register_33_0_1_0_63) 2.38e-03 1.16e-02    0.477 1.44e-02   0.0
      g_prod_0__fp16_mul (VX_tcu_bhf_fmul_63) 2.52e-02 4.91e-02    5.481 7.98e-02   0.1
        pipe_rnd (VX_pipe_register_4_119) 2.86e-03 1.16e-02    0.477 1.49e-02   0.0
          g_shift_register (VX_shift_register_38_0_1_0_119) 2.86e-03 1.16e-02    0.477 1.49e-02   0.0
        rounding (roundAnyRawFNToRecFN_64) 1.31e-03 1.10e-03    0.272 2.68e-03   0.0
        pipe_add (VX_pipe_register_3_63) 4.48e-03 2.46e-02    1.028 3.01e-02   0.0
          g_shift_register (VX_shift_register_37_0_2_0_63) 4.48e-03 2.46e-02    1.028 3.01e-02   0.0
        multiplier (mulRecFNToFullRaw_63) 1.42e-02 1.09e-02    3.058 2.82e-02   0.0
          isSigNaN_b (isSigNaNRecFN_127) 5.02e-06 9.06e-06 4.70e-03 1.88e-05   0.0
          recFNToRawFN_b (recFNToRawFN_127) 9.15e-04 2.24e-04    0.129 1.27e-03   0.0
          isSigNaN_a (isSigNaNRecFN_128) 5.76e-06 9.11e-06 5.71e-03 2.06e-05   0.0
          recFNToRawFN_a (recFNToRawFN_128) 1.37e-03 1.77e-04    0.134 1.68e-03   0.0
        g_in_ieee_from_ieee_b (fNToRecFN_1_126) 7.02e-04 5.31e-04    0.313 1.55e-03   0.0
          clz (bsg_counting_leading_zeros_1_126) 1.20e-04 9.10e-05 6.84e-02 2.79e-04   0.0
            lzc (VX_lzc_1_126)         1.20e-04 9.10e-05 6.84e-02 2.79e-04   0.0
              g_lzc_find_first (VX_find_first_10_4_1_126) 5.47e-05 7.14e-05 5.55e-02 1.82e-04   0.0
        g_in_ieee_from_ieee_a (fNToRecFN_1_127) 1.63e-03 4.20e-04    0.333 2.38e-03   0.0
          clz (bsg_counting_leading_zeros_1_127) 9.22e-05 6.82e-05 6.84e-02 2.29e-04   0.0
            lzc (VX_lzc_1_127)         9.22e-05 6.82e-05 6.84e-02 2.29e-04   0.0
              g_lzc_find_first (VX_find_first_10_4_1_127) 4.06e-05 5.29e-05 5.55e-02 1.49e-04   0.0
    g_i_6__g_j_0__genblk1_u_buffer_ex (VX_pipe_register_13) 1.66e-02 9.44e-02    4.324    0.115   0.2
      g_shift_register (VX_shift_register_582_0_1_0_7) 1.66e-02 9.44e-02    4.324    0.115   0.2
    g_i_5__g_j_3__fedp (VX_tcu_fedp_bhf_8)    0.705    1.220  117.214    2.042   2.8
      final_add (VX_tcu_bhf_fadd_1_8)  6.37e-02 6.80e-02    8.799    0.141   0.2
        pipe_rnd (VX_pipe_register_6_8) 1.36e-02 1.25e-02    0.726 2.68e-02   0.0
          g_shift_register (VX_shift_register_37_0_1_0_8) 1.36e-02 1.25e-02    0.726 2.68e-02   0.0
        g_out_ieee_to_ieee (recFNToFN_8) 1.05e-02 2.78e-03    0.797 1.41e-02   0.0
          recFNToRawFN (recFNToRawFN_1_136) 6.04e-03 5.93e-04    0.227 6.86e-03   0.0
        rounding (roundAnyRawFNToRecFN_1_64) 8.40e-03 3.00e-03    1.226 1.26e-02   0.0
          genblk2_genblk1_lowMask_roundMask (lowMaskLoHi_64) 2.48e-04 1.40e-04    0.302 6.90e-04   0.0
            reverse (reverse_2_64)     6.90e-06 2.75e-06    0.154 1.63e-04   0.0
        pipe_add (VX_pipe_register_5_64) 6.31e-03 3.05e-02    1.265 3.81e-02   0.1
          g_shift_register (VX_shift_register_45_0_2_0_64) 6.31e-03 3.05e-02    1.265 3.81e-02   0.1
        adder (addRecFNToRaw_64)       2.43e-02 1.92e-02    4.757 4.82e-02   0.1
          lowMask_far_roundExtraMask (lowMaskHiLo_64) 4.67e-05 8.01e-05 8.04e-02 2.07e-04   0.0
            reverse (reverse_1_64)     2.18e-05 3.77e-05 5.04e-02 1.10e-04   0.0
          compressBy4_far_sigSmaller (compressBy4_64) 4.35e-05 1.84e-04 4.51e-02 2.73e-04   0.0
          countLeadingZeros_close (countLeadingZeros_64) 5.49e-04 4.56e-04    0.163 1.17e-03   0.0
            reverse_in (reverse_66)    2.74e-04 3.11e-04 9.01e-02 6.76e-04   0.0
          compressBy2_close_sigSum (compressBy2_64) 2.07e-04 3.37e-04 6.60e-02 6.11e-04   0.0
          isSigNaN_b (isSigNaNRecFN_1_128) 3.04e-06 5.36e-06 4.58e-03 1.30e-05   0.0
          recFNToRawFN_b (recFNToRawFN_1_137) 5.54e-04 2.76e-04    0.236 1.07e-03   0.0
          isSigNaN_a (isSigNaNRecFN_1_129) 6.79e-06 1.33e-05 4.76e-03 2.48e-05   0.0
          recFNToRawFN_a (recFNToRawFN_1_138) 1.26e-03 8.17e-04    0.232 2.30e-03   0.0
      pipe_c (VX_pipe_register_2_8)    1.89e-02    0.139    6.433    0.164   0.2
        g_shift_register (VX_shift_register_33_0_13_0_8) 1.89e-02    0.139    6.433    0.164   0.2
      conv_c (fNToRecFN_9)             1.35e-03 9.11e-04    0.743 3.00e-03   0.0
        clz (bsg_counting_leading_zeros_9) 1.15e-04 1.10e-04    0.119 3.45e-04   0.0
          lzc (VX_lzc_9)               1.15e-04 1.10e-04    0.119 3.45e-04   0.0
            g_lzc_find_first (VX_find_first_23_5_1_8) 1.00e-04 1.07e-04    0.107 3.14e-04   0.0
      g_red_tree_2__g_add_0__reduce_add (VX_tcu_bhf_fadd_57) 5.26e-02 7.59e-02    7.747    0.136   0.2
        pipe_rnd (VX_pipe_register_4_120) 2.31e-03 1.26e-02    0.504 1.54e-02   0.0
          g_shift_register (VX_shift_register_38_0_1_0_120) 2.31e-03 1.26e-02    0.504 1.54e-02   0.0
        rounding (roundAnyRawFNToRecFN_1_65) 5.58e-03 3.68e-03    1.205 1.05e-02   0.0
          genblk2_genblk1_lowMask_roundMask (lowMaskLoHi_65) 2.63e-04 1.44e-04    0.302 7.09e-04   0.0
            reverse (reverse_2_65)     1.34e-05 5.42e-06    0.154 1.72e-04   0.0
        pipe_add (VX_pipe_register_5_65) 7.25e-03 3.16e-02    1.265 4.01e-02   0.1
          g_shift_register (VX_shift_register_45_0_2_0_65) 7.25e-03 3.16e-02    1.265 4.01e-02   0.1
        adder (addRecFNToRaw_65)       3.75e-02 2.81e-02    4.773 7.03e-02   0.1
          lowMask_far_roundExtraMask (lowMaskHiLo_65) 1.63e-04 3.00e-04 8.09e-02 5.44e-04   0.0
            reverse (reverse_1_65)     7.32e-05 1.46e-04 4.72e-02 2.67e-04   0.0
          compressBy4_far_sigSmaller (compressBy4_65) 7.44e-05 3.64e-04 4.78e-02 4.86e-04   0.0
          countLeadingZeros_close (countLeadingZeros_65) 6.02e-04 5.31e-04    0.163 1.30e-03   0.0
            reverse_in (reverse_67)    3.19e-04 3.68e-04 8.95e-02 7.76e-04   0.0
          compressBy2_close_sigSum (compressBy2_65) 2.06e-04 3.98e-04 6.61e-02 6.70e-04   0.0
          isSigNaN_b (isSigNaNRecFN_1_130) 5.10e-06 8.45e-06 4.18e-03 1.77e-05   0.0
          recFNToRawFN_b (recFNToRawFN_1_139) 2.54e-03 9.06e-04    0.233 3.68e-03   0.0
          isSigNaN_a (isSigNaNRecFN_1_131) 4.89e-06 8.40e-06 4.18e-03 1.75e-05   0.0
          recFNToRawFN_a (recFNToRawFN_1_140) 1.81e-03 8.98e-04    0.233 2.94e-03   0.0
      g_red_tree_1__g_add_1__reduce_add (VX_tcu_bhf_fadd_58) 5.78e-02 7.65e-02    7.778    0.142   0.2
        pipe_rnd (VX_pipe_register_4_121) 2.46e-03 1.29e-02    0.505 1.58e-02   0.0
          g_shift_register (VX_shift_register_38_0_1_0_121) 2.46e-03 1.29e-02    0.505 1.58e-02   0.0
        rounding (roundAnyRawFNToRecFN_1_66) 6.58e-03 3.89e-03    1.223 1.17e-02   0.0
          genblk2_genblk1_lowMask_roundMask (lowMaskLoHi_66) 2.82e-04 1.56e-04    0.303 7.41e-04   0.0
            reverse (reverse_2_66)     1.36e-05 5.42e-06    0.153 1.72e-04   0.0
        pipe_add (VX_pipe_register_5_66) 1.10e-02 3.17e-02    1.266 4.40e-02   0.1
          g_shift_register (VX_shift_register_45_0_2_0_66) 1.10e-02 3.17e-02    1.266 4.40e-02   0.1
        adder (addRecFNToRaw_66)       3.78e-02 2.80e-02    4.778 7.06e-02   0.1
          lowMask_far_roundExtraMask (lowMaskHiLo_66) 1.52e-04 2.69e-04 8.07e-02 5.02e-04   0.0
            reverse (reverse_1_66)     7.54e-05 1.30e-04 4.69e-02 2.52e-04   0.0
          compressBy4_far_sigSmaller (compressBy4_66) 9.43e-05 3.43e-04 4.63e-02 4.83e-04   0.0
          countLeadingZeros_close (countLeadingZeros_66) 5.81e-04 5.19e-04    0.163 1.26e-03   0.0
            reverse_in (reverse_68)    3.04e-04 3.62e-04 8.98e-02 7.56e-04   0.0
          compressBy2_close_sigSum (compressBy2_66) 2.07e-04 3.92e-04 6.62e-02 6.65e-04   0.0
          isSigNaN_b (isSigNaNRecFN_1_132) 6.70e-06 9.48e-06 4.41e-03 2.06e-05   0.0
          recFNToRawFN_b (recFNToRawFN_1_141) 3.12e-03 9.23e-04    0.234 4.27e-03   0.0
          isSigNaN_a (isSigNaNRecFN_1_133) 5.64e-06 9.29e-06 4.37e-03 1.93e-05   0.0
          recFNToRawFN_a (recFNToRawFN_1_142) 2.01e-03 9.23e-04    0.234 3.16e-03   0.0
      g_red_tree_1__g_add_0__reduce_add (VX_tcu_bhf_fadd_59) 5.98e-02 7.67e-02    7.795    0.144   0.2
        pipe_rnd (VX_pipe_register_4_122) 3.32e-03 1.29e-02    0.505 1.67e-02   0.0
          g_shift_register (VX_shift_register_38_0_1_0_122) 3.32e-03 1.29e-02    0.505 1.67e-02   0.0
        rounding (roundAnyRawFNToRecFN_1_67) 7.93e-03 3.93e-03    1.244 1.31e-02   0.0
          genblk2_genblk1_lowMask_roundMask (lowMaskLoHi_67) 2.59e-04 1.51e-04    0.302 7.12e-04   0.0
            reverse (reverse_2_67)     1.34e-05 5.42e-06    0.153 1.72e-04   0.0
        pipe_add (VX_pipe_register_5_67) 1.08e-02 3.18e-02    1.265 4.38e-02   0.1
          g_shift_register (VX_shift_register_45_0_2_0_67) 1.08e-02 3.18e-02    1.265 4.38e-02   0.1
        adder (addRecFNToRaw_67)       3.78e-02 2.81e-02    4.782 7.07e-02   0.1
          lowMask_far_roundExtraMask (lowMaskHiLo_67) 1.44e-04 2.73e-04 8.07e-02 4.98e-04   0.0
            reverse (reverse_1_67)     6.97e-05 1.32e-04 4.69e-02 2.48e-04   0.0
          compressBy4_far_sigSmaller (compressBy4_67) 6.00e-05 3.43e-04 4.63e-02 4.49e-04   0.0
          countLeadingZeros_close (countLeadingZeros_67) 6.43e-04 5.21e-04    0.163 1.33e-03   0.0
            reverse_in (reverse_69)    3.73e-04 3.65e-04 8.98e-02 8.28e-04   0.0
          compressBy2_close_sigSum (compressBy2_67) 1.91e-04 3.93e-04 6.62e-02 6.50e-04   0.0
          isSigNaN_b (isSigNaNRecFN_1_134) 6.14e-06 9.49e-06 4.41e-03 2.00e-05   0.0
          recFNToRawFN_b (recFNToRawFN_1_143) 2.46e-03 9.23e-04    0.234 3.61e-03   0.0
          isSigNaN_a (isSigNaNRecFN_1_135) 6.71e-06 9.29e-06 4.36e-03 2.04e-05   0.0
          recFNToRawFN_a (recFNToRawFN_1_144) 1.94e-03 9.39e-04    0.234 3.11e-03   0.0
      g_red_tree_0__g_add_3__reduce_add (VX_tcu_bhf_fadd_60) 6.50e-02 7.45e-02    7.661    0.147   0.2
        pipe_rnd (VX_pipe_register_4_123) 4.01e-03 1.31e-02    0.505 1.76e-02   0.0
          g_shift_register (VX_shift_register_38_0_1_0_123) 4.01e-03 1.31e-02    0.505 1.76e-02   0.0
        rounding (roundAnyRawFNToRecFN_1_68) 1.57e-02 4.02e-03    1.293 2.10e-02   0.0
          genblk2_genblk1_lowMask_roundMask (lowMaskLoHi_68) 2.50e-04 1.50e-04    0.303 7.04e-04   0.0
            reverse (reverse_2_68)     1.37e-05 5.42e-06    0.153 1.72e-04   0.0
        pipe_add (VX_pipe_register_5_68) 1.32e-02 3.22e-02    1.268 4.67e-02   0.1
          g_shift_register (VX_shift_register_45_0_2_0_68) 1.32e-02 3.22e-02    1.268 4.67e-02   0.1
        adder (addRecFNToRaw_68)       3.21e-02 2.52e-02    4.588 6.19e-02   0.1
          lowMask_far_roundExtraMask (lowMaskHiLo_68) 1.14e-04 2.23e-04 6.92e-02 4.06e-04   0.0
            reverse (reverse_1_68)     5.34e-05 1.07e-04 3.99e-02 2.01e-04   0.0
          compressBy4_far_sigSmaller (compressBy4_68) 3.38e-05 2.46e-04 4.06e-02 3.21e-04   0.0
          countLeadingZeros_close (countLeadingZeros_68) 5.53e-04 5.04e-04    0.156 1.21e-03   0.0
            reverse_in (reverse_70)    2.84e-04 3.04e-04 8.26e-02 6.71e-04   0.0
          compressBy2_close_sigSum (compressBy2_68) 1.74e-04 3.29e-04 6.14e-02 5.65e-04   0.0
          isSigNaN_b (isSigNaNRecFN_1_136) 7.91e-06 1.12e-05 4.86e-03 2.39e-05   0.0
          recFNToRawFN_b (recFNToRawFN_1_145) 2.17e-03 7.58e-04    0.221 3.15e-03   0.0
          isSigNaN_a (isSigNaNRecFN_1_137) 6.75e-06 1.08e-05 4.88e-03 2.24e-05   0.0
          recFNToRawFN_a (recFNToRawFN_1_146) 1.63e-03 7.46e-04    0.221 2.59e-03   0.0
      g_red_tree_0__g_add_2__reduce_add (VX_tcu_bhf_fadd_61) 5.48e-02 7.44e-02    7.627    0.137   0.2
        pipe_rnd (VX_pipe_register_4_124) 3.44e-03 1.30e-02    0.505 1.69e-02   0.0
          g_shift_register (VX_shift_register_38_0_1_0_124) 3.44e-03 1.30e-02    0.505 1.69e-02   0.0
        rounding (roundAnyRawFNToRecFN_1_69) 8.36e-03 3.91e-03    1.265 1.35e-02   0.0
          genblk2_genblk1_lowMask_roundMask (lowMaskLoHi_69) 2.39e-04 1.51e-04    0.303 6.94e-04   0.0
            reverse (reverse_2_69)     1.44e-05 5.43e-06    0.153 1.73e-04   0.0
        pipe_add (VX_pipe_register_5_69) 1.10e-02 3.22e-02    1.268 4.45e-02   0.1
          g_shift_register (VX_shift_register_45_0_2_0_69) 1.10e-02 3.22e-02    1.268 4.45e-02   0.1
        adder (addRecFNToRaw_69)       3.20e-02 2.53e-02    4.589 6.18e-02   0.1
          lowMask_far_roundExtraMask (lowMaskHiLo_69) 1.16e-04 2.24e-04 6.92e-02 4.09e-04   0.0
            reverse (reverse_1_69)     6.18e-05 1.09e-04 3.98e-02 2.10e-04   0.0
          compressBy4_far_sigSmaller (compressBy4_69) 7.25e-05 2.47e-04 4.07e-02 3.60e-04   0.0
          countLeadingZeros_close (countLeadingZeros_69) 5.45e-04 5.01e-04    0.156 1.20e-03   0.0
            reverse_in (reverse_71)    2.86e-04 3.04e-04 8.27e-02 6.73e-04   0.0
          compressBy2_close_sigSum (compressBy2_69) 1.57e-04 3.29e-04 6.15e-02 5.47e-04   0.0
          isSigNaN_b (isSigNaNRecFN_1_138) 5.81e-06 1.13e-05 4.85e-03 2.19e-05   0.0
          recFNToRawFN_b (recFNToRawFN_1_147) 2.07e-03 7.57e-04    0.221 3.05e-03   0.0
          isSigNaN_a (isSigNaNRecFN_1_139) 6.38e-06 1.09e-05 4.86e-03 2.21e-05   0.0
          recFNToRawFN_a (recFNToRawFN_1_148) 1.63e-03 7.49e-04    0.221 2.60e-03   0.0
      g_red_tree_0__g_add_1__reduce_add (VX_tcu_bhf_fadd_62) 5.40e-02 7.43e-02    7.621    0.136   0.2
        pipe_rnd (VX_pipe_register_4_125) 4.04e-03 1.30e-02    0.505 1.75e-02   0.0
          g_shift_register (VX_shift_register_38_0_1_0_125) 4.04e-03 1.30e-02    0.505 1.75e-02   0.0
        rounding (roundAnyRawFNToRecFN_1_70) 7.82e-03 3.90e-03    1.259 1.30e-02   0.0
          genblk2_genblk1_lowMask_roundMask (lowMaskLoHi_70) 2.48e-04 1.52e-04    0.303 7.03e-04   0.0
            reverse (reverse_2_70)     1.33e-05 5.42e-06    0.153 1.72e-04   0.0
        pipe_add (VX_pipe_register_5_70) 1.10e-02 3.22e-02    1.268 4.45e-02   0.1
          g_shift_register (VX_shift_register_45_0_2_0_70) 1.10e-02 3.22e-02    1.268 4.45e-02   0.1
        adder (addRecFNToRaw_70)       3.12e-02 2.52e-02    4.589 6.10e-02   0.1
          lowMask_far_roundExtraMask (lowMaskHiLo_70) 1.06e-04 2.23e-04 6.92e-02 3.99e-04   0.0
            reverse (reverse_1_70)     4.70e-05 1.08e-04 3.98e-02 1.95e-04   0.0
          compressBy4_far_sigSmaller (compressBy4_70) 3.71e-05 2.45e-04 4.07e-02 3.23e-04   0.0
          countLeadingZeros_close (countLeadingZeros_70) 5.43e-04 5.00e-04    0.156 1.20e-03   0.0
            reverse_in (reverse_72)    2.86e-04 3.03e-04 8.26e-02 6.72e-04   0.0
          compressBy2_close_sigSum (compressBy2_70) 1.78e-04 3.28e-04 6.15e-02 5.68e-04   0.0
          isSigNaN_b (isSigNaNRecFN_1_140) 6.65e-06 1.11e-05 4.84e-03 2.26e-05   0.0
          recFNToRawFN_b (recFNToRawFN_1_149) 1.94e-03 7.52e-04    0.221 2.91e-03   0.0
          isSigNaN_a (isSigNaNRecFN_1_141) 7.07e-06 1.09e-05 4.84e-03 2.29e-05   0.0
          recFNToRawFN_a (recFNToRawFN_1_150) 1.74e-03 7.55e-04    0.221 2.71e-03   0.0
      g_red_tree_0__g_add_0__reduce_add (VX_tcu_bhf_fadd_63) 6.97e-02 7.47e-02    7.727    0.152   0.2
        pipe_rnd (VX_pipe_register_4_126) 6.44e-03 1.31e-02    0.505 2.00e-02   0.0
          g_shift_register (VX_shift_register_38_0_1_0_126) 6.44e-03 1.31e-02    0.505 2.00e-02   0.0
        rounding (roundAnyRawFNToRecFN_1_71) 1.61e-02 4.21e-03    1.360 2.17e-02   0.0
          genblk2_genblk1_lowMask_roundMask (lowMaskLoHi_71) 2.45e-04 1.53e-04    0.303 7.01e-04   0.0
            reverse (reverse_2_71)     1.46e-05 5.42e-06    0.153 1.73e-04   0.0
        pipe_add (VX_pipe_register_5_71) 1.51e-02 3.22e-02    1.268 4.86e-02   0.1
          g_shift_register (VX_shift_register_45_0_2_0_71) 1.51e-02 3.22e-02    1.268 4.86e-02   0.1
        adder (addRecFNToRaw_71)       3.21e-02 2.52e-02    4.586 6.18e-02   0.1
          lowMask_far_roundExtraMask (lowMaskHiLo_71) 1.27e-04 2.25e-04 6.92e-02 4.22e-04   0.0
            reverse (reverse_1_71)     6.59e-05 1.09e-04 3.99e-02 2.15e-04   0.0
          compressBy4_far_sigSmaller (compressBy4_71) 5.31e-05 2.45e-04 4.07e-02 3.39e-04   0.0
          countLeadingZeros_close (countLeadingZeros_71) 5.60e-04 5.01e-04    0.156 1.22e-03   0.0
            reverse_in (reverse_73)    2.97e-04 3.04e-04 8.27e-02 6.84e-04   0.0
          compressBy2_close_sigSum (compressBy2_71) 1.65e-04 3.29e-04 6.15e-02 5.55e-04   0.0
          isSigNaN_b (isSigNaNRecFN_1_142) 1.09e-05 1.09e-05 4.86e-03 2.67e-05   0.0
          recFNToRawFN_b (recFNToRawFN_1_151) 2.41e-03 7.50e-04    0.221 3.38e-03   0.0
          isSigNaN_a (isSigNaNRecFN_1_143) 8.02e-06 1.13e-05 4.86e-03 2.41e-05   0.0
          recFNToRawFN_a (recFNToRawFN_1_152) 1.71e-03 7.53e-04    0.221 2.68e-03   0.0
      g_prod_7__pipe_mult (VX_pipe_register_1_64) 2.43e-03 1.16e-02    0.477 1.45e-02   0.0
        g_shift_register (VX_shift_register_33_0_1_0_64) 2.43e-03 1.16e-02    0.477 1.45e-02   0.0
      g_prod_7__fp16_mul (VX_tcu_bhf_fmul_64) 2.09e-02 4.91e-02    5.431 7.54e-02   0.1
        pipe_rnd (VX_pipe_register_4_127) 2.30e-03 1.16e-02    0.477 1.43e-02   0.0
          g_shift_register (VX_shift_register_38_0_1_0_127) 2.30e-03 1.16e-02    0.477 1.43e-02   0.0
        rounding (roundAnyRawFNToRecFN_65) 1.19e-03 1.11e-03    0.273 2.57e-03   0.0
        pipe_add (VX_pipe_register_3_64) 4.50e-03 2.46e-02    1.029 3.01e-02   0.0
          g_shift_register (VX_shift_register_37_0_2_0_64) 4.50e-03 2.46e-02    1.029 3.01e-02   0.0
        multiplier (mulRecFNToFullRaw_64) 1.16e-02 1.08e-02    3.024 2.55e-02   0.0
          isSigNaN_b (isSigNaNRecFN_129) 5.13e-06 9.13e-06 4.73e-03 1.90e-05   0.0
          recFNToRawFN_b (recFNToRawFN_129) 7.39e-04 2.24e-04    0.129 1.09e-03   0.0
          isSigNaN_a (isSigNaNRecFN_130) 4.11e-06 7.25e-06 4.73e-03 1.61e-05   0.0
          recFNToRawFN_a (recFNToRawFN_130) 4.11e-04 1.65e-04    0.130 7.05e-04   0.0
        g_in_ieee_from_ieee_b (fNToRecFN_1_128) 6.71e-04 5.31e-04    0.313 1.51e-03   0.0
          clz (bsg_counting_leading_zeros_1_128) 1.24e-04 9.15e-05 6.84e-02 2.84e-04   0.0
            lzc (VX_lzc_1_128)         9.34e-05 8.28e-05 6.20e-02 2.38e-04   0.0
              g_lzc_find_first (VX_find_first_10_4_1_128) 5.72e-05 7.16e-05 5.55e-02 1.84e-04   0.0
        g_in_ieee_from_ieee_a (fNToRecFN_1_129) 6.77e-04 4.05e-04    0.315 1.40e-03   0.0
          clz (bsg_counting_leading_zeros_1_129) 9.55e-05 7.03e-05 6.84e-02 2.34e-04   0.0
            lzc (VX_lzc_1_129)         9.55e-05 7.03e-05 6.84e-02 2.34e-04   0.0
              g_lzc_find_first (VX_find_first_10_4_1_129) 4.24e-05 5.46e-05 5.55e-02 1.52e-04   0.0
      g_prod_6__pipe_mult (VX_pipe_register_1_65) 2.32e-03 1.16e-02    0.477 1.44e-02   0.0
        g_shift_register (VX_shift_register_33_0_1_0_65) 2.32e-03 1.16e-02    0.477 1.44e-02   0.0
      g_prod_6__fp16_mul (VX_tcu_bhf_fmul_65) 1.85e-02 4.89e-02    5.428 7.28e-02   0.1
        pipe_rnd (VX_pipe_register_4_128) 2.01e-03 1.15e-02    0.477 1.40e-02   0.0
          g_shift_register (VX_shift_register_38_0_1_0_128) 2.01e-03 1.15e-02    0.477 1.40e-02   0.0
        rounding (roundAnyRawFNToRecFN_66) 7.94e-04 1.09e-03    0.271 2.16e-03   0.0
        pipe_add (VX_pipe_register_3_65) 3.97e-03 2.46e-02    1.028 2.96e-02   0.0
          g_shift_register (VX_shift_register_37_0_2_0_65) 3.97e-03 2.46e-02    1.028 2.96e-02   0.0
        multiplier (mulRecFNToFullRaw_65) 1.05e-02 1.07e-02    3.023 2.43e-02   0.0
          isSigNaN_b (isSigNaNRecFN_131) 5.40e-06 9.04e-06 4.73e-03 1.92e-05   0.0
          recFNToRawFN_b (recFNToRawFN_131) 7.01e-04 2.21e-04    0.129 1.05e-03   0.0
          isSigNaN_a (isSigNaNRecFN_132) 5.32e-06 6.96e-06 4.66e-03 1.70e-05   0.0
          recFNToRawFN_a (recFNToRawFN_132) 3.45e-04 1.62e-04    0.130 6.36e-04   0.0
        g_in_ieee_from_ieee_b (fNToRecFN_1_130) 6.57e-04 5.26e-04    0.313 1.50e-03   0.0
          clz (bsg_counting_leading_zeros_1_130) 1.19e-04 9.15e-05 6.85e-02 2.79e-04   0.0
            lzc (VX_lzc_1_130)         1.19e-04 9.15e-05 6.85e-02 2.79e-04   0.0
              g_lzc_find_first (VX_find_first_10_4_1_130) 5.40e-05 7.19e-05 5.56e-02 1.82e-04   0.0
        g_in_ieee_from_ieee_a (fNToRecFN_1_131) 5.49e-04 3.98e-04    0.315 1.26e-03   0.0
          clz (bsg_counting_leading_zeros_1_131) 9.23e-05 6.87e-05 6.84e-02 2.29e-04   0.0
            lzc (VX_lzc_1_131)         9.23e-05 6.87e-05 6.84e-02 2.29e-04   0.0
              g_lzc_find_first (VX_find_first_10_4_1_131) 4.13e-05 5.34e-05 5.55e-02 1.50e-04   0.0
      g_prod_5__pipe_mult (VX_pipe_register_1_66) 2.63e-03 1.16e-02    0.477 1.47e-02   0.0
        g_shift_register (VX_shift_register_33_0_1_0_66) 2.63e-03 1.16e-02    0.477 1.47e-02   0.0
      g_prod_5__fp16_mul (VX_tcu_bhf_fmul_66) 2.28e-02 4.90e-02    5.420 7.72e-02   0.1
        pipe_rnd (VX_pipe_register_4_129) 3.04e-03 1.16e-02    0.477 1.51e-02   0.0
          g_shift_register (VX_shift_register_38_0_1_0_129) 3.04e-03 1.16e-02    0.477 1.51e-02   0.0
        rounding (roundAnyRawFNToRecFN_67) 2.75e-03 1.12e-03    0.273 4.15e-03   0.0
        pipe_add (VX_pipe_register_3_66) 4.45e-03 2.46e-02    1.028 3.01e-02   0.0
          g_shift_register (VX_shift_register_37_0_2_0_66) 4.45e-03 2.46e-02    1.028 3.01e-02   0.0
        multiplier (mulRecFNToFullRaw_66) 1.11e-02 1.08e-02    3.008 2.49e-02   0.0
          isSigNaN_b (isSigNaNRecFN_133) 5.50e-06 8.80e-06 4.68e-03 1.90e-05   0.0
          recFNToRawFN_b (recFNToRawFN_133) 7.18e-04 2.23e-04    0.129 1.07e-03   0.0
          isSigNaN_a (isSigNaNRecFN_134) 5.02e-06 7.50e-06 4.69e-03 1.72e-05   0.0
          recFNToRawFN_a (recFNToRawFN_134) 3.93e-04 1.69e-04    0.129 6.91e-04   0.0
        g_in_ieee_from_ieee_b (fNToRecFN_1_132) 6.78e-04 5.26e-04    0.313 1.52e-03   0.0
          clz (bsg_counting_leading_zeros_1_132) 1.17e-04 9.09e-05 6.84e-02 2.76e-04   0.0
            lzc (VX_lzc_1_132)         1.17e-04 9.09e-05 6.84e-02 2.76e-04   0.0
              g_lzc_find_first (VX_find_first_10_4_1_132) 5.29e-05 7.15e-05 5.55e-02 1.80e-04   0.0
        g_in_ieee_from_ieee_a (fNToRecFN_1_133) 7.15e-04 4.03e-04    0.313 1.43e-03   0.0
          clz (bsg_counting_leading_zeros_1_133) 9.41e-05 6.89e-05 6.84e-02 2.31e-04   0.0
            lzc (VX_lzc_1_133)         9.41e-05 6.89e-05 6.84e-02 2.31e-04   0.0
              g_lzc_find_first (VX_find_first_10_4_1_133) 4.27e-05 5.35e-05 5.55e-02 1.52e-04   0.0
      g_prod_4__pipe_mult (VX_pipe_register_1_67) 2.99e-03 1.16e-02    0.477 1.50e-02   0.0
        g_shift_register (VX_shift_register_33_0_1_0_67) 2.99e-03 1.16e-02    0.477 1.50e-02   0.0
      g_prod_4__fp16_mul (VX_tcu_bhf_fmul_67) 2.37e-02 4.90e-02    5.435 7.82e-02   0.1
        pipe_rnd (VX_pipe_register_4_130) 3.61e-03 1.16e-02    0.477 1.57e-02   0.0
          g_shift_register (VX_shift_register_38_0_1_0_130) 3.61e-03 1.16e-02    0.477 1.57e-02   0.0
        rounding (roundAnyRawFNToRecFN_68) 2.05e-03 1.12e-03    0.273 3.44e-03   0.0
        pipe_add (VX_pipe_register_3_67) 4.36e-03 2.46e-02    1.028 3.00e-02   0.0
          g_shift_register (VX_shift_register_37_0_2_0_67) 4.36e-03 2.46e-02    1.028 3.00e-02   0.0
        multiplier (mulRecFNToFullRaw_67) 1.22e-02 1.08e-02    3.023 2.60e-02   0.0
          isSigNaN_b (isSigNaNRecFN_135) 4.47e-06 9.02e-06 4.70e-03 1.82e-05   0.0
          recFNToRawFN_b (recFNToRawFN_135) 8.54e-04 2.23e-04    0.129 1.21e-03   0.0
          isSigNaN_a (isSigNaNRecFN_136) 3.76e-06 7.18e-06 4.69e-03 1.56e-05   0.0
          recFNToRawFN_a (recFNToRawFN_136) 4.54e-04 1.69e-04    0.129 7.52e-04   0.0
        g_in_ieee_from_ieee_b (fNToRecFN_1_134) 6.96e-04 5.29e-04    0.313 1.54e-03   0.0
          clz (bsg_counting_leading_zeros_1_134) 1.19e-04 9.16e-05 6.83e-02 2.79e-04   0.0
            lzc (VX_lzc_1_134)         1.19e-04 9.16e-05 6.83e-02 2.79e-04   0.0
              g_lzc_find_first (VX_find_first_10_4_1_134) 5.40e-05 7.19e-05 5.54e-02 1.81e-04   0.0
        g_in_ieee_from_ieee_a (fNToRecFN_1_135) 8.07e-04 4.01e-04    0.314 1.52e-03   0.0
          clz (bsg_counting_leading_zeros_1_135) 9.36e-05 6.87e-05 6.85e-02 2.31e-04   0.0
            lzc (VX_lzc_1_135)         9.36e-05 6.87e-05 6.85e-02 2.31e-04   0.0
              g_lzc_find_first (VX_find_first_10_4_1_135) 4.07e-05 5.32e-05 5.56e-02 1.49e-04   0.0
      g_prod_3__pipe_mult (VX_pipe_register_1_68) 2.58e-03 1.16e-02    0.477 1.46e-02   0.0
        g_shift_register (VX_shift_register_33_0_1_0_68) 2.58e-03 1.16e-02    0.477 1.46e-02   0.0
      g_prod_3__fp16_mul (VX_tcu_bhf_fmul_68) 2.32e-02 4.90e-02    5.426 7.76e-02   0.1
        pipe_rnd (VX_pipe_register_4_131) 3.50e-03 1.16e-02    0.477 1.56e-02   0.0
          g_shift_register (VX_shift_register_38_0_1_0_131) 3.50e-03 1.16e-02    0.477 1.56e-02   0.0
        rounding (roundAnyRawFNToRecFN_69) 1.28e-03 1.11e-03    0.272 2.66e-03   0.0
        pipe_add (VX_pipe_register_3_68) 4.46e-03 2.46e-02    1.028 3.01e-02   0.0
          g_shift_register (VX_shift_register_37_0_2_0_68) 4.46e-03 2.46e-02    1.028 3.01e-02   0.0
        multiplier (mulRecFNToFullRaw_68) 1.23e-02 1.08e-02    3.022 2.61e-02   0.0
          isSigNaN_b (isSigNaNRecFN_137) 4.91e-06 9.22e-06 4.72e-03 1.89e-05   0.0
          recFNToRawFN_b (recFNToRawFN_137) 6.61e-04 2.21e-04    0.129 1.01e-03   0.0
          isSigNaN_a (isSigNaNRecFN_138) 5.86e-06 7.77e-06 4.68e-03 1.83e-05   0.0
          recFNToRawFN_a (recFNToRawFN_138) 7.16e-04 1.76e-04    0.129 1.02e-03   0.0
        g_in_ieee_from_ieee_b (fNToRecFN_1_136) 6.56e-04 5.25e-04    0.313 1.49e-03   0.0
          clz (bsg_counting_leading_zeros_1_136) 1.18e-04 9.09e-05 6.82e-02 2.78e-04   0.0
            lzc (VX_lzc_1_136)         8.09e-05 7.99e-05 6.17e-02 2.22e-04   0.0
              g_lzc_find_first (VX_find_first_10_4_1_136) 5.25e-05 7.14e-05 5.54e-02 1.79e-04   0.0
        g_in_ieee_from_ieee_a (fNToRecFN_1_137) 1.04e-03 3.98e-04    0.314 1.76e-03   0.0
          clz (bsg_counting_leading_zeros_1_137) 8.97e-05 6.78e-05 6.83e-02 2.26e-04   0.0
            lzc (VX_lzc_1_137)         8.97e-05 6.78e-05 6.83e-02 2.26e-04   0.0
              g_lzc_find_first (VX_find_first_10_4_1_137) 3.99e-05 5.27e-05 5.54e-02 1.48e-04   0.0
      g_prod_2__pipe_mult (VX_pipe_register_1_69) 4.36e-03 1.16e-02    0.477 1.64e-02   0.0
        g_shift_register (VX_shift_register_33_0_1_0_69) 4.36e-03 1.16e-02    0.477 1.64e-02   0.0
      g_prod_2__fp16_mul (VX_tcu_bhf_fmul_69) 2.90e-02 4.91e-02    5.438 8.36e-02   0.1
        pipe_rnd (VX_pipe_register_4_132) 4.18e-03 1.16e-02    0.477 1.62e-02   0.0
          g_shift_register (VX_shift_register_38_0_1_0_132) 4.18e-03 1.16e-02    0.477 1.62e-02   0.0
        rounding (roundAnyRawFNToRecFN_70) 3.25e-03 1.12e-03    0.274 4.65e-03   0.0
        pipe_add (VX_pipe_register_3_69) 5.83e-03 2.46e-02    1.028 3.15e-02   0.0
          g_shift_register (VX_shift_register_37_0_2_0_69) 5.83e-03 2.46e-02    1.028 3.15e-02   0.0
        multiplier (mulRecFNToFullRaw_69) 1.35e-02 1.09e-02    3.026 2.74e-02   0.0
          isSigNaN_b (isSigNaNRecFN_139) 5.98e-06 8.96e-06 4.71e-03 1.96e-05   0.0
          recFNToRawFN_b (recFNToRawFN_139) 6.84e-04 2.21e-04    0.129 1.03e-03   0.0
          isSigNaN_a (isSigNaNRecFN_140) 5.47e-06 9.28e-06 5.25e-03 2.00e-05   0.0
          recFNToRawFN_a (recFNToRawFN_140) 9.95e-04 1.87e-04    0.129 1.31e-03   0.0
        g_in_ieee_from_ieee_b (fNToRecFN_1_138) 6.31e-04 5.26e-04    0.312 1.47e-03   0.0
          clz (bsg_counting_leading_zeros_1_138) 1.21e-04 9.09e-05 6.84e-02 2.80e-04   0.0
            lzc (VX_lzc_1_138)         8.30e-05 7.96e-05 6.19e-02 2.24e-04   0.0
              g_lzc_find_first (VX_find_first_10_4_1_138) 5.36e-05 7.12e-05 5.55e-02 1.80e-04   0.0
        g_in_ieee_from_ieee_a (fNToRecFN_1_139) 1.58e-03 4.18e-04    0.322 2.32e-03   0.0
          clz (bsg_counting_leading_zeros_1_139) 9.46e-05 7.06e-05 6.85e-02 2.34e-04   0.0
            lzc (VX_lzc_1_139)         9.46e-05 7.06e-05 6.85e-02 2.34e-04   0.0
              g_lzc_find_first (VX_find_first_10_4_1_139) 4.11e-05 5.47e-05 5.57e-02 1.52e-04   0.0
      g_prod_1__pipe_mult (VX_pipe_register_1_70) 3.59e-03 1.16e-02    0.477 1.56e-02   0.0
        g_shift_register (VX_shift_register_33_0_1_0_70) 3.59e-03 1.16e-02    0.477 1.56e-02   0.0
      g_prod_1__fp16_mul (VX_tcu_bhf_fmul_70) 2.33e-02 4.90e-02    5.427 7.77e-02   0.1
        pipe_rnd (VX_pipe_register_4_133) 3.67e-03 1.16e-02    0.477 1.57e-02   0.0
          g_shift_register (VX_shift_register_38_0_1_0_133) 3.67e-03 1.16e-02    0.477 1.57e-02   0.0
        rounding (roundAnyRawFNToRecFN_71) 1.41e-03 1.11e-03    0.273 2.79e-03   0.0
        pipe_add (VX_pipe_register_3_70) 4.61e-03 2.46e-02    1.028 3.02e-02   0.0
          g_shift_register (VX_shift_register_37_0_2_0_70) 4.61e-03 2.46e-02    1.028 3.02e-02   0.0
        multiplier (mulRecFNToFullRaw_70) 1.19e-02 1.08e-02    3.022 2.58e-02   0.0
          isSigNaN_b (isSigNaNRecFN_141) 4.72e-06 9.49e-06 4.69e-03 1.89e-05   0.0
          recFNToRawFN_b (recFNToRawFN_141) 1.42e-03 2.26e-04    0.129 1.78e-03   0.0
          isSigNaN_a (isSigNaNRecFN_142) 3.69e-06 7.15e-06 4.68e-03 1.55e-05   0.0
          recFNToRawFN_a (recFNToRawFN_142) 4.24e-04 1.70e-04    0.129 7.24e-04   0.0
        g_in_ieee_from_ieee_b (fNToRecFN_1_140) 8.51e-04 5.26e-04    0.313 1.69e-03   0.0
          clz (bsg_counting_leading_zeros_1_140) 1.19e-04 9.05e-05 6.83e-02 2.78e-04   0.0
            lzc (VX_lzc_1_140)         1.19e-04 9.05e-05 6.83e-02 2.78e-04   0.0
              g_lzc_find_first (VX_find_first_10_4_1_140) 5.34e-05 7.11e-05 5.55e-02 1.80e-04   0.0
        g_in_ieee_from_ieee_a (fNToRecFN_1_141) 8.06e-04 4.06e-04    0.313 1.53e-03   0.0
          clz (bsg_counting_leading_zeros_1_141) 9.46e-05 6.99e-05 6.84e-02 2.33e-04   0.0
            lzc (VX_lzc_1_141)         9.46e-05 6.99e-05 6.84e-02 2.33e-04   0.0
              g_lzc_find_first (VX_find_first_10_4_1_141) 4.23e-05 5.44e-05 5.55e-02 1.52e-04   0.0
      g_prod_0__pipe_mult (VX_pipe_register_1_71) 2.76e-03 1.16e-02    0.477 1.48e-02   0.0
        g_shift_register (VX_shift_register_33_0_1_0_71) 2.76e-03 1.16e-02    0.477 1.48e-02   0.0
      g_prod_0__fp16_mul (VX_tcu_bhf_fmul_71) 2.20e-02 4.90e-02    5.428 7.64e-02   0.1
        pipe_rnd (VX_pipe_register_4_134) 2.40e-03 1.16e-02    0.477 1.44e-02   0.0
          g_shift_register (VX_shift_register_38_0_1_0_134) 2.40e-03 1.16e-02    0.477 1.44e-02   0.0
        rounding (roundAnyRawFNToRecFN_72) 1.22e-03 1.12e-03    0.273 2.62e-03   0.0
        pipe_add (VX_pipe_register_3_71) 4.66e-03 2.46e-02    1.028 3.03e-02   0.0
          g_shift_register (VX_shift_register_37_0_2_0_71) 4.66e-03 2.46e-02    1.028 3.03e-02   0.0
        multiplier (mulRecFNToFullRaw_71) 1.22e-02 1.08e-02    3.023 2.60e-02   0.0
          isSigNaN_b (isSigNaNRecFN_143) 6.68e-06 8.93e-06 4.69e-03 2.03e-05   0.0
          recFNToRawFN_b (recFNToRawFN_143) 1.15e-03 2.23e-04    0.129 1.50e-03   0.0
          isSigNaN_a (isSigNaNRecFN_144) 5.22e-06 7.26e-06 4.69e-03 1.72e-05   0.0
          recFNToRawFN_a (recFNToRawFN_144) 4.27e-04 1.68e-04    0.129 7.24e-04   0.0
        g_in_ieee_from_ieee_b (fNToRecFN_1_142) 8.06e-04 5.26e-04    0.313 1.65e-03   0.0
          clz (bsg_counting_leading_zeros_1_142) 1.22e-04 9.15e-05 6.83e-02 2.82e-04   0.0
            lzc (VX_lzc_1_142)         1.22e-04 9.15e-05 6.83e-02 2.82e-04   0.0
              g_lzc_find_first (VX_find_first_10_4_1_142) 5.59e-05 7.20e-05 5.54e-02 1.83e-04   0.0
        g_in_ieee_from_ieee_a (fNToRecFN_1_143) 6.88e-04 4.01e-04    0.313 1.40e-03   0.0
          clz (bsg_counting_leading_zeros_1_143) 9.27e-05 6.98e-05 6.85e-02 2.31e-04   0.0
            lzc (VX_lzc_1_143)         9.27e-05 6.98e-05 6.85e-02 2.31e-04   0.0
              g_lzc_find_first (VX_find_first_10_4_1_143) 4.07e-05 5.45e-05 5.56e-02 1.51e-04   0.0
    g_i_5__g_j_3__genblk1_u_buffer_ex (VX_pipe_register_14) 1.68e-02 9.43e-02    4.324    0.116   0.2
      g_shift_register (VX_shift_register_582_0_1_0_8) 1.68e-02 9.43e-02    4.324    0.116   0.2
    g_i_5__g_j_2__fedp (VX_tcu_fedp_bhf_9)    0.683    1.219  116.900    2.019   2.8
      final_add (VX_tcu_bhf_fadd_1_9)  4.46e-02 6.75e-02    8.513    0.121   0.2
        pipe_rnd (VX_pipe_register_6_9) 3.29e-03 1.16e-02    0.491 1.53e-02   0.0
          g_shift_register (VX_shift_register_37_0_1_0_9) 3.29e-03 1.16e-02    0.491 1.53e-02   0.0
        g_out_ieee_to_ieee (recFNToFN_9) 4.75e-03 2.94e-03    0.790 8.48e-03   0.0
          recFNToRawFN (recFNToRawFN_1_153) 1.49e-03 7.40e-04    0.232 2.46e-03   0.0
        rounding (roundAnyRawFNToRecFN_1_72) 5.05e-03 3.00e-03    1.205 9.25e-03   0.0
          genblk2_genblk1_lowMask_roundMask (lowMaskLoHi_72) 2.25e-04 1.37e-04    0.301 6.64e-04   0.0
            reverse (reverse_2_72)     7.19e-06 2.70e-06    0.154 1.63e-04   0.0
        pipe_add (VX_pipe_register_5_72) 6.75e-03 3.06e-02    1.265 3.86e-02   0.1
          g_shift_register (VX_shift_register_45_0_2_0_72) 6.75e-03 3.06e-02    1.265 3.86e-02   0.1
        adder (addRecFNToRaw_72)       2.48e-02 1.94e-02    4.763 4.90e-02   0.1
          lowMask_far_roundExtraMask (lowMaskHiLo_72) 5.18e-05 9.03e-05 8.05e-02 2.23e-04   0.0
            reverse (reverse_1_72)     2.37e-05 4.26e-05 5.03e-02 1.17e-04   0.0
          compressBy4_far_sigSmaller (compressBy4_72) 5.03e-05 1.81e-04 4.49e-02 2.76e-04   0.0
          countLeadingZeros_close (countLeadingZeros_72) 5.57e-04 4.64e-04    0.163 1.18e-03   0.0
            reverse_in (reverse_74)    2.76e-04 3.15e-04 9.01e-02 6.81e-04   0.0
          compressBy2_close_sigSum (compressBy2_72) 1.84e-04 3.41e-04 6.60e-02 5.91e-04   0.0
          isSigNaN_b (isSigNaNRecFN_1_144) 4.60e-06 5.34e-06 4.53e-03 1.45e-05   0.0
          recFNToRawFN_b (recFNToRawFN_1_154) 6.86e-04 2.74e-04    0.236 1.20e-03   0.0
          isSigNaN_a (isSigNaNRecFN_1_145) 8.46e-06 1.23e-05 4.70e-03 2.55e-05   0.0
          recFNToRawFN_a (recFNToRawFN_1_155) 1.19e-03 8.14e-04    0.232 2.24e-03   0.0
      pipe_c (VX_pipe_register_2_9)    1.98e-02    0.139    6.433    0.165   0.2
        g_shift_register (VX_shift_register_33_0_13_0_9) 1.98e-02    0.139    6.433    0.165   0.2
      conv_c (fNToRecFN_10)            1.75e-03 9.18e-04    0.755 3.42e-03   0.0
        clz (bsg_counting_leading_zeros_10) 1.02e-04 1.11e-04    0.119 3.32e-04   0.0
          lzc (VX_lzc_10)              1.02e-04 1.11e-04    0.119 3.32e-04   0.0
            g_lzc_find_first (VX_find_first_23_5_1_9) 8.99e-05 1.08e-04    0.107 3.05e-04   0.0
      g_red_tree_2__g_add_0__reduce_add (VX_tcu_bhf_fadd_64) 5.18e-02 7.59e-02    7.743    0.135   0.2
        pipe_rnd (VX_pipe_register_4_135) 2.41e-03 1.26e-02    0.504 1.55e-02   0.0
          g_shift_register (VX_shift_register_38_0_1_0_135) 2.41e-03 1.26e-02    0.504 1.55e-02   0.0
        rounding (roundAnyRawFNToRecFN_1_73) 5.49e-03 3.67e-03    1.198 1.04e-02   0.0
          genblk2_genblk1_lowMask_roundMask (lowMaskLoHi_73) 2.68e-04 1.44e-04    0.302 7.14e-04   0.0
            reverse (reverse_2_73)     1.36e-05 5.42e-06    0.154 1.73e-04   0.0
        pipe_add (VX_pipe_register_5_73) 6.95e-03 3.16e-02    1.265 3.98e-02   0.1
          g_shift_register (VX_shift_register_45_0_2_0_73) 6.95e-03 3.16e-02    1.265 3.98e-02   0.1
        adder (addRecFNToRaw_73)       3.70e-02 2.81e-02    4.776 6.98e-02   0.1
          lowMask_far_roundExtraMask (lowMaskHiLo_73) 1.75e-04 2.95e-04 8.09e-02 5.51e-04   0.0
            reverse (reverse_1_73)     6.71e-05 1.44e-04 4.72e-02 2.58e-04   0.0
          compressBy4_far_sigSmaller (compressBy4_73) 7.64e-05 3.63e-04 4.77e-02 4.87e-04   0.0
          countLeadingZeros_close (countLeadingZeros_73) 5.91e-04 5.31e-04    0.163 1.29e-03   0.0
            reverse_in (reverse_75)    3.06e-04 3.68e-04 8.96e-02 7.64e-04   0.0
          compressBy2_close_sigSum (compressBy2_73) 2.67e-04 4.00e-04 6.61e-02 7.33e-04   0.0
          isSigNaN_b (isSigNaNRecFN_1_146) 4.89e-06 8.02e-06 4.14e-03 1.71e-05   0.0
          recFNToRawFN_b (recFNToRawFN_1_156) 2.72e-03 9.08e-04    0.233 3.86e-03   0.0
          isSigNaN_a (isSigNaNRecFN_1_147) 5.30e-06 8.20e-06 4.18e-03 1.77e-05   0.0
          recFNToRawFN_a (recFNToRawFN_1_157) 1.99e-03 9.07e-04    0.233 3.13e-03   0.0
      g_red_tree_1__g_add_1__reduce_add (VX_tcu_bhf_fadd_65) 6.32e-02 7.67e-02    7.789    0.148   0.2
        pipe_rnd (VX_pipe_register_4_136) 4.82e-03 1.29e-02    0.505 1.82e-02   0.0
          g_shift_register (VX_shift_register_38_0_1_0_136) 4.82e-03 1.29e-02    0.505 1.82e-02   0.0
        rounding (roundAnyRawFNToRecFN_1_74) 8.12e-03 3.91e-03    1.246 1.33e-02   0.0
          genblk2_genblk1_lowMask_roundMask (lowMaskLoHi_74) 2.52e-04 1.51e-04    0.303 7.05e-04   0.0
            reverse (reverse_2_74)     1.34e-05 5.42e-06    0.153 1.72e-04   0.0
        pipe_add (VX_pipe_register_5_74) 1.08e-02 3.18e-02    1.266 4.38e-02   0.1
          g_shift_register (VX_shift_register_45_0_2_0_74) 1.08e-02 3.18e-02    1.266 4.38e-02   0.1
        adder (addRecFNToRaw_74)       3.95e-02 2.81e-02    4.773 7.24e-02   0.1
          lowMask_far_roundExtraMask (lowMaskHiLo_74) 1.45e-04 2.67e-04 8.07e-02 4.93e-04   0.0
            reverse (reverse_1_74)     5.50e-05 1.29e-04 4.69e-02 2.30e-04   0.0
          compressBy4_far_sigSmaller (compressBy4_74) 7.64e-05 3.41e-04 4.62e-02 4.64e-04   0.0
          countLeadingZeros_close (countLeadingZeros_74) 5.81e-04 5.23e-04    0.163 1.27e-03   0.0
            reverse_in (reverse_76)    3.03e-04 3.65e-04 8.98e-02 7.57e-04   0.0
          compressBy2_close_sigSum (compressBy2_74) 2.16e-04 3.95e-04 6.62e-02 6.77e-04   0.0
          isSigNaN_b (isSigNaNRecFN_1_148) 5.91e-06 9.16e-06 4.40e-03 1.95e-05   0.0
          recFNToRawFN_b (recFNToRawFN_1_158) 3.65e-03 9.41e-04    0.234 4.82e-03   0.0
          isSigNaN_a (isSigNaNRecFN_1_149) 5.36e-06 9.45e-06 4.40e-03 1.92e-05   0.0
          recFNToRawFN_a (recFNToRawFN_1_159) 3.50e-03 9.60e-04    0.234 4.69e-03   0.0
      g_red_tree_1__g_add_0__reduce_add (VX_tcu_bhf_fadd_66) 6.00e-02 7.67e-02    7.794    0.144   0.2
        pipe_rnd (VX_pipe_register_4_137) 5.28e-03 1.29e-02    0.505 1.87e-02   0.0
          g_shift_register (VX_shift_register_38_0_1_0_137) 5.28e-03 1.29e-02    0.505 1.87e-02   0.0
        rounding (roundAnyRawFNToRecFN_1_75) 8.15e-03 3.94e-03    1.256 1.33e-02   0.0
          genblk2_genblk1_lowMask_roundMask (lowMaskLoHi_75) 2.79e-04 1.51e-04    0.303 7.32e-04   0.0
            reverse (reverse_2_75)     1.30e-05 5.41e-06    0.153 1.72e-04   0.0
        pipe_add (VX_pipe_register_5_75) 8.69e-03 3.17e-02    1.265 4.17e-02   0.1
          g_shift_register (VX_shift_register_45_0_2_0_75) 8.69e-03 3.17e-02    1.265 4.17e-02   0.1
        adder (addRecFNToRaw_75)       3.78e-02 2.81e-02    4.768 7.07e-02   0.1
          lowMask_far_roundExtraMask (lowMaskHiLo_75) 1.48e-04 2.71e-04 8.07e-02 4.99e-04   0.0
            reverse (reverse_1_75)     6.58e-05 1.31e-04 4.69e-02 2.43e-04   0.0
          compressBy4_far_sigSmaller (compressBy4_75) 6.93e-05 3.43e-04 4.62e-02 4.58e-04   0.0
          countLeadingZeros_close (countLeadingZeros_75) 5.71e-04 5.18e-04    0.163 1.25e-03   0.0
            reverse_in (reverse_77)    3.07e-04 3.61e-04 8.98e-02 7.58e-04   0.0
          compressBy2_close_sigSum (compressBy2_75) 2.57e-04 3.93e-04 6.62e-02 7.16e-04   0.0
          isSigNaN_b (isSigNaNRecFN_1_150) 6.41e-06 9.29e-06 4.37e-03 2.01e-05   0.0
          recFNToRawFN_b (recFNToRawFN_1_160) 2.96e-03 9.37e-04    0.234 4.13e-03   0.0
          isSigNaN_a (isSigNaNRecFN_1_151) 4.72e-06 9.33e-06 4.38e-03 1.84e-05   0.0
          recFNToRawFN_a (recFNToRawFN_1_161) 2.45e-03 9.27e-04    0.234 3.61e-03   0.0
      g_red_tree_0__g_add_3__reduce_add (VX_tcu_bhf_fadd_67) 6.17e-02 7.45e-02    7.661    0.144   0.2
        pipe_rnd (VX_pipe_register_4_138) 6.19e-03 1.31e-02    0.505 1.98e-02   0.0
          g_shift_register (VX_shift_register_38_0_1_0_138) 6.19e-03 1.31e-02    0.505 1.98e-02   0.0
        rounding (roundAnyRawFNToRecFN_1_76) 1.41e-02 4.04e-03    1.292 1.94e-02   0.0
          genblk2_genblk1_lowMask_roundMask (lowMaskLoHi_76) 2.57e-04 1.51e-04    0.303 7.11e-04   0.0
            reverse (reverse_2_76)     1.33e-05 5.42e-06    0.153 1.72e-04   0.0
        pipe_add (VX_pipe_register_5_76) 9.57e-03 3.22e-02    1.268 4.30e-02   0.1
          g_shift_register (VX_shift_register_45_0_2_0_76) 9.57e-03 3.22e-02    1.268 4.30e-02   0.1
        adder (addRecFNToRaw_76)       3.19e-02 2.52e-02    4.588 6.17e-02   0.1
          lowMask_far_roundExtraMask (lowMaskHiLo_76) 1.22e-04 2.25e-04 6.92e-02 4.16e-04   0.0
            reverse (reverse_1_76)     5.96e-05 1.09e-04 3.99e-02 2.08e-04   0.0
          compressBy4_far_sigSmaller (compressBy4_76) 4.52e-05 2.46e-04 4.07e-02 3.32e-04   0.0
          countLeadingZeros_close (countLeadingZeros_76) 5.46e-04 5.03e-04    0.159 1.21e-03   0.0
            reverse_in (reverse_78)    2.82e-04 3.02e-04 8.27e-02 6.66e-04   0.0
          compressBy2_close_sigSum (compressBy2_76) 1.70e-04 3.27e-04 6.15e-02 5.58e-04   0.0
          isSigNaN_b (isSigNaNRecFN_1_152) 7.59e-06 1.10e-05 4.85e-03 2.34e-05   0.0
          recFNToRawFN_b (recFNToRawFN_1_162) 2.20e-03 7.53e-04    0.221 3.17e-03   0.0
          isSigNaN_a (isSigNaNRecFN_1_153) 7.17e-06 1.09e-05 4.87e-03 2.30e-05   0.0
          recFNToRawFN_a (recFNToRawFN_1_163) 1.88e-03 7.49e-04    0.221 2.85e-03   0.0
      g_red_tree_0__g_add_2__reduce_add (VX_tcu_bhf_fadd_68) 6.53e-02 7.47e-02    7.701    0.148   0.2
        pipe_rnd (VX_pipe_register_4_139) 7.10e-03 1.31e-02    0.505 2.07e-02   0.0
          g_shift_register (VX_shift_register_38_0_1_0_139) 7.10e-03 1.31e-02    0.505 2.07e-02   0.0
        rounding (roundAnyRawFNToRecFN_1_77) 1.48e-02 4.06e-03    1.335 2.02e-02   0.0
          genblk2_genblk1_lowMask_roundMask (lowMaskLoHi_77) 2.49e-04 1.51e-04    0.303 7.04e-04   0.0
            reverse (reverse_2_77)     1.45e-05 5.43e-06    0.153 1.73e-04   0.0
        pipe_add (VX_pipe_register_5_77) 1.17e-02 3.22e-02    1.268 4.52e-02   0.1
          g_shift_register (VX_shift_register_45_0_2_0_77) 1.17e-02 3.22e-02    1.268 4.52e-02   0.1
        adder (addRecFNToRaw_77)       3.18e-02 2.53e-02    4.585 6.17e-02   0.1
          lowMask_far_roundExtraMask (lowMaskHiLo_77) 1.18e-04 2.23e-04 6.91e-02 4.09e-04   0.0
            reverse (reverse_1_77)     5.19e-05 1.07e-04 3.98e-02 1.99e-04   0.0
          compressBy4_far_sigSmaller (compressBy4_77) 4.03e-05 2.45e-04 4.07e-02 3.26e-04   0.0
          countLeadingZeros_close (countLeadingZeros_77) 5.58e-04 5.02e-04    0.156 1.22e-03   0.0
            reverse_in (reverse_79)    2.91e-04 3.04e-04 8.27e-02 6.78e-04   0.0
          compressBy2_close_sigSum (compressBy2_77) 1.77e-04 3.28e-04 6.15e-02 5.67e-04   0.0
          isSigNaN_b (isSigNaNRecFN_1_154) 5.83e-06 1.10e-05 4.88e-03 2.17e-05   0.0
          recFNToRawFN_b (recFNToRawFN_1_164) 1.81e-03 7.58e-04    0.221 2.79e-03   0.0
          isSigNaN_a (isSigNaNRecFN_1_155) 6.34e-06 1.09e-05 4.86e-03 2.21e-05   0.0
          recFNToRawFN_a (recFNToRawFN_1_165) 1.98e-03 7.55e-04    0.221 2.95e-03   0.0
      g_red_tree_0__g_add_1__reduce_add (VX_tcu_bhf_fadd_69) 6.20e-02 7.46e-02    7.645    0.144   0.2
        pipe_rnd (VX_pipe_register_4_140) 5.58e-03 1.30e-02    0.505 1.91e-02   0.0
          g_shift_register (VX_shift_register_38_0_1_0_140) 5.58e-03 1.30e-02    0.505 1.91e-02   0.0
        rounding (roundAnyRawFNToRecFN_1_78) 1.30e-02 4.04e-03    1.288 1.84e-02   0.0
          genblk2_genblk1_lowMask_roundMask (lowMaskLoHi_78) 2.47e-04 1.52e-04    0.303 7.03e-04   0.0
            reverse (reverse_2_78)     1.54e-05 5.43e-06    0.153 1.74e-04   0.0
        pipe_add (VX_pipe_register_5_78) 1.20e-02 3.22e-02    1.268 4.55e-02   0.1
          g_shift_register (VX_shift_register_45_0_2_0_78) 1.20e-02 3.22e-02    1.268 4.55e-02   0.1
        adder (addRecFNToRaw_78)       3.14e-02 2.53e-02    4.577 6.13e-02   0.1
          lowMask_far_roundExtraMask (lowMaskHiLo_78) 1.19e-04 2.24e-04 6.92e-02 4.13e-04   0.0
            reverse (reverse_1_78)     5.61e-05 1.09e-04 3.99e-02 2.05e-04   0.0
          compressBy4_far_sigSmaller (compressBy4_78) 3.42e-05 2.46e-04 4.07e-02 3.21e-04   0.0
          countLeadingZeros_close (countLeadingZeros_78) 5.49e-04 5.05e-04    0.156 1.21e-03   0.0
            reverse_in (reverse_80)    2.85e-04 3.05e-04 8.26e-02 6.72e-04   0.0
          compressBy2_close_sigSum (compressBy2_78) 1.59e-04 3.29e-04 6.15e-02 5.50e-04   0.0
          isSigNaN_b (isSigNaNRecFN_1_156) 6.60e-06 1.11e-05 4.87e-03 2.26e-05   0.0
          recFNToRawFN_b (recFNToRawFN_1_166) 1.88e-03 7.59e-04    0.221 2.86e-03   0.0
          isSigNaN_a (isSigNaNRecFN_1_157) 7.43e-06 1.11e-05 4.84e-03 2.34e-05   0.0
          recFNToRawFN_a (recFNToRawFN_1_167) 1.85e-03 7.51e-04    0.221 2.82e-03   0.0
      g_red_tree_0__g_add_0__reduce_add (VX_tcu_bhf_fadd_70) 5.26e-02 7.43e-02    7.618    0.135   0.2
        pipe_rnd (VX_pipe_register_4_141) 4.79e-03 1.30e-02    0.505 1.83e-02   0.0
          g_shift_register (VX_shift_register_38_0_1_0_141) 4.79e-03 1.30e-02    0.505 1.83e-02   0.0
        rounding (roundAnyRawFNToRecFN_1_79) 8.30e-03 3.92e-03    1.268 1.35e-02   0.0
          genblk2_genblk1_lowMask_roundMask (lowMaskLoHi_79) 2.43e-04 1.52e-04    0.303 6.98e-04   0.0
            reverse (reverse_2_79)     1.47e-05 5.42e-06    0.153 1.74e-04   0.0
        pipe_add (VX_pipe_register_5_79) 8.28e-03 3.22e-02    1.268 4.17e-02   0.1
          g_shift_register (VX_shift_register_45_0_2_0_79) 8.28e-03 3.22e-02    1.268 4.17e-02   0.1
        adder (addRecFNToRaw_79)       3.13e-02 2.52e-02    4.577 6.10e-02   0.1
          lowMask_far_roundExtraMask (lowMaskHiLo_79) 1.67e-04 2.27e-04 6.92e-02 4.63e-04   0.0
            reverse (reverse_1_79)     1.04e-04 1.10e-04 3.98e-02 2.53e-04   0.0
          compressBy4_far_sigSmaller (compressBy4_79) 3.43e-05 2.45e-04 4.06e-02 3.20e-04   0.0
          countLeadingZeros_close (countLeadingZeros_79) 5.46e-04 4.99e-04    0.156 1.20e-03   0.0
            reverse_in (reverse_81)    2.84e-04 3.03e-04 8.27e-02 6.70e-04   0.0
          compressBy2_close_sigSum (compressBy2_79) 1.84e-04 3.28e-04 6.15e-02 5.73e-04   0.0
          isSigNaN_b (isSigNaNRecFN_1_158) 6.30e-06 1.11e-05 4.85e-03 2.22e-05   0.0
          recFNToRawFN_b (recFNToRawFN_1_168) 2.05e-03 7.57e-04    0.221 3.02e-03   0.0
          isSigNaN_a (isSigNaNRecFN_1_159) 5.93e-06 1.13e-05 4.86e-03 2.21e-05   0.0
          recFNToRawFN_a (recFNToRawFN_1_169) 1.57e-03 7.49e-04    0.221 2.54e-03   0.0
      g_prod_7__pipe_mult (VX_pipe_register_1_72) 2.76e-03 1.16e-02    0.477 1.48e-02   0.0
        g_shift_register (VX_shift_register_33_0_1_0_72) 2.76e-03 1.16e-02    0.477 1.48e-02   0.0
      g_prod_7__fp16_mul (VX_tcu_bhf_fmul_72) 2.46e-02 4.91e-02    5.430 7.91e-02   0.1
        pipe_rnd (VX_pipe_register_4_142) 3.36e-03 1.16e-02    0.477 1.54e-02   0.0
          g_shift_register (VX_shift_register_38_0_1_0_142) 3.36e-03 1.16e-02    0.477 1.54e-02   0.0
        rounding (roundAnyRawFNToRecFN_73) 2.26e-03 1.12e-03    0.274 3.65e-03   0.0
        pipe_add (VX_pipe_register_3_72) 5.03e-03 2.46e-02    1.028 3.07e-02   0.0
          g_shift_register (VX_shift_register_37_0_2_0_72) 5.03e-03 2.46e-02    1.028 3.07e-02   0.0
        multiplier (mulRecFNToFullRaw_72) 1.25e-02 1.08e-02    3.025 2.64e-02   0.0
          isSigNaN_b (isSigNaNRecFN_145) 4.77e-06 9.31e-06 4.67e-03 1.87e-05   0.0
          recFNToRawFN_b (recFNToRawFN_145) 1.14e-03 2.26e-04    0.129 1.50e-03   0.0
          isSigNaN_a (isSigNaNRecFN_146) 4.08e-06 7.21e-06 4.73e-03 1.60e-05   0.0
          recFNToRawFN_a (recFNToRawFN_146) 3.91e-04 1.68e-04    0.129 6.88e-04   0.0
        g_in_ieee_from_ieee_b (fNToRecFN_1_144) 8.29e-04 5.33e-04    0.314 1.68e-03   0.0
          clz (bsg_counting_leading_zeros_1_144) 1.24e-04 9.24e-05 6.85e-02 2.85e-04   0.0
            lzc (VX_lzc_1_144)         1.24e-04 9.24e-05 6.85e-02 2.85e-04   0.0
              g_lzc_find_first (VX_find_first_10_4_1_144) 5.55e-05 7.28e-05 5.56e-02 1.84e-04   0.0
        g_in_ieee_from_ieee_a (fNToRecFN_1_145) 6.46e-04 4.04e-04    0.313 1.36e-03   0.0
          clz (bsg_counting_leading_zeros_1_145) 9.68e-05 7.02e-05 6.84e-02 2.35e-04   0.0
            lzc (VX_lzc_1_145)         9.68e-05 7.02e-05 6.84e-02 2.35e-04   0.0
              g_lzc_find_first (VX_find_first_10_4_1_145) 4.13e-05 5.45e-05 5.56e-02 1.51e-04   0.0
      g_prod_6__pipe_mult (VX_pipe_register_1_73) 2.61e-03 1.16e-02    0.477 1.46e-02   0.0
        g_shift_register (VX_shift_register_33_0_1_0_73) 2.61e-03 1.16e-02    0.477 1.46e-02   0.0
      g_prod_6__fp16_mul (VX_tcu_bhf_fmul_73) 2.29e-02 4.90e-02    5.427 7.74e-02   0.1
        pipe_rnd (VX_pipe_register_4_143) 2.83e-03 1.16e-02    0.477 1.49e-02   0.0
          g_shift_register (VX_shift_register_38_0_1_0_143) 2.83e-03 1.16e-02    0.477 1.49e-02   0.0
        rounding (roundAnyRawFNToRecFN_74) 1.14e-03 1.10e-03    0.273 2.52e-03   0.0
        pipe_add (VX_pipe_register_3_73) 4.97e-03 2.46e-02    1.028 3.06e-02   0.0
          g_shift_register (VX_shift_register_37_0_2_0_73) 4.97e-03 2.46e-02    1.028 3.06e-02   0.0
        multiplier (mulRecFNToFullRaw_73) 1.23e-02 1.08e-02    3.023 2.61e-02   0.0
          isSigNaN_b (isSigNaNRecFN_147) 8.90e-06 1.00e-05 4.66e-03 2.36e-05   0.0
          recFNToRawFN_b (recFNToRawFN_147) 1.91e-03 2.35e-04    0.129 2.28e-03   0.0
          isSigNaN_a (isSigNaNRecFN_148) 3.93e-06 6.89e-06 4.66e-03 1.55e-05   0.0
          recFNToRawFN_a (recFNToRawFN_148) 3.29e-04 1.65e-04    0.129 6.23e-04   0.0
        g_in_ieee_from_ieee_b (fNToRecFN_1_146) 1.16e-03 5.29e-04    0.313 2.01e-03   0.0
          clz (bsg_counting_leading_zeros_1_146) 1.21e-04 9.01e-05 6.84e-02 2.80e-04   0.0
            lzc (VX_lzc_1_146)         1.21e-04 9.01e-05 6.84e-02 2.80e-04   0.0
              g_lzc_find_first (VX_find_first_10_4_1_146) 5.44e-05 7.10e-05 5.56e-02 1.81e-04   0.0
        g_in_ieee_from_ieee_a (fNToRecFN_1_147) 5.27e-04 3.97e-04    0.313 1.24e-03   0.0
          clz (bsg_counting_leading_zeros_1_147) 9.37e-05 6.87e-05 6.84e-02 2.31e-04   0.0
            lzc (VX_lzc_1_147)         9.37e-05 6.87e-05 6.84e-02 2.31e-04   0.0
              g_lzc_find_first (VX_find_first_10_4_1_147) 4.19e-05 5.35e-05 5.55e-02 1.51e-04   0.0
      g_prod_5__pipe_mult (VX_pipe_register_1_74) 2.11e-03 1.16e-02    0.477 1.41e-02   0.0
        g_shift_register (VX_shift_register_33_0_1_0_74) 2.11e-03 1.16e-02    0.477 1.41e-02   0.0
      g_prod_5__fp16_mul (VX_tcu_bhf_fmul_74) 2.05e-02 4.90e-02    5.412 7.49e-02   0.1
        pipe_rnd (VX_pipe_register_4_144) 1.95e-03 1.16e-02    0.477 1.40e-02   0.0
          g_shift_register (VX_shift_register_38_0_1_0_144) 1.95e-03 1.16e-02    0.477 1.40e-02   0.0
        rounding (roundAnyRawFNToRecFN_75) 8.07e-04 1.11e-03    0.271 2.18e-03   0.0
        pipe_add (VX_pipe_register_3_74) 4.19e-03 2.46e-02    1.028 2.98e-02   0.0
          g_shift_register (VX_shift_register_37_0_2_0_74) 4.19e-03 2.46e-02    1.028 2.98e-02   0.0
        multiplier (mulRecFNToFullRaw_74) 1.20e-02 1.08e-02    3.009 2.58e-02   0.0
          isSigNaN_b (isSigNaNRecFN_149) 4.74e-06 1.00e-05 4.70e-03 1.94e-05   0.0
          recFNToRawFN_b (recFNToRawFN_149) 1.65e-03 2.32e-04    0.129 2.01e-03   0.0
          isSigNaN_a (isSigNaNRecFN_150) 4.21e-06 7.31e-06 4.69e-03 1.62e-05   0.0
          recFNToRawFN_a (recFNToRawFN_150) 3.70e-04 1.68e-04    0.129 6.67e-04   0.0
        g_in_ieee_from_ieee_b (fNToRecFN_1_148) 9.86e-04 5.33e-04    0.313 1.83e-03   0.0
          clz (bsg_counting_leading_zeros_1_148) 1.20e-04 9.19e-05 6.83e-02 2.81e-04   0.0
            lzc (VX_lzc_1_148)         1.20e-04 9.19e-05 6.83e-02 2.81e-04   0.0
              g_lzc_find_first (VX_find_first_10_4_1_148) 5.39e-05 7.27e-05 5.55e-02 1.82e-04   0.0
        g_in_ieee_from_ieee_a (fNToRecFN_1_149) 5.93e-04 4.02e-04    0.313 1.31e-03   0.0
          clz (bsg_counting_leading_zeros_1_149) 9.39e-05 6.85e-05 6.84e-02 2.31e-04   0.0
            lzc (VX_lzc_1_149)         6.37e-05 5.99e-05 6.19e-02 1.85e-04   0.0
              g_lzc_find_first (VX_find_first_10_4_1_149) 3.99e-05 5.31e-05 5.55e-02 1.49e-04   0.0
      g_prod_4__pipe_mult (VX_pipe_register_1_75) 3.57e-03 1.16e-02    0.477 1.56e-02   0.0
        g_shift_register (VX_shift_register_33_0_1_0_75) 3.57e-03 1.16e-02    0.477 1.56e-02   0.0
      g_prod_4__fp16_mul (VX_tcu_bhf_fmul_75) 2.38e-02 4.91e-02    5.429 7.83e-02   0.1
        pipe_rnd (VX_pipe_register_4_145) 2.92e-03 1.16e-02    0.477 1.50e-02   0.0
          g_shift_register (VX_shift_register_38_0_1_0_145) 2.92e-03 1.16e-02    0.477 1.50e-02   0.0
        rounding (roundAnyRawFNToRecFN_76) 1.96e-03 1.12e-03    0.274 3.36e-03   0.0
        pipe_add (VX_pipe_register_3_75) 5.31e-03 2.46e-02    1.028 3.09e-02   0.0
          g_shift_register (VX_shift_register_37_0_2_0_75) 5.31e-03 2.46e-02    1.028 3.09e-02   0.0
        multiplier (mulRecFNToFullRaw_75) 1.22e-02 1.08e-02    3.022 2.60e-02   0.0
          isSigNaN_b (isSigNaNRecFN_151) 5.61e-06 9.57e-06 4.68e-03 1.99e-05   0.0
          recFNToRawFN_b (recFNToRawFN_151) 1.24e-03 2.29e-04    0.129 1.59e-03   0.0
          isSigNaN_a (isSigNaNRecFN_152) 4.59e-06 7.03e-06 4.69e-03 1.63e-05   0.0
          recFNToRawFN_a (recFNToRawFN_152) 3.24e-04 1.66e-04    0.129 6.18e-04   0.0
        g_in_ieee_from_ieee_b (fNToRecFN_1_150) 8.92e-04 5.34e-04    0.313 1.74e-03   0.0
          clz (bsg_counting_leading_zeros_1_150) 1.24e-04 9.15e-05 6.83e-02 2.84e-04   0.0
            lzc (VX_lzc_1_150)         1.24e-04 9.15e-05 6.83e-02 2.84e-04   0.0
              g_lzc_find_first (VX_find_first_10_4_1_150) 5.58e-05 7.21e-05 5.54e-02 1.83e-04   0.0
        g_in_ieee_from_ieee_a (fNToRecFN_1_151) 5.43e-04 4.00e-04    0.314 1.26e-03   0.0
          clz (bsg_counting_leading_zeros_1_151) 9.75e-05 6.86e-05 6.85e-02 2.35e-04   0.0
            lzc (VX_lzc_1_151)         9.75e-05 6.86e-05 6.85e-02 2.35e-04   0.0
              g_lzc_find_first (VX_find_first_10_4_1_151) 4.07e-05 5.32e-05 5.56e-02 1.49e-04   0.0
      g_prod_3__pipe_mult (VX_pipe_register_1_76) 2.13e-03 1.16e-02    0.477 1.42e-02   0.0
        g_shift_register (VX_shift_register_33_0_1_0_76) 2.13e-03 1.16e-02    0.477 1.42e-02   0.0
      g_prod_3__fp16_mul (VX_tcu_bhf_fmul_76) 1.98e-02 4.89e-02    5.411 7.41e-02   0.1
        pipe_rnd (VX_pipe_register_4_146) 3.29e-03 1.16e-02    0.477 1.53e-02   0.0
          g_shift_register (VX_shift_register_38_0_1_0_146) 3.29e-03 1.16e-02    0.477 1.53e-02   0.0
        rounding (roundAnyRawFNToRecFN_77) 8.46e-04 1.10e-03    0.272 2.22e-03   0.0
        pipe_add (VX_pipe_register_3_76) 3.97e-03 2.46e-02    1.028 2.96e-02   0.0
          g_shift_register (VX_shift_register_37_0_2_0_76) 3.97e-03 2.46e-02    1.028 2.96e-02   0.0
        multiplier (mulRecFNToFullRaw_76) 1.05e-02 1.07e-02    3.009 2.42e-02   0.0
          isSigNaN_b (isSigNaNRecFN_153) 4.73e-06 8.99e-06 4.66e-03 1.84e-05   0.0
          recFNToRawFN_b (recFNToRawFN_153) 7.30e-04 2.21e-04    0.129 1.08e-03   0.0
          isSigNaN_a (isSigNaNRecFN_154) 5.27e-06 7.21e-06 4.68e-03 1.72e-05   0.0
          recFNToRawFN_a (recFNToRawFN_154) 3.62e-04 1.66e-04    0.129 6.57e-04   0.0
        g_in_ieee_from_ieee_b (fNToRecFN_1_152) 6.65e-04 5.26e-04    0.312 1.50e-03   0.0
          clz (bsg_counting_leading_zeros_1_152) 1.21e-04 9.11e-05 6.83e-02 2.80e-04   0.0
            lzc (VX_lzc_1_152)         1.21e-04 9.11e-05 6.83e-02 2.80e-04   0.0
              g_lzc_find_first (VX_find_first_10_4_1_152) 5.41e-05 7.16e-05 5.54e-02 1.81e-04   0.0
        g_in_ieee_from_ieee_a (fNToRecFN_1_153) 5.67e-04 3.97e-04    0.313 1.28e-03   0.0
          clz (bsg_counting_leading_zeros_1_153) 9.30e-05 6.73e-05 6.83e-02 2.29e-04   0.0
            lzc (VX_lzc_1_153)         9.30e-05 6.73e-05 6.83e-02 2.29e-04   0.0
              g_lzc_find_first (VX_find_first_10_4_1_153) 4.03e-05 5.22e-05 5.54e-02 1.48e-04   0.0
      g_prod_2__pipe_mult (VX_pipe_register_1_77) 2.93e-03 1.16e-02    0.477 1.50e-02   0.0
        g_shift_register (VX_shift_register_33_0_1_0_77) 2.93e-03 1.16e-02    0.477 1.50e-02   0.0
      g_prod_2__fp16_mul (VX_tcu_bhf_fmul_77) 2.25e-02 4.90e-02    5.429 7.69e-02   0.1
        pipe_rnd (VX_pipe_register_4_147) 3.30e-03 1.16e-02    0.477 1.53e-02   0.0
          g_shift_register (VX_shift_register_38_0_1_0_147) 3.30e-03 1.16e-02    0.477 1.53e-02   0.0
        rounding (roundAnyRawFNToRecFN_78) 2.25e-03 1.11e-03    0.273 3.63e-03   0.0
        pipe_add (VX_pipe_register_3_77) 4.96e-03 2.46e-02    1.029 3.06e-02   0.0
          g_shift_register (VX_shift_register_37_0_2_0_77) 4.96e-03 2.46e-02    1.029 3.06e-02   0.0
        multiplier (mulRecFNToFullRaw_77) 1.08e-02 1.08e-02    3.024 2.46e-02   0.0
          isSigNaN_b (isSigNaNRecFN_155) 4.93e-06 8.98e-06 4.68e-03 1.86e-05   0.0
          recFNToRawFN_b (recFNToRawFN_155) 7.20e-04 2.21e-04    0.129 1.07e-03   0.0
          isSigNaN_a (isSigNaNRecFN_156) 4.67e-06 7.41e-06 4.72e-03 1.68e-05   0.0
          recFNToRawFN_a (recFNToRawFN_156) 3.48e-04 1.67e-04    0.129 6.45e-04   0.0
        g_in_ieee_from_ieee_b (fNToRecFN_1_154) 6.62e-04 5.24e-04    0.314 1.50e-03   0.0
          clz (bsg_counting_leading_zeros_1_154) 1.19e-04 9.08e-05 6.83e-02 2.78e-04   0.0
            lzc (VX_lzc_1_154)         1.19e-04 9.08e-05 6.83e-02 2.78e-04   0.0
              g_lzc_find_first (VX_find_first_10_4_1_154) 5.41e-05 7.15e-05 5.55e-02 1.81e-04   0.0
        g_in_ieee_from_ieee_a (fNToRecFN_1_155) 5.38e-04 4.04e-04    0.313 1.25e-03   0.0
          clz (bsg_counting_leading_zeros_1_155) 9.71e-05 7.01e-05 6.85e-02 2.36e-04   0.0
            lzc (VX_lzc_1_155)         9.71e-05 7.01e-05 6.85e-02 2.36e-04   0.0
              g_lzc_find_first (VX_find_first_10_4_1_155) 4.18e-05 5.41e-05 5.57e-02 1.52e-04   0.0
      g_prod_1__pipe_mult (VX_pipe_register_1_78) 2.41e-03 1.16e-02    0.477 1.45e-02   0.0
        g_shift_register (VX_shift_register_33_0_1_0_78) 2.41e-03 1.16e-02    0.477 1.45e-02   0.0
      g_prod_1__fp16_mul (VX_tcu_bhf_fmul_78) 2.17e-02 4.90e-02    5.434 7.61e-02   0.1
        pipe_rnd (VX_pipe_register_4_148) 2.37e-03 1.16e-02    0.477 1.44e-02   0.0
          g_shift_register (VX_shift_register_38_0_1_0_148) 2.37e-03 1.16e-02    0.477 1.44e-02   0.0
        rounding (roundAnyRawFNToRecFN_79) 1.07e-03 1.11e-03    0.271 2.44e-03   0.0
        pipe_add (VX_pipe_register_3_78) 4.92e-03 2.46e-02    1.028 3.06e-02   0.0
          g_shift_register (VX_shift_register_37_0_2_0_78) 4.92e-03 2.46e-02    1.028 3.06e-02   0.0
        multiplier (mulRecFNToFullRaw_78) 1.16e-02 1.08e-02    3.023 2.54e-02   0.0
          isSigNaN_b (isSigNaNRecFN_157) 6.90e-06 9.01e-06 4.64e-03 2.05e-05   0.0
          recFNToRawFN_b (recFNToRawFN_157) 7.56e-04 2.22e-04    0.129 1.11e-03   0.0
          isSigNaN_a (isSigNaNRecFN_158) 4.10e-06 7.47e-06 4.68e-03 1.63e-05   0.0
          recFNToRawFN_a (recFNToRawFN_158) 5.24e-04 1.75e-04    0.129 8.28e-04   0.0
        g_in_ieee_from_ieee_b (fNToRecFN_1_156) 7.22e-04 5.25e-04    0.314 1.56e-03   0.0
          clz (bsg_counting_leading_zeros_1_156) 1.22e-04 9.06e-05 6.83e-02 2.81e-04   0.0
            lzc (VX_lzc_1_156)         1.22e-04 9.06e-05 6.83e-02 2.81e-04   0.0
              g_lzc_find_first (VX_find_first_10_4_1_156) 5.73e-05 7.15e-05 5.55e-02 1.84e-04   0.0
        g_in_ieee_from_ieee_a (fNToRecFN_1_157) 1.04e-03 4.11e-04    0.320 1.77e-03   0.0
          clz (bsg_counting_leading_zeros_1_157) 9.35e-05 7.00e-05 6.84e-02 2.32e-04   0.0
            lzc (VX_lzc_1_157)         9.35e-05 7.00e-05 6.84e-02 2.32e-04   0.0
              g_lzc_find_first (VX_find_first_10_4_1_157) 4.19e-05 5.45e-05 5.55e-02 1.52e-04   0.0
      g_prod_0__pipe_mult (VX_pipe_register_1_79) 2.67e-03 1.16e-02    0.477 1.47e-02   0.0
        g_shift_register (VX_shift_register_33_0_1_0_79) 2.67e-03 1.16e-02    0.477 1.47e-02   0.0
      g_prod_0__fp16_mul (VX_tcu_bhf_fmul_79) 2.28e-02 4.90e-02    5.427 7.72e-02   0.1
        pipe_rnd (VX_pipe_register_4_149) 2.92e-03 1.16e-02    0.477 1.50e-02   0.0
          g_shift_register (VX_shift_register_38_0_1_0_149) 2.92e-03 1.16e-02    0.477 1.50e-02   0.0
        rounding (roundAnyRawFNToRecFN_80) 1.22e-03 1.11e-03    0.271 2.60e-03   0.0
        pipe_add (VX_pipe_register_3_79) 4.55e-03 2.46e-02    1.028 3.02e-02   0.0
          g_shift_register (VX_shift_register_37_0_2_0_79) 4.55e-03 2.46e-02    1.028 3.02e-02   0.0
        multiplier (mulRecFNToFullRaw_79) 1.25e-02 1.08e-02    3.024 2.64e-02   0.0
          isSigNaN_b (isSigNaNRecFN_159) 5.51e-06 9.15e-06 4.72e-03 1.94e-05   0.0
          recFNToRawFN_b (recFNToRawFN_159) 7.78e-04 2.23e-04    0.129 1.13e-03   0.0
          isSigNaN_a (isSigNaNRecFN_160) 4.73e-06 7.48e-06 4.69e-03 1.69e-05   0.0
          recFNToRawFN_a (recFNToRawFN_160) 4.51e-04 1.71e-04    0.129 7.50e-04   0.0
        g_in_ieee_from_ieee_b (fNToRecFN_1_158) 6.87e-04 5.29e-04    0.313 1.53e-03   0.0
          clz (bsg_counting_leading_zeros_1_158) 1.17e-04 9.04e-05 6.84e-02 2.76e-04   0.0
            lzc (VX_lzc_1_158)         1.17e-04 9.04e-05 6.84e-02 2.76e-04   0.0
              g_lzc_find_first (VX_find_first_10_4_1_158) 5.48e-05 7.12e-05 5.55e-02 1.81e-04   0.0
        g_in_ieee_from_ieee_a (fNToRecFN_1_159) 8.58e-04 4.02e-04    0.313 1.57e-03   0.0
          clz (bsg_counting_leading_zeros_1_159) 9.29e-05 6.90e-05 6.85e-02 2.30e-04   0.0
            lzc (VX_lzc_1_159)         9.29e-05 6.90e-05 6.85e-02 2.30e-04   0.0
              g_lzc_find_first (VX_find_first_10_4_1_159) 4.13e-05 5.36e-05 5.56e-02 1.51e-04   0.0
    g_i_5__g_j_2__genblk1_u_buffer_ex (VX_pipe_register_15) 1.70e-02 9.44e-02    4.324    0.116   0.2
      g_shift_register (VX_shift_register_582_0_1_0_9) 1.70e-02 9.44e-02    4.324    0.116   0.2
    g_i_5__g_j_1__fedp (VX_tcu_fedp_bhf_10)    0.665    1.219  116.725    2.000   2.8
      final_add (VX_tcu_bhf_fadd_1_10) 4.22e-02 6.73e-02    8.507    0.118   0.2
        pipe_rnd (VX_pipe_register_6_10) 2.24e-03 1.16e-02    0.491 1.43e-02   0.0
          g_shift_register (VX_shift_register_37_0_1_0_10) 2.24e-03 1.16e-02    0.491 1.43e-02   0.0
        g_out_ieee_to_ieee (recFNToFN_10) 4.48e-03 2.92e-03    0.789 8.20e-03   0.0
          recFNToRawFN (recFNToRawFN_1_170) 1.21e-03 7.24e-04    0.232 2.16e-03   0.0
        rounding (roundAnyRawFNToRecFN_1_80) 4.58e-03 2.97e-03    1.202 8.74e-03   0.0
          genblk2_genblk1_lowMask_roundMask (lowMaskLoHi_80) 2.34e-04 1.37e-04    0.301 6.72e-04   0.0
            reverse (reverse_2_80)     6.10e-06 2.26e-06    0.153 1.62e-04   0.0
        pipe_add (VX_pipe_register_5_80) 6.00e-03 3.05e-02    1.265 3.78e-02   0.1
          g_shift_register (VX_shift_register_45_0_2_0_80) 6.00e-03 3.05e-02    1.265 3.78e-02   0.1
        adder (addRecFNToRaw_80)       2.49e-02 1.93e-02    4.759 4.90e-02   0.1
          lowMask_far_roundExtraMask (lowMaskHiLo_80) 4.83e-05 8.59e-05 8.05e-02 2.15e-04   0.0
            reverse (reverse_1_80)     2.27e-05 4.07e-05 5.03e-02 1.14e-04   0.0
          compressBy4_far_sigSmaller (compressBy4_80) 4.24e-05 1.84e-04 4.49e-02 2.71e-04   0.0
          countLeadingZeros_close (countLeadingZeros_80) 5.42e-04 4.63e-04    0.163 1.17e-03   0.0
            reverse_in (reverse_82)    2.65e-04 3.14e-04 9.01e-02 6.69e-04   0.0
          compressBy2_close_sigSum (compressBy2_80) 1.85e-04 3.40e-04 6.59e-02 5.91e-04   0.0
          isSigNaN_b (isSigNaNRecFN_1_160) 4.39e-06 5.12e-06 4.53e-03 1.40e-05   0.0
          recFNToRawFN_b (recFNToRawFN_1_171) 5.30e-04 2.74e-04    0.236 1.04e-03   0.0
          isSigNaN_a (isSigNaNRecFN_1_161) 7.65e-06 1.25e-05 4.71e-03 2.49e-05   0.0
          recFNToRawFN_a (recFNToRawFN_1_172) 1.88e-03 8.13e-04    0.232 2.93e-03   0.0
      pipe_c (VX_pipe_register_2_10)   1.90e-02    0.139    6.434    0.164   0.2
        g_shift_register (VX_shift_register_33_0_13_0_10) 1.90e-02    0.139    6.434    0.164   0.2
      conv_c (fNToRecFN_11)            1.69e-03 9.08e-04    0.756 3.35e-03   0.0
        clz (bsg_counting_leading_zeros_11) 1.20e-04 1.10e-04    0.119 3.49e-04   0.0
          lzc (VX_lzc_11)              1.20e-04 1.10e-04    0.119 3.49e-04   0.0
            g_lzc_find_first (VX_find_first_23_5_1_10) 1.06e-04 1.06e-04    0.107 3.19e-04   0.0
      g_red_tree_2__g_add_0__reduce_add (VX_tcu_bhf_fadd_71) 5.81e-02 7.61e-02    7.787    0.142   0.2
        pipe_rnd (VX_pipe_register_4_150) 3.84e-03 1.26e-02    0.504 1.69e-02   0.0
          g_shift_register (VX_shift_register_38_0_1_0_150) 3.84e-03 1.26e-02    0.504 1.69e-02   0.0
        rounding (roundAnyRawFNToRecFN_1_81) 8.36e-03 3.79e-03    1.239 1.34e-02   0.0
          genblk2_genblk1_lowMask_roundMask (lowMaskLoHi_81) 2.53e-04 1.44e-04    0.302 6.99e-04   0.0
            reverse (reverse_2_81)     1.38e-05 5.42e-06    0.154 1.73e-04   0.0
        pipe_add (VX_pipe_register_5_81) 8.70e-03 3.16e-02    1.265 4.16e-02   0.1
          g_shift_register (VX_shift_register_45_0_2_0_81) 8.70e-03 3.16e-02    1.265 4.16e-02   0.1
        adder (addRecFNToRaw_81)       3.72e-02 2.81e-02    4.773 7.00e-02   0.1
          lowMask_far_roundExtraMask (lowMaskHiLo_81) 1.73e-04 2.97e-04 8.09e-02 5.51e-04   0.0
            reverse (reverse_1_81)     7.17e-05 1.45e-04 4.72e-02 2.64e-04   0.0
          compressBy4_far_sigSmaller (compressBy4_81) 9.18e-05 3.63e-04 4.78e-02 5.02e-04   0.0
          countLeadingZeros_close (countLeadingZeros_81) 5.89e-04 5.34e-04    0.163 1.29e-03   0.0
            reverse_in (reverse_83)    3.12e-04 3.67e-04 8.96e-02 7.69e-04   0.0
          compressBy2_close_sigSum (compressBy2_81) 2.20e-04 3.98e-04 6.61e-02 6.84e-04   0.0
          isSigNaN_b (isSigNaNRecFN_1_162) 4.78e-06 8.05e-06 4.16e-03 1.70e-05   0.0
          recFNToRawFN_b (recFNToRawFN_1_173) 2.60e-03 8.99e-04    0.233 3.73e-03   0.0
          isSigNaN_a (isSigNaNRecFN_1_163) 4.93e-06 8.34e-06 4.16e-03 1.74e-05   0.0
          recFNToRawFN_a (recFNToRawFN_1_174) 1.62e-03 8.92e-04    0.233 2.74e-03   0.0
      g_red_tree_1__g_add_1__reduce_add (VX_tcu_bhf_fadd_72) 6.04e-02 7.66e-02    7.769    0.145   0.2
        pipe_rnd (VX_pipe_register_4_151) 3.38e-03 1.29e-02    0.505 1.68e-02   0.0
          g_shift_register (VX_shift_register_38_0_1_0_151) 3.38e-03 1.29e-02    0.505 1.68e-02   0.0
        rounding (roundAnyRawFNToRecFN_1_82) 7.12e-03 3.89e-03    1.224 1.22e-02   0.0
          genblk2_genblk1_lowMask_roundMask (lowMaskLoHi_82) 2.61e-04 1.52e-04    0.303 7.16e-04   0.0
            reverse (reverse_2_82)     1.40e-05 5.42e-06    0.153 1.73e-04   0.0
        pipe_add (VX_pipe_register_5_82) 1.22e-02 3.18e-02    1.266 4.52e-02   0.1
          g_shift_register (VX_shift_register_45_0_2_0_82) 1.22e-02 3.18e-02    1.266 4.52e-02   0.1
        adder (addRecFNToRaw_82)       3.77e-02 2.81e-02    4.775 7.06e-02   0.1
          lowMask_far_roundExtraMask (lowMaskHiLo_82) 1.46e-04 2.68e-04 8.07e-02 4.94e-04   0.0
            reverse (reverse_1_82)     6.07e-05 1.29e-04 4.69e-02 2.37e-04   0.0
          compressBy4_far_sigSmaller (compressBy4_82) 6.66e-05 3.41e-04 4.62e-02 4.54e-04   0.0
          countLeadingZeros_close (countLeadingZeros_82) 5.73e-04 5.18e-04    0.163 1.25e-03   0.0
            reverse_in (reverse_84)    2.99e-04 3.61e-04 8.98e-02 7.50e-04   0.0
          compressBy2_close_sigSum (compressBy2_82) 2.20e-04 3.92e-04 6.62e-02 6.78e-04   0.0
          isSigNaN_b (isSigNaNRecFN_1_164) 4.66e-06 9.41e-06 4.39e-03 1.85e-05   0.0
          recFNToRawFN_b (recFNToRawFN_1_175) 2.74e-03 9.37e-04    0.234 3.91e-03   0.0
          isSigNaN_a (isSigNaNRecFN_1_165) 4.84e-06 9.14e-06 4.40e-03 1.84e-05   0.0
          recFNToRawFN_a (recFNToRawFN_1_176) 2.94e-03 9.45e-04    0.234 4.12e-03   0.0
      g_red_tree_1__g_add_0__reduce_add (VX_tcu_bhf_fadd_73) 5.52e-02 7.66e-02    7.763    0.140   0.2
        pipe_rnd (VX_pipe_register_4_152) 3.46e-03 1.29e-02    0.505 1.68e-02   0.0
          g_shift_register (VX_shift_register_38_0_1_0_152) 3.46e-03 1.29e-02    0.505 1.68e-02   0.0
        rounding (roundAnyRawFNToRecFN_1_83) 6.41e-03 3.85e-03    1.216 1.15e-02   0.0
          genblk2_genblk1_lowMask_roundMask (lowMaskLoHi_83) 2.67e-04 1.51e-04    0.303 7.20e-04   0.0
            reverse (reverse_2_83)     1.33e-05 5.42e-06    0.153 1.72e-04   0.0
        pipe_add (VX_pipe_register_5_83) 8.13e-03 3.17e-02    1.266 4.11e-02   0.1
          g_shift_register (VX_shift_register_45_0_2_0_83) 8.13e-03 3.17e-02    1.266 4.11e-02   0.1
        adder (addRecFNToRaw_83)       3.72e-02 2.81e-02    4.777 7.01e-02   0.1
          lowMask_far_roundExtraMask (lowMaskHiLo_83) 1.57e-04 2.72e-04 8.07e-02 5.09e-04   0.0
            reverse (reverse_1_83)     7.81e-05 1.31e-04 4.69e-02 2.56e-04   0.0
          compressBy4_far_sigSmaller (compressBy4_83) 7.26e-05 3.42e-04 4.62e-02 4.61e-04   0.0
          countLeadingZeros_close (countLeadingZeros_83) 5.85e-04 5.22e-04    0.163 1.27e-03   0.0
            reverse_in (reverse_85)    3.09e-04 3.63e-04 8.98e-02 7.62e-04   0.0
          compressBy2_close_sigSum (compressBy2_83) 2.01e-04 3.93e-04 6.62e-02 6.60e-04   0.0
          isSigNaN_b (isSigNaNRecFN_1_166) 6.28e-06 9.22e-06 4.39e-03 1.99e-05   0.0
          recFNToRawFN_b (recFNToRawFN_1_177) 2.69e-03 9.27e-04    0.234 3.85e-03   0.0
          isSigNaN_a (isSigNaNRecFN_1_167) 7.92e-06 9.55e-06 4.39e-03 2.19e-05   0.0
          recFNToRawFN_a (recFNToRawFN_1_178) 1.86e-03 9.30e-04    0.234 3.02e-03   0.0
      g_red_tree_0__g_add_3__reduce_add (VX_tcu_bhf_fadd_74) 5.60e-02 7.42e-02    7.633    0.138   0.2
        pipe_rnd (VX_pipe_register_4_153) 6.11e-03 1.30e-02    0.505 1.96e-02   0.0
          g_shift_register (VX_shift_register_38_0_1_0_153) 6.11e-03 1.30e-02    0.505 1.96e-02   0.0
        rounding (roundAnyRawFNToRecFN_1_84) 7.43e-03 3.86e-03    1.262 1.26e-02   0.0
          genblk2_genblk1_lowMask_roundMask (lowMaskLoHi_84) 2.37e-04 1.53e-04    0.303 6.93e-04   0.0
            reverse (reverse_2_84)     1.54e-05 5.43e-06    0.153 1.74e-04   0.0
        pipe_add (VX_pipe_register_5_84) 9.97e-03 3.22e-02    1.268 4.34e-02   0.1
          g_shift_register (VX_shift_register_45_0_2_0_84) 9.97e-03 3.22e-02    1.268 4.34e-02   0.1
        adder (addRecFNToRaw_84)       3.25e-02 2.52e-02    4.590 6.23e-02   0.1
          lowMask_far_roundExtraMask (lowMaskHiLo_84) 1.26e-04 2.22e-04 6.92e-02 4.17e-04   0.0
            reverse (reverse_1_84)     5.85e-05 1.07e-04 3.99e-02 2.06e-04   0.0
          compressBy4_far_sigSmaller (compressBy4_84) 4.22e-05 2.45e-04 4.07e-02 3.28e-04   0.0
          countLeadingZeros_close (countLeadingZeros_84) 5.56e-04 5.01e-04    0.156 1.21e-03   0.0
            reverse_in (reverse_86)    2.91e-04 3.03e-04 8.27e-02 6.77e-04   0.0
          compressBy2_close_sigSum (compressBy2_84) 1.44e-04 3.27e-04 6.15e-02 5.33e-04   0.0
          isSigNaN_b (isSigNaNRecFN_1_168) 1.04e-05 1.14e-05 4.88e-03 2.66e-05   0.0
          recFNToRawFN_b (recFNToRawFN_1_179) 2.19e-03 7.50e-04    0.221 3.16e-03   0.0
          isSigNaN_a (isSigNaNRecFN_1_169) 6.84e-06 1.14e-05 4.87e-03 2.31e-05   0.0
          recFNToRawFN_a (recFNToRawFN_1_180) 1.63e-03 7.45e-04    0.221 2.59e-03   0.0
      g_red_tree_0__g_add_2__reduce_add (VX_tcu_bhf_fadd_75) 6.50e-02 7.46e-02    7.654    0.147   0.2
        pipe_rnd (VX_pipe_register_4_154) 6.41e-03 1.30e-02    0.505 2.00e-02   0.0
          g_shift_register (VX_shift_register_38_0_1_0_154) 6.41e-03 1.30e-02    0.505 2.00e-02   0.0
        rounding (roundAnyRawFNToRecFN_1_85) 1.26e-02 4.00e-03    1.284 1.79e-02   0.0
          genblk2_genblk1_lowMask_roundMask (lowMaskLoHi_85) 2.46e-04 1.53e-04    0.303 7.02e-04   0.0
            reverse (reverse_2_85)     1.34e-05 5.42e-06    0.153 1.72e-04   0.0
        pipe_add (VX_pipe_register_5_85) 1.37e-02 3.23e-02    1.268 4.72e-02   0.1
          g_shift_register (VX_shift_register_45_0_2_0_85) 1.37e-02 3.23e-02    1.268 4.72e-02   0.1
        adder (addRecFNToRaw_85)       3.24e-02 2.53e-02    4.589 6.23e-02   0.1
          lowMask_far_roundExtraMask (lowMaskHiLo_85) 1.13e-04 2.23e-04 6.91e-02 4.05e-04   0.0
            reverse (reverse_1_85)     5.19e-05 1.08e-04 3.98e-02 1.99e-04   0.0
          compressBy4_far_sigSmaller (compressBy4_85) 4.68e-05 2.45e-04 4.07e-02 3.32e-04   0.0
          countLeadingZeros_close (countLeadingZeros_85) 5.57e-04 5.04e-04    0.157 1.22e-03   0.0
            reverse_in (reverse_87)    2.94e-04 3.04e-04 8.26e-02 6.80e-04   0.0
          compressBy2_close_sigSum (compressBy2_85) 1.57e-04 3.28e-04 6.15e-02 5.47e-04   0.0
          isSigNaN_b (isSigNaNRecFN_1_170) 7.58e-06 1.12e-05 4.87e-03 2.37e-05   0.0
          recFNToRawFN_b (recFNToRawFN_1_181) 2.17e-03 7.63e-04    0.221 3.16e-03   0.0
          isSigNaN_a (isSigNaNRecFN_1_171) 8.98e-06 1.13e-05 4.87e-03 2.52e-05   0.0
          recFNToRawFN_a (recFNToRawFN_1_182) 1.72e-03 7.51e-04    0.221 2.69e-03   0.0
      g_red_tree_0__g_add_1__reduce_add (VX_tcu_bhf_fadd_76) 4.79e-02 7.42e-02    7.598    0.130   0.2
        pipe_rnd (VX_pipe_register_4_155) 2.72e-03 1.29e-02    0.505 1.62e-02   0.0
          g_shift_register (VX_shift_register_38_0_1_0_155) 2.72e-03 1.29e-02    0.505 1.62e-02   0.0
        rounding (roundAnyRawFNToRecFN_1_86) 6.44e-03 3.84e-03    1.230 1.15e-02   0.0
          genblk2_genblk1_lowMask_roundMask (lowMaskLoHi_86) 2.42e-04 1.52e-04    0.303 6.97e-04   0.0
            reverse (reverse_2_86)     1.37e-05 5.42e-06    0.153 1.73e-04   0.0
        pipe_add (VX_pipe_register_5_86) 8.36e-03 3.22e-02    1.268 4.18e-02   0.1
          g_shift_register (VX_shift_register_45_0_2_0_86) 8.36e-03 3.22e-02    1.268 4.18e-02   0.1
        adder (addRecFNToRaw_86)       3.04e-02 2.52e-02    4.587 6.02e-02   0.1
          lowMask_far_roundExtraMask (lowMaskHiLo_86) 1.13e-04 2.26e-04 6.92e-02 4.08e-04   0.0
            reverse (reverse_1_86)     5.30e-05 1.09e-04 3.99e-02 2.02e-04   0.0
          compressBy4_far_sigSmaller (compressBy4_86) 5.66e-05 2.46e-04 4.07e-02 3.43e-04   0.0
          countLeadingZeros_close (countLeadingZeros_86) 5.56e-04 5.01e-04    0.157 1.21e-03   0.0
            reverse_in (reverse_88)    2.97e-04 3.03e-04 8.27e-02 6.82e-04   0.0
          compressBy2_close_sigSum (compressBy2_86) 1.84e-04 3.28e-04 6.15e-02 5.74e-04   0.0
          isSigNaN_b (isSigNaNRecFN_1_172) 8.82e-06 1.12e-05 4.85e-03 2.49e-05   0.0
          recFNToRawFN_b (recFNToRawFN_1_183) 2.21e-03 7.56e-04    0.221 3.19e-03   0.0
          isSigNaN_a (isSigNaNRecFN_1_173) 9.61e-06 1.10e-05 4.84e-03 2.54e-05   0.0
          recFNToRawFN_a (recFNToRawFN_1_184) 1.68e-03 7.53e-04    0.221 2.66e-03   0.0
      g_red_tree_0__g_add_0__reduce_add (VX_tcu_bhf_fadd_77) 5.81e-02 7.45e-02    7.642    0.140   0.2
        pipe_rnd (VX_pipe_register_4_156) 5.08e-03 1.30e-02    0.505 1.86e-02   0.0
          g_shift_register (VX_shift_register_38_0_1_0_156) 5.08e-03 1.30e-02    0.505 1.86e-02   0.0
        rounding (roundAnyRawFNToRecFN_1_87) 1.00e-02 3.97e-03    1.278 1.53e-02   0.0
          genblk2_genblk1_lowMask_roundMask (lowMaskLoHi_87) 2.62e-04 1.54e-04    0.304 7.20e-04   0.0
            reverse (reverse_2_87)     1.36e-05 5.42e-06    0.153 1.72e-04   0.0
        pipe_add (VX_pipe_register_5_87) 1.15e-02 3.22e-02    1.268 4.50e-02   0.1
          g_shift_register (VX_shift_register_45_0_2_0_87) 1.15e-02 3.22e-02    1.268 4.50e-02   0.1
        adder (addRecFNToRaw_87)       3.15e-02 2.53e-02    4.583 6.13e-02   0.1
          lowMask_far_roundExtraMask (lowMaskHiLo_87) 1.54e-04 2.28e-04 6.92e-02 4.52e-04   0.0
            reverse (reverse_1_87)     9.43e-05 1.10e-04 3.98e-02 2.44e-04   0.0
          compressBy4_far_sigSmaller (compressBy4_87) 4.11e-05 2.46e-04 4.07e-02 3.28e-04   0.0
          countLeadingZeros_close (countLeadingZeros_87) 5.52e-04 5.03e-04    0.157 1.21e-03   0.0
            reverse_in (reverse_89)    2.88e-04 3.04e-04 8.26e-02 6.75e-04   0.0
          compressBy2_close_sigSum (compressBy2_87) 1.41e-04 3.27e-04 6.15e-02 5.30e-04   0.0
          isSigNaN_b (isSigNaNRecFN_1_174) 1.15e-05 1.12e-05 4.86e-03 2.76e-05   0.0
          recFNToRawFN_b (recFNToRawFN_1_185) 1.98e-03 7.56e-04    0.221 2.96e-03   0.0
          isSigNaN_a (isSigNaNRecFN_1_175) 8.42e-06 1.11e-05 4.87e-03 2.44e-05   0.0
          recFNToRawFN_a (recFNToRawFN_1_186) 1.96e-03 7.60e-04    0.221 2.94e-03   0.0
      g_prod_7__pipe_mult (VX_pipe_register_1_80) 3.15e-03 1.16e-02    0.477 1.52e-02   0.0
        g_shift_register (VX_shift_register_33_0_1_0_80) 3.15e-03 1.16e-02    0.477 1.52e-02   0.0
      g_prod_7__fp16_mul (VX_tcu_bhf_fmul_80) 2.36e-02 4.91e-02    5.428 7.81e-02   0.1
        pipe_rnd (VX_pipe_register_4_157) 2.62e-03 1.16e-02    0.477 1.47e-02   0.0
          g_shift_register (VX_shift_register_38_0_1_0_157) 2.62e-03 1.16e-02    0.477 1.47e-02   0.0
        rounding (roundAnyRawFNToRecFN_81) 3.49e-03 1.13e-03    0.273 4.90e-03   0.0
        pipe_add (VX_pipe_register_3_80) 4.55e-03 2.46e-02    1.028 3.02e-02   0.0
          g_shift_register (VX_shift_register_37_0_2_0_80) 4.55e-03 2.46e-02    1.028 3.02e-02   0.0
        multiplier (mulRecFNToFullRaw_80) 1.15e-02 1.08e-02    3.023 2.53e-02   0.0
          isSigNaN_b (isSigNaNRecFN_161) 5.41e-06 9.10e-06 4.63e-03 1.91e-05   0.0
          recFNToRawFN_b (recFNToRawFN_161) 1.08e-03 2.24e-04    0.129 1.43e-03   0.0
          isSigNaN_a (isSigNaNRecFN_162) 4.33e-06 7.41e-06 4.73e-03 1.65e-05   0.0
          recFNToRawFN_a (recFNToRawFN_162) 3.86e-04 1.67e-04    0.129 6.82e-04   0.0
        g_in_ieee_from_ieee_b (fNToRecFN_1_160) 8.14e-04 5.24e-04    0.313 1.65e-03   0.0
          clz (bsg_counting_leading_zeros_1_160) 1.15e-04 8.94e-05 6.83e-02 2.73e-04   0.0
            lzc (VX_lzc_1_160)         1.15e-04 8.94e-05 6.83e-02 2.73e-04   0.0
              g_lzc_find_first (VX_find_first_10_4_1_160) 5.22e-05 7.06e-05 5.54e-02 1.78e-04   0.0
        g_in_ieee_from_ieee_a (fNToRecFN_1_161) 6.57e-04 4.05e-04    0.314 1.38e-03   0.0
          clz (bsg_counting_leading_zeros_1_161) 9.59e-05 7.03e-05 6.84e-02 2.35e-04   0.0
            lzc (VX_lzc_1_161)         9.59e-05 7.03e-05 6.84e-02 2.35e-04   0.0
              g_lzc_find_first (VX_find_first_10_4_1_161) 4.23e-05 5.45e-05 5.56e-02 1.52e-04   0.0
      g_prod_6__pipe_mult (VX_pipe_register_1_81) 3.41e-03 1.16e-02    0.477 1.55e-02   0.0
        g_shift_register (VX_shift_register_33_0_1_0_81) 3.41e-03 1.16e-02    0.477 1.55e-02   0.0
      g_prod_6__fp16_mul (VX_tcu_bhf_fmul_81) 2.25e-02 4.89e-02    5.411 7.69e-02   0.1
        pipe_rnd (VX_pipe_register_4_158) 3.61e-03 1.16e-02    0.477 1.56e-02   0.0
          g_shift_register (VX_shift_register_38_0_1_0_158) 3.61e-03 1.16e-02    0.477 1.56e-02   0.0
        rounding (roundAnyRawFNToRecFN_82) 1.29e-03 1.10e-03    0.273 2.66e-03   0.0
        pipe_add (VX_pipe_register_3_81) 5.08e-03 2.46e-02    1.028 3.07e-02   0.0
          g_shift_register (VX_shift_register_37_0_2_0_81) 5.08e-03 2.46e-02    1.028 3.07e-02   0.0
        multiplier (mulRecFNToFullRaw_81) 1.13e-02 1.08e-02    3.008 2.51e-02   0.0
          isSigNaN_b (isSigNaNRecFN_163) 9.23e-06 8.99e-06 4.72e-03 2.29e-05   0.0
          recFNToRawFN_b (recFNToRawFN_163) 7.92e-04 2.22e-04    0.129 1.14e-03   0.0
          isSigNaN_a (isSigNaNRecFN_164) 4.19e-06 6.90e-06 4.67e-03 1.57e-05   0.0
          recFNToRawFN_a (recFNToRawFN_164) 3.37e-04 1.65e-04    0.129 6.30e-04   0.0
        g_in_ieee_from_ieee_b (fNToRecFN_1_162) 7.41e-04 5.29e-04    0.313 1.58e-03   0.0
          clz (bsg_counting_leading_zeros_1_162) 1.23e-04 9.14e-05 6.83e-02 2.82e-04   0.0
            lzc (VX_lzc_1_162)         1.23e-04 9.14e-05 6.83e-02 2.82e-04   0.0
              g_lzc_find_first (VX_find_first_10_4_1_162) 5.47e-05 7.16e-05 5.54e-02 1.82e-04   0.0
        g_in_ieee_from_ieee_a (fNToRecFN_1_163) 5.23e-04 3.98e-04    0.312 1.23e-03   0.0
          clz (bsg_counting_leading_zeros_1_163) 9.09e-05 6.87e-05 6.83e-02 2.28e-04   0.0
            lzc (VX_lzc_1_163)         9.09e-05 6.87e-05 6.83e-02 2.28e-04   0.0
              g_lzc_find_first (VX_find_first_10_4_1_163) 4.00e-05 5.34e-05 5.55e-02 1.49e-04   0.0
      g_prod_5__pipe_mult (VX_pipe_register_1_82) 2.06e-03 1.16e-02    0.477 1.41e-02   0.0
        g_shift_register (VX_shift_register_33_0_1_0_82) 2.06e-03 1.16e-02    0.477 1.41e-02   0.0
      g_prod_5__fp16_mul (VX_tcu_bhf_fmul_82) 1.85e-02 4.90e-02    5.412 7.29e-02   0.1
        pipe_rnd (VX_pipe_register_4_159) 1.90e-03 1.16e-02    0.477 1.39e-02   0.0
          g_shift_register (VX_shift_register_38_0_1_0_159) 1.90e-03 1.16e-02    0.477 1.39e-02   0.0
        rounding (roundAnyRawFNToRecFN_83) 8.32e-04 1.11e-03    0.272 2.21e-03   0.0
        pipe_add (VX_pipe_register_3_82) 4.02e-03 2.46e-02    1.028 2.96e-02   0.0
          g_shift_register (VX_shift_register_37_0_2_0_82) 4.02e-03 2.46e-02    1.028 2.96e-02   0.0
        multiplier (mulRecFNToFullRaw_82) 1.05e-02 1.08e-02    3.008 2.43e-02   0.0
          isSigNaN_b (isSigNaNRecFN_165) 7.58e-06 9.00e-06 4.67e-03 2.12e-05   0.0
          recFNToRawFN_b (recFNToRawFN_165) 6.98e-04 2.23e-04    0.129 1.05e-03   0.0
          isSigNaN_a (isSigNaNRecFN_166) 5.23e-06 7.17e-06 4.69e-03 1.71e-05   0.0
          recFNToRawFN_a (recFNToRawFN_166) 3.59e-04 1.68e-04    0.129 6.56e-04   0.0
        g_in_ieee_from_ieee_b (fNToRecFN_1_164) 6.78e-04 5.26e-04    0.313 1.52e-03   0.0
          clz (bsg_counting_leading_zeros_1_164) 1.20e-04 9.07e-05 6.83e-02 2.79e-04   0.0
            lzc (VX_lzc_1_164)         1.20e-04 9.07e-05 6.83e-02 2.79e-04   0.0
              g_lzc_find_first (VX_find_first_10_4_1_164) 5.49e-05 7.14e-05 5.54e-02 1.82e-04   0.0
        g_in_ieee_from_ieee_a (fNToRecFN_1_165) 5.98e-04 4.02e-04    0.314 1.31e-03   0.0
          clz (bsg_counting_leading_zeros_1_165) 9.36e-05 6.85e-05 6.84e-02 2.30e-04   0.0
            lzc (VX_lzc_1_165)         9.36e-05 6.85e-05 6.84e-02 2.30e-04   0.0
              g_lzc_find_first (VX_find_first_10_4_1_165) 4.04e-05 5.31e-05 5.55e-02 1.49e-04   0.0
      g_prod_4__pipe_mult (VX_pipe_register_1_83) 3.23e-03 1.16e-02    0.477 1.53e-02   0.0
        g_shift_register (VX_shift_register_33_0_1_0_83) 3.23e-03 1.16e-02    0.477 1.53e-02   0.0
      g_prod_4__fp16_mul (VX_tcu_bhf_fmul_83) 2.04e-02 4.90e-02    5.412 7.48e-02   0.1
        pipe_rnd (VX_pipe_register_4_160) 2.52e-03 1.16e-02    0.477 1.46e-02   0.0
          g_shift_register (VX_shift_register_38_0_1_0_160) 2.52e-03 1.16e-02    0.477 1.46e-02   0.0
        rounding (roundAnyRawFNToRecFN_84) 1.20e-03 1.11e-03    0.272 2.58e-03   0.0
        pipe_add (VX_pipe_register_3_83) 4.35e-03 2.46e-02    1.028 3.00e-02   0.0
          g_shift_register (VX_shift_register_37_0_2_0_83) 4.35e-03 2.46e-02    1.028 3.00e-02   0.0
        multiplier (mulRecFNToFullRaw_83) 1.09e-02 1.08e-02    3.008 2.47e-02   0.0
          isSigNaN_b (isSigNaNRecFN_167) 9.90e-06 9.16e-06 4.69e-03 2.38e-05   0.0
          recFNToRawFN_b (recFNToRawFN_167) 7.14e-04 2.23e-04    0.129 1.07e-03   0.0
          isSigNaN_a (isSigNaNRecFN_168) 5.45e-06 7.06e-06 4.69e-03 1.72e-05   0.0
          recFNToRawFN_a (recFNToRawFN_168) 4.21e-04 1.68e-04    0.129 7.18e-04   0.0
        g_in_ieee_from_ieee_b (fNToRecFN_1_166) 6.91e-04 5.26e-04    0.313 1.53e-03   0.0
          clz (bsg_counting_leading_zeros_1_166) 1.21e-04 9.08e-05 6.84e-02 2.81e-04   0.0
            lzc (VX_lzc_1_166)         1.21e-04 9.08e-05 6.84e-02 2.81e-04   0.0
              g_lzc_find_first (VX_find_first_10_4_1_166) 5.55e-05 7.16e-05 5.55e-02 1.83e-04   0.0
        g_in_ieee_from_ieee_a (fNToRecFN_1_167) 7.57e-04 4.00e-04    0.313 1.47e-03   0.0
          clz (bsg_counting_leading_zeros_1_167) 9.37e-05 6.87e-05 6.85e-02 2.31e-04   0.0
            lzc (VX_lzc_1_167)         9.37e-05 6.87e-05 6.85e-02 2.31e-04   0.0
              g_lzc_find_first (VX_find_first_10_4_1_167) 4.10e-05 5.32e-05 5.56e-02 1.50e-04   0.0
      g_prod_3__pipe_mult (VX_pipe_register_1_84) 2.47e-03 1.16e-02    0.477 1.45e-02   0.0
        g_shift_register (VX_shift_register_33_0_1_0_84) 2.47e-03 1.16e-02    0.477 1.45e-02   0.0
      g_prod_3__fp16_mul (VX_tcu_bhf_fmul_84) 2.34e-02 4.90e-02    5.425 7.78e-02   0.1
        pipe_rnd (VX_pipe_register_4_161) 3.69e-03 1.16e-02    0.477 1.57e-02   0.0
          g_shift_register (VX_shift_register_38_0_1_0_161) 3.69e-03 1.16e-02    0.477 1.57e-02   0.0
        rounding (roundAnyRawFNToRecFN_85) 1.73e-03 1.11e-03    0.272 3.12e-03   0.0
        pipe_add (VX_pipe_register_3_84) 4.61e-03 2.46e-02    1.028 3.02e-02   0.0
          g_shift_register (VX_shift_register_37_0_2_0_84) 4.61e-03 2.46e-02    1.028 3.02e-02   0.0
        multiplier (mulRecFNToFullRaw_84) 1.14e-02 1.08e-02    3.023 2.52e-02   0.0
          isSigNaN_b (isSigNaNRecFN_169) 4.51e-06 8.94e-06 4.68e-03 1.81e-05   0.0
          recFNToRawFN_b (recFNToRawFN_169) 7.16e-04 2.22e-04    0.129 1.07e-03   0.0
          isSigNaN_a (isSigNaNRecFN_170) 5.97e-06 7.93e-06 4.67e-03 1.86e-05   0.0
          recFNToRawFN_a (recFNToRawFN_170) 8.20e-04 1.81e-04    0.129 1.13e-03   0.0
        g_in_ieee_from_ieee_b (fNToRecFN_1_168) 6.52e-04 5.26e-04    0.312 1.49e-03   0.0
          clz (bsg_counting_leading_zeros_1_168) 1.19e-04 9.16e-05 6.83e-02 2.79e-04   0.0
            lzc (VX_lzc_1_168)         8.32e-05 8.06e-05 6.18e-02 2.26e-04   0.0
              g_lzc_find_first (VX_find_first_10_4_1_168) 5.45e-05 7.21e-05 5.55e-02 1.82e-04   0.0
        g_in_ieee_from_ieee_a (fNToRecFN_1_169) 1.24e-03 3.99e-04    0.314 1.95e-03   0.0
          clz (bsg_counting_leading_zeros_1_169) 8.98e-05 6.77e-05 6.83e-02 2.26e-04   0.0
            lzc (VX_lzc_1_169)         8.98e-05 6.77e-05 6.83e-02 2.26e-04   0.0
              g_lzc_find_first (VX_find_first_10_4_1_169) 3.91e-05 5.27e-05 5.54e-02 1.47e-04   0.0
      g_prod_2__pipe_mult (VX_pipe_register_1_85) 4.35e-03 1.16e-02    0.477 1.64e-02   0.0
        g_shift_register (VX_shift_register_33_0_1_0_85) 4.35e-03 1.16e-02    0.477 1.64e-02   0.0
      g_prod_2__fp16_mul (VX_tcu_bhf_fmul_85) 2.64e-02 4.91e-02    5.426 8.09e-02   0.1
        pipe_rnd (VX_pipe_register_4_162) 6.72e-03 1.16e-02    0.477 1.88e-02   0.0
          g_shift_register (VX_shift_register_38_0_1_0_162) 6.72e-03 1.16e-02    0.477 1.88e-02   0.0
        rounding (roundAnyRawFNToRecFN_86) 1.07e-03 1.10e-03    0.271 2.45e-03   0.0
        pipe_add (VX_pipe_register_3_85) 5.41e-03 2.46e-02    1.029 3.11e-02   0.0
          g_shift_register (VX_shift_register_37_0_2_0_85) 5.41e-03 2.46e-02    1.029 3.11e-02   0.0
        multiplier (mulRecFNToFullRaw_85) 1.20e-02 1.08e-02    3.025 2.59e-02   0.0
          isSigNaN_b (isSigNaNRecFN_171) 4.85e-06 9.25e-06 4.71e-03 1.88e-05   0.0
          recFNToRawFN_b (recFNToRawFN_171) 8.31e-04 2.21e-04    0.129 1.18e-03   0.0
          isSigNaN_a (isSigNaNRecFN_172) 3.99e-06 7.02e-06 4.71e-03 1.57e-05   0.0
          recFNToRawFN_a (recFNToRawFN_172) 3.30e-04 1.66e-04    0.129 6.26e-04   0.0
        g_in_ieee_from_ieee_b (fNToRecFN_1_170) 6.94e-04 5.27e-04    0.313 1.53e-03   0.0
          clz (bsg_counting_leading_zeros_1_170) 1.20e-04 9.17e-05 6.85e-02 2.80e-04   0.0
            lzc (VX_lzc_1_170)         1.20e-04 9.17e-05 6.85e-02 2.80e-04   0.0
              g_lzc_find_first (VX_find_first_10_4_1_170) 5.53e-05 7.23e-05 5.56e-02 1.83e-04   0.0
        g_in_ieee_from_ieee_a (fNToRecFN_1_171) 5.32e-04 4.02e-04    0.311 1.25e-03   0.0
          clz (bsg_counting_leading_zeros_1_171) 9.56e-05 7.02e-05 6.85e-02 2.34e-04   0.0
            lzc (VX_lzc_1_171)         9.56e-05 7.02e-05 6.85e-02 2.34e-04   0.0
              g_lzc_find_first (VX_find_first_10_4_1_171) 4.25e-05 5.42e-05 5.57e-02 1.52e-04   0.0
      g_prod_1__pipe_mult (VX_pipe_register_1_86) 2.31e-03 1.16e-02    0.477 1.44e-02   0.0
        g_shift_register (VX_shift_register_33_0_1_0_86) 2.31e-03 1.16e-02    0.477 1.44e-02   0.0
      g_prod_1__fp16_mul (VX_tcu_bhf_fmul_86) 2.29e-02 4.91e-02    5.413 7.74e-02   0.1
        pipe_rnd (VX_pipe_register_4_163) 2.75e-03 1.16e-02    0.477 1.48e-02   0.0
          g_shift_register (VX_shift_register_38_0_1_0_163) 2.75e-03 1.16e-02    0.477 1.48e-02   0.0
        rounding (roundAnyRawFNToRecFN_87) 1.89e-03 1.11e-03    0.274 3.27e-03   0.0
        pipe_add (VX_pipe_register_3_86) 4.87e-03 2.46e-02    1.028 3.05e-02   0.0
          g_shift_register (VX_shift_register_37_0_2_0_86) 4.87e-03 2.46e-02    1.028 3.05e-02   0.0
        multiplier (mulRecFNToFullRaw_86) 1.17e-02 1.09e-02    3.008 2.56e-02   0.0
          isSigNaN_b (isSigNaNRecFN_173) 4.18e-06 8.77e-06 4.72e-03 1.77e-05   0.0
          recFNToRawFN_b (recFNToRawFN_173) 6.66e-04 2.21e-04    0.129 1.02e-03   0.0
          isSigNaN_a (isSigNaNRecFN_174) 7.10e-06 7.67e-06 4.68e-03 1.95e-05   0.0
          recFNToRawFN_a (recFNToRawFN_174) 4.82e-04 1.74e-04    0.129 7.85e-04   0.0
        g_in_ieee_from_ieee_b (fNToRecFN_1_172) 6.49e-04 5.26e-04    0.313 1.49e-03   0.0
          clz (bsg_counting_leading_zeros_1_172) 1.19e-04 9.11e-05 6.84e-02 2.79e-04   0.0
            lzc (VX_lzc_1_172)         1.19e-04 9.11e-05 6.84e-02 2.79e-04   0.0
              g_lzc_find_first (VX_find_first_10_4_1_172) 5.44e-05 7.18e-05 5.55e-02 1.82e-04   0.0
        g_in_ieee_from_ieee_a (fNToRecFN_1_173) 9.90e-04 4.07e-04    0.313 1.71e-03   0.0
          clz (bsg_counting_leading_zeros_1_173) 9.46e-05 7.01e-05 6.84e-02 2.33e-04   0.0
            lzc (VX_lzc_1_173)         9.46e-05 7.01e-05 6.84e-02 2.33e-04   0.0
              g_lzc_find_first (VX_find_first_10_4_1_173) 4.12e-05 5.47e-05 5.55e-02 1.51e-04   0.0
      g_prod_0__pipe_mult (VX_pipe_register_1_87) 2.09e-03 1.16e-02    0.477 1.41e-02   0.0
        g_shift_register (VX_shift_register_33_0_1_0_87) 2.09e-03 1.16e-02    0.477 1.41e-02   0.0
      g_prod_0__fp16_mul (VX_tcu_bhf_fmul_87) 2.09e-02 4.89e-02    5.411 7.52e-02   0.1
        pipe_rnd (VX_pipe_register_4_164) 3.32e-03 1.16e-02    0.477 1.54e-02   0.0
          g_shift_register (VX_shift_register_38_0_1_0_164) 3.32e-03 1.16e-02    0.477 1.54e-02   0.0
        rounding (roundAnyRawFNToRecFN_88) 9.55e-04 1.10e-03    0.271 2.33e-03   0.0
        pipe_add (VX_pipe_register_3_87) 4.49e-03 2.46e-02    1.028 3.01e-02   0.0
          g_shift_register (VX_shift_register_37_0_2_0_87) 4.49e-03 2.46e-02    1.028 3.01e-02   0.0
        multiplier (mulRecFNToFullRaw_87) 1.08e-02 1.07e-02    3.008 2.46e-02   0.0
          isSigNaN_b (isSigNaNRecFN_175) 1.05e-05 8.98e-06 4.72e-03 2.42e-05   0.0
          recFNToRawFN_b (recFNToRawFN_175) 6.53e-04 2.21e-04    0.129 1.00e-03   0.0
          isSigNaN_a (isSigNaNRecFN_176) 4.26e-06 7.17e-06 4.69e-03 1.61e-05   0.0
          recFNToRawFN_a (recFNToRawFN_176) 3.33e-04 1.66e-04    0.129 6.28e-04   0.0
        g_in_ieee_from_ieee_b (fNToRecFN_1_174) 7.25e-04 5.25e-04    0.313 1.56e-03   0.0
          clz (bsg_counting_leading_zeros_1_174) 1.21e-04 9.05e-05 6.85e-02 2.80e-04   0.0
            lzc (VX_lzc_1_174)         1.21e-04 9.05e-05 6.85e-02 2.80e-04   0.0
              g_lzc_find_first (VX_find_first_10_4_1_174) 5.56e-05 7.12e-05 5.56e-02 1.82e-04   0.0
        g_in_ieee_from_ieee_a (fNToRecFN_1_175) 5.47e-04 4.00e-04    0.313 1.26e-03   0.0
          clz (bsg_counting_leading_zeros_1_175) 9.57e-05 6.91e-05 6.85e-02 2.33e-04   0.0
            lzc (VX_lzc_1_175)         9.57e-05 6.91e-05 6.85e-02 2.33e-04   0.0
              g_lzc_find_first (VX_find_first_10_4_1_175) 4.25e-05 5.37e-05 5.56e-02 1.52e-04   0.0
    g_i_5__g_j_1__genblk1_u_buffer_ex (VX_pipe_register_16) 1.61e-02 9.43e-02    4.324    0.115   0.2
      g_shift_register (VX_shift_register_582_0_1_0_10) 1.61e-02 9.43e-02    4.324    0.115   0.2
    g_i_5__g_j_0__fedp (VX_tcu_fedp_bhf_11)    0.678    1.219  116.944    2.014   2.8
      final_add (VX_tcu_bhf_fadd_1_11) 4.84e-02 6.72e-02    8.531    0.124   0.2
        pipe_rnd (VX_pipe_register_6_11) 4.51e-03 1.15e-02    0.491 1.65e-02   0.0
          g_shift_register (VX_shift_register_37_0_1_0_11) 4.51e-03 1.15e-02    0.491 1.65e-02   0.0
        g_out_ieee_to_ieee (recFNToFN_11) 5.35e-03 2.95e-03    0.796 9.10e-03   0.0
          recFNToRawFN (recFNToRawFN_1_187) 1.45e-03 7.71e-04    0.232 2.45e-03   0.0
        rounding (roundAnyRawFNToRecFN_1_88) 6.95e-03 2.98e-03    1.220 1.12e-02   0.0
          genblk2_genblk1_lowMask_roundMask (lowMaskLoHi_88) 2.38e-04 1.36e-04    0.301 6.74e-04   0.0
            reverse (reverse_2_88)     4.79e-06 1.83e-06    0.154 1.60e-04   0.0
        pipe_add (VX_pipe_register_5_88) 6.36e-03 3.05e-02    1.265 3.81e-02   0.1
          g_shift_register (VX_shift_register_45_0_2_0_88) 6.36e-03 3.05e-02    1.265 3.81e-02   0.1
        adder (addRecFNToRaw_88)       2.52e-02 1.92e-02    4.760 4.92e-02   0.1
          lowMask_far_roundExtraMask (lowMaskHiLo_88) 4.65e-05 8.27e-05 8.05e-02 2.10e-04   0.0
            reverse (reverse_1_88)     1.94e-05 3.88e-05 5.03e-02 1.09e-04   0.0
          compressBy4_far_sigSmaller (compressBy4_88) 3.44e-05 1.75e-04 4.49e-02 2.54e-04   0.0
          countLeadingZeros_close (countLeadingZeros_88) 5.34e-04 4.59e-04    0.163 1.16e-03   0.0
            reverse_in (reverse_90)    2.56e-04 3.11e-04 9.01e-02 6.58e-04   0.0
          compressBy2_close_sigSum (compressBy2_88) 2.19e-04 3.38e-04 6.59e-02 6.23e-04   0.0
          isSigNaN_b (isSigNaNRecFN_1_176) 3.13e-06 5.04e-06 4.53e-03 1.27e-05   0.0
          recFNToRawFN_b (recFNToRawFN_1_188) 5.69e-04 2.67e-04    0.236 1.07e-03   0.0
          isSigNaN_a (isSigNaNRecFN_1_177) 1.09e-05 1.27e-05 4.71e-03 2.83e-05   0.0
          recFNToRawFN_a (recFNToRawFN_1_189) 2.41e-03 8.29e-04    0.232 3.47e-03   0.0
      pipe_c (VX_pipe_register_2_11)   2.02e-02    0.139    6.433    0.166   0.2
        g_shift_register (VX_shift_register_33_0_13_0_11) 2.02e-02    0.139    6.433    0.166   0.2
      conv_c (fNToRecFN_12)            1.93e-03 9.24e-04    0.759 3.61e-03   0.0
        clz (bsg_counting_leading_zeros_12) 1.10e-04 1.12e-04    0.119 3.41e-04   0.0
          lzc (VX_lzc_12)              1.10e-04 1.12e-04    0.119 3.41e-04   0.0
            g_lzc_find_first (VX_find_first_23_5_1_11) 9.73e-05 1.08e-04    0.107 3.13e-04   0.0
      g_red_tree_2__g_add_0__reduce_add (VX_tcu_bhf_fadd_78) 6.30e-02 7.63e-02    7.797    0.147   0.2
        pipe_rnd (VX_pipe_register_4_165) 4.91e-03 1.27e-02    0.504 1.81e-02   0.0
          g_shift_register (VX_shift_register_38_0_1_0_165) 4.91e-03 1.27e-02    0.504 1.81e-02   0.0
        rounding (roundAnyRawFNToRecFN_1_89) 1.08e-02 3.84e-03    1.252 1.59e-02   0.0
          genblk2_genblk1_lowMask_roundMask (lowMaskLoHi_89) 2.62e-04 1.44e-04    0.302 7.08e-04   0.0
            reverse (reverse_2_89)     1.29e-05 5.41e-06    0.154 1.72e-04   0.0
        pipe_add (VX_pipe_register_5_89) 8.31e-03 3.16e-02    1.265 4.12e-02   0.1
          g_shift_register (VX_shift_register_45_0_2_0_89) 8.31e-03 3.16e-02    1.265 4.12e-02   0.1
        adder (addRecFNToRaw_89)       3.89e-02 2.82e-02    4.770 7.18e-02   0.1
          lowMask_far_roundExtraMask (lowMaskHiLo_89) 1.69e-04 2.98e-04 8.09e-02 5.47e-04   0.0
            reverse (reverse_1_89)     6.92e-05 1.45e-04 4.72e-02 2.61e-04   0.0
          compressBy4_far_sigSmaller (compressBy4_89) 5.97e-05 3.64e-04 4.78e-02 4.71e-04   0.0
          countLeadingZeros_close (countLeadingZeros_89) 6.27e-04 5.35e-04    0.163 1.32e-03   0.0
            reverse_in (reverse_91)    3.39e-04 3.70e-04 8.95e-02 7.98e-04   0.0
          compressBy2_close_sigSum (compressBy2_89) 1.91e-04 3.98e-04 6.61e-02 6.55e-04   0.0
          isSigNaN_b (isSigNaNRecFN_1_178) 4.28e-06 8.50e-06 4.17e-03 1.70e-05   0.0
          recFNToRawFN_b (recFNToRawFN_1_190) 4.64e-03 9.29e-04    0.233 5.81e-03   0.0
          isSigNaN_a (isSigNaNRecFN_1_179) 5.85e-06 8.28e-06 4.14e-03 1.83e-05   0.0
          recFNToRawFN_a (recFNToRawFN_1_191) 1.51e-03 8.92e-04    0.233 2.63e-03   0.0
      g_red_tree_1__g_add_1__reduce_add (VX_tcu_bhf_fadd_79) 6.39e-02 7.70e-02    7.806    0.149   0.2
        pipe_rnd (VX_pipe_register_4_166) 6.32e-03 1.29e-02    0.505 1.98e-02   0.0
          g_shift_register (VX_shift_register_38_0_1_0_166) 6.32e-03 1.29e-02    0.505 1.98e-02   0.0
        rounding (roundAnyRawFNToRecFN_1_90) 1.16e-02 4.02e-03    1.267 1.69e-02   0.0
          genblk2_genblk1_lowMask_roundMask (lowMaskLoHi_90) 2.60e-04 1.50e-04    0.303 7.13e-04   0.0
            reverse (reverse_2_90)     1.35e-05 5.42e-06    0.153 1.72e-04   0.0
        pipe_add (VX_pipe_register_5_90) 7.82e-03 3.18e-02    1.266 4.08e-02   0.1
          g_shift_register (VX_shift_register_45_0_2_0_90) 7.82e-03 3.18e-02    1.266 4.08e-02   0.1
        adder (addRecFNToRaw_90)       3.82e-02 2.83e-02    4.769 7.13e-02   0.1
          lowMask_far_roundExtraMask (lowMaskHiLo_90) 2.24e-04 2.74e-04 8.07e-02 5.79e-04   0.0
            reverse (reverse_1_90)     1.23e-04 1.32e-04 4.69e-02 3.02e-04   0.0
          compressBy4_far_sigSmaller (compressBy4_90) 7.06e-05 3.45e-04 4.62e-02 4.62e-04   0.0
          countLeadingZeros_close (countLeadingZeros_90) 5.82e-04 5.20e-04    0.163 1.27e-03   0.0
            reverse_in (reverse_92)    3.04e-04 3.63e-04 8.98e-02 7.57e-04   0.0
          compressBy2_close_sigSum (compressBy2_90) 1.92e-04 3.91e-04 6.62e-02 6.50e-04   0.0
          isSigNaN_b (isSigNaNRecFN_1_180) 4.12e-06 9.42e-06 4.38e-03 1.79e-05   0.0
          recFNToRawFN_b (recFNToRawFN_1_192) 2.25e-03 9.30e-04    0.234 3.42e-03   0.0
          isSigNaN_a (isSigNaNRecFN_1_181) 6.02e-06 9.38e-06 4.38e-03 1.98e-05   0.0
          recFNToRawFN_a (recFNToRawFN_1_193) 1.89e-03 9.30e-04    0.234 3.05e-03   0.0
      g_red_tree_1__g_add_0__reduce_add (VX_tcu_bhf_fadd_80) 5.59e-02 7.66e-02    7.776    0.140   0.2
        pipe_rnd (VX_pipe_register_4_167) 3.19e-03 1.29e-02    0.505 1.66e-02   0.0
          g_shift_register (VX_shift_register_38_0_1_0_167) 3.19e-03 1.29e-02    0.505 1.66e-02   0.0
        rounding (roundAnyRawFNToRecFN_1_91) 6.00e-03 3.83e-03    1.219 1.10e-02   0.0
          genblk2_genblk1_lowMask_roundMask (lowMaskLoHi_91) 2.74e-04 1.52e-04    0.303 7.29e-04   0.0
            reverse (reverse_2_91)     1.35e-05 5.42e-06    0.153 1.72e-04   0.0
        pipe_add (VX_pipe_register_5_91) 9.27e-03 3.17e-02    1.266 4.23e-02   0.1
          g_shift_register (VX_shift_register_45_0_2_0_91) 9.27e-03 3.17e-02    1.266 4.23e-02   0.1
        adder (addRecFNToRaw_91)       3.74e-02 2.81e-02    4.787 7.04e-02   0.1
          lowMask_far_roundExtraMask (lowMaskHiLo_91) 1.50e-04 2.71e-04 8.07e-02 5.01e-04   0.0
            reverse (reverse_1_91)     6.49e-05 1.31e-04 4.69e-02 2.42e-04   0.0
          compressBy4_far_sigSmaller (compressBy4_91) 6.85e-05 3.43e-04 4.62e-02 4.58e-04   0.0
          countLeadingZeros_close (countLeadingZeros_91) 5.75e-04 5.17e-04    0.163 1.25e-03   0.0
            reverse_in (reverse_93)    3.02e-04 3.62e-04 8.98e-02 7.53e-04   0.0
          compressBy2_close_sigSum (compressBy2_91) 2.24e-04 3.92e-04 6.62e-02 6.83e-04   0.0
          isSigNaN_b (isSigNaNRecFN_1_182) 6.49e-06 9.22e-06 4.38e-03 2.01e-05   0.0
          recFNToRawFN_b (recFNToRawFN_1_194) 3.20e-03 9.37e-04    0.234 4.37e-03   0.0
          isSigNaN_a (isSigNaNRecFN_1_183) 5.91e-06 9.62e-06 4.38e-03 1.99e-05   0.0
          recFNToRawFN_a (recFNToRawFN_1_195) 1.38e-03 9.16e-04    0.234 2.53e-03   0.0
      g_red_tree_0__g_add_3__reduce_add (VX_tcu_bhf_fadd_81) 5.06e-02 7.42e-02    7.599    0.132   0.2
        pipe_rnd (VX_pipe_register_4_168) 2.63e-03 1.30e-02    0.505 1.61e-02   0.0
          g_shift_register (VX_shift_register_38_0_1_0_168) 2.63e-03 1.30e-02    0.505 1.61e-02   0.0
        rounding (roundAnyRawFNToRecFN_1_92) 7.70e-03 3.89e-03    1.239 1.28e-02   0.0
          genblk2_genblk1_lowMask_roundMask (lowMaskLoHi_92) 2.48e-04 1.52e-04    0.303 7.03e-04   0.0
            reverse (reverse_2_92)     1.39e-05 5.42e-06    0.153 1.73e-04   0.0
        pipe_add (VX_pipe_register_5_92) 8.34e-03 3.22e-02    1.268 4.18e-02   0.1
          g_shift_register (VX_shift_register_45_0_2_0_92) 8.34e-03 3.22e-02    1.268 4.18e-02   0.1
        adder (addRecFNToRaw_92)       3.19e-02 2.52e-02    4.586 6.17e-02   0.1
          lowMask_far_roundExtraMask (lowMaskHiLo_92) 1.17e-04 2.24e-04 6.92e-02 4.10e-04   0.0
            reverse (reverse_1_92)     5.16e-05 1.08e-04 3.98e-02 2.00e-04   0.0
          compressBy4_far_sigSmaller (compressBy4_92) 4.91e-05 2.46e-04 4.08e-02 3.36e-04   0.0
          countLeadingZeros_close (countLeadingZeros_92) 5.50e-04 5.03e-04    0.156 1.21e-03   0.0
            reverse_in (reverse_94)    2.86e-04 3.05e-04 8.26e-02 6.74e-04   0.0
          compressBy2_close_sigSum (compressBy2_92) 1.74e-04 3.30e-04 6.15e-02 5.66e-04   0.0
          isSigNaN_b (isSigNaNRecFN_1_184) 6.10e-06 1.11e-05 4.86e-03 2.20e-05   0.0
          recFNToRawFN_b (recFNToRawFN_1_196) 2.43e-03 7.56e-04    0.221 3.40e-03   0.0
          isSigNaN_a (isSigNaNRecFN_1_185) 8.75e-06 1.12e-05 4.87e-03 2.48e-05   0.0
          recFNToRawFN_a (recFNToRawFN_1_197) 1.62e-03 7.49e-04    0.221 2.59e-03   0.0
      g_red_tree_0__g_add_2__reduce_add (VX_tcu_bhf_fadd_82) 5.98e-02 7.45e-02    7.644    0.142   0.2
        pipe_rnd (VX_pipe_register_4_169) 5.03e-03 1.30e-02    0.505 1.85e-02   0.0
          g_shift_register (VX_shift_register_38_0_1_0_169) 5.03e-03 1.30e-02    0.505 1.85e-02   0.0
        rounding (roundAnyRawFNToRecFN_1_93) 1.02e-02 3.97e-03    1.280 1.54e-02   0.0
          genblk2_genblk1_lowMask_roundMask (lowMaskLoHi_93) 2.51e-04 1.51e-04    0.303 7.05e-04   0.0
            reverse (reverse_2_93)     1.40e-05 5.42e-06    0.153 1.73e-04   0.0
        pipe_add (VX_pipe_register_5_93) 1.28e-02 3.22e-02    1.268 4.63e-02   0.1
          g_shift_register (VX_shift_register_45_0_2_0_93) 1.28e-02 3.22e-02    1.268 4.63e-02   0.1
        adder (addRecFNToRaw_93)       3.18e-02 2.53e-02    4.590 6.17e-02   0.1
          lowMask_far_roundExtraMask (lowMaskHiLo_93) 1.26e-04 2.24e-04 6.91e-02 4.19e-04   0.0
            reverse (reverse_1_93)     5.68e-05 1.08e-04 3.98e-02 2.05e-04   0.0
          compressBy4_far_sigSmaller (compressBy4_93) 3.19e-05 2.44e-04 4.06e-02 3.16e-04   0.0
          countLeadingZeros_close (countLeadingZeros_93) 5.54e-04 5.06e-04    0.157 1.22e-03   0.0
            reverse_in (reverse_95)    2.89e-04 3.06e-04 8.26e-02 6.77e-04   0.0
          compressBy2_close_sigSum (compressBy2_93) 1.60e-04 3.30e-04 6.15e-02 5.51e-04   0.0
          isSigNaN_b (isSigNaNRecFN_1_186) 7.86e-06 1.12e-05 4.85e-03 2.39e-05   0.0
          recFNToRawFN_b (recFNToRawFN_1_198) 1.99e-03 7.58e-04    0.221 2.97e-03   0.0
          isSigNaN_a (isSigNaNRecFN_1_187) 8.06e-06 1.08e-05 4.86e-03 2.37e-05   0.0
          recFNToRawFN_a (recFNToRawFN_1_199) 1.66e-03 7.49e-04    0.221 2.63e-03   0.0
      g_red_tree_0__g_add_1__reduce_add (VX_tcu_bhf_fadd_83) 6.57e-02 7.47e-02    7.689    0.148   0.2
        pipe_rnd (VX_pipe_register_4_170) 5.55e-03 1.31e-02    0.505 1.92e-02   0.0
          g_shift_register (VX_shift_register_38_0_1_0_170) 5.55e-03 1.31e-02    0.505 1.92e-02   0.0
        rounding (roundAnyRawFNToRecFN_1_94) 1.67e-02 4.11e-03    1.326 2.22e-02   0.0
          genblk2_genblk1_lowMask_roundMask (lowMaskLoHi_94) 2.59e-04 1.53e-04    0.303 7.16e-04   0.0
            reverse (reverse_2_94)     1.35e-05 5.53e-06    0.153 1.72e-04   0.0
        pipe_add (VX_pipe_register_5_94) 1.15e-02 3.22e-02    1.268 4.50e-02   0.1
          g_shift_register (VX_shift_register_45_0_2_0_94) 1.15e-02 3.22e-02    1.268 4.50e-02   0.1
        adder (addRecFNToRaw_94)       3.19e-02 2.53e-02    4.583 6.17e-02   0.1
          lowMask_far_roundExtraMask (lowMaskHiLo_94) 1.13e-04 2.24e-04 6.92e-02 4.06e-04   0.0
            reverse (reverse_1_94)     5.25e-05 1.08e-04 3.99e-02 2.01e-04   0.0
          compressBy4_far_sigSmaller (compressBy4_94) 4.19e-05 2.45e-04 4.06e-02 3.28e-04   0.0
          countLeadingZeros_close (countLeadingZeros_94) 5.53e-04 5.01e-04    0.156 1.21e-03   0.0
            reverse_in (reverse_96)    2.91e-04 3.04e-04 8.27e-02 6.78e-04   0.0
          compressBy2_close_sigSum (compressBy2_94) 1.49e-04 3.28e-04 6.15e-02 5.39e-04   0.0
          isSigNaN_b (isSigNaNRecFN_1_188) 5.42e-06 1.10e-05 4.84e-03 2.12e-05   0.0
          recFNToRawFN_b (recFNToRawFN_1_200) 2.27e-03 7.56e-04    0.221 3.25e-03   0.0
          isSigNaN_a (isSigNaNRecFN_1_189) 6.02e-06 1.12e-05 4.83e-03 2.20e-05   0.0
          recFNToRawFN_a (recFNToRawFN_1_201) 1.77e-03 7.52e-04    0.221 2.75e-03   0.0
      g_red_tree_0__g_add_0__reduce_add (VX_tcu_bhf_fadd_84) 5.02e-02 7.43e-02    7.624    0.132   0.2
        pipe_rnd (VX_pipe_register_4_171) 3.90e-03 1.30e-02    0.505 1.74e-02   0.0
          g_shift_register (VX_shift_register_38_0_1_0_171) 3.90e-03 1.30e-02    0.505 1.74e-02   0.0
        rounding (roundAnyRawFNToRecFN_1_95) 7.99e-03 3.96e-03    1.266 1.32e-02   0.0
          genblk2_genblk1_lowMask_roundMask (lowMaskLoHi_95) 2.48e-04 1.52e-04    0.303 7.03e-04   0.0
            reverse (reverse_2_95)     1.43e-05 5.42e-06    0.153 1.73e-04   0.0
        pipe_add (VX_pipe_register_5_95) 7.84e-03 3.22e-02    1.268 4.13e-02   0.1
          g_shift_register (VX_shift_register_45_0_2_0_95) 7.84e-03 3.22e-02    1.268 4.13e-02   0.1
        adder (addRecFNToRaw_95)       3.04e-02 2.52e-02    4.585 6.02e-02   0.1
          lowMask_far_roundExtraMask (lowMaskHiLo_95) 1.35e-04 2.24e-04 6.92e-02 4.29e-04   0.0
            reverse (reverse_1_95)     7.09e-05 1.09e-04 3.99e-02 2.19e-04   0.0
          compressBy4_far_sigSmaller (compressBy4_95) 5.73e-05 2.47e-04 4.07e-02 3.45e-04   0.0
          countLeadingZeros_close (countLeadingZeros_95) 5.62e-04 5.02e-04    0.156 1.22e-03   0.0
            reverse_in (reverse_97)    3.01e-04 3.04e-04 8.27e-02 6.88e-04   0.0
          compressBy2_close_sigSum (compressBy2_95) 1.80e-04 3.29e-04 6.15e-02 5.70e-04   0.0
          isSigNaN_b (isSigNaNRecFN_1_190) 9.06e-06 1.11e-05 4.87e-03 2.50e-05   0.0
          recFNToRawFN_b (recFNToRawFN_1_202) 1.85e-03 7.51e-04    0.221 2.82e-03   0.0
          isSigNaN_a (isSigNaNRecFN_1_191) 6.53e-06 1.11e-05 4.86e-03 2.25e-05   0.0
          recFNToRawFN_a (recFNToRawFN_1_203) 1.85e-03 7.51e-04    0.221 2.82e-03   0.0
      g_prod_7__pipe_mult (VX_pipe_register_1_88) 2.49e-03 1.16e-02    0.477 1.45e-02   0.0
        g_shift_register (VX_shift_register_33_0_1_0_88) 2.49e-03 1.16e-02    0.477 1.45e-02   0.0
      g_prod_7__fp16_mul (VX_tcu_bhf_fmul_88) 2.57e-02 4.91e-02    5.453 8.02e-02   0.1
        pipe_rnd (VX_pipe_register_4_172) 3.32e-03 1.16e-02    0.477 1.54e-02   0.0
          g_shift_register (VX_shift_register_38_0_1_0_172) 3.32e-03 1.16e-02    0.477 1.54e-02   0.0
        rounding (roundAnyRawFNToRecFN_89) 2.74e-03 1.12e-03    0.273 4.13e-03   0.0
        pipe_add (VX_pipe_register_3_88) 4.43e-03 2.46e-02    1.028 3.01e-02   0.0
          g_shift_register (VX_shift_register_37_0_2_0_88) 4.43e-03 2.46e-02    1.028 3.01e-02   0.0
        multiplier (mulRecFNToFullRaw_88) 1.32e-02 1.09e-02    3.050 2.72e-02   0.0
          isSigNaN_b (isSigNaNRecFN_177) 6.21e-06 8.91e-06 4.72e-03 1.98e-05   0.0
          recFNToRawFN_b (recFNToRawFN_177) 7.49e-04 2.21e-04    0.129 1.10e-03   0.0
          isSigNaN_a (isSigNaNRecFN_178) 3.62e-06 8.06e-06 4.73e-03 1.64e-05   0.0
          recFNToRawFN_a (recFNToRawFN_178) 8.83e-04 1.82e-04    0.129 1.19e-03   0.0
        g_in_ieee_from_ieee_b (fNToRecFN_1_176) 6.42e-04 5.25e-04    0.312 1.48e-03   0.0
          clz (bsg_counting_leading_zeros_1_176) 1.18e-04 9.08e-05 6.84e-02 2.77e-04   0.0
            lzc (VX_lzc_1_176)         8.26e-05 7.97e-05 6.19e-02 2.24e-04   0.0
              g_lzc_find_first (VX_find_first_10_4_1_176) 5.37e-05 7.11e-05 5.55e-02 1.80e-04   0.0
        g_in_ieee_from_ieee_a (fNToRecFN_1_177) 1.29e-03 4.06e-04    0.313 2.01e-03   0.0
          clz (bsg_counting_leading_zeros_1_177) 9.43e-05 7.01e-05 6.84e-02 2.33e-04   0.0
            lzc (VX_lzc_1_177)         9.43e-05 7.01e-05 6.84e-02 2.33e-04   0.0
              g_lzc_find_first (VX_find_first_10_4_1_177) 4.20e-05 5.44e-05 5.56e-02 1.52e-04   0.0
      g_prod_6__pipe_mult (VX_pipe_register_1_89) 2.59e-03 1.16e-02    0.477 1.46e-02   0.0
        g_shift_register (VX_shift_register_33_0_1_0_89) 2.59e-03 1.16e-02    0.477 1.46e-02   0.0
      g_prod_6__fp16_mul (VX_tcu_bhf_fmul_89) 2.18e-02 4.90e-02    5.452 7.62e-02   0.1
        pipe_rnd (VX_pipe_register_4_173) 2.15e-03 1.15e-02    0.477 1.42e-02   0.0
          g_shift_register (VX_shift_register_38_0_1_0_173) 2.15e-03 1.15e-02    0.477 1.42e-02   0.0
        rounding (roundAnyRawFNToRecFN_90) 1.26e-03 1.10e-03    0.272 2.63e-03   0.0
        pipe_add (VX_pipe_register_3_89) 4.42e-03 2.46e-02    1.028 3.00e-02   0.0
          g_shift_register (VX_shift_register_37_0_2_0_89) 4.42e-03 2.46e-02    1.028 3.00e-02   0.0
        multiplier (mulRecFNToFullRaw_89) 1.21e-02 1.08e-02    3.049 2.60e-02   0.0
          isSigNaN_b (isSigNaNRecFN_179) 5.90e-06 8.76e-06 4.69e-03 1.93e-05   0.0
          recFNToRawFN_b (recFNToRawFN_179) 7.64e-04 2.22e-04    0.129 1.12e-03   0.0
          isSigNaN_a (isSigNaNRecFN_180) 3.71e-06 7.89e-06 4.66e-03 1.63e-05   0.0
          recFNToRawFN_a (recFNToRawFN_180) 6.94e-04 1.79e-04    0.129 1.00e-03   0.0
        g_in_ieee_from_ieee_b (fNToRecFN_1_178) 6.65e-04 5.29e-04    0.312 1.51e-03   0.0
          clz (bsg_counting_leading_zeros_1_178) 1.19e-04 9.19e-05 6.85e-02 2.79e-04   0.0
            lzc (VX_lzc_1_178)         9.03e-05 8.33e-05 6.21e-02 2.36e-04   0.0
              g_lzc_find_first (VX_find_first_10_4_1_178) 5.52e-05 7.23e-05 5.56e-02 1.83e-04   0.0
        g_in_ieee_from_ieee_a (fNToRecFN_1_179) 1.21e-03 4.02e-04    0.314 1.92e-03   0.0
          clz (bsg_counting_leading_zeros_1_179) 9.31e-05 6.88e-05 6.84e-02 2.30e-04   0.0
            lzc (VX_lzc_1_179)         9.31e-05 6.88e-05 6.84e-02 2.30e-04   0.0
              g_lzc_find_first (VX_find_first_10_4_1_179) 4.07e-05 5.35e-05 5.55e-02 1.50e-04   0.0
      g_prod_5__pipe_mult (VX_pipe_register_1_90) 2.30e-03 1.16e-02    0.477 1.43e-02   0.0
        g_shift_register (VX_shift_register_33_0_1_0_90) 2.30e-03 1.16e-02    0.477 1.43e-02   0.0
      g_prod_5__fp16_mul (VX_tcu_bhf_fmul_90) 2.21e-02 4.90e-02    5.426 7.65e-02   0.1
        pipe_rnd (VX_pipe_register_4_174) 3.09e-03 1.16e-02    0.477 1.51e-02   0.0
          g_shift_register (VX_shift_register_38_0_1_0_174) 3.09e-03 1.16e-02    0.477 1.51e-02   0.0
        rounding (roundAnyRawFNToRecFN_91) 1.14e-03 1.12e-03    0.273 2.53e-03   0.0
        pipe_add (VX_pipe_register_3_90) 4.72e-03 2.46e-02    1.028 3.04e-02   0.0
          g_shift_register (VX_shift_register_37_0_2_0_90) 4.72e-03 2.46e-02    1.028 3.04e-02   0.0
        multiplier (mulRecFNToFullRaw_90) 1.16e-02 1.08e-02    3.022 2.54e-02   0.0
          isSigNaN_b (isSigNaNRecFN_181) 4.80e-06 8.73e-06 4.68e-03 1.82e-05   0.0
          recFNToRawFN_b (recFNToRawFN_181) 7.39e-04 2.21e-04    0.129 1.09e-03   0.0
          isSigNaN_a (isSigNaNRecFN_182) 4.63e-06 7.74e-06 4.69e-03 1.71e-05   0.0
          recFNToRawFN_a (recFNToRawFN_182) 4.62e-04 1.73e-04    0.129 7.64e-04   0.0
        g_in_ieee_from_ieee_b (fNToRecFN_1_180) 6.36e-04 5.19e-04    0.313 1.47e-03   0.0
          clz (bsg_counting_leading_zeros_1_180) 1.16e-04 8.85e-05 6.83e-02 2.73e-04   0.0
            lzc (VX_lzc_1_180)         8.73e-05 8.02e-05 6.19e-02 2.29e-04   0.0
              g_lzc_find_first (VX_find_first_10_4_1_180) 5.23e-05 6.97e-05 5.54e-02 1.77e-04   0.0
        g_in_ieee_from_ieee_a (fNToRecFN_1_181) 8.93e-04 4.03e-04    0.313 1.61e-03   0.0
          clz (bsg_counting_leading_zeros_1_181) 9.22e-05 6.84e-05 6.84e-02 2.29e-04   0.0
            lzc (VX_lzc_1_181)         9.22e-05 6.84e-05 6.84e-02 2.29e-04   0.0
              g_lzc_find_first (VX_find_first_10_4_1_181) 3.94e-05 5.29e-05 5.55e-02 1.48e-04   0.0
      g_prod_4__pipe_mult (VX_pipe_register_1_91) 3.24e-03 1.16e-02    0.477 1.53e-02   0.0
        g_shift_register (VX_shift_register_33_0_1_0_91) 3.24e-03 1.16e-02    0.477 1.53e-02   0.0
      g_prod_4__fp16_mul (VX_tcu_bhf_fmul_91) 2.45e-02 4.90e-02    5.436 7.90e-02   0.1
        pipe_rnd (VX_pipe_register_4_175) 3.29e-03 1.16e-02    0.477 1.53e-02   0.0
          g_shift_register (VX_shift_register_38_0_1_0_175) 3.29e-03 1.16e-02    0.477 1.53e-02   0.0
        rounding (roundAnyRawFNToRecFN_92) 2.76e-03 1.13e-03    0.273 4.17e-03   0.0
        pipe_add (VX_pipe_register_3_91) 4.71e-03 2.46e-02    1.028 3.03e-02   0.0
          g_shift_register (VX_shift_register_37_0_2_0_91) 4.71e-03 2.46e-02    1.028 3.03e-02   0.0
        multiplier (mulRecFNToFullRaw_91) 1.23e-02 1.08e-02    3.024 2.62e-02   0.0
          isSigNaN_b (isSigNaNRecFN_183) 5.60e-06 8.86e-06 4.68e-03 1.91e-05   0.0
          recFNToRawFN_b (recFNToRawFN_183) 8.08e-04 2.23e-04    0.129 1.16e-03   0.0
          isSigNaN_a (isSigNaNRecFN_184) 4.41e-06 6.97e-06 4.69e-03 1.61e-05   0.0
          recFNToRawFN_a (recFNToRawFN_184) 4.01e-04 1.67e-04    0.129 6.97e-04   0.0
        g_in_ieee_from_ieee_b (fNToRecFN_1_182) 6.98e-04 5.30e-04    0.313 1.54e-03   0.0
          clz (bsg_counting_leading_zeros_1_182) 1.22e-04 9.15e-05 6.84e-02 2.82e-04   0.0
            lzc (VX_lzc_1_182)         1.22e-04 9.15e-05 6.84e-02 2.82e-04   0.0
              g_lzc_find_first (VX_find_first_10_4_1_182) 5.60e-05 7.20e-05 5.55e-02 1.84e-04   0.0
        g_in_ieee_from_ieee_a (fNToRecFN_1_183) 7.05e-04 4.01e-04    0.313 1.42e-03   0.0
          clz (bsg_counting_leading_zeros_1_183) 9.35e-05 6.86e-05 6.85e-02 2.31e-04   0.0
            lzc (VX_lzc_1_183)         6.46e-05 5.98e-05 6.19e-02 1.86e-04   0.0
              g_lzc_find_first (VX_find_first_10_4_1_183) 4.12e-05 5.31e-05 5.56e-02 1.50e-04   0.0
      g_prod_3__pipe_mult (VX_pipe_register_1_92) 2.32e-03 1.16e-02    0.477 1.44e-02   0.0
        g_shift_register (VX_shift_register_33_0_1_0_92) 2.32e-03 1.16e-02    0.477 1.44e-02   0.0
      g_prod_3__fp16_mul (VX_tcu_bhf_fmul_92) 2.00e-02 4.89e-02    5.411 7.44e-02   0.1
        pipe_rnd (VX_pipe_register_4_176) 2.22e-03 1.16e-02    0.477 1.43e-02   0.0
          g_shift_register (VX_shift_register_38_0_1_0_176) 2.22e-03 1.16e-02    0.477 1.43e-02   0.0
        rounding (roundAnyRawFNToRecFN_93) 1.76e-03 1.11e-03    0.273 3.15e-03   0.0
        pipe_add (VX_pipe_register_3_92) 4.26e-03 2.46e-02    1.028 2.99e-02   0.0
          g_shift_register (VX_shift_register_37_0_2_0_92) 4.26e-03 2.46e-02    1.028 2.99e-02   0.0
        multiplier (mulRecFNToFullRaw_92) 1.06e-02 1.07e-02    3.008 2.43e-02   0.0
          isSigNaN_b (isSigNaNRecFN_185) 7.99e-06 8.86e-06 4.65e-03 2.15e-05   0.0
          recFNToRawFN_b (recFNToRawFN_185) 7.36e-04 2.21e-04    0.129 1.09e-03   0.0
          isSigNaN_a (isSigNaNRecFN_186) 4.41e-06 7.04e-06 4.68e-03 1.61e-05   0.0
          recFNToRawFN_a (recFNToRawFN_186) 3.21e-04 1.65e-04    0.129 6.15e-04   0.0
        g_in_ieee_from_ieee_b (fNToRecFN_1_184) 6.88e-04 5.26e-04    0.314 1.53e-03   0.0
          clz (bsg_counting_leading_zeros_1_184) 1.19e-04 9.07e-05 6.83e-02 2.78e-04   0.0
            lzc (VX_lzc_1_184)         1.19e-04 9.07e-05 6.83e-02 2.78e-04   0.0
              g_lzc_find_first (VX_find_first_10_4_1_184) 5.28e-05 7.14e-05 5.54e-02 1.80e-04   0.0
        g_in_ieee_from_ieee_a (fNToRecFN_1_185) 5.10e-04 3.95e-04    0.311 1.22e-03   0.0
          clz (bsg_counting_leading_zeros_1_185) 9.05e-05 6.79e-05 6.83e-02 2.27e-04   0.0
            lzc (VX_lzc_1_185)         9.05e-05 6.79e-05 6.83e-02 2.27e-04   0.0
              g_lzc_find_first (VX_find_first_10_4_1_185) 4.00e-05 5.28e-05 5.54e-02 1.48e-04   0.0
      g_prod_2__pipe_mult (VX_pipe_register_1_93) 2.60e-03 1.16e-02    0.477 1.46e-02   0.0
        g_shift_register (VX_shift_register_33_0_1_0_93) 2.60e-03 1.16e-02    0.477 1.46e-02   0.0
      g_prod_2__fp16_mul (VX_tcu_bhf_fmul_93) 2.27e-02 4.91e-02    5.415 7.72e-02   0.1
        pipe_rnd (VX_pipe_register_4_177) 3.31e-03 1.16e-02    0.477 1.54e-02   0.0
          g_shift_register (VX_shift_register_38_0_1_0_177) 3.31e-03 1.16e-02    0.477 1.54e-02   0.0
        rounding (roundAnyRawFNToRecFN_94) 1.59e-03 1.12e-03    0.274 2.98e-03   0.0
        pipe_add (VX_pipe_register_3_93) 4.91e-03 2.46e-02    1.028 3.06e-02   0.0
          g_shift_register (VX_shift_register_37_0_2_0_93) 4.91e-03 2.46e-02    1.028 3.06e-02   0.0
        multiplier (mulRecFNToFullRaw_93) 1.17e-02 1.08e-02    3.009 2.55e-02   0.0
          isSigNaN_b (isSigNaNRecFN_187) 4.87e-06 8.68e-06 4.66e-03 1.82e-05   0.0
          recFNToRawFN_b (recFNToRawFN_187) 6.75e-04 2.21e-04    0.129 1.03e-03   0.0
          isSigNaN_a (isSigNaNRecFN_188) 5.27e-06 7.51e-06 4.72e-03 1.75e-05   0.0
          recFNToRawFN_a (recFNToRawFN_188) 3.36e-04 1.67e-04    0.129 6.32e-04   0.0
        g_in_ieee_from_ieee_b (fNToRecFN_1_186) 6.84e-04 5.27e-04    0.314 1.52e-03   0.0
          clz (bsg_counting_leading_zeros_1_186) 1.19e-04 9.15e-05 6.84e-02 2.79e-04   0.0
            lzc (VX_lzc_1_186)         5.45e-05 7.20e-05 5.55e-02 1.82e-04   0.0
              g_lzc_find_first (VX_find_first_10_4_1_186) 5.45e-05 7.20e-05 5.55e-02 1.82e-04   0.0
        g_in_ieee_from_ieee_a (fNToRecFN_1_187) 5.57e-04 4.02e-04    0.313 1.27e-03   0.0
          clz (bsg_counting_leading_zeros_1_187) 9.49e-05 7.02e-05 6.85e-02 2.34e-04   0.0
            lzc (VX_lzc_1_187)         9.49e-05 7.02e-05 6.85e-02 2.34e-04   0.0
              g_lzc_find_first (VX_find_first_10_4_1_187) 4.23e-05 5.41e-05 5.57e-02 1.52e-04   0.0
      g_prod_1__pipe_mult (VX_pipe_register_1_94) 2.89e-03 1.16e-02    0.477 1.49e-02   0.0
        g_shift_register (VX_shift_register_33_0_1_0_94) 2.89e-03 1.16e-02    0.477 1.49e-02   0.0
      g_prod_1__fp16_mul (VX_tcu_bhf_fmul_94) 1.95e-02 4.90e-02    5.411 7.39e-02   0.1
        pipe_rnd (VX_pipe_register_4_178) 2.20e-03 1.16e-02    0.477 1.42e-02   0.0
          g_shift_register (VX_shift_register_38_0_1_0_178) 2.20e-03 1.16e-02    0.477 1.42e-02   0.0
        rounding (roundAnyRawFNToRecFN_95) 8.01e-04 1.10e-03    0.272 2.17e-03   0.0
        pipe_add (VX_pipe_register_3_94) 4.68e-03 2.46e-02    1.028 3.03e-02   0.0
          g_shift_register (VX_shift_register_37_0_2_0_94) 4.68e-03 2.46e-02    1.028 3.03e-02   0.0
        multiplier (mulRecFNToFullRaw_94) 1.06e-02 1.08e-02    3.008 2.44e-02   0.0
          isSigNaN_b (isSigNaNRecFN_189) 4.67e-06 8.96e-06 4.71e-03 1.83e-05   0.0
          recFNToRawFN_b (recFNToRawFN_189) 6.93e-04 2.23e-04    0.129 1.05e-03   0.0
          isSigNaN_a (isSigNaNRecFN_190) 3.94e-06 6.95e-06 4.68e-03 1.56e-05   0.0
          recFNToRawFN_a (recFNToRawFN_190) 3.76e-04 1.67e-04    0.129 6.73e-04   0.0
        g_in_ieee_from_ieee_b (fNToRecFN_1_188) 6.58e-04 5.29e-04    0.312 1.50e-03   0.0
          clz (bsg_counting_leading_zeros_1_188) 1.21e-04 9.12e-05 6.85e-02 2.81e-04   0.0
            lzc (VX_lzc_1_188)         1.21e-04 9.12e-05 6.85e-02 2.81e-04   0.0
              g_lzc_find_first (VX_find_first_10_4_1_188) 5.51e-05 7.17e-05 5.56e-02 1.82e-04   0.0
        g_in_ieee_from_ieee_a (fNToRecFN_1_189) 6.09e-04 4.06e-04    0.313 1.33e-03   0.0
          clz (bsg_counting_leading_zeros_1_189) 9.49e-05 6.96e-05 6.83e-02 2.33e-04   0.0
            lzc (VX_lzc_1_189)         9.49e-05 6.96e-05 6.83e-02 2.33e-04   0.0
              g_lzc_find_first (VX_find_first_10_4_1_189) 4.23e-05 5.42e-05 5.55e-02 1.52e-04   0.0
      g_prod_0__pipe_mult (VX_pipe_register_1_95) 3.16e-03 1.16e-02    0.477 1.52e-02   0.0
        g_shift_register (VX_shift_register_33_0_1_0_95) 3.16e-03 1.16e-02    0.477 1.52e-02   0.0
      g_prod_0__fp16_mul (VX_tcu_bhf_fmul_95) 2.03e-02 4.90e-02    5.427 7.47e-02   0.1
        pipe_rnd (VX_pipe_register_4_179) 2.42e-03 1.16e-02    0.477 1.45e-02   0.0
          g_shift_register (VX_shift_register_38_0_1_0_179) 2.42e-03 1.16e-02    0.477 1.45e-02   0.0
        rounding (roundAnyRawFNToRecFN_96) 8.22e-04 1.11e-03    0.271 2.20e-03   0.0
        pipe_add (VX_pipe_register_3_95) 4.24e-03 2.46e-02    1.028 2.99e-02   0.0
          g_shift_register (VX_shift_register_37_0_2_0_95) 4.24e-03 2.46e-02    1.028 2.99e-02   0.0
        multiplier (mulRecFNToFullRaw_95) 1.16e-02 1.08e-02    3.024 2.54e-02   0.0
          isSigNaN_b (isSigNaNRecFN_191) 4.43e-06 9.11e-06 4.70e-03 1.82e-05   0.0
          recFNToRawFN_b (recFNToRawFN_191) 6.76e-04 2.23e-04    0.129 1.03e-03   0.0
          isSigNaN_a (isSigNaNRecFN_192) 3.97e-06 7.18e-06 4.69e-03 1.58e-05   0.0
          recFNToRawFN_a (recFNToRawFN_192) 3.38e-04 1.66e-04    0.129 6.33e-04   0.0
        g_in_ieee_from_ieee_b (fNToRecFN_1_190) 6.78e-04 5.31e-04    0.313 1.52e-03   0.0
          clz (bsg_counting_leading_zeros_1_190) 1.20e-04 9.11e-05 6.83e-02 2.79e-04   0.0
            lzc (VX_lzc_1_190)         1.20e-04 9.11e-05 6.83e-02 2.79e-04   0.0
              g_lzc_find_first (VX_find_first_10_4_1_190) 5.41e-05 7.15e-05 5.55e-02 1.81e-04   0.0
        g_in_ieee_from_ieee_a (fNToRecFN_1_191) 5.73e-04 4.00e-04    0.313 1.29e-03   0.0
          clz (bsg_counting_leading_zeros_1_191) 9.44e-05 6.93e-05 6.85e-02 2.32e-04   0.0
            lzc (VX_lzc_1_191)         9.44e-05 6.93e-05 6.85e-02 2.32e-04   0.0
              g_lzc_find_first (VX_find_first_10_4_1_191) 4.20e-05 5.39e-05 5.56e-02 1.51e-04   0.0
    g_i_5__g_j_0__genblk1_u_buffer_ex (VX_pipe_register_17) 1.66e-02 9.44e-02    4.324    0.115   0.2
      g_shift_register (VX_shift_register_582_0_1_0_11) 1.66e-02 9.44e-02    4.324    0.115   0.2
    g_i_4__g_j_3__fedp (VX_tcu_fedp_bhf_12)    0.688    1.219  116.966    2.024   2.8
      final_add (VX_tcu_bhf_fadd_1_12) 4.17e-02 6.70e-02    8.505    0.117   0.2
        pipe_rnd (VX_pipe_register_6_12) 2.11e-03 1.15e-02    0.491 1.41e-02   0.0
          g_shift_register (VX_shift_register_37_0_1_0_12) 2.11e-03 1.15e-02    0.491 1.41e-02   0.0
        g_out_ieee_to_ieee (recFNToFN_12) 4.29e-03 2.89e-03    0.789 7.97e-03   0.0
          recFNToRawFN (recFNToRawFN_1_204) 1.14e-03 7.19e-04    0.232 2.09e-03   0.0
        rounding (roundAnyRawFNToRecFN_1_96) 4.26e-03 2.94e-03    1.200 8.40e-03   0.0
          genblk2_genblk1_lowMask_roundMask (lowMaskLoHi_96) 2.39e-04 1.36e-04    0.301 6.76e-04   0.0
            reverse (reverse_2_96)     5.56e-06 2.26e-06    0.154 1.61e-04   0.0
        pipe_add (VX_pipe_register_5_96) 6.12e-03 3.05e-02    1.265 3.79e-02   0.1
          g_shift_register (VX_shift_register_45_0_2_0_96) 6.12e-03 3.05e-02    1.265 3.79e-02   0.1
        adder (addRecFNToRaw_96)       2.49e-02 1.92e-02    4.760 4.88e-02   0.1
          lowMask_far_roundExtraMask (lowMaskHiLo_96) 3.92e-05 7.85e-05 8.04e-02 1.98e-04   0.0
            reverse (reverse_1_96)     1.75e-05 3.68e-05 5.04e-02 1.05e-04   0.0
          compressBy4_far_sigSmaller (compressBy4_96) 3.46e-05 1.81e-04 4.50e-02 2.61e-04   0.0
          countLeadingZeros_close (countLeadingZeros_96) 5.74e-04 4.60e-04    0.163 1.20e-03   0.0
            reverse_in (reverse_98)    2.98e-04 3.14e-04 9.01e-02 7.02e-04   0.0
          compressBy2_close_sigSum (compressBy2_96) 1.37e-04 3.38e-04 6.59e-02 5.41e-04   0.0
          isSigNaN_b (isSigNaNRecFN_1_192) 3.32e-06 5.09e-06 4.52e-03 1.29e-05   0.0
          recFNToRawFN_b (recFNToRawFN_1_205) 5.59e-04 2.74e-04    0.236 1.07e-03   0.0
          isSigNaN_a (isSigNaNRecFN_1_193) 1.32e-05 1.32e-05 4.76e-03 3.11e-05   0.0
          recFNToRawFN_a (recFNToRawFN_1_206) 1.68e-03 8.34e-04    0.232 2.74e-03   0.0
      pipe_c (VX_pipe_register_2_12)   1.94e-02    0.139    6.434    0.165   0.2
        g_shift_register (VX_shift_register_33_0_13_0_12) 1.94e-02    0.139    6.434    0.165   0.2
      conv_c (fNToRecFN_13)            1.59e-03 9.20e-04    0.749 3.26e-03   0.0
        clz (bsg_counting_leading_zeros_13) 1.13e-04 1.12e-04    0.119 3.45e-04   0.0
          lzc (VX_lzc_13)              1.13e-04 1.12e-04    0.119 3.45e-04   0.0
            g_lzc_find_first (VX_find_first_23_5_1_12) 1.00e-04 1.08e-04    0.107 3.15e-04   0.0
      g_red_tree_2__g_add_0__reduce_add (VX_tcu_bhf_fadd_85) 6.30e-02 7.59e-02    7.773    0.147   0.2
        pipe_rnd (VX_pipe_register_4_180) 6.32e-03 1.26e-02    0.504 1.94e-02   0.0
          g_shift_register (VX_shift_register_38_0_1_0_180) 6.32e-03 1.26e-02    0.504 1.94e-02   0.0
        rounding (roundAnyRawFNToRecFN_1_97) 8.55e-03 3.74e-03    1.238 1.35e-02   0.0
          genblk2_genblk1_lowMask_roundMask (lowMaskLoHi_97) 2.73e-04 1.45e-04    0.302 7.20e-04   0.0
            reverse (reverse_2_97)     1.36e-05 5.42e-06    0.154 1.73e-04   0.0
        pipe_add (VX_pipe_register_5_97) 9.94e-03 3.16e-02    1.265 4.28e-02   0.1
          g_shift_register (VX_shift_register_45_0_2_0_97) 9.94e-03 3.16e-02    1.265 4.28e-02   0.1
        adder (addRecFNToRaw_97)       3.82e-02 2.80e-02    4.766 7.09e-02   0.1
          lowMask_far_roundExtraMask (lowMaskHiLo_97) 1.53e-04 2.99e-04 8.09e-02 5.34e-04   0.0
            reverse (reverse_1_97)     6.71e-05 1.46e-04 4.72e-02 2.61e-04   0.0
          compressBy4_far_sigSmaller (compressBy4_97) 8.12e-05 3.65e-04 4.79e-02 4.94e-04   0.0
          countLeadingZeros_close (countLeadingZeros_97) 5.92e-04 5.32e-04    0.163 1.29e-03   0.0
            reverse_in (reverse_99)    3.14e-04 3.68e-04 8.95e-02 7.72e-04   0.0
          compressBy2_close_sigSum (compressBy2_97) 2.04e-04 3.98e-04 6.61e-02 6.68e-04   0.0
          isSigNaN_b (isSigNaNRecFN_1_194) 4.44e-06 8.41e-06 4.19e-03 1.70e-05   0.0
          recFNToRawFN_b (recFNToRawFN_1_207) 4.51e-03 9.35e-04    0.233 5.68e-03   0.0
          isSigNaN_a (isSigNaNRecFN_1_195) 3.62e-06 8.30e-06 4.17e-03 1.61e-05   0.0
          recFNToRawFN_a (recFNToRawFN_1_208) 1.26e-03 8.98e-04    0.233 2.39e-03   0.0
      g_red_tree_1__g_add_1__reduce_add (VX_tcu_bhf_fadd_86) 7.90e-02 7.72e-02    7.889    0.164   0.2
        pipe_rnd (VX_pipe_register_4_181) 7.34e-03 1.30e-02    0.504 2.08e-02   0.0
          g_shift_register (VX_shift_register_38_0_1_0_181) 7.34e-03 1.30e-02    0.504 2.08e-02   0.0
        rounding (roundAnyRawFNToRecFN_1_98) 2.15e-02 4.43e-03    1.330 2.73e-02   0.0
          genblk2_genblk1_lowMask_roundMask (lowMaskLoHi_98) 2.62e-04 1.50e-04    0.303 7.15e-04   0.0
            reverse (reverse_2_98)     1.45e-05 5.43e-06    0.153 1.73e-04   0.0
        pipe_add (VX_pipe_register_5_98) 1.16e-02 3.18e-02    1.266 4.46e-02   0.1
          g_shift_register (VX_shift_register_45_0_2_0_98) 1.16e-02 3.18e-02    1.266 4.46e-02   0.1
        adder (addRecFNToRaw_98)       3.85e-02 2.80e-02    4.782 7.14e-02   0.1
          lowMask_far_roundExtraMask (lowMaskHiLo_98) 1.51e-04 2.71e-04 8.07e-02 5.02e-04   0.0
            reverse (reverse_1_98)     6.34e-05 1.31e-04 4.70e-02 2.41e-04   0.0
          compressBy4_far_sigSmaller (compressBy4_98) 6.95e-05 3.43e-04 4.63e-02 4.59e-04   0.0
          countLeadingZeros_close (countLeadingZeros_98) 5.75e-04 5.20e-04    0.163 1.26e-03   0.0
            reverse_in (reverse_100)   3.00e-04 3.64e-04 8.98e-02 7.54e-04   0.0
          compressBy2_close_sigSum (compressBy2_98) 2.02e-04 3.93e-04 6.62e-02 6.61e-04   0.0
          isSigNaN_b (isSigNaNRecFN_1_196) 7.04e-06 9.69e-06 4.40e-03 2.11e-05   0.0
          recFNToRawFN_b (recFNToRawFN_1_209) 2.91e-03 9.37e-04    0.234 4.08e-03   0.0
          isSigNaN_a (isSigNaNRecFN_1_197) 5.50e-06 9.31e-06 4.38e-03 1.92e-05   0.0
          recFNToRawFN_a (recFNToRawFN_1_210) 2.00e-03 9.22e-04    0.234 3.16e-03   0.0
      g_red_tree_1__g_add_0__reduce_add (VX_tcu_bhf_fadd_87) 5.43e-02 7.66e-02    7.763    0.139   0.2
        pipe_rnd (VX_pipe_register_4_182) 2.43e-03 1.29e-02    0.505 1.58e-02   0.0
          g_shift_register (VX_shift_register_38_0_1_0_182) 2.43e-03 1.29e-02    0.505 1.58e-02   0.0
        rounding (roundAnyRawFNToRecFN_1_99) 7.16e-03 3.90e-03    1.224 1.23e-02   0.0
          genblk2_genblk1_lowMask_roundMask (lowMaskLoHi_99) 2.50e-04 1.51e-04    0.303 7.04e-04   0.0
            reverse (reverse_2_99)     1.46e-05 5.43e-06    0.153 1.73e-04   0.0
        pipe_add (VX_pipe_register_5_99) 7.50e-03 3.17e-02    1.265 4.05e-02   0.1
          g_shift_register (VX_shift_register_45_0_2_0_99) 7.50e-03 3.17e-02    1.265 4.05e-02   0.1
        adder (addRecFNToRaw_99)       3.73e-02 2.81e-02    4.769 7.02e-02   0.1
          lowMask_far_roundExtraMask (lowMaskHiLo_99) 1.45e-04 2.70e-04 8.07e-02 4.95e-04   0.0
            reverse (reverse_1_99)     6.26e-05 1.31e-04 4.69e-02 2.40e-04   0.0
          compressBy4_far_sigSmaller (compressBy4_99) 7.46e-05 3.44e-04 4.63e-02 4.65e-04   0.0
          countLeadingZeros_close (countLeadingZeros_99) 5.77e-04 5.20e-04    0.163 1.26e-03   0.0
            reverse_in (reverse_101)   3.02e-04 3.62e-04 8.98e-02 7.54e-04   0.0
          compressBy2_close_sigSum (compressBy2_99) 2.23e-04 3.93e-04 6.62e-02 6.82e-04   0.0
          isSigNaN_b (isSigNaNRecFN_1_198) 7.65e-06 9.21e-06 4.37e-03 2.12e-05   0.0
          recFNToRawFN_b (recFNToRawFN_1_211) 2.61e-03 9.23e-04    0.234 3.77e-03   0.0
          isSigNaN_a (isSigNaNRecFN_1_199) 5.72e-06 9.04e-06 4.35e-03 1.91e-05   0.0
          recFNToRawFN_a (recFNToRawFN_1_212) 2.70e-03 9.53e-04    0.234 3.89e-03   0.0
      g_red_tree_0__g_add_3__reduce_add (VX_tcu_bhf_fadd_88) 6.10e-02 7.44e-02    7.648    0.143   0.2
        pipe_rnd (VX_pipe_register_4_183) 5.74e-03 1.31e-02    0.505 1.93e-02   0.0
          g_shift_register (VX_shift_register_38_0_1_0_183) 5.74e-03 1.31e-02    0.505 1.93e-02   0.0
        rounding (roundAnyRawFNToRecFN_1_100) 1.41e-02 4.00e-03    1.289 1.94e-02   0.0
          genblk2_genblk1_lowMask_roundMask (lowMaskLoHi_100) 2.49e-04 1.52e-04    0.304 7.06e-04   0.0
            reverse (reverse_2_100)    1.38e-05 5.43e-06    0.153 1.73e-04   0.0
        pipe_add (VX_pipe_register_5_100) 9.69e-03 3.22e-02    1.268 4.31e-02   0.1
          g_shift_register (VX_shift_register_45_0_2_0_100) 9.69e-03 3.22e-02    1.268 4.31e-02   0.1
        adder (addRecFNToRaw_100)      3.14e-02 2.52e-02    4.586 6.12e-02   0.1
          lowMask_far_roundExtraMask (lowMaskHiLo_100) 1.19e-04 2.24e-04 6.92e-02 4.12e-04   0.0
            reverse (reverse_1_100)    5.65e-05 1.08e-04 3.98e-02 2.05e-04   0.0
          compressBy4_far_sigSmaller (compressBy4_100) 3.95e-05 2.46e-04 4.07e-02 3.26e-04   0.0
          countLeadingZeros_close (countLeadingZeros_100) 5.51e-04 5.02e-04    0.157 1.21e-03   0.0
            reverse_in (reverse_102)   2.86e-04 3.03e-04 8.27e-02 6.72e-04   0.0
          compressBy2_close_sigSum (compressBy2_100) 1.66e-04 3.28e-04 6.14e-02 5.55e-04   0.0
          isSigNaN_b (isSigNaNRecFN_1_200) 7.43e-06 1.11e-05 4.88e-03 2.34e-05   0.0
          recFNToRawFN_b (recFNToRawFN_1_213) 2.35e-03 7.61e-04    0.221 3.33e-03   0.0
          isSigNaN_a (isSigNaNRecFN_1_201) 5.76e-06 1.10e-05 4.83e-03 2.16e-05   0.0
          recFNToRawFN_a (recFNToRawFN_1_214) 1.59e-03 7.52e-04    0.221 2.57e-03   0.0
      g_red_tree_0__g_add_2__reduce_add (VX_tcu_bhf_fadd_89) 5.44e-02 7.44e-02    7.642    0.136   0.2
        pipe_rnd (VX_pipe_register_4_184) 3.12e-03 1.30e-02    0.505 1.66e-02   0.0
          g_shift_register (VX_shift_register_38_0_1_0_184) 3.12e-03 1.30e-02    0.505 1.66e-02   0.0
        rounding (roundAnyRawFNToRecFN_1_101) 1.11e-02 4.00e-03    1.284 1.64e-02   0.0
          genblk2_genblk1_lowMask_roundMask (lowMaskLoHi_101) 2.62e-04 1.54e-04    0.304 7.19e-04   0.0
            reverse (reverse_2_101)    1.34e-05 5.42e-06    0.153 1.72e-04   0.0
        pipe_add (VX_pipe_register_5_101) 9.33e-03 3.22e-02    1.268 4.28e-02   0.1
          g_shift_register (VX_shift_register_45_0_2_0_101) 9.33e-03 3.22e-02    1.268 4.28e-02   0.1
        adder (addRecFNToRaw_101)      3.08e-02 2.52e-02    4.585 6.06e-02   0.1
          lowMask_far_roundExtraMask (lowMaskHiLo_101) 1.26e-04 2.24e-04 6.92e-02 4.19e-04   0.0
            reverse (reverse_1_101)    6.12e-05 1.08e-04 3.99e-02 2.09e-04   0.0
          compressBy4_far_sigSmaller (compressBy4_101) 3.87e-05 2.45e-04 4.07e-02 3.25e-04   0.0
          countLeadingZeros_close (countLeadingZeros_101) 5.45e-04 5.00e-04    0.156 1.20e-03   0.0
            reverse_in (reverse_103)   2.80e-04 3.03e-04 8.27e-02 6.65e-04   0.0
          compressBy2_close_sigSum (compressBy2_101) 1.77e-04 3.28e-04 6.15e-02 5.66e-04   0.0
          isSigNaN_b (isSigNaNRecFN_1_202) 6.01e-06 1.12e-05 4.88e-03 2.20e-05   0.0
          recFNToRawFN_b (recFNToRawFN_1_215) 2.16e-03 7.57e-04    0.221 3.14e-03   0.0
          isSigNaN_a (isSigNaNRecFN_1_203) 7.34e-06 1.08e-05 4.86e-03 2.30e-05   0.0
          recFNToRawFN_a (recFNToRawFN_1_216) 1.60e-03 7.48e-04    0.221 2.57e-03   0.0
      g_red_tree_0__g_add_1__reduce_add (VX_tcu_bhf_fadd_90) 5.39e-02 7.42e-02    7.609    0.136   0.2
        pipe_rnd (VX_pipe_register_4_185) 4.01e-03 1.30e-02    0.505 1.75e-02   0.0
          g_shift_register (VX_shift_register_38_0_1_0_185) 4.01e-03 1.30e-02    0.505 1.75e-02   0.0
        rounding (roundAnyRawFNToRecFN_1_102) 7.05e-03 3.87e-03    1.246 1.22e-02   0.0
          genblk2_genblk1_lowMask_roundMask (lowMaskLoHi_102) 2.45e-04 1.52e-04    0.303 7.00e-04   0.0
            reverse (reverse_2_102)    1.45e-05 5.43e-06    0.153 1.73e-04   0.0
        pipe_add (VX_pipe_register_5_102) 1.13e-02 3.22e-02    1.268 4.48e-02   0.1
          g_shift_register (VX_shift_register_45_0_2_0_102) 1.13e-02 3.22e-02    1.268 4.48e-02   0.1
        adder (addRecFNToRaw_102)      3.15e-02 2.52e-02    4.590 6.13e-02   0.1
          lowMask_far_roundExtraMask (lowMaskHiLo_102) 1.18e-04 2.23e-04 6.92e-02 4.10e-04   0.0
            reverse (reverse_1_102)    5.88e-05 1.08e-04 3.99e-02 2.07e-04   0.0
          compressBy4_far_sigSmaller (compressBy4_102) 5.48e-05 2.46e-04 4.07e-02 3.42e-04   0.0
          countLeadingZeros_close (countLeadingZeros_102) 5.47e-04 5.00e-04    0.156 1.20e-03   0.0
            reverse_in (reverse_104)   2.83e-04 3.03e-04 8.27e-02 6.69e-04   0.0
          compressBy2_close_sigSum (compressBy2_102) 1.71e-04 3.28e-04 6.15e-02 5.60e-04   0.0
          isSigNaN_b (isSigNaNRecFN_1_204) 8.03e-06 1.09e-05 4.85e-03 2.37e-05   0.0
          recFNToRawFN_b (recFNToRawFN_1_217) 2.26e-03 7.58e-04    0.221 3.24e-03   0.0
          isSigNaN_a (isSigNaNRecFN_1_205) 7.70e-06 1.13e-05 4.85e-03 2.39e-05   0.0
          recFNToRawFN_a (recFNToRawFN_1_218) 1.61e-03 7.49e-04    0.221 2.58e-03   0.0
      g_red_tree_0__g_add_0__reduce_add (VX_tcu_bhf_fadd_91) 6.90e-02 7.45e-02    7.688    0.151   0.2
        pipe_rnd (VX_pipe_register_4_186) 7.47e-03 1.30e-02    0.505 2.10e-02   0.0
          g_shift_register (VX_shift_register_38_0_1_0_186) 7.47e-03 1.30e-02    0.505 2.10e-02   0.0
        rounding (roundAnyRawFNToRecFN_1_103) 1.39e-02 4.07e-03    1.333 1.93e-02   0.0
          genblk2_genblk1_lowMask_roundMask (lowMaskLoHi_103) 2.42e-04 1.51e-04    0.303 6.96e-04   0.0
            reverse (reverse_2_103)    1.35e-05 5.42e-06    0.153 1.72e-04   0.0
        pipe_add (VX_pipe_register_5_103) 1.57e-02 3.22e-02    1.268 4.92e-02   0.1
          g_shift_register (VX_shift_register_45_0_2_0_103) 1.57e-02 3.22e-02    1.268 4.92e-02   0.1
        adder (addRecFNToRaw_103)      3.19e-02 2.51e-02    4.581 6.16e-02   0.1
          lowMask_far_roundExtraMask (lowMaskHiLo_103) 1.24e-04 2.21e-04 6.92e-02 4.14e-04   0.0
            reverse (reverse_1_103)    5.87e-05 1.07e-04 3.99e-02 2.05e-04   0.0
          compressBy4_far_sigSmaller (compressBy4_103) 4.89e-05 2.44e-04 4.07e-02 3.34e-04   0.0
          countLeadingZeros_close (countLeadingZeros_103) 5.44e-04 5.04e-04    0.156 1.20e-03   0.0
            reverse_in (reverse_105)   2.82e-04 3.05e-04 8.26e-02 6.70e-04   0.0
          compressBy2_close_sigSum (compressBy2_103) 1.66e-04 3.29e-04 6.15e-02 5.56e-04   0.0
          isSigNaN_b (isSigNaNRecFN_1_206) 8.53e-06 1.11e-05 4.86e-03 2.45e-05   0.0
          recFNToRawFN_b (recFNToRawFN_1_219) 2.30e-03 7.53e-04    0.221 3.28e-03   0.0
          isSigNaN_a (isSigNaNRecFN_1_207) 5.69e-06 1.11e-05 4.85e-03 2.16e-05   0.0
          recFNToRawFN_a (recFNToRawFN_1_220) 1.60e-03 7.53e-04    0.221 2.57e-03   0.0
      g_prod_7__pipe_mult (VX_pipe_register_1_96) 2.28e-03 1.16e-02    0.477 1.43e-02   0.0
        g_shift_register (VX_shift_register_33_0_1_0_96) 2.28e-03 1.16e-02    0.477 1.43e-02   0.0
      g_prod_7__fp16_mul (VX_tcu_bhf_fmul_96) 2.04e-02 4.91e-02    5.427 7.49e-02   0.1
        pipe_rnd (VX_pipe_register_4_187) 2.18e-03 1.16e-02    0.477 1.42e-02   0.0
          g_shift_register (VX_shift_register_38_0_1_0_187) 2.18e-03 1.16e-02    0.477 1.42e-02   0.0
        rounding (roundAnyRawFNToRecFN_97) 1.00e-03 1.11e-03    0.272 2.38e-03   0.0
        pipe_add (VX_pipe_register_3_96) 4.40e-03 2.46e-02    1.028 3.00e-02   0.0
          g_shift_register (VX_shift_register_37_0_2_0_96) 4.40e-03 2.46e-02    1.028 3.00e-02   0.0
        multiplier (mulRecFNToFullRaw_96) 1.09e-02 1.08e-02    3.023 2.47e-02   0.0
          isSigNaN_b (isSigNaNRecFN_193) 4.84e-06 8.99e-06 4.73e-03 1.86e-05   0.0
          recFNToRawFN_b (recFNToRawFN_193) 6.74e-04 2.23e-04    0.129 1.03e-03   0.0
          isSigNaN_a (isSigNaNRecFN_194) 4.08e-06 7.92e-06 4.68e-03 1.67e-05   0.0
          recFNToRawFN_a (recFNToRawFN_194) 6.48e-04 1.80e-04    0.129 9.57e-04   0.0
        g_in_ieee_from_ieee_b (fNToRecFN_1_192) 6.61e-04 5.32e-04    0.313 1.51e-03   0.0
          clz (bsg_counting_leading_zeros_1_192) 1.22e-04 9.14e-05 6.84e-02 2.82e-04   0.0
            lzc (VX_lzc_1_192)         1.22e-04 9.14e-05 6.84e-02 2.82e-04   0.0
              g_lzc_find_first (VX_find_first_10_4_1_192) 5.44e-05 7.15e-05 5.55e-02 1.81e-04   0.0
        g_in_ieee_from_ieee_a (fNToRecFN_1_193) 1.25e-03 3.98e-04    0.314 1.96e-03   0.0
          clz (bsg_counting_leading_zeros_1_193) 8.98e-05 6.73e-05 6.83e-02 2.25e-04   0.0
            lzc (VX_lzc_1_193)         8.98e-05 6.73e-05 6.83e-02 2.25e-04   0.0
              g_lzc_find_first (VX_find_first_10_4_1_193) 4.09e-05 5.26e-05 5.55e-02 1.49e-04   0.0
      g_prod_6__pipe_mult (VX_pipe_register_1_97) 2.30e-03 1.16e-02    0.477 1.43e-02   0.0
        g_shift_register (VX_shift_register_33_0_1_0_97) 2.30e-03 1.16e-02    0.477 1.43e-02   0.0
      g_prod_6__fp16_mul (VX_tcu_bhf_fmul_97) 2.13e-02 4.90e-02    5.441 7.58e-02   0.1
        pipe_rnd (VX_pipe_register_4_188) 1.97e-03 1.15e-02    0.477 1.40e-02   0.0
          g_shift_register (VX_shift_register_38_0_1_0_188) 1.97e-03 1.15e-02    0.477 1.40e-02   0.0
        rounding (roundAnyRawFNToRecFN_98) 8.51e-04 1.10e-03    0.271 2.22e-03   0.0
        pipe_add (VX_pipe_register_3_97) 4.03e-03 2.46e-02    1.028 2.97e-02   0.0
          g_shift_register (VX_shift_register_37_0_2_0_97) 4.03e-03 2.46e-02    1.028 2.97e-02   0.0
        multiplier (mulRecFNToFullRaw_97) 1.17e-02 1.08e-02    3.009 2.55e-02   0.0
          isSigNaN_b (isSigNaNRecFN_195) 6.41e-06 8.91e-06 4.73e-03 2.00e-05   0.0
          recFNToRawFN_b (recFNToRawFN_195) 6.83e-04 2.21e-04    0.129 1.03e-03   0.0
          isSigNaN_a (isSigNaNRecFN_196) 4.35e-06 9.84e-06 5.72e-03 1.99e-05   0.0
          recFNToRawFN_a (recFNToRawFN_196) 1.67e-03 1.84e-04    0.134 1.99e-03   0.0
        g_in_ieee_from_ieee_b (fNToRecFN_1_194) 6.72e-04 5.27e-04    0.313 1.51e-03   0.0
          clz (bsg_counting_leading_zeros_1_194) 1.22e-04 9.15e-05 6.85e-02 2.82e-04   0.0
            lzc (VX_lzc_1_194)         5.61e-05 7.19e-05 5.56e-02 1.84e-04   0.0
              g_lzc_find_first (VX_find_first_10_4_1_194) 5.61e-05 7.19e-05 5.56e-02 1.84e-04   0.0
        g_in_ieee_from_ieee_a (fNToRecFN_1_195) 2.08e-03 4.34e-04    0.342 2.86e-03   0.0
          clz (bsg_counting_leading_zeros_1_195) 9.19e-05 6.88e-05 6.83e-02 2.29e-04   0.0
            lzc (VX_lzc_1_195)         9.19e-05 6.88e-05 6.83e-02 2.29e-04   0.0
              g_lzc_find_first (VX_find_first_10_4_1_195) 4.04e-05 5.33e-05 5.55e-02 1.49e-04   0.0
      g_prod_5__pipe_mult (VX_pipe_register_1_98) 2.33e-03 1.16e-02    0.477 1.44e-02   0.0
        g_shift_register (VX_shift_register_33_0_1_0_98) 2.33e-03 1.16e-02    0.477 1.44e-02   0.0
      g_prod_5__fp16_mul (VX_tcu_bhf_fmul_98) 2.16e-02 4.90e-02    5.425 7.60e-02   0.1
        pipe_rnd (VX_pipe_register_4_189) 2.36e-03 1.15e-02    0.477 1.44e-02   0.0
          g_shift_register (VX_shift_register_38_0_1_0_189) 2.36e-03 1.15e-02    0.477 1.44e-02   0.0
        rounding (roundAnyRawFNToRecFN_99) 1.43e-03 1.10e-03    0.273 2.80e-03   0.0
        pipe_add (VX_pipe_register_3_98) 4.93e-03 2.46e-02    1.028 3.06e-02   0.0
          g_shift_register (VX_shift_register_37_0_2_0_98) 4.93e-03 2.46e-02    1.028 3.06e-02   0.0
        multiplier (mulRecFNToFullRaw_98) 1.12e-02 1.08e-02    3.023 2.50e-02   0.0
          isSigNaN_b (isSigNaNRecFN_197) 5.63e-06 8.79e-06 4.68e-03 1.91e-05   0.0
          recFNToRawFN_b (recFNToRawFN_197) 7.42e-04 2.23e-04    0.129 1.09e-03   0.0
          isSigNaN_a (isSigNaNRecFN_198) 4.62e-06 7.71e-06 4.69e-03 1.70e-05   0.0
          recFNToRawFN_a (recFNToRawFN_198) 5.47e-04 1.76e-04    0.129 8.52e-04   0.0
        g_in_ieee_from_ieee_b (fNToRecFN_1_196) 6.42e-04 5.26e-04    0.312 1.48e-03   0.0
          clz (bsg_counting_leading_zeros_1_196) 1.21e-04 9.09e-05 6.84e-02 2.80e-04   0.0
            lzc (VX_lzc_1_196)         1.21e-04 9.09e-05 6.84e-02 2.80e-04   0.0
              g_lzc_find_first (VX_find_first_10_4_1_196) 5.43e-05 7.15e-05 5.55e-02 1.81e-04   0.0
        g_in_ieee_from_ieee_a (fNToRecFN_1_197) 1.03e-03 4.04e-04    0.313 1.75e-03   0.0
          clz (bsg_counting_leading_zeros_1_197) 9.35e-05 6.96e-05 6.84e-02 2.32e-04   0.0
            lzc (VX_lzc_1_197)         9.35e-05 6.96e-05 6.84e-02 2.32e-04   0.0
              g_lzc_find_first (VX_find_first_10_4_1_197) 4.14e-05 5.41e-05 5.55e-02 1.51e-04   0.0
      g_prod_4__pipe_mult (VX_pipe_register_1_99) 2.64e-03 1.16e-02    0.477 1.47e-02   0.0
        g_shift_register (VX_shift_register_33_0_1_0_99) 2.64e-03 1.16e-02    0.477 1.47e-02   0.0
      g_prod_4__fp16_mul (VX_tcu_bhf_fmul_99) 2.29e-02 4.90e-02    5.448 7.74e-02   0.1
        pipe_rnd (VX_pipe_register_4_190) 2.56e-03 1.16e-02    0.477 1.46e-02   0.0
          g_shift_register (VX_shift_register_38_0_1_0_190) 2.56e-03 1.16e-02    0.477 1.46e-02   0.0
        rounding (roundAnyRawFNToRecFN_100) 1.02e-03 1.11e-03    0.272 2.40e-03   0.0
        pipe_add (VX_pipe_register_3_99) 4.80e-03 2.46e-02    1.028 3.04e-02   0.0
          g_shift_register (VX_shift_register_37_0_2_0_99) 4.80e-03 2.46e-02    1.028 3.04e-02   0.0
        multiplier (mulRecFNToFullRaw_99) 1.22e-02 1.08e-02    3.024 2.60e-02   0.0
          isSigNaN_b (isSigNaNRecFN_199) 4.75e-06 8.88e-06 4.70e-03 1.83e-05   0.0
          recFNToRawFN_b (recFNToRawFN_199) 6.87e-04 2.22e-04    0.129 1.04e-03   0.0
          isSigNaN_a (isSigNaNRecFN_200) 7.00e-06 9.74e-06 5.77e-03 2.25e-05   0.0
          recFNToRawFN_a (recFNToRawFN_200) 1.27e-03 1.87e-04    0.129 1.59e-03   0.0
        g_in_ieee_from_ieee_b (fNToRecFN_1_198) 6.44e-04 5.29e-04    0.312 1.48e-03   0.0
          clz (bsg_counting_leading_zeros_1_198) 1.21e-04 9.20e-05 6.83e-02 2.82e-04   0.0
            lzc (VX_lzc_1_198)         1.21e-04 9.20e-05 6.83e-02 2.82e-04   0.0
              g_lzc_find_first (VX_find_first_10_4_1_198) 5.52e-05 7.23e-05 5.54e-02 1.83e-04   0.0
        g_in_ieee_from_ieee_a (fNToRecFN_1_199) 1.73e-03 4.23e-04    0.335 2.49e-03   0.0
          clz (bsg_counting_leading_zeros_1_199) 9.41e-05 6.94e-05 6.86e-02 2.32e-04   0.0
            lzc (VX_lzc_1_199)         9.41e-05 6.94e-05 6.86e-02 2.32e-04   0.0
              g_lzc_find_first (VX_find_first_10_4_1_199) 4.25e-05 5.41e-05 5.57e-02 1.52e-04   0.0
      g_prod_3__pipe_mult (VX_pipe_register_1_100) 2.43e-03 1.16e-02    0.477 1.45e-02   0.0
        g_shift_register (VX_shift_register_33_0_1_0_100) 2.43e-03 1.16e-02    0.477 1.45e-02   0.0
      g_prod_3__fp16_mul (VX_tcu_bhf_fmul_100) 2.46e-02 4.91e-02    5.425 7.91e-02   0.1
        pipe_rnd (VX_pipe_register_4_191) 3.32e-03 1.16e-02    0.477 1.54e-02   0.0
          g_shift_register (VX_shift_register_38_0_1_0_191) 3.32e-03 1.16e-02    0.477 1.54e-02   0.0
        rounding (roundAnyRawFNToRecFN_101) 2.86e-03 1.13e-03    0.274 4.27e-03   0.0
        pipe_add (VX_pipe_register_3_100) 4.71e-03 2.46e-02    1.028 3.04e-02   0.0
          g_shift_register (VX_shift_register_37_0_2_0_100) 4.71e-03 2.46e-02    1.028 3.04e-02   0.0
        multiplier (mulRecFNToFullRaw_100) 1.16e-02 1.08e-02    3.010 2.54e-02   0.0
          isSigNaN_b (isSigNaNRecFN_201) 4.68e-06 8.91e-06 4.72e-03 1.83e-05   0.0
          recFNToRawFN_b (recFNToRawFN_201) 6.34e-04 2.21e-04    0.129 9.85e-04   0.0
          isSigNaN_a (isSigNaNRecFN_202) 5.49e-06 7.56e-06 4.66e-03 1.77e-05   0.0
          recFNToRawFN_a (recFNToRawFN_202) 9.39e-04 1.82e-04    0.129 1.25e-03   0.0
        g_in_ieee_from_ieee_b (fNToRecFN_1_200) 6.56e-04 5.24e-04    0.311 1.49e-03   0.0
          clz (bsg_counting_leading_zeros_1_200) 1.21e-04 9.09e-05 6.82e-02 2.80e-04   0.0
            lzc (VX_lzc_1_200)         1.21e-04 9.09e-05 6.82e-02 2.80e-04   0.0
              g_lzc_find_first (VX_find_first_10_4_1_200) 5.33e-05 7.13e-05 5.54e-02 1.80e-04   0.0
        g_in_ieee_from_ieee_a (fNToRecFN_1_201) 1.43e-03 4.18e-04    0.325 2.18e-03   0.0
          clz (bsg_counting_leading_zeros_1_201) 9.54e-05 7.03e-05 6.83e-02 2.34e-04   0.0
            lzc (VX_lzc_1_201)         9.54e-05 7.03e-05 6.83e-02 2.34e-04   0.0
              g_lzc_find_first (VX_find_first_10_4_1_201) 4.15e-05 5.46e-05 5.54e-02 1.51e-04   0.0
      g_prod_2__pipe_mult (VX_pipe_register_1_101) 2.53e-03 1.16e-02    0.477 1.46e-02   0.0
        g_shift_register (VX_shift_register_33_0_1_0_101) 2.53e-03 1.16e-02    0.477 1.46e-02   0.0
      g_prod_2__fp16_mul (VX_tcu_bhf_fmul_101) 2.25e-02 4.89e-02    5.425 7.69e-02   0.1
        pipe_rnd (VX_pipe_register_4_192) 2.57e-03 1.16e-02    0.477 1.46e-02   0.0
          g_shift_register (VX_shift_register_38_0_1_0_192) 2.57e-03 1.16e-02    0.477 1.46e-02   0.0
        rounding (roundAnyRawFNToRecFN_102) 2.51e-03 1.12e-03    0.272 3.90e-03   0.0
        pipe_add (VX_pipe_register_3_101) 4.57e-03 2.46e-02    1.028 3.02e-02   0.0
          g_shift_register (VX_shift_register_37_0_2_0_101) 4.57e-03 2.46e-02    1.028 3.02e-02   0.0
        multiplier (mulRecFNToFullRaw_101) 1.14e-02 1.08e-02    3.023 2.52e-02   0.0
          isSigNaN_b (isSigNaNRecFN_203) 4.44e-06 9.10e-06 4.71e-03 1.83e-05   0.0
          recFNToRawFN_b (recFNToRawFN_203) 6.66e-04 2.22e-04    0.129 1.02e-03   0.0
          isSigNaN_a (isSigNaNRecFN_204) 3.85e-06 7.44e-06 4.74e-03 1.60e-05   0.0
          recFNToRawFN_a (recFNToRawFN_204) 4.86e-04 1.69e-04    0.129 7.84e-04   0.0
        g_in_ieee_from_ieee_b (fNToRecFN_1_202) 6.63e-04 5.27e-04    0.312 1.50e-03   0.0
          clz (bsg_counting_leading_zeros_1_202) 1.20e-04 9.11e-05 6.84e-02 2.80e-04   0.0
            lzc (VX_lzc_1_202)         1.20e-04 9.11e-05 6.84e-02 2.80e-04   0.0
              g_lzc_find_first (VX_find_first_10_4_1_202) 5.36e-05 7.14e-05 5.55e-02 1.80e-04   0.0
        g_in_ieee_from_ieee_a (fNToRecFN_1_203) 7.36e-04 4.02e-04    0.313 1.45e-03   0.0
          clz (bsg_counting_leading_zeros_1_203) 9.49e-05 6.96e-05 6.85e-02 2.33e-04   0.0
            lzc (VX_lzc_1_203)         9.49e-05 6.96e-05 6.85e-02 2.33e-04   0.0
              g_lzc_find_first (VX_find_first_10_4_1_203) 4.11e-05 5.40e-05 5.56e-02 1.51e-04   0.0
      g_prod_1__pipe_mult (VX_pipe_register_1_102) 2.28e-03 1.16e-02    0.477 1.43e-02   0.0
        g_shift_register (VX_shift_register_33_0_1_0_102) 2.28e-03 1.16e-02    0.477 1.43e-02   0.0
      g_prod_1__fp16_mul (VX_tcu_bhf_fmul_102) 2.01e-02 4.89e-02    5.410 7.44e-02   0.1
        pipe_rnd (VX_pipe_register_4_193) 2.37e-03 1.16e-02    0.477 1.44e-02   0.0
          g_shift_register (VX_shift_register_38_0_1_0_193) 2.37e-03 1.16e-02    0.477 1.44e-02   0.0
        rounding (roundAnyRawFNToRecFN_103) 1.92e-03 1.11e-03    0.273 3.31e-03   0.0
        pipe_add (VX_pipe_register_3_102) 4.15e-03 2.46e-02    1.028 2.97e-02   0.0
          g_shift_register (VX_shift_register_37_0_2_0_102) 4.15e-03 2.46e-02    1.028 2.97e-02   0.0
        multiplier (mulRecFNToFullRaw_102) 1.05e-02 1.07e-02    3.008 2.42e-02   0.0
          isSigNaN_b (isSigNaNRecFN_205) 8.01e-06 8.86e-06 4.68e-03 2.16e-05   0.0
          recFNToRawFN_b (recFNToRawFN_205) 6.49e-04 2.21e-04    0.129 9.99e-04   0.0
          isSigNaN_a (isSigNaNRecFN_206) 4.28e-06 6.88e-06 4.72e-03 1.59e-05   0.0
          recFNToRawFN_a (recFNToRawFN_206) 3.16e-04 1.64e-04    0.129 6.08e-04   0.0
        g_in_ieee_from_ieee_b (fNToRecFN_1_204) 6.87e-04 5.26e-04    0.313 1.53e-03   0.0
          clz (bsg_counting_leading_zeros_1_204) 1.17e-04 9.04e-05 6.83e-02 2.76e-04   0.0
            lzc (VX_lzc_1_204)         1.17e-04 9.04e-05 6.83e-02 2.76e-04   0.0
              g_lzc_find_first (VX_find_first_10_4_1_204) 5.26e-05 7.10e-05 5.55e-02 1.79e-04   0.0
        g_in_ieee_from_ieee_a (fNToRecFN_1_205) 4.99e-04 3.95e-04    0.311 1.20e-03   0.0
          clz (bsg_counting_leading_zeros_1_205) 9.50e-05 6.88e-05 6.84e-02 2.32e-04   0.0
            lzc (VX_lzc_1_205)         9.50e-05 6.88e-05 6.84e-02 2.32e-04   0.0
              g_lzc_find_first (VX_find_first_10_4_1_205) 4.20e-05 5.36e-05 5.55e-02 1.51e-04   0.0
      g_prod_0__pipe_mult (VX_pipe_register_1_103) 2.16e-03 1.16e-02    0.477 1.42e-02   0.0
        g_shift_register (VX_shift_register_33_0_1_0_103) 2.16e-03 1.16e-02    0.477 1.42e-02   0.0
      g_prod_0__fp16_mul (VX_tcu_bhf_fmul_103) 1.83e-02 4.89e-02    5.410 7.26e-02   0.1
        pipe_rnd (VX_pipe_register_4_194) 1.94e-03 1.15e-02    0.477 1.40e-02   0.0
          g_shift_register (VX_shift_register_38_0_1_0_194) 1.94e-03 1.15e-02    0.477 1.40e-02   0.0
        rounding (roundAnyRawFNToRecFN_104) 1.01e-03 1.10e-03    0.271 2.38e-03   0.0
        pipe_add (VX_pipe_register_3_103) 3.94e-03 2.46e-02    1.028 2.96e-02   0.0
          g_shift_register (VX_shift_register_37_0_2_0_103) 3.94e-03 2.46e-02    1.028 2.96e-02   0.0
        multiplier (mulRecFNToFullRaw_103) 1.02e-02 1.07e-02    3.008 2.40e-02   0.0
          isSigNaN_b (isSigNaNRecFN_207) 5.34e-06 8.93e-06 4.70e-03 1.90e-05   0.0
          recFNToRawFN_b (recFNToRawFN_207) 6.63e-04 2.21e-04    0.129 1.01e-03   0.0
          isSigNaN_a (isSigNaNRecFN_208) 4.84e-06 7.18e-06 4.74e-03 1.68e-05   0.0
          recFNToRawFN_a (recFNToRawFN_208) 3.66e-04 1.66e-04    0.129 6.60e-04   0.0
        g_in_ieee_from_ieee_b (fNToRecFN_1_206) 6.50e-04 5.25e-04    0.312 1.49e-03   0.0
          clz (bsg_counting_leading_zeros_1_206) 1.20e-04 9.15e-05 6.83e-02 2.80e-04   0.0
            lzc (VX_lzc_1_206)         1.20e-04 9.15e-05 6.83e-02 2.80e-04   0.0
              g_lzc_find_first (VX_find_first_10_4_1_206) 5.41e-05 7.20e-05 5.54e-02 1.82e-04   0.0
        g_in_ieee_from_ieee_a (fNToRecFN_1_207) 5.51e-04 3.98e-04    0.313 1.26e-03   0.0
          clz (bsg_counting_leading_zeros_1_207) 9.43e-05 6.85e-05 6.84e-02 2.31e-04   0.0
            lzc (VX_lzc_1_207)         9.43e-05 6.85e-05 6.84e-02 2.31e-04   0.0
              g_lzc_find_first (VX_find_first_10_4_1_207) 4.17e-05 5.30e-05 5.55e-02 1.50e-04   0.0
    g_i_4__g_j_3__genblk1_u_buffer_ex (VX_pipe_register_18) 1.69e-02 9.43e-02    4.324    0.115   0.2
      g_shift_register (VX_shift_register_582_0_1_0_12) 1.69e-02 9.43e-02    4.324    0.115   0.2
    g_i_4__g_j_2__fedp (VX_tcu_fedp_bhf_13)    0.654    1.219  116.750    1.989   2.8
      final_add (VX_tcu_bhf_fadd_1_13) 4.87e-02 6.74e-02    8.515    0.125   0.2
        pipe_rnd (VX_pipe_register_6_13) 6.09e-03 1.16e-02    0.491 1.82e-02   0.0
          g_shift_register (VX_shift_register_37_0_1_0_13) 6.09e-03 1.16e-02    0.491 1.82e-02   0.0
        g_out_ieee_to_ieee (recFNToFN_13) 6.13e-03 2.99e-03    0.802 9.92e-03   0.0
          recFNToRawFN (recFNToRawFN_1_221) 1.69e-03 7.41e-04    0.232 2.67e-03   0.0
        rounding (roundAnyRawFNToRecFN_1_104) 4.96e-03 2.99e-03    1.204 9.15e-03   0.0
          genblk2_genblk1_lowMask_roundMask (lowMaskLoHi_104) 2.38e-04 1.38e-04    0.301 6.77e-04   0.0
            reverse (reverse_2_104)    4.75e-06 2.06e-06    0.154 1.60e-04   0.0
        pipe_add (VX_pipe_register_5_104) 6.98e-03 3.06e-02    1.265 3.88e-02   0.1
          g_shift_register (VX_shift_register_45_0_2_0_104) 6.98e-03 3.06e-02    1.265 3.88e-02   0.1
        adder (addRecFNToRaw_104)      2.45e-02 1.93e-02    4.753 4.86e-02   0.1
          lowMask_far_roundExtraMask (lowMaskHiLo_104) 4.40e-05 8.19e-05 8.05e-02 2.06e-04   0.0
            reverse (reverse_1_104)    1.82e-05 3.86e-05 5.04e-02 1.07e-04   0.0
          compressBy4_far_sigSmaller (compressBy4_104) 4.06e-05 1.82e-04 4.47e-02 2.68e-04   0.0
          countLeadingZeros_close (countLeadingZeros_104) 5.32e-04 4.60e-04    0.163 1.15e-03   0.0
            reverse_in (reverse_106)   2.53e-04 3.13e-04 9.01e-02 6.56e-04   0.0
          compressBy2_close_sigSum (compressBy2_104) 2.10e-04 3.40e-04 6.59e-02 6.16e-04   0.0
          isSigNaN_b (isSigNaNRecFN_1_208) 3.20e-06 5.52e-06 4.57e-03 1.33e-05   0.0
          recFNToRawFN_b (recFNToRawFN_1_222) 5.46e-04 2.77e-04    0.236 1.06e-03   0.0
          isSigNaN_a (isSigNaNRecFN_1_209) 9.67e-06 1.30e-05 4.73e-03 2.74e-05   0.0
          recFNToRawFN_a (recFNToRawFN_1_223) 1.39e-03 8.20e-04    0.232 2.45e-03   0.0
      pipe_c (VX_pipe_register_2_13)   1.89e-02    0.139    6.434    0.164   0.2
        g_shift_register (VX_shift_register_33_0_13_0_13) 1.89e-02    0.139    6.434    0.164   0.2
      conv_c (fNToRecFN_14)            1.57e-03 9.24e-04    0.747 3.24e-03   0.0
        clz (bsg_counting_leading_zeros_14) 1.09e-04 1.11e-04    0.119 3.39e-04   0.0
          lzc (VX_lzc_14)              1.09e-04 1.11e-04    0.119 3.39e-04   0.0
            g_lzc_find_first (VX_find_first_23_5_1_13) 9.65e-05 1.08e-04    0.106 3.11e-04   0.0
      g_red_tree_2__g_add_0__reduce_add (VX_tcu_bhf_fadd_92) 5.18e-02 7.60e-02    7.764    0.136   0.2
        pipe_rnd (VX_pipe_register_4_195) 2.40e-03 1.26e-02    0.504 1.55e-02   0.0
          g_shift_register (VX_shift_register_38_0_1_0_195) 2.40e-03 1.26e-02    0.504 1.55e-02   0.0
        rounding (roundAnyRawFNToRecFN_1_105) 6.93e-03 3.74e-03    1.221 1.19e-02   0.0
          genblk2_genblk1_lowMask_roundMask (lowMaskLoHi_105) 2.66e-04 1.44e-04    0.301 7.11e-04   0.0
            reverse (reverse_2_105)    1.50e-05 5.43e-06    0.154 1.74e-04   0.0
        pipe_add (VX_pipe_register_5_105) 6.80e-03 3.16e-02    1.265 3.97e-02   0.1
          g_shift_register (VX_shift_register_45_0_2_0_105) 6.80e-03 3.16e-02    1.265 3.97e-02   0.1
        adder (addRecFNToRaw_105)      3.57e-02 2.81e-02    4.774 6.86e-02   0.1
          lowMask_far_roundExtraMask (lowMaskHiLo_105) 1.69e-04 2.97e-04 8.09e-02 5.47e-04   0.0
            reverse (reverse_1_105)    7.13e-05 1.45e-04 4.72e-02 2.63e-04   0.0
          compressBy4_far_sigSmaller (compressBy4_105) 6.61e-05 3.65e-04 4.78e-02 4.79e-04   0.0
          countLeadingZeros_close (countLeadingZeros_105) 5.82e-04 5.34e-04    0.163 1.28e-03   0.0
            reverse_in (reverse_107)   3.00e-04 3.69e-04 8.95e-02 7.58e-04   0.0
          compressBy2_close_sigSum (compressBy2_105) 2.49e-04 4.00e-04 6.61e-02 7.15e-04   0.0
          isSigNaN_b (isSigNaNRecFN_1_210) 3.58e-06 8.25e-06 4.15e-03 1.60e-05   0.0
          recFNToRawFN_b (recFNToRawFN_1_224) 1.96e-03 8.95e-04    0.233 3.09e-03   0.0
          isSigNaN_a (isSigNaNRecFN_1_211) 6.72e-06 8.36e-06 4.16e-03 1.92e-05   0.0
          recFNToRawFN_a (recFNToRawFN_1_225) 1.69e-03 8.98e-04    0.233 2.82e-03   0.0
      g_red_tree_1__g_add_1__reduce_add (VX_tcu_bhf_fadd_93) 5.76e-02 7.68e-02    7.793    0.142   0.2
        pipe_rnd (VX_pipe_register_4_196) 3.67e-03 1.29e-02    0.505 1.71e-02   0.0
          g_shift_register (VX_shift_register_38_0_1_0_196) 3.67e-03 1.29e-02    0.505 1.71e-02   0.0
        rounding (roundAnyRawFNToRecFN_1_106) 7.79e-03 3.93e-03    1.246 1.30e-02   0.0
          genblk2_genblk1_lowMask_roundMask (lowMaskLoHi_106) 2.60e-04 1.51e-04    0.303 7.14e-04   0.0
            reverse (reverse_2_106)    1.33e-05 5.42e-06    0.153 1.72e-04   0.0
        pipe_add (VX_pipe_register_5_106) 9.72e-03 3.18e-02    1.266 4.28e-02   0.1
          g_shift_register (VX_shift_register_45_0_2_0_106) 9.72e-03 3.18e-02    1.266 4.28e-02   0.1
        adder (addRecFNToRaw_106)      3.64e-02 2.82e-02    4.777 6.94e-02   0.1
          lowMask_far_roundExtraMask (lowMaskHiLo_106) 1.49e-04 2.72e-04 8.07e-02 5.02e-04   0.0
            reverse (reverse_1_106)    5.79e-05 1.31e-04 4.69e-02 2.35e-04   0.0
          compressBy4_far_sigSmaller (compressBy4_106) 6.04e-05 3.42e-04 4.62e-02 4.49e-04   0.0
          countLeadingZeros_close (countLeadingZeros_106) 5.80e-04 5.21e-04    0.163 1.26e-03   0.0
            reverse_in (reverse_108)   3.11e-04 3.64e-04 8.98e-02 7.65e-04   0.0
          compressBy2_close_sigSum (compressBy2_106) 2.44e-04 3.95e-04 6.62e-02 7.05e-04   0.0
          isSigNaN_b (isSigNaNRecFN_1_212) 7.21e-06 9.49e-06 4.39e-03 2.11e-05   0.0
          recFNToRawFN_b (recFNToRawFN_1_226) 2.35e-03 9.28e-04    0.234 3.51e-03   0.0
          isSigNaN_a (isSigNaNRecFN_1_213) 5.87e-06 9.13e-06 4.37e-03 1.94e-05   0.0
          recFNToRawFN_a (recFNToRawFN_1_227) 1.73e-03 9.22e-04    0.234 2.89e-03   0.0
      g_red_tree_1__g_add_0__reduce_add (VX_tcu_bhf_fadd_94) 5.48e-02 7.66e-02    7.778    0.139   0.2
        pipe_rnd (VX_pipe_register_4_197) 2.66e-03 1.29e-02    0.505 1.60e-02   0.0
          g_shift_register (VX_shift_register_38_0_1_0_197) 2.66e-03 1.29e-02    0.505 1.60e-02   0.0
        rounding (roundAnyRawFNToRecFN_1_107) 6.39e-03 3.87e-03    1.226 1.15e-02   0.0
          genblk2_genblk1_lowMask_roundMask (lowMaskLoHi_107) 2.56e-04 1.49e-04    0.302 7.08e-04   0.0
            reverse (reverse_2_107)    1.35e-05 5.42e-06    0.153 1.72e-04   0.0
        pipe_add (VX_pipe_register_5_107) 8.84e-03 3.17e-02    1.266 4.18e-02   0.1
          g_shift_register (VX_shift_register_45_0_2_0_107) 8.84e-03 3.17e-02    1.266 4.18e-02   0.1
        adder (addRecFNToRaw_107)      3.69e-02 2.81e-02    4.782 6.98e-02   0.1
          lowMask_far_roundExtraMask (lowMaskHiLo_107) 1.40e-04 2.72e-04 8.07e-02 4.92e-04   0.0
            reverse (reverse_1_107)    5.97e-05 1.31e-04 4.69e-02 2.37e-04   0.0
          compressBy4_far_sigSmaller (compressBy4_107) 6.24e-05 3.43e-04 4.62e-02 4.51e-04   0.0
          countLeadingZeros_close (countLeadingZeros_107) 5.66e-04 5.17e-04    0.163 1.25e-03   0.0
            reverse_in (reverse_109)   2.99e-04 3.62e-04 8.98e-02 7.51e-04   0.0
          compressBy2_close_sigSum (compressBy2_107) 2.04e-04 3.92e-04 6.62e-02 6.62e-04   0.0
          isSigNaN_b (isSigNaNRecFN_1_214) 7.50e-06 9.21e-06 4.38e-03 2.11e-05   0.0
          recFNToRawFN_b (recFNToRawFN_1_228) 2.54e-03 9.34e-04    0.234 3.71e-03   0.0
          isSigNaN_a (isSigNaNRecFN_1_215) 6.80e-06 9.42e-06 4.40e-03 2.06e-05   0.0
          recFNToRawFN_a (recFNToRawFN_1_229) 1.58e-03 9.27e-04    0.234 2.74e-03   0.0
      g_red_tree_0__g_add_3__reduce_add (VX_tcu_bhf_fadd_95) 5.16e-02 7.44e-02    7.611    0.134   0.2
        pipe_rnd (VX_pipe_register_4_198) 3.25e-03 1.30e-02    0.505 1.67e-02   0.0
          g_shift_register (VX_shift_register_38_0_1_0_198) 3.25e-03 1.30e-02    0.505 1.67e-02   0.0
        rounding (roundAnyRawFNToRecFN_1_108) 7.03e-03 3.89e-03    1.244 1.22e-02   0.0
          genblk2_genblk1_lowMask_roundMask (lowMaskLoHi_108) 2.46e-04 1.53e-04    0.303 7.03e-04   0.0
            reverse (reverse_2_108)    1.38e-05 5.42e-06    0.153 1.73e-04   0.0
        pipe_add (VX_pipe_register_5_108) 8.95e-03 3.22e-02    1.268 4.24e-02   0.1
          g_shift_register (VX_shift_register_45_0_2_0_108) 8.95e-03 3.22e-02    1.268 4.24e-02   0.1
        adder (addRecFNToRaw_108)      3.24e-02 2.53e-02    4.594 6.23e-02   0.1
          lowMask_far_roundExtraMask (lowMaskHiLo_108) 1.19e-04 2.24e-04 6.92e-02 4.13e-04   0.0
            reverse (reverse_1_108)    5.42e-05 1.09e-04 3.98e-02 2.03e-04   0.0
          compressBy4_far_sigSmaller (compressBy4_108) 4.62e-05 2.46e-04 4.07e-02 3.32e-04   0.0
          countLeadingZeros_close (countLeadingZeros_108) 5.48e-04 5.01e-04    0.157 1.21e-03   0.0
            reverse_in (reverse_110)   2.88e-04 3.03e-04 8.27e-02 6.73e-04   0.0
          compressBy2_close_sigSum (compressBy2_108) 1.55e-04 3.27e-04 6.15e-02 5.44e-04   0.0
          isSigNaN_b (isSigNaNRecFN_1_216) 8.43e-06 1.11e-05 4.88e-03 2.44e-05   0.0
          recFNToRawFN_b (recFNToRawFN_1_230) 2.21e-03 7.55e-04    0.221 3.19e-03   0.0
          isSigNaN_a (isSigNaNRecFN_1_217) 7.05e-06 1.14e-05 4.86e-03 2.33e-05   0.0
          recFNToRawFN_a (recFNToRawFN_1_231) 1.73e-03 7.58e-04    0.221 2.71e-03   0.0
      g_red_tree_0__g_add_2__reduce_add (VX_tcu_bhf_fadd_96) 5.90e-02 7.45e-02    7.632    0.141   0.2
        pipe_rnd (VX_pipe_register_4_199) 4.27e-03 1.30e-02    0.505 1.78e-02   0.0
          g_shift_register (VX_shift_register_38_0_1_0_199) 4.27e-03 1.30e-02    0.505 1.78e-02   0.0
        rounding (roundAnyRawFNToRecFN_1_109) 1.20e-02 4.00e-03    1.283 1.72e-02   0.0
          genblk2_genblk1_lowMask_roundMask (lowMaskLoHi_109) 2.50e-04 1.52e-04    0.303 7.05e-04   0.0
            reverse (reverse_2_109)    1.41e-05 5.42e-06    0.153 1.73e-04   0.0
        pipe_add (VX_pipe_register_5_109) 1.15e-02 3.22e-02    1.268 4.50e-02   0.1
          g_shift_register (VX_shift_register_45_0_2_0_109) 1.15e-02 3.22e-02    1.268 4.50e-02   0.1
        adder (addRecFNToRaw_109)      3.13e-02 2.52e-02    4.576 6.11e-02   0.1
          lowMask_far_roundExtraMask (lowMaskHiLo_109) 1.19e-04 2.26e-04 6.92e-02 4.13e-04   0.0
            reverse (reverse_1_109)    5.53e-05 1.09e-04 3.98e-02 2.05e-04   0.0
          compressBy4_far_sigSmaller (compressBy4_109) 4.83e-05 2.45e-04 4.07e-02 3.34e-04   0.0
          countLeadingZeros_close (countLeadingZeros_109) 5.54e-04 5.04e-04    0.156 1.21e-03   0.0
            reverse_in (reverse_111)   2.91e-04 3.04e-04 8.26e-02 6.78e-04   0.0
          compressBy2_close_sigSum (compressBy2_109) 1.74e-04 3.29e-04 6.15e-02 5.65e-04   0.0
          isSigNaN_b (isSigNaNRecFN_1_218) 9.72e-06 1.12e-05 4.88e-03 2.58e-05   0.0
          recFNToRawFN_b (recFNToRawFN_1_232) 2.17e-03 7.53e-04    0.221 3.14e-03   0.0
          isSigNaN_a (isSigNaNRecFN_1_219) 7.92e-06 1.10e-05 4.84e-03 2.38e-05   0.0
          recFNToRawFN_a (recFNToRawFN_1_233) 1.77e-03 7.52e-04    0.221 2.75e-03   0.0
      g_red_tree_0__g_add_1__reduce_add (VX_tcu_bhf_fadd_97) 6.66e-02 7.45e-02    7.647    0.149   0.2
        pipe_rnd (VX_pipe_register_4_200) 5.43e-03 1.30e-02    0.505 1.90e-02   0.0
          g_shift_register (VX_shift_register_38_0_1_0_200) 5.43e-03 1.30e-02    0.505 1.90e-02   0.0
        rounding (roundAnyRawFNToRecFN_1_110) 1.22e-02 4.00e-03    1.292 1.75e-02   0.0
          genblk2_genblk1_lowMask_roundMask (lowMaskLoHi_110) 2.60e-04 1.53e-04    0.304 7.17e-04   0.0
            reverse (reverse_2_110)    1.36e-05 5.42e-06    0.153 1.72e-04   0.0
        pipe_add (VX_pipe_register_5_110) 1.71e-02 3.23e-02    1.268 5.06e-02   0.1
          g_shift_register (VX_shift_register_45_0_2_0_110) 1.71e-02 3.23e-02    1.268 5.06e-02   0.1
        adder (addRecFNToRaw_110)      3.18e-02 2.52e-02    4.581 6.16e-02   0.1
          lowMask_far_roundExtraMask (lowMaskHiLo_110) 1.22e-04 2.23e-04 6.92e-02 4.14e-04   0.0
            reverse (reverse_1_110)    5.80e-05 1.08e-04 3.99e-02 2.06e-04   0.0
          compressBy4_far_sigSmaller (compressBy4_110) 4.12e-05 2.44e-04 4.08e-02 3.26e-04   0.0
          countLeadingZeros_close (countLeadingZeros_110) 5.50e-04 5.02e-04    0.156 1.21e-03   0.0
            reverse_in (reverse_112)   2.83e-04 3.03e-04 8.26e-02 6.68e-04   0.0
          compressBy2_close_sigSum (compressBy2_110) 1.43e-04 3.27e-04 6.15e-02 5.31e-04   0.0
          isSigNaN_b (isSigNaNRecFN_1_220) 7.13e-06 1.09e-05 4.89e-03 2.29e-05   0.0
          recFNToRawFN_b (recFNToRawFN_1_234) 2.34e-03 7.54e-04    0.221 3.31e-03   0.0
          isSigNaN_a (isSigNaNRecFN_1_221) 5.41e-06 1.08e-05 4.85e-03 2.11e-05   0.0
          recFNToRawFN_a (recFNToRawFN_1_235) 1.72e-03 7.47e-04    0.221 2.69e-03   0.0
      g_red_tree_0__g_add_0__reduce_add (VX_tcu_bhf_fadd_98) 4.72e-02 7.41e-02    7.591    0.129   0.2
        pipe_rnd (VX_pipe_register_4_201) 2.37e-03 1.29e-02    0.505 1.58e-02   0.0
          g_shift_register (VX_shift_register_38_0_1_0_201) 2.37e-03 1.29e-02    0.505 1.58e-02   0.0
        rounding (roundAnyRawFNToRecFN_1_111) 6.15e-03 3.83e-03    1.232 1.12e-02   0.0
          genblk2_genblk1_lowMask_roundMask (lowMaskLoHi_111) 2.45e-04 1.51e-04    0.303 6.99e-04   0.0
            reverse (reverse_2_111)    1.34e-05 5.42e-06    0.153 1.72e-04   0.0
        pipe_add (VX_pipe_register_5_111) 7.12e-03 3.22e-02    1.268 4.05e-02   0.1
          g_shift_register (VX_shift_register_45_0_2_0_111) 7.12e-03 3.22e-02    1.268 4.05e-02   0.1
        adder (addRecFNToRaw_111)      3.16e-02 2.52e-02    4.585 6.13e-02   0.1
          lowMask_far_roundExtraMask (lowMaskHiLo_111) 1.20e-04 2.25e-04 6.92e-02 4.14e-04   0.0
            reverse (reverse_1_111)    5.38e-05 1.09e-04 3.98e-02 2.03e-04   0.0
          compressBy4_far_sigSmaller (compressBy4_111) 4.80e-05 2.45e-04 4.07e-02 3.34e-04   0.0
          countLeadingZeros_close (countLeadingZeros_111) 5.48e-04 5.02e-04    0.157 1.21e-03   0.0
            reverse_in (reverse_113)   2.87e-04 3.03e-04 8.27e-02 6.72e-04   0.0
          compressBy2_close_sigSum (compressBy2_111) 1.62e-04 3.27e-04 6.15e-02 5.50e-04   0.0
          isSigNaN_b (isSigNaNRecFN_1_222) 1.00e-05 1.10e-05 4.86e-03 2.59e-05   0.0
          recFNToRawFN_b (recFNToRawFN_1_236) 1.98e-03 7.53e-04    0.221 2.95e-03   0.0
          isSigNaN_a (isSigNaNRecFN_1_223) 8.11e-06 1.14e-05 4.88e-03 2.43e-05   0.0
          recFNToRawFN_a (recFNToRawFN_1_237) 1.72e-03 7.53e-04    0.221 2.70e-03   0.0
      g_prod_7__pipe_mult (VX_pipe_register_1_104) 2.74e-03 1.16e-02    0.477 1.48e-02   0.0
        g_shift_register (VX_shift_register_33_0_1_0_104) 2.74e-03 1.16e-02    0.477 1.48e-02   0.0
      g_prod_7__fp16_mul (VX_tcu_bhf_fmul_104) 2.39e-02 4.90e-02    5.429 7.83e-02   0.1
        pipe_rnd (VX_pipe_register_4_202) 3.78e-03 1.16e-02    0.477 1.58e-02   0.0
          g_shift_register (VX_shift_register_38_0_1_0_202) 3.78e-03 1.16e-02    0.477 1.58e-02   0.0
        rounding (roundAnyRawFNToRecFN_105) 1.83e-03 1.11e-03    0.275 3.22e-03   0.0
        pipe_add (VX_pipe_register_3_104) 5.33e-03 2.46e-02    1.028 3.10e-02   0.0
          g_shift_register (VX_shift_register_37_0_2_0_104) 5.33e-03 2.46e-02    1.028 3.10e-02   0.0
        multiplier (mulRecFNToFullRaw_104) 1.16e-02 1.08e-02    3.022 2.54e-02   0.0
          isSigNaN_b (isSigNaNRecFN_209) 5.73e-06 8.86e-06 4.66e-03 1.93e-05   0.0
          recFNToRawFN_b (recFNToRawFN_209) 6.51e-04 2.23e-04    0.129 1.00e-03   0.0
          isSigNaN_a (isSigNaNRecFN_210) 3.86e-06 7.24e-06 4.69e-03 1.58e-05   0.0
          recFNToRawFN_a (recFNToRawFN_210) 3.83e-04 1.67e-04    0.129 6.78e-04   0.0
        g_in_ieee_from_ieee_b (fNToRecFN_1_208) 6.99e-04 5.33e-04    0.314 1.55e-03   0.0
          clz (bsg_counting_leading_zeros_1_208) 1.22e-04 9.28e-05 6.85e-02 2.83e-04   0.0
            lzc (VX_lzc_1_208)         1.22e-04 9.28e-05 6.85e-02 2.83e-04   0.0
              g_lzc_find_first (VX_find_first_10_4_1_208) 5.54e-05 7.31e-05 5.56e-02 1.84e-04   0.0
        g_in_ieee_from_ieee_a (fNToRecFN_1_209) 6.16e-04 3.95e-04    0.314 1.32e-03   0.0
          clz (bsg_counting_leading_zeros_1_209) 8.86e-05 6.67e-05 6.83e-02 2.24e-04   0.0
            lzc (VX_lzc_1_209)         8.86e-05 6.67e-05 6.83e-02 2.24e-04   0.0
              g_lzc_find_first (VX_find_first_10_4_1_209) 3.89e-05 5.18e-05 5.55e-02 1.46e-04   0.0
      g_prod_6__pipe_mult (VX_pipe_register_1_105) 2.49e-03 1.16e-02    0.477 1.45e-02   0.0
        g_shift_register (VX_shift_register_33_0_1_0_105) 2.49e-03 1.16e-02    0.477 1.45e-02   0.0
      g_prod_6__fp16_mul (VX_tcu_bhf_fmul_105) 2.15e-02 4.91e-02    5.426 7.60e-02   0.1
        pipe_rnd (VX_pipe_register_4_203) 2.67e-03 1.16e-02    0.477 1.47e-02   0.0
          g_shift_register (VX_shift_register_38_0_1_0_203) 2.67e-03 1.16e-02    0.477 1.47e-02   0.0
        rounding (roundAnyRawFNToRecFN_106) 9.27e-04 1.10e-03    0.272 2.30e-03   0.0
        pipe_add (VX_pipe_register_3_105) 5.05e-03 2.46e-02    1.028 3.07e-02   0.0
          g_shift_register (VX_shift_register_37_0_2_0_105) 5.05e-03 2.46e-02    1.028 3.07e-02   0.0
        multiplier (mulRecFNToFullRaw_105) 1.15e-02 1.09e-02    3.024 2.54e-02   0.0
          isSigNaN_b (isSigNaNRecFN_211) 5.24e-06 8.78e-06 4.66e-03 1.87e-05   0.0
          recFNToRawFN_b (recFNToRawFN_211) 7.21e-04 2.23e-04    0.129 1.07e-03   0.0
          isSigNaN_a (isSigNaNRecFN_212) 3.94e-06 7.33e-06 4.69e-03 1.60e-05   0.0
          recFNToRawFN_a (recFNToRawFN_212) 3.89e-04 1.68e-04    0.129 6.86e-04   0.0
        g_in_ieee_from_ieee_b (fNToRecFN_1_210) 6.46e-04 5.25e-04    0.312 1.48e-03   0.0
          clz (bsg_counting_leading_zeros_1_210) 1.18e-04 9.02e-05 6.84e-02 2.77e-04   0.0
            lzc (VX_lzc_1_210)         1.18e-04 9.02e-05 6.84e-02 2.77e-04   0.0
              g_lzc_find_first (VX_find_first_10_4_1_210) 5.37e-05 7.10e-05 5.56e-02 1.80e-04   0.0
        g_in_ieee_from_ieee_a (fNToRecFN_1_211) 6.78e-04 4.03e-04    0.313 1.39e-03   0.0
          clz (bsg_counting_leading_zeros_1_211) 9.50e-05 6.90e-05 6.83e-02 2.32e-04   0.0
            lzc (VX_lzc_1_211)         9.50e-05 6.90e-05 6.83e-02 2.32e-04   0.0
              g_lzc_find_first (VX_find_first_10_4_1_211) 4.08e-05 5.34e-05 5.55e-02 1.50e-04   0.0
      g_prod_5__pipe_mult (VX_pipe_register_1_106) 3.21e-03 1.16e-02    0.477 1.53e-02   0.0
        g_shift_register (VX_shift_register_33_0_1_0_106) 3.21e-03 1.16e-02    0.477 1.53e-02   0.0
      g_prod_5__fp16_mul (VX_tcu_bhf_fmul_106) 2.16e-02 4.90e-02    5.426 7.61e-02   0.1
        pipe_rnd (VX_pipe_register_4_204) 2.59e-03 1.16e-02    0.477 1.46e-02   0.0
          g_shift_register (VX_shift_register_38_0_1_0_204) 2.59e-03 1.16e-02    0.477 1.46e-02   0.0
        rounding (roundAnyRawFNToRecFN_107) 2.07e-03 1.12e-03    0.272 3.47e-03   0.0
        pipe_add (VX_pipe_register_3_106) 4.47e-03 2.46e-02    1.028 3.01e-02   0.0
          g_shift_register (VX_shift_register_37_0_2_0_106) 4.47e-03 2.46e-02    1.028 3.01e-02   0.0
        multiplier (mulRecFNToFullRaw_106) 1.12e-02 1.08e-02    3.023 2.50e-02   0.0
          isSigNaN_b (isSigNaNRecFN_213) 5.82e-06 8.96e-06 4.70e-03 1.95e-05   0.0
          recFNToRawFN_b (recFNToRawFN_213) 7.02e-04 2.24e-04    0.129 1.06e-03   0.0
          isSigNaN_a (isSigNaNRecFN_214) 6.10e-06 7.35e-06 4.69e-03 1.81e-05   0.0
          recFNToRawFN_a (recFNToRawFN_214) 4.17e-04 1.68e-04    0.129 7.14e-04   0.0
        g_in_ieee_from_ieee_b (fNToRecFN_1_212) 6.43e-04 5.29e-04    0.311 1.48e-03   0.0
          clz (bsg_counting_leading_zeros_1_212) 1.20e-04 9.17e-05 6.83e-02 2.80e-04   0.0
            lzc (VX_lzc_1_212)         1.20e-04 9.17e-05 6.83e-02 2.80e-04   0.0
              g_lzc_find_first (VX_find_first_10_4_1_212) 5.55e-05 7.24e-05 5.55e-02 1.83e-04   0.0
        g_in_ieee_from_ieee_a (fNToRecFN_1_213) 6.62e-04 4.02e-04    0.313 1.38e-03   0.0
          clz (bsg_counting_leading_zeros_1_213) 9.37e-05 6.94e-05 6.84e-02 2.32e-04   0.0
            lzc (VX_lzc_1_213)         9.37e-05 6.94e-05 6.84e-02 2.32e-04   0.0
              g_lzc_find_first (VX_find_first_10_4_1_213) 4.04e-05 5.39e-05 5.55e-02 1.50e-04   0.0
      g_prod_4__pipe_mult (VX_pipe_register_1_107) 3.11e-03 1.16e-02    0.477 1.52e-02   0.0
        g_shift_register (VX_shift_register_33_0_1_0_107) 3.11e-03 1.16e-02    0.477 1.52e-02   0.0
      g_prod_4__fp16_mul (VX_tcu_bhf_fmul_107) 2.11e-02 4.90e-02    5.425 7.55e-02   0.1
        pipe_rnd (VX_pipe_register_4_205) 2.82e-03 1.16e-02    0.477 1.49e-02   0.0
          g_shift_register (VX_shift_register_38_0_1_0_205) 2.82e-03 1.16e-02    0.477 1.49e-02   0.0
        rounding (roundAnyRawFNToRecFN_108) 1.54e-03 1.12e-03    0.273 2.94e-03   0.0
        pipe_add (VX_pipe_register_3_107) 4.78e-03 2.46e-02    1.028 3.04e-02   0.0
          g_shift_register (VX_shift_register_37_0_2_0_107) 4.78e-03 2.46e-02    1.028 3.04e-02   0.0
        multiplier (mulRecFNToFullRaw_107) 1.07e-02 1.08e-02    3.022 2.45e-02   0.0
          isSigNaN_b (isSigNaNRecFN_215) 1.05e-05 9.45e-06 4.68e-03 2.47e-05   0.0
          recFNToRawFN_b (recFNToRawFN_215) 8.33e-04 2.26e-04    0.129 1.19e-03   0.0
          isSigNaN_a (isSigNaNRecFN_216) 4.20e-06 7.31e-06 4.72e-03 1.62e-05   0.0
          recFNToRawFN_a (recFNToRawFN_216) 3.08e-04 1.66e-04    0.129 6.03e-04   0.0
        g_in_ieee_from_ieee_b (fNToRecFN_1_214) 7.51e-04 5.33e-04    0.313 1.60e-03   0.0
          clz (bsg_counting_leading_zeros_1_214) 1.21e-04 9.13e-05 6.83e-02 2.81e-04   0.0
            lzc (VX_lzc_1_214)         1.21e-04 9.13e-05 6.83e-02 2.81e-04   0.0
              g_lzc_find_first (VX_find_first_10_4_1_214) 5.45e-05 7.18e-05 5.54e-02 1.82e-04   0.0
        g_in_ieee_from_ieee_a (fNToRecFN_1_215) 5.18e-04 3.98e-04    0.311 1.23e-03   0.0
          clz (bsg_counting_leading_zeros_1_215) 9.45e-05 6.95e-05 6.86e-02 2.33e-04   0.0
            lzc (VX_lzc_1_215)         6.56e-05 6.09e-05 6.21e-02 1.89e-04   0.0
              g_lzc_find_first (VX_find_first_10_4_1_215) 4.16e-05 5.41e-05 5.57e-02 1.51e-04   0.0
      g_prod_3__pipe_mult (VX_pipe_register_1_108) 3.05e-03 1.16e-02    0.477 1.51e-02   0.0
        g_shift_register (VX_shift_register_33_0_1_0_108) 3.05e-03 1.16e-02    0.477 1.51e-02   0.0
      g_prod_3__fp16_mul (VX_tcu_bhf_fmul_108) 2.11e-02 4.90e-02    5.411 7.55e-02   0.1
        pipe_rnd (VX_pipe_register_4_206) 2.82e-03 1.16e-02    0.477 1.49e-02   0.0
          g_shift_register (VX_shift_register_38_0_1_0_206) 2.82e-03 1.16e-02    0.477 1.49e-02   0.0
        rounding (roundAnyRawFNToRecFN_109) 1.05e-03 1.10e-03    0.272 2.42e-03   0.0
        pipe_add (VX_pipe_register_3_108) 4.46e-03 2.46e-02    1.028 3.01e-02   0.0
          g_shift_register (VX_shift_register_37_0_2_0_108) 4.46e-03 2.46e-02    1.028 3.01e-02   0.0
        multiplier (mulRecFNToFullRaw_108) 1.15e-02 1.08e-02    3.008 2.53e-02   0.0
          isSigNaN_b (isSigNaNRecFN_217) 6.57e-06 8.84e-06 4.66e-03 2.01e-05   0.0
          recFNToRawFN_b (recFNToRawFN_217) 6.98e-04 2.22e-04    0.129 1.05e-03   0.0
          isSigNaN_a (isSigNaNRecFN_218) 8.49e-06 7.12e-06 4.66e-03 2.03e-05   0.0
          recFNToRawFN_a (recFNToRawFN_218) 3.47e-04 1.67e-04    0.129 6.44e-04   0.0
        g_in_ieee_from_ieee_b (fNToRecFN_1_216) 7.03e-04 5.28e-04    0.313 1.54e-03   0.0
          clz (bsg_counting_leading_zeros_1_216) 1.18e-04 9.10e-05 6.83e-02 2.77e-04   0.0
            lzc (VX_lzc_1_216)         1.18e-04 9.10e-05 6.83e-02 2.77e-04   0.0
              g_lzc_find_first (VX_find_first_10_4_1_216) 5.25e-05 7.15e-05 5.54e-02 1.79e-04   0.0
        g_in_ieee_from_ieee_a (fNToRecFN_1_217) 5.46e-04 4.01e-04    0.312 1.26e-03   0.0
          clz (bsg_counting_leading_zeros_1_217) 9.48e-05 6.98e-05 6.83e-02 2.33e-04   0.0
            lzc (VX_lzc_1_217)         6.46e-05 6.10e-05 6.18e-02 1.87e-04   0.0
              g_lzc_find_first (VX_find_first_10_4_1_217) 4.11e-05 5.40e-05 5.54e-02 1.51e-04   0.0
      g_prod_2__pipe_mult (VX_pipe_register_1_109) 3.52e-03 1.16e-02    0.477 1.56e-02   0.0
        g_shift_register (VX_shift_register_33_0_1_0_109) 3.52e-03 1.16e-02    0.477 1.56e-02   0.0
      g_prod_2__fp16_mul (VX_tcu_bhf_fmul_109) 2.03e-02 4.89e-02    5.410 7.46e-02   0.1
        pipe_rnd (VX_pipe_register_4_207) 2.68e-03 1.16e-02    0.477 1.47e-02   0.0
          g_shift_register (VX_shift_register_38_0_1_0_207) 2.68e-03 1.16e-02    0.477 1.47e-02   0.0
        rounding (roundAnyRawFNToRecFN_110) 1.15e-03 1.11e-03    0.271 2.53e-03   0.0
        pipe_add (VX_pipe_register_3_109) 4.37e-03 2.46e-02    1.028 3.00e-02   0.0
          g_shift_register (VX_shift_register_37_0_2_0_109) 4.37e-03 2.46e-02    1.028 3.00e-02   0.0
        multiplier (mulRecFNToFullRaw_109) 1.09e-02 1.07e-02    3.008 2.46e-02   0.0
          isSigNaN_b (isSigNaNRecFN_219) 5.83e-06 9.09e-06 4.68e-03 1.96e-05   0.0
          recFNToRawFN_b (recFNToRawFN_219) 6.84e-04 2.21e-04    0.129 1.04e-03   0.0
          isSigNaN_a (isSigNaNRecFN_220) 7.55e-06 7.20e-06 4.74e-03 1.95e-05   0.0
          recFNToRawFN_a (recFNToRawFN_220) 3.45e-04 1.66e-04    0.129 6.40e-04   0.0
        g_in_ieee_from_ieee_b (fNToRecFN_1_218) 6.54e-04 5.25e-04    0.312 1.49e-03   0.0
          clz (bsg_counting_leading_zeros_1_218) 1.20e-04 9.11e-05 6.83e-02 2.79e-04   0.0
            lzc (VX_lzc_1_218)         5.48e-05 7.18e-05 5.55e-02 1.82e-04   0.0
              g_lzc_find_first (VX_find_first_10_4_1_218) 5.48e-05 7.18e-05 5.55e-02 1.82e-04   0.0
        g_in_ieee_from_ieee_a (fNToRecFN_1_219) 5.65e-04 4.01e-04    0.313 1.28e-03   0.0
          clz (bsg_counting_leading_zeros_1_219) 9.56e-05 6.94e-05 6.85e-02 2.34e-04   0.0
            lzc (VX_lzc_1_219)         9.56e-05 6.94e-05 6.85e-02 2.34e-04   0.0
              g_lzc_find_first (VX_find_first_10_4_1_219) 4.18e-05 5.38e-05 5.56e-02 1.51e-04   0.0
      g_prod_1__pipe_mult (VX_pipe_register_1_110) 2.47e-03 1.16e-02    0.477 1.45e-02   0.0
        g_shift_register (VX_shift_register_33_0_1_0_110) 2.47e-03 1.16e-02    0.477 1.45e-02   0.0
      g_prod_1__fp16_mul (VX_tcu_bhf_fmul_110) 2.21e-02 4.90e-02    5.450 7.66e-02   0.1
        pipe_rnd (VX_pipe_register_4_208) 2.15e-03 1.16e-02    0.477 1.42e-02   0.0
          g_shift_register (VX_shift_register_38_0_1_0_208) 2.15e-03 1.16e-02    0.477 1.42e-02   0.0
        rounding (roundAnyRawFNToRecFN_111) 1.17e-03 1.11e-03    0.273 2.55e-03   0.0
        pipe_add (VX_pipe_register_3_110) 4.93e-03 2.46e-02    1.028 3.06e-02   0.0
          g_shift_register (VX_shift_register_37_0_2_0_110) 4.93e-03 2.46e-02    1.028 3.06e-02   0.0
        multiplier (mulRecFNToFullRaw_110) 1.15e-02 1.08e-02    3.023 2.53e-02   0.0
          isSigNaN_b (isSigNaNRecFN_221) 4.68e-06 8.90e-06 4.63e-03 1.82e-05   0.0
          recFNToRawFN_b (recFNToRawFN_221) 6.88e-04 2.22e-04    0.129 1.04e-03   0.0
          isSigNaN_a (isSigNaNRecFN_222) 6.15e-06 7.63e-06 4.71e-03 1.85e-05   0.0
          recFNToRawFN_a (recFNToRawFN_222) 1.14e-03 1.83e-04    0.129 1.45e-03   0.0
        g_in_ieee_from_ieee_b (fNToRecFN_1_220) 6.64e-04 5.23e-04    0.314 1.50e-03   0.0
          clz (bsg_counting_leading_zeros_1_220) 1.21e-04 9.03e-05 6.83e-02 2.79e-04   0.0
            lzc (VX_lzc_1_220)         1.21e-04 9.03e-05 6.83e-02 2.79e-04   0.0
              g_lzc_find_first (VX_find_first_10_4_1_220) 5.52e-05 7.12e-05 5.55e-02 1.82e-04   0.0
        g_in_ieee_from_ieee_a (fNToRecFN_1_221) 1.70e-03 4.20e-04    0.335 2.45e-03   0.0
          clz (bsg_counting_leading_zeros_1_221) 9.32e-05 6.86e-05 6.84e-02 2.30e-04   0.0
            lzc (VX_lzc_1_221)         9.32e-05 6.86e-05 6.84e-02 2.30e-04   0.0
              g_lzc_find_first (VX_find_first_10_4_1_221) 4.03e-05 5.34e-05 5.55e-02 1.49e-04   0.0
      g_prod_0__pipe_mult (VX_pipe_register_1_111) 2.31e-03 1.16e-02    0.477 1.43e-02   0.0
        g_shift_register (VX_shift_register_33_0_1_0_111) 2.31e-03 1.16e-02    0.477 1.43e-02   0.0
      g_prod_0__fp16_mul (VX_tcu_bhf_fmul_111) 2.15e-02 4.89e-02    5.426 7.58e-02   0.1
        pipe_rnd (VX_pipe_register_4_209) 2.23e-03 1.15e-02    0.477 1.43e-02   0.0
          g_shift_register (VX_shift_register_38_0_1_0_209) 2.23e-03 1.15e-02    0.477 1.43e-02   0.0
        rounding (roundAnyRawFNToRecFN_112) 2.07e-03 1.11e-03    0.273 3.45e-03   0.0
        pipe_add (VX_pipe_register_3_111) 4.93e-03 2.46e-02    1.028 3.06e-02   0.0
          g_shift_register (VX_shift_register_37_0_2_0_111) 4.93e-03 2.46e-02    1.028 3.06e-02   0.0
        multiplier (mulRecFNToFullRaw_111) 1.09e-02 1.08e-02    3.022 2.47e-02   0.0
          isSigNaN_b (isSigNaNRecFN_223) 6.11e-06 9.17e-06 4.72e-03 2.00e-05   0.0
          recFNToRawFN_b (recFNToRawFN_223) 6.62e-04 2.23e-04    0.129 1.01e-03   0.0
          isSigNaN_a (isSigNaNRecFN_224) 3.79e-06 7.25e-06 4.74e-03 1.58e-05   0.0
          recFNToRawFN_a (recFNToRawFN_224) 3.60e-04 1.66e-04    0.129 6.55e-04   0.0
        g_in_ieee_from_ieee_b (fNToRecFN_1_222) 7.01e-04 5.27e-04    0.313 1.54e-03   0.0
          clz (bsg_counting_leading_zeros_1_222) 1.18e-04 8.98e-05 6.83e-02 2.77e-04   0.0
            lzc (VX_lzc_1_222)         1.18e-04 8.98e-05 6.83e-02 2.77e-04   0.0
              g_lzc_find_first (VX_find_first_10_4_1_222) 5.22e-05 7.06e-05 5.55e-02 1.78e-04   0.0
        g_in_ieee_from_ieee_a (fNToRecFN_1_223) 6.19e-04 3.99e-04    0.313 1.33e-03   0.0
          clz (bsg_counting_leading_zeros_1_223) 9.23e-05 6.84e-05 6.84e-02 2.29e-04   0.0
            lzc (VX_lzc_1_223)         9.23e-05 6.84e-05 6.84e-02 2.29e-04   0.0
              g_lzc_find_first (VX_find_first_10_4_1_223) 3.99e-05 5.29e-05 5.55e-02 1.48e-04   0.0
    g_i_4__g_j_2__genblk1_u_buffer_ex (VX_pipe_register_19) 1.61e-02 9.43e-02    4.324    0.115   0.2
      g_shift_register (VX_shift_register_582_0_1_0_13) 1.61e-02 9.43e-02    4.324    0.115   0.2
    g_i_4__g_j_1__fedp (VX_tcu_fedp_bhf_14)    0.692    1.218  116.856    2.027   2.8
      final_add (VX_tcu_bhf_fadd_1_14) 5.41e-02 6.72e-02    8.538    0.130   0.2
        pipe_rnd (VX_pipe_register_6_14) 7.63e-03 1.15e-02    0.490 1.96e-02   0.0
          g_shift_register (VX_shift_register_37_0_1_0_14) 7.63e-03 1.15e-02    0.490 1.96e-02   0.0
        g_out_ieee_to_ieee (recFNToFN_14) 5.95e-03 2.99e-03    0.799 9.74e-03   0.0
          recFNToRawFN (recFNToRawFN_1_238) 1.52e-03 8.10e-04    0.232 2.56e-03   0.0
        rounding (roundAnyRawFNToRecFN_1_112) 8.09e-03 2.97e-03    1.218 1.23e-02   0.0
          genblk2_genblk1_lowMask_roundMask (lowMaskLoHi_112) 2.48e-04 1.38e-04    0.302 6.88e-04   0.0
            reverse (reverse_2_112)    5.74e-06 2.28e-06    0.153 1.62e-04   0.0
        pipe_add (VX_pipe_register_5_112) 7.34e-03 3.05e-02    1.265 3.91e-02   0.1
          g_shift_register (VX_shift_register_45_0_2_0_112) 7.34e-03 3.05e-02    1.265 3.91e-02   0.1
        adder (addRecFNToRaw_112)      2.50e-02 1.92e-02    4.758 4.90e-02   0.1
          lowMask_far_roundExtraMask (lowMaskHiLo_112) 4.47e-05 8.14e-05 8.05e-02 2.07e-04   0.0
            reverse (reverse_1_112)    2.15e-05 3.85e-05 5.04e-02 1.10e-04   0.0
          compressBy4_far_sigSmaller (compressBy4_112) 6.97e-05 1.85e-04 4.51e-02 3.00e-04   0.0
          countLeadingZeros_close (countLeadingZeros_112) 5.35e-04 4.56e-04    0.163 1.15e-03   0.0
            reverse_in (reverse_114)   2.67e-04 3.11e-04 9.01e-02 6.68e-04   0.0
          compressBy2_close_sigSum (compressBy2_112) 1.59e-04 3.36e-04 6.59e-02 5.61e-04   0.0
          isSigNaN_b (isSigNaNRecFN_1_224) 3.59e-06 5.46e-06 4.59e-03 1.36e-05   0.0
          recFNToRawFN_b (recFNToRawFN_1_239) 6.24e-04 2.76e-04    0.236 1.14e-03   0.0
          isSigNaN_a (isSigNaNRecFN_1_225) 6.76e-06 1.27e-05 4.73e-03 2.42e-05   0.0
          recFNToRawFN_a (recFNToRawFN_1_240) 1.59e-03 8.06e-04    0.232 2.62e-03   0.0
      pipe_c (VX_pipe_register_2_14)   1.92e-02    0.139    6.433    0.165   0.2
        g_shift_register (VX_shift_register_33_0_13_0_14) 1.92e-02    0.139    6.433    0.165   0.2
      conv_c (fNToRecFN_15)            1.73e-03 9.26e-04    0.757 3.42e-03   0.0
        clz (bsg_counting_leading_zeros_15) 1.11e-04 1.11e-04    0.119 3.42e-04   0.0
          lzc (VX_lzc_15)              1.11e-04 1.11e-04    0.119 3.42e-04   0.0
            g_lzc_find_first (VX_find_first_23_5_1_14) 9.85e-05 1.08e-04    0.107 3.13e-04   0.0
      g_red_tree_2__g_add_0__reduce_add (VX_tcu_bhf_fadd_99) 5.45e-02 7.59e-02    7.755    0.138   0.2
        pipe_rnd (VX_pipe_register_4_210) 3.44e-03 1.26e-02    0.504 1.65e-02   0.0
          g_shift_register (VX_shift_register_38_0_1_0_210) 3.44e-03 1.26e-02    0.504 1.65e-02   0.0
        rounding (roundAnyRawFNToRecFN_1_113) 6.33e-03 3.66e-03    1.216 1.12e-02   0.0
          genblk2_genblk1_lowMask_roundMask (lowMaskLoHi_113) 2.63e-04 1.44e-04    0.302 7.08e-04   0.0
            reverse (reverse_2_113)    1.41e-05 5.42e-06    0.154 1.73e-04   0.0
        pipe_add (VX_pipe_register_5_113) 7.89e-03 3.16e-02    1.265 4.07e-02   0.1
          g_shift_register (VX_shift_register_45_0_2_0_113) 7.89e-03 3.16e-02    1.265 4.07e-02   0.1
        adder (addRecFNToRaw_113)      3.69e-02 2.80e-02    4.771 6.97e-02   0.1
          lowMask_far_roundExtraMask (lowMaskHiLo_113) 1.62e-04 2.96e-04 8.09e-02 5.39e-04   0.0
            reverse (reverse_1_113)    6.88e-05 1.45e-04 4.72e-02 2.61e-04   0.0
          compressBy4_far_sigSmaller (compressBy4_113) 7.78e-05 3.65e-04 4.79e-02 4.90e-04   0.0
          countLeadingZeros_close (countLeadingZeros_113) 5.95e-04 5.32e-04    0.163 1.29e-03   0.0
            reverse_in (reverse_115)   3.14e-04 3.68e-04 8.95e-02 7.72e-04   0.0
          compressBy2_close_sigSum (compressBy2_113) 2.43e-04 3.99e-04 6.61e-02 7.09e-04   0.0
          isSigNaN_b (isSigNaNRecFN_1_226) 3.45e-06 8.24e-06 4.17e-03 1.59e-05   0.0
          recFNToRawFN_b (recFNToRawFN_1_241) 2.28e-03 8.96e-04    0.233 3.41e-03   0.0
          isSigNaN_a (isSigNaNRecFN_1_227) 5.08e-06 8.45e-06 4.17e-03 1.77e-05   0.0
          recFNToRawFN_a (recFNToRawFN_1_242) 1.94e-03 9.18e-04    0.233 3.09e-03   0.0
      g_red_tree_1__g_add_1__reduce_add (VX_tcu_bhf_fadd_100) 5.54e-02 7.65e-02    7.770    0.140   0.2
        pipe_rnd (VX_pipe_register_4_211) 2.82e-03 1.29e-02    0.505 1.62e-02   0.0
          g_shift_register (VX_shift_register_38_0_1_0_211) 2.82e-03 1.29e-02    0.505 1.62e-02   0.0
        rounding (roundAnyRawFNToRecFN_1_114) 6.83e-03 3.87e-03    1.222 1.19e-02   0.0
          genblk2_genblk1_lowMask_roundMask (lowMaskLoHi_114) 2.51e-04 1.49e-04    0.302 7.02e-04   0.0
            reverse (reverse_2_114)    1.43e-05 5.42e-06    0.153 1.73e-04   0.0
        pipe_add (VX_pipe_register_5_114) 9.45e-03 3.17e-02    1.265 4.25e-02   0.1
          g_shift_register (VX_shift_register_45_0_2_0_114) 9.45e-03 3.17e-02    1.265 4.25e-02   0.1
        adder (addRecFNToRaw_114)      3.63e-02 2.81e-02    4.779 6.91e-02   0.1
          lowMask_far_roundExtraMask (lowMaskHiLo_114) 1.85e-04 2.72e-04 8.07e-02 5.37e-04   0.0
            reverse (reverse_1_114)    9.63e-05 1.31e-04 4.69e-02 2.74e-04   0.0
          compressBy4_far_sigSmaller (compressBy4_114) 6.57e-05 3.41e-04 4.63e-02 4.53e-04   0.0
          countLeadingZeros_close (countLeadingZeros_114) 5.85e-04 5.21e-04    0.163 1.27e-03   0.0
            reverse_in (reverse_116)   3.06e-04 3.64e-04 8.98e-02 7.60e-04   0.0
          compressBy2_close_sigSum (compressBy2_114) 1.78e-04 3.93e-04 6.62e-02 6.37e-04   0.0
          isSigNaN_b (isSigNaNRecFN_1_228) 4.64e-06 9.60e-06 4.38e-03 1.86e-05   0.0
          recFNToRawFN_b (recFNToRawFN_1_243) 2.05e-03 9.28e-04    0.234 3.22e-03   0.0
          isSigNaN_a (isSigNaNRecFN_1_229) 8.31e-06 9.27e-06 4.38e-03 2.20e-05   0.0
          recFNToRawFN_a (recFNToRawFN_1_244) 1.38e-03 9.11e-04    0.234 2.52e-03   0.0
      g_red_tree_1__g_add_0__reduce_add (VX_tcu_bhf_fadd_101) 6.63e-02 7.68e-02    7.820    0.151   0.2
        pipe_rnd (VX_pipe_register_4_212) 6.60e-03 1.29e-02    0.505 2.00e-02   0.0
          g_shift_register (VX_shift_register_38_0_1_0_212) 6.60e-03 1.29e-02    0.505 2.00e-02   0.0
        rounding (roundAnyRawFNToRecFN_1_115) 1.07e-02 4.00e-03    1.268 1.60e-02   0.0
          genblk2_genblk1_lowMask_roundMask (lowMaskLoHi_115) 2.51e-04 1.51e-04    0.302 7.05e-04   0.0
            reverse (reverse_2_115)    1.53e-05 5.44e-06    0.153 1.74e-04   0.0
        pipe_add (VX_pipe_register_5_115) 1.17e-02 3.18e-02    1.265 4.48e-02   0.1
          g_shift_register (VX_shift_register_45_0_2_0_115) 1.17e-02 3.18e-02    1.265 4.48e-02   0.1
        adder (addRecFNToRaw_115)      3.73e-02 2.81e-02    4.782 7.02e-02   0.1
          lowMask_far_roundExtraMask (lowMaskHiLo_115) 1.54e-04 2.73e-04 8.07e-02 5.07e-04   0.0
            reverse (reverse_1_115)    7.59e-05 1.31e-04 4.69e-02 2.54e-04   0.0
          compressBy4_far_sigSmaller (compressBy4_115) 1.11e-04 3.44e-04 4.63e-02 5.01e-04   0.0
          countLeadingZeros_close (countLeadingZeros_115) 5.68e-04 5.17e-04    0.163 1.25e-03   0.0
            reverse_in (reverse_117)   2.95e-04 3.62e-04 8.98e-02 7.47e-04   0.0
          compressBy2_close_sigSum (compressBy2_115) 2.29e-04 3.93e-04 6.62e-02 6.88e-04   0.0
          isSigNaN_b (isSigNaNRecFN_1_230) 5.77e-06 9.38e-06 4.36e-03 1.95e-05   0.0
          recFNToRawFN_b (recFNToRawFN_1_245) 3.17e-03 9.42e-04    0.234 4.34e-03   0.0
          isSigNaN_a (isSigNaNRecFN_1_231) 6.00e-06 9.16e-06 4.38e-03 1.95e-05   0.0
          recFNToRawFN_a (recFNToRawFN_1_246) 1.82e-03 9.15e-04    0.234 2.97e-03   0.0
      g_red_tree_0__g_add_3__reduce_add (VX_tcu_bhf_fadd_102) 5.83e-02 7.43e-02    7.635    0.140   0.2
        pipe_rnd (VX_pipe_register_4_213) 5.07e-03 1.30e-02    0.505 1.86e-02   0.0
          g_shift_register (VX_shift_register_38_0_1_0_213) 5.07e-03 1.30e-02    0.505 1.86e-02   0.0
        rounding (roundAnyRawFNToRecFN_1_116) 8.79e-03 3.95e-03    1.273 1.40e-02   0.0
          genblk2_genblk1_lowMask_roundMask (lowMaskLoHi_116) 2.55e-04 1.51e-04    0.303 7.10e-04   0.0
            reverse (reverse_2_116)    1.39e-05 5.42e-06    0.153 1.73e-04   0.0
        pipe_add (VX_pipe_register_5_116) 1.21e-02 3.22e-02    1.268 4.56e-02   0.1
          g_shift_register (VX_shift_register_45_0_2_0_116) 1.21e-02 3.22e-02    1.268 4.56e-02   0.1
        adder (addRecFNToRaw_116)      3.23e-02 2.52e-02    4.588 6.21e-02   0.1
          lowMask_far_roundExtraMask (lowMaskHiLo_116) 1.19e-04 2.23e-04 6.92e-02 4.12e-04   0.0
            reverse (reverse_1_116)    5.79e-05 1.08e-04 3.98e-02 2.06e-04   0.0
          compressBy4_far_sigSmaller (compressBy4_116) 5.87e-05 2.45e-04 4.07e-02 3.45e-04   0.0
          countLeadingZeros_close (countLeadingZeros_116) 5.84e-04 5.03e-04    0.156 1.24e-03   0.0
            reverse_in (reverse_118)   3.14e-04 3.04e-04 8.27e-02 7.01e-04   0.0
          compressBy2_close_sigSum (compressBy2_116) 1.35e-04 3.27e-04 6.15e-02 5.24e-04   0.0
          isSigNaN_b (isSigNaNRecFN_1_232) 1.00e-05 1.09e-05 4.85e-03 2.58e-05   0.0
          recFNToRawFN_b (recFNToRawFN_1_247) 2.68e-03 7.50e-04    0.221 3.65e-03   0.0
          isSigNaN_a (isSigNaNRecFN_1_233) 1.18e-05 1.12e-05 4.87e-03 2.79e-05   0.0
          recFNToRawFN_a (recFNToRawFN_1_248) 1.66e-03 7.48e-04    0.221 2.63e-03   0.0
      g_red_tree_0__g_add_2__reduce_add (VX_tcu_bhf_fadd_103) 5.37e-02 7.40e-02    7.608    0.135   0.2
        pipe_rnd (VX_pipe_register_4_214) 4.47e-03 1.29e-02    0.505 1.79e-02   0.0
          g_shift_register (VX_shift_register_38_0_1_0_214) 4.47e-03 1.29e-02    0.505 1.79e-02   0.0
        rounding (roundAnyRawFNToRecFN_1_117) 7.00e-03 3.82e-03    1.249 1.21e-02   0.0
          genblk2_genblk1_lowMask_roundMask (lowMaskLoHi_117) 2.50e-04 1.50e-04    0.303 7.04e-04   0.0
            reverse (reverse_2_117)    1.41e-05 5.43e-06    0.153 1.73e-04   0.0
        pipe_add (VX_pipe_register_5_117) 9.70e-03 3.22e-02    1.268 4.31e-02   0.1
          g_shift_register (VX_shift_register_45_0_2_0_117) 9.70e-03 3.22e-02    1.268 4.31e-02   0.1
        adder (addRecFNToRaw_117)      3.25e-02 2.51e-02    4.586 6.22e-02   0.1
          lowMask_far_roundExtraMask (lowMaskHiLo_117) 1.20e-04 2.26e-04 6.92e-02 4.14e-04   0.0
            reverse (reverse_1_117)    5.96e-05 1.09e-04 3.99e-02 2.09e-04   0.0
          compressBy4_far_sigSmaller (compressBy4_117) 5.05e-05 2.45e-04 4.08e-02 3.36e-04   0.0
          countLeadingZeros_close (countLeadingZeros_117) 5.54e-04 5.02e-04    0.157 1.21e-03   0.0
            reverse_in (reverse_119)   2.97e-04 3.03e-04 8.27e-02 6.82e-04   0.0
          compressBy2_close_sigSum (compressBy2_117) 1.75e-04 3.28e-04 6.15e-02 5.64e-04   0.0
          isSigNaN_b (isSigNaNRecFN_1_234) 7.11e-06 1.09e-05 4.86e-03 2.29e-05   0.0
          recFNToRawFN_b (recFNToRawFN_1_249) 2.47e-03 7.52e-04    0.221 3.44e-03   0.0
          isSigNaN_a (isSigNaNRecFN_1_235) 1.05e-05 1.13e-05 4.85e-03 2.66e-05   0.0
          recFNToRawFN_a (recFNToRawFN_1_250) 1.89e-03 7.49e-04    0.221 2.86e-03   0.0
      g_red_tree_0__g_add_1__reduce_add (VX_tcu_bhf_fadd_104) 5.89e-02 7.44e-02    7.626    0.141   0.2
        pipe_rnd (VX_pipe_register_4_215) 5.65e-03 1.30e-02    0.505 1.91e-02   0.0
          g_shift_register (VX_shift_register_38_0_1_0_215) 5.65e-03 1.30e-02    0.505 1.91e-02   0.0
        rounding (roundAnyRawFNToRecFN_1_118) 7.72e-03 3.90e-03    1.266 1.29e-02   0.0
          genblk2_genblk1_lowMask_roundMask (lowMaskLoHi_118) 2.49e-04 1.54e-04    0.303 7.07e-04   0.0
            reverse (reverse_2_118)    1.40e-05 5.42e-06    0.153 1.73e-04   0.0
        pipe_add (VX_pipe_register_5_118) 1.38e-02 3.22e-02    1.268 4.73e-02   0.1
          g_shift_register (VX_shift_register_45_0_2_0_118) 1.38e-02 3.22e-02    1.268 4.73e-02   0.1
        adder (addRecFNToRaw_118)      3.17e-02 2.53e-02    4.587 6.16e-02   0.1
          lowMask_far_roundExtraMask (lowMaskHiLo_118) 1.26e-04 2.26e-04 6.92e-02 4.21e-04   0.0
            reverse (reverse_1_118)    5.85e-05 1.10e-04 3.98e-02 2.08e-04   0.0
          compressBy4_far_sigSmaller (compressBy4_118) 3.45e-05 2.46e-04 4.08e-02 3.22e-04   0.0
          countLeadingZeros_close (countLeadingZeros_118) 5.67e-04 5.03e-04    0.157 1.23e-03   0.0
            reverse_in (reverse_120)   3.12e-04 3.05e-04 8.27e-02 6.99e-04   0.0
          compressBy2_close_sigSum (compressBy2_118) 1.29e-04 3.28e-04 6.15e-02 5.18e-04   0.0
          isSigNaN_b (isSigNaNRecFN_1_236) 6.31e-06 1.11e-05 4.84e-03 2.23e-05   0.0
          recFNToRawFN_b (recFNToRawFN_1_251) 1.83e-03 7.55e-04    0.221 2.81e-03   0.0
          isSigNaN_a (isSigNaNRecFN_1_237) 5.36e-06 1.12e-05 4.84e-03 2.14e-05   0.0
          recFNToRawFN_a (recFNToRawFN_1_252) 1.99e-03 7.52e-04    0.221 2.96e-03   0.0
      g_red_tree_0__g_add_0__reduce_add (VX_tcu_bhf_fadd_105) 5.15e-02 7.42e-02    7.630    0.133   0.2
        pipe_rnd (VX_pipe_register_4_216) 3.63e-03 1.30e-02    0.505 1.71e-02   0.0
          g_shift_register (VX_shift_register_38_0_1_0_216) 3.63e-03 1.30e-02    0.505 1.71e-02   0.0
        rounding (roundAnyRawFNToRecFN_1_119) 9.36e-03 3.99e-03    1.274 1.46e-02   0.0
          genblk2_genblk1_lowMask_roundMask (lowMaskLoHi_119) 2.54e-04 1.54e-04    0.304 7.11e-04   0.0
            reverse (reverse_2_119)    1.39e-05 5.42e-06    0.153 1.73e-04   0.0
        pipe_add (VX_pipe_register_5_119) 7.30e-03 3.22e-02    1.268 4.07e-02   0.1
          g_shift_register (VX_shift_register_45_0_2_0_119) 7.30e-03 3.22e-02    1.268 4.07e-02   0.1
        adder (addRecFNToRaw_119)      3.12e-02 2.51e-02    4.582 6.09e-02   0.1
          lowMask_far_roundExtraMask (lowMaskHiLo_119) 1.09e-04 2.22e-04 6.92e-02 4.00e-04   0.0
            reverse (reverse_1_119)    5.02e-05 1.08e-04 3.99e-02 1.98e-04   0.0
          compressBy4_far_sigSmaller (compressBy4_119) 4.26e-05 2.45e-04 4.08e-02 3.29e-04   0.0
          countLeadingZeros_close (countLeadingZeros_119) 5.42e-04 5.00e-04    0.156 1.20e-03   0.0
            reverse_in (reverse_121)   2.79e-04 3.03e-04 8.27e-02 6.64e-04   0.0
          compressBy2_close_sigSum (compressBy2_119) 1.84e-04 3.28e-04 6.15e-02 5.73e-04   0.0
          isSigNaN_b (isSigNaNRecFN_1_238) 7.58e-06 1.09e-05 4.88e-03 2.34e-05   0.0
          recFNToRawFN_b (recFNToRawFN_1_253) 2.25e-03 7.48e-04    0.221 3.22e-03   0.0
          isSigNaN_a (isSigNaNRecFN_1_239) 6.28e-06 1.10e-05 4.85e-03 2.21e-05   0.0
          recFNToRawFN_a (recFNToRawFN_1_254) 1.79e-03 7.54e-04    0.221 2.76e-03   0.0
      g_prod_7__pipe_mult (VX_pipe_register_1_112) 2.57e-03 1.16e-02    0.477 1.46e-02   0.0
        g_shift_register (VX_shift_register_33_0_1_0_112) 2.57e-03 1.16e-02    0.477 1.46e-02   0.0
      g_prod_7__fp16_mul (VX_tcu_bhf_fmul_112) 2.43e-02 4.90e-02    5.432 7.87e-02   0.1
        pipe_rnd (VX_pipe_register_4_217) 3.42e-03 1.16e-02    0.477 1.55e-02   0.0
          g_shift_register (VX_shift_register_38_0_1_0_217) 3.42e-03 1.16e-02    0.477 1.55e-02   0.0
        rounding (roundAnyRawFNToRecFN_113) 2.43e-03 1.11e-03    0.273 3.81e-03   0.0
        pipe_add (VX_pipe_register_3_112) 4.71e-03 2.46e-02    1.028 3.03e-02   0.0
          g_shift_register (VX_shift_register_37_0_2_0_112) 4.71e-03 2.46e-02    1.028 3.03e-02   0.0
        multiplier (mulRecFNToFullRaw_112) 1.22e-02 1.08e-02    3.022 2.60e-02   0.0
          isSigNaN_b (isSigNaNRecFN_225) 6.74e-06 9.52e-06 4.63e-03 2.09e-05   0.0
          recFNToRawFN_b (recFNToRawFN_225) 1.41e-03 2.28e-04    0.129 1.77e-03   0.0
          isSigNaN_a (isSigNaNRecFN_226) 5.26e-06 6.97e-06 4.68e-03 1.69e-05   0.0
          recFNToRawFN_a (recFNToRawFN_226) 3.31e-04 1.66e-04    0.129 6.26e-04   0.0
        g_in_ieee_from_ieee_b (fNToRecFN_1_224) 1.03e-03 5.31e-04    0.320 1.88e-03   0.0
          clz (bsg_counting_leading_zeros_1_224) 1.17e-04 8.94e-05 6.83e-02 2.75e-04   0.0
            lzc (VX_lzc_1_224)         1.17e-04 8.94e-05 6.83e-02 2.75e-04   0.0
              g_lzc_find_first (VX_find_first_10_4_1_224) 5.38e-05 7.06e-05 5.54e-02 1.80e-04   0.0
        g_in_ieee_from_ieee_a (fNToRecFN_1_225) 5.10e-04 3.94e-04    0.311 1.21e-03   0.0
          clz (bsg_counting_leading_zeros_1_225) 8.90e-05 6.71e-05 6.83e-02 2.24e-04   0.0
            lzc (VX_lzc_1_225)         6.82e-05 6.08e-05 6.20e-02 1.91e-04   0.0
              g_lzc_find_first (VX_find_first_10_4_1_225) 4.01e-05 5.23e-05 5.55e-02 1.48e-04   0.0
      g_prod_6__pipe_mult (VX_pipe_register_1_113) 3.36e-03 1.16e-02    0.477 1.54e-02   0.0
        g_shift_register (VX_shift_register_33_0_1_0_113) 3.36e-03 1.16e-02    0.477 1.54e-02   0.0
      g_prod_6__fp16_mul (VX_tcu_bhf_fmul_113) 2.69e-02 4.91e-02    5.439 8.14e-02   0.1
        pipe_rnd (VX_pipe_register_4_218) 3.86e-03 1.16e-02    0.477 1.59e-02   0.0
          g_shift_register (VX_shift_register_38_0_1_0_218) 3.86e-03 1.16e-02    0.477 1.59e-02   0.0
        rounding (roundAnyRawFNToRecFN_114) 2.83e-03 1.12e-03    0.274 4.22e-03   0.0
        pipe_add (VX_pipe_register_3_113) 5.09e-03 2.46e-02    1.028 3.07e-02   0.0
          g_shift_register (VX_shift_register_37_0_2_0_113) 5.09e-03 2.46e-02    1.028 3.07e-02   0.0
        multiplier (mulRecFNToFullRaw_113) 1.34e-02 1.08e-02    3.028 2.72e-02   0.0
          isSigNaN_b (isSigNaNRecFN_227) 8.90e-06 9.65e-06 4.72e-03 2.33e-05   0.0
          recFNToRawFN_b (recFNToRawFN_227) 1.72e-03 2.30e-04    0.129 2.08e-03   0.0
          isSigNaN_a (isSigNaNRecFN_228) 4.88e-06 7.13e-06 4.68e-03 1.67e-05   0.0
          recFNToRawFN_a (recFNToRawFN_228) 3.64e-04 1.68e-04    0.129 6.61e-04   0.0
        g_in_ieee_from_ieee_b (fNToRecFN_1_226) 1.16e-03 5.36e-04    0.320 2.01e-03   0.0
          clz (bsg_counting_leading_zeros_1_226) 1.20e-04 9.15e-05 6.83e-02 2.80e-04   0.0
            lzc (VX_lzc_1_226)         8.44e-05 8.03e-05 6.18e-02 2.27e-04   0.0
              g_lzc_find_first (VX_find_first_10_4_1_226) 5.48e-05 7.17e-05 5.55e-02 1.82e-04   0.0
        g_in_ieee_from_ieee_a (fNToRecFN_1_227) 6.02e-04 4.02e-04    0.312 1.32e-03   0.0
          clz (bsg_counting_leading_zeros_1_227) 9.51e-05 6.92e-05 6.83e-02 2.33e-04   0.0
            lzc (VX_lzc_1_227)         9.51e-05 6.92e-05 6.83e-02 2.33e-04   0.0
              g_lzc_find_first (VX_find_first_10_4_1_227) 4.21e-05 5.36e-05 5.55e-02 1.51e-04   0.0
      g_prod_5__pipe_mult (VX_pipe_register_1_114) 2.77e-03 1.16e-02    0.477 1.48e-02   0.0
        g_shift_register (VX_shift_register_33_0_1_0_114) 2.77e-03 1.16e-02    0.477 1.48e-02   0.0
      g_prod_5__fp16_mul (VX_tcu_bhf_fmul_114) 2.54e-02 4.90e-02    5.424 7.98e-02   0.1
        pipe_rnd (VX_pipe_register_4_219) 5.49e-03 1.16e-02    0.477 1.75e-02   0.0
          g_shift_register (VX_shift_register_38_0_1_0_219) 5.49e-03 1.16e-02    0.477 1.75e-02   0.0
        rounding (roundAnyRawFNToRecFN_115) 1.87e-03 1.11e-03    0.273 3.25e-03   0.0
        pipe_add (VX_pipe_register_3_114) 4.85e-03 2.46e-02    1.028 3.05e-02   0.0
          g_shift_register (VX_shift_register_37_0_2_0_114) 4.85e-03 2.46e-02    1.028 3.05e-02   0.0
        multiplier (mulRecFNToFullRaw_114) 1.18e-02 1.08e-02    3.022 2.55e-02   0.0
          isSigNaN_b (isSigNaNRecFN_229) 5.24e-06 9.48e-06 4.66e-03 1.94e-05   0.0
          recFNToRawFN_b (recFNToRawFN_229) 1.50e-03 2.28e-04    0.129 1.85e-03   0.0
          isSigNaN_a (isSigNaNRecFN_230) 4.55e-06 7.09e-06 4.69e-03 1.63e-05   0.0
          recFNToRawFN_a (recFNToRawFN_230) 3.34e-04 1.66e-04    0.129 6.29e-04   0.0
        g_in_ieee_from_ieee_b (fNToRecFN_1_228) 9.62e-04 5.28e-04    0.313 1.80e-03   0.0
          clz (bsg_counting_leading_zeros_1_228) 1.19e-04 9.06e-05 6.83e-02 2.78e-04   0.0
            lzc (VX_lzc_1_228)         1.19e-04 9.06e-05 6.83e-02 2.78e-04   0.0
              g_lzc_find_first (VX_find_first_10_4_1_228) 5.39e-05 7.13e-05 5.54e-02 1.81e-04   0.0
        g_in_ieee_from_ieee_a (fNToRecFN_1_229) 5.07e-04 3.99e-04    0.311 1.22e-03   0.0
          clz (bsg_counting_leading_zeros_1_229) 9.16e-05 6.92e-05 6.84e-02 2.29e-04   0.0
            lzc (VX_lzc_1_229)         9.16e-05 6.92e-05 6.84e-02 2.29e-04   0.0
              g_lzc_find_first (VX_find_first_10_4_1_229) 3.97e-05 5.37e-05 5.55e-02 1.49e-04   0.0
      g_prod_4__pipe_mult (VX_pipe_register_1_115) 2.99e-03 1.16e-02    0.477 1.50e-02   0.0
        g_shift_register (VX_shift_register_33_0_1_0_115) 2.99e-03 1.16e-02    0.477 1.50e-02   0.0
      g_prod_4__fp16_mul (VX_tcu_bhf_fmul_115) 2.63e-02 4.90e-02    5.429 8.07e-02   0.1
        pipe_rnd (VX_pipe_register_4_220) 4.93e-03 1.16e-02    0.477 1.70e-02   0.0
          g_shift_register (VX_shift_register_38_0_1_0_220) 4.93e-03 1.16e-02    0.477 1.70e-02   0.0
        rounding (roundAnyRawFNToRecFN_116) 1.68e-03 1.11e-03    0.274 3.06e-03   0.0
        pipe_add (VX_pipe_register_3_115) 5.03e-03 2.46e-02    1.028 3.07e-02   0.0
          g_shift_register (VX_shift_register_37_0_2_0_115) 5.03e-03 2.46e-02    1.028 3.07e-02   0.0
        multiplier (mulRecFNToFullRaw_115) 1.30e-02 1.08e-02    3.023 2.68e-02   0.0
          isSigNaN_b (isSigNaNRecFN_231) 5.16e-06 1.02e-05 4.70e-03 2.01e-05   0.0
          recFNToRawFN_b (recFNToRawFN_231) 1.55e-03 2.31e-04    0.129 1.91e-03   0.0
          isSigNaN_a (isSigNaNRecFN_232) 3.60e-06 7.58e-06 4.72e-03 1.59e-05   0.0
          recFNToRawFN_a (recFNToRawFN_232) 3.60e-04 1.68e-04    0.129 6.57e-04   0.0
        g_in_ieee_from_ieee_b (fNToRecFN_1_230) 1.01e-03 5.28e-04    0.313 1.85e-03   0.0
          clz (bsg_counting_leading_zeros_1_230) 1.18e-04 9.08e-05 6.84e-02 2.77e-04   0.0
            lzc (VX_lzc_1_230)         1.18e-04 9.08e-05 6.84e-02 2.77e-04   0.0
              g_lzc_find_first (VX_find_first_10_4_1_230) 5.42e-05 7.16e-05 5.55e-02 1.81e-04   0.0
        g_in_ieee_from_ieee_a (fNToRecFN_1_231) 6.27e-04 4.02e-04    0.314 1.34e-03   0.0
          clz (bsg_counting_leading_zeros_1_231) 9.56e-05 6.97e-05 6.86e-02 2.34e-04   0.0
            lzc (VX_lzc_1_231)         9.56e-05 6.97e-05 6.86e-02 2.34e-04   0.0
              g_lzc_find_first (VX_find_first_10_4_1_231) 4.45e-05 5.44e-05 5.57e-02 1.55e-04   0.0
      g_prod_3__pipe_mult (VX_pipe_register_1_116) 2.82e-03 1.16e-02    0.477 1.49e-02   0.0
        g_shift_register (VX_shift_register_33_0_1_0_116) 2.82e-03 1.16e-02    0.477 1.49e-02   0.0
      g_prod_3__fp16_mul (VX_tcu_bhf_fmul_116) 2.18e-02 4.90e-02    5.428 7.62e-02   0.1
        pipe_rnd (VX_pipe_register_4_221) 3.82e-03 1.16e-02    0.477 1.59e-02   0.0
          g_shift_register (VX_shift_register_38_0_1_0_221) 3.82e-03 1.16e-02    0.477 1.59e-02   0.0
        rounding (roundAnyRawFNToRecFN_117) 9.94e-04 1.10e-03    0.273 2.37e-03   0.0
        pipe_add (VX_pipe_register_3_116) 4.64e-03 2.46e-02    1.028 3.03e-02   0.0
          g_shift_register (VX_shift_register_37_0_2_0_116) 4.64e-03 2.46e-02    1.028 3.03e-02   0.0
        multiplier (mulRecFNToFullRaw_116) 1.10e-02 1.08e-02    3.023 2.48e-02   0.0
          isSigNaN_b (isSigNaNRecFN_233) 5.44e-06 9.01e-06 4.69e-03 1.91e-05   0.0
          recFNToRawFN_b (recFNToRawFN_233) 7.48e-04 2.23e-04    0.129 1.10e-03   0.0
          isSigNaN_a (isSigNaNRecFN_234) 4.23e-06 7.25e-06 4.66e-03 1.61e-05   0.0
          recFNToRawFN_a (recFNToRawFN_234) 3.93e-04 1.68e-04    0.129 6.91e-04   0.0
        g_in_ieee_from_ieee_b (fNToRecFN_1_232) 6.62e-04 5.28e-04    0.313 1.50e-03   0.0
          clz (bsg_counting_leading_zeros_1_232) 1.17e-04 9.13e-05 6.83e-02 2.77e-04   0.0
            lzc (VX_lzc_1_232)         1.17e-04 9.13e-05 6.83e-02 2.77e-04   0.0
              g_lzc_find_first (VX_find_first_10_4_1_232) 5.32e-05 7.17e-05 5.55e-02 1.80e-04   0.0
        g_in_ieee_from_ieee_a (fNToRecFN_1_233) 6.68e-04 4.03e-04    0.313 1.38e-03   0.0
          clz (bsg_counting_leading_zeros_1_233) 9.58e-05 7.03e-05 6.83e-02 2.34e-04   0.0
            lzc (VX_lzc_1_233)         9.58e-05 7.03e-05 6.83e-02 2.34e-04   0.0
              g_lzc_find_first (VX_find_first_10_4_1_233) 4.27e-05 5.45e-05 5.54e-02 1.53e-04   0.0
      g_prod_2__pipe_mult (VX_pipe_register_1_117) 3.60e-03 1.16e-02    0.477 1.56e-02   0.0
        g_shift_register (VX_shift_register_33_0_1_0_117) 3.60e-03 1.16e-02    0.477 1.56e-02   0.0
      g_prod_2__fp16_mul (VX_tcu_bhf_fmul_117) 2.20e-02 4.90e-02    5.427 7.64e-02   0.1
        pipe_rnd (VX_pipe_register_4_222) 2.76e-03 1.16e-02    0.477 1.48e-02   0.0
          g_shift_register (VX_shift_register_38_0_1_0_222) 2.76e-03 1.16e-02    0.477 1.48e-02   0.0
        rounding (roundAnyRawFNToRecFN_118) 1.83e-03 1.12e-03    0.272 3.22e-03   0.0
        pipe_add (VX_pipe_register_3_117) 4.63e-03 2.46e-02    1.028 3.03e-02   0.0
          g_shift_register (VX_shift_register_37_0_2_0_117) 4.63e-03 2.46e-02    1.028 3.03e-02   0.0
        multiplier (mulRecFNToFullRaw_117) 1.13e-02 1.08e-02    3.023 2.51e-02   0.0
          isSigNaN_b (isSigNaNRecFN_235) 8.73e-06 9.09e-06 4.71e-03 2.25e-05   0.0
          recFNToRawFN_b (recFNToRawFN_235) 8.06e-04 2.22e-04    0.129 1.16e-03   0.0
          isSigNaN_a (isSigNaNRecFN_236) 4.69e-06 7.41e-06 4.74e-03 1.68e-05   0.0
          recFNToRawFN_a (recFNToRawFN_236) 4.44e-04 1.69e-04    0.129 7.43e-04   0.0
        g_in_ieee_from_ieee_b (fNToRecFN_1_234) 7.45e-04 5.26e-04    0.313 1.58e-03   0.0
          clz (bsg_counting_leading_zeros_1_234) 1.24e-04 9.16e-05 6.84e-02 2.84e-04   0.0
            lzc (VX_lzc_1_234)         1.24e-04 9.16e-05 6.84e-02 2.84e-04   0.0
              g_lzc_find_first (VX_find_first_10_4_1_234) 5.66e-05 7.21e-05 5.56e-02 1.84e-04   0.0
        g_in_ieee_from_ieee_a (fNToRecFN_1_235) 7.75e-04 4.02e-04    0.313 1.49e-03   0.0
          clz (bsg_counting_leading_zeros_1_235) 9.23e-05 6.97e-05 6.85e-02 2.31e-04   0.0
            lzc (VX_lzc_1_235)         9.23e-05 6.97e-05 6.85e-02 2.31e-04   0.0
              g_lzc_find_first (VX_find_first_10_4_1_235) 4.04e-05 5.41e-05 5.56e-02 1.50e-04   0.0
      g_prod_1__pipe_mult (VX_pipe_register_1_118) 3.56e-03 1.16e-02    0.477 1.56e-02   0.0
        g_shift_register (VX_shift_register_33_0_1_0_118) 3.56e-03 1.16e-02    0.477 1.56e-02   0.0
      g_prod_1__fp16_mul (VX_tcu_bhf_fmul_118) 2.54e-02 4.89e-02    5.437 7.98e-02   0.1
        pipe_rnd (VX_pipe_register_4_223) 2.97e-03 1.16e-02    0.477 1.50e-02   0.0
          g_shift_register (VX_shift_register_38_0_1_0_223) 2.97e-03 1.16e-02    0.477 1.50e-02   0.0
        rounding (roundAnyRawFNToRecFN_119) 2.21e-03 1.11e-03    0.273 3.59e-03   0.0
        pipe_add (VX_pipe_register_3_118) 4.90e-03 2.46e-02    1.028 3.05e-02   0.0
          g_shift_register (VX_shift_register_37_0_2_0_118) 4.90e-03 2.46e-02    1.028 3.05e-02   0.0
        multiplier (mulRecFNToFullRaw_118) 1.36e-02 1.07e-02    3.025 2.73e-02   0.0
          isSigNaN_b (isSigNaNRecFN_237) 4.58e-06 9.56e-06 4.72e-03 1.89e-05   0.0
          recFNToRawFN_b (recFNToRawFN_237) 2.03e-03 2.28e-04    0.129 2.39e-03   0.0
          isSigNaN_a (isSigNaNRecFN_238) 4.20e-06 6.99e-06 4.71e-03 1.59e-05   0.0
          recFNToRawFN_a (recFNToRawFN_238) 4.01e-04 1.66e-04    0.129 6.97e-04   0.0
        g_in_ieee_from_ieee_b (fNToRecFN_1_236) 1.08e-03 5.34e-04    0.321 1.94e-03   0.0
          clz (bsg_counting_leading_zeros_1_236) 1.21e-04 9.09e-05 6.84e-02 2.80e-04   0.0
            lzc (VX_lzc_1_236)         1.21e-04 9.09e-05 6.84e-02 2.80e-04   0.0
              g_lzc_find_first (VX_find_first_10_4_1_236) 5.58e-05 7.17e-05 5.55e-02 1.83e-04   0.0
        g_in_ieee_from_ieee_a (fNToRecFN_1_237) 7.31e-04 3.97e-04    0.313 1.44e-03   0.0
          clz (bsg_counting_leading_zeros_1_237) 9.33e-05 6.88e-05 6.84e-02 2.30e-04   0.0
            lzc (VX_lzc_1_237)         9.33e-05 6.88e-05 6.84e-02 2.30e-04   0.0
              g_lzc_find_first (VX_find_first_10_4_1_237) 4.28e-05 5.36e-05 5.55e-02 1.52e-04   0.0
      g_prod_0__pipe_mult (VX_pipe_register_1_119) 2.30e-03 1.16e-02    0.477 1.43e-02   0.0
        g_shift_register (VX_shift_register_33_0_1_0_119) 2.30e-03 1.16e-02    0.477 1.43e-02   0.0
      g_prod_0__fp16_mul (VX_tcu_bhf_fmul_119) 2.26e-02 4.89e-02    5.426 7.69e-02   0.1
        pipe_rnd (VX_pipe_register_4_224) 2.24e-03 1.16e-02    0.477 1.43e-02   0.0
          g_shift_register (VX_shift_register_38_0_1_0_224) 2.24e-03 1.16e-02    0.477 1.43e-02   0.0
        rounding (roundAnyRawFNToRecFN_120) 9.34e-04 1.10e-03    0.271 2.31e-03   0.0
        pipe_add (VX_pipe_register_3_119) 4.67e-03 2.46e-02    1.028 3.03e-02   0.0
          g_shift_register (VX_shift_register_37_0_2_0_119) 4.67e-03 2.46e-02    1.028 3.03e-02   0.0
        multiplier (mulRecFNToFullRaw_119) 1.30e-02 1.08e-02    3.023 2.68e-02   0.0
          isSigNaN_b (isSigNaNRecFN_239) 4.67e-06 9.77e-06 4.72e-03 1.92e-05   0.0
          recFNToRawFN_b (recFNToRawFN_239) 1.77e-03 2.27e-04    0.129 2.13e-03   0.0
          isSigNaN_a (isSigNaNRecFN_240) 3.75e-06 7.10e-06 4.74e-03 1.56e-05   0.0
          recFNToRawFN_a (recFNToRawFN_240) 4.03e-04 1.67e-04    0.129 6.99e-04   0.0
        g_in_ieee_from_ieee_b (fNToRecFN_1_238) 1.04e-03 5.27e-04    0.313 1.88e-03   0.0
          clz (bsg_counting_leading_zeros_1_238) 1.18e-04 9.08e-05 6.85e-02 2.77e-04   0.0
            lzc (VX_lzc_1_238)         9.01e-05 8.24e-05 6.21e-02 2.35e-04   0.0
              g_lzc_find_first (VX_find_first_10_4_1_238) 5.36e-05 7.16e-05 5.56e-02 1.81e-04   0.0
        g_in_ieee_from_ieee_a (fNToRecFN_1_239) 6.61e-04 3.98e-04    0.313 1.37e-03   0.0
          clz (bsg_counting_leading_zeros_1_239) 9.23e-05 6.81e-05 6.84e-02 2.29e-04   0.0
            lzc (VX_lzc_1_239)         6.94e-05 6.14e-05 6.20e-02 1.93e-04   0.0
              g_lzc_find_first (VX_find_first_10_4_1_239) 4.05e-05 5.26e-05 5.55e-02 1.49e-04   0.0
    g_i_4__g_j_1__genblk1_u_buffer_ex (VX_pipe_register_20) 1.67e-02 9.43e-02    4.324    0.115   0.2
      g_shift_register (VX_shift_register_582_0_1_0_14) 1.67e-02 9.43e-02    4.324    0.115   0.2
    g_i_4__g_j_0__fedp (VX_tcu_fedp_bhf_15)    0.656    1.218  116.759    1.991   2.8
      final_add (VX_tcu_bhf_fadd_1_15) 4.37e-02 6.69e-02    8.510    0.119   0.2
        pipe_rnd (VX_pipe_register_6_15) 2.66e-03 1.15e-02    0.490 1.47e-02   0.0
          g_shift_register (VX_shift_register_37_0_1_0_15) 2.66e-03 1.15e-02    0.490 1.47e-02   0.0
        g_out_ieee_to_ieee (recFNToFN_15) 4.53e-03 2.88e-03    0.787 8.19e-03   0.0
          recFNToRawFN (recFNToRawFN_1_255) 1.29e-03 7.30e-04    0.232 2.25e-03   0.0
        rounding (roundAnyRawFNToRecFN_1_120) 5.36e-03 2.94e-03    1.211 9.51e-03   0.0
          genblk2_genblk1_lowMask_roundMask (lowMaskLoHi_120) 2.45e-04 1.37e-04    0.301 6.82e-04   0.0
            reverse (reverse_2_120)    6.04e-06 2.54e-06    0.154 1.62e-04   0.0
        pipe_add (VX_pipe_register_5_120) 6.64e-03 3.05e-02    1.265 3.84e-02   0.1
          g_shift_register (VX_shift_register_45_0_2_0_120) 6.64e-03 3.05e-02    1.265 3.84e-02   0.1
        adder (addRecFNToRaw_120)      2.45e-02 1.91e-02    4.757 4.84e-02   0.1
          lowMask_far_roundExtraMask (lowMaskHiLo_120) 4.10e-05 7.71e-05 8.04e-02 1.99e-04   0.0
            reverse (reverse_1_120)    1.65e-05 3.63e-05 5.04e-02 1.03e-04   0.0
          compressBy4_far_sigSmaller (compressBy4_120) 3.77e-05 1.86e-04 4.51e-02 2.69e-04   0.0
          countLeadingZeros_close (countLeadingZeros_120) 5.63e-04 4.60e-04    0.163 1.19e-03   0.0
            reverse_in (reverse_122)   2.83e-04 3.14e-04 9.01e-02 6.87e-04   0.0
          compressBy2_close_sigSum (compressBy2_120) 1.69e-04 3.39e-04 6.60e-02 5.73e-04   0.0
          isSigNaN_b (isSigNaNRecFN_1_240) 3.47e-06 5.28e-06 4.48e-03 1.32e-05   0.0
          recFNToRawFN_b (recFNToRawFN_1_256) 5.45e-04 2.75e-04    0.236 1.06e-03   0.0
          isSigNaN_a (isSigNaNRecFN_1_241) 1.27e-05 1.29e-05 4.73e-03 3.04e-05   0.0
          recFNToRawFN_a (recFNToRawFN_1_257) 1.50e-03 8.09e-04    0.232 2.54e-03   0.0
      pipe_c (VX_pipe_register_2_15)   1.94e-02    0.139    6.433    0.165   0.2
        g_shift_register (VX_shift_register_33_0_13_0_15) 1.94e-02    0.139    6.433    0.165   0.2
      conv_c (fNToRecFN_16)            1.98e-03 9.29e-04    0.759 3.67e-03   0.0
        clz (bsg_counting_leading_zeros_16) 1.21e-04 1.10e-04    0.119 3.51e-04   0.0
          lzc (VX_lzc_16)              1.21e-04 1.10e-04    0.119 3.51e-04   0.0
            g_lzc_find_first (VX_find_first_23_5_1_15) 1.08e-04 1.07e-04    0.107 3.21e-04   0.0
      g_red_tree_2__g_add_0__reduce_add (VX_tcu_bhf_fadd_106) 5.79e-02 7.60e-02    7.779    0.142   0.2
        pipe_rnd (VX_pipe_register_4_225) 3.31e-03 1.26e-02    0.504 1.64e-02   0.0
          g_shift_register (VX_shift_register_38_0_1_0_225) 3.31e-03 1.26e-02    0.504 1.64e-02   0.0
        rounding (roundAnyRawFNToRecFN_1_121) 8.42e-03 3.77e-03    1.242 1.34e-02   0.0
          genblk2_genblk1_lowMask_roundMask (lowMaskLoHi_121) 2.69e-04 1.45e-04    0.301 7.16e-04   0.0
            reverse (reverse_2_121)    1.28e-05 5.41e-06    0.154 1.72e-04   0.0
        pipe_add (VX_pipe_register_5_121) 8.79e-03 3.16e-02    1.265 4.16e-02   0.1
          g_shift_register (VX_shift_register_45_0_2_0_121) 8.79e-03 3.16e-02    1.265 4.16e-02   0.1
        adder (addRecFNToRaw_121)      3.73e-02 2.81e-02    4.762 7.02e-02   0.1
          lowMask_far_roundExtraMask (lowMaskHiLo_121) 1.62e-04 2.97e-04 8.09e-02 5.39e-04   0.0
            reverse (reverse_1_121)    6.75e-05 1.45e-04 4.72e-02 2.59e-04   0.0
          compressBy4_far_sigSmaller (compressBy4_121) 8.51e-05 3.64e-04 4.78e-02 4.97e-04   0.0
          countLeadingZeros_close (countLeadingZeros_121) 5.89e-04 5.32e-04    0.163 1.28e-03   0.0
            reverse_in (reverse_123)   3.06e-04 3.67e-04 8.96e-02 7.62e-04   0.0
          compressBy2_close_sigSum (compressBy2_121) 2.21e-04 3.98e-04 6.61e-02 6.85e-04   0.0
          isSigNaN_b (isSigNaNRecFN_1_242) 4.11e-06 8.37e-06 4.17e-03 1.66e-05   0.0
          recFNToRawFN_b (recFNToRawFN_1_258) 2.12e-03 9.07e-04    0.233 3.26e-03   0.0
          isSigNaN_a (isSigNaNRecFN_1_243) 4.61e-06 8.42e-06 4.18e-03 1.72e-05   0.0
          recFNToRawFN_a (recFNToRawFN_1_259) 2.92e-03 9.08e-04    0.233 4.06e-03   0.0
      g_red_tree_1__g_add_1__reduce_add (VX_tcu_bhf_fadd_107) 5.26e-02 7.65e-02    7.764    0.137   0.2
        pipe_rnd (VX_pipe_register_4_226) 2.43e-03 1.28e-02    0.505 1.58e-02   0.0
          g_shift_register (VX_shift_register_38_0_1_0_226) 2.43e-03 1.28e-02    0.505 1.58e-02   0.0
        rounding (roundAnyRawFNToRecFN_1_122) 5.52e-03 3.83e-03    1.216 1.06e-02   0.0
          genblk2_genblk1_lowMask_roundMask (lowMaskLoHi_122) 2.54e-04 1.50e-04    0.302 7.06e-04   0.0
            reverse (reverse_2_122)    1.43e-05 5.43e-06    0.153 1.73e-04   0.0
        pipe_add (VX_pipe_register_5_122) 7.93e-03 3.17e-02    1.266 4.09e-02   0.1
          g_shift_register (VX_shift_register_45_0_2_0_122) 7.93e-03 3.17e-02    1.266 4.09e-02   0.1
        adder (addRecFNToRaw_122)      3.67e-02 2.81e-02    4.779 6.96e-02   0.1
          lowMask_far_roundExtraMask (lowMaskHiLo_122) 1.47e-04 2.69e-04 8.07e-02 4.96e-04   0.0
            reverse (reverse_1_122)    5.84e-05 1.30e-04 4.69e-02 2.35e-04   0.0
          compressBy4_far_sigSmaller (compressBy4_122) 6.72e-05 3.44e-04 4.63e-02 4.57e-04   0.0
          countLeadingZeros_close (countLeadingZeros_122) 5.85e-04 5.23e-04    0.163 1.27e-03   0.0
            reverse_in (reverse_124)   3.12e-04 3.63e-04 8.98e-02 7.65e-04   0.0
          compressBy2_close_sigSum (compressBy2_122) 2.52e-04 3.94e-04 6.62e-02 7.12e-04   0.0
          isSigNaN_b (isSigNaNRecFN_1_244) 6.66e-06 9.50e-06 4.38e-03 2.05e-05   0.0
          recFNToRawFN_b (recFNToRawFN_1_260) 2.77e-03 9.27e-04    0.234 3.93e-03   0.0
          isSigNaN_a (isSigNaNRecFN_1_245) 4.19e-06 9.16e-06 4.39e-03 1.77e-05   0.0
          recFNToRawFN_a (recFNToRawFN_1_261) 1.85e-03 9.17e-04    0.234 3.00e-03   0.0
      g_red_tree_1__g_add_0__reduce_add (VX_tcu_bhf_fadd_108) 6.37e-02 7.68e-02    7.818    0.148   0.2
        pipe_rnd (VX_pipe_register_4_227) 5.15e-03 1.29e-02    0.505 1.86e-02   0.0
          g_shift_register (VX_shift_register_38_0_1_0_227) 5.15e-03 1.29e-02    0.505 1.86e-02   0.0
        rounding (roundAnyRawFNToRecFN_1_123) 1.09e-02 4.03e-03    1.266 1.61e-02   0.0
          genblk2_genblk1_lowMask_roundMask (lowMaskLoHi_123) 2.64e-04 1.50e-04    0.303 7.17e-04   0.0
            reverse (reverse_2_123)    1.41e-05 5.42e-06    0.153 1.73e-04   0.0
        pipe_add (VX_pipe_register_5_123) 1.01e-02 3.18e-02    1.265 4.31e-02   0.1
          g_shift_register (VX_shift_register_45_0_2_0_123) 1.01e-02 3.18e-02    1.265 4.31e-02   0.1
        adder (addRecFNToRaw_123)      3.76e-02 2.81e-02    4.782 7.05e-02   0.1
          lowMask_far_roundExtraMask (lowMaskHiLo_123) 2.31e-04 2.72e-04 8.07e-02 5.84e-04   0.0
            reverse (reverse_1_123)    9.94e-05 1.31e-04 4.69e-02 2.77e-04   0.0
          compressBy4_far_sigSmaller (compressBy4_123) 4.53e-05 3.42e-04 4.62e-02 4.33e-04   0.0
          countLeadingZeros_close (countLeadingZeros_123) 5.84e-04 5.22e-04    0.163 1.27e-03   0.0
            reverse_in (reverse_125)   3.09e-04 3.64e-04 8.98e-02 7.63e-04   0.0
          compressBy2_close_sigSum (compressBy2_123) 2.05e-04 3.94e-04 6.62e-02 6.65e-04   0.0
          isSigNaN_b (isSigNaNRecFN_1_246) 6.05e-06 9.08e-06 4.35e-03 1.95e-05   0.0
          recFNToRawFN_b (recFNToRawFN_1_262) 2.94e-03 9.27e-04    0.234 4.10e-03   0.0
          isSigNaN_a (isSigNaNRecFN_1_247) 4.56e-06 9.45e-06 4.42e-03 1.84e-05   0.0
          recFNToRawFN_a (recFNToRawFN_1_263) 1.39e-03 9.14e-04    0.234 2.53e-03   0.0
      g_red_tree_0__g_add_3__reduce_add (VX_tcu_bhf_fadd_109) 5.43e-02 7.44e-02    7.615    0.136   0.2
        pipe_rnd (VX_pipe_register_4_228) 4.42e-03 1.30e-02    0.505 1.79e-02   0.0
          g_shift_register (VX_shift_register_38_0_1_0_228) 4.42e-03 1.30e-02    0.505 1.79e-02   0.0
        rounding (roundAnyRawFNToRecFN_1_124) 8.20e-03 3.93e-03    1.265 1.34e-02   0.0
          genblk2_genblk1_lowMask_roundMask (lowMaskLoHi_124) 2.58e-04 1.53e-04    0.303 7.15e-04   0.0
            reverse (reverse_2_124)    1.35e-05 5.41e-06    0.153 1.72e-04   0.0
        pipe_add (VX_pipe_register_5_124) 1.03e-02 3.22e-02    1.268 4.38e-02   0.1
          g_shift_register (VX_shift_register_45_0_2_0_124) 1.03e-02 3.22e-02    1.268 4.38e-02   0.1
        adder (addRecFNToRaw_124)      3.14e-02 2.53e-02    4.576 6.13e-02   0.1
          lowMask_far_roundExtraMask (lowMaskHiLo_124) 1.17e-04 2.24e-04 6.92e-02 4.10e-04   0.0
            reverse (reverse_1_124)    5.24e-05 1.09e-04 3.98e-02 2.01e-04   0.0
          compressBy4_far_sigSmaller (compressBy4_124) 4.10e-05 2.45e-04 4.07e-02 3.27e-04   0.0
          countLeadingZeros_close (countLeadingZeros_124) 5.46e-04 5.01e-04    0.156 1.20e-03   0.0
            reverse_in (reverse_126)   2.80e-04 3.03e-04 8.27e-02 6.66e-04   0.0
          compressBy2_close_sigSum (compressBy2_124) 1.86e-04 3.29e-04 6.15e-02 5.76e-04   0.0
          isSigNaN_b (isSigNaNRecFN_1_248) 6.31e-06 1.08e-05 4.87e-03 2.20e-05   0.0
          recFNToRawFN_b (recFNToRawFN_1_264) 2.18e-03 7.57e-04    0.221 3.16e-03   0.0
          isSigNaN_a (isSigNaNRecFN_1_249) 7.35e-06 1.11e-05 4.85e-03 2.33e-05   0.0
          recFNToRawFN_a (recFNToRawFN_1_265) 1.74e-03 7.55e-04    0.221 2.71e-03   0.0
      g_red_tree_0__g_add_2__reduce_add (VX_tcu_bhf_fadd_110) 5.42e-02 7.42e-02    7.611    0.136   0.2
        pipe_rnd (VX_pipe_register_4_229) 4.31e-03 1.29e-02    0.505 1.78e-02   0.0
          g_shift_register (VX_shift_register_38_0_1_0_229) 4.31e-03 1.29e-02    0.505 1.78e-02   0.0
        rounding (roundAnyRawFNToRecFN_1_125) 6.31e-03 3.83e-03    1.251 1.14e-02   0.0
          genblk2_genblk1_lowMask_roundMask (lowMaskLoHi_125) 2.49e-04 1.52e-04    0.303 7.04e-04   0.0
            reverse (reverse_2_125)    1.32e-05 5.42e-06    0.153 1.72e-04   0.0
        pipe_add (VX_pipe_register_5_125) 1.17e-02 3.22e-02    1.268 4.51e-02   0.1
          g_shift_register (VX_shift_register_45_0_2_0_125) 1.17e-02 3.22e-02    1.268 4.51e-02   0.1
        adder (addRecFNToRaw_125)      3.20e-02 2.52e-02    4.587 6.18e-02   0.1
          lowMask_far_roundExtraMask (lowMaskHiLo_125) 1.34e-04 2.26e-04 6.92e-02 4.29e-04   0.0
            reverse (reverse_1_125)    6.08e-05 1.09e-04 3.99e-02 2.10e-04   0.0
          compressBy4_far_sigSmaller (compressBy4_125) 3.46e-05 2.45e-04 4.07e-02 3.20e-04   0.0
          countLeadingZeros_close (countLeadingZeros_125) 5.38e-04 4.97e-04    0.156 1.19e-03   0.0
            reverse_in (reverse_127)   2.78e-04 3.01e-04 8.26e-02 6.62e-04   0.0
          compressBy2_close_sigSum (compressBy2_125) 1.78e-04 3.27e-04 6.15e-02 5.66e-04   0.0
          isSigNaN_b (isSigNaNRecFN_1_250) 8.59e-06 1.11e-05 4.88e-03 2.45e-05   0.0
          recFNToRawFN_b (recFNToRawFN_1_266) 2.21e-03 7.53e-04    0.221 3.18e-03   0.0
          isSigNaN_a (isSigNaNRecFN_1_251) 8.75e-06 1.09e-05 4.84e-03 2.44e-05   0.0
          recFNToRawFN_a (recFNToRawFN_1_267) 1.64e-03 7.46e-04    0.221 2.61e-03   0.0
      g_red_tree_0__g_add_1__reduce_add (VX_tcu_bhf_fadd_111) 6.12e-02 7.44e-02    7.638    0.143   0.2
        pipe_rnd (VX_pipe_register_4_230) 4.66e-03 1.30e-02    0.505 1.82e-02   0.0
          g_shift_register (VX_shift_register_38_0_1_0_230) 4.66e-03 1.30e-02    0.505 1.82e-02   0.0
        rounding (roundAnyRawFNToRecFN_1_126) 9.52e-03 3.95e-03    1.276 1.48e-02   0.0
          genblk2_genblk1_lowMask_roundMask (lowMaskLoHi_126) 2.63e-04 1.54e-04    0.303 7.20e-04   0.0
            reverse (reverse_2_126)    1.33e-05 5.41e-06    0.153 1.72e-04   0.0
        pipe_add (VX_pipe_register_5_126) 1.51e-02 3.22e-02    1.268 4.86e-02   0.1
          g_shift_register (VX_shift_register_45_0_2_0_126) 1.51e-02 3.22e-02    1.268 4.86e-02   0.1
        adder (addRecFNToRaw_126)      3.20e-02 2.52e-02    4.589 6.18e-02   0.1
          lowMask_far_roundExtraMask (lowMaskHiLo_126) 1.17e-04 2.22e-04 6.92e-02 4.08e-04   0.0
            reverse (reverse_1_126)    5.47e-05 1.08e-04 3.99e-02 2.02e-04   0.0
          compressBy4_far_sigSmaller (compressBy4_126) 4.20e-05 2.45e-04 4.06e-02 3.28e-04   0.0
          countLeadingZeros_close (countLeadingZeros_126) 5.40e-04 5.03e-04    0.156 1.20e-03   0.0
            reverse_in (reverse_128)   2.83e-04 3.05e-04 8.26e-02 6.70e-04   0.0
          compressBy2_close_sigSum (compressBy2_126) 1.62e-04 3.29e-04 6.15e-02 5.53e-04   0.0
          isSigNaN_b (isSigNaNRecFN_1_252) 5.94e-06 1.09e-05 4.84e-03 2.16e-05   0.0
          recFNToRawFN_b (recFNToRawFN_1_268) 2.09e-03 7.55e-04    0.221 3.07e-03   0.0
          isSigNaN_a (isSigNaNRecFN_1_253) 5.28e-06 1.09e-05 4.85e-03 2.10e-05   0.0
          recFNToRawFN_a (recFNToRawFN_1_269) 1.67e-03 7.46e-04    0.221 2.64e-03   0.0
      g_red_tree_0__g_add_0__reduce_add (VX_tcu_bhf_fadd_112) 5.20e-02 7.42e-02    7.590    0.134   0.2
        pipe_rnd (VX_pipe_register_4_231) 4.44e-03 1.29e-02    0.505 1.79e-02   0.0
          g_shift_register (VX_shift_register_38_0_1_0_231) 4.44e-03 1.29e-02    0.505 1.79e-02   0.0
        rounding (roundAnyRawFNToRecFN_1_127) 6.49e-03 3.82e-03    1.233 1.15e-02   0.0
          genblk2_genblk1_lowMask_roundMask (lowMaskLoHi_127) 2.53e-04 1.53e-04    0.304 7.11e-04   0.0
            reverse (reverse_2_127)    1.32e-05 5.41e-06    0.153 1.72e-04   0.0
        pipe_add (VX_pipe_register_5_127) 9.66e-03 3.22e-02    1.268 4.31e-02   0.1
          g_shift_register (VX_shift_register_45_0_2_0_127) 9.66e-03 3.22e-02    1.268 4.31e-02   0.1
        adder (addRecFNToRaw_127)      3.14e-02 2.52e-02    4.583 6.12e-02   0.1
          lowMask_far_roundExtraMask (lowMaskHiLo_127) 1.27e-04 2.22e-04 6.92e-02 4.18e-04   0.0
            reverse (reverse_1_127)    4.75e-05 1.07e-04 3.99e-02 1.94e-04   0.0
          compressBy4_far_sigSmaller (compressBy4_127) 3.54e-05 2.46e-04 4.07e-02 3.22e-04   0.0
          countLeadingZeros_close (countLeadingZeros_127) 5.50e-04 5.01e-04    0.156 1.21e-03   0.0
            reverse_in (reverse_129)   2.83e-04 3.03e-04 8.26e-02 6.69e-04   0.0
          compressBy2_close_sigSum (compressBy2_127) 1.73e-04 3.29e-04 6.15e-02 5.63e-04   0.0
          isSigNaN_b (isSigNaNRecFN_1_254) 7.25e-06 1.12e-05 4.88e-03 2.34e-05   0.0
          recFNToRawFN_b (recFNToRawFN_1_270) 2.36e-03 7.56e-04    0.221 3.34e-03   0.0
          isSigNaN_a (isSigNaNRecFN_1_255) 5.78e-06 1.08e-05 4.87e-03 2.15e-05   0.0
          recFNToRawFN_a (recFNToRawFN_1_271) 1.58e-03 7.50e-04    0.221 2.55e-03   0.0
      g_prod_7__pipe_mult (VX_pipe_register_1_120) 2.31e-03 1.16e-02    0.477 1.44e-02   0.0
        g_shift_register (VX_shift_register_33_0_1_0_120) 2.31e-03 1.16e-02    0.477 1.44e-02   0.0
      g_prod_7__fp16_mul (VX_tcu_bhf_fmul_120) 2.35e-02 4.90e-02    5.426 7.79e-02   0.1
        pipe_rnd (VX_pipe_register_4_232) 3.34e-03 1.16e-02    0.477 1.54e-02   0.0
          g_shift_register (VX_shift_register_38_0_1_0_232) 3.34e-03 1.16e-02    0.477 1.54e-02   0.0
        rounding (roundAnyRawFNToRecFN_121) 1.21e-03 1.11e-03    0.272 2.58e-03   0.0
        pipe_add (VX_pipe_register_3_120) 4.68e-03 2.46e-02    1.028 3.03e-02   0.0
          g_shift_register (VX_shift_register_37_0_2_0_120) 4.68e-03 2.46e-02    1.028 3.03e-02   0.0
        multiplier (mulRecFNToFullRaw_120) 1.28e-02 1.08e-02    3.023 2.66e-02   0.0
          isSigNaN_b (isSigNaNRecFN_241) 6.03e-06 9.53e-06 4.72e-03 2.03e-05   0.0
          recFNToRawFN_b (recFNToRawFN_241) 1.45e-03 2.28e-04    0.129 1.81e-03   0.0
          isSigNaN_a (isSigNaNRecFN_242) 5.16e-06 7.24e-06 4.69e-03 1.71e-05   0.0
          recFNToRawFN_a (recFNToRawFN_242) 3.54e-04 1.66e-04    0.129 6.49e-04   0.0
        g_in_ieee_from_ieee_b (fNToRecFN_1_240) 9.75e-04 5.28e-04    0.313 1.82e-03   0.0
          clz (bsg_counting_leading_zeros_1_240) 1.22e-04 9.04e-05 6.84e-02 2.80e-04   0.0
            lzc (VX_lzc_1_240)         1.22e-04 9.04e-05 6.84e-02 2.80e-04   0.0
              g_lzc_find_first (VX_find_first_10_4_1_240) 5.40e-05 7.08e-05 5.55e-02 1.80e-04   0.0
        g_in_ieee_from_ieee_a (fNToRecFN_1_241) 5.80e-04 3.95e-04    0.313 1.29e-03   0.0
          clz (bsg_counting_leading_zeros_1_241) 9.13e-05 6.70e-05 6.83e-02 2.27e-04   0.0
            lzc (VX_lzc_1_241)         9.13e-05 6.70e-05 6.83e-02 2.27e-04   0.0
              g_lzc_find_first (VX_find_first_10_4_1_241) 3.99e-05 5.22e-05 5.55e-02 1.48e-04   0.0
      g_prod_6__pipe_mult (VX_pipe_register_1_121) 2.55e-03 1.16e-02    0.477 1.46e-02   0.0
        g_shift_register (VX_shift_register_33_0_1_0_121) 2.55e-03 1.16e-02    0.477 1.46e-02   0.0
      g_prod_6__fp16_mul (VX_tcu_bhf_fmul_121) 2.10e-02 4.90e-02    5.429 7.55e-02   0.1
        pipe_rnd (VX_pipe_register_4_233) 2.46e-03 1.16e-02    0.477 1.45e-02   0.0
          g_shift_register (VX_shift_register_38_0_1_0_233) 2.46e-03 1.16e-02    0.477 1.45e-02   0.0
        rounding (roundAnyRawFNToRecFN_122) 1.21e-03 1.11e-03    0.273 2.59e-03   0.0
        pipe_add (VX_pipe_register_3_121) 5.25e-03 2.46e-02    1.028 3.09e-02   0.0
          g_shift_register (VX_shift_register_37_0_2_0_121) 5.25e-03 2.46e-02    1.028 3.09e-02   0.0
        multiplier (mulRecFNToFullRaw_121) 1.08e-02 1.08e-02    3.024 2.46e-02   0.0
          isSigNaN_b (isSigNaNRecFN_243) 5.02e-06 8.83e-06 4.69e-03 1.85e-05   0.0
          recFNToRawFN_b (recFNToRawFN_243) 7.21e-04 2.22e-04    0.129 1.07e-03   0.0
          isSigNaN_a (isSigNaNRecFN_244) 6.87e-06 7.11e-06 4.68e-03 1.87e-05   0.0
          recFNToRawFN_a (recFNToRawFN_244) 3.81e-04 1.67e-04    0.129 6.78e-04   0.0
        g_in_ieee_from_ieee_b (fNToRecFN_1_242) 7.41e-04 5.30e-04    0.313 1.58e-03   0.0
          clz (bsg_counting_leading_zeros_1_242) 1.20e-04 9.22e-05 6.85e-02 2.80e-04   0.0
            lzc (VX_lzc_1_242)         1.20e-04 9.22e-05 6.85e-02 2.80e-04   0.0
              g_lzc_find_first (VX_find_first_10_4_1_242) 5.38e-05 7.26e-05 5.56e-02 1.82e-04   0.0
        g_in_ieee_from_ieee_a (fNToRecFN_1_243) 5.58e-04 4.02e-04    0.313 1.27e-03   0.0
          clz (bsg_counting_leading_zeros_1_243) 9.28e-05 6.90e-05 6.83e-02 2.30e-04   0.0
            lzc (VX_lzc_1_243)         9.28e-05 6.90e-05 6.83e-02 2.30e-04   0.0
              g_lzc_find_first (VX_find_first_10_4_1_243) 4.12e-05 5.34e-05 5.55e-02 1.50e-04   0.0
      g_prod_5__pipe_mult (VX_pipe_register_1_122) 2.98e-03 1.16e-02    0.477 1.50e-02   0.0
        g_shift_register (VX_shift_register_33_0_1_0_122) 2.98e-03 1.16e-02    0.477 1.50e-02   0.0
      g_prod_5__fp16_mul (VX_tcu_bhf_fmul_122) 2.34e-02 4.90e-02    5.431 7.79e-02   0.1
        pipe_rnd (VX_pipe_register_4_234) 3.23e-03 1.16e-02    0.477 1.53e-02   0.0
          g_shift_register (VX_shift_register_38_0_1_0_234) 3.23e-03 1.16e-02    0.477 1.53e-02   0.0
        rounding (roundAnyRawFNToRecFN_123) 1.46e-03 1.11e-03    0.273 2.85e-03   0.0
        pipe_add (VX_pipe_register_3_122) 4.38e-03 2.46e-02    1.028 3.00e-02   0.0
          g_shift_register (VX_shift_register_37_0_2_0_122) 4.38e-03 2.46e-02    1.028 3.00e-02   0.0
        multiplier (mulRecFNToFullRaw_122) 1.31e-02 1.08e-02    3.026 2.69e-02   0.0
          isSigNaN_b (isSigNaNRecFN_245) 5.69e-06 8.96e-06 4.68e-03 1.93e-05   0.0
          recFNToRawFN_b (recFNToRawFN_245) 7.05e-04 2.21e-04    0.129 1.06e-03   0.0
          isSigNaN_a (isSigNaNRecFN_246) 4.85e-06 7.00e-06 4.69e-03 1.65e-05   0.0
          recFNToRawFN_a (recFNToRawFN_246) 4.36e-04 1.68e-04    0.129 7.33e-04   0.0
        g_in_ieee_from_ieee_b (fNToRecFN_1_244) 6.45e-04 5.18e-04    0.313 1.48e-03   0.0
          clz (bsg_counting_leading_zeros_1_244) 1.17e-04 8.86e-05 6.83e-02 2.74e-04   0.0
            lzc (VX_lzc_1_244)         1.17e-04 8.86e-05 6.83e-02 2.74e-04   0.0
              g_lzc_find_first (VX_find_first_10_4_1_244) 5.43e-05 6.98e-05 5.54e-02 1.80e-04   0.0
        g_in_ieee_from_ieee_a (fNToRecFN_1_245) 6.77e-04 4.02e-04    0.313 1.39e-03   0.0
          clz (bsg_counting_leading_zeros_1_245) 9.67e-05 6.94e-05 6.84e-02 2.35e-04   0.0
            lzc (VX_lzc_1_245)         9.67e-05 6.94e-05 6.84e-02 2.35e-04   0.0
              g_lzc_find_first (VX_find_first_10_4_1_245) 4.17e-05 5.38e-05 5.55e-02 1.51e-04   0.0
      g_prod_4__pipe_mult (VX_pipe_register_1_123) 3.40e-03 1.16e-02    0.477 1.54e-02   0.0
        g_shift_register (VX_shift_register_33_0_1_0_123) 3.40e-03 1.16e-02    0.477 1.54e-02   0.0
      g_prod_4__fp16_mul (VX_tcu_bhf_fmul_123) 2.37e-02 4.91e-02    5.427 7.82e-02   0.1
        pipe_rnd (VX_pipe_register_4_235) 3.08e-03 1.16e-02    0.477 1.51e-02   0.0
          g_shift_register (VX_shift_register_38_0_1_0_235) 3.08e-03 1.16e-02    0.477 1.51e-02   0.0
        rounding (roundAnyRawFNToRecFN_124) 2.39e-03 1.12e-03    0.273 3.78e-03   0.0
        pipe_add (VX_pipe_register_3_123) 5.05e-03 2.46e-02    1.028 3.07e-02   0.0
          g_shift_register (VX_shift_register_37_0_2_0_123) 5.05e-03 2.46e-02    1.028 3.07e-02   0.0
        multiplier (mulRecFNToFullRaw_123) 1.19e-02 1.08e-02    3.023 2.58e-02   0.0
          isSigNaN_b (isSigNaNRecFN_247) 5.04e-06 8.75e-06 4.67e-03 1.85e-05   0.0
          recFNToRawFN_b (recFNToRawFN_247) 7.95e-04 2.23e-04    0.129 1.15e-03   0.0
          isSigNaN_a (isSigNaNRecFN_248) 5.94e-06 7.60e-06 4.72e-03 1.83e-05   0.0
          recFNToRawFN_a (recFNToRawFN_248) 3.70e-04 1.68e-04    0.129 6.67e-04   0.0
        g_in_ieee_from_ieee_b (fNToRecFN_1_246) 7.12e-04 5.31e-04    0.313 1.56e-03   0.0
          clz (bsg_counting_leading_zeros_1_246) 1.22e-04 9.14e-05 6.84e-02 2.82e-04   0.0
            lzc (VX_lzc_1_246)         1.22e-04 9.14e-05 6.84e-02 2.82e-04   0.0
              g_lzc_find_first (VX_find_first_10_4_1_246) 5.52e-05 7.19e-05 5.55e-02 1.83e-04   0.0
        g_in_ieee_from_ieee_a (fNToRecFN_1_247) 5.67e-04 4.02e-04    0.314 1.28e-03   0.0
          clz (bsg_counting_leading_zeros_1_247) 9.28e-05 6.97e-05 6.86e-02 2.31e-04   0.0
            lzc (VX_lzc_1_247)         9.28e-05 6.97e-05 6.86e-02 2.31e-04   0.0
              g_lzc_find_first (VX_find_first_10_4_1_247) 4.07e-05 5.43e-05 5.57e-02 1.51e-04   0.0
      g_prod_3__pipe_mult (VX_pipe_register_1_124) 2.61e-03 1.16e-02    0.477 1.47e-02   0.0
        g_shift_register (VX_shift_register_33_0_1_0_124) 2.61e-03 1.16e-02    0.477 1.47e-02   0.0
      g_prod_3__fp16_mul (VX_tcu_bhf_fmul_124) 2.15e-02 4.90e-02    5.411 7.59e-02   0.1
        pipe_rnd (VX_pipe_register_4_236) 3.28e-03 1.16e-02    0.477 1.53e-02   0.0
          g_shift_register (VX_shift_register_38_0_1_0_236) 3.28e-03 1.16e-02    0.477 1.53e-02   0.0
        rounding (roundAnyRawFNToRecFN_125) 1.36e-03 1.11e-03    0.273 2.74e-03   0.0
        pipe_add (VX_pipe_register_3_124) 4.97e-03 2.46e-02    1.028 3.06e-02   0.0
          g_shift_register (VX_shift_register_37_0_2_0_124) 4.97e-03 2.46e-02    1.028 3.06e-02   0.0
        multiplier (mulRecFNToFullRaw_124) 1.08e-02 1.08e-02    3.009 2.45e-02   0.0
          isSigNaN_b (isSigNaNRecFN_249) 5.02e-06 8.57e-06 4.65e-03 1.82e-05   0.0
          recFNToRawFN_b (recFNToRawFN_249) 6.67e-04 2.21e-04    0.129 1.02e-03   0.0
          isSigNaN_a (isSigNaNRecFN_250) 4.87e-06 7.14e-06 4.66e-03 1.67e-05   0.0
          recFNToRawFN_a (recFNToRawFN_250) 3.45e-04 1.67e-04    0.129 6.41e-04   0.0
        g_in_ieee_from_ieee_b (fNToRecFN_1_248) 6.62e-04 5.24e-04    0.314 1.50e-03   0.0
          clz (bsg_counting_leading_zeros_1_248) 1.21e-04 9.09e-05 6.83e-02 2.80e-04   0.0
            lzc (VX_lzc_1_248)         1.21e-04 9.09e-05 6.83e-02 2.80e-04   0.0
              g_lzc_find_first (VX_find_first_10_4_1_248) 5.44e-05 7.16e-05 5.55e-02 1.81e-04   0.0
        g_in_ieee_from_ieee_a (fNToRecFN_1_249) 5.27e-04 4.00e-04    0.311 1.24e-03   0.0
          clz (bsg_counting_leading_zeros_1_249) 9.45e-05 6.98e-05 6.83e-02 2.33e-04   0.0
            lzc (VX_lzc_1_249)         9.45e-05 6.98e-05 6.83e-02 2.33e-04   0.0
              g_lzc_find_first (VX_find_first_10_4_1_249) 4.16e-05 5.40e-05 5.54e-02 1.51e-04   0.0
      g_prod_2__pipe_mult (VX_pipe_register_1_125) 3.32e-03 1.16e-02    0.477 1.54e-02   0.0
        g_shift_register (VX_shift_register_33_0_1_0_125) 3.32e-03 1.16e-02    0.477 1.54e-02   0.0
      g_prod_2__fp16_mul (VX_tcu_bhf_fmul_125) 2.10e-02 4.89e-02    5.424 7.53e-02   0.1
        pipe_rnd (VX_pipe_register_4_237) 2.51e-03 1.16e-02    0.477 1.46e-02   0.0
          g_shift_register (VX_shift_register_38_0_1_0_237) 2.51e-03 1.16e-02    0.477 1.46e-02   0.0
        rounding (roundAnyRawFNToRecFN_126) 1.71e-03 1.12e-03    0.272 3.10e-03   0.0
        pipe_add (VX_pipe_register_3_125) 4.50e-03 2.46e-02    1.028 3.01e-02   0.0
          g_shift_register (VX_shift_register_37_0_2_0_125) 4.50e-03 2.46e-02    1.028 3.01e-02   0.0
        multiplier (mulRecFNToFullRaw_125) 1.10e-02 1.07e-02    3.024 2.48e-02   0.0
          isSigNaN_b (isSigNaNRecFN_251) 5.85e-06 8.92e-06 4.66e-03 1.94e-05   0.0
          recFNToRawFN_b (recFNToRawFN_251) 7.02e-04 2.21e-04    0.129 1.05e-03   0.0
          isSigNaN_a (isSigNaNRecFN_252) 4.19e-06 7.08e-06 4.74e-03 1.60e-05   0.0
          recFNToRawFN_a (recFNToRawFN_252) 3.51e-04 1.66e-04    0.129 6.46e-04   0.0
        g_in_ieee_from_ieee_b (fNToRecFN_1_250) 6.63e-04 5.26e-04    0.312 1.50e-03   0.0
          clz (bsg_counting_leading_zeros_1_250) 1.19e-04 9.13e-05 6.83e-02 2.79e-04   0.0
            lzc (VX_lzc_1_250)         1.19e-04 9.13e-05 6.83e-02 2.79e-04   0.0
              g_lzc_find_first (VX_find_first_10_4_1_250) 5.42e-05 7.17e-05 5.55e-02 1.81e-04   0.0
        g_in_ieee_from_ieee_a (fNToRecFN_1_251) 5.30e-04 3.98e-04    0.311 1.24e-03   0.0
          clz (bsg_counting_leading_zeros_1_251) 9.38e-05 6.98e-05 6.85e-02 2.32e-04   0.0
            lzc (VX_lzc_1_251)         9.38e-05 6.98e-05 6.85e-02 2.32e-04   0.0
              g_lzc_find_first (VX_find_first_10_4_1_251) 4.07e-05 5.42e-05 5.56e-02 1.50e-04   0.0
      g_prod_1__pipe_mult (VX_pipe_register_1_126) 2.39e-03 1.16e-02    0.477 1.44e-02   0.0
        g_shift_register (VX_shift_register_33_0_1_0_126) 2.39e-03 1.16e-02    0.477 1.44e-02   0.0
      g_prod_1__fp16_mul (VX_tcu_bhf_fmul_126) 2.08e-02 4.89e-02    5.425 7.51e-02   0.1
        pipe_rnd (VX_pipe_register_4_238) 2.30e-03 1.16e-02    0.477 1.43e-02   0.0
          g_shift_register (VX_shift_register_38_0_1_0_238) 2.30e-03 1.16e-02    0.477 1.43e-02   0.0
        rounding (roundAnyRawFNToRecFN_127) 1.67e-03 1.11e-03    0.271 3.05e-03   0.0
        pipe_add (VX_pipe_register_3_126) 4.23e-03 2.46e-02    1.028 2.99e-02   0.0
          g_shift_register (VX_shift_register_37_0_2_0_126) 4.23e-03 2.46e-02    1.028 2.99e-02   0.0
        multiplier (mulRecFNToFullRaw_126) 1.14e-02 1.07e-02    3.022 2.51e-02   0.0
          isSigNaN_b (isSigNaNRecFN_253) 4.68e-06 9.03e-06 4.70e-03 1.84e-05   0.0
          recFNToRawFN_b (recFNToRawFN_253) 7.08e-04 2.23e-04    0.129 1.06e-03   0.0
          isSigNaN_a (isSigNaNRecFN_254) 4.56e-06 6.84e-06 4.71e-03 1.61e-05   0.0
          recFNToRawFN_a (recFNToRawFN_254) 3.37e-04 1.63e-04    0.129 6.29e-04   0.0
        g_in_ieee_from_ieee_b (fNToRecFN_1_252) 6.91e-04 5.30e-04    0.313 1.53e-03   0.0
          clz (bsg_counting_leading_zeros_1_252) 1.23e-04 9.11e-05 6.85e-02 2.83e-04   0.0
            lzc (VX_lzc_1_252)         1.23e-04 9.11e-05 6.85e-02 2.83e-04   0.0
              g_lzc_find_first (VX_find_first_10_4_1_252) 5.56e-05 7.16e-05 5.56e-02 1.83e-04   0.0
        g_in_ieee_from_ieee_a (fNToRecFN_1_253) 5.59e-04 3.97e-04    0.313 1.27e-03   0.0
          clz (bsg_counting_leading_zeros_1_253) 9.24e-05 6.90e-05 6.84e-02 2.30e-04   0.0
            lzc (VX_lzc_1_253)         9.24e-05 6.90e-05 6.84e-02 2.30e-04   0.0
              g_lzc_find_first (VX_find_first_10_4_1_253) 4.25e-05 5.38e-05 5.55e-02 1.52e-04   0.0
      g_prod_0__pipe_mult (VX_pipe_register_1_127) 2.35e-03 1.16e-02    0.477 1.44e-02   0.0
        g_shift_register (VX_shift_register_33_0_1_0_127) 2.35e-03 1.16e-02    0.477 1.44e-02   0.0
      g_prod_0__fp16_mul (VX_tcu_bhf_fmul_127) 1.83e-02 4.90e-02    5.425 7.27e-02   0.1
        pipe_rnd (VX_pipe_register_4_239) 1.94e-03 1.16e-02    0.477 1.40e-02   0.0
          g_shift_register (VX_shift_register_38_0_1_0_239) 1.94e-03 1.16e-02    0.477 1.40e-02   0.0
        rounding (roundAnyRawFNToRecFN_128) 8.01e-04 1.11e-03    0.272 2.18e-03   0.0
        pipe_add (VX_pipe_register_3_127) 3.98e-03 2.46e-02    1.028 2.96e-02   0.0
          g_shift_register (VX_shift_register_37_0_2_0_127) 3.98e-03 2.46e-02    1.028 2.96e-02   0.0
        multiplier (mulRecFNToFullRaw_127) 1.04e-02 1.08e-02    3.022 2.42e-02   0.0
          isSigNaN_b (isSigNaNRecFN_255) 4.89e-06 8.93e-06 4.70e-03 1.85e-05   0.0
          recFNToRawFN_b (recFNToRawFN_255) 6.63e-04 2.22e-04    0.129 1.01e-03   0.0
          isSigNaN_a (isSigNaNRecFN_256) 4.93e-06 7.16e-06 4.74e-03 1.68e-05   0.0
          recFNToRawFN_a (recFNToRawFN_256) 3.34e-04 1.65e-04    0.129 6.29e-04   0.0
        g_in_ieee_from_ieee_b (fNToRecFN_1_254) 6.81e-04 5.32e-04    0.313 1.53e-03   0.0
          clz (bsg_counting_leading_zeros_1_254) 1.19e-04 9.11e-05 6.84e-02 2.79e-04   0.0
            lzc (VX_lzc_1_254)         1.19e-04 9.11e-05 6.84e-02 2.79e-04   0.0
              g_lzc_find_first (VX_find_first_10_4_1_254) 5.43e-05 7.14e-05 5.55e-02 1.81e-04   0.0
        g_in_ieee_from_ieee_a (fNToRecFN_1_255) 5.28e-04 3.97e-04    0.312 1.24e-03   0.0
          clz (bsg_counting_leading_zeros_1_255) 9.34e-05 6.85e-05 6.84e-02 2.30e-04   0.0
            lzc (VX_lzc_1_255)         6.98e-05 6.18e-05 6.20e-02 1.94e-04   0.0
              g_lzc_find_first (VX_find_first_10_4_1_255) 4.09e-05 5.30e-05 5.55e-02 1.49e-04   0.0
    g_i_4__g_j_0__genblk1_u_buffer_ex (VX_pipe_register_21) 1.61e-02 9.43e-02    4.324    0.115   0.2
      g_shift_register (VX_shift_register_582_0_1_0_15) 1.61e-02 9.43e-02    4.324    0.115   0.2
    g_i_3__g_j_3__fedp (VX_tcu_fedp_bhf_16)    0.697    1.219  116.969    2.033   2.8
      final_add (VX_tcu_bhf_fadd_1_16) 6.25e-02 6.72e-02    8.629    0.138   0.2
        pipe_rnd (VX_pipe_register_6_16) 1.00e-02 1.16e-02    0.499 2.21e-02   0.0
          g_shift_register (VX_shift_register_37_0_1_0_16) 1.00e-02 1.16e-02    0.499 2.21e-02   0.0
        g_out_ieee_to_ieee (recFNToFN_16) 1.09e-02 2.95e-03    0.847 1.47e-02   0.0
          recFNToRawFN (recFNToRawFN_1_272) 3.91e-03 6.69e-04    0.229 4.81e-03   0.0
        rounding (roundAnyRawFNToRecFN_1_128) 8.89e-03 2.99e-03    1.231 1.31e-02   0.0
          genblk2_genblk1_lowMask_roundMask (lowMaskLoHi_128) 2.36e-04 1.37e-04    0.301 6.74e-04   0.0
            reverse (reverse_2_128)    6.15e-06 2.40e-06    0.154 1.62e-04   0.0
        pipe_add (VX_pipe_register_5_128) 7.50e-03 3.05e-02    1.265 3.93e-02   0.1
          g_shift_register (VX_shift_register_45_0_2_0_128) 7.50e-03 3.05e-02    1.265 3.93e-02   0.1
        adder (addRecFNToRaw_128)      2.46e-02 1.91e-02    4.759 4.85e-02   0.1
          lowMask_far_roundExtraMask (lowMaskHiLo_128) 4.22e-05 8.11e-05 8.05e-02 2.04e-04   0.0
            reverse (reverse_1_128)    1.88e-05 3.82e-05 5.04e-02 1.07e-04   0.0
          compressBy4_far_sigSmaller (compressBy4_128) 5.73e-05 1.83e-04 4.51e-02 2.86e-04   0.0
          countLeadingZeros_close (countLeadingZeros_128) 5.41e-04 4.59e-04    0.163 1.16e-03   0.0
            reverse_in (reverse_130)   2.80e-04 3.13e-04 9.01e-02 6.83e-04   0.0
          compressBy2_close_sigSum (compressBy2_128) 1.66e-04 3.38e-04 6.59e-02 5.69e-04   0.0
          isSigNaN_b (isSigNaNRecFN_1_256) 4.27e-06 5.15e-06 4.53e-03 1.39e-05   0.0
          recFNToRawFN_b (recFNToRawFN_1_273) 6.33e-04 2.73e-04    0.236 1.14e-03   0.0
          isSigNaN_a (isSigNaNRecFN_1_257) 6.83e-06 1.29e-05 4.74e-03 2.45e-05   0.0
          recFNToRawFN_a (recFNToRawFN_1_274) 1.29e-03 8.19e-04    0.232 2.34e-03   0.0
      pipe_c (VX_pipe_register_2_16)   1.89e-02    0.139    6.434    0.164   0.2
        g_shift_register (VX_shift_register_33_0_13_0_16) 1.89e-02    0.139    6.434    0.164   0.2
      conv_c (fNToRecFN_17)            2.15e-03 9.26e-04    0.777 3.85e-03   0.0
        clz (bsg_counting_leading_zeros_17) 1.11e-04 1.09e-04    0.119 3.39e-04   0.0
          lzc (VX_lzc_17)              1.11e-04 1.09e-04    0.119 3.39e-04   0.0
            g_lzc_find_first (VX_find_first_23_5_1_16) 9.86e-05 1.06e-04    0.107 3.11e-04   0.0
      g_red_tree_2__g_add_0__reduce_add (VX_tcu_bhf_fadd_113) 5.12e-02 7.58e-02    7.728    0.135   0.2
        pipe_rnd (VX_pipe_register_4_240) 2.12e-03 1.25e-02    0.504 1.52e-02   0.0
          g_shift_register (VX_shift_register_38_0_1_0_240) 2.12e-03 1.25e-02    0.504 1.52e-02   0.0
        rounding (roundAnyRawFNToRecFN_1_129) 5.29e-03 3.67e-03    1.200 1.02e-02   0.0
          genblk2_genblk1_lowMask_roundMask (lowMaskLoHi_129) 2.71e-04 1.45e-04    0.302 7.18e-04   0.0
            reverse (reverse_2_129)    1.33e-05 5.42e-06    0.154 1.72e-04   0.0
        pipe_add (VX_pipe_register_5_129) 6.90e-03 3.16e-02    1.265 3.98e-02   0.1
          g_shift_register (VX_shift_register_45_0_2_0_129) 6.90e-03 3.16e-02    1.265 3.98e-02   0.1
        adder (addRecFNToRaw_129)      3.69e-02 2.80e-02    4.760 6.97e-02   0.1
          lowMask_far_roundExtraMask (lowMaskHiLo_129) 1.58e-04 2.98e-04 8.09e-02 5.37e-04   0.0
            reverse (reverse_1_129)    6.63e-05 1.45e-04 4.72e-02 2.59e-04   0.0
          compressBy4_far_sigSmaller (compressBy4_129) 8.83e-05 3.64e-04 4.78e-02 5.00e-04   0.0
          countLeadingZeros_close (countLeadingZeros_129) 6.03e-04 5.34e-04    0.163 1.30e-03   0.0
            reverse_in (reverse_131)   3.20e-04 3.70e-04 8.95e-02 7.79e-04   0.0
          compressBy2_close_sigSum (compressBy2_129) 1.82e-04 3.99e-04 6.61e-02 6.47e-04   0.0
          isSigNaN_b (isSigNaNRecFN_1_258) 7.10e-06 8.50e-06 4.15e-03 1.98e-05   0.0
          recFNToRawFN_b (recFNToRawFN_1_275) 2.78e-03 9.08e-04    0.233 3.92e-03   0.0
          isSigNaN_a (isSigNaNRecFN_1_259) 4.71e-06 8.60e-06 4.18e-03 1.75e-05   0.0
          recFNToRawFN_a (recFNToRawFN_1_276) 1.58e-03 8.93e-04    0.233 2.70e-03   0.0
      g_red_tree_1__g_add_1__reduce_add (VX_tcu_bhf_fadd_114) 5.67e-02 7.67e-02    7.768    0.141   0.2
        pipe_rnd (VX_pipe_register_4_241) 2.78e-03 1.29e-02    0.505 1.62e-02   0.0
          g_shift_register (VX_shift_register_38_0_1_0_241) 2.78e-03 1.29e-02    0.505 1.62e-02   0.0
        rounding (roundAnyRawFNToRecFN_1_130) 7.06e-03 3.90e-03    1.227 1.22e-02   0.0
          genblk2_genblk1_lowMask_roundMask (lowMaskLoHi_130) 2.56e-04 1.51e-04    0.302 7.09e-04   0.0
            reverse (reverse_2_130)    1.38e-05 5.42e-06    0.153 1.73e-04   0.0
        pipe_add (VX_pipe_register_5_130) 9.07e-03 3.17e-02    1.266 4.21e-02   0.1
          g_shift_register (VX_shift_register_45_0_2_0_130) 9.07e-03 3.17e-02    1.266 4.21e-02   0.1
        adder (addRecFNToRaw_130)      3.78e-02 2.81e-02    4.770 7.07e-02   0.1
          lowMask_far_roundExtraMask (lowMaskHiLo_130) 1.42e-04 2.71e-04 8.07e-02 4.94e-04   0.0
            reverse (reverse_1_130)    6.12e-05 1.31e-04 4.69e-02 2.39e-04   0.0
          compressBy4_far_sigSmaller (compressBy4_130) 6.18e-05 3.41e-04 4.62e-02 4.49e-04   0.0
          countLeadingZeros_close (countLeadingZeros_130) 5.76e-04 5.19e-04    0.163 1.26e-03   0.0
            reverse_in (reverse_132)   3.01e-04 3.64e-04 8.98e-02 7.54e-04   0.0
          compressBy2_close_sigSum (compressBy2_130) 2.08e-04 3.93e-04 6.62e-02 6.67e-04   0.0
          isSigNaN_b (isSigNaNRecFN_1_260) 5.67e-06 9.53e-06 4.40e-03 1.96e-05   0.0
          recFNToRawFN_b (recFNToRawFN_1_277) 3.07e-03 9.24e-04    0.234 4.23e-03   0.0
          isSigNaN_a (isSigNaNRecFN_1_261) 4.30e-06 9.36e-06 4.34e-03 1.80e-05   0.0
          recFNToRawFN_a (recFNToRawFN_1_278) 1.77e-03 9.21e-04    0.234 2.92e-03   0.0
      g_red_tree_1__g_add_0__reduce_add (VX_tcu_bhf_fadd_115) 5.68e-02 7.66e-02    7.770    0.141   0.2
        pipe_rnd (VX_pipe_register_4_242) 3.48e-03 1.29e-02    0.505 1.69e-02   0.0
          g_shift_register (VX_shift_register_38_0_1_0_242) 3.48e-03 1.29e-02    0.505 1.69e-02   0.0
        rounding (roundAnyRawFNToRecFN_1_131) 6.95e-03 3.87e-03    1.224 1.20e-02   0.0
          genblk2_genblk1_lowMask_roundMask (lowMaskLoHi_131) 2.58e-04 1.50e-04    0.302 7.11e-04   0.0
            reverse (reverse_2_131)    1.39e-05 5.42e-06    0.153 1.73e-04   0.0
        pipe_add (VX_pipe_register_5_131) 9.10e-03 3.17e-02    1.265 4.21e-02   0.1
          g_shift_register (VX_shift_register_45_0_2_0_131) 9.10e-03 3.17e-02    1.265 4.21e-02   0.1
        adder (addRecFNToRaw_131)      3.73e-02 2.81e-02    4.776 7.02e-02   0.1
          lowMask_far_roundExtraMask (lowMaskHiLo_131) 1.49e-04 2.70e-04 8.07e-02 5.00e-04   0.0
            reverse (reverse_1_131)    6.02e-05 1.30e-04 4.69e-02 2.37e-04   0.0
          compressBy4_far_sigSmaller (compressBy4_131) 6.60e-05 3.45e-04 4.62e-02 4.57e-04   0.0
          countLeadingZeros_close (countLeadingZeros_131) 5.78e-04 5.17e-04    0.163 1.26e-03   0.0
            reverse_in (reverse_133)   3.07e-04 3.63e-04 8.98e-02 7.60e-04   0.0
          compressBy2_close_sigSum (compressBy2_131) 2.14e-04 3.93e-04 6.62e-02 6.74e-04   0.0
          isSigNaN_b (isSigNaNRecFN_1_262) 6.32e-06 9.41e-06 4.36e-03 2.01e-05   0.0
          recFNToRawFN_b (recFNToRawFN_1_279) 2.67e-03 9.28e-04    0.234 3.83e-03   0.0
          isSigNaN_a (isSigNaNRecFN_1_263) 8.50e-06 9.08e-06 4.37e-03 2.19e-05   0.0
          recFNToRawFN_a (recFNToRawFN_1_280) 2.21e-03 9.51e-04    0.234 3.39e-03   0.0
      g_red_tree_0__g_add_3__reduce_add (VX_tcu_bhf_fadd_116) 6.22e-02 7.47e-02    7.651    0.145   0.2
        pipe_rnd (VX_pipe_register_4_243) 4.00e-03 1.31e-02    0.505 1.76e-02   0.0
          g_shift_register (VX_shift_register_38_0_1_0_243) 4.00e-03 1.31e-02    0.505 1.76e-02   0.0
        rounding (roundAnyRawFNToRecFN_1_132) 1.58e-02 4.04e-03    1.293 2.11e-02   0.0
          genblk2_genblk1_lowMask_roundMask (lowMaskLoHi_132) 2.47e-04 1.51e-04    0.303 7.01e-04   0.0
            reverse (reverse_2_132)    1.35e-05 5.42e-06    0.153 1.72e-04   0.0
        pipe_add (VX_pipe_register_5_132) 1.09e-02 3.22e-02    1.268 4.44e-02   0.1
          g_shift_register (VX_shift_register_45_0_2_0_132) 1.09e-02 3.22e-02    1.268 4.44e-02   0.1
        adder (addRecFNToRaw_132)      3.16e-02 2.53e-02    4.585 6.15e-02   0.1
          lowMask_far_roundExtraMask (lowMaskHiLo_132) 1.19e-04 2.24e-04 6.92e-02 4.12e-04   0.0
            reverse (reverse_1_132)    5.02e-05 1.08e-04 3.98e-02 1.98e-04   0.0
          compressBy4_far_sigSmaller (compressBy4_132) 3.75e-05 2.46e-04 4.06e-02 3.24e-04   0.0
          countLeadingZeros_close (countLeadingZeros_132) 5.50e-04 5.02e-04    0.156 1.21e-03   0.0
            reverse_in (reverse_134)   2.83e-04 3.04e-04 8.27e-02 6.70e-04   0.0
          compressBy2_close_sigSum (compressBy2_132) 1.73e-04 3.29e-04 6.15e-02 5.63e-04   0.0
          isSigNaN_b (isSigNaNRecFN_1_264) 7.05e-06 1.11e-05 4.87e-03 2.30e-05   0.0
          recFNToRawFN_b (recFNToRawFN_1_281) 2.21e-03 7.57e-04    0.221 3.18e-03   0.0
          isSigNaN_a (isSigNaNRecFN_1_265) 7.97e-06 1.09e-05 4.86e-03 2.37e-05   0.0
          recFNToRawFN_a (recFNToRawFN_1_282) 2.03e-03 7.51e-04    0.221 3.01e-03   0.0
      g_red_tree_0__g_add_2__reduce_add (VX_tcu_bhf_fadd_117) 5.18e-02 7.43e-02    7.605    0.134   0.2
        pipe_rnd (VX_pipe_register_4_244) 3.59e-03 1.30e-02    0.505 1.71e-02   0.0
          g_shift_register (VX_shift_register_38_0_1_0_244) 3.59e-03 1.30e-02    0.505 1.71e-02   0.0
        rounding (roundAnyRawFNToRecFN_1_133) 7.37e-03 3.85e-03    1.243 1.25e-02   0.0
          genblk2_genblk1_lowMask_roundMask (lowMaskLoHi_133) 2.44e-04 1.52e-04    0.303 6.99e-04   0.0
            reverse (reverse_2_133)    1.34e-05 5.42e-06    0.153 1.72e-04   0.0
        pipe_add (VX_pipe_register_5_133) 8.91e-03 3.22e-02    1.268 4.24e-02   0.1
          g_shift_register (VX_shift_register_45_0_2_0_133) 8.91e-03 3.22e-02    1.268 4.24e-02   0.1
        adder (addRecFNToRaw_133)      3.19e-02 2.53e-02    4.588 6.18e-02   0.1
          lowMask_far_roundExtraMask (lowMaskHiLo_133) 1.32e-04 2.23e-04 6.92e-02 4.25e-04   0.0
            reverse (reverse_1_133)    6.60e-05 1.08e-04 3.98e-02 2.14e-04   0.0
          compressBy4_far_sigSmaller (compressBy4_133) 3.79e-05 2.47e-04 4.07e-02 3.26e-04   0.0
          countLeadingZeros_close (countLeadingZeros_133) 5.53e-04 5.05e-04    0.159 1.22e-03   0.0
            reverse_in (reverse_135)   2.84e-04 3.03e-04 8.26e-02 6.70e-04   0.0
          compressBy2_close_sigSum (compressBy2_133) 1.74e-04 3.28e-04 6.15e-02 5.64e-04   0.0
          isSigNaN_b (isSigNaNRecFN_1_266) 9.56e-06 1.09e-05 4.85e-03 2.53e-05   0.0
          recFNToRawFN_b (recFNToRawFN_1_283) 1.98e-03 7.56e-04    0.221 2.96e-03   0.0
          isSigNaN_a (isSigNaNRecFN_1_267) 6.23e-06 1.12e-05 4.85e-03 2.23e-05   0.0
          recFNToRawFN_a (recFNToRawFN_1_284) 1.68e-03 7.54e-04    0.221 2.65e-03   0.0
      g_red_tree_0__g_add_1__reduce_add (VX_tcu_bhf_fadd_118) 5.50e-02 7.42e-02    7.616    0.137   0.2
        pipe_rnd (VX_pipe_register_4_245) 5.18e-03 1.30e-02    0.505 1.86e-02   0.0
          g_shift_register (VX_shift_register_38_0_1_0_245) 5.18e-03 1.30e-02    0.505 1.86e-02   0.0
        rounding (roundAnyRawFNToRecFN_1_134) 8.10e-03 3.89e-03    1.256 1.32e-02   0.0
          genblk2_genblk1_lowMask_roundMask (lowMaskLoHi_134) 2.49e-04 1.53e-04    0.303 7.05e-04   0.0
            reverse (reverse_2_134)    1.40e-05 5.42e-06    0.153 1.73e-04   0.0
        pipe_add (VX_pipe_register_5_134) 1.08e-02 3.22e-02    1.268 4.42e-02   0.1
          g_shift_register (VX_shift_register_45_0_2_0_134) 1.08e-02 3.22e-02    1.268 4.42e-02   0.1
        adder (addRecFNToRaw_134)      3.09e-02 2.52e-02    4.587 6.07e-02   0.1
          lowMask_far_roundExtraMask (lowMaskHiLo_134) 1.18e-04 2.22e-04 6.92e-02 4.10e-04   0.0
            reverse (reverse_1_134)    5.46e-05 1.07e-04 3.99e-02 2.02e-04   0.0
          compressBy4_far_sigSmaller (compressBy4_134) 3.70e-05 2.45e-04 4.08e-02 3.23e-04   0.0
          countLeadingZeros_close (countLeadingZeros_134) 5.41e-04 4.97e-04    0.156 1.19e-03   0.0
            reverse_in (reverse_136)   2.78e-04 3.01e-04 8.27e-02 6.62e-04   0.0
          compressBy2_close_sigSum (compressBy2_134) 1.73e-04 3.26e-04 6.15e-02 5.61e-04   0.0
          isSigNaN_b (isSigNaNRecFN_1_268) 5.98e-06 1.10e-05 4.85e-03 2.19e-05   0.0
          recFNToRawFN_b (recFNToRawFN_1_285) 1.92e-03 7.56e-04    0.221 2.90e-03   0.0
          isSigNaN_a (isSigNaNRecFN_1_269) 8.93e-06 1.11e-05 4.86e-03 2.49e-05   0.0
          recFNToRawFN_a (recFNToRawFN_1_286) 1.79e-03 7.52e-04    0.221 2.76e-03   0.0
      g_red_tree_0__g_add_0__reduce_add (VX_tcu_bhf_fadd_119) 6.83e-02 7.48e-02    7.715    0.151   0.2
        pipe_rnd (VX_pipe_register_4_246) 7.26e-03 1.31e-02    0.505 2.09e-02   0.0
          g_shift_register (VX_shift_register_38_0_1_0_246) 7.26e-03 1.31e-02    0.505 2.09e-02   0.0
        rounding (roundAnyRawFNToRecFN_1_135) 1.65e-02 4.17e-03    1.355 2.20e-02   0.0
          genblk2_genblk1_lowMask_roundMask (lowMaskLoHi_135) 2.50e-04 1.52e-04    0.303 7.04e-04   0.0
            reverse (reverse_2_135)    1.36e-05 5.42e-06    0.153 1.72e-04   0.0
        pipe_add (VX_pipe_register_5_135) 1.20e-02 3.22e-02    1.268 4.55e-02   0.1
          g_shift_register (VX_shift_register_45_0_2_0_135) 1.20e-02 3.22e-02    1.268 4.55e-02   0.1
        adder (addRecFNToRaw_135)      3.26e-02 2.53e-02    4.580 6.25e-02   0.1
          lowMask_far_roundExtraMask (lowMaskHiLo_135) 1.19e-04 2.24e-04 6.92e-02 4.12e-04   0.0
            reverse (reverse_1_135)    5.76e-05 1.09e-04 3.98e-02 2.06e-04   0.0
          compressBy4_far_sigSmaller (compressBy4_135) 5.87e-05 2.45e-04 4.06e-02 3.44e-04   0.0
          countLeadingZeros_close (countLeadingZeros_135) 5.52e-04 5.03e-04    0.156 1.21e-03   0.0
            reverse_in (reverse_137)   2.91e-04 3.05e-04 8.26e-02 6.78e-04   0.0
          compressBy2_close_sigSum (compressBy2_135) 1.78e-04 3.30e-04 6.15e-02 5.69e-04   0.0
          isSigNaN_b (isSigNaNRecFN_1_270) 8.95e-06 1.08e-05 4.84e-03 2.46e-05   0.0
          recFNToRawFN_b (recFNToRawFN_1_287) 2.28e-03 7.54e-04    0.221 3.26e-03   0.0
          isSigNaN_a (isSigNaNRecFN_1_271) 7.09e-06 1.10e-05 4.85e-03 2.29e-05   0.0
          recFNToRawFN_a (recFNToRawFN_1_288) 1.77e-03 7.50e-04    0.221 2.74e-03   0.0
      g_prod_7__pipe_mult (VX_pipe_register_1_128) 3.98e-03 1.16e-02    0.477 1.60e-02   0.0
        g_shift_register (VX_shift_register_33_0_1_0_128) 3.98e-03 1.16e-02    0.477 1.60e-02   0.0
      g_prod_7__fp16_mul (VX_tcu_bhf_fmul_128) 2.53e-02 4.91e-02    5.428 7.98e-02   0.1
        pipe_rnd (VX_pipe_register_4_247) 3.02e-03 1.16e-02    0.477 1.51e-02   0.0
          g_shift_register (VX_shift_register_38_0_1_0_247) 3.02e-03 1.16e-02    0.477 1.51e-02   0.0
        rounding (roundAnyRawFNToRecFN_129) 2.74e-03 1.13e-03    0.273 4.14e-03   0.0
        pipe_add (VX_pipe_register_3_128) 4.99e-03 2.46e-02    1.029 3.06e-02   0.0
          g_shift_register (VX_shift_register_37_0_2_0_128) 4.99e-03 2.46e-02    1.029 3.06e-02   0.0
        multiplier (mulRecFNToFullRaw_128) 1.26e-02 1.08e-02    3.023 2.64e-02   0.0
          isSigNaN_b (isSigNaNRecFN_257) 5.24e-06 9.05e-06 4.73e-03 1.90e-05   0.0
          recFNToRawFN_b (recFNToRawFN_257) 6.98e-04 2.24e-04    0.129 1.05e-03   0.0
          isSigNaN_a (isSigNaNRecFN_258) 4.23e-06 8.26e-06 4.66e-03 1.71e-05   0.0
          recFNToRawFN_a (recFNToRawFN_258) 7.97e-04 1.83e-04    0.129 1.11e-03   0.0
        g_in_ieee_from_ieee_b (fNToRecFN_1_256) 6.90e-04 5.31e-04    0.313 1.53e-03   0.0
          clz (bsg_counting_leading_zeros_1_256) 1.22e-04 9.18e-05 6.84e-02 2.82e-04   0.0
            lzc (VX_lzc_1_256)         1.22e-04 9.18e-05 6.84e-02 2.82e-04   0.0
              g_lzc_find_first (VX_find_first_10_4_1_256) 5.42e-05 7.18e-05 5.55e-02 1.81e-04   0.0
        g_in_ieee_from_ieee_a (fNToRecFN_1_257) 1.26e-03 4.03e-04    0.314 1.98e-03   0.0
          clz (bsg_counting_leading_zeros_1_257) 9.15e-05 6.85e-05 6.84e-02 2.28e-04   0.0
            lzc (VX_lzc_1_257)         6.90e-05 6.18e-05 6.20e-02 1.93e-04   0.0
              g_lzc_find_first (VX_find_first_10_4_1_257) 4.09e-05 5.32e-05 5.55e-02 1.50e-04   0.0
      g_prod_6__pipe_mult (VX_pipe_register_1_129) 2.38e-03 1.16e-02    0.477 1.44e-02   0.0
        g_shift_register (VX_shift_register_33_0_1_0_129) 2.38e-03 1.16e-02    0.477 1.44e-02   0.0
      g_prod_6__fp16_mul (VX_tcu_bhf_fmul_129) 2.44e-02 4.90e-02    5.426 7.88e-02   0.1
        pipe_rnd (VX_pipe_register_4_248) 4.18e-03 1.16e-02    0.477 1.62e-02   0.0
          g_shift_register (VX_shift_register_38_0_1_0_248) 4.18e-03 1.16e-02    0.477 1.62e-02   0.0
        rounding (roundAnyRawFNToRecFN_130) 2.48e-03 1.12e-03    0.272 3.88e-03   0.0
        pipe_add (VX_pipe_register_3_129) 4.78e-03 2.46e-02    1.028 3.04e-02   0.0
          g_shift_register (VX_shift_register_37_0_2_0_129) 4.78e-03 2.46e-02    1.028 3.04e-02   0.0
        multiplier (mulRecFNToFullRaw_129) 1.12e-02 1.08e-02    3.023 2.50e-02   0.0
          isSigNaN_b (isSigNaNRecFN_259) 5.69e-06 8.96e-06 4.73e-03 1.94e-05   0.0
          recFNToRawFN_b (recFNToRawFN_259) 7.09e-04 2.20e-04    0.129 1.06e-03   0.0
          isSigNaN_a (isSigNaNRecFN_260) 4.83e-06 7.95e-06 4.76e-03 1.75e-05   0.0
          recFNToRawFN_a (recFNToRawFN_260) 5.32e-04 1.73e-04    0.129 8.34e-04   0.0
        g_in_ieee_from_ieee_b (fNToRecFN_1_258) 7.36e-04 5.29e-04    0.313 1.58e-03   0.0
          clz (bsg_counting_leading_zeros_1_258) 1.19e-04 9.20e-05 6.85e-02 2.80e-04   0.0
            lzc (VX_lzc_1_258)         1.19e-04 9.20e-05 6.85e-02 2.80e-04   0.0
              g_lzc_find_first (VX_find_first_10_4_1_258) 5.31e-05 7.25e-05 5.56e-02 1.81e-04   0.0
        g_in_ieee_from_ieee_a (fNToRecFN_1_259) 9.92e-04 3.99e-04    0.313 1.70e-03   0.0
          clz (bsg_counting_leading_zeros_1_259) 9.17e-05 6.89e-05 6.84e-02 2.29e-04   0.0
            lzc (VX_lzc_1_259)         9.17e-05 6.89e-05 6.84e-02 2.29e-04   0.0
              g_lzc_find_first (VX_find_first_10_4_1_259) 3.96e-05 5.33e-05 5.55e-02 1.48e-04   0.0
      g_prod_5__pipe_mult (VX_pipe_register_1_130) 2.51e-03 1.16e-02    0.477 1.46e-02   0.0
        g_shift_register (VX_shift_register_33_0_1_0_130) 2.51e-03 1.16e-02    0.477 1.46e-02   0.0
      g_prod_5__fp16_mul (VX_tcu_bhf_fmul_130) 2.41e-02 4.91e-02    5.429 7.86e-02   0.1
        pipe_rnd (VX_pipe_register_4_249) 2.45e-03 1.16e-02    0.477 1.45e-02   0.0
          g_shift_register (VX_shift_register_38_0_1_0_249) 2.45e-03 1.16e-02    0.477 1.45e-02   0.0
        rounding (roundAnyRawFNToRecFN_131) 2.70e-03 1.12e-03    0.274 4.10e-03   0.0
        pipe_add (VX_pipe_register_3_130) 4.95e-03 2.46e-02    1.028 3.06e-02   0.0
          g_shift_register (VX_shift_register_37_0_2_0_130) 4.95e-03 2.46e-02    1.028 3.06e-02   0.0
        multiplier (mulRecFNToFullRaw_130) 1.25e-02 1.09e-02    3.023 2.64e-02   0.0
          isSigNaN_b (isSigNaNRecFN_261) 4.67e-06 9.16e-06 4.68e-03 1.85e-05   0.0
          recFNToRawFN_b (recFNToRawFN_261) 1.39e-03 2.27e-04    0.129 1.75e-03   0.0
          isSigNaN_a (isSigNaNRecFN_262) 4.31e-06 7.02e-06 4.66e-03 1.60e-05   0.0
          recFNToRawFN_a (recFNToRawFN_262) 4.61e-04 1.69e-04    0.129 7.59e-04   0.0
        g_in_ieee_from_ieee_b (fNToRecFN_1_260) 8.20e-04 5.28e-04    0.313 1.66e-03   0.0
          clz (bsg_counting_leading_zeros_1_260) 1.18e-04 9.08e-05 6.84e-02 2.77e-04   0.0
            lzc (VX_lzc_1_260)         1.18e-04 9.08e-05 6.84e-02 2.77e-04   0.0
              g_lzc_find_first (VX_find_first_10_4_1_260) 5.24e-05 7.15e-05 5.55e-02 1.79e-04   0.0
        g_in_ieee_from_ieee_a (fNToRecFN_1_261) 6.77e-04 4.03e-04    0.314 1.39e-03   0.0
          clz (bsg_counting_leading_zeros_1_261) 9.34e-05 6.87e-05 6.83e-02 2.30e-04   0.0
            lzc (VX_lzc_1_261)         9.34e-05 6.87e-05 6.83e-02 2.30e-04   0.0
              g_lzc_find_first (VX_find_first_10_4_1_261) 4.12e-05 5.30e-05 5.54e-02 1.50e-04   0.0
      g_prod_4__pipe_mult (VX_pipe_register_1_131) 2.72e-03 1.16e-02    0.477 1.48e-02   0.0
        g_shift_register (VX_shift_register_33_0_1_0_131) 2.72e-03 1.16e-02    0.477 1.48e-02   0.0
      g_prod_4__fp16_mul (VX_tcu_bhf_fmul_131) 2.46e-02 4.91e-02    5.457 7.92e-02   0.1
        pipe_rnd (VX_pipe_register_4_250) 3.03e-03 1.16e-02    0.477 1.51e-02   0.0
          g_shift_register (VX_shift_register_38_0_1_0_250) 3.03e-03 1.16e-02    0.477 1.51e-02   0.0
        rounding (roundAnyRawFNToRecFN_132) 2.14e-03 1.12e-03    0.274 3.53e-03   0.0
        pipe_add (VX_pipe_register_3_131) 5.13e-03 2.46e-02    1.028 3.08e-02   0.0
          g_shift_register (VX_shift_register_37_0_2_0_131) 5.13e-03 2.46e-02    1.028 3.08e-02   0.0
        multiplier (mulRecFNToFullRaw_131) 1.27e-02 1.09e-02    3.051 2.66e-02   0.0
          isSigNaN_b (isSigNaNRecFN_263) 5.09e-06 9.39e-06 4.70e-03 1.92e-05   0.0
          recFNToRawFN_b (recFNToRawFN_263) 1.13e-03 2.24e-04    0.129 1.48e-03   0.0
          isSigNaN_a (isSigNaNRecFN_264) 4.60e-06 7.46e-06 4.68e-03 1.67e-05   0.0
          recFNToRawFN_a (recFNToRawFN_264) 4.77e-04 1.72e-04    0.129 7.78e-04   0.0
        g_in_ieee_from_ieee_b (fNToRecFN_1_262) 7.66e-04 5.29e-04    0.313 1.61e-03   0.0
          clz (bsg_counting_leading_zeros_1_262) 1.21e-04 9.15e-05 6.83e-02 2.80e-04   0.0
            lzc (VX_lzc_1_262)         8.34e-05 8.04e-05 6.18e-02 2.26e-04   0.0
              g_lzc_find_first (VX_find_first_10_4_1_262) 5.50e-05 7.18e-05 5.54e-02 1.82e-04   0.0
        g_in_ieee_from_ieee_a (fNToRecFN_1_263) 8.09e-04 4.00e-04    0.313 1.52e-03   0.0
          clz (bsg_counting_leading_zeros_1_263) 9.13e-05 6.76e-05 6.83e-02 2.27e-04   0.0
            lzc (VX_lzc_1_263)         9.13e-05 6.76e-05 6.83e-02 2.27e-04   0.0
              g_lzc_find_first (VX_find_first_10_4_1_263) 4.15e-05 5.26e-05 5.55e-02 1.50e-04   0.0
      g_prod_3__pipe_mult (VX_pipe_register_1_132) 2.13e-03 1.16e-02    0.477 1.42e-02   0.0
        g_shift_register (VX_shift_register_33_0_1_0_132) 2.13e-03 1.16e-02    0.477 1.42e-02   0.0
      g_prod_3__fp16_mul (VX_tcu_bhf_fmul_132) 1.93e-02 4.89e-02    5.425 7.36e-02   0.1
        pipe_rnd (VX_pipe_register_4_251) 1.89e-03 1.15e-02    0.477 1.39e-02   0.0
          g_shift_register (VX_shift_register_38_0_1_0_251) 1.89e-03 1.15e-02    0.477 1.39e-02   0.0
        rounding (roundAnyRawFNToRecFN_133) 8.97e-04 1.10e-03    0.271 2.27e-03   0.0
        pipe_add (VX_pipe_register_3_132) 4.03e-03 2.46e-02    1.028 2.97e-02   0.0
          g_shift_register (VX_shift_register_37_0_2_0_132) 4.03e-03 2.46e-02    1.028 2.97e-02   0.0
        multiplier (mulRecFNToFullRaw_132) 1.10e-02 1.08e-02    3.022 2.48e-02   0.0
          isSigNaN_b (isSigNaNRecFN_265) 5.26e-06 9.48e-06 4.72e-03 1.95e-05   0.0
          recFNToRawFN_b (recFNToRawFN_265) 1.08e-03 2.24e-04    0.129 1.43e-03   0.0
          isSigNaN_a (isSigNaNRecFN_266) 4.45e-06 7.10e-06 4.70e-03 1.62e-05   0.0
          recFNToRawFN_a (recFNToRawFN_266) 4.15e-04 1.67e-04    0.129 7.12e-04   0.0
        g_in_ieee_from_ieee_b (fNToRecFN_1_264) 8.13e-04 5.26e-04    0.313 1.65e-03   0.0
          clz (bsg_counting_leading_zeros_1_264) 1.20e-04 9.07e-05 6.82e-02 2.79e-04   0.0
            lzc (VX_lzc_1_264)         1.20e-04 9.07e-05 6.82e-02 2.79e-04   0.0
              g_lzc_find_first (VX_find_first_10_4_1_264) 5.56e-05 7.12e-05 5.54e-02 1.82e-04   0.0
        g_in_ieee_from_ieee_a (fNToRecFN_1_265) 6.29e-04 4.00e-04    0.313 1.34e-03   0.0
          clz (bsg_counting_leading_zeros_1_265) 9.06e-05 6.83e-05 6.83e-02 2.27e-04   0.0
            lzc (VX_lzc_1_265)         9.06e-05 6.83e-05 6.83e-02 2.27e-04   0.0
              g_lzc_find_first (VX_find_first_10_4_1_265) 3.96e-05 5.31e-05 5.54e-02 1.48e-04   0.0
      g_prod_2__pipe_mult (VX_pipe_register_1_133) 2.76e-03 1.16e-02    0.477 1.48e-02   0.0
        g_shift_register (VX_shift_register_33_0_1_0_133) 2.76e-03 1.16e-02    0.477 1.48e-02   0.0
      g_prod_2__fp16_mul (VX_tcu_bhf_fmul_133) 2.56e-02 4.91e-02    5.430 8.01e-02   0.1
        pipe_rnd (VX_pipe_register_4_252) 3.05e-03 1.16e-02    0.477 1.51e-02   0.0
          g_shift_register (VX_shift_register_38_0_1_0_252) 3.05e-03 1.16e-02    0.477 1.51e-02   0.0
        rounding (roundAnyRawFNToRecFN_134) 2.69e-03 1.13e-03    0.273 4.09e-03   0.0
        pipe_add (VX_pipe_register_3_133) 4.60e-03 2.46e-02    1.028 3.02e-02   0.0
          g_shift_register (VX_shift_register_37_0_2_0_133) 4.60e-03 2.46e-02    1.028 3.02e-02   0.0
        multiplier (mulRecFNToFullRaw_133) 1.37e-02 1.08e-02    3.025 2.75e-02   0.0
          isSigNaN_b (isSigNaNRecFN_267) 5.28e-06 9.72e-06 4.71e-03 1.97e-05   0.0
          recFNToRawFN_b (recFNToRawFN_267) 1.31e-03 2.26e-04    0.129 1.66e-03   0.0
          isSigNaN_a (isSigNaNRecFN_268) 4.21e-06 7.30e-06 4.72e-03 1.62e-05   0.0
          recFNToRawFN_a (recFNToRawFN_268) 4.12e-04 1.69e-04    0.129 7.09e-04   0.0
        g_in_ieee_from_ieee_b (fNToRecFN_1_266) 8.80e-04 5.27e-04    0.313 1.72e-03   0.0
          clz (bsg_counting_leading_zeros_1_266) 1.20e-04 9.10e-05 6.84e-02 2.80e-04   0.0
            lzc (VX_lzc_1_266)         1.20e-04 9.10e-05 6.84e-02 2.80e-04   0.0
              g_lzc_find_first (VX_find_first_10_4_1_266) 5.53e-05 7.14e-05 5.55e-02 1.82e-04   0.0
        g_in_ieee_from_ieee_a (fNToRecFN_1_267) 7.13e-04 4.04e-04    0.313 1.43e-03   0.0
          clz (bsg_counting_leading_zeros_1_267) 9.35e-05 7.03e-05 6.85e-02 2.32e-04   0.0
            lzc (VX_lzc_1_267)         6.99e-05 6.33e-05 6.21e-02 1.95e-04   0.0
              g_lzc_find_first (VX_find_first_10_4_1_267) 4.11e-05 5.44e-05 5.56e-02 1.51e-04   0.0
      g_prod_1__pipe_mult (VX_pipe_register_1_134) 2.38e-03 1.16e-02    0.477 1.44e-02   0.0
        g_shift_register (VX_shift_register_33_0_1_0_134) 2.38e-03 1.16e-02    0.477 1.44e-02   0.0
      g_prod_1__fp16_mul (VX_tcu_bhf_fmul_134) 2.25e-02 4.89e-02    5.413 7.68e-02   0.1
        pipe_rnd (VX_pipe_register_4_253) 3.01e-03 1.16e-02    0.477 1.50e-02   0.0
          g_shift_register (VX_shift_register_38_0_1_0_253) 3.01e-03 1.16e-02    0.477 1.50e-02   0.0
        rounding (roundAnyRawFNToRecFN_135) 1.78e-03 1.11e-03    0.274 3.16e-03   0.0
        pipe_add (VX_pipe_register_3_134) 4.79e-03 2.46e-02    1.028 3.04e-02   0.0
          g_shift_register (VX_shift_register_37_0_2_0_134) 4.79e-03 2.46e-02    1.028 3.04e-02   0.0
        multiplier (mulRecFNToFullRaw_134) 1.14e-02 1.07e-02    3.007 2.52e-02   0.0
          isSigNaN_b (isSigNaNRecFN_269) 5.32e-06 9.56e-06 4.69e-03 1.96e-05   0.0
          recFNToRawFN_b (recFNToRawFN_269) 1.33e-03 2.26e-04    0.129 1.69e-03   0.0
          isSigNaN_a (isSigNaNRecFN_270) 4.33e-06 7.09e-06 4.72e-03 1.61e-05   0.0
          recFNToRawFN_a (recFNToRawFN_270) 3.29e-04 1.65e-04    0.129 6.23e-04   0.0
        g_in_ieee_from_ieee_b (fNToRecFN_1_268) 9.90e-04 5.27e-04    0.313 1.83e-03   0.0
          clz (bsg_counting_leading_zeros_1_268) 1.22e-04 9.05e-05 6.83e-02 2.81e-04   0.0
            lzc (VX_lzc_1_268)         1.22e-04 9.05e-05 6.83e-02 2.81e-04   0.0
              g_lzc_find_first (VX_find_first_10_4_1_268) 5.49e-05 7.10e-05 5.55e-02 1.81e-04   0.0
        g_in_ieee_from_ieee_a (fNToRecFN_1_269) 5.17e-04 3.93e-04    0.312 1.22e-03   0.0
          clz (bsg_counting_leading_zeros_1_269) 9.09e-05 6.74e-05 6.83e-02 2.27e-04   0.0
            lzc (VX_lzc_1_269)         9.09e-05 6.74e-05 6.83e-02 2.27e-04   0.0
              g_lzc_find_first (VX_find_first_10_4_1_269) 3.88e-05 5.22e-05 5.54e-02 1.46e-04   0.0
      g_prod_0__pipe_mult (VX_pipe_register_1_135) 2.87e-03 1.16e-02    0.477 1.49e-02   0.0
        g_shift_register (VX_shift_register_33_0_1_0_135) 2.87e-03 1.16e-02    0.477 1.49e-02   0.0
      g_prod_0__fp16_mul (VX_tcu_bhf_fmul_135) 2.43e-02 4.90e-02    5.427 7.88e-02   0.1
        pipe_rnd (VX_pipe_register_4_254) 4.00e-03 1.16e-02    0.477 1.61e-02   0.0
          g_shift_register (VX_shift_register_38_0_1_0_254) 4.00e-03 1.16e-02    0.477 1.61e-02   0.0
        rounding (roundAnyRawFNToRecFN_136) 2.12e-03 1.12e-03    0.273 3.51e-03   0.0
        pipe_add (VX_pipe_register_3_135) 4.96e-03 2.46e-02    1.028 3.06e-02   0.0
          g_shift_register (VX_shift_register_37_0_2_0_135) 4.96e-03 2.46e-02    1.028 3.06e-02   0.0
        multiplier (mulRecFNToFullRaw_135) 1.20e-02 1.08e-02    3.022 2.58e-02   0.0
          isSigNaN_b (isSigNaNRecFN_271) 1.12e-05 9.04e-06 4.70e-03 2.49e-05   0.0
          recFNToRawFN_b (recFNToRawFN_271) 7.42e-04 2.22e-04    0.129 1.09e-03   0.0
          isSigNaN_a (isSigNaNRecFN_272) 6.84e-06 7.29e-06 4.68e-03 1.88e-05   0.0
          recFNToRawFN_a (recFNToRawFN_272) 3.33e-04 1.67e-04    0.129 6.30e-04   0.0
        g_in_ieee_from_ieee_b (fNToRecFN_1_270) 7.37e-04 5.27e-04    0.313 1.58e-03   0.0
          clz (bsg_counting_leading_zeros_1_270) 1.20e-04 9.13e-05 6.83e-02 2.80e-04   0.0
            lzc (VX_lzc_1_270)         1.20e-04 9.13e-05 6.83e-02 2.80e-04   0.0
              g_lzc_find_first (VX_find_first_10_4_1_270) 5.46e-05 7.18e-05 5.54e-02 1.82e-04   0.0
        g_in_ieee_from_ieee_a (fNToRecFN_1_271) 5.65e-04 3.98e-04    0.313 1.28e-03   0.0
          clz (bsg_counting_leading_zeros_1_271) 9.35e-05 6.75e-05 6.82e-02 2.29e-04   0.0
            lzc (VX_lzc_1_271)         4.19e-05 5.24e-05 5.54e-02 1.50e-04   0.0
              g_lzc_find_first (VX_find_first_10_4_1_271) 4.19e-05 5.24e-05 5.54e-02 1.50e-04   0.0
    g_i_3__g_j_3__genblk1_u_buffer_ex (VX_pipe_register_22) 1.63e-02 9.43e-02    4.324    0.115   0.2
      g_shift_register (VX_shift_register_582_0_1_0_16) 1.63e-02 9.43e-02    4.324    0.115   0.2
    g_i_3__g_j_2__fedp (VX_tcu_fedp_bhf_17)    0.691    1.219  116.987    2.027   2.8
      final_add (VX_tcu_bhf_fadd_1_17) 5.06e-02 6.73e-02    8.534    0.126   0.2
        pipe_rnd (VX_pipe_register_6_17) 5.23e-03 1.16e-02    0.491 1.73e-02   0.0
          g_shift_register (VX_shift_register_37_0_1_0_17) 5.23e-03 1.16e-02    0.491 1.73e-02   0.0
        g_out_ieee_to_ieee (recFNToFN_17) 5.47e-03 3.03e-03    0.798 9.29e-03   0.0
          recFNToRawFN (recFNToRawFN_1_289) 1.32e-03 8.10e-04    0.232 2.36e-03   0.0
        rounding (roundAnyRawFNToRecFN_1_136) 7.77e-03 2.98e-03    1.222 1.20e-02   0.0
          genblk2_genblk1_lowMask_roundMask (lowMaskLoHi_136) 2.44e-04 1.38e-04    0.302 6.84e-04   0.0
            reverse (reverse_2_136)    4.82e-06 2.03e-06    0.154 1.60e-04   0.0
        pipe_add (VX_pipe_register_5_136) 7.70e-03 3.05e-02    1.265 3.95e-02   0.1
          g_shift_register (VX_shift_register_45_0_2_0_136) 7.70e-03 3.05e-02    1.265 3.95e-02   0.1
        adder (addRecFNToRaw_136)      2.44e-02 1.92e-02    4.751 4.83e-02   0.1
          lowMask_far_roundExtraMask (lowMaskHiLo_136) 4.49e-05 7.73e-05 8.05e-02 2.03e-04   0.0
            reverse (reverse_1_136)    2.05e-05 3.62e-05 5.04e-02 1.07e-04   0.0
          compressBy4_far_sigSmaller (compressBy4_136) 5.54e-05 1.72e-04 4.47e-02 2.72e-04   0.0
          countLeadingZeros_close (countLeadingZeros_136) 5.48e-04 4.65e-04    0.163 1.18e-03   0.0
            reverse_in (reverse_138)   2.66e-04 3.14e-04 9.01e-02 6.70e-04   0.0
          compressBy2_close_sigSum (compressBy2_136) 1.70e-04 3.39e-04 6.60e-02 5.75e-04   0.0
          isSigNaN_b (isSigNaNRecFN_1_272) 3.63e-06 5.20e-06 4.55e-03 1.34e-05   0.0
          recFNToRawFN_b (recFNToRawFN_1_290) 6.75e-04 2.67e-04    0.236 1.18e-03   0.0
          isSigNaN_a (isSigNaNRecFN_1_273) 7.40e-06 1.26e-05 4.70e-03 2.47e-05   0.0
          recFNToRawFN_a (recFNToRawFN_1_291) 1.14e-03 8.14e-04    0.232 2.18e-03   0.0
      pipe_c (VX_pipe_register_2_17)   2.10e-02    0.139    6.434    0.167   0.2
        g_shift_register (VX_shift_register_33_0_13_0_17) 2.10e-02    0.139    6.434    0.167   0.2
      conv_c (fNToRecFN_18)            2.66e-03 9.40e-04    0.781 4.38e-03   0.0
        clz (bsg_counting_leading_zeros_18) 1.16e-04 1.12e-04    0.119 3.46e-04   0.0
          lzc (VX_lzc_18)              1.16e-04 1.12e-04    0.119 3.46e-04   0.0
            g_lzc_find_first (VX_find_first_23_5_1_17) 1.02e-04 1.08e-04    0.107 3.16e-04   0.0
      g_red_tree_2__g_add_0__reduce_add (VX_tcu_bhf_fadd_120) 5.46e-02 7.60e-02    7.734    0.138   0.2
        pipe_rnd (VX_pipe_register_4_255) 2.50e-03 1.26e-02    0.504 1.56e-02   0.0
          g_shift_register (VX_shift_register_38_0_1_0_255) 2.50e-03 1.26e-02    0.504 1.56e-02   0.0
        rounding (roundAnyRawFNToRecFN_1_137) 5.36e-03 3.68e-03    1.202 1.02e-02   0.0
          genblk2_genblk1_lowMask_roundMask (lowMaskLoHi_137) 2.73e-04 1.47e-04    0.302 7.21e-04   0.0
            reverse (reverse_2_137)    1.26e-05 5.41e-06    0.154 1.72e-04   0.0
        pipe_add (VX_pipe_register_5_137) 6.93e-03 3.16e-02    1.265 3.98e-02   0.1
          g_shift_register (VX_shift_register_45_0_2_0_137) 6.93e-03 3.16e-02    1.265 3.98e-02   0.1
        adder (addRecFNToRaw_137)      3.98e-02 2.82e-02    4.763 7.28e-02   0.1
          lowMask_far_roundExtraMask (lowMaskHiLo_137) 2.15e-04 3.03e-04 8.09e-02 5.99e-04   0.0
            reverse (reverse_1_137)    1.15e-04 1.47e-04 4.72e-02 3.09e-04   0.0
          compressBy4_far_sigSmaller (compressBy4_137) 7.11e-05 3.63e-04 4.77e-02 4.82e-04   0.0
          countLeadingZeros_close (countLeadingZeros_137) 5.91e-04 5.34e-04    0.163 1.29e-03   0.0
            reverse_in (reverse_139)   3.09e-04 3.69e-04 8.96e-02 7.67e-04   0.0
          compressBy2_close_sigSum (compressBy2_137) 2.01e-04 3.99e-04 6.61e-02 6.66e-04   0.0
          isSigNaN_b (isSigNaNRecFN_1_274) 5.01e-06 8.11e-06 4.14e-03 1.73e-05   0.0
          recFNToRawFN_b (recFNToRawFN_1_292) 5.16e-03 9.54e-04    0.233 6.35e-03   0.0
          isSigNaN_a (isSigNaNRecFN_1_275) 4.19e-06 8.06e-06 4.16e-03 1.64e-05   0.0
          recFNToRawFN_a (recFNToRawFN_1_293) 1.92e-03 8.92e-04    0.233 3.04e-03   0.0
      g_red_tree_1__g_add_1__reduce_add (VX_tcu_bhf_fadd_121) 6.87e-02 7.73e-02    7.894    0.154   0.2
        pipe_rnd (VX_pipe_register_4_256) 7.86e-03 1.30e-02    0.505 2.13e-02   0.0
          g_shift_register (VX_shift_register_38_0_1_0_256) 7.86e-03 1.30e-02    0.505 2.13e-02   0.0
        rounding (roundAnyRawFNToRecFN_1_138) 1.37e-02 4.21e-03    1.352 1.92e-02   0.0
          genblk2_genblk1_lowMask_roundMask (lowMaskLoHi_138) 2.54e-04 1.50e-04    0.302 7.06e-04   0.0
            reverse (reverse_2_138)    1.42e-05 5.43e-06    0.153 1.73e-04   0.0
        pipe_add (VX_pipe_register_5_138) 9.60e-03 3.18e-02    1.266 4.27e-02   0.1
          g_shift_register (VX_shift_register_45_0_2_0_138) 9.60e-03 3.18e-02    1.266 4.27e-02   0.1
        adder (addRecFNToRaw_138)      3.76e-02 2.83e-02    4.772 7.06e-02   0.1
          lowMask_far_roundExtraMask (lowMaskHiLo_138) 1.42e-04 2.73e-04 8.07e-02 4.96e-04   0.0
            reverse (reverse_1_138)    6.46e-05 1.31e-04 4.68e-02 2.43e-04   0.0
          compressBy4_far_sigSmaller (compressBy4_138) 1.09e-04 3.43e-04 4.61e-02 4.98e-04   0.0
          countLeadingZeros_close (countLeadingZeros_138) 5.71e-04 5.20e-04    0.163 1.25e-03   0.0
            reverse_in (reverse_140)   3.00e-04 3.63e-04 8.98e-02 7.53e-04   0.0
          compressBy2_close_sigSum (compressBy2_138) 2.22e-04 3.94e-04 6.62e-02 6.81e-04   0.0
          isSigNaN_b (isSigNaNRecFN_1_276) 4.59e-06 9.14e-06 4.37e-03 1.81e-05   0.0
          recFNToRawFN_b (recFNToRawFN_1_294) 3.17e-03 9.40e-04    0.234 4.35e-03   0.0
          isSigNaN_a (isSigNaNRecFN_1_277) 6.71e-06 9.39e-06 4.37e-03 2.05e-05   0.0
          recFNToRawFN_a (recFNToRawFN_1_295) 1.83e-03 9.27e-04    0.234 2.99e-03   0.0
      g_red_tree_1__g_add_0__reduce_add (VX_tcu_bhf_fadd_122) 5.80e-02 7.66e-02    7.783    0.142   0.2
        pipe_rnd (VX_pipe_register_4_257) 3.92e-03 1.29e-02    0.505 1.73e-02   0.0
          g_shift_register (VX_shift_register_38_0_1_0_257) 3.92e-03 1.29e-02    0.505 1.73e-02   0.0
        rounding (roundAnyRawFNToRecFN_1_139) 6.60e-03 3.85e-03    1.231 1.17e-02   0.0
          genblk2_genblk1_lowMask_roundMask (lowMaskLoHi_139) 2.65e-04 1.49e-04    0.303 7.17e-04   0.0
            reverse (reverse_2_139)    1.26e-05 5.41e-06    0.153 1.71e-04   0.0
        pipe_add (VX_pipe_register_5_139) 9.92e-03 3.17e-02    1.266 4.29e-02   0.1
          g_shift_register (VX_shift_register_45_0_2_0_139) 9.92e-03 3.17e-02    1.266 4.29e-02   0.1
        adder (addRecFNToRaw_139)      3.75e-02 2.81e-02    4.782 7.04e-02   0.1
          lowMask_far_roundExtraMask (lowMaskHiLo_139) 1.59e-04 2.71e-04 8.07e-02 5.11e-04   0.0
            reverse (reverse_1_139)    7.97e-05 1.31e-04 4.69e-02 2.57e-04   0.0
          compressBy4_far_sigSmaller (compressBy4_139) 7.53e-05 3.43e-04 4.62e-02 4.65e-04   0.0
          countLeadingZeros_close (countLeadingZeros_139) 5.83e-04 5.17e-04    0.163 1.26e-03   0.0
            reverse_in (reverse_141)   3.10e-04 3.63e-04 8.98e-02 7.62e-04   0.0
          compressBy2_close_sigSum (compressBy2_139) 1.99e-04 3.92e-04 6.62e-02 6.57e-04   0.0
          isSigNaN_b (isSigNaNRecFN_1_278) 4.33e-06 8.99e-06 4.34e-03 1.77e-05   0.0
          recFNToRawFN_b (recFNToRawFN_1_296) 2.45e-03 9.25e-04    0.234 3.60e-03   0.0
          isSigNaN_a (isSigNaNRecFN_1_279) 6.19e-06 9.25e-06 4.36e-03 1.98e-05   0.0
          recFNToRawFN_a (recFNToRawFN_1_297) 1.50e-03 9.33e-04    0.234 2.67e-03   0.0
      g_red_tree_0__g_add_3__reduce_add (VX_tcu_bhf_fadd_123) 6.48e-02 7.47e-02    7.649    0.147   0.2
        pipe_rnd (VX_pipe_register_4_258) 5.82e-03 1.31e-02    0.505 1.94e-02   0.0
          g_shift_register (VX_shift_register_38_0_1_0_258) 5.82e-03 1.31e-02    0.505 1.94e-02   0.0
        rounding (roundAnyRawFNToRecFN_1_140) 1.39e-02 4.02e-03    1.290 1.93e-02   0.0
          genblk2_genblk1_lowMask_roundMask (lowMaskLoHi_140) 2.52e-04 1.52e-04    0.303 7.07e-04   0.0
            reverse (reverse_2_140)    1.35e-05 5.42e-06    0.153 1.72e-04   0.0
        pipe_add (VX_pipe_register_5_140) 1.18e-02 3.22e-02    1.268 4.53e-02   0.1
          g_shift_register (VX_shift_register_45_0_2_0_140) 1.18e-02 3.22e-02    1.268 4.53e-02   0.1
        adder (addRecFNToRaw_140)      3.32e-02 2.54e-02    4.586 6.32e-02   0.1
          lowMask_far_roundExtraMask (lowMaskHiLo_140) 1.39e-04 2.24e-04 6.92e-02 4.33e-04   0.0
            reverse (reverse_1_140)    7.74e-05 1.09e-04 3.98e-02 2.26e-04   0.0
          compressBy4_far_sigSmaller (compressBy4_140) 6.20e-05 2.46e-04 4.07e-02 3.49e-04   0.0
          countLeadingZeros_close (countLeadingZeros_140) 5.46e-04 5.01e-04    0.156 1.20e-03   0.0
            reverse_in (reverse_142)   2.80e-04 3.03e-04 8.27e-02 6.66e-04   0.0
          compressBy2_close_sigSum (compressBy2_140) 1.75e-04 3.28e-04 6.15e-02 5.65e-04   0.0
          isSigNaN_b (isSigNaNRecFN_1_280) 5.52e-06 1.11e-05 4.85e-03 2.15e-05   0.0
          recFNToRawFN_b (recFNToRawFN_1_298) 2.39e-03 7.55e-04    0.221 3.37e-03   0.0
          isSigNaN_a (isSigNaNRecFN_1_281) 7.60e-06 1.10e-05 4.85e-03 2.35e-05   0.0
          recFNToRawFN_a (recFNToRawFN_1_299) 1.72e-03 7.54e-04    0.221 2.70e-03   0.0
      g_red_tree_0__g_add_2__reduce_add (VX_tcu_bhf_fadd_124) 5.43e-02 7.45e-02    7.646    0.136   0.2
        pipe_rnd (VX_pipe_register_4_259) 4.38e-03 1.30e-02    0.505 1.79e-02   0.0
          g_shift_register (VX_shift_register_38_0_1_0_259) 4.38e-03 1.30e-02    0.505 1.79e-02   0.0
        rounding (roundAnyRawFNToRecFN_1_141) 9.91e-03 4.00e-03    1.283 1.52e-02   0.0
          genblk2_genblk1_lowMask_roundMask (lowMaskLoHi_141) 2.55e-04 1.53e-04    0.303 7.11e-04   0.0
            reverse (reverse_2_141)    1.35e-05 5.42e-06    0.153 1.72e-04   0.0
        pipe_add (VX_pipe_register_5_141) 7.88e-03 3.22e-02    1.268 4.14e-02   0.1
          g_shift_register (VX_shift_register_45_0_2_0_141) 7.88e-03 3.22e-02    1.268 4.14e-02   0.1
        adder (addRecFNToRaw_141)      3.21e-02 2.53e-02    4.589 6.20e-02   0.1
          lowMask_far_roundExtraMask (lowMaskHiLo_141) 1.22e-04 2.24e-04 6.92e-02 4.16e-04   0.0
            reverse (reverse_1_141)    6.19e-05 1.09e-04 3.98e-02 2.10e-04   0.0
          compressBy4_far_sigSmaller (compressBy4_141) 4.21e-05 2.45e-04 4.07e-02 3.28e-04   0.0
          countLeadingZeros_close (countLeadingZeros_141) 5.86e-04 5.03e-04    0.156 1.25e-03   0.0
            reverse_in (reverse_143)   3.21e-04 3.05e-04 8.26e-02 7.09e-04   0.0
          compressBy2_close_sigSum (compressBy2_141) 1.57e-04 3.29e-04 6.15e-02 5.47e-04   0.0
          isSigNaN_b (isSigNaNRecFN_1_282) 6.18e-06 1.10e-05 4.86e-03 2.20e-05   0.0
          recFNToRawFN_b (recFNToRawFN_1_300) 2.24e-03 7.58e-04    0.221 3.21e-03   0.0
          isSigNaN_a (isSigNaNRecFN_1_283) 6.26e-06 1.10e-05 4.83e-03 2.21e-05   0.0
          recFNToRawFN_a (recFNToRawFN_1_301) 1.76e-03 7.50e-04    0.221 2.73e-03   0.0
      g_red_tree_0__g_add_1__reduce_add (VX_tcu_bhf_fadd_125) 5.12e-02 7.41e-02    7.602    0.133   0.2
        pipe_rnd (VX_pipe_register_4_260) 2.86e-03 1.29e-02    0.505 1.63e-02   0.0
          g_shift_register (VX_shift_register_38_0_1_0_260) 2.86e-03 1.29e-02    0.505 1.63e-02   0.0
        rounding (roundAnyRawFNToRecFN_1_142) 6.45e-03 3.85e-03    1.236 1.15e-02   0.0
          genblk2_genblk1_lowMask_roundMask (lowMaskLoHi_142) 2.38e-04 1.53e-04    0.304 6.95e-04   0.0
            reverse (reverse_2_142)    1.44e-05 5.42e-06    0.153 1.73e-04   0.0
        pipe_add (VX_pipe_register_5_142) 1.12e-02 3.22e-02    1.268 4.46e-02   0.1
          g_shift_register (VX_shift_register_45_0_2_0_142) 1.12e-02 3.22e-02    1.268 4.46e-02   0.1
        adder (addRecFNToRaw_142)      3.07e-02 2.51e-02    4.593 6.04e-02   0.1
          lowMask_far_roundExtraMask (lowMaskHiLo_142) 1.13e-04 2.21e-04 6.92e-02 4.03e-04   0.0
            reverse (reverse_1_142)    4.80e-05 1.07e-04 3.99e-02 1.95e-04   0.0
          compressBy4_far_sigSmaller (compressBy4_142) 4.33e-05 2.45e-04 4.07e-02 3.29e-04   0.0
          countLeadingZeros_close (countLeadingZeros_142) 5.49e-04 5.00e-04    0.156 1.21e-03   0.0
            reverse_in (reverse_144)   2.90e-04 3.03e-04 8.27e-02 6.76e-04   0.0
          compressBy2_close_sigSum (compressBy2_142) 1.86e-04 3.28e-04 6.15e-02 5.75e-04   0.0
          isSigNaN_b (isSigNaNRecFN_1_284) 5.66e-06 1.11e-05 4.82e-03 2.16e-05   0.0
          recFNToRawFN_b (recFNToRawFN_1_302) 1.92e-03 7.51e-04    0.221 2.89e-03   0.0
          isSigNaN_a (isSigNaNRecFN_1_285) 6.93e-06 1.09e-05 4.85e-03 2.27e-05   0.0
          recFNToRawFN_a (recFNToRawFN_1_303) 1.65e-03 7.47e-04    0.221 2.62e-03   0.0
      g_red_tree_0__g_add_0__reduce_add (VX_tcu_bhf_fadd_126) 5.94e-02 7.44e-02    7.637    0.141   0.2
        pipe_rnd (VX_pipe_register_4_261) 6.02e-03 1.31e-02    0.505 1.96e-02   0.0
          g_shift_register (VX_shift_register_38_0_1_0_261) 6.02e-03 1.31e-02    0.505 1.96e-02   0.0
        rounding (roundAnyRawFNToRecFN_1_143) 1.33e-02 4.01e-03    1.281 1.86e-02   0.0
          genblk2_genblk1_lowMask_roundMask (lowMaskLoHi_143) 2.49e-04 1.51e-04    0.303 7.03e-04   0.0
            reverse (reverse_2_143)    1.33e-05 5.42e-06    0.153 1.72e-04   0.0
        pipe_add (VX_pipe_register_5_143) 9.17e-03 3.22e-02    1.268 4.26e-02   0.1
          g_shift_register (VX_shift_register_45_0_2_0_143) 9.17e-03 3.22e-02    1.268 4.26e-02   0.1
        adder (addRecFNToRaw_143)      3.09e-02 2.52e-02    4.583 6.07e-02   0.1
          lowMask_far_roundExtraMask (lowMaskHiLo_143) 1.12e-04 2.22e-04 6.92e-02 4.03e-04   0.0
            reverse (reverse_1_143)    4.75e-05 1.08e-04 3.98e-02 1.95e-04   0.0
          compressBy4_far_sigSmaller (compressBy4_143) 4.30e-05 2.44e-04 4.06e-02 3.27e-04   0.0
          countLeadingZeros_close (countLeadingZeros_143) 5.45e-04 5.01e-04    0.156 1.20e-03   0.0
            reverse_in (reverse_145)   2.82e-04 3.02e-04 8.27e-02 6.66e-04   0.0
          compressBy2_close_sigSum (compressBy2_143) 1.78e-04 3.27e-04 6.15e-02 5.66e-04   0.0
          isSigNaN_b (isSigNaNRecFN_1_286) 4.99e-06 1.08e-05 4.82e-03 2.06e-05   0.0
          recFNToRawFN_b (recFNToRawFN_1_304) 2.34e-03 7.51e-04    0.221 3.32e-03   0.0
          isSigNaN_a (isSigNaNRecFN_1_287) 7.05e-06 1.10e-05 4.88e-03 2.30e-05   0.0
          recFNToRawFN_a (recFNToRawFN_1_305) 1.69e-03 7.51e-04    0.221 2.66e-03   0.0
      g_prod_7__pipe_mult (VX_pipe_register_1_136) 2.67e-03 1.16e-02    0.477 1.47e-02   0.0
        g_shift_register (VX_shift_register_33_0_1_0_136) 2.67e-03 1.16e-02    0.477 1.47e-02   0.0
      g_prod_7__fp16_mul (VX_tcu_bhf_fmul_136) 2.53e-02 4.90e-02    5.429 7.98e-02   0.1
        pipe_rnd (VX_pipe_register_4_262) 3.35e-03 1.16e-02    0.477 1.54e-02   0.0
          g_shift_register (VX_shift_register_38_0_1_0_262) 3.35e-03 1.16e-02    0.477 1.54e-02   0.0
        rounding (roundAnyRawFNToRecFN_137) 2.49e-03 1.11e-03    0.274 3.88e-03   0.0
        pipe_add (VX_pipe_register_3_136) 5.68e-03 2.46e-02    1.028 3.13e-02   0.0
          g_shift_register (VX_shift_register_37_0_2_0_136) 5.68e-03 2.46e-02    1.028 3.13e-02   0.0
        multiplier (mulRecFNToFullRaw_136) 1.21e-02 1.08e-02    3.023 2.60e-02   0.0
          isSigNaN_b (isSigNaNRecFN_273) 4.93e-06 9.73e-06 4.66e-03 1.93e-05   0.0
          recFNToRawFN_b (recFNToRawFN_273) 1.40e-03 2.30e-04    0.129 1.75e-03   0.0
          isSigNaN_a (isSigNaNRecFN_274) 4.97e-06 7.29e-06 4.67e-03 1.69e-05   0.0
          recFNToRawFN_a (recFNToRawFN_274) 3.34e-04 1.68e-04    0.129 6.31e-04   0.0
        g_in_ieee_from_ieee_b (fNToRecFN_1_272) 1.07e-03 5.36e-04    0.314 1.92e-03   0.0
          clz (bsg_counting_leading_zeros_1_272) 1.22e-04 9.24e-05 6.85e-02 2.83e-04   0.0
            lzc (VX_lzc_1_272)         1.22e-04 9.24e-05 6.85e-02 2.83e-04   0.0
              g_lzc_find_first (VX_find_first_10_4_1_272) 5.58e-05 7.29e-05 5.56e-02 1.84e-04   0.0
        g_in_ieee_from_ieee_a (fNToRecFN_1_273) 5.53e-04 4.00e-04    0.313 1.27e-03   0.0
          clz (bsg_counting_leading_zeros_1_273) 9.40e-05 6.88e-05 6.83e-02 2.31e-04   0.0
            lzc (VX_lzc_1_273)         9.40e-05 6.88e-05 6.83e-02 2.31e-04   0.0
              g_lzc_find_first (VX_find_first_10_4_1_273) 4.18e-05 5.34e-05 5.55e-02 1.51e-04   0.0
      g_prod_6__pipe_mult (VX_pipe_register_1_137) 2.44e-03 1.16e-02    0.477 1.45e-02   0.0
        g_shift_register (VX_shift_register_33_0_1_0_137) 2.44e-03 1.16e-02    0.477 1.45e-02   0.0
      g_prod_6__fp16_mul (VX_tcu_bhf_fmul_137) 2.22e-02 4.90e-02    5.433 7.66e-02   0.1
        pipe_rnd (VX_pipe_register_4_263) 2.87e-03 1.16e-02    0.477 1.49e-02   0.0
          g_shift_register (VX_shift_register_38_0_1_0_263) 2.87e-03 1.16e-02    0.477 1.49e-02   0.0
        rounding (roundAnyRawFNToRecFN_138) 1.32e-03 1.10e-03    0.271 2.69e-03   0.0
        pipe_add (VX_pipe_register_3_137) 4.63e-03 2.46e-02    1.028 3.03e-02   0.0
          g_shift_register (VX_shift_register_37_0_2_0_137) 4.63e-03 2.46e-02    1.028 3.03e-02   0.0
        multiplier (mulRecFNToFullRaw_137) 1.17e-02 1.08e-02    3.023 2.55e-02   0.0
          isSigNaN_b (isSigNaNRecFN_275) 6.02e-06 9.38e-06 4.66e-03 2.01e-05   0.0
          recFNToRawFN_b (recFNToRawFN_275) 1.96e-03 2.30e-04    0.129 2.31e-03   0.0
          isSigNaN_a (isSigNaNRecFN_276) 3.94e-06 6.98e-06 4.76e-03 1.57e-05   0.0
          recFNToRawFN_a (recFNToRawFN_276) 3.27e-04 1.64e-04    0.129 6.20e-04   0.0
        g_in_ieee_from_ieee_b (fNToRecFN_1_274) 1.10e-03 5.37e-04    0.321 1.96e-03   0.0
          clz (bsg_counting_leading_zeros_1_274) 1.16e-04 9.02e-05 6.84e-02 2.75e-04   0.0
            lzc (VX_lzc_1_274)         1.16e-04 9.02e-05 6.84e-02 2.75e-04   0.0
              g_lzc_find_first (VX_find_first_10_4_1_274) 5.15e-05 7.11e-05 5.56e-02 1.78e-04   0.0
        g_in_ieee_from_ieee_a (fNToRecFN_1_275) 5.23e-04 4.00e-04    0.313 1.24e-03   0.0
          clz (bsg_counting_leading_zeros_1_275) 9.29e-05 6.87e-05 6.84e-02 2.30e-04   0.0
            lzc (VX_lzc_1_275)         6.40e-05 6.00e-05 6.19e-02 1.86e-04   0.0
              g_lzc_find_first (VX_find_first_10_4_1_275) 4.05e-05 5.32e-05 5.55e-02 1.49e-04   0.0
      g_prod_5__pipe_mult (VX_pipe_register_1_138) 2.35e-03 1.16e-02    0.477 1.44e-02   0.0
        g_shift_register (VX_shift_register_33_0_1_0_138) 2.35e-03 1.16e-02    0.477 1.44e-02   0.0
      g_prod_5__fp16_mul (VX_tcu_bhf_fmul_138) 2.52e-02 4.91e-02    5.446 7.98e-02   0.1
        pipe_rnd (VX_pipe_register_4_264) 2.59e-03 1.16e-02    0.477 1.46e-02   0.0
          g_shift_register (VX_shift_register_38_0_1_0_264) 2.59e-03 1.16e-02    0.477 1.46e-02   0.0
        rounding (roundAnyRawFNToRecFN_139) 1.28e-03 1.10e-03    0.272 2.65e-03   0.0
        pipe_add (VX_pipe_register_3_138) 4.70e-03 2.46e-02    1.028 3.03e-02   0.0
          g_shift_register (VX_shift_register_37_0_2_0_138) 4.70e-03 2.46e-02    1.028 3.03e-02   0.0
        multiplier (mulRecFNToFullRaw_138) 1.46e-02 1.09e-02    3.028 2.85e-02   0.0
          isSigNaN_b (isSigNaNRecFN_277) 5.10e-06 1.14e-05 5.73e-03 2.22e-05   0.0
          recFNToRawFN_b (recFNToRawFN_277) 3.05e-03 2.36e-04    0.129 3.42e-03   0.0
          isSigNaN_a (isSigNaNRecFN_278) 4.53e-06 7.12e-06 4.67e-03 1.63e-05   0.0
          recFNToRawFN_a (recFNToRawFN_278) 3.39e-04 1.67e-04    0.129 6.36e-04   0.0
        g_in_ieee_from_ieee_b (fNToRecFN_1_276) 1.56e-03 5.52e-04    0.328 2.44e-03   0.0
          clz (bsg_counting_leading_zeros_1_276) 1.19e-04 9.13e-05 6.83e-02 2.79e-04   0.0
            lzc (VX_lzc_1_276)         1.19e-04 9.13e-05 6.83e-02 2.79e-04   0.0
              g_lzc_find_first (VX_find_first_10_4_1_276) 5.48e-05 7.21e-05 5.55e-02 1.82e-04   0.0
        g_in_ieee_from_ieee_a (fNToRecFN_1_277) 5.32e-04 4.03e-04    0.313 1.25e-03   0.0
          clz (bsg_counting_leading_zeros_1_277) 9.39e-05 6.89e-05 6.83e-02 2.31e-04   0.0
            lzc (VX_lzc_1_277)         6.39e-05 6.00e-05 6.18e-02 1.86e-04   0.0
              g_lzc_find_first (VX_find_first_10_4_1_277) 4.16e-05 5.33e-05 5.55e-02 1.50e-04   0.0
      g_prod_4__pipe_mult (VX_pipe_register_1_139) 3.07e-03 1.16e-02    0.477 1.51e-02   0.0
        g_shift_register (VX_shift_register_33_0_1_0_139) 3.07e-03 1.16e-02    0.477 1.51e-02   0.0
      g_prod_4__fp16_mul (VX_tcu_bhf_fmul_139) 2.59e-02 4.91e-02    5.434 8.05e-02   0.1
        pipe_rnd (VX_pipe_register_4_265) 2.88e-03 1.16e-02    0.477 1.49e-02   0.0
          g_shift_register (VX_shift_register_38_0_1_0_265) 2.88e-03 1.16e-02    0.477 1.49e-02   0.0
        rounding (roundAnyRawFNToRecFN_140) 2.80e-03 1.13e-03    0.275 4.21e-03   0.0
        pipe_add (VX_pipe_register_3_139) 5.36e-03 2.46e-02    1.028 3.10e-02   0.0
          g_shift_register (VX_shift_register_37_0_2_0_139) 5.36e-03 2.46e-02    1.028 3.10e-02   0.0
        multiplier (mulRecFNToFullRaw_139) 1.30e-02 1.08e-02    3.023 2.69e-02   0.0
          isSigNaN_b (isSigNaNRecFN_279) 5.14e-06 1.03e-05 4.68e-03 2.02e-05   0.0
          recFNToRawFN_b (recFNToRawFN_279) 2.41e-03 2.37e-04    0.129 2.78e-03   0.0
          isSigNaN_a (isSigNaNRecFN_280) 3.59e-06 7.04e-06 4.68e-03 1.53e-05   0.0
          recFNToRawFN_a (recFNToRawFN_280) 3.30e-04 1.66e-04    0.129 6.25e-04   0.0
        g_in_ieee_from_ieee_b (fNToRecFN_1_278) 1.37e-03 5.46e-04    0.318 2.23e-03   0.0
          clz (bsg_counting_leading_zeros_1_278) 1.18e-04 9.22e-05 6.83e-02 2.79e-04   0.0
            lzc (VX_lzc_1_278)         1.18e-04 9.22e-05 6.83e-02 2.79e-04   0.0
              g_lzc_find_first (VX_find_first_10_4_1_278) 5.32e-05 7.29e-05 5.54e-02 1.82e-04   0.0
        g_in_ieee_from_ieee_a (fNToRecFN_1_279) 5.18e-04 3.99e-04    0.313 1.23e-03   0.0
          clz (bsg_counting_leading_zeros_1_279) 9.14e-05 6.79e-05 6.83e-02 2.28e-04   0.0
            lzc (VX_lzc_1_279)         9.14e-05 6.79e-05 6.83e-02 2.28e-04   0.0
              g_lzc_find_first (VX_find_first_10_4_1_279) 4.19e-05 5.27e-05 5.54e-02 1.50e-04   0.0
      g_prod_3__pipe_mult (VX_pipe_register_1_140) 2.36e-03 1.16e-02    0.477 1.44e-02   0.0
        g_shift_register (VX_shift_register_33_0_1_0_140) 2.36e-03 1.16e-02    0.477 1.44e-02   0.0
      g_prod_3__fp16_mul (VX_tcu_bhf_fmul_140) 2.18e-02 4.90e-02    5.429 7.62e-02   0.1
        pipe_rnd (VX_pipe_register_4_266) 2.03e-03 1.16e-02    0.477 1.41e-02   0.0
          g_shift_register (VX_shift_register_38_0_1_0_266) 2.03e-03 1.16e-02    0.477 1.41e-02   0.0
        rounding (roundAnyRawFNToRecFN_141) 1.94e-03 1.12e-03    0.273 3.33e-03   0.0
        pipe_add (VX_pipe_register_3_140) 4.54e-03 2.46e-02    1.028 3.02e-02   0.0
          g_shift_register (VX_shift_register_37_0_2_0_140) 4.54e-03 2.46e-02    1.028 3.02e-02   0.0
        multiplier (mulRecFNToFullRaw_140) 1.20e-02 1.08e-02    3.024 2.58e-02   0.0
          isSigNaN_b (isSigNaNRecFN_281) 5.75e-06 8.86e-06 4.66e-03 1.93e-05   0.0
          recFNToRawFN_b (recFNToRawFN_281) 9.25e-04 2.23e-04    0.129 1.28e-03   0.0
          isSigNaN_a (isSigNaNRecFN_282) 5.42e-06 7.39e-06 4.70e-03 1.75e-05   0.0
          recFNToRawFN_a (recFNToRawFN_282) 3.89e-04 1.68e-04    0.129 6.86e-04   0.0
        g_in_ieee_from_ieee_b (fNToRecFN_1_280) 7.07e-04 5.27e-04    0.313 1.55e-03   0.0
          clz (bsg_counting_leading_zeros_1_280) 1.20e-04 9.10e-05 6.83e-02 2.79e-04   0.0
            lzc (VX_lzc_1_280)         1.20e-04 9.10e-05 6.83e-02 2.79e-04   0.0
              g_lzc_find_first (VX_find_first_10_4_1_280) 5.35e-05 7.14e-05 5.54e-02 1.80e-04   0.0
        g_in_ieee_from_ieee_a (fNToRecFN_1_281) 6.25e-04 4.00e-04    0.313 1.34e-03   0.0
          clz (bsg_counting_leading_zeros_1_281) 9.24e-05 6.81e-05 6.83e-02 2.29e-04   0.0
            lzc (VX_lzc_1_281)         9.24e-05 6.81e-05 6.83e-02 2.29e-04   0.0
              g_lzc_find_first (VX_find_first_10_4_1_281) 4.13e-05 5.29e-05 5.54e-02 1.50e-04   0.0
      g_prod_2__pipe_mult (VX_pipe_register_1_141) 2.85e-03 1.16e-02    0.477 1.49e-02   0.0
        g_shift_register (VX_shift_register_33_0_1_0_141) 2.85e-03 1.16e-02    0.477 1.49e-02   0.0
      g_prod_2__fp16_mul (VX_tcu_bhf_fmul_141) 2.45e-02 4.90e-02    5.426 7.90e-02   0.1
        pipe_rnd (VX_pipe_register_4_267) 4.50e-03 1.16e-02    0.477 1.65e-02   0.0
          g_shift_register (VX_shift_register_38_0_1_0_267) 4.50e-03 1.16e-02    0.477 1.65e-02   0.0
        rounding (roundAnyRawFNToRecFN_142) 2.54e-03 1.12e-03    0.274 3.93e-03   0.0
        pipe_add (VX_pipe_register_3_141) 5.09e-03 2.46e-02    1.028 3.07e-02   0.0
          g_shift_register (VX_shift_register_37_0_2_0_141) 5.09e-03 2.46e-02    1.028 3.07e-02   0.0
        multiplier (mulRecFNToFullRaw_141) 1.09e-02 1.08e-02    3.022 2.48e-02   0.0
          isSigNaN_b (isSigNaNRecFN_283) 5.01e-06 8.85e-06 4.67e-03 1.85e-05   0.0
          recFNToRawFN_b (recFNToRawFN_283) 7.06e-04 2.20e-04    0.129 1.06e-03   0.0
          isSigNaN_a (isSigNaNRecFN_284) 4.65e-06 7.21e-06 4.72e-03 1.66e-05   0.0
          recFNToRawFN_a (recFNToRawFN_284) 4.34e-04 1.69e-04    0.129 7.32e-04   0.0
        g_in_ieee_from_ieee_b (fNToRecFN_1_282) 6.65e-04 5.24e-04    0.312 1.50e-03   0.0
          clz (bsg_counting_leading_zeros_1_282) 1.18e-04 9.07e-05 6.83e-02 2.77e-04   0.0
            lzc (VX_lzc_1_282)         1.18e-04 9.07e-05 6.83e-02 2.77e-04   0.0
              g_lzc_find_first (VX_find_first_10_4_1_282) 5.20e-05 7.14e-05 5.55e-02 1.79e-04   0.0
        g_in_ieee_from_ieee_a (fNToRecFN_1_283) 7.99e-04 4.08e-04    0.313 1.52e-03   0.0
          clz (bsg_counting_leading_zeros_1_283) 9.72e-05 7.05e-05 6.85e-02 2.36e-04   0.0
            lzc (VX_lzc_1_283)         9.72e-05 7.05e-05 6.85e-02 2.36e-04   0.0
              g_lzc_find_first (VX_find_first_10_4_1_283) 4.26e-05 5.46e-05 5.56e-02 1.53e-04   0.0
      g_prod_1__pipe_mult (VX_pipe_register_1_142) 2.43e-03 1.16e-02    0.477 1.45e-02   0.0
        g_shift_register (VX_shift_register_33_0_1_0_142) 2.43e-03 1.16e-02    0.477 1.45e-02   0.0
      g_prod_1__fp16_mul (VX_tcu_bhf_fmul_142) 2.01e-02 4.88e-02    5.412 7.43e-02   0.1
        pipe_rnd (VX_pipe_register_4_268) 2.66e-03 1.16e-02    0.477 1.47e-02   0.0
          g_shift_register (VX_shift_register_38_0_1_0_268) 2.66e-03 1.16e-02    0.477 1.47e-02   0.0
        rounding (roundAnyRawFNToRecFN_143) 1.30e-03 1.10e-03    0.272 2.67e-03   0.0
        pipe_add (VX_pipe_register_3_142) 4.20e-03 2.46e-02    1.028 2.98e-02   0.0
          g_shift_register (VX_shift_register_37_0_2_0_142) 4.20e-03 2.46e-02    1.028 2.98e-02   0.0
        multiplier (mulRecFNToFullRaw_142) 1.07e-02 1.07e-02    3.009 2.44e-02   0.0
          isSigNaN_b (isSigNaNRecFN_285) 1.03e-05 8.97e-06 4.64e-03 2.39e-05   0.0
          recFNToRawFN_b (recFNToRawFN_285) 7.02e-04 2.22e-04    0.129 1.05e-03   0.0
          isSigNaN_a (isSigNaNRecFN_286) 4.44e-06 7.03e-06 4.72e-03 1.62e-05   0.0
          recFNToRawFN_a (recFNToRawFN_286) 3.22e-04 1.65e-04    0.129 6.16e-04   0.0
        g_in_ieee_from_ieee_b (fNToRecFN_1_284) 7.28e-04 5.25e-04    0.314 1.57e-03   0.0
          clz (bsg_counting_leading_zeros_1_284) 1.19e-04 9.00e-05 6.83e-02 2.77e-04   0.0
            lzc (VX_lzc_1_284)         1.19e-04 9.00e-05 6.83e-02 2.77e-04   0.0
              g_lzc_find_first (VX_find_first_10_4_1_284) 5.35e-05 7.09e-05 5.54e-02 1.80e-04   0.0
        g_in_ieee_from_ieee_a (fNToRecFN_1_285) 5.30e-04 3.95e-04    0.312 1.24e-03   0.0
          clz (bsg_counting_leading_zeros_1_285) 9.15e-05 6.76e-05 6.83e-02 2.27e-04   0.0
            lzc (VX_lzc_1_285)         9.15e-05 6.76e-05 6.83e-02 2.27e-04   0.0
              g_lzc_find_first (VX_find_first_10_4_1_285) 4.01e-05 5.24e-05 5.54e-02 1.48e-04   0.0
      g_prod_0__pipe_mult (VX_pipe_register_1_143) 2.58e-03 1.16e-02    0.477 1.46e-02   0.0
        g_shift_register (VX_shift_register_33_0_1_0_143) 2.58e-03 1.16e-02    0.477 1.46e-02   0.0
      g_prod_0__fp16_mul (VX_tcu_bhf_fmul_143) 2.01e-02 4.89e-02    5.413 7.45e-02   0.1
        pipe_rnd (VX_pipe_register_4_269) 2.30e-03 1.16e-02    0.477 1.43e-02   0.0
          g_shift_register (VX_shift_register_38_0_1_0_269) 2.30e-03 1.16e-02    0.477 1.43e-02   0.0
        rounding (roundAnyRawFNToRecFN_144) 1.39e-03 1.10e-03    0.273 2.77e-03   0.0
        pipe_add (VX_pipe_register_3_143) 4.59e-03 2.46e-02    1.028 3.02e-02   0.0
          g_shift_register (VX_shift_register_37_0_2_0_143) 4.59e-03 2.46e-02    1.028 3.02e-02   0.0
        multiplier (mulRecFNToFullRaw_143) 1.06e-02 1.08e-02    3.009 2.44e-02   0.0
          isSigNaN_b (isSigNaNRecFN_287) 6.01e-06 8.77e-06 4.72e-03 1.95e-05   0.0
          recFNToRawFN_b (recFNToRawFN_287) 7.30e-04 2.22e-04    0.129 1.08e-03   0.0
          isSigNaN_a (isSigNaNRecFN_288) 3.55e-06 7.02e-06 4.67e-03 1.52e-05   0.0
          recFNToRawFN_a (recFNToRawFN_288) 3.47e-04 1.67e-04    0.129 6.43e-04   0.0
        g_in_ieee_from_ieee_b (fNToRecFN_1_286) 6.56e-04 5.28e-04    0.313 1.50e-03   0.0
          clz (bsg_counting_leading_zeros_1_286) 1.18e-04 9.02e-05 6.83e-02 2.76e-04   0.0
            lzc (VX_lzc_1_286)         1.18e-04 9.02e-05 6.83e-02 2.76e-04   0.0
              g_lzc_find_first (VX_find_first_10_4_1_286) 5.35e-05 7.09e-05 5.55e-02 1.80e-04   0.0
        g_in_ieee_from_ieee_a (fNToRecFN_1_287) 5.16e-04 3.96e-04    0.312 1.22e-03   0.0
          clz (bsg_counting_leading_zeros_1_287) 9.04e-05 6.74e-05 6.82e-02 2.26e-04   0.0
            lzc (VX_lzc_1_287)         9.04e-05 6.74e-05 6.82e-02 2.26e-04   0.0
              g_lzc_find_first (VX_find_first_10_4_1_287) 3.88e-05 5.23e-05 5.54e-02 1.46e-04   0.0
    g_i_3__g_j_2__genblk1_u_buffer_ex (VX_pipe_register_23) 1.78e-02 9.44e-02    4.324    0.116   0.2
      g_shift_register (VX_shift_register_582_0_1_0_17) 1.78e-02 9.44e-02    4.324    0.116   0.2
    g_i_3__g_j_1__fedp (VX_tcu_fedp_bhf_18)    0.681    1.219  116.858    2.016   2.8
      final_add (VX_tcu_bhf_fadd_1_18) 4.25e-02 6.72e-02    8.507    0.118   0.2
        pipe_rnd (VX_pipe_register_6_18) 2.15e-03 1.15e-02    0.491 1.42e-02   0.0
          g_shift_register (VX_shift_register_37_0_1_0_18) 2.15e-03 1.15e-02    0.491 1.42e-02   0.0
        g_out_ieee_to_ieee (recFNToFN_18) 4.45e-03 2.92e-03    0.790 8.16e-03   0.0
          recFNToRawFN (recFNToRawFN_1_306) 1.27e-03 7.25e-04    0.232 2.23e-03   0.0
        rounding (roundAnyRawFNToRecFN_1_144) 4.59e-03 3.00e-03    1.205 8.80e-03   0.0
          genblk2_genblk1_lowMask_roundMask (lowMaskLoHi_144) 2.54e-04 1.38e-04    0.301 6.93e-04   0.0
            reverse (reverse_2_144)    7.09e-06 2.86e-06    0.154 1.63e-04   0.0
        pipe_add (VX_pipe_register_5_144) 6.53e-03 3.05e-02    1.265 3.83e-02   0.1
          g_shift_register (VX_shift_register_45_0_2_0_144) 6.53e-03 3.05e-02    1.265 3.83e-02   0.1
        adder (addRecFNToRaw_144)      2.48e-02 1.92e-02    4.756 4.87e-02   0.1
          lowMask_far_roundExtraMask (lowMaskHiLo_144) 4.25e-05 7.85e-05 8.04e-02 2.01e-04   0.0
            reverse (reverse_1_144)    1.91e-05 3.70e-05 5.04e-02 1.07e-04   0.0
          compressBy4_far_sigSmaller (compressBy4_144) 3.75e-05 1.81e-04 4.50e-02 2.63e-04   0.0
          countLeadingZeros_close (countLeadingZeros_144) 5.38e-04 4.59e-04    0.163 1.16e-03   0.0
            reverse_in (reverse_146)   2.61e-04 3.12e-04 9.01e-02 6.63e-04   0.0
          compressBy2_close_sigSum (compressBy2_144) 2.18e-04 3.39e-04 6.59e-02 6.23e-04   0.0
          isSigNaN_b (isSigNaNRecFN_1_288) 3.50e-06 5.32e-06 4.54e-03 1.34e-05   0.0
          recFNToRawFN_b (recFNToRawFN_1_307) 6.00e-04 2.75e-04    0.236 1.11e-03   0.0
          isSigNaN_a (isSigNaNRecFN_1_289) 9.14e-06 1.28e-05 4.71e-03 2.66e-05   0.0
          recFNToRawFN_a (recFNToRawFN_1_308) 1.98e-03 8.14e-04    0.232 3.03e-03   0.0
      pipe_c (VX_pipe_register_2_18)   1.94e-02    0.139    6.434    0.165   0.2
        g_shift_register (VX_shift_register_33_0_13_0_18) 1.94e-02    0.139    6.434    0.165   0.2
      conv_c (fNToRecFN_19)            1.61e-03 9.20e-04    0.753 3.29e-03   0.0
        clz (bsg_counting_leading_zeros_19) 1.07e-04 1.10e-04    0.120 3.37e-04   0.0
          lzc (VX_lzc_19)              1.07e-04 1.10e-04    0.120 3.37e-04   0.0
            g_lzc_find_first (VX_find_first_23_5_1_18) 9.40e-05 1.07e-04    0.107 3.08e-04   0.0
      g_red_tree_2__g_add_0__reduce_add (VX_tcu_bhf_fadd_127) 5.58e-02 7.60e-02    7.754    0.140   0.2
        pipe_rnd (VX_pipe_register_4_270) 3.11e-03 1.26e-02    0.504 1.62e-02   0.0
          g_shift_register (VX_shift_register_38_0_1_0_270) 3.11e-03 1.26e-02    0.504 1.62e-02   0.0
        rounding (roundAnyRawFNToRecFN_1_145) 6.66e-03 3.70e-03    1.220 1.16e-02   0.0
          genblk2_genblk1_lowMask_roundMask (lowMaskLoHi_145) 2.57e-04 1.44e-04    0.301 7.02e-04   0.0
            reverse (reverse_2_145)    1.37e-05 5.42e-06    0.154 1.73e-04   0.0
        pipe_add (VX_pipe_register_5_145) 7.86e-03 3.16e-02    1.265 4.07e-02   0.1
          g_shift_register (VX_shift_register_45_0_2_0_145) 7.86e-03 3.16e-02    1.265 4.07e-02   0.1
        adder (addRecFNToRaw_145)      3.81e-02 2.81e-02    4.765 7.10e-02   0.1
          lowMask_far_roundExtraMask (lowMaskHiLo_145) 1.68e-04 3.00e-04 8.09e-02 5.49e-04   0.0
            reverse (reverse_1_145)    8.09e-05 1.46e-04 4.72e-02 2.74e-04   0.0
          compressBy4_far_sigSmaller (compressBy4_145) 8.89e-05 3.66e-04 4.78e-02 5.02e-04   0.0
          countLeadingZeros_close (countLeadingZeros_145) 5.89e-04 5.29e-04    0.163 1.28e-03   0.0
            reverse_in (reverse_147)   3.10e-04 3.67e-04 8.96e-02 7.67e-04   0.0
          compressBy2_close_sigSum (compressBy2_145) 1.78e-04 3.96e-04 6.61e-02 6.40e-04   0.0
          isSigNaN_b (isSigNaNRecFN_1_290) 4.79e-06 8.20e-06 4.14e-03 1.71e-05   0.0
          recFNToRawFN_b (recFNToRawFN_1_309) 3.91e-03 9.23e-04    0.233 5.06e-03   0.0
          isSigNaN_a (isSigNaNRecFN_1_291) 4.61e-06 8.19e-06 4.17e-03 1.70e-05   0.0
          recFNToRawFN_a (recFNToRawFN_1_310) 1.78e-03 9.06e-04    0.233 2.92e-03   0.0
      g_red_tree_1__g_add_1__reduce_add (VX_tcu_bhf_fadd_128) 7.12e-02 7.70e-02    7.827    0.156   0.2
        pipe_rnd (VX_pipe_register_4_271) 6.08e-03 1.30e-02    0.505 1.95e-02   0.0
          g_shift_register (VX_shift_register_38_0_1_0_271) 6.08e-03 1.30e-02    0.505 1.95e-02   0.0
        rounding (roundAnyRawFNToRecFN_1_146) 1.23e-02 4.03e-03    1.274 1.76e-02   0.0
          genblk2_genblk1_lowMask_roundMask (lowMaskLoHi_146) 2.60e-04 1.52e-04    0.303 7.15e-04   0.0
            reverse (reverse_2_146)    1.35e-05 5.42e-06    0.153 1.72e-04   0.0
        pipe_add (VX_pipe_register_5_146) 1.21e-02 3.18e-02    1.265 4.51e-02   0.1
          g_shift_register (VX_shift_register_45_0_2_0_146) 1.21e-02 3.18e-02    1.265 4.51e-02   0.1
        adder (addRecFNToRaw_146)      4.08e-02 2.82e-02    4.776 7.38e-02   0.1
          lowMask_far_roundExtraMask (lowMaskHiLo_146) 1.51e-04 2.71e-04 8.07e-02 5.03e-04   0.0
            reverse (reverse_1_146)    5.96e-05 1.31e-04 4.69e-02 2.37e-04   0.0
          compressBy4_far_sigSmaller (compressBy4_146) 6.29e-05 3.42e-04 4.61e-02 4.51e-04   0.0
          countLeadingZeros_close (countLeadingZeros_146) 5.89e-04 5.20e-04    0.163 1.27e-03   0.0
            reverse_in (reverse_148)   3.17e-04 3.63e-04 8.98e-02 7.70e-04   0.0
          compressBy2_close_sigSum (compressBy2_146) 2.14e-04 3.93e-04 6.62e-02 6.73e-04   0.0
          isSigNaN_b (isSigNaNRecFN_1_292) 5.69e-06 9.14e-06 4.35e-03 1.92e-05   0.0
          recFNToRawFN_b (recFNToRawFN_1_311) 4.07e-03 9.43e-04    0.234 5.24e-03   0.0
          isSigNaN_a (isSigNaNRecFN_1_293) 4.45e-06 9.20e-06 4.34e-03 1.80e-05   0.0
          recFNToRawFN_a (recFNToRawFN_1_312) 4.35e-03 1.00e-03    0.234 5.58e-03   0.0
      g_red_tree_1__g_add_0__reduce_add (VX_tcu_bhf_fadd_129) 5.03e-02 7.65e-02    7.766    0.135   0.2
        pipe_rnd (VX_pipe_register_4_272) 2.28e-03 1.28e-02    0.505 1.56e-02   0.0
          g_shift_register (VX_shift_register_38_0_1_0_272) 2.28e-03 1.28e-02    0.505 1.56e-02   0.0
        rounding (roundAnyRawFNToRecFN_1_147) 5.57e-03 3.84e-03    1.220 1.06e-02   0.0
          genblk2_genblk1_lowMask_roundMask (lowMaskLoHi_147) 2.70e-04 1.51e-04    0.302 7.23e-04   0.0
            reverse (reverse_2_147)    1.31e-05 5.42e-06    0.153 1.72e-04   0.0
        pipe_add (VX_pipe_register_5_147) 6.93e-03 3.17e-02    1.265 3.99e-02   0.1
          g_shift_register (VX_shift_register_45_0_2_0_147) 6.93e-03 3.17e-02    1.265 3.99e-02   0.1
        adder (addRecFNToRaw_147)      3.55e-02 2.81e-02    4.776 6.84e-02   0.1
          lowMask_far_roundExtraMask (lowMaskHiLo_147) 1.52e-04 2.69e-04 8.07e-02 5.02e-04   0.0
            reverse (reverse_1_147)    7.44e-05 1.30e-04 4.69e-02 2.52e-04   0.0
          compressBy4_far_sigSmaller (compressBy4_147) 7.56e-05 3.43e-04 4.62e-02 4.64e-04   0.0
          countLeadingZeros_close (countLeadingZeros_147) 5.66e-04 5.20e-04    0.163 1.25e-03   0.0
            reverse_in (reverse_149)   2.93e-04 3.64e-04 8.98e-02 7.47e-04   0.0
          compressBy2_close_sigSum (compressBy2_147) 2.33e-04 3.94e-04 6.62e-02 6.94e-04   0.0
          isSigNaN_b (isSigNaNRecFN_1_294) 4.95e-06 9.20e-06 4.38e-03 1.85e-05   0.0
          recFNToRawFN_b (recFNToRawFN_1_313) 2.51e-03 9.40e-04    0.234 3.68e-03   0.0
          isSigNaN_a (isSigNaNRecFN_1_295) 4.78e-06 9.35e-06 4.37e-03 1.85e-05   0.0
          recFNToRawFN_a (recFNToRawFN_1_314) 1.41e-03 9.29e-04    0.234 2.57e-03   0.0
      g_red_tree_0__g_add_3__reduce_add (VX_tcu_bhf_fadd_130) 6.42e-02 7.45e-02    7.670    0.146   0.2
        pipe_rnd (VX_pipe_register_4_273) 5.79e-03 1.31e-02    0.505 1.94e-02   0.0
          g_shift_register (VX_shift_register_38_0_1_0_273) 5.79e-03 1.31e-02    0.505 1.94e-02   0.0
        rounding (roundAnyRawFNToRecFN_1_148) 1.40e-02 4.04e-03    1.320 1.94e-02   0.0
          genblk2_genblk1_lowMask_roundMask (lowMaskLoHi_148) 2.53e-04 1.53e-04    0.303 7.09e-04   0.0
            reverse (reverse_2_148)    1.38e-05 5.42e-06    0.153 1.73e-04   0.0
        pipe_add (VX_pipe_register_5_148) 1.31e-02 3.22e-02    1.268 4.66e-02   0.1
          g_shift_register (VX_shift_register_45_0_2_0_148) 1.31e-02 3.22e-02    1.268 4.66e-02   0.1
        adder (addRecFNToRaw_148)      3.13e-02 2.52e-02    4.577 6.10e-02   0.1
          lowMask_far_roundExtraMask (lowMaskHiLo_148) 1.16e-04 2.26e-04 6.92e-02 4.11e-04   0.0
            reverse (reverse_1_148)    5.62e-05 1.09e-04 3.99e-02 2.05e-04   0.0
          compressBy4_far_sigSmaller (compressBy4_148) 6.50e-05 2.46e-04 4.07e-02 3.52e-04   0.0
          countLeadingZeros_close (countLeadingZeros_148) 5.62e-04 5.02e-04    0.157 1.22e-03   0.0
            reverse_in (reverse_150)   2.99e-04 3.02e-04 8.27e-02 6.84e-04   0.0
          compressBy2_close_sigSum (compressBy2_148) 1.77e-04 3.27e-04 6.15e-02 5.66e-04   0.0
          isSigNaN_b (isSigNaNRecFN_1_296) 1.09e-05 1.10e-05 4.84e-03 2.66e-05   0.0
          recFNToRawFN_b (recFNToRawFN_1_315) 2.38e-03 7.53e-04    0.221 3.35e-03   0.0
          isSigNaN_a (isSigNaNRecFN_1_297) 6.51e-06 1.10e-05 4.84e-03 2.24e-05   0.0
          recFNToRawFN_a (recFNToRawFN_1_316) 1.74e-03 7.59e-04    0.221 2.72e-03   0.0
      g_red_tree_0__g_add_2__reduce_add (VX_tcu_bhf_fadd_131) 7.62e-02 7.48e-02    7.691    0.159   0.2
        pipe_rnd (VX_pipe_register_4_274) 1.00e-02 1.31e-02    0.505 2.36e-02   0.0
          g_shift_register (VX_shift_register_38_0_1_0_274) 1.00e-02 1.31e-02    0.505 2.36e-02   0.0
        rounding (roundAnyRawFNToRecFN_1_149) 1.91e-02 4.14e-03    1.329 2.45e-02   0.0
          genblk2_genblk1_lowMask_roundMask (lowMaskLoHi_149) 2.43e-04 1.52e-04    0.303 6.98e-04   0.0
            reverse (reverse_2_149)    1.55e-05 5.43e-06    0.153 1.74e-04   0.0
        pipe_add (VX_pipe_register_5_149) 1.45e-02 3.23e-02    1.268 4.80e-02   0.1
          g_shift_register (VX_shift_register_45_0_2_0_149) 1.45e-02 3.23e-02    1.268 4.80e-02   0.1
        adder (addRecFNToRaw_149)      3.27e-02 2.53e-02    4.581 6.26e-02   0.1
          lowMask_far_roundExtraMask (lowMaskHiLo_149) 1.29e-04 2.25e-04 6.92e-02 4.23e-04   0.0
            reverse (reverse_1_149)    6.51e-05 1.09e-04 3.98e-02 2.14e-04   0.0
          compressBy4_far_sigSmaller (compressBy4_149) 4.86e-05 2.45e-04 4.07e-02 3.34e-04   0.0
          countLeadingZeros_close (countLeadingZeros_149) 5.47e-04 5.02e-04    0.157 1.21e-03   0.0
            reverse_in (reverse_151)   2.83e-04 3.03e-04 8.27e-02 6.68e-04   0.0
          compressBy2_close_sigSum (compressBy2_149) 1.68e-04 3.28e-04 6.15e-02 5.57e-04   0.0
          isSigNaN_b (isSigNaNRecFN_1_298) 5.69e-06 1.07e-05 4.83e-03 2.12e-05   0.0
          recFNToRawFN_b (recFNToRawFN_1_317) 2.21e-03 7.51e-04    0.221 3.18e-03   0.0
          isSigNaN_a (isSigNaNRecFN_1_299) 6.29e-06 1.12e-05 4.85e-03 2.23e-05   0.0
          recFNToRawFN_a (recFNToRawFN_1_318) 1.61e-03 7.50e-04    0.221 2.58e-03   0.0
      g_red_tree_0__g_add_1__reduce_add (VX_tcu_bhf_fadd_132) 5.75e-02 7.44e-02    7.641    0.140   0.2
        pipe_rnd (VX_pipe_register_4_275) 6.30e-03 1.30e-02    0.506 1.98e-02   0.0
          g_shift_register (VX_shift_register_38_0_1_0_275) 6.30e-03 1.30e-02    0.506 1.98e-02   0.0
        rounding (roundAnyRawFNToRecFN_1_150) 1.24e-02 4.01e-03    1.286 1.77e-02   0.0
          genblk2_genblk1_lowMask_roundMask (lowMaskLoHi_150) 2.56e-04 1.52e-04    0.303 7.11e-04   0.0
            reverse (reverse_2_150)    1.35e-05 5.42e-06    0.153 1.72e-04   0.0
        pipe_add (VX_pipe_register_5_150) 8.50e-03 3.22e-02    1.268 4.20e-02   0.1
          g_shift_register (VX_shift_register_45_0_2_0_150) 8.50e-03 3.22e-02    1.268 4.20e-02   0.1
        adder (addRecFNToRaw_150)      3.03e-02 2.52e-02    4.574 6.00e-02   0.1
          lowMask_far_roundExtraMask (lowMaskHiLo_150) 1.20e-04 2.24e-04 6.92e-02 4.13e-04   0.0
            reverse (reverse_1_150)    5.24e-05 1.08e-04 3.99e-02 2.01e-04   0.0
          compressBy4_far_sigSmaller (compressBy4_150) 3.91e-05 2.45e-04 4.07e-02 3.25e-04   0.0
          countLeadingZeros_close (countLeadingZeros_150) 5.78e-04 5.04e-04    0.157 1.24e-03   0.0
            reverse_in (reverse_152)   3.10e-04 3.04e-04 8.27e-02 6.96e-04   0.0
          compressBy2_close_sigSum (compressBy2_150) 1.81e-04 3.29e-04 6.15e-02 5.71e-04   0.0
          isSigNaN_b (isSigNaNRecFN_1_300) 6.44e-06 1.11e-05 4.84e-03 2.23e-05   0.0
          recFNToRawFN_b (recFNToRawFN_1_319) 1.94e-03 7.57e-04    0.221 2.92e-03   0.0
          isSigNaN_a (isSigNaNRecFN_1_301) 9.21e-06 1.12e-05 4.85e-03 2.52e-05   0.0
          recFNToRawFN_a (recFNToRawFN_1_320) 1.70e-03 7.46e-04    0.221 2.67e-03   0.0
      g_red_tree_0__g_add_0__reduce_add (VX_tcu_bhf_fadd_133) 4.73e-02 7.42e-02    7.587    0.129   0.2
        pipe_rnd (VX_pipe_register_4_276) 2.35e-03 1.29e-02    0.505 1.58e-02   0.0
          g_shift_register (VX_shift_register_38_0_1_0_276) 2.35e-03 1.29e-02    0.505 1.58e-02   0.0
        rounding (roundAnyRawFNToRecFN_1_151) 5.21e-03 3.82e-03    1.229 1.03e-02   0.0
          genblk2_genblk1_lowMask_roundMask (lowMaskLoHi_151) 2.47e-04 1.56e-04    0.304 7.07e-04   0.0
            reverse (reverse_2_151)    1.38e-05 5.42e-06    0.153 1.73e-04   0.0
        pipe_add (VX_pipe_register_5_151) 8.81e-03 3.22e-02    1.268 4.23e-02   0.1
          g_shift_register (VX_shift_register_45_0_2_0_151) 8.81e-03 3.22e-02    1.268 4.23e-02   0.1
        adder (addRecFNToRaw_151)      3.10e-02 2.52e-02    4.585 6.08e-02   0.1
          lowMask_far_roundExtraMask (lowMaskHiLo_151) 1.03e-04 2.21e-04 6.92e-02 3.94e-04   0.0
            reverse (reverse_1_151)    4.63e-05 1.07e-04 3.98e-02 1.93e-04   0.0
          compressBy4_far_sigSmaller (compressBy4_151) 5.29e-05 2.45e-04 4.07e-02 3.39e-04   0.0
          countLeadingZeros_close (countLeadingZeros_151) 5.54e-04 5.00e-04    0.156 1.21e-03   0.0
            reverse_in (reverse_153)   2.92e-04 3.04e-04 8.27e-02 6.79e-04   0.0
          compressBy2_close_sigSum (compressBy2_151) 1.64e-04 3.29e-04 6.15e-02 5.54e-04   0.0
          isSigNaN_b (isSigNaNRecFN_1_302) 8.38e-06 1.09e-05 4.84e-03 2.41e-05   0.0
          recFNToRawFN_b (recFNToRawFN_1_321) 2.29e-03 7.53e-04    0.221 3.26e-03   0.0
          isSigNaN_a (isSigNaNRecFN_1_303) 8.92e-06 1.12e-05 4.86e-03 2.50e-05   0.0
          recFNToRawFN_a (recFNToRawFN_1_322) 1.60e-03 7.52e-04    0.221 2.58e-03   0.0
      g_prod_7__pipe_mult (VX_pipe_register_1_144) 2.89e-03 1.16e-02    0.477 1.49e-02   0.0
        g_shift_register (VX_shift_register_33_0_1_0_144) 2.89e-03 1.16e-02    0.477 1.49e-02   0.0
      g_prod_7__fp16_mul (VX_tcu_bhf_fmul_144) 2.35e-02 4.90e-02    5.414 7.79e-02   0.1
        pipe_rnd (VX_pipe_register_4_277) 3.54e-03 1.16e-02    0.477 1.56e-02   0.0
          g_shift_register (VX_shift_register_38_0_1_0_277) 3.54e-03 1.16e-02    0.477 1.56e-02   0.0
        rounding (roundAnyRawFNToRecFN_145) 1.73e-03 1.11e-03    0.275 3.11e-03   0.0
        pipe_add (VX_pipe_register_3_144) 5.49e-03 2.46e-02    1.028 3.11e-02   0.0
          g_shift_register (VX_shift_register_37_0_2_0_144) 5.49e-03 2.46e-02    1.028 3.11e-02   0.0
        multiplier (mulRecFNToFullRaw_144) 1.13e-02 1.08e-02    3.008 2.51e-02   0.0
          isSigNaN_b (isSigNaNRecFN_289) 4.67e-06 8.72e-06 4.63e-03 1.80e-05   0.0
          recFNToRawFN_b (recFNToRawFN_289) 6.87e-04 2.21e-04    0.129 1.04e-03   0.0
          isSigNaN_a (isSigNaNRecFN_290) 7.95e-06 7.51e-06 4.66e-03 2.01e-05   0.0
          recFNToRawFN_a (recFNToRawFN_290) 4.16e-04 1.72e-04    0.129 7.16e-04   0.0
        g_in_ieee_from_ieee_b (fNToRecFN_1_288) 6.37e-04 5.22e-04    0.312 1.47e-03   0.0
          clz (bsg_counting_leading_zeros_1_288) 1.18e-04 8.95e-05 6.83e-02 2.76e-04   0.0
            lzc (VX_lzc_1_288)         8.16e-05 7.89e-05 6.18e-02 2.22e-04   0.0
              g_lzc_find_first (VX_find_first_10_4_1_288) 5.42e-05 7.07e-05 5.54e-02 1.80e-04   0.0
        g_in_ieee_from_ieee_a (fNToRecFN_1_289) 8.40e-04 4.03e-04    0.314 1.56e-03   0.0
          clz (bsg_counting_leading_zeros_1_289) 9.20e-05 6.84e-05 6.83e-02 2.29e-04   0.0
            lzc (VX_lzc_1_289)         9.20e-05 6.84e-05 6.83e-02 2.29e-04   0.0
              g_lzc_find_first (VX_find_first_10_4_1_289) 3.93e-05 5.30e-05 5.55e-02 1.48e-04   0.0
      g_prod_6__pipe_mult (VX_pipe_register_1_145) 2.03e-03 1.16e-02    0.477 1.41e-02   0.0
        g_shift_register (VX_shift_register_33_0_1_0_145) 2.03e-03 1.16e-02    0.477 1.41e-02   0.0
      g_prod_6__fp16_mul (VX_tcu_bhf_fmul_145) 1.80e-02 4.89e-02    5.409 7.23e-02   0.1
        pipe_rnd (VX_pipe_register_4_278) 1.93e-03 1.16e-02    0.477 1.40e-02   0.0
          g_shift_register (VX_shift_register_38_0_1_0_278) 1.93e-03 1.16e-02    0.477 1.40e-02   0.0
        rounding (roundAnyRawFNToRecFN_146) 7.78e-04 1.11e-03    0.271 2.16e-03   0.0
        pipe_add (VX_pipe_register_3_145) 3.88e-03 2.46e-02    1.028 2.95e-02   0.0
          g_shift_register (VX_shift_register_37_0_2_0_145) 3.88e-03 2.46e-02    1.028 2.95e-02   0.0
        multiplier (mulRecFNToFullRaw_145) 1.02e-02 1.07e-02    3.008 2.40e-02   0.0
          isSigNaN_b (isSigNaNRecFN_291) 5.70e-06 8.74e-06 4.72e-03 1.92e-05   0.0
          recFNToRawFN_b (recFNToRawFN_291) 6.98e-04 2.20e-04    0.129 1.05e-03   0.0
          isSigNaN_a (isSigNaNRecFN_292) 5.87e-06 7.20e-06 4.75e-03 1.78e-05   0.0
          recFNToRawFN_a (recFNToRawFN_292) 3.46e-04 1.65e-04    0.129 6.40e-04   0.0
        g_in_ieee_from_ieee_b (fNToRecFN_1_290) 6.44e-04 5.27e-04    0.311 1.48e-03   0.0
          clz (bsg_counting_leading_zeros_1_290) 1.21e-04 9.14e-05 6.83e-02 2.81e-04   0.0
            lzc (VX_lzc_1_290)         8.49e-05 8.02e-05 6.18e-02 2.27e-04   0.0
              g_lzc_find_first (VX_find_first_10_4_1_290) 5.55e-05 7.16e-05 5.54e-02 1.83e-04   0.0
        g_in_ieee_from_ieee_a (fNToRecFN_1_291) 5.67e-04 3.99e-04    0.313 1.28e-03   0.0
          clz (bsg_counting_leading_zeros_1_291) 9.58e-05 6.88e-05 6.84e-02 2.33e-04   0.0
            lzc (VX_lzc_1_291)         9.58e-05 6.88e-05 6.84e-02 2.33e-04   0.0
              g_lzc_find_first (VX_find_first_10_4_1_291) 4.13e-05 5.32e-05 5.55e-02 1.50e-04   0.0
      g_prod_5__pipe_mult (VX_pipe_register_1_146) 2.96e-03 1.16e-02    0.477 1.50e-02   0.0
        g_shift_register (VX_shift_register_33_0_1_0_146) 2.96e-03 1.16e-02    0.477 1.50e-02   0.0
      g_prod_5__fp16_mul (VX_tcu_bhf_fmul_146) 2.03e-02 4.90e-02    5.411 7.47e-02   0.1
        pipe_rnd (VX_pipe_register_4_279) 2.56e-03 1.16e-02    0.477 1.46e-02   0.0
          g_shift_register (VX_shift_register_38_0_1_0_279) 2.56e-03 1.16e-02    0.477 1.46e-02   0.0
        rounding (roundAnyRawFNToRecFN_147) 1.21e-03 1.10e-03    0.272 2.58e-03   0.0
        pipe_add (VX_pipe_register_3_146) 4.18e-03 2.46e-02    1.028 2.98e-02   0.0
          g_shift_register (VX_shift_register_37_0_2_0_146) 4.18e-03 2.46e-02    1.028 2.98e-02   0.0
        multiplier (mulRecFNToFullRaw_146) 1.11e-02 1.08e-02    3.009 2.50e-02   0.0
          isSigNaN_b (isSigNaNRecFN_293) 5.90e-06 8.98e-06 4.67e-03 1.95e-05   0.0
          recFNToRawFN_b (recFNToRawFN_293) 7.81e-04 2.22e-04    0.129 1.13e-03   0.0
          isSigNaN_a (isSigNaNRecFN_294) 8.07e-06 7.16e-06 4.66e-03 1.99e-05   0.0
          recFNToRawFN_a (recFNToRawFN_294) 3.60e-04 1.67e-04    0.129 6.56e-04   0.0
        g_in_ieee_from_ieee_b (fNToRecFN_1_292) 6.32e-04 5.24e-04    0.312 1.47e-03   0.0
          clz (bsg_counting_leading_zeros_1_292) 1.24e-04 9.05e-05 6.83e-02 2.82e-04   0.0
            lzc (VX_lzc_1_292)         8.43e-05 7.93e-05 6.18e-02 2.25e-04   0.0
              g_lzc_find_first (VX_find_first_10_4_1_292) 5.54e-05 7.11e-05 5.54e-02 1.82e-04   0.0
        g_in_ieee_from_ieee_a (fNToRecFN_1_293) 6.01e-04 4.03e-04    0.314 1.32e-03   0.0
          clz (bsg_counting_leading_zeros_1_293) 9.53e-05 6.90e-05 6.83e-02 2.33e-04   0.0
            lzc (VX_lzc_1_293)         9.53e-05 6.90e-05 6.83e-02 2.33e-04   0.0
              g_lzc_find_first (VX_find_first_10_4_1_293) 3.98e-05 5.33e-05 5.55e-02 1.49e-04   0.0
      g_prod_4__pipe_mult (VX_pipe_register_1_147) 2.60e-03 1.16e-02    0.477 1.46e-02   0.0
        g_shift_register (VX_shift_register_33_0_1_0_147) 2.60e-03 1.16e-02    0.477 1.46e-02   0.0
      g_prod_4__fp16_mul (VX_tcu_bhf_fmul_147) 1.98e-02 4.90e-02    5.411 7.42e-02   0.1
        pipe_rnd (VX_pipe_register_4_280) 2.66e-03 1.16e-02    0.477 1.47e-02   0.0
          g_shift_register (VX_shift_register_38_0_1_0_280) 2.66e-03 1.16e-02    0.477 1.47e-02   0.0
        rounding (roundAnyRawFNToRecFN_148) 1.34e-03 1.11e-03    0.273 2.72e-03   0.0
        pipe_add (VX_pipe_register_3_147) 4.17e-03 2.46e-02    1.028 2.98e-02   0.0
          g_shift_register (VX_shift_register_37_0_2_0_147) 4.17e-03 2.46e-02    1.028 2.98e-02   0.0
        multiplier (mulRecFNToFullRaw_147) 1.04e-02 1.08e-02    3.009 2.42e-02   0.0
          isSigNaN_b (isSigNaNRecFN_295) 6.78e-06 9.11e-06 4.69e-03 2.06e-05   0.0
          recFNToRawFN_b (recFNToRawFN_295) 7.18e-04 2.22e-04    0.129 1.07e-03   0.0
          isSigNaN_a (isSigNaNRecFN_296) 5.76e-06 7.08e-06 4.68e-03 1.75e-05   0.0
          recFNToRawFN_a (recFNToRawFN_296) 3.53e-04 1.67e-04    0.129 6.49e-04   0.0
        g_in_ieee_from_ieee_b (fNToRecFN_1_294) 6.94e-04 5.26e-04    0.313 1.53e-03   0.0
          clz (bsg_counting_leading_zeros_1_294) 1.18e-04 9.06e-05 6.84e-02 2.77e-04   0.0
            lzc (VX_lzc_1_294)         5.26e-05 7.13e-05 5.55e-02 1.79e-04   0.0
              g_lzc_find_first (VX_find_first_10_4_1_294) 5.26e-05 7.13e-05 5.55e-02 1.79e-04   0.0
        g_in_ieee_from_ieee_a (fNToRecFN_1_295) 5.34e-04 3.97e-04    0.311 1.24e-03   0.0
          clz (bsg_counting_leading_zeros_1_295) 9.25e-05 6.77e-05 6.83e-02 2.28e-04   0.0
            lzc (VX_lzc_1_295)         9.25e-05 6.77e-05 6.83e-02 2.28e-04   0.0
              g_lzc_find_first (VX_find_first_10_4_1_295) 4.06e-05 5.26e-05 5.54e-02 1.49e-04   0.0
      g_prod_3__pipe_mult (VX_pipe_register_1_148) 2.15e-03 1.16e-02    0.477 1.42e-02   0.0
        g_shift_register (VX_shift_register_33_0_1_0_148) 2.15e-03 1.16e-02    0.477 1.42e-02   0.0
      g_prod_3__fp16_mul (VX_tcu_bhf_fmul_148) 2.27e-02 4.90e-02    5.435 7.72e-02   0.1
        pipe_rnd (VX_pipe_register_4_281) 2.43e-03 1.16e-02    0.477 1.45e-02   0.0
          g_shift_register (VX_shift_register_38_0_1_0_281) 2.43e-03 1.16e-02    0.477 1.45e-02   0.0
        rounding (roundAnyRawFNToRecFN_149) 8.84e-04 1.10e-03    0.272 2.26e-03   0.0
        pipe_add (VX_pipe_register_3_148) 4.66e-03 2.46e-02    1.028 3.03e-02   0.0
          g_shift_register (VX_shift_register_37_0_2_0_148) 4.66e-03 2.46e-02    1.028 3.03e-02   0.0
        multiplier (mulRecFNToFullRaw_148) 1.23e-02 1.08e-02    3.010 2.61e-02   0.0
          isSigNaN_b (isSigNaNRecFN_297) 6.05e-06 9.09e-06 4.69e-03 1.98e-05   0.0
          recFNToRawFN_b (recFNToRawFN_297) 7.72e-04 2.23e-04    0.129 1.12e-03   0.0
          isSigNaN_a (isSigNaNRecFN_298) 4.00e-06 8.77e-06 5.24e-03 1.80e-05   0.0
          recFNToRawFN_a (recFNToRawFN_298) 1.15e-03 1.87e-04    0.129 1.47e-03   0.0
        g_in_ieee_from_ieee_b (fNToRecFN_1_296) 6.62e-04 5.29e-04    0.313 1.50e-03   0.0
          clz (bsg_counting_leading_zeros_1_296) 1.22e-04 9.15e-05 6.83e-02 2.82e-04   0.0
            lzc (VX_lzc_1_296)         1.22e-04 9.15e-05 6.83e-02 2.82e-04   0.0
              g_lzc_find_first (VX_find_first_10_4_1_296) 5.41e-05 7.19e-05 5.55e-02 1.81e-04   0.0
        g_in_ieee_from_ieee_a (fNToRecFN_1_297) 1.80e-03 4.23e-04    0.335 2.56e-03   0.0
          clz (bsg_counting_leading_zeros_1_297) 9.38e-05 6.82e-05 6.83e-02 2.30e-04   0.0
            lzc (VX_lzc_1_297)         9.38e-05 6.82e-05 6.83e-02 2.30e-04   0.0
              g_lzc_find_first (VX_find_first_10_4_1_297) 4.11e-05 5.30e-05 5.54e-02 1.50e-04   0.0
      g_prod_2__pipe_mult (VX_pipe_register_1_149) 3.43e-03 1.16e-02    0.477 1.55e-02   0.0
        g_shift_register (VX_shift_register_33_0_1_0_149) 3.43e-03 1.16e-02    0.477 1.55e-02   0.0
      g_prod_2__fp16_mul (VX_tcu_bhf_fmul_149) 2.41e-02 4.90e-02    5.409 7.84e-02   0.1
        pipe_rnd (VX_pipe_register_4_282) 5.45e-03 1.16e-02    0.477 1.75e-02   0.0
          g_shift_register (VX_shift_register_38_0_1_0_282) 5.45e-03 1.16e-02    0.477 1.75e-02   0.0
        rounding (roundAnyRawFNToRecFN_150) 1.10e-03 1.11e-03    0.271 2.48e-03   0.0
        pipe_add (VX_pipe_register_3_149) 4.43e-03 2.46e-02    1.028 3.00e-02   0.0
          g_shift_register (VX_shift_register_37_0_2_0_149) 4.43e-03 2.46e-02    1.028 3.00e-02   0.0
        multiplier (mulRecFNToFullRaw_149) 1.14e-02 1.08e-02    3.008 2.52e-02   0.0
          isSigNaN_b (isSigNaNRecFN_299) 6.86e-06 8.97e-06 4.71e-03 2.05e-05   0.0
          recFNToRawFN_b (recFNToRawFN_299) 7.15e-04 2.20e-04    0.129 1.06e-03   0.0
          isSigNaN_a (isSigNaNRecFN_300) 4.38e-06 7.48e-06 4.72e-03 1.66e-05   0.0
          recFNToRawFN_a (recFNToRawFN_300) 5.21e-04 1.74e-04    0.129 8.23e-04   0.0
        g_in_ieee_from_ieee_b (fNToRecFN_1_298) 6.90e-04 5.24e-04    0.312 1.53e-03   0.0
          clz (bsg_counting_leading_zeros_1_298) 1.24e-04 9.19e-05 6.85e-02 2.85e-04   0.0
            lzc (VX_lzc_1_298)         8.49e-05 8.09e-05 6.20e-02 2.28e-04   0.0
              g_lzc_find_first (VX_find_first_10_4_1_298) 5.47e-05 7.24e-05 5.56e-02 1.83e-04   0.0
        g_in_ieee_from_ieee_a (fNToRecFN_1_299) 9.61e-04 4.06e-04    0.313 1.68e-03   0.0
          clz (bsg_counting_leading_zeros_1_299) 9.77e-05 7.04e-05 6.85e-02 2.37e-04   0.0
            lzc (VX_lzc_1_299)         9.77e-05 7.04e-05 6.85e-02 2.37e-04   0.0
              g_lzc_find_first (VX_find_first_10_4_1_299) 4.24e-05 5.46e-05 5.56e-02 1.53e-04   0.0
      g_prod_1__pipe_mult (VX_pipe_register_1_150) 2.44e-03 1.16e-02    0.477 1.45e-02   0.0
        g_shift_register (VX_shift_register_33_0_1_0_150) 2.44e-03 1.16e-02    0.477 1.45e-02   0.0
      g_prod_1__fp16_mul (VX_tcu_bhf_fmul_150) 2.25e-02 4.89e-02    5.432 7.68e-02   0.1
        pipe_rnd (VX_pipe_register_4_283) 2.68e-03 1.15e-02    0.477 1.47e-02   0.0
          g_shift_register (VX_shift_register_38_0_1_0_283) 2.68e-03 1.15e-02    0.477 1.47e-02   0.0
        rounding (roundAnyRawFNToRecFN_151) 1.41e-03 1.10e-03    0.274 2.79e-03   0.0
        pipe_add (VX_pipe_register_3_150) 4.89e-03 2.46e-02    1.028 3.05e-02   0.0
          g_shift_register (VX_shift_register_37_0_2_0_150) 4.89e-03 2.46e-02    1.028 3.05e-02   0.0
        multiplier (mulRecFNToFullRaw_150) 1.19e-02 1.07e-02    3.025 2.56e-02   0.0
          isSigNaN_b (isSigNaNRecFN_301) 4.37e-06 8.85e-06 4.72e-03 1.79e-05   0.0
          recFNToRawFN_b (recFNToRawFN_301) 9.72e-04 2.22e-04    0.129 1.32e-03   0.0
          isSigNaN_a (isSigNaNRecFN_302) 4.57e-06 7.63e-06 4.72e-03 1.69e-05   0.0
          recFNToRawFN_a (recFNToRawFN_302) 6.09e-04 1.70e-04    0.131 9.10e-04   0.0
        g_in_ieee_from_ieee_b (fNToRecFN_1_300) 7.08e-04 5.27e-04    0.313 1.55e-03   0.0
          clz (bsg_counting_leading_zeros_1_300) 1.20e-04 9.12e-05 6.84e-02 2.80e-04   0.0
            lzc (VX_lzc_1_300)         1.20e-04 9.12e-05 6.84e-02 2.80e-04   0.0
              g_lzc_find_first (VX_find_first_10_4_1_300) 5.43e-05 7.20e-05 5.55e-02 1.82e-04   0.0
        g_in_ieee_from_ieee_a (fNToRecFN_1_301) 9.05e-04 3.97e-04    0.314 1.62e-03   0.0
          clz (bsg_counting_leading_zeros_1_301) 9.07e-05 6.75e-05 6.83e-02 2.26e-04   0.0
            lzc (VX_lzc_1_301)         9.07e-05 6.75e-05 6.83e-02 2.26e-04   0.0
              g_lzc_find_first (VX_find_first_10_4_1_301) 3.89e-05 5.24e-05 5.54e-02 1.47e-04   0.0
      g_prod_0__pipe_mult (VX_pipe_register_1_151) 2.45e-03 1.16e-02    0.477 1.45e-02   0.0
        g_shift_register (VX_shift_register_33_0_1_0_151) 2.45e-03 1.16e-02    0.477 1.45e-02   0.0
      g_prod_0__fp16_mul (VX_tcu_bhf_fmul_151) 2.28e-02 4.89e-02    5.434 7.71e-02   0.1
        pipe_rnd (VX_pipe_register_4_284) 4.57e-03 1.16e-02    0.477 1.66e-02   0.0
          g_shift_register (VX_shift_register_38_0_1_0_284) 4.57e-03 1.16e-02    0.477 1.66e-02   0.0
        rounding (roundAnyRawFNToRecFN_152) 1.07e-03 1.10e-03    0.271 2.44e-03   0.0
        pipe_add (VX_pipe_register_3_151) 4.48e-03 2.46e-02    1.028 3.01e-02   0.0
          g_shift_register (VX_shift_register_37_0_2_0_151) 4.48e-03 2.46e-02    1.028 3.01e-02   0.0
        multiplier (mulRecFNToFullRaw_151) 1.11e-02 1.08e-02    3.024 2.49e-02   0.0
          isSigNaN_b (isSigNaNRecFN_303) 7.47e-06 9.14e-06 4.72e-03 2.13e-05   0.0
          recFNToRawFN_b (recFNToRawFN_303) 1.03e-03 2.22e-04    0.129 1.38e-03   0.0
          isSigNaN_a (isSigNaNRecFN_304) 5.65e-06 7.30e-06 4.67e-03 1.76e-05   0.0
          recFNToRawFN_a (recFNToRawFN_304) 4.17e-04 1.69e-04    0.129 7.16e-04   0.0
        g_in_ieee_from_ieee_b (fNToRecFN_1_302) 7.92e-04 5.26e-04    0.313 1.63e-03   0.0
          clz (bsg_counting_leading_zeros_1_302) 1.24e-04 9.04e-05 6.85e-02 2.83e-04   0.0
            lzc (VX_lzc_1_302)         1.24e-04 9.04e-05 6.85e-02 2.83e-04   0.0
              g_lzc_find_first (VX_find_first_10_4_1_302) 5.74e-05 7.12e-05 5.56e-02 1.84e-04   0.0
        g_in_ieee_from_ieee_a (fNToRecFN_1_303) 7.56e-04 3.98e-04    0.313 1.47e-03   0.0
          clz (bsg_counting_leading_zeros_1_303) 9.25e-05 6.73e-05 6.82e-02 2.28e-04   0.0
            lzc (VX_lzc_1_303)         9.25e-05 6.73e-05 6.82e-02 2.28e-04   0.0
              g_lzc_find_first (VX_find_first_10_4_1_303) 3.98e-05 5.22e-05 5.54e-02 1.47e-04   0.0
    g_i_3__g_j_1__genblk1_u_buffer_ex (VX_pipe_register_24) 1.62e-02 9.43e-02    4.324    0.115   0.2
      g_shift_register (VX_shift_register_582_0_1_0_18) 1.62e-02 9.43e-02    4.324    0.115   0.2
    g_i_3__g_j_0__fedp (VX_tcu_fedp_bhf_19)    0.680    1.218  116.896    2.015   2.8
      final_add (VX_tcu_bhf_fadd_1_19) 5.89e-02 6.74e-02    8.603    0.135   0.2
        pipe_rnd (VX_pipe_register_6_19) 9.96e-03 1.16e-02    0.507 2.21e-02   0.0
          g_shift_register (VX_shift_register_37_0_1_0_19) 9.96e-03 1.16e-02    0.507 2.21e-02   0.0
        g_out_ieee_to_ieee (recFNToFN_19) 7.21e-03 3.01e-03    0.819 1.10e-02   0.0
          recFNToRawFN (recFNToRawFN_1_323) 1.61e-03 8.24e-04    0.232 2.67e-03   0.0
        rounding (roundAnyRawFNToRecFN_1_152) 1.06e-02 3.06e-03    1.253 1.49e-02   0.0
          genblk2_genblk1_lowMask_roundMask (lowMaskLoHi_152) 2.32e-04 1.37e-04    0.302 6.71e-04   0.0
            reverse (reverse_2_152)    5.63e-06 2.26e-06    0.153 1.61e-04   0.0
        pipe_add (VX_pipe_register_5_152) 6.51e-03 3.05e-02    1.265 3.83e-02   0.1
          g_shift_register (VX_shift_register_45_0_2_0_152) 6.51e-03 3.05e-02    1.265 3.83e-02   0.1
        adder (addRecFNToRaw_152)      2.46e-02 1.92e-02    4.752 4.86e-02   0.1
          lowMask_far_roundExtraMask (lowMaskHiLo_152) 4.20e-05 8.24e-05 8.04e-02 2.05e-04   0.0
            reverse (reverse_1_152)    1.92e-05 3.89e-05 5.04e-02 1.09e-04   0.0
          compressBy4_far_sigSmaller (compressBy4_152) 4.67e-05 1.90e-04 4.52e-02 2.81e-04   0.0
          countLeadingZeros_close (countLeadingZeros_152) 5.41e-04 4.60e-04    0.163 1.16e-03   0.0
            reverse_in (reverse_154)   2.66e-04 3.13e-04 9.01e-02 6.70e-04   0.0
          compressBy2_close_sigSum (compressBy2_152) 1.56e-04 3.38e-04 6.59e-02 5.60e-04   0.0
          isSigNaN_b (isSigNaNRecFN_1_304) 5.14e-06 5.34e-06 4.60e-03 1.51e-05   0.0
          recFNToRawFN_b (recFNToRawFN_1_324) 6.97e-04 2.76e-04    0.236 1.21e-03   0.0
          isSigNaN_a (isSigNaNRecFN_1_305) 6.77e-06 1.29e-05 4.73e-03 2.44e-05   0.0
          recFNToRawFN_a (recFNToRawFN_1_325) 1.15e-03 8.14e-04    0.232 2.20e-03   0.0
      pipe_c (VX_pipe_register_2_19)   1.93e-02    0.139    6.433    0.165   0.2
        g_shift_register (VX_shift_register_33_0_13_0_19) 1.93e-02    0.139    6.433    0.165   0.2
      conv_c (fNToRecFN_20)            1.94e-03 9.20e-04    0.753 3.61e-03   0.0
        clz (bsg_counting_leading_zeros_20) 1.12e-04 1.10e-04    0.119 3.42e-04   0.0
          lzc (VX_lzc_20)              1.12e-04 1.10e-04    0.119 3.42e-04   0.0
            g_lzc_find_first (VX_find_first_23_5_1_19) 9.88e-05 1.07e-04    0.107 3.13e-04   0.0
      g_red_tree_2__g_add_0__reduce_add (VX_tcu_bhf_fadd_134) 5.01e-02 7.59e-02    7.741    0.134   0.2
        pipe_rnd (VX_pipe_register_4_285) 2.35e-03 1.26e-02    0.504 1.54e-02   0.0
          g_shift_register (VX_shift_register_38_0_1_0_285) 2.35e-03 1.26e-02    0.504 1.54e-02   0.0
        rounding (roundAnyRawFNToRecFN_1_153) 5.40e-03 3.66e-03    1.198 1.03e-02   0.0
          genblk2_genblk1_lowMask_roundMask (lowMaskLoHi_153) 2.60e-04 1.45e-04    0.302 7.06e-04   0.0
            reverse (reverse_2_153)    1.36e-05 5.42e-06    0.154 1.73e-04   0.0
        pipe_add (VX_pipe_register_5_153) 6.97e-03 3.16e-02    1.265 3.98e-02   0.1
          g_shift_register (VX_shift_register_45_0_2_0_153) 6.97e-03 3.16e-02    1.265 3.98e-02   0.1
        adder (addRecFNToRaw_153)      3.54e-02 2.80e-02    4.774 6.82e-02   0.1
          lowMask_far_roundExtraMask (lowMaskHiLo_153) 1.70e-04 2.96e-04 8.09e-02 5.48e-04   0.0
            reverse (reverse_1_153)    7.17e-05 1.44e-04 4.72e-02 2.63e-04   0.0
          compressBy4_far_sigSmaller (compressBy4_153) 8.62e-05 3.64e-04 4.78e-02 4.98e-04   0.0
          countLeadingZeros_close (countLeadingZeros_153) 5.98e-04 5.35e-04    0.163 1.30e-03   0.0
            reverse_in (reverse_155)   3.14e-04 3.68e-04 8.96e-02 7.71e-04   0.0
          compressBy2_close_sigSum (compressBy2_153) 2.63e-04 3.99e-04 6.61e-02 7.28e-04   0.0
          isSigNaN_b (isSigNaNRecFN_1_306) 3.73e-06 8.34e-06 4.16e-03 1.62e-05   0.0
          recFNToRawFN_b (recFNToRawFN_1_326) 1.91e-03 9.10e-04    0.233 3.06e-03   0.0
          isSigNaN_a (isSigNaNRecFN_1_307) 4.74e-06 8.26e-06 4.17e-03 1.72e-05   0.0
          recFNToRawFN_a (recFNToRawFN_1_327) 1.34e-03 8.89e-04    0.233 2.46e-03   0.0
      g_red_tree_1__g_add_1__reduce_add (VX_tcu_bhf_fadd_135) 5.28e-02 7.67e-02    7.775    0.137   0.2
        pipe_rnd (VX_pipe_register_4_286) 2.36e-03 1.29e-02    0.505 1.57e-02   0.0
          g_shift_register (VX_shift_register_38_0_1_0_286) 2.36e-03 1.29e-02    0.505 1.57e-02   0.0
        rounding (roundAnyRawFNToRecFN_1_154) 5.84e-03 3.86e-03    1.219 1.09e-02   0.0
          genblk2_genblk1_lowMask_roundMask (lowMaskLoHi_154) 2.65e-04 1.49e-04    0.302 7.17e-04   0.0
            reverse (reverse_2_154)    1.32e-05 5.42e-06    0.153 1.72e-04   0.0
        pipe_add (VX_pipe_register_5_154) 7.34e-03 3.17e-02    1.265 4.03e-02   0.1
          g_shift_register (VX_shift_register_45_0_2_0_154) 7.34e-03 3.17e-02    1.265 4.03e-02   0.1
        adder (addRecFNToRaw_154)      3.73e-02 2.82e-02    4.786 7.02e-02   0.1
          lowMask_far_roundExtraMask (lowMaskHiLo_154) 1.51e-04 2.72e-04 8.07e-02 5.04e-04   0.0
            reverse (reverse_1_154)    6.11e-05 1.31e-04 4.69e-02 2.39e-04   0.0
          compressBy4_far_sigSmaller (compressBy4_154) 6.08e-05 3.43e-04 4.62e-02 4.50e-04   0.0
          countLeadingZeros_close (countLeadingZeros_154) 5.79e-04 5.20e-04    0.163 1.26e-03   0.0
            reverse_in (reverse_156)   3.01e-04 3.64e-04 8.98e-02 7.55e-04   0.0
          compressBy2_close_sigSum (compressBy2_154) 2.17e-04 3.94e-04 6.62e-02 6.77e-04   0.0
          isSigNaN_b (isSigNaNRecFN_1_308) 7.13e-06 9.51e-06 4.36e-03 2.10e-05   0.0
          recFNToRawFN_b (recFNToRawFN_1_328) 2.58e-03 9.36e-04    0.234 3.75e-03   0.0
          isSigNaN_a (isSigNaNRecFN_1_309) 7.10e-06 9.41e-06 4.37e-03 2.09e-05   0.0
          recFNToRawFN_a (recFNToRawFN_1_329) 1.99e-03 9.19e-04    0.234 3.14e-03   0.0
      g_red_tree_1__g_add_0__reduce_add (VX_tcu_bhf_fadd_136) 5.48e-02 7.65e-02    7.767    0.139   0.2
        pipe_rnd (VX_pipe_register_4_287) 2.91e-03 1.29e-02    0.505 1.63e-02   0.0
          g_shift_register (VX_shift_register_38_0_1_0_287) 2.91e-03 1.29e-02    0.505 1.63e-02   0.0
        rounding (roundAnyRawFNToRecFN_1_155) 5.92e-03 3.82e-03    1.219 1.10e-02   0.0
          genblk2_genblk1_lowMask_roundMask (lowMaskLoHi_155) 2.71e-04 1.50e-04    0.303 7.24e-04   0.0
            reverse (reverse_2_155)    1.28e-05 5.41e-06    0.153 1.72e-04   0.0
        pipe_add (VX_pipe_register_5_155) 9.05e-03 3.17e-02    1.266 4.21e-02   0.1
          g_shift_register (VX_shift_register_45_0_2_0_155) 9.05e-03 3.17e-02    1.266 4.21e-02   0.1
        adder (addRecFNToRaw_155)      3.70e-02 2.81e-02    4.778 6.98e-02   0.1
          lowMask_far_roundExtraMask (lowMaskHiLo_155) 1.67e-04 2.70e-04 8.07e-02 5.17e-04   0.0
            reverse (reverse_1_155)    8.63e-05 1.29e-04 4.69e-02 2.62e-04   0.0
          compressBy4_far_sigSmaller (compressBy4_155) 9.73e-05 3.43e-04 4.63e-02 4.87e-04   0.0
          countLeadingZeros_close (countLeadingZeros_155) 5.82e-04 5.20e-04    0.163 1.27e-03   0.0
            reverse_in (reverse_157)   3.07e-04 3.63e-04 8.98e-02 7.59e-04   0.0
          compressBy2_close_sigSum (compressBy2_155) 1.79e-04 3.92e-04 6.62e-02 6.36e-04   0.0
          isSigNaN_b (isSigNaNRecFN_1_310) 5.32e-06 9.31e-06 4.38e-03 1.90e-05   0.0
          recFNToRawFN_b (recFNToRawFN_1_330) 2.54e-03 9.20e-04    0.234 3.69e-03   0.0
          isSigNaN_a (isSigNaNRecFN_1_311) 7.73e-06 9.21e-06 4.38e-03 2.13e-05   0.0
          recFNToRawFN_a (recFNToRawFN_1_331) 1.75e-03 9.28e-04    0.234 2.92e-03   0.0
      g_red_tree_0__g_add_3__reduce_add (VX_tcu_bhf_fadd_137) 6.68e-02 7.46e-02    7.640    0.149   0.2
        pipe_rnd (VX_pipe_register_4_288) 5.18e-03 1.30e-02    0.505 1.87e-02   0.0
          g_shift_register (VX_shift_register_38_0_1_0_288) 5.18e-03 1.30e-02    0.505 1.87e-02   0.0
        rounding (roundAnyRawFNToRecFN_1_156) 1.10e-02 3.99e-03    1.280 1.63e-02   0.0
          genblk2_genblk1_lowMask_roundMask (lowMaskLoHi_156) 2.49e-04 1.52e-04    0.303 7.04e-04   0.0
            reverse (reverse_2_156)    1.34e-05 5.42e-06    0.153 1.72e-04   0.0
        pipe_add (VX_pipe_register_5_156) 1.81e-02 3.23e-02    1.268 5.17e-02   0.1
          g_shift_register (VX_shift_register_45_0_2_0_156) 1.81e-02 3.23e-02    1.268 5.17e-02   0.1
        adder (addRecFNToRaw_156)      3.24e-02 2.53e-02    4.586 6.23e-02   0.1
          lowMask_far_roundExtraMask (lowMaskHiLo_156) 1.10e-04 2.23e-04 6.92e-02 4.03e-04   0.0
            reverse (reverse_1_156)    5.26e-05 1.08e-04 3.98e-02 2.01e-04   0.0
          compressBy4_far_sigSmaller (compressBy4_156) 5.41e-05 2.47e-04 4.07e-02 3.42e-04   0.0
          countLeadingZeros_close (countLeadingZeros_156) 5.48e-04 5.02e-04    0.156 1.21e-03   0.0
            reverse_in (reverse_158)   2.85e-04 3.04e-04 8.27e-02 6.71e-04   0.0
          compressBy2_close_sigSum (compressBy2_156) 1.67e-04 3.29e-04 6.15e-02 5.57e-04   0.0
          isSigNaN_b (isSigNaNRecFN_1_312) 5.97e-06 1.10e-05 4.85e-03 2.18e-05   0.0
          recFNToRawFN_b (recFNToRawFN_1_332) 2.49e-03 7.57e-04    0.221 3.46e-03   0.0
          isSigNaN_a (isSigNaNRecFN_1_313) 6.24e-06 1.12e-05 4.84e-03 2.23e-05   0.0
          recFNToRawFN_a (recFNToRawFN_1_333) 1.64e-03 7.49e-04    0.221 2.61e-03   0.0
      g_red_tree_0__g_add_2__reduce_add (VX_tcu_bhf_fadd_138) 5.34e-02 7.43e-02    7.620    0.135   0.2
        pipe_rnd (VX_pipe_register_4_289) 3.97e-03 1.30e-02    0.505 1.74e-02   0.0
          g_shift_register (VX_shift_register_38_0_1_0_289) 3.97e-03 1.30e-02    0.505 1.74e-02   0.0
        rounding (roundAnyRawFNToRecFN_1_157) 7.36e-03 3.86e-03    1.254 1.25e-02   0.0
          genblk2_genblk1_lowMask_roundMask (lowMaskLoHi_157) 2.64e-04 1.52e-04    0.303 7.19e-04   0.0
            reverse (reverse_2_157)    1.31e-05 5.41e-06    0.153 1.72e-04   0.0
        pipe_add (VX_pipe_register_5_157) 9.84e-03 3.22e-02    1.268 4.33e-02   0.1
          g_shift_register (VX_shift_register_45_0_2_0_157) 9.84e-03 3.22e-02    1.268 4.33e-02   0.1
        adder (addRecFNToRaw_157)      3.22e-02 2.52e-02    4.592 6.20e-02   0.1
          lowMask_far_roundExtraMask (lowMaskHiLo_157) 1.50e-04 2.25e-04 6.92e-02 4.43e-04   0.0
            reverse (reverse_1_157)    7.69e-05 1.08e-04 3.98e-02 2.25e-04   0.0
          compressBy4_far_sigSmaller (compressBy4_157) 4.73e-05 2.46e-04 4.07e-02 3.34e-04   0.0
          countLeadingZeros_close (countLeadingZeros_157) 5.57e-04 5.01e-04    0.157 1.21e-03   0.0
            reverse_in (reverse_159)   2.96e-04 3.03e-04 8.27e-02 6.82e-04   0.0
          compressBy2_close_sigSum (compressBy2_157) 1.57e-04 3.28e-04 6.15e-02 5.46e-04   0.0
          isSigNaN_b (isSigNaNRecFN_1_314) 6.90e-06 1.09e-05 4.85e-03 2.26e-05   0.0
          recFNToRawFN_b (recFNToRawFN_1_334) 2.09e-03 7.49e-04    0.221 3.06e-03   0.0
          isSigNaN_a (isSigNaNRecFN_1_315) 6.04e-06 1.10e-05 4.85e-03 2.19e-05   0.0
          recFNToRawFN_a (recFNToRawFN_1_335) 1.61e-03 7.47e-04    0.221 2.58e-03   0.0
      g_red_tree_0__g_add_1__reduce_add (VX_tcu_bhf_fadd_139) 5.58e-02 7.44e-02    7.636    0.138   0.2
        pipe_rnd (VX_pipe_register_4_290) 4.30e-03 1.30e-02    0.505 1.78e-02   0.0
          g_shift_register (VX_shift_register_38_0_1_0_290) 4.30e-03 1.30e-02    0.505 1.78e-02   0.0
        rounding (roundAnyRawFNToRecFN_1_158) 1.04e-02 4.00e-03    1.285 1.56e-02   0.0
          genblk2_genblk1_lowMask_roundMask (lowMaskLoHi_158) 2.50e-04 1.51e-04    0.303 7.04e-04   0.0
            reverse (reverse_2_158)    1.35e-05 5.42e-06    0.153 1.72e-04   0.0
        pipe_add (VX_pipe_register_5_158) 1.01e-02 3.22e-02    1.268 4.36e-02   0.1
          g_shift_register (VX_shift_register_45_0_2_0_158) 1.01e-02 3.22e-02    1.268 4.36e-02   0.1
        adder (addRecFNToRaw_158)      3.10e-02 2.52e-02    4.578 6.08e-02   0.1
          lowMask_far_roundExtraMask (lowMaskHiLo_158) 1.31e-04 2.24e-04 6.92e-02 4.23e-04   0.0
            reverse (reverse_1_158)    5.88e-05 1.08e-04 3.98e-02 2.07e-04   0.0
          compressBy4_far_sigSmaller (compressBy4_158) 4.28e-05 2.45e-04 4.07e-02 3.28e-04   0.0
          countLeadingZeros_close (countLeadingZeros_158) 5.47e-04 4.99e-04    0.156 1.20e-03   0.0
            reverse_in (reverse_160)   2.83e-04 3.02e-04 8.26e-02 6.68e-04   0.0
          compressBy2_close_sigSum (compressBy2_158) 1.77e-04 3.27e-04 6.15e-02 5.65e-04   0.0
          isSigNaN_b (isSigNaNRecFN_1_316) 7.58e-06 1.09e-05 4.84e-03 2.33e-05   0.0
          recFNToRawFN_b (recFNToRawFN_1_336) 1.85e-03 7.52e-04    0.221 2.82e-03   0.0
          isSigNaN_a (isSigNaNRecFN_1_317) 7.55e-06 1.12e-05 4.88e-03 2.36e-05   0.0
          recFNToRawFN_a (recFNToRawFN_1_337) 1.83e-03 7.50e-04    0.221 2.80e-03   0.0
      g_red_tree_0__g_add_0__reduce_add (VX_tcu_bhf_fadd_140) 5.94e-02 7.43e-02    7.645    0.141   0.2
        pipe_rnd (VX_pipe_register_4_291) 5.74e-03 1.30e-02    0.505 1.92e-02   0.0
          g_shift_register (VX_shift_register_38_0_1_0_291) 5.74e-03 1.30e-02    0.505 1.92e-02   0.0
        rounding (roundAnyRawFNToRecFN_1_159) 1.07e-02 3.99e-03    1.281 1.60e-02   0.0
          genblk2_genblk1_lowMask_roundMask (lowMaskLoHi_159) 2.50e-04 1.51e-04    0.304 7.05e-04   0.0
            reverse (reverse_2_159)    1.33e-05 5.41e-06    0.153 1.72e-04   0.0
        pipe_add (VX_pipe_register_5_159) 1.04e-02 3.22e-02    1.268 4.38e-02   0.1
          g_shift_register (VX_shift_register_45_0_2_0_159) 1.04e-02 3.22e-02    1.268 4.38e-02   0.1
        adder (addRecFNToRaw_159)      3.26e-02 2.52e-02    4.590 6.24e-02   0.1
          lowMask_far_roundExtraMask (lowMaskHiLo_159) 1.17e-04 2.23e-04 6.92e-02 4.09e-04   0.0
            reverse (reverse_1_159)    4.67e-05 1.08e-04 3.99e-02 1.95e-04   0.0
          compressBy4_far_sigSmaller (compressBy4_159) 3.86e-05 2.45e-04 4.07e-02 3.25e-04   0.0
          countLeadingZeros_close (countLeadingZeros_159) 5.42e-04 4.99e-04    0.156 1.20e-03   0.0
            reverse_in (reverse_161)   2.79e-04 3.03e-04 8.26e-02 6.64e-04   0.0
          compressBy2_close_sigSum (compressBy2_159) 1.51e-04 3.27e-04 6.15e-02 5.39e-04   0.0
          isSigNaN_b (isSigNaNRecFN_1_318) 7.32e-06 1.05e-05 4.85e-03 2.27e-05   0.0
          recFNToRawFN_b (recFNToRawFN_1_338) 1.91e-03 7.48e-04    0.221 2.88e-03   0.0
          isSigNaN_a (isSigNaNRecFN_1_319) 5.63e-06 1.08e-05 4.86e-03 2.13e-05   0.0
          recFNToRawFN_a (recFNToRawFN_1_339) 1.87e-03 7.50e-04    0.221 2.84e-03   0.0
      g_prod_7__pipe_mult (VX_pipe_register_1_152) 3.85e-03 1.16e-02    0.477 1.59e-02   0.0
        g_shift_register (VX_shift_register_33_0_1_0_152) 3.85e-03 1.16e-02    0.477 1.59e-02   0.0
      g_prod_7__fp16_mul (VX_tcu_bhf_fmul_152) 2.45e-02 4.90e-02    5.411 7.89e-02   0.1
        pipe_rnd (VX_pipe_register_4_292) 6.74e-03 1.16e-02    0.477 1.88e-02   0.0
          g_shift_register (VX_shift_register_38_0_1_0_292) 6.74e-03 1.16e-02    0.477 1.88e-02   0.0
        rounding (roundAnyRawFNToRecFN_153) 1.63e-03 1.11e-03    0.273 3.01e-03   0.0
        pipe_add (VX_pipe_register_3_152) 4.21e-03 2.46e-02    1.028 2.98e-02   0.0
          g_shift_register (VX_shift_register_37_0_2_0_152) 4.21e-03 2.46e-02    1.028 2.98e-02   0.0
        multiplier (mulRecFNToFullRaw_152) 1.08e-02 1.08e-02    3.009 2.46e-02   0.0
          isSigNaN_b (isSigNaNRecFN_305) 4.84e-06 8.95e-06 4.72e-03 1.85e-05   0.0
          recFNToRawFN_b (recFNToRawFN_305) 7.29e-04 2.22e-04    0.129 1.08e-03   0.0
          isSigNaN_a (isSigNaNRecFN_306) 4.10e-06 7.19e-06 4.67e-03 1.60e-05   0.0
          recFNToRawFN_a (recFNToRawFN_306) 3.15e-04 1.67e-04    0.129 6.12e-04   0.0
        g_in_ieee_from_ieee_b (fNToRecFN_1_304) 6.55e-04 5.25e-04    0.312 1.49e-03   0.0
          clz (bsg_counting_leading_zeros_1_304) 1.22e-04 9.04e-05 6.84e-02 2.81e-04   0.0
            lzc (VX_lzc_1_304)         8.27e-05 7.93e-05 6.19e-02 2.24e-04   0.0
              g_lzc_find_first (VX_find_first_10_4_1_304) 5.14e-05 7.07e-05 5.55e-02 1.78e-04   0.0
        g_in_ieee_from_ieee_a (fNToRecFN_1_305) 5.38e-04 4.00e-04    0.312 1.25e-03   0.0
          clz (bsg_counting_leading_zeros_1_305) 9.29e-05 6.86e-05 6.84e-02 2.30e-04   0.0
            lzc (VX_lzc_1_305)         3.99e-05 5.33e-05 5.55e-02 1.49e-04   0.0
              g_lzc_find_first (VX_find_first_10_4_1_305) 3.99e-05 5.33e-05 5.55e-02 1.49e-04   0.0
      g_prod_6__pipe_mult (VX_pipe_register_1_153) 3.34e-03 1.16e-02    0.477 1.54e-02   0.0
        g_shift_register (VX_shift_register_33_0_1_0_153) 3.34e-03 1.16e-02    0.477 1.54e-02   0.0
      g_prod_6__fp16_mul (VX_tcu_bhf_fmul_153) 2.09e-02 4.89e-02    5.424 7.52e-02   0.1
        pipe_rnd (VX_pipe_register_4_293) 3.05e-03 1.16e-02    0.477 1.51e-02   0.0
          g_shift_register (VX_shift_register_38_0_1_0_293) 3.05e-03 1.16e-02    0.477 1.51e-02   0.0
        rounding (roundAnyRawFNToRecFN_154) 1.20e-03 1.10e-03    0.271 2.58e-03   0.0
        pipe_add (VX_pipe_register_3_153) 4.69e-03 2.46e-02    1.028 3.03e-02   0.0
          g_shift_register (VX_shift_register_37_0_2_0_153) 4.69e-03 2.46e-02    1.028 3.03e-02   0.0
        multiplier (mulRecFNToFullRaw_153) 1.07e-02 1.08e-02    3.023 2.45e-02   0.0
          isSigNaN_b (isSigNaNRecFN_307) 5.22e-06 9.15e-06 4.69e-03 1.91e-05   0.0
          recFNToRawFN_b (recFNToRawFN_307) 7.08e-04 2.23e-04    0.129 1.06e-03   0.0
          isSigNaN_a (isSigNaNRecFN_308) 4.86e-06 7.29e-06 4.76e-03 1.69e-05   0.0
          recFNToRawFN_a (recFNToRawFN_308) 3.50e-04 1.66e-04    0.129 6.45e-04   0.0
        g_in_ieee_from_ieee_b (fNToRecFN_1_306) 6.72e-04 5.28e-04    0.312 1.51e-03   0.0
          clz (bsg_counting_leading_zeros_1_306) 1.21e-04 9.20e-05 6.85e-02 2.81e-04   0.0
            lzc (VX_lzc_1_306)         5.58e-05 7.24e-05 5.56e-02 1.84e-04   0.0
              g_lzc_find_first (VX_find_first_10_4_1_306) 5.58e-05 7.24e-05 5.56e-02 1.84e-04   0.0
        g_in_ieee_from_ieee_a (fNToRecFN_1_307) 5.67e-04 3.99e-04    0.313 1.28e-03   0.0
          clz (bsg_counting_leading_zeros_1_307) 9.29e-05 6.87e-05 6.84e-02 2.30e-04   0.0
            lzc (VX_lzc_1_307)         9.29e-05 6.87e-05 6.84e-02 2.30e-04   0.0
              g_lzc_find_first (VX_find_first_10_4_1_307) 4.05e-05 5.32e-05 5.55e-02 1.49e-04   0.0
      g_prod_5__pipe_mult (VX_pipe_register_1_154) 3.08e-03 1.16e-02    0.477 1.51e-02   0.0
        g_shift_register (VX_shift_register_33_0_1_0_154) 3.08e-03 1.16e-02    0.477 1.51e-02   0.0
      g_prod_5__fp16_mul (VX_tcu_bhf_fmul_154) 2.31e-02 4.90e-02    5.428 7.76e-02   0.1
        pipe_rnd (VX_pipe_register_4_294) 2.32e-03 1.15e-02    0.477 1.43e-02   0.0
          g_shift_register (VX_shift_register_38_0_1_0_294) 2.32e-03 1.15e-02    0.477 1.43e-02   0.0
        rounding (roundAnyRawFNToRecFN_155) 1.11e-03 1.10e-03    0.272 2.48e-03   0.0
        pipe_add (VX_pipe_register_3_154) 4.82e-03 2.46e-02    1.028 3.05e-02   0.0
          g_shift_register (VX_shift_register_37_0_2_0_154) 4.82e-03 2.46e-02    1.028 3.05e-02   0.0
        multiplier (mulRecFNToFullRaw_154) 1.31e-02 1.08e-02    3.024 2.69e-02   0.0
          isSigNaN_b (isSigNaNRecFN_309) 5.10e-06 9.50e-06 4.68e-03 1.93e-05   0.0
          recFNToRawFN_b (recFNToRawFN_309) 1.56e-03 2.26e-04    0.129 1.92e-03   0.0
          isSigNaN_a (isSigNaNRecFN_310) 4.01e-06 7.49e-06 4.66e-03 1.62e-05   0.0
          recFNToRawFN_a (recFNToRawFN_310) 4.62e-04 1.74e-04    0.129 7.65e-04   0.0
        g_in_ieee_from_ieee_b (fNToRecFN_1_308) 8.97e-04 5.21e-04    0.313 1.73e-03   0.0
          clz (bsg_counting_leading_zeros_1_308) 1.15e-04 8.87e-05 6.83e-02 2.72e-04   0.0
            lzc (VX_lzc_1_308)         1.15e-04 8.87e-05 6.83e-02 2.72e-04   0.0
              g_lzc_find_first (VX_find_first_10_4_1_308) 5.14e-05 6.99e-05 5.54e-02 1.77e-04   0.0
        g_in_ieee_from_ieee_a (fNToRecFN_1_309) 9.35e-04 4.05e-04    0.314 1.65e-03   0.0
          clz (bsg_counting_leading_zeros_1_309) 9.23e-05 6.91e-05 6.83e-02 2.30e-04   0.0
            lzc (VX_lzc_1_309)         9.23e-05 6.91e-05 6.83e-02 2.30e-04   0.0
              g_lzc_find_first (VX_find_first_10_4_1_309) 4.01e-05 5.35e-05 5.55e-02 1.49e-04   0.0
      g_prod_4__pipe_mult (VX_pipe_register_1_155) 3.19e-03 1.16e-02    0.477 1.52e-02   0.0
        g_shift_register (VX_shift_register_33_0_1_0_155) 3.19e-03 1.16e-02    0.477 1.52e-02   0.0
      g_prod_4__fp16_mul (VX_tcu_bhf_fmul_155) 2.58e-02 4.91e-02    5.461 8.03e-02   0.1
        pipe_rnd (VX_pipe_register_4_295) 2.71e-03 1.16e-02    0.477 1.48e-02   0.0
          g_shift_register (VX_shift_register_38_0_1_0_295) 2.71e-03 1.16e-02    0.477 1.48e-02   0.0
        rounding (roundAnyRawFNToRecFN_156) 2.90e-03 1.12e-03    0.273 4.29e-03   0.0
        pipe_add (VX_pipe_register_3_155) 4.89e-03 2.46e-02    1.028 3.05e-02   0.0
          g_shift_register (VX_shift_register_37_0_2_0_155) 4.89e-03 2.46e-02    1.028 3.05e-02   0.0
        multiplier (mulRecFNToFullRaw_155) 1.38e-02 1.09e-02    3.052 2.77e-02   0.0
          isSigNaN_b (isSigNaNRecFN_311) 4.86e-06 9.20e-06 4.68e-03 1.87e-05   0.0
          recFNToRawFN_b (recFNToRawFN_311) 1.31e-03 2.27e-04    0.129 1.66e-03   0.0
          isSigNaN_a (isSigNaNRecFN_312) 4.44e-06 7.25e-06 4.68e-03 1.64e-05   0.0
          recFNToRawFN_a (recFNToRawFN_312) 4.03e-04 1.66e-04    0.132 7.01e-04   0.0
        g_in_ieee_from_ieee_b (fNToRecFN_1_310) 8.11e-04 5.31e-04    0.313 1.66e-03   0.0
          clz (bsg_counting_leading_zeros_1_310) 1.19e-04 9.15e-05 6.84e-02 2.79e-04   0.0
            lzc (VX_lzc_1_310)         1.19e-04 9.15e-05 6.84e-02 2.79e-04   0.0
              g_lzc_find_first (VX_find_first_10_4_1_310) 5.34e-05 7.20e-05 5.55e-02 1.81e-04   0.0
        g_in_ieee_from_ieee_a (fNToRecFN_1_311) 6.61e-04 4.04e-04    0.317 1.38e-03   0.0
          clz (bsg_counting_leading_zeros_1_311) 8.95e-05 6.78e-05 6.83e-02 2.26e-04   0.0
            lzc (VX_lzc_1_311)         8.95e-05 6.78e-05 6.83e-02 2.26e-04   0.0
              g_lzc_find_first (VX_find_first_10_4_1_311) 3.94e-05 5.27e-05 5.55e-02 1.48e-04   0.0
      g_prod_3__pipe_mult (VX_pipe_register_1_156) 2.34e-03 1.16e-02    0.477 1.44e-02   0.0
        g_shift_register (VX_shift_register_33_0_1_0_156) 2.34e-03 1.16e-02    0.477 1.44e-02   0.0
      g_prod_3__fp16_mul (VX_tcu_bhf_fmul_156) 1.84e-02 4.89e-02    5.423 7.27e-02   0.1
        pipe_rnd (VX_pipe_register_4_296) 2.01e-03 1.15e-02    0.477 1.40e-02   0.0
          g_shift_register (VX_shift_register_38_0_1_0_296) 2.01e-03 1.15e-02    0.477 1.40e-02   0.0
        rounding (roundAnyRawFNToRecFN_157) 8.88e-04 1.10e-03    0.271 2.26e-03   0.0
        pipe_add (VX_pipe_register_3_156) 3.89e-03 2.46e-02    1.028 2.95e-02   0.0
          g_shift_register (VX_shift_register_37_0_2_0_156) 3.89e-03 2.46e-02    1.028 2.95e-02   0.0
        multiplier (mulRecFNToFullRaw_156) 1.03e-02 1.08e-02    3.022 2.41e-02   0.0
          isSigNaN_b (isSigNaNRecFN_313) 9.51e-06 9.06e-06 4.66e-03 2.32e-05   0.0
          recFNToRawFN_b (recFNToRawFN_313) 6.94e-04 2.22e-04    0.129 1.05e-03   0.0
          isSigNaN_a (isSigNaNRecFN_314) 4.05e-06 7.10e-06 4.71e-03 1.59e-05   0.0
          recFNToRawFN_a (recFNToRawFN_314) 3.15e-04 1.66e-04    0.129 6.09e-04   0.0
        g_in_ieee_from_ieee_b (fNToRecFN_1_312) 7.48e-04 5.27e-04    0.313 1.59e-03   0.0
          clz (bsg_counting_leading_zeros_1_312) 1.19e-04 9.08e-05 6.83e-02 2.78e-04   0.0
            lzc (VX_lzc_1_312)         1.19e-04 9.08e-05 6.83e-02 2.78e-04   0.0
              g_lzc_find_first (VX_find_first_10_4_1_312) 5.43e-05 7.16e-05 5.54e-02 1.81e-04   0.0
        g_in_ieee_from_ieee_a (fNToRecFN_1_313) 5.19e-04 3.97e-04    0.311 1.23e-03   0.0
          clz (bsg_counting_leading_zeros_1_313) 9.25e-05 6.83e-05 6.83e-02 2.29e-04   0.0
            lzc (VX_lzc_1_313)         6.21e-05 5.98e-05 6.18e-02 1.84e-04   0.0
              g_lzc_find_first (VX_find_first_10_4_1_313) 4.02e-05 5.31e-05 5.54e-02 1.49e-04   0.0
      g_prod_2__pipe_mult (VX_pipe_register_1_157) 2.86e-03 1.16e-02    0.477 1.49e-02   0.0
        g_shift_register (VX_shift_register_33_0_1_0_157) 2.86e-03 1.16e-02    0.477 1.49e-02   0.0
      g_prod_2__fp16_mul (VX_tcu_bhf_fmul_157) 2.34e-02 4.90e-02    5.430 7.78e-02   0.1
        pipe_rnd (VX_pipe_register_4_297) 3.28e-03 1.16e-02    0.477 1.53e-02   0.0
          g_shift_register (VX_shift_register_38_0_1_0_297) 3.28e-03 1.16e-02    0.477 1.53e-02   0.0
        rounding (roundAnyRawFNToRecFN_158) 1.89e-03 1.12e-03    0.275 3.28e-03   0.0
        pipe_add (VX_pipe_register_3_157) 6.13e-03 2.46e-02    1.028 3.18e-02   0.0
          g_shift_register (VX_shift_register_37_0_2_0_157) 6.13e-03 2.46e-02    1.028 3.18e-02   0.0
        multiplier (mulRecFNToFullRaw_157) 1.08e-02 1.08e-02    3.023 2.46e-02   0.0
          isSigNaN_b (isSigNaNRecFN_315) 8.69e-06 8.89e-06 4.66e-03 2.22e-05   0.0
          recFNToRawFN_b (recFNToRawFN_315) 6.87e-04 2.21e-04    0.129 1.04e-03   0.0
          isSigNaN_a (isSigNaNRecFN_316) 4.89e-06 6.94e-06 4.72e-03 1.66e-05   0.0
          recFNToRawFN_a (recFNToRawFN_316) 3.82e-04 1.67e-04    0.129 6.78e-04   0.0
        g_in_ieee_from_ieee_b (fNToRecFN_1_314) 7.16e-04 5.27e-04    0.314 1.56e-03   0.0
          clz (bsg_counting_leading_zeros_1_314) 1.22e-04 9.13e-05 6.83e-02 2.82e-04   0.0
            lzc (VX_lzc_1_314)         1.22e-04 9.13e-05 6.83e-02 2.82e-04   0.0
              g_lzc_find_first (VX_find_first_10_4_1_314) 5.54e-05 7.18e-05 5.55e-02 1.83e-04   0.0
        g_in_ieee_from_ieee_a (fNToRecFN_1_315) 5.98e-04 4.05e-04    0.313 1.32e-03   0.0
          clz (bsg_counting_leading_zeros_1_315) 9.43e-05 7.07e-05 6.85e-02 2.33e-04   0.0
            lzc (VX_lzc_1_315)         9.43e-05 7.07e-05 6.85e-02 2.33e-04   0.0
              g_lzc_find_first (VX_find_first_10_4_1_315) 4.15e-05 5.48e-05 5.56e-02 1.52e-04   0.0
      g_prod_1__pipe_mult (VX_pipe_register_1_158) 2.83e-03 1.16e-02    0.477 1.49e-02   0.0
        g_shift_register (VX_shift_register_33_0_1_0_158) 2.83e-03 1.16e-02    0.477 1.49e-02   0.0
      g_prod_1__fp16_mul (VX_tcu_bhf_fmul_158) 2.18e-02 4.89e-02    5.428 7.61e-02   0.1
        pipe_rnd (VX_pipe_register_4_298) 3.12e-03 1.16e-02    0.477 1.52e-02   0.0
          g_shift_register (VX_shift_register_38_0_1_0_298) 3.12e-03 1.16e-02    0.477 1.52e-02   0.0
        rounding (roundAnyRawFNToRecFN_159) 1.21e-03 1.10e-03    0.271 2.59e-03   0.0
        pipe_add (VX_pipe_register_3_158) 4.44e-03 2.46e-02    1.028 3.01e-02   0.0
          g_shift_register (VX_shift_register_37_0_2_0_158) 4.44e-03 2.46e-02    1.028 3.01e-02   0.0
        multiplier (mulRecFNToFullRaw_158) 1.13e-02 1.07e-02    3.024 2.50e-02   0.0
          isSigNaN_b (isSigNaNRecFN_317) 9.09e-06 9.23e-06 4.70e-03 2.30e-05   0.0
          recFNToRawFN_b (recFNToRawFN_317) 6.78e-04 2.24e-04    0.129 1.03e-03   0.0
          isSigNaN_a (isSigNaNRecFN_318) 7.63e-06 8.08e-06 4.72e-03 2.04e-05   0.0
          recFNToRawFN_a (recFNToRawFN_318) 6.73e-04 1.73e-04    0.131 9.77e-04   0.0
        g_in_ieee_from_ieee_b (fNToRecFN_1_316) 7.38e-04 5.30e-04    0.313 1.58e-03   0.0
          clz (bsg_counting_leading_zeros_1_316) 1.21e-04 9.11e-05 6.85e-02 2.81e-04   0.0
            lzc (VX_lzc_1_316)         1.21e-04 9.11e-05 6.85e-02 2.81e-04   0.0
              g_lzc_find_first (VX_find_first_10_4_1_316) 5.35e-05 7.15e-05 5.56e-02 1.81e-04   0.0
        g_in_ieee_from_ieee_a (fNToRecFN_1_317) 1.02e-03 3.98e-04    0.314 1.73e-03   0.0
          clz (bsg_counting_leading_zeros_1_317) 9.11e-05 6.74e-05 6.83e-02 2.27e-04   0.0
            lzc (VX_lzc_1_317)         9.11e-05 6.74e-05 6.83e-02 2.27e-04   0.0
              g_lzc_find_first (VX_find_first_10_4_1_317) 3.97e-05 5.22e-05 5.54e-02 1.47e-04   0.0
      g_prod_0__pipe_mult (VX_pipe_register_1_159) 3.59e-03 1.16e-02    0.477 1.56e-02   0.0
        g_shift_register (VX_shift_register_33_0_1_0_159) 3.59e-03 1.16e-02    0.477 1.56e-02   0.0
      g_prod_0__fp16_mul (VX_tcu_bhf_fmul_159) 2.34e-02 4.90e-02    5.420 7.79e-02   0.1
        pipe_rnd (VX_pipe_register_4_299) 2.94e-03 1.16e-02    0.477 1.50e-02   0.0
          g_shift_register (VX_shift_register_38_0_1_0_299) 2.94e-03 1.16e-02    0.477 1.50e-02   0.0
        rounding (roundAnyRawFNToRecFN_160) 1.83e-03 1.11e-03    0.275 3.22e-03   0.0
        pipe_add (VX_pipe_register_3_159) 5.21e-03 2.46e-02    1.028 3.09e-02   0.0
          g_shift_register (VX_shift_register_37_0_2_0_159) 5.21e-03 2.46e-02    1.028 3.09e-02   0.0
        multiplier (mulRecFNToFullRaw_159) 1.15e-02 1.08e-02    3.010 2.53e-02   0.0
          isSigNaN_b (isSigNaNRecFN_319) 4.58e-06 9.12e-06 4.70e-03 1.84e-05   0.0
          recFNToRawFN_b (recFNToRawFN_319) 6.80e-04 2.23e-04    0.129 1.03e-03   0.0
          isSigNaN_a (isSigNaNRecFN_320) 4.15e-06 8.11e-06 4.67e-03 1.69e-05   0.0
          recFNToRawFN_a (recFNToRawFN_320) 6.84e-04 1.79e-04    0.131 9.94e-04   0.0
        g_in_ieee_from_ieee_b (fNToRecFN_1_318) 7.03e-04 5.33e-04    0.313 1.55e-03   0.0
          clz (bsg_counting_leading_zeros_1_318) 1.19e-04 9.11e-05 6.83e-02 2.78e-04   0.0
            lzc (VX_lzc_1_318)         1.19e-04 9.11e-05 6.83e-02 2.78e-04   0.0
              g_lzc_find_first (VX_find_first_10_4_1_318) 5.28e-05 7.15e-05 5.55e-02 1.80e-04   0.0
        g_in_ieee_from_ieee_a (fNToRecFN_1_319) 1.27e-03 4.03e-04    0.317 1.99e-03   0.0
          clz (bsg_counting_leading_zeros_1_319) 8.98e-05 6.71e-05 6.82e-02 2.25e-04   0.0
            lzc (VX_lzc_1_319)         8.98e-05 6.71e-05 6.82e-02 2.25e-04   0.0
              g_lzc_find_first (VX_find_first_10_4_1_319) 3.90e-05 5.20e-05 5.54e-02 1.46e-04   0.0
    g_i_3__g_j_0__genblk1_u_buffer_ex (VX_pipe_register_25) 1.59e-02 9.43e-02    4.324    0.115   0.2
      g_shift_register (VX_shift_register_582_0_1_0_19) 1.59e-02 9.43e-02    4.324    0.115   0.2
    g_i_2__g_j_3__fedp (VX_tcu_fedp_bhf_20)    0.648    1.218  116.721    1.983   2.8
      final_add (VX_tcu_bhf_fadd_1_20) 4.08e-02 6.70e-02    8.502    0.116   0.2
        pipe_rnd (VX_pipe_register_6_20) 2.02e-03 1.15e-02    0.491 1.40e-02   0.0
          g_shift_register (VX_shift_register_37_0_1_0_20) 2.02e-03 1.15e-02    0.491 1.40e-02   0.0
        g_out_ieee_to_ieee (recFNToFN_20) 4.36e-03 2.89e-03    0.791 8.05e-03   0.0
          recFNToRawFN (recFNToRawFN_1_340) 1.27e-03 7.19e-04    0.232 2.22e-03   0.0
        rounding (roundAnyRawFNToRecFN_1_160) 4.26e-03 2.93e-03    1.204 8.40e-03   0.0
          genblk2_genblk1_lowMask_roundMask (lowMaskLoHi_160) 2.48e-04 1.36e-04    0.301 6.85e-04   0.0
            reverse (reverse_2_160)    5.41e-06 2.27e-06    0.154 1.61e-04   0.0
        pipe_add (VX_pipe_register_5_160) 6.11e-03 3.05e-02    1.265 3.79e-02   0.1
          g_shift_register (VX_shift_register_45_0_2_0_160) 6.11e-03 3.05e-02    1.265 3.79e-02   0.1
        adder (addRecFNToRaw_160)      2.41e-02 1.91e-02    4.751 4.79e-02   0.1
          lowMask_far_roundExtraMask (lowMaskHiLo_160) 4.35e-05 7.89e-05 8.05e-02 2.03e-04   0.0
            reverse (reverse_1_160)    2.13e-05 3.72e-05 5.03e-02 1.09e-04   0.0
          compressBy4_far_sigSmaller (compressBy4_160) 3.67e-05 1.72e-04 4.48e-02 2.53e-04   0.0
          countLeadingZeros_close (countLeadingZeros_160) 5.42e-04 4.60e-04    0.163 1.17e-03   0.0
            reverse_in (reverse_162)   2.68e-04 3.13e-04 9.01e-02 6.71e-04   0.0
          compressBy2_close_sigSum (compressBy2_160) 1.87e-04 3.39e-04 6.60e-02 5.92e-04   0.0
          isSigNaN_b (isSigNaNRecFN_1_320) 3.62e-06 5.31e-06 4.55e-03 1.35e-05   0.0
          recFNToRawFN_b (recFNToRawFN_1_341) 6.39e-04 2.70e-04    0.236 1.14e-03   0.0
          isSigNaN_a (isSigNaNRecFN_1_321) 1.04e-05 1.34e-05 4.76e-03 2.86e-05   0.0
          recFNToRawFN_a (recFNToRawFN_1_342) 1.18e-03 8.13e-04    0.232 2.23e-03   0.0
      pipe_c (VX_pipe_register_2_20)   1.85e-02    0.139    6.434    0.164   0.2
        g_shift_register (VX_shift_register_33_0_13_0_20) 1.85e-02    0.139    6.434    0.164   0.2
      conv_c (fNToRecFN_21)            1.24e-03 9.00e-04    0.743 2.88e-03   0.0
        clz (bsg_counting_leading_zeros_21) 1.11e-04 1.09e-04    0.120 3.40e-04   0.0
          lzc (VX_lzc_21)              1.11e-04 1.09e-04    0.120 3.40e-04   0.0
            g_lzc_find_first (VX_find_first_23_5_1_20) 9.78e-05 1.06e-04    0.107 3.11e-04   0.0
      g_red_tree_2__g_add_0__reduce_add (VX_tcu_bhf_fadd_141) 5.08e-02 7.59e-02    7.739    0.134   0.2
        pipe_rnd (VX_pipe_register_4_300) 2.40e-03 1.26e-02    0.504 1.55e-02   0.0
          g_shift_register (VX_shift_register_38_0_1_0_300) 2.40e-03 1.26e-02    0.504 1.55e-02   0.0
        rounding (roundAnyRawFNToRecFN_1_161) 5.23e-03 3.66e-03    1.197 1.01e-02   0.0
          genblk2_genblk1_lowMask_roundMask (lowMaskLoHi_161) 2.67e-04 1.45e-04    0.301 7.13e-04   0.0
            reverse (reverse_2_161)    1.37e-05 5.42e-06    0.154 1.73e-04   0.0
        pipe_add (VX_pipe_register_5_161) 6.54e-03 3.16e-02    1.265 3.94e-02   0.1
          g_shift_register (VX_shift_register_45_0_2_0_161) 6.54e-03 3.16e-02    1.265 3.94e-02   0.1
        adder (addRecFNToRaw_161)      3.67e-02 2.81e-02    4.773 6.95e-02   0.1
          lowMask_far_roundExtraMask (lowMaskHiLo_161) 1.65e-04 3.01e-04 8.09e-02 5.47e-04   0.0
            reverse (reverse_1_161)    7.40e-05 1.47e-04 4.72e-02 2.68e-04   0.0
          compressBy4_far_sigSmaller (compressBy4_161) 8.27e-05 3.67e-04 4.79e-02 4.97e-04   0.0
          countLeadingZeros_close (countLeadingZeros_161) 5.93e-04 5.37e-04    0.163 1.29e-03   0.0
            reverse_in (reverse_163)   3.04e-04 3.70e-04 8.95e-02 7.64e-04   0.0
          compressBy2_close_sigSum (compressBy2_161) 2.09e-04 4.00e-04 6.61e-02 6.75e-04   0.0
          isSigNaN_b (isSigNaNRecFN_1_322) 5.89e-06 8.91e-06 4.19e-03 1.90e-05   0.0
          recFNToRawFN_b (recFNToRawFN_1_343) 2.40e-03 9.12e-04    0.233 3.55e-03   0.0
          isSigNaN_a (isSigNaNRecFN_1_323) 5.31e-06 8.62e-06 4.17e-03 1.81e-05   0.0
          recFNToRawFN_a (recFNToRawFN_1_344) 1.46e-03 9.02e-04    0.233 2.60e-03   0.0
      g_red_tree_1__g_add_1__reduce_add (VX_tcu_bhf_fadd_142) 5.94e-02 7.65e-02    7.774    0.144   0.2
        pipe_rnd (VX_pipe_register_4_301) 2.23e-03 1.29e-02    0.505 1.56e-02   0.0
          g_shift_register (VX_shift_register_38_0_1_0_301) 2.23e-03 1.29e-02    0.505 1.56e-02   0.0
        rounding (roundAnyRawFNToRecFN_1_162) 6.89e-03 3.87e-03    1.226 1.20e-02   0.0
          genblk2_genblk1_lowMask_roundMask (lowMaskLoHi_162) 2.58e-04 1.50e-04    0.302 7.11e-04   0.0
            reverse (reverse_2_162)    1.39e-05 5.42e-06    0.153 1.73e-04   0.0
        pipe_add (VX_pipe_register_5_162) 7.55e-03 3.17e-02    1.265 4.05e-02   0.1
          g_shift_register (VX_shift_register_45_0_2_0_162) 7.55e-03 3.17e-02    1.265 4.05e-02   0.1
        adder (addRecFNToRaw_162)      4.28e-02 2.81e-02    4.778 7.56e-02   0.1
          lowMask_far_roundExtraMask (lowMaskHiLo_162) 1.46e-04 2.72e-04 8.07e-02 4.99e-04   0.0
            reverse (reverse_1_162)    6.16e-05 1.32e-04 4.70e-02 2.40e-04   0.0
          compressBy4_far_sigSmaller (compressBy4_162) 6.63e-05 3.44e-04 4.63e-02 4.57e-04   0.0
          countLeadingZeros_close (countLeadingZeros_162) 5.81e-04 5.17e-04    0.163 1.26e-03   0.0
            reverse_in (reverse_164)   3.09e-04 3.62e-04 8.98e-02 7.61e-04   0.0
          compressBy2_close_sigSum (compressBy2_162) 2.60e-04 3.93e-04 6.62e-02 7.20e-04   0.0
          isSigNaN_b (isSigNaNRecFN_1_324) 8.11e-06 9.91e-06 4.41e-03 2.24e-05   0.0
          recFNToRawFN_b (recFNToRawFN_1_345) 2.93e-03 9.23e-04    0.234 4.09e-03   0.0
          isSigNaN_a (isSigNaNRecFN_1_325) 4.95e-06 9.14e-06 4.36e-03 1.85e-05   0.0
          recFNToRawFN_a (recFNToRawFN_1_346) 6.67e-03 9.54e-04    0.233 7.86e-03   0.0
      g_red_tree_1__g_add_0__reduce_add (VX_tcu_bhf_fadd_143) 5.30e-02 7.66e-02    7.750    0.137   0.2
        pipe_rnd (VX_pipe_register_4_302) 2.43e-03 1.29e-02    0.505 1.58e-02   0.0
          g_shift_register (VX_shift_register_38_0_1_0_302) 2.43e-03 1.29e-02    0.505 1.58e-02   0.0
        rounding (roundAnyRawFNToRecFN_1_163) 5.55e-03 3.84e-03    1.215 1.06e-02   0.0
          genblk2_genblk1_lowMask_roundMask (lowMaskLoHi_163) 2.70e-04 1.52e-04    0.302 7.24e-04   0.0
            reverse (reverse_2_163)    1.28e-05 5.41e-06    0.153 1.72e-04   0.0
        pipe_add (VX_pipe_register_5_163) 7.54e-03 3.17e-02    1.266 4.06e-02   0.1
          g_shift_register (VX_shift_register_45_0_2_0_163) 7.54e-03 3.17e-02    1.266 4.06e-02   0.1
        adder (addRecFNToRaw_163)      3.75e-02 2.82e-02    4.765 7.05e-02   0.1
          lowMask_far_roundExtraMask (lowMaskHiLo_163) 1.44e-04 2.72e-04 8.07e-02 4.96e-04   0.0
            reverse (reverse_1_163)    5.95e-05 1.31e-04 4.69e-02 2.37e-04   0.0
          compressBy4_far_sigSmaller (compressBy4_163) 1.40e-04 3.45e-04 4.63e-02 5.31e-04   0.0
          countLeadingZeros_close (countLeadingZeros_163) 5.84e-04 5.22e-04    0.163 1.27e-03   0.0
            reverse_in (reverse_165)   3.11e-04 3.64e-04 8.98e-02 7.64e-04   0.0
          compressBy2_close_sigSum (compressBy2_163) 1.90e-04 3.92e-04 6.62e-02 6.48e-04   0.0
          isSigNaN_b (isSigNaNRecFN_1_326) 4.69e-06 9.42e-06 4.41e-03 1.85e-05   0.0
          recFNToRawFN_b (recFNToRawFN_1_347) 2.46e-03 9.34e-04    0.234 3.63e-03   0.0
          isSigNaN_a (isSigNaNRecFN_1_327) 5.47e-06 9.37e-06 4.35e-03 1.92e-05   0.0
          recFNToRawFN_a (recFNToRawFN_1_348) 1.66e-03 9.22e-04    0.234 2.82e-03   0.0
      g_red_tree_0__g_add_3__reduce_add (VX_tcu_bhf_fadd_144) 5.33e-02 7.43e-02    7.619    0.135   0.2
        pipe_rnd (VX_pipe_register_4_303) 4.13e-03 1.30e-02    0.505 1.76e-02   0.0
          g_shift_register (VX_shift_register_38_0_1_0_303) 4.13e-03 1.30e-02    0.505 1.76e-02   0.0
        rounding (roundAnyRawFNToRecFN_1_164) 8.30e-03 3.93e-03    1.268 1.35e-02   0.0
          genblk2_genblk1_lowMask_roundMask (lowMaskLoHi_164) 2.35e-04 1.51e-04    0.303 6.89e-04   0.0
            reverse (reverse_2_164)    1.50e-05 5.43e-06    0.153 1.74e-04   0.0
        pipe_add (VX_pipe_register_5_164) 9.76e-03 3.22e-02    1.268 4.32e-02   0.1
          g_shift_register (VX_shift_register_45_0_2_0_164) 9.76e-03 3.22e-02    1.268 4.32e-02   0.1
        adder (addRecFNToRaw_164)      3.11e-02 2.52e-02    4.577 6.09e-02   0.1
          lowMask_far_roundExtraMask (lowMaskHiLo_164) 1.19e-04 2.26e-04 6.92e-02 4.14e-04   0.0
            reverse (reverse_1_164)    5.87e-05 1.09e-04 3.99e-02 2.08e-04   0.0
          compressBy4_far_sigSmaller (compressBy4_164) 3.65e-05 2.47e-04 4.08e-02 3.24e-04   0.0
          countLeadingZeros_close (countLeadingZeros_164) 5.49e-04 5.02e-04    0.157 1.21e-03   0.0
            reverse_in (reverse_166)   2.88e-04 3.04e-04 8.27e-02 6.74e-04   0.0
          compressBy2_close_sigSum (compressBy2_164) 1.44e-04 3.28e-04 6.15e-02 5.34e-04   0.0
          isSigNaN_b (isSigNaNRecFN_1_328) 1.08e-05 1.11e-05 4.87e-03 2.67e-05   0.0
          recFNToRawFN_b (recFNToRawFN_1_349) 2.13e-03 7.56e-04    0.221 3.11e-03   0.0
          isSigNaN_a (isSigNaNRecFN_1_329) 6.67e-06 1.11e-05 4.86e-03 2.26e-05   0.0
          recFNToRawFN_a (recFNToRawFN_1_350) 1.72e-03 7.53e-04    0.221 2.69e-03   0.0
      g_red_tree_0__g_add_2__reduce_add (VX_tcu_bhf_fadd_145) 6.78e-02 7.48e-02    7.700    0.150   0.2
        pipe_rnd (VX_pipe_register_4_304) 9.20e-03 1.30e-02    0.505 2.27e-02   0.0
          g_shift_register (VX_shift_register_38_0_1_0_304) 9.20e-03 1.30e-02    0.505 2.27e-02   0.0
        rounding (roundAnyRawFNToRecFN_1_165) 1.81e-02 4.28e-03    1.347 2.37e-02   0.0
          genblk2_genblk1_lowMask_roundMask (lowMaskLoHi_165) 2.54e-04 1.52e-04    0.303 7.09e-04   0.0
            reverse (reverse_2_165)    1.33e-05 5.41e-06    0.153 1.72e-04   0.0
        pipe_add (VX_pipe_register_5_165) 9.21e-03 3.22e-02    1.268 4.27e-02   0.1
          g_shift_register (VX_shift_register_45_0_2_0_165) 9.21e-03 3.22e-02    1.268 4.27e-02   0.1
        adder (addRecFNToRaw_165)      3.13e-02 2.53e-02    4.572 6.12e-02   0.1
          lowMask_far_roundExtraMask (lowMaskHiLo_165) 1.40e-04 2.29e-04 6.92e-02 4.38e-04   0.0
            reverse (reverse_1_165)    7.55e-05 1.10e-04 3.99e-02 2.26e-04   0.0
          compressBy4_far_sigSmaller (compressBy4_165) 3.23e-05 2.47e-04 4.07e-02 3.20e-04   0.0
          countLeadingZeros_close (countLeadingZeros_165) 5.50e-04 5.02e-04    0.156 1.21e-03   0.0
            reverse_in (reverse_167)   2.87e-04 3.03e-04 8.27e-02 6.73e-04   0.0
          compressBy2_close_sigSum (compressBy2_165) 1.53e-04 3.28e-04 6.15e-02 5.42e-04   0.0
          isSigNaN_b (isSigNaNRecFN_1_330) 7.74e-06 1.10e-05 4.86e-03 2.36e-05   0.0
          recFNToRawFN_b (recFNToRawFN_1_351) 2.02e-03 7.62e-04    0.221 3.00e-03   0.0
          isSigNaN_a (isSigNaNRecFN_1_331) 5.69e-06 1.12e-05 4.88e-03 2.17e-05   0.0
          recFNToRawFN_a (recFNToRawFN_1_352) 1.62e-03 7.56e-04    0.221 2.60e-03   0.0
      g_red_tree_0__g_add_1__reduce_add (VX_tcu_bhf_fadd_146) 4.93e-02 7.42e-02    7.601    0.131   0.2
        pipe_rnd (VX_pipe_register_4_305) 2.46e-03 1.29e-02    0.505 1.59e-02   0.0
          g_shift_register (VX_shift_register_38_0_1_0_305) 2.46e-03 1.29e-02    0.505 1.59e-02   0.0
        rounding (roundAnyRawFNToRecFN_1_166) 7.10e-03 3.87e-03    1.240 1.22e-02   0.0
          genblk2_genblk1_lowMask_roundMask (lowMaskLoHi_166) 2.55e-04 1.52e-04    0.303 7.09e-04   0.0
            reverse (reverse_2_166)    1.32e-05 5.42e-06    0.153 1.72e-04   0.0
        pipe_add (VX_pipe_register_5_166) 8.53e-03 3.22e-02    1.268 4.20e-02   0.1
          g_shift_register (VX_shift_register_45_0_2_0_166) 8.53e-03 3.22e-02    1.268 4.20e-02   0.1
        adder (addRecFNToRaw_166)      3.12e-02 2.52e-02    4.587 6.10e-02   0.1
          lowMask_far_roundExtraMask (lowMaskHiLo_166) 2.06e-04 2.26e-04 6.92e-02 5.01e-04   0.0
            reverse (reverse_1_166)    9.42e-05 1.09e-04 3.99e-02 2.43e-04   0.0
          compressBy4_far_sigSmaller (compressBy4_166) 3.37e-05 2.44e-04 4.06e-02 3.18e-04   0.0
          countLeadingZeros_close (countLeadingZeros_166) 5.42e-04 4.98e-04    0.156 1.20e-03   0.0
            reverse_in (reverse_168)   2.84e-04 3.03e-04 8.27e-02 6.69e-04   0.0
          compressBy2_close_sigSum (compressBy2_166) 1.51e-04 3.27e-04 6.15e-02 5.40e-04   0.0
          isSigNaN_b (isSigNaNRecFN_1_332) 9.28e-06 1.14e-05 4.86e-03 2.56e-05   0.0
          recFNToRawFN_b (recFNToRawFN_1_353) 2.01e-03 7.50e-04    0.221 2.98e-03   0.0
          isSigNaN_a (isSigNaNRecFN_1_333) 8.75e-06 1.11e-05 4.86e-03 2.47e-05   0.0
          recFNToRawFN_a (recFNToRawFN_1_354) 1.87e-03 7.50e-04    0.221 2.84e-03   0.0
      g_red_tree_0__g_add_0__reduce_add (VX_tcu_bhf_fadd_147) 5.71e-02 7.45e-02    7.638    0.139   0.2
        pipe_rnd (VX_pipe_register_4_306) 4.63e-03 1.31e-02    0.505 1.82e-02   0.0
          g_shift_register (VX_shift_register_38_0_1_0_306) 4.63e-03 1.31e-02    0.505 1.82e-02   0.0
        rounding (roundAnyRawFNToRecFN_1_167) 1.34e-02 4.01e-03    1.281 1.86e-02   0.0
          genblk2_genblk1_lowMask_roundMask (lowMaskLoHi_167) 2.50e-04 1.51e-04    0.303 7.05e-04   0.0
            reverse (reverse_2_167)    1.34e-05 5.42e-06    0.153 1.72e-04   0.0
        pipe_add (VX_pipe_register_5_167) 8.54e-03 3.22e-02    1.268 4.20e-02   0.1
          g_shift_register (VX_shift_register_45_0_2_0_167) 8.54e-03 3.22e-02    1.268 4.20e-02   0.1
        adder (addRecFNToRaw_167)      3.05e-02 2.52e-02    4.576 6.04e-02   0.1
          lowMask_far_roundExtraMask (lowMaskHiLo_167) 1.09e-04 2.23e-04 6.92e-02 4.01e-04   0.0
            reverse (reverse_1_167)    4.90e-05 1.08e-04 3.99e-02 1.97e-04   0.0
          compressBy4_far_sigSmaller (compressBy4_167) 4.34e-05 2.45e-04 4.07e-02 3.29e-04   0.0
          countLeadingZeros_close (countLeadingZeros_167) 5.56e-04 5.00e-04    0.157 1.21e-03   0.0
            reverse_in (reverse_169)   2.92e-04 3.02e-04 8.27e-02 6.76e-04   0.0
          compressBy2_close_sigSum (compressBy2_167) 1.79e-04 3.27e-04 6.15e-02 5.67e-04   0.0
          isSigNaN_b (isSigNaNRecFN_1_334) 1.00e-05 1.09e-05 4.85e-03 2.58e-05   0.0
          recFNToRawFN_b (recFNToRawFN_1_355) 1.88e-03 7.53e-04    0.221 2.85e-03   0.0
          isSigNaN_a (isSigNaNRecFN_1_335) 6.67e-06 1.12e-05 4.83e-03 2.27e-05   0.0
          recFNToRawFN_a (recFNToRawFN_1_356) 1.84e-03 7.57e-04    0.221 2.82e-03   0.0
      g_prod_7__pipe_mult (VX_pipe_register_1_160) 2.45e-03 1.16e-02    0.477 1.45e-02   0.0
        g_shift_register (VX_shift_register_33_0_1_0_160) 2.45e-03 1.16e-02    0.477 1.45e-02   0.0
      g_prod_7__fp16_mul (VX_tcu_bhf_fmul_160) 2.49e-02 4.91e-02    5.434 7.94e-02   0.1
        pipe_rnd (VX_pipe_register_4_307) 3.08e-03 1.16e-02    0.477 1.51e-02   0.0
          g_shift_register (VX_shift_register_38_0_1_0_307) 3.08e-03 1.16e-02    0.477 1.51e-02   0.0
        rounding (roundAnyRawFNToRecFN_161) 1.88e-03 1.12e-03    0.274 3.27e-03   0.0
        pipe_add (VX_pipe_register_3_160) 4.98e-03 2.46e-02    1.028 3.06e-02   0.0
          g_shift_register (VX_shift_register_37_0_2_0_160) 4.98e-03 2.46e-02    1.028 3.06e-02   0.0
        multiplier (mulRecFNToFullRaw_160) 1.33e-02 1.08e-02    3.021 2.72e-02   0.0
          isSigNaN_b (isSigNaNRecFN_321) 4.83e-06 9.42e-06 4.73e-03 1.90e-05   0.0
          recFNToRawFN_b (recFNToRawFN_321) 1.83e-03 2.30e-04    0.129 2.19e-03   0.0
          isSigNaN_a (isSigNaNRecFN_322) 4.09e-06 7.17e-06 4.71e-03 1.60e-05   0.0
          recFNToRawFN_a (recFNToRawFN_322) 3.39e-04 1.67e-04    0.129 6.35e-04   0.0
        g_in_ieee_from_ieee_b (fNToRecFN_1_320) 1.08e-03 5.39e-04    0.321 1.94e-03   0.0
          clz (bsg_counting_leading_zeros_1_320) 1.23e-04 9.15e-05 6.84e-02 2.82e-04   0.0
            lzc (VX_lzc_1_320)         1.23e-04 9.15e-05 6.84e-02 2.82e-04   0.0
              g_lzc_find_first (VX_find_first_10_4_1_320) 5.26e-05 7.15e-05 5.55e-02 1.80e-04   0.0
        g_in_ieee_from_ieee_a (fNToRecFN_1_321) 5.43e-04 4.01e-04    0.313 1.26e-03   0.0
          clz (bsg_counting_leading_zeros_1_321) 9.35e-05 6.87e-05 6.84e-02 2.30e-04   0.0
            lzc (VX_lzc_1_321)         9.35e-05 6.87e-05 6.84e-02 2.30e-04   0.0
              g_lzc_find_first (VX_find_first_10_4_1_321) 4.06e-05 5.31e-05 5.55e-02 1.49e-04   0.0
      g_prod_6__pipe_mult (VX_pipe_register_1_161) 2.15e-03 1.15e-02    0.477 1.42e-02   0.0
        g_shift_register (VX_shift_register_33_0_1_0_161) 2.15e-03 1.15e-02    0.477 1.42e-02   0.0
      g_prod_6__fp16_mul (VX_tcu_bhf_fmul_161) 2.10e-02 4.89e-02    5.424 7.53e-02   0.1
        pipe_rnd (VX_pipe_register_4_308) 2.10e-03 1.15e-02    0.477 1.41e-02   0.0
          g_shift_register (VX_shift_register_38_0_1_0_308) 2.10e-03 1.15e-02    0.477 1.41e-02   0.0
        rounding (roundAnyRawFNToRecFN_162) 9.21e-04 1.10e-03    0.271 2.29e-03   0.0
        pipe_add (VX_pipe_register_3_161) 4.43e-03 2.46e-02    1.028 3.00e-02   0.0
          g_shift_register (VX_shift_register_37_0_2_0_161) 4.43e-03 2.46e-02    1.028 3.00e-02   0.0
        multiplier (mulRecFNToFullRaw_161) 1.20e-02 1.08e-02    3.022 2.58e-02   0.0
          isSigNaN_b (isSigNaNRecFN_323) 5.59e-06 9.98e-06 4.73e-03 2.03e-05   0.0
          recFNToRawFN_b (recFNToRawFN_323) 1.94e-03 2.30e-04    0.129 2.30e-03   0.0
          isSigNaN_a (isSigNaNRecFN_324) 5.34e-06 7.10e-06 4.72e-03 1.72e-05   0.0
          recFNToRawFN_a (recFNToRawFN_324) 3.14e-04 1.67e-04    0.129 6.10e-04   0.0
        g_in_ieee_from_ieee_b (fNToRecFN_1_322) 1.07e-03 5.30e-04    0.313 1.91e-03   0.0
          clz (bsg_counting_leading_zeros_1_322) 1.21e-04 9.20e-05 6.85e-02 2.81e-04   0.0
            lzc (VX_lzc_1_322)         1.21e-04 9.20e-05 6.85e-02 2.81e-04   0.0
              g_lzc_find_first (VX_find_first_10_4_1_322) 5.36e-05 7.25e-05 5.56e-02 1.82e-04   0.0
        g_in_ieee_from_ieee_a (fNToRecFN_1_323) 5.07e-04 4.01e-04    0.312 1.22e-03   0.0
          clz (bsg_counting_leading_zeros_1_323) 9.32e-05 6.88e-05 6.84e-02 2.30e-04   0.0
            lzc (VX_lzc_1_323)         9.32e-05 6.88e-05 6.84e-02 2.30e-04   0.0
              g_lzc_find_first (VX_find_first_10_4_1_323) 3.99e-05 5.32e-05 5.55e-02 1.49e-04   0.0
      g_prod_5__pipe_mult (VX_pipe_register_1_162) 2.19e-03 1.16e-02    0.477 1.42e-02   0.0
        g_shift_register (VX_shift_register_33_0_1_0_162) 2.19e-03 1.16e-02    0.477 1.42e-02   0.0
      g_prod_5__fp16_mul (VX_tcu_bhf_fmul_162) 2.19e-02 4.91e-02    5.420 7.64e-02   0.1
        pipe_rnd (VX_pipe_register_4_309) 1.86e-03 1.16e-02    0.477 1.39e-02   0.0
          g_shift_register (VX_shift_register_38_0_1_0_309) 1.86e-03 1.16e-02    0.477 1.39e-02   0.0
        rounding (roundAnyRawFNToRecFN_163) 8.78e-04 1.11e-03    0.272 2.26e-03   0.0
        pipe_add (VX_pipe_register_3_162) 4.25e-03 2.46e-02    1.028 2.99e-02   0.0
          g_shift_register (VX_shift_register_37_0_2_0_162) 4.25e-03 2.46e-02    1.028 2.99e-02   0.0
        multiplier (mulRecFNToFullRaw_162) 1.28e-02 1.08e-02    3.012 2.66e-02   0.0
          isSigNaN_b (isSigNaNRecFN_325) 6.29e-06 1.02e-05 4.69e-03 2.11e-05   0.0
          recFNToRawFN_b (recFNToRawFN_325) 2.47e-03 2.36e-04    0.129 2.84e-03   0.0
          isSigNaN_a (isSigNaNRecFN_326) 4.84e-06 7.06e-06 4.68e-03 1.66e-05   0.0
          recFNToRawFN_a (recFNToRawFN_326) 4.01e-04 1.68e-04    0.129 6.98e-04   0.0
        g_in_ieee_from_ieee_b (fNToRecFN_1_324) 1.43e-03 5.40e-04    0.318 2.29e-03   0.0
          clz (bsg_counting_leading_zeros_1_324) 1.21e-04 9.13e-05 6.84e-02 2.81e-04   0.0
            lzc (VX_lzc_1_324)         1.21e-04 9.13e-05 6.84e-02 2.81e-04   0.0
              g_lzc_find_first (VX_find_first_10_4_1_324) 5.37e-05 7.21e-05 5.55e-02 1.81e-04   0.0
        g_in_ieee_from_ieee_a (fNToRecFN_1_325) 6.96e-04 4.02e-04    0.313 1.41e-03   0.0
          clz (bsg_counting_leading_zeros_1_325) 9.49e-05 6.92e-05 6.83e-02 2.32e-04   0.0
            lzc (VX_lzc_1_325)         9.49e-05 6.92e-05 6.83e-02 2.32e-04   0.0
              g_lzc_find_first (VX_find_first_10_4_1_325) 4.04e-05 5.38e-05 5.54e-02 1.50e-04   0.0
      g_prod_4__pipe_mult (VX_pipe_register_1_163) 2.26e-03 1.16e-02    0.477 1.43e-02   0.0
        g_shift_register (VX_shift_register_33_0_1_0_163) 2.26e-03 1.16e-02    0.477 1.43e-02   0.0
      g_prod_4__fp16_mul (VX_tcu_bhf_fmul_163) 1.91e-02 4.89e-02    5.410 7.35e-02   0.1
        pipe_rnd (VX_pipe_register_4_310) 1.93e-03 1.16e-02    0.477 1.40e-02   0.0
          g_shift_register (VX_shift_register_38_0_1_0_310) 1.93e-03 1.16e-02    0.477 1.40e-02   0.0
        rounding (roundAnyRawFNToRecFN_164) 8.50e-04 1.11e-03    0.271 2.23e-03   0.0
        pipe_add (VX_pipe_register_3_163) 4.03e-03 2.46e-02    1.028 2.97e-02   0.0
          g_shift_register (VX_shift_register_37_0_2_0_163) 4.03e-03 2.46e-02    1.028 2.97e-02   0.0
        multiplier (mulRecFNToFullRaw_163) 1.09e-02 1.07e-02    3.009 2.46e-02   0.0
          isSigNaN_b (isSigNaNRecFN_327) 4.46e-06 9.30e-06 4.70e-03 1.85e-05   0.0
          recFNToRawFN_b (recFNToRawFN_327) 1.25e-03 2.25e-04    0.129 1.61e-03   0.0
          isSigNaN_a (isSigNaNRecFN_328) 3.48e-06 6.93e-06 4.64e-03 1.51e-05   0.0
          recFNToRawFN_a (recFNToRawFN_328) 3.36e-04 1.66e-04    0.129 6.31e-04   0.0
        g_in_ieee_from_ieee_b (fNToRecFN_1_326) 8.87e-04 5.35e-04    0.313 1.73e-03   0.0
          clz (bsg_counting_leading_zeros_1_326) 1.21e-04 9.25e-05 6.83e-02 2.82e-04   0.0
            lzc (VX_lzc_1_326)         1.21e-04 9.25e-05 6.83e-02 2.82e-04   0.0
              g_lzc_find_first (VX_find_first_10_4_1_326) 5.45e-05 7.29e-05 5.54e-02 1.83e-04   0.0
        g_in_ieee_from_ieee_a (fNToRecFN_1_327) 5.53e-04 3.97e-04    0.312 1.26e-03   0.0
          clz (bsg_counting_leading_zeros_1_327) 9.38e-05 6.82e-05 6.83e-02 2.30e-04   0.0
            lzc (VX_lzc_1_327)         9.38e-05 6.82e-05 6.83e-02 2.30e-04   0.0
              g_lzc_find_first (VX_find_first_10_4_1_327) 4.22e-05 5.31e-05 5.54e-02 1.51e-04   0.0
      g_prod_3__pipe_mult (VX_pipe_register_1_164) 3.02e-03 1.16e-02    0.477 1.51e-02   0.0
        g_shift_register (VX_shift_register_33_0_1_0_164) 3.02e-03 1.16e-02    0.477 1.51e-02   0.0
      g_prod_3__fp16_mul (VX_tcu_bhf_fmul_164) 2.35e-02 4.89e-02    5.447 7.79e-02   0.1
        pipe_rnd (VX_pipe_register_4_311) 3.01e-03 1.16e-02    0.477 1.50e-02   0.0
          g_shift_register (VX_shift_register_38_0_1_0_311) 3.01e-03 1.16e-02    0.477 1.50e-02   0.0
        rounding (roundAnyRawFNToRecFN_165) 1.43e-03 1.10e-03    0.273 2.81e-03   0.0
        pipe_add (VX_pipe_register_3_164) 4.73e-03 2.46e-02    1.028 3.04e-02   0.0
          g_shift_register (VX_shift_register_37_0_2_0_164) 4.73e-03 2.46e-02    1.028 3.04e-02   0.0
        multiplier (mulRecFNToFullRaw_164) 1.20e-02 1.07e-02    3.024 2.58e-02   0.0
          isSigNaN_b (isSigNaNRecFN_329) 5.40e-06 9.13e-06 4.72e-03 1.92e-05   0.0
          recFNToRawFN_b (recFNToRawFN_329) 7.90e-04 2.21e-04    0.129 1.14e-03   0.0
          isSigNaN_a (isSigNaNRecFN_330) 4.23e-06 8.34e-06 4.71e-03 1.73e-05   0.0
          recFNToRawFN_a (recFNToRawFN_330) 1.51e-03 1.77e-04    0.130 1.82e-03   0.0
        g_in_ieee_from_ieee_b (fNToRecFN_1_328) 6.91e-04 5.25e-04    0.313 1.53e-03   0.0
          clz (bsg_counting_leading_zeros_1_328) 1.24e-04 9.10e-05 6.82e-02 2.83e-04   0.0
            lzc (VX_lzc_1_328)         1.24e-04 9.10e-05 6.82e-02 2.83e-04   0.0
              g_lzc_find_first (VX_find_first_10_4_1_328) 5.56e-05 7.15e-05 5.54e-02 1.82e-04   0.0
        g_in_ieee_from_ieee_a (fNToRecFN_1_329) 1.68e-03 4.16e-04    0.332 2.43e-03   0.0
          clz (bsg_counting_leading_zeros_1_329) 9.16e-05 6.74e-05 6.83e-02 2.27e-04   0.0
            lzc (VX_lzc_1_329)         9.16e-05 6.74e-05 6.83e-02 2.27e-04   0.0
              g_lzc_find_first (VX_find_first_10_4_1_329) 4.03e-05 5.24e-05 5.54e-02 1.48e-04   0.0
      g_prod_2__pipe_mult (VX_pipe_register_1_165) 3.36e-03 1.16e-02    0.477 1.54e-02   0.0
        g_shift_register (VX_shift_register_33_0_1_0_165) 3.36e-03 1.16e-02    0.477 1.54e-02   0.0
      g_prod_2__fp16_mul (VX_tcu_bhf_fmul_165) 2.61e-02 4.91e-02    5.429 8.06e-02   0.1
        pipe_rnd (VX_pipe_register_4_312) 4.89e-03 1.16e-02    0.477 1.70e-02   0.0
          g_shift_register (VX_shift_register_38_0_1_0_312) 4.89e-03 1.16e-02    0.477 1.70e-02   0.0
        rounding (roundAnyRawFNToRecFN_166) 3.17e-03 1.13e-03    0.274 4.58e-03   0.0
        pipe_add (VX_pipe_register_3_165) 4.91e-03 2.46e-02    1.029 3.06e-02   0.0
          g_shift_register (VX_shift_register_37_0_2_0_165) 4.91e-03 2.46e-02    1.029 3.06e-02   0.0
        multiplier (mulRecFNToFullRaw_165) 1.17e-02 1.08e-02    3.023 2.55e-02   0.0
          isSigNaN_b (isSigNaNRecFN_331) 6.97e-06 9.18e-06 4.71e-03 2.09e-05   0.0
          recFNToRawFN_b (recFNToRawFN_331) 9.21e-04 2.23e-04    0.129 1.27e-03   0.0
          isSigNaN_a (isSigNaNRecFN_332) 5.35e-06 7.39e-06 4.67e-03 1.74e-05   0.0
          recFNToRawFN_a (recFNToRawFN_332) 4.75e-04 1.70e-04    0.129 7.75e-04   0.0
        g_in_ieee_from_ieee_b (fNToRecFN_1_330) 7.14e-04 5.28e-04    0.313 1.56e-03   0.0
          clz (bsg_counting_leading_zeros_1_330) 1.20e-04 9.12e-05 6.84e-02 2.80e-04   0.0
            lzc (VX_lzc_1_330)         1.20e-04 9.12e-05 6.84e-02 2.80e-04   0.0
              g_lzc_find_first (VX_find_first_10_4_1_330) 5.35e-05 7.15e-05 5.55e-02 1.81e-04   0.0
        g_in_ieee_from_ieee_a (fNToRecFN_1_331) 7.22e-04 4.03e-04    0.313 1.44e-03   0.0
          clz (bsg_counting_leading_zeros_1_331) 9.38e-05 6.89e-05 6.82e-02 2.31e-04   0.0
            lzc (VX_lzc_1_331)         9.38e-05 6.89e-05 6.82e-02 2.31e-04   0.0
              g_lzc_find_first (VX_find_first_10_4_1_331) 4.17e-05 5.35e-05 5.54e-02 1.51e-04   0.0
      g_prod_1__pipe_mult (VX_pipe_register_1_166) 2.20e-03 1.16e-02    0.477 1.42e-02   0.0
        g_shift_register (VX_shift_register_33_0_1_0_166) 2.20e-03 1.16e-02    0.477 1.42e-02   0.0
      g_prod_1__fp16_mul (VX_tcu_bhf_fmul_166) 2.09e-02 4.90e-02    5.412 7.53e-02   0.1
        pipe_rnd (VX_pipe_register_4_313) 2.21e-03 1.16e-02    0.477 1.42e-02   0.0
          g_shift_register (VX_shift_register_38_0_1_0_313) 2.21e-03 1.16e-02    0.477 1.42e-02   0.0
        rounding (roundAnyRawFNToRecFN_167) 1.09e-03 1.10e-03    0.272 2.46e-03   0.0
        pipe_add (VX_pipe_register_3_166) 3.97e-03 2.46e-02    1.028 2.96e-02   0.0
          g_shift_register (VX_shift_register_37_0_2_0_166) 3.97e-03 2.46e-02    1.028 2.96e-02   0.0
        multiplier (mulRecFNToFullRaw_166) 1.19e-02 1.08e-02    3.008 2.57e-02   0.0
          isSigNaN_b (isSigNaNRecFN_333) 5.43e-06 9.69e-06 4.69e-03 1.98e-05   0.0
          recFNToRawFN_b (recFNToRawFN_333) 1.67e-03 2.29e-04    0.129 2.03e-03   0.0
          isSigNaN_a (isSigNaNRecFN_334) 4.55e-06 6.90e-06 4.65e-03 1.61e-05   0.0
          recFNToRawFN_a (recFNToRawFN_334) 4.17e-04 1.68e-04    0.129 7.14e-04   0.0
        g_in_ieee_from_ieee_b (fNToRecFN_1_332) 1.10e-03 5.28e-04    0.313 1.94e-03   0.0
          clz (bsg_counting_leading_zeros_1_332) 1.20e-04 9.07e-05 6.83e-02 2.79e-04   0.0
            lzc (VX_lzc_1_332)         1.20e-04 9.07e-05 6.83e-02 2.79e-04   0.0
              g_lzc_find_first (VX_find_first_10_4_1_332) 5.26e-05 7.13e-05 5.55e-02 1.79e-04   0.0
        g_in_ieee_from_ieee_a (fNToRecFN_1_333) 6.42e-04 4.03e-04    0.314 1.36e-03   0.0
          clz (bsg_counting_leading_zeros_1_333) 9.55e-05 6.97e-05 6.83e-02 2.34e-04   0.0
            lzc (VX_lzc_1_333)         9.55e-05 6.97e-05 6.83e-02 2.34e-04   0.0
              g_lzc_find_first (VX_find_first_10_4_1_333) 4.14e-05 5.43e-05 5.55e-02 1.51e-04   0.0
      g_prod_0__pipe_mult (VX_pipe_register_1_167) 2.18e-03 1.16e-02    0.477 1.42e-02   0.0
        g_shift_register (VX_shift_register_33_0_1_0_167) 2.18e-03 1.16e-02    0.477 1.42e-02   0.0
      g_prod_0__fp16_mul (VX_tcu_bhf_fmul_167) 1.95e-02 4.89e-02    5.411 7.39e-02   0.1
        pipe_rnd (VX_pipe_register_4_314) 1.90e-03 1.15e-02    0.477 1.39e-02   0.0
          g_shift_register (VX_shift_register_38_0_1_0_314) 1.90e-03 1.15e-02    0.477 1.39e-02   0.0
        rounding (roundAnyRawFNToRecFN_168) 9.26e-04 1.09e-03    0.272 2.29e-03   0.0
        pipe_add (VX_pipe_register_3_167) 4.61e-03 2.46e-02    1.028 3.02e-02   0.0
          g_shift_register (VX_shift_register_37_0_2_0_167) 4.61e-03 2.46e-02    1.028 3.02e-02   0.0
        multiplier (mulRecFNToFullRaw_167) 1.08e-02 1.07e-02    3.008 2.46e-02   0.0
          isSigNaN_b (isSigNaNRecFN_335) 6.31e-06 9.11e-06 4.70e-03 2.01e-05   0.0
          recFNToRawFN_b (recFNToRawFN_335) 8.85e-04 2.22e-04    0.129 1.24e-03   0.0
          isSigNaN_a (isSigNaNRecFN_336) 4.09e-06 7.21e-06 4.66e-03 1.60e-05   0.0
          recFNToRawFN_a (recFNToRawFN_336) 3.43e-04 1.67e-04    0.129 6.39e-04   0.0
        g_in_ieee_from_ieee_b (fNToRecFN_1_334) 7.68e-04 5.25e-04    0.313 1.61e-03   0.0
          clz (bsg_counting_leading_zeros_1_334) 1.24e-04 9.09e-05 6.83e-02 2.83e-04   0.0
            lzc (VX_lzc_1_334)         1.24e-04 9.09e-05 6.83e-02 2.83e-04   0.0
              g_lzc_find_first (VX_find_first_10_4_1_334) 5.21e-05 7.15e-05 5.54e-02 1.79e-04   0.0
        g_in_ieee_from_ieee_a (fNToRecFN_1_335) 5.41e-04 4.02e-04    0.312 1.25e-03   0.0
          clz (bsg_counting_leading_zeros_1_335) 9.55e-05 6.93e-05 6.84e-02 2.33e-04   0.0
            lzc (VX_lzc_1_335)         9.55e-05 6.93e-05 6.84e-02 2.33e-04   0.0
              g_lzc_find_first (VX_find_first_10_4_1_335) 4.09e-05 5.36e-05 5.55e-02 1.50e-04   0.0
    g_i_2__g_j_3__genblk1_u_buffer_ex (VX_pipe_register_26) 1.77e-02 9.43e-02    4.324    0.116   0.2
      g_shift_register (VX_shift_register_582_0_1_0_20) 1.77e-02 9.43e-02    4.324    0.116   0.2
    g_i_2__g_j_2__fedp (VX_tcu_fedp_bhf_21)    0.673    1.219  116.917    2.008   2.8
      final_add (VX_tcu_bhf_fadd_1_21) 4.24e-02 6.68e-02    8.505    0.118   0.2
        pipe_rnd (VX_pipe_register_6_21) 2.25e-03 1.15e-02    0.491 1.43e-02   0.0
          g_shift_register (VX_shift_register_37_0_1_0_21) 2.25e-03 1.15e-02    0.491 1.43e-02   0.0
        g_out_ieee_to_ieee (recFNToFN_21) 4.40e-03 2.89e-03    0.793 8.09e-03   0.0
          recFNToRawFN (recFNToRawFN_1_357) 1.30e-03 7.16e-04    0.232 2.24e-03   0.0
        rounding (roundAnyRawFNToRecFN_1_168) 4.53e-03 2.92e-03    1.202 8.64e-03   0.0
          genblk2_genblk1_lowMask_roundMask (lowMaskLoHi_168) 2.46e-04 1.35e-04    0.301 6.83e-04   0.0
            reverse (reverse_2_168)    4.83e-06 1.93e-06    0.153 1.60e-04   0.0
        pipe_add (VX_pipe_register_5_168) 6.83e-03 3.05e-02    1.265 3.86e-02   0.1
          g_shift_register (VX_shift_register_45_0_2_0_168) 6.83e-03 3.05e-02    1.265 3.86e-02   0.1
        adder (addRecFNToRaw_168)      2.44e-02 1.90e-02    4.755 4.81e-02   0.1
          lowMask_far_roundExtraMask (lowMaskHiLo_168) 4.18e-05 7.74e-05 8.04e-02 2.00e-04   0.0
            reverse (reverse_1_168)    1.92e-05 3.64e-05 5.04e-02 1.06e-04   0.0
          compressBy4_far_sigSmaller (compressBy4_168) 5.51e-05 1.73e-04 4.47e-02 2.72e-04   0.0
          countLeadingZeros_close (countLeadingZeros_168) 5.39e-04 4.58e-04    0.163 1.16e-03   0.0
            reverse_in (reverse_170)   2.70e-04 3.11e-04 9.01e-02 6.71e-04   0.0
          compressBy2_close_sigSum (compressBy2_168) 2.06e-04 3.37e-04 6.60e-02 6.09e-04   0.0
          isSigNaN_b (isSigNaNRecFN_1_336) 3.63e-06 5.42e-06 4.59e-03 1.36e-05   0.0
          recFNToRawFN_b (recFNToRawFN_1_358) 5.95e-04 2.69e-04    0.236 1.10e-03   0.0
          isSigNaN_a (isSigNaNRecFN_1_337) 1.49e-05 1.30e-05 4.73e-03 3.26e-05   0.0
          recFNToRawFN_a (recFNToRawFN_1_359) 1.64e-03 8.14e-04    0.232 2.69e-03   0.0
      pipe_c (VX_pipe_register_2_21)   1.87e-02    0.139    6.435    0.164   0.2
        g_shift_register (VX_shift_register_33_0_13_0_21) 1.87e-02    0.139    6.435    0.164   0.2
      conv_c (fNToRecFN_22)            1.98e-03 9.19e-04    0.761 3.65e-03   0.0
        clz (bsg_counting_leading_zeros_22) 1.03e-04 1.09e-04    0.119 3.31e-04   0.0
          lzc (VX_lzc_22)              1.03e-04 1.09e-04    0.119 3.31e-04   0.0
            g_lzc_find_first (VX_find_first_23_5_1_21) 8.96e-05 1.06e-04    0.107 3.02e-04   0.0
      g_red_tree_2__g_add_0__reduce_add (VX_tcu_bhf_fadd_148) 5.51e-02 7.60e-02    7.746    0.139   0.2
        pipe_rnd (VX_pipe_register_4_315) 2.78e-03 1.26e-02    0.504 1.59e-02   0.0
          g_shift_register (VX_shift_register_38_0_1_0_315) 2.78e-03 1.26e-02    0.504 1.59e-02   0.0
        rounding (roundAnyRawFNToRecFN_1_169) 7.30e-03 3.72e-03    1.210 1.22e-02   0.0
          genblk2_genblk1_lowMask_roundMask (lowMaskLoHi_169) 2.67e-04 1.48e-04    0.302 7.16e-04   0.0
            reverse (reverse_2_169)    1.44e-05 5.43e-06    0.154 1.73e-04   0.0
        pipe_add (VX_pipe_register_5_169) 6.80e-03 3.16e-02    1.265 3.97e-02   0.1
          g_shift_register (VX_shift_register_45_0_2_0_169) 6.80e-03 3.16e-02    1.265 3.97e-02   0.1
        adder (addRecFNToRaw_169)      3.82e-02 2.81e-02    4.768 7.11e-02   0.1
          lowMask_far_roundExtraMask (lowMaskHiLo_169) 1.60e-04 2.99e-04 8.09e-02 5.41e-04   0.0
            reverse (reverse_1_169)    6.64e-05 1.46e-04 4.72e-02 2.60e-04   0.0
          compressBy4_far_sigSmaller (compressBy4_169) 7.57e-05 3.65e-04 4.78e-02 4.88e-04   0.0
          countLeadingZeros_close (countLeadingZeros_169) 6.03e-04 5.36e-04    0.163 1.30e-03   0.0
            reverse_in (reverse_171)   3.09e-04 3.71e-04 8.95e-02 7.70e-04   0.0
          compressBy2_close_sigSum (compressBy2_169) 2.06e-04 4.01e-04 6.61e-02 6.74e-04   0.0
          isSigNaN_b (isSigNaNRecFN_1_338) 4.55e-06 8.39e-06 4.17e-03 1.71e-05   0.0
          recFNToRawFN_b (recFNToRawFN_1_360) 3.82e-03 9.32e-04    0.233 4.99e-03   0.0
          isSigNaN_a (isSigNaNRecFN_1_339) 6.08e-06 8.43e-06 4.17e-03 1.87e-05   0.0
          recFNToRawFN_a (recFNToRawFN_1_361) 1.72e-03 9.13e-04    0.233 2.87e-03   0.0
      g_red_tree_1__g_add_1__reduce_add (VX_tcu_bhf_fadd_149) 6.40e-02 7.69e-02    7.829    0.149   0.2
        pipe_rnd (VX_pipe_register_4_316) 6.73e-03 1.30e-02    0.505 2.02e-02   0.0
          g_shift_register (VX_shift_register_38_0_1_0_316) 6.73e-03 1.30e-02    0.505 2.02e-02   0.0
        rounding (roundAnyRawFNToRecFN_1_170) 1.30e-02 4.04e-03    1.273 1.83e-02   0.0
          genblk2_genblk1_lowMask_roundMask (lowMaskLoHi_170) 2.66e-04 1.50e-04    0.303 7.19e-04   0.0
            reverse (reverse_2_170)    1.35e-05 5.42e-06    0.153 1.72e-04   0.0
        pipe_add (VX_pipe_register_5_170) 7.35e-03 3.17e-02    1.265 4.03e-02   0.1
          g_shift_register (VX_shift_register_45_0_2_0_170) 7.35e-03 3.17e-02    1.265 4.03e-02   0.1
        adder (addRecFNToRaw_170)      3.70e-02 2.81e-02    4.778 6.99e-02   0.1
          lowMask_far_roundExtraMask (lowMaskHiLo_170) 1.49e-04 2.70e-04 8.07e-02 4.99e-04   0.0
            reverse (reverse_1_170)    6.03e-05 1.29e-04 4.69e-02 2.37e-04   0.0
          compressBy4_far_sigSmaller (compressBy4_170) 6.41e-05 3.42e-04 4.61e-02 4.53e-04   0.0
          countLeadingZeros_close (countLeadingZeros_170) 5.75e-04 5.20e-04    0.163 1.26e-03   0.0
            reverse_in (reverse_172)   3.02e-04 3.63e-04 8.98e-02 7.55e-04   0.0
          compressBy2_close_sigSum (compressBy2_170) 2.59e-04 3.95e-04 6.62e-02 7.20e-04   0.0
          isSigNaN_b (isSigNaNRecFN_1_340) 6.85e-06 9.59e-06 4.41e-03 2.08e-05   0.0
          recFNToRawFN_b (recFNToRawFN_1_362) 3.35e-03 9.30e-04    0.234 4.51e-03   0.0
          isSigNaN_a (isSigNaNRecFN_1_341) 5.79e-06 9.29e-06 4.40e-03 1.95e-05   0.0
          recFNToRawFN_a (recFNToRawFN_1_363) 1.72e-03 9.34e-04    0.234 2.89e-03   0.0
      g_red_tree_1__g_add_0__reduce_add (VX_tcu_bhf_fadd_150) 5.15e-02 7.65e-02    7.756    0.136   0.2
        pipe_rnd (VX_pipe_register_4_317) 2.10e-03 1.28e-02    0.505 1.54e-02   0.0
          g_shift_register (VX_shift_register_38_0_1_0_317) 2.10e-03 1.28e-02    0.505 1.54e-02   0.0
        rounding (roundAnyRawFNToRecFN_1_171) 5.23e-03 3.85e-03    1.215 1.03e-02   0.0
          genblk2_genblk1_lowMask_roundMask (lowMaskLoHi_171) 2.53e-04 1.51e-04    0.302 7.07e-04   0.0
            reverse (reverse_2_171)    1.35e-05 5.42e-06    0.153 1.72e-04   0.0
        pipe_add (VX_pipe_register_5_171) 6.84e-03 3.17e-02    1.265 3.98e-02   0.1
          g_shift_register (VX_shift_register_45_0_2_0_171) 6.84e-03 3.17e-02    1.265 3.98e-02   0.1
        adder (addRecFNToRaw_171)      3.73e-02 2.81e-02    4.771 7.02e-02   0.1
          lowMask_far_roundExtraMask (lowMaskHiLo_171) 1.61e-04 2.71e-04 8.07e-02 5.13e-04   0.0
            reverse (reverse_1_171)    6.78e-05 1.30e-04 4.69e-02 2.45e-04   0.0
          compressBy4_far_sigSmaller (compressBy4_171) 7.13e-05 3.44e-04 4.62e-02 4.62e-04   0.0
          countLeadingZeros_close (countLeadingZeros_171) 5.86e-04 5.21e-04    0.163 1.27e-03   0.0
            reverse_in (reverse_173)   3.07e-04 3.63e-04 8.98e-02 7.60e-04   0.0
          compressBy2_close_sigSum (compressBy2_171) 2.20e-04 3.93e-04 6.62e-02 6.80e-04   0.0
          isSigNaN_b (isSigNaNRecFN_1_342) 5.06e-06 9.37e-06 4.37e-03 1.88e-05   0.0
          recFNToRawFN_b (recFNToRawFN_1_364) 3.53e-03 9.32e-04    0.234 4.70e-03   0.0
          isSigNaN_a (isSigNaNRecFN_1_343) 5.95e-06 9.59e-06 4.40e-03 1.99e-05   0.0
          recFNToRawFN_a (recFNToRawFN_1_365) 1.76e-03 9.37e-04    0.234 2.93e-03   0.0
      g_red_tree_0__g_add_3__reduce_add (VX_tcu_bhf_fadd_151) 5.35e-02 7.43e-02    7.619    0.135   0.2
        pipe_rnd (VX_pipe_register_4_318) 4.40e-03 1.30e-02    0.505 1.79e-02   0.0
          g_shift_register (VX_shift_register_38_0_1_0_318) 4.40e-03 1.30e-02    0.505 1.79e-02   0.0
        rounding (roundAnyRawFNToRecFN_1_172) 7.46e-03 3.87e-03    1.259 1.26e-02   0.0
          genblk2_genblk1_lowMask_roundMask (lowMaskLoHi_172) 2.46e-04 1.52e-04    0.303 7.02e-04   0.0
            reverse (reverse_2_172)    1.36e-05 5.42e-06    0.153 1.72e-04   0.0
        pipe_add (VX_pipe_register_5_172) 1.03e-02 3.22e-02    1.268 4.38e-02   0.1
          g_shift_register (VX_shift_register_45_0_2_0_172) 1.03e-02 3.22e-02    1.268 4.38e-02   0.1
        adder (addRecFNToRaw_172)      3.13e-02 2.53e-02    4.587 6.12e-02   0.1
          lowMask_far_roundExtraMask (lowMaskHiLo_172) 1.16e-04 2.25e-04 6.92e-02 4.09e-04   0.0
            reverse (reverse_1_172)    5.53e-05 1.09e-04 3.98e-02 2.04e-04   0.0
          compressBy4_far_sigSmaller (compressBy4_172) 5.56e-05 2.48e-04 4.08e-02 3.44e-04   0.0
          countLeadingZeros_close (countLeadingZeros_172) 5.39e-04 4.99e-04    0.156 1.19e-03   0.0
            reverse_in (reverse_174)   2.79e-04 3.03e-04 8.27e-02 6.64e-04   0.0
          compressBy2_close_sigSum (compressBy2_172) 1.64e-04 3.28e-04 6.15e-02 5.53e-04   0.0
          isSigNaN_b (isSigNaNRecFN_1_344) 1.02e-05 1.14e-05 4.89e-03 2.65e-05   0.0
          recFNToRawFN_b (recFNToRawFN_1_366) 1.97e-03 7.54e-04    0.221 2.95e-03   0.0
          isSigNaN_a (isSigNaNRecFN_1_345) 7.29e-06 1.12e-05 4.87e-03 2.34e-05   0.0
          recFNToRawFN_a (recFNToRawFN_1_367) 1.58e-03 7.57e-04    0.221 2.56e-03   0.0
      g_red_tree_0__g_add_2__reduce_add (VX_tcu_bhf_fadd_152) 5.99e-02 7.45e-02    7.643    0.142   0.2
        pipe_rnd (VX_pipe_register_4_319) 5.50e-03 1.30e-02    0.505 1.90e-02   0.0
          g_shift_register (VX_shift_register_38_0_1_0_319) 5.50e-03 1.30e-02    0.505 1.90e-02   0.0
        rounding (roundAnyRawFNToRecFN_1_173) 9.44e-03 3.97e-03    1.279 1.47e-02   0.0
          genblk2_genblk1_lowMask_roundMask (lowMaskLoHi_173) 2.47e-04 1.54e-04    0.303 7.03e-04   0.0
            reverse (reverse_2_173)    1.34e-05 5.41e-06    0.153 1.72e-04   0.0
        pipe_add (VX_pipe_register_5_173) 1.32e-02 3.22e-02    1.268 4.67e-02   0.1
          g_shift_register (VX_shift_register_45_0_2_0_173) 1.32e-02 3.22e-02    1.268 4.67e-02   0.1
        adder (addRecFNToRaw_173)      3.18e-02 2.53e-02    4.583 6.16e-02   0.1
          lowMask_far_roundExtraMask (lowMaskHiLo_173) 1.22e-04 2.26e-04 6.92e-02 4.17e-04   0.0
            reverse (reverse_1_173)    6.20e-05 1.09e-04 3.98e-02 2.11e-04   0.0
          compressBy4_far_sigSmaller (compressBy4_173) 4.54e-05 2.45e-04 4.07e-02 3.31e-04   0.0
          countLeadingZeros_close (countLeadingZeros_173) 5.54e-04 5.01e-04    0.156 1.21e-03   0.0
            reverse_in (reverse_175)   2.85e-04 3.03e-04 8.27e-02 6.70e-04   0.0
          compressBy2_close_sigSum (compressBy2_173) 1.93e-04 3.28e-04 6.15e-02 5.83e-04   0.0
          isSigNaN_b (isSigNaNRecFN_1_346) 6.99e-06 1.11e-05 4.87e-03 2.30e-05   0.0
          recFNToRawFN_b (recFNToRawFN_1_368) 2.27e-03 7.52e-04    0.221 3.25e-03   0.0
          isSigNaN_a (isSigNaNRecFN_1_347) 6.01e-06 1.12e-05 4.85e-03 2.21e-05   0.0
          recFNToRawFN_a (recFNToRawFN_1_369) 1.85e-03 7.65e-04    0.221 2.84e-03   0.0
      g_red_tree_0__g_add_1__reduce_add (VX_tcu_bhf_fadd_153) 6.66e-02 7.47e-02    7.711    0.149   0.2
        pipe_rnd (VX_pipe_register_4_320) 5.03e-03 1.31e-02    0.505 1.86e-02   0.0
          g_shift_register (VX_shift_register_38_0_1_0_320) 5.03e-03 1.31e-02    0.505 1.86e-02   0.0
        rounding (roundAnyRawFNToRecFN_1_174) 1.68e-02 4.10e-03    1.347 2.22e-02   0.0
          genblk2_genblk1_lowMask_roundMask (lowMaskLoHi_174) 2.57e-04 1.52e-04    0.303 7.13e-04   0.0
            reverse (reverse_2_174)    1.32e-05 5.41e-06    0.153 1.72e-04   0.0
        pipe_add (VX_pipe_register_5_174) 1.29e-02 3.22e-02    1.268 4.64e-02   0.1
          g_shift_register (VX_shift_register_45_0_2_0_174) 1.29e-02 3.22e-02    1.268 4.64e-02   0.1
        adder (addRecFNToRaw_174)      3.19e-02 2.52e-02    4.584 6.17e-02   0.1
          lowMask_far_roundExtraMask (lowMaskHiLo_174) 1.26e-04 2.23e-04 6.92e-02 4.18e-04   0.0
            reverse (reverse_1_174)    5.43e-05 1.08e-04 3.99e-02 2.02e-04   0.0
          compressBy4_far_sigSmaller (compressBy4_174) 2.96e-05 2.45e-04 4.07e-02 3.16e-04   0.0
          countLeadingZeros_close (countLeadingZeros_174) 5.47e-04 5.00e-04    0.156 1.20e-03   0.0
            reverse_in (reverse_176)   2.87e-04 3.03e-04 8.27e-02 6.72e-04   0.0
          compressBy2_close_sigSum (compressBy2_174) 1.70e-04 3.28e-04 6.15e-02 5.59e-04   0.0
          isSigNaN_b (isSigNaNRecFN_1_348) 1.10e-05 1.12e-05 4.86e-03 2.71e-05   0.0
          recFNToRawFN_b (recFNToRawFN_1_370) 2.29e-03 7.60e-04    0.221 3.27e-03   0.0
          isSigNaN_a (isSigNaNRecFN_1_349) 7.50e-06 1.12e-05 4.84e-03 2.36e-05   0.0
          recFNToRawFN_a (recFNToRawFN_1_371) 1.65e-03 7.54e-04    0.221 2.63e-03   0.0
      g_red_tree_0__g_add_0__reduce_add (VX_tcu_bhf_fadd_154) 4.60e-02 7.43e-02    7.580    0.128   0.2
        pipe_rnd (VX_pipe_register_4_321) 2.23e-03 1.29e-02    0.505 1.57e-02   0.0
          g_shift_register (VX_shift_register_38_0_1_0_321) 2.23e-03 1.29e-02    0.505 1.57e-02   0.0
        rounding (roundAnyRawFNToRecFN_1_175) 5.49e-03 3.85e-03    1.228 1.06e-02   0.0
          genblk2_genblk1_lowMask_roundMask (lowMaskLoHi_175) 2.74e-04 1.55e-04    0.304 7.32e-04   0.0
            reverse (reverse_2_175)    1.29e-05 5.41e-06    0.153 1.72e-04   0.0
        pipe_add (VX_pipe_register_5_175) 7.39e-03 3.22e-02    1.268 4.08e-02   0.1
          g_shift_register (VX_shift_register_45_0_2_0_175) 7.39e-03 3.22e-02    1.268 4.08e-02   0.1
        adder (addRecFNToRaw_175)      3.09e-02 2.53e-02    4.578 6.08e-02   0.1
          lowMask_far_roundExtraMask (lowMaskHiLo_175) 1.71e-04 2.24e-04 6.91e-02 4.64e-04   0.0
            reverse (reverse_1_175)    7.10e-05 1.08e-04 3.98e-02 2.19e-04   0.0
          compressBy4_far_sigSmaller (compressBy4_175) 3.81e-05 2.45e-04 4.07e-02 3.24e-04   0.0
          countLeadingZeros_close (countLeadingZeros_175) 5.58e-04 5.02e-04    0.157 1.22e-03   0.0
            reverse_in (reverse_177)   2.92e-04 3.03e-04 8.27e-02 6.78e-04   0.0
          compressBy2_close_sigSum (compressBy2_175) 1.72e-04 3.28e-04 6.15e-02 5.62e-04   0.0
          isSigNaN_b (isSigNaNRecFN_1_350) 7.75e-06 1.09e-05 4.86e-03 2.35e-05   0.0
          recFNToRawFN_b (recFNToRawFN_1_372) 2.14e-03 7.62e-04    0.221 3.12e-03   0.0
          isSigNaN_a (isSigNaNRecFN_1_351) 7.31e-06 1.09e-05 4.87e-03 2.31e-05   0.0
          recFNToRawFN_a (recFNToRawFN_1_373) 1.62e-03 7.53e-04    0.221 2.59e-03   0.0
      g_prod_7__pipe_mult (VX_pipe_register_1_168) 2.80e-03 1.16e-02    0.477 1.49e-02   0.0
        g_shift_register (VX_shift_register_33_0_1_0_168) 2.80e-03 1.16e-02    0.477 1.49e-02   0.0
      g_prod_7__fp16_mul (VX_tcu_bhf_fmul_168) 2.58e-02 4.91e-02    5.453 8.04e-02   0.1
        pipe_rnd (VX_pipe_register_4_322) 3.66e-03 1.16e-02    0.477 1.57e-02   0.0
          g_shift_register (VX_shift_register_38_0_1_0_322) 3.66e-03 1.16e-02    0.477 1.57e-02   0.0
        rounding (roundAnyRawFNToRecFN_169) 1.28e-03 1.10e-03    0.273 2.65e-03   0.0
        pipe_add (VX_pipe_register_3_168) 5.73e-03 2.46e-02    1.028 3.14e-02   0.0
          g_shift_register (VX_shift_register_37_0_2_0_168) 5.73e-03 2.46e-02    1.028 3.14e-02   0.0
        multiplier (mulRecFNToFullRaw_168) 1.32e-02 1.09e-02    3.049 2.71e-02   0.0
          isSigNaN_b (isSigNaNRecFN_337) 4.88e-06 9.73e-06 4.66e-03 1.93e-05   0.0
          recFNToRawFN_b (recFNToRawFN_337) 1.61e-03 2.30e-04    0.129 1.97e-03   0.0
          isSigNaN_a (isSigNaNRecFN_338) 4.54e-06 7.98e-06 4.71e-03 1.72e-05   0.0
          recFNToRawFN_a (recFNToRawFN_338) 5.44e-04 1.78e-04    0.129 8.52e-04   0.0
        g_in_ieee_from_ieee_b (fNToRecFN_1_336) 9.24e-04 5.32e-04    0.314 1.77e-03   0.0
          clz (bsg_counting_leading_zeros_1_336) 1.21e-04 9.19e-05 6.84e-02 2.81e-04   0.0
            lzc (VX_lzc_1_336)         1.21e-04 9.19e-05 6.84e-02 2.81e-04   0.0
              g_lzc_find_first (VX_find_first_10_4_1_336) 5.46e-05 7.23e-05 5.56e-02 1.83e-04   0.0
        g_in_ieee_from_ieee_a (fNToRecFN_1_337) 1.03e-03 4.03e-04    0.313 1.75e-03   0.0
          clz (bsg_counting_leading_zeros_1_337) 9.20e-05 6.86e-05 6.84e-02 2.29e-04   0.0
            lzc (VX_lzc_1_337)         9.20e-05 6.86e-05 6.84e-02 2.29e-04   0.0
              g_lzc_find_first (VX_find_first_10_4_1_337) 4.00e-05 5.31e-05 5.55e-02 1.49e-04   0.0
      g_prod_6__pipe_mult (VX_pipe_register_1_169) 2.14e-03 1.16e-02    0.477 1.42e-02   0.0
        g_shift_register (VX_shift_register_33_0_1_0_169) 2.14e-03 1.16e-02    0.477 1.42e-02   0.0
      g_prod_6__fp16_mul (VX_tcu_bhf_fmul_169) 2.38e-02 4.90e-02    5.452 7.83e-02   0.1
        pipe_rnd (VX_pipe_register_4_323) 3.44e-03 1.16e-02    0.477 1.55e-02   0.0
          g_shift_register (VX_shift_register_38_0_1_0_323) 3.44e-03 1.16e-02    0.477 1.55e-02   0.0
        rounding (roundAnyRawFNToRecFN_170) 8.71e-04 1.09e-03    0.271 2.23e-03   0.0
        pipe_add (VX_pipe_register_3_169) 4.43e-03 2.46e-02    1.028 3.01e-02   0.0
          g_shift_register (VX_shift_register_37_0_2_0_169) 4.43e-03 2.46e-02    1.028 3.01e-02   0.0
        multiplier (mulRecFNToFullRaw_169) 1.34e-02 1.08e-02    3.049 2.73e-02   0.0
          isSigNaN_b (isSigNaNRecFN_339) 4.89e-06 9.43e-06 4.66e-03 1.90e-05   0.0
          recFNToRawFN_b (recFNToRawFN_339) 1.44e-03 2.28e-04    0.129 1.80e-03   0.0
          isSigNaN_a (isSigNaNRecFN_340) 4.48e-06 7.35e-06 4.73e-03 1.66e-05   0.0
          recFNToRawFN_a (recFNToRawFN_340) 4.29e-04 1.70e-04    0.129 7.29e-04   0.0
        g_in_ieee_from_ieee_b (fNToRecFN_1_338) 9.45e-04 5.28e-04    0.313 1.79e-03   0.0
          clz (bsg_counting_leading_zeros_1_338) 1.16e-04 8.96e-05 6.84e-02 2.74e-04   0.0
            lzc (VX_lzc_1_338)         1.16e-04 8.96e-05 6.84e-02 2.74e-04   0.0
              g_lzc_find_first (VX_find_first_10_4_1_338) 5.25e-05 7.04e-05 5.56e-02 1.78e-04   0.0
        g_in_ieee_from_ieee_a (fNToRecFN_1_339) 7.50e-04 4.03e-04    0.313 1.47e-03   0.0
          clz (bsg_counting_leading_zeros_1_339) 9.39e-05 6.91e-05 6.84e-02 2.31e-04   0.0
            lzc (VX_lzc_1_339)         9.39e-05 6.91e-05 6.84e-02 2.31e-04   0.0
              g_lzc_find_first (VX_find_first_10_4_1_339) 4.05e-05 5.36e-05 5.55e-02 1.50e-04   0.0
      g_prod_5__pipe_mult (VX_pipe_register_1_170) 3.05e-03 1.16e-02    0.477 1.51e-02   0.0
        g_shift_register (VX_shift_register_33_0_1_0_170) 3.05e-03 1.16e-02    0.477 1.51e-02   0.0
      g_prod_5__fp16_mul (VX_tcu_bhf_fmul_170) 2.88e-02 4.91e-02    5.439 8.33e-02   0.1
        pipe_rnd (VX_pipe_register_4_324) 4.78e-03 1.16e-02    0.477 1.68e-02   0.0
          g_shift_register (VX_shift_register_38_0_1_0_324) 4.78e-03 1.16e-02    0.477 1.68e-02   0.0
        rounding (roundAnyRawFNToRecFN_171) 2.05e-03 1.12e-03    0.274 3.45e-03   0.0
        pipe_add (VX_pipe_register_3_170) 5.82e-03 2.46e-02    1.028 3.15e-02   0.0
          g_shift_register (VX_shift_register_37_0_2_0_170) 5.82e-03 2.46e-02    1.028 3.15e-02   0.0
        multiplier (mulRecFNToFullRaw_170) 1.43e-02 1.08e-02    3.033 2.82e-02   0.0
          isSigNaN_b (isSigNaNRecFN_341) 5.74e-06 9.18e-06 4.69e-03 1.96e-05   0.0
          recFNToRawFN_b (recFNToRawFN_341) 1.24e-03 2.27e-04    0.129 1.60e-03   0.0
          isSigNaN_a (isSigNaNRecFN_342) 5.25e-06 7.78e-06 4.68e-03 1.77e-05   0.0
          recFNToRawFN_a (recFNToRawFN_342) 5.28e-04 1.75e-04    0.129 8.32e-04   0.0
        g_in_ieee_from_ieee_b (fNToRecFN_1_340) 8.11e-04 5.30e-04    0.313 1.65e-03   0.0
          clz (bsg_counting_leading_zeros_1_340) 1.19e-04 9.12e-05 6.83e-02 2.78e-04   0.0
            lzc (VX_lzc_1_340)         1.19e-04 9.12e-05 6.83e-02 2.78e-04   0.0
              g_lzc_find_first (VX_find_first_10_4_1_340) 5.53e-05 7.19e-05 5.55e-02 1.83e-04   0.0
        g_in_ieee_from_ieee_a (fNToRecFN_1_341) 9.96e-04 4.03e-04    0.313 1.71e-03   0.0
          clz (bsg_counting_leading_zeros_1_341) 9.12e-05 6.90e-05 6.83e-02 2.29e-04   0.0
            lzc (VX_lzc_1_341)         9.12e-05 6.90e-05 6.83e-02 2.29e-04   0.0
              g_lzc_find_first (VX_find_first_10_4_1_341) 3.98e-05 5.36e-05 5.54e-02 1.49e-04   0.0
      g_prod_4__pipe_mult (VX_pipe_register_1_171) 4.91e-03 1.16e-02    0.477 1.70e-02   0.0
        g_shift_register (VX_shift_register_33_0_1_0_171) 4.91e-03 1.16e-02    0.477 1.70e-02   0.0
      g_prod_4__fp16_mul (VX_tcu_bhf_fmul_171) 3.27e-02 4.91e-02    5.448 8.72e-02   0.1
        pipe_rnd (VX_pipe_register_4_325) 8.32e-03 1.16e-02    0.477 2.04e-02   0.0
          g_shift_register (VX_shift_register_38_0_1_0_325) 8.32e-03 1.16e-02    0.477 2.04e-02   0.0
        rounding (roundAnyRawFNToRecFN_172) 2.65e-03 1.12e-03    0.273 4.04e-03   0.0
        pipe_add (VX_pipe_register_3_171) 4.97e-03 2.46e-02    1.028 3.06e-02   0.0
          g_shift_register (VX_shift_register_37_0_2_0_171) 4.97e-03 2.46e-02    1.028 3.06e-02   0.0
        multiplier (mulRecFNToFullRaw_171) 1.49e-02 1.08e-02    3.045 2.88e-02   0.0
          isSigNaN_b (isSigNaNRecFN_343) 6.14e-06 9.13e-06 4.68e-03 2.00e-05   0.0
          recFNToRawFN_b (recFNToRawFN_343) 7.84e-04 2.24e-04    0.129 1.14e-03   0.0
          isSigNaN_a (isSigNaNRecFN_344) 4.56e-06 8.02e-06 4.64e-03 1.72e-05   0.0
          recFNToRawFN_a (recFNToRawFN_344) 7.69e-04 1.81e-04    0.129 1.08e-03   0.0
        g_in_ieee_from_ieee_b (fNToRecFN_1_342) 6.54e-04 5.32e-04    0.312 1.50e-03   0.0
          clz (bsg_counting_leading_zeros_1_342) 1.19e-04 9.16e-05 6.83e-02 2.79e-04   0.0
            lzc (VX_lzc_1_342)         1.19e-04 9.16e-05 6.83e-02 2.79e-04   0.0
              g_lzc_find_first (VX_find_first_10_4_1_342) 5.37e-05 7.22e-05 5.54e-02 1.81e-04   0.0
        g_in_ieee_from_ieee_a (fNToRecFN_1_343) 1.19e-03 4.01e-04    0.313 1.90e-03   0.0
          clz (bsg_counting_leading_zeros_1_343) 9.15e-05 6.77e-05 6.83e-02 2.27e-04   0.0
            lzc (VX_lzc_1_343)         9.15e-05 6.77e-05 6.83e-02 2.27e-04   0.0
              g_lzc_find_first (VX_find_first_10_4_1_343) 3.95e-05 5.26e-05 5.54e-02 1.48e-04   0.0
      g_prod_3__pipe_mult (VX_pipe_register_1_172) 2.18e-03 1.16e-02    0.477 1.42e-02   0.0
        g_shift_register (VX_shift_register_33_0_1_0_172) 2.18e-03 1.16e-02    0.477 1.42e-02   0.0
      g_prod_3__fp16_mul (VX_tcu_bhf_fmul_172) 1.89e-02 4.90e-02    5.412 7.32e-02   0.1
        pipe_rnd (VX_pipe_register_4_326) 2.19e-03 1.16e-02    0.477 1.42e-02   0.0
          g_shift_register (VX_shift_register_38_0_1_0_326) 2.19e-03 1.16e-02    0.477 1.42e-02   0.0
        rounding (roundAnyRawFNToRecFN_173) 8.39e-04 1.10e-03    0.272 2.21e-03   0.0
        pipe_add (VX_pipe_register_3_172) 4.18e-03 2.46e-02    1.028 2.98e-02   0.0
          g_shift_register (VX_shift_register_37_0_2_0_172) 4.18e-03 2.46e-02    1.028 2.98e-02   0.0
        multiplier (mulRecFNToFullRaw_172) 1.04e-02 1.08e-02    3.008 2.42e-02   0.0
          isSigNaN_b (isSigNaNRecFN_345) 4.43e-06 8.83e-06 4.66e-03 1.79e-05   0.0
          recFNToRawFN_b (recFNToRawFN_345) 6.59e-04 2.21e-04    0.129 1.01e-03   0.0
          isSigNaN_a (isSigNaNRecFN_346) 5.16e-06 7.11e-06 4.71e-03 1.70e-05   0.0
          recFNToRawFN_a (recFNToRawFN_346) 3.63e-04 1.66e-04    0.129 6.58e-04   0.0
        g_in_ieee_from_ieee_b (fNToRecFN_1_344) 7.40e-04 5.28e-04    0.313 1.58e-03   0.0
          clz (bsg_counting_leading_zeros_1_344) 1.22e-04 9.11e-05 6.83e-02 2.81e-04   0.0
            lzc (VX_lzc_1_344)         1.22e-04 9.11e-05 6.83e-02 2.81e-04   0.0
              g_lzc_find_first (VX_find_first_10_4_1_344) 5.39e-05 7.16e-05 5.54e-02 1.81e-04   0.0
        g_in_ieee_from_ieee_a (fNToRecFN_1_345) 5.37e-04 3.96e-04    0.313 1.25e-03   0.0
          clz (bsg_counting_leading_zeros_1_345) 9.10e-05 6.75e-05 6.83e-02 2.27e-04   0.0
            lzc (VX_lzc_1_345)         9.10e-05 6.75e-05 6.83e-02 2.27e-04   0.0
              g_lzc_find_first (VX_find_first_10_4_1_345) 3.97e-05 5.24e-05 5.54e-02 1.48e-04   0.0
      g_prod_2__pipe_mult (VX_pipe_register_1_173) 3.78e-03 1.16e-02    0.477 1.58e-02   0.0
        g_shift_register (VX_shift_register_33_0_1_0_173) 3.78e-03 1.16e-02    0.477 1.58e-02   0.0
      g_prod_2__fp16_mul (VX_tcu_bhf_fmul_173) 2.10e-02 4.90e-02    5.413 7.53e-02   0.1
        pipe_rnd (VX_pipe_register_4_327) 3.46e-03 1.16e-02    0.477 1.55e-02   0.0
          g_shift_register (VX_shift_register_38_0_1_0_327) 3.46e-03 1.16e-02    0.477 1.55e-02   0.0
        rounding (roundAnyRawFNToRecFN_174) 9.93e-04 1.10e-03    0.273 2.37e-03   0.0
        pipe_add (VX_pipe_register_3_173) 4.93e-03 2.46e-02    1.028 3.06e-02   0.0
          g_shift_register (VX_shift_register_37_0_2_0_173) 4.93e-03 2.46e-02    1.028 3.06e-02   0.0
        multiplier (mulRecFNToFullRaw_173) 1.03e-02 1.08e-02    3.008 2.41e-02   0.0
          isSigNaN_b (isSigNaNRecFN_347) 4.77e-06 9.01e-06 4.68e-03 1.85e-05   0.0
          recFNToRawFN_b (recFNToRawFN_347) 6.32e-04 2.21e-04    0.129 9.82e-04   0.0
          isSigNaN_a (isSigNaNRecFN_348) 4.44e-06 7.18e-06 4.67e-03 1.63e-05   0.0
          recFNToRawFN_a (recFNToRawFN_348) 3.24e-04 1.68e-04    0.129 6.20e-04   0.0
        g_in_ieee_from_ieee_b (fNToRecFN_1_346) 7.30e-04 5.26e-04    0.314 1.57e-03   0.0
          clz (bsg_counting_leading_zeros_1_346) 1.19e-04 9.08e-05 6.83e-02 2.78e-04   0.0
            lzc (VX_lzc_1_346)         1.19e-04 9.08e-05 6.83e-02 2.78e-04   0.0
              g_lzc_find_first (VX_find_first_10_4_1_346) 5.28e-05 7.15e-05 5.55e-02 1.80e-04   0.0
        g_in_ieee_from_ieee_a (fNToRecFN_1_347) 5.44e-04 4.02e-04    0.313 1.26e-03   0.0
          clz (bsg_counting_leading_zeros_1_347) 9.32e-05 6.88e-05 6.82e-02 2.30e-04   0.0
            lzc (VX_lzc_1_347)         9.32e-05 6.88e-05 6.82e-02 2.30e-04   0.0
              g_lzc_find_first (VX_find_first_10_4_1_347) 4.08e-05 5.34e-05 5.54e-02 1.50e-04   0.0
      g_prod_1__pipe_mult (VX_pipe_register_1_174) 2.06e-03 1.16e-02    0.477 1.41e-02   0.0
        g_shift_register (VX_shift_register_33_0_1_0_174) 2.06e-03 1.16e-02    0.477 1.41e-02   0.0
      g_prod_1__fp16_mul (VX_tcu_bhf_fmul_174) 1.88e-02 4.89e-02    5.425 7.32e-02   0.1
        pipe_rnd (VX_pipe_register_4_328) 1.92e-03 1.16e-02    0.477 1.39e-02   0.0
          g_shift_register (VX_shift_register_38_0_1_0_328) 1.92e-03 1.16e-02    0.477 1.39e-02   0.0
        rounding (roundAnyRawFNToRecFN_175) 8.64e-04 1.10e-03    0.272 2.24e-03   0.0
        pipe_add (VX_pipe_register_3_174) 4.09e-03 2.46e-02    1.028 2.97e-02   0.0
          g_shift_register (VX_shift_register_37_0_2_0_174) 4.09e-03 2.46e-02    1.028 2.97e-02   0.0
        multiplier (mulRecFNToFullRaw_174) 1.07e-02 1.08e-02    3.021 2.45e-02   0.0
          isSigNaN_b (isSigNaNRecFN_349) 6.38e-06 9.04e-06 4.64e-03 2.01e-05   0.0
          recFNToRawFN_b (recFNToRawFN_349) 9.42e-04 2.22e-04    0.129 1.29e-03   0.0
          isSigNaN_a (isSigNaNRecFN_350) 4.24e-06 6.98e-06 4.65e-03 1.59e-05   0.0
          recFNToRawFN_a (recFNToRawFN_350) 3.47e-04 1.67e-04    0.129 6.42e-04   0.0
        g_in_ieee_from_ieee_b (fNToRecFN_1_348) 7.29e-04 5.24e-04    0.314 1.57e-03   0.0
          clz (bsg_counting_leading_zeros_1_348) 1.19e-04 9.07e-05 6.83e-02 2.78e-04   0.0
            lzc (VX_lzc_1_348)         1.19e-04 9.07e-05 6.83e-02 2.78e-04   0.0
              g_lzc_find_first (VX_find_first_10_4_1_348) 5.30e-05 7.16e-05 5.54e-02 1.80e-04   0.0
        g_in_ieee_from_ieee_a (fNToRecFN_1_349) 5.13e-04 4.01e-04    0.313 1.23e-03   0.0
          clz (bsg_counting_leading_zeros_1_349) 9.34e-05 6.93e-05 6.83e-02 2.31e-04   0.0
            lzc (VX_lzc_1_349)         9.34e-05 6.93e-05 6.83e-02 2.31e-04   0.0
              g_lzc_find_first (VX_find_first_10_4_1_349) 4.08e-05 5.39e-05 5.55e-02 1.50e-04   0.0
      g_prod_0__pipe_mult (VX_pipe_register_1_175) 2.33e-03 1.16e-02    0.477 1.44e-02   0.0
        g_shift_register (VX_shift_register_33_0_1_0_175) 2.33e-03 1.16e-02    0.477 1.44e-02   0.0
      g_prod_0__fp16_mul (VX_tcu_bhf_fmul_175) 2.02e-02 4.89e-02    5.427 7.46e-02   0.1
        pipe_rnd (VX_pipe_register_4_329) 2.23e-03 1.16e-02    0.477 1.43e-02   0.0
          g_shift_register (VX_shift_register_38_0_1_0_329) 2.23e-03 1.16e-02    0.477 1.43e-02   0.0
        rounding (roundAnyRawFNToRecFN_176) 8.91e-04 1.10e-03    0.272 2.26e-03   0.0
        pipe_add (VX_pipe_register_3_175) 4.63e-03 2.46e-02    1.028 3.03e-02   0.0
          g_shift_register (VX_shift_register_37_0_2_0_175) 4.63e-03 2.46e-02    1.028 3.03e-02   0.0
        multiplier (mulRecFNToFullRaw_175) 1.10e-02 1.08e-02    3.023 2.48e-02   0.0
          isSigNaN_b (isSigNaNRecFN_351) 9.16e-06 9.15e-06 4.72e-03 2.30e-05   0.0
          recFNToRawFN_b (recFNToRawFN_351) 9.04e-04 2.24e-04    0.129 1.26e-03   0.0
          isSigNaN_a (isSigNaNRecFN_352) 4.54e-06 7.08e-06 4.66e-03 1.63e-05   0.0
          recFNToRawFN_a (recFNToRawFN_352) 4.16e-04 1.69e-04    0.129 7.14e-04   0.0
        g_in_ieee_from_ieee_b (fNToRecFN_1_350) 7.40e-04 5.28e-04    0.313 1.58e-03   0.0
          clz (bsg_counting_leading_zeros_1_350) 1.17e-04 9.00e-05 6.83e-02 2.75e-04   0.0
            lzc (VX_lzc_1_350)         1.17e-04 9.00e-05 6.83e-02 2.75e-04   0.0
              g_lzc_find_first (VX_find_first_10_4_1_350) 5.22e-05 7.08e-05 5.55e-02 1.78e-04   0.0
        g_in_ieee_from_ieee_a (fNToRecFN_1_351) 7.16e-04 4.04e-04    0.313 1.43e-03   0.0
          clz (bsg_counting_leading_zeros_1_351) 9.28e-05 6.95e-05 6.84e-02 2.31e-04   0.0
            lzc (VX_lzc_1_351)         9.28e-05 6.95e-05 6.84e-02 2.31e-04   0.0
              g_lzc_find_first (VX_find_first_10_4_1_351) 4.04e-05 5.38e-05 5.55e-02 1.50e-04   0.0
    g_i_2__g_j_2__genblk1_u_buffer_ex (VX_pipe_register_27) 1.66e-02 9.44e-02    4.324    0.115   0.2
      g_shift_register (VX_shift_register_582_0_1_0_21) 1.66e-02 9.44e-02    4.324    0.115   0.2
    g_i_2__g_j_1__fedp (VX_tcu_fedp_bhf_22)    0.643    1.218  116.830    1.978   2.8
      final_add (VX_tcu_bhf_fadd_1_22) 4.04e-02 6.68e-02    8.478    0.116   0.2
        pipe_rnd (VX_pipe_register_6_22) 1.98e-03 1.14e-02    0.490 1.39e-02   0.0
          g_shift_register (VX_shift_register_37_0_1_0_22) 1.98e-03 1.14e-02    0.490 1.39e-02   0.0
        g_out_ieee_to_ieee (recFNToFN_22) 4.20e-03 2.81e-03    0.785 7.79e-03   0.0
          recFNToRawFN (recFNToRawFN_1_374) 1.12e-03 6.96e-04    0.232 2.04e-03   0.0
        rounding (roundAnyRawFNToRecFN_1_176) 4.13e-03 2.90e-03    1.197 8.23e-03   0.0
          genblk2_genblk1_lowMask_roundMask (lowMaskLoHi_176) 2.45e-04 1.39e-04    0.301 6.85e-04   0.0
            reverse (reverse_2_176)    8.39e-06 3.32e-06    0.154 1.65e-04   0.0
        pipe_add (VX_pipe_register_5_176) 5.92e-03 3.05e-02    1.265 3.77e-02   0.1
          g_shift_register (VX_shift_register_45_0_2_0_176) 5.92e-03 3.05e-02    1.265 3.77e-02   0.1
        adder (addRecFNToRaw_176)      2.41e-02 1.91e-02    4.741 4.80e-02   0.1
          lowMask_far_roundExtraMask (lowMaskHiLo_176) 4.42e-05 8.47e-05 8.05e-02 2.09e-04   0.0
            reverse (reverse_1_176)    2.02e-05 4.02e-05 5.04e-02 1.11e-04   0.0
          compressBy4_far_sigSmaller (compressBy4_176) 4.21e-05 1.90e-04 4.52e-02 2.77e-04   0.0
          countLeadingZeros_close (countLeadingZeros_176) 5.24e-04 4.52e-04    0.163 1.14e-03   0.0
            reverse_in (reverse_178)   2.59e-04 3.10e-04 9.01e-02 6.60e-04   0.0
          compressBy2_close_sigSum (compressBy2_176) 2.00e-04 3.37e-04 6.59e-02 6.03e-04   0.0
          isSigNaN_b (isSigNaNRecFN_1_352) 3.13e-06 5.12e-06 4.53e-03 1.28e-05   0.0
          recFNToRawFN_b (recFNToRawFN_1_375) 5.22e-04 2.76e-04    0.236 1.03e-03   0.0
          isSigNaN_a (isSigNaNRecFN_1_353) 1.17e-05 1.32e-05 4.74e-03 2.97e-05   0.0
          recFNToRawFN_a (recFNToRawFN_1_376) 1.45e-03 8.14e-04    0.232 2.50e-03   0.0
      pipe_c (VX_pipe_register_2_22)   1.81e-02    0.139    6.433    0.164   0.2
        g_shift_register (VX_shift_register_33_0_13_0_22) 1.81e-02    0.139    6.433    0.164   0.2
      conv_c (fNToRecFN_23)            1.19e-03 9.01e-04    0.743 2.83e-03   0.0
        clz (bsg_counting_leading_zeros_23) 1.07e-04 1.09e-04    0.119 3.35e-04   0.0
          lzc (VX_lzc_23)              1.07e-04 1.09e-04    0.119 3.35e-04   0.0
            g_lzc_find_first (VX_find_first_23_5_1_22) 9.48e-05 1.05e-04    0.107 3.07e-04   0.0
      g_red_tree_2__g_add_0__reduce_add (VX_tcu_bhf_fadd_155) 5.14e-02 7.60e-02    7.734    0.135   0.2
        pipe_rnd (VX_pipe_register_4_330) 2.53e-03 1.26e-02    0.504 1.56e-02   0.0
          g_shift_register (VX_shift_register_38_0_1_0_330) 2.53e-03 1.26e-02    0.504 1.56e-02   0.0
        rounding (roundAnyRawFNToRecFN_1_177) 5.90e-03 3.70e-03    1.205 1.08e-02   0.0
          genblk2_genblk1_lowMask_roundMask (lowMaskLoHi_177) 2.69e-04 1.45e-04    0.302 7.15e-04   0.0
            reverse (reverse_2_177)    1.39e-05 5.43e-06    0.154 1.73e-04   0.0
        pipe_add (VX_pipe_register_5_177) 6.69e-03 3.16e-02    1.265 3.96e-02   0.1
          g_shift_register (VX_shift_register_45_0_2_0_177) 6.69e-03 3.16e-02    1.265 3.96e-02   0.1
        adder (addRecFNToRaw_177)      3.63e-02 2.81e-02    4.760 6.92e-02   0.1
          lowMask_far_roundExtraMask (lowMaskHiLo_177) 1.61e-04 3.02e-04 8.09e-02 5.45e-04   0.0
            reverse (reverse_1_177)    7.08e-05 1.48e-04 4.72e-02 2.66e-04   0.0
          compressBy4_far_sigSmaller (compressBy4_177) 7.81e-05 3.65e-04 4.78e-02 4.91e-04   0.0
          countLeadingZeros_close (countLeadingZeros_177) 5.87e-04 5.33e-04    0.163 1.28e-03   0.0
            reverse_in (reverse_179)   3.11e-04 3.70e-04 8.95e-02 7.71e-04   0.0
          compressBy2_close_sigSum (compressBy2_177) 2.22e-04 4.00e-04 6.61e-02 6.89e-04   0.0
          isSigNaN_b (isSigNaNRecFN_1_354) 5.34e-06 8.60e-06 4.17e-03 1.81e-05   0.0
          recFNToRawFN_b (recFNToRawFN_1_377) 2.58e-03 9.05e-04    0.233 3.72e-03   0.0
          isSigNaN_a (isSigNaNRecFN_1_355) 5.92e-06 8.66e-06 4.17e-03 1.87e-05   0.0
          recFNToRawFN_a (recFNToRawFN_1_378) 1.61e-03 9.07e-04    0.233 2.75e-03   0.0
      g_red_tree_1__g_add_1__reduce_add (VX_tcu_bhf_fadd_156) 6.30e-02 7.66e-02    7.768    0.147   0.2
        pipe_rnd (VX_pipe_register_4_331) 2.61e-03 1.29e-02    0.505 1.60e-02   0.0
          g_shift_register (VX_shift_register_38_0_1_0_331) 2.61e-03 1.29e-02    0.505 1.60e-02   0.0
        rounding (roundAnyRawFNToRecFN_1_178) 5.87e-03 3.83e-03    1.212 1.09e-02   0.0
          genblk2_genblk1_lowMask_roundMask (lowMaskLoHi_178) 2.57e-04 1.50e-04    0.303 7.10e-04   0.0
            reverse (reverse_2_178)    1.37e-05 5.43e-06    0.153 1.73e-04   0.0
        pipe_add (VX_pipe_register_5_178) 9.76e-03 3.18e-02    1.265 4.28e-02   0.1
          g_shift_register (VX_shift_register_45_0_2_0_178) 9.76e-03 3.18e-02    1.265 4.28e-02   0.1
        adder (addRecFNToRaw_178)      4.47e-02 2.82e-02    4.778 7.77e-02   0.1
          lowMask_far_roundExtraMask (lowMaskHiLo_178) 1.46e-04 2.72e-04 8.07e-02 4.98e-04   0.0
            reverse (reverse_1_178)    6.44e-05 1.31e-04 4.69e-02 2.43e-04   0.0
          compressBy4_far_sigSmaller (compressBy4_178) 5.74e-05 3.43e-04 4.63e-02 4.47e-04   0.0
          countLeadingZeros_close (countLeadingZeros_178) 5.78e-04 5.22e-04    0.163 1.26e-03   0.0
            reverse_in (reverse_180)   3.00e-04 3.63e-04 8.98e-02 7.53e-04   0.0
          compressBy2_close_sigSum (compressBy2_178) 2.11e-04 3.93e-04 6.62e-02 6.70e-04   0.0
          isSigNaN_b (isSigNaNRecFN_1_356) 4.83e-06 9.52e-06 4.40e-03 1.87e-05   0.0
          recFNToRawFN_b (recFNToRawFN_1_379) 7.03e-03 9.68e-04    0.234 8.23e-03   0.0
          isSigNaN_a (isSigNaNRecFN_1_357) 4.98e-06 9.03e-06 4.35e-03 1.84e-05   0.0
          recFNToRawFN_a (recFNToRawFN_1_380) 5.02e-03 9.63e-04    0.234 6.22e-03   0.0
      g_red_tree_1__g_add_0__reduce_add (VX_tcu_bhf_fadd_157) 5.52e-02 7.67e-02    7.766    0.140   0.2
        pipe_rnd (VX_pipe_register_4_332) 2.41e-03 1.29e-02    0.505 1.58e-02   0.0
          g_shift_register (VX_shift_register_38_0_1_0_332) 2.41e-03 1.29e-02    0.505 1.58e-02   0.0
        rounding (roundAnyRawFNToRecFN_1_179) 6.31e-03 3.89e-03    1.219 1.14e-02   0.0
          genblk2_genblk1_lowMask_roundMask (lowMaskLoHi_179) 2.64e-04 1.51e-04    0.303 7.17e-04   0.0
            reverse (reverse_2_179)    1.34e-05 5.42e-06    0.153 1.72e-04   0.0
        pipe_add (VX_pipe_register_5_179) 7.48e-03 3.18e-02    1.266 4.05e-02   0.1
          g_shift_register (VX_shift_register_45_0_2_0_179) 7.48e-03 3.18e-02    1.266 4.05e-02   0.1
        adder (addRecFNToRaw_179)      3.90e-02 2.82e-02    4.777 7.20e-02   0.1
          lowMask_far_roundExtraMask (lowMaskHiLo_179) 1.46e-04 2.72e-04 8.07e-02 4.99e-04   0.0
            reverse (reverse_1_179)    6.55e-05 1.31e-04 4.69e-02 2.43e-04   0.0
          compressBy4_far_sigSmaller (compressBy4_179) 5.18e-05 3.44e-04 4.62e-02 4.42e-04   0.0
          countLeadingZeros_close (countLeadingZeros_179) 5.74e-04 5.19e-04    0.163 1.26e-03   0.0
            reverse_in (reverse_181)   2.98e-04 3.63e-04 8.98e-02 7.51e-04   0.0
          compressBy2_close_sigSum (compressBy2_179) 2.12e-04 3.93e-04 6.62e-02 6.72e-04   0.0
          isSigNaN_b (isSigNaNRecFN_1_358) 8.08e-06 9.55e-06 4.37e-03 2.20e-05   0.0
          recFNToRawFN_b (recFNToRawFN_1_381) 4.52e-03 9.48e-04    0.234 5.70e-03   0.0
          isSigNaN_a (isSigNaNRecFN_1_359) 5.23e-06 9.26e-06 4.36e-03 1.88e-05   0.0
          recFNToRawFN_a (recFNToRawFN_1_382) 1.57e-03 9.26e-04    0.234 2.73e-03   0.0
      g_red_tree_0__g_add_3__reduce_add (VX_tcu_bhf_fadd_158) 6.00e-02 7.45e-02    7.717    0.142   0.2
        pipe_rnd (VX_pipe_register_4_333) 7.70e-03 1.30e-02    0.505 2.12e-02   0.0
          g_shift_register (VX_shift_register_38_0_1_0_333) 7.70e-03 1.30e-02    0.505 2.12e-02   0.0
        rounding (roundAnyRawFNToRecFN_1_180) 1.38e-02 4.12e-03    1.351 1.93e-02   0.0
          genblk2_genblk1_lowMask_roundMask (lowMaskLoHi_180) 2.62e-04 1.53e-04    0.303 7.18e-04   0.0
            reverse (reverse_2_180)    1.36e-05 5.42e-06    0.153 1.72e-04   0.0
        pipe_add (VX_pipe_register_5_180) 7.22e-03 3.22e-02    1.268 4.07e-02   0.1
          g_shift_register (VX_shift_register_45_0_2_0_180) 7.22e-03 3.22e-02    1.268 4.07e-02   0.1
        adder (addRecFNToRaw_180)      3.13e-02 2.52e-02    4.585 6.11e-02   0.1
          lowMask_far_roundExtraMask (lowMaskHiLo_180) 1.19e-04 2.22e-04 6.92e-02 4.10e-04   0.0
            reverse (reverse_1_180)    5.58e-05 1.07e-04 3.99e-02 2.03e-04   0.0
          compressBy4_far_sigSmaller (compressBy4_180) 4.69e-05 2.46e-04 4.08e-02 3.33e-04   0.0
          countLeadingZeros_close (countLeadingZeros_180) 5.48e-04 5.02e-04    0.156 1.21e-03   0.0
            reverse_in (reverse_182)   2.85e-04 3.03e-04 8.26e-02 6.71e-04   0.0
          compressBy2_close_sigSum (compressBy2_180) 1.71e-04 3.28e-04 6.15e-02 5.60e-04   0.0
          isSigNaN_b (isSigNaNRecFN_1_360) 7.18e-06 1.12e-05 4.86e-03 2.33e-05   0.0
          recFNToRawFN_b (recFNToRawFN_1_383) 2.30e-03 7.57e-04    0.221 3.27e-03   0.0
          isSigNaN_a (isSigNaNRecFN_1_361) 6.17e-06 1.11e-05 4.86e-03 2.21e-05   0.0
          recFNToRawFN_a (recFNToRawFN_1_384) 1.64e-03 7.56e-04    0.221 2.62e-03   0.0
      g_red_tree_0__g_add_2__reduce_add (VX_tcu_bhf_fadd_159) 6.14e-02 7.46e-02    7.725    0.144   0.2
        pipe_rnd (VX_pipe_register_4_334) 7.59e-03 1.30e-02    0.505 2.11e-02   0.0
          g_shift_register (VX_shift_register_38_0_1_0_334) 7.59e-03 1.30e-02    0.505 2.11e-02   0.0
        rounding (roundAnyRawFNToRecFN_1_181) 1.34e-02 4.12e-03    1.355 1.88e-02   0.0
          genblk2_genblk1_lowMask_roundMask (lowMaskLoHi_181) 2.66e-04 1.54e-04    0.304 7.25e-04   0.0
            reverse (reverse_2_181)    1.31e-05 5.42e-06    0.153 1.72e-04   0.0
        pipe_add (VX_pipe_register_5_181) 9.18e-03 3.22e-02    1.268 4.26e-02   0.1
          g_shift_register (VX_shift_register_45_0_2_0_181) 9.18e-03 3.22e-02    1.268 4.26e-02   0.1
        adder (addRecFNToRaw_181)      3.13e-02 2.53e-02    4.589 6.11e-02   0.1
          lowMask_far_roundExtraMask (lowMaskHiLo_181) 1.30e-04 2.26e-04 6.92e-02 4.25e-04   0.0
            reverse (reverse_1_181)    7.22e-05 1.09e-04 3.99e-02 2.21e-04   0.0
          compressBy4_far_sigSmaller (compressBy4_181) 6.04e-05 2.45e-04 4.06e-02 3.46e-04   0.0
          countLeadingZeros_close (countLeadingZeros_181) 5.55e-04 5.06e-04    0.156 1.22e-03   0.0
            reverse_in (reverse_183)   2.91e-04 3.06e-04 8.26e-02 6.79e-04   0.0
          compressBy2_close_sigSum (compressBy2_181) 1.59e-04 3.30e-04 6.15e-02 5.51e-04   0.0
          isSigNaN_b (isSigNaNRecFN_1_362) 6.01e-06 1.09e-05 4.83e-03 2.18e-05   0.0
          recFNToRawFN_b (recFNToRawFN_1_385) 1.87e-03 7.63e-04    0.221 2.85e-03   0.0
          isSigNaN_a (isSigNaNRecFN_1_363) 9.46e-06 1.12e-05 4.86e-03 2.55e-05   0.0
          recFNToRawFN_a (recFNToRawFN_1_386) 1.61e-03 7.49e-04    0.221 2.58e-03   0.0
      g_red_tree_0__g_add_1__reduce_add (VX_tcu_bhf_fadd_160) 6.81e-02 7.47e-02    7.704    0.150   0.2
        pipe_rnd (VX_pipe_register_4_335) 6.17e-03 1.31e-02    0.505 1.98e-02   0.0
          g_shift_register (VX_shift_register_38_0_1_0_335) 6.17e-03 1.31e-02    0.505 1.98e-02   0.0
        rounding (roundAnyRawFNToRecFN_1_182) 1.52e-02 4.08e-03    1.340 2.07e-02   0.0
          genblk2_genblk1_lowMask_roundMask (lowMaskLoHi_182) 2.51e-04 1.51e-04    0.303 7.05e-04   0.0
            reverse (reverse_2_182)    1.50e-05 5.43e-06    0.153 1.74e-04   0.0
        pipe_add (VX_pipe_register_5_182) 1.50e-02 3.23e-02    1.268 4.86e-02   0.1
          g_shift_register (VX_shift_register_45_0_2_0_182) 1.50e-02 3.23e-02    1.268 4.86e-02   0.1
        adder (addRecFNToRaw_182)      3.16e-02 2.53e-02    4.584 6.15e-02   0.1
          lowMask_far_roundExtraMask (lowMaskHiLo_182) 1.22e-04 2.24e-04 6.92e-02 4.16e-04   0.0
            reverse (reverse_1_182)    5.41e-05 1.09e-04 3.99e-02 2.03e-04   0.0
          compressBy4_far_sigSmaller (compressBy4_182) 4.07e-05 2.46e-04 4.08e-02 3.28e-04   0.0
          countLeadingZeros_close (countLeadingZeros_182) 5.76e-04 5.04e-04    0.157 1.24e-03   0.0
            reverse_in (reverse_184)   3.16e-04 3.04e-04 8.27e-02 7.03e-04   0.0
          compressBy2_close_sigSum (compressBy2_182) 1.45e-04 3.28e-04 6.14e-02 5.34e-04   0.0
          isSigNaN_b (isSigNaNRecFN_1_364) 9.52e-06 1.12e-05 4.84e-03 2.55e-05   0.0
          recFNToRawFN_b (recFNToRawFN_1_387) 2.16e-03 7.58e-04    0.221 3.14e-03   0.0
          isSigNaN_a (isSigNaNRecFN_1_365) 7.28e-06 1.11e-05 4.86e-03 2.32e-05   0.0
          recFNToRawFN_a (recFNToRawFN_1_388) 1.74e-03 7.54e-04    0.221 2.71e-03   0.0
      g_red_tree_0__g_add_0__reduce_add (VX_tcu_bhf_fadd_161) 4.60e-02 7.42e-02    7.583    0.128   0.2
        pipe_rnd (VX_pipe_register_4_336) 2.50e-03 1.29e-02    0.505 1.59e-02   0.0
          g_shift_register (VX_shift_register_38_0_1_0_336) 2.50e-03 1.29e-02    0.505 1.59e-02   0.0
        rounding (roundAnyRawFNToRecFN_1_183) 5.40e-03 3.82e-03    1.229 1.05e-02   0.0
          genblk2_genblk1_lowMask_roundMask (lowMaskLoHi_183) 2.45e-04 1.53e-04    0.303 7.01e-04   0.0
            reverse (reverse_2_183)    1.34e-05 5.42e-06    0.153 1.72e-04   0.0
        pipe_add (VX_pipe_register_5_183) 7.90e-03 3.22e-02    1.268 4.14e-02   0.1
          g_shift_register (VX_shift_register_45_0_2_0_183) 7.90e-03 3.22e-02    1.268 4.14e-02   0.1
        adder (addRecFNToRaw_183)      3.02e-02 2.53e-02    4.581 6.01e-02   0.1
          lowMask_far_roundExtraMask (lowMaskHiLo_183) 1.24e-04 2.22e-04 6.92e-02 4.15e-04   0.0
            reverse (reverse_1_183)    5.14e-05 1.07e-04 3.99e-02 1.99e-04   0.0
          compressBy4_far_sigSmaller (compressBy4_183) 4.38e-05 2.44e-04 4.06e-02 3.28e-04   0.0
          countLeadingZeros_close (countLeadingZeros_183) 5.50e-04 5.05e-04    0.159 1.21e-03   0.0
            reverse_in (reverse_185)   2.87e-04 3.04e-04 8.26e-02 6.73e-04   0.0
          compressBy2_close_sigSum (compressBy2_183) 1.84e-04 3.29e-04 6.15e-02 5.75e-04   0.0
          isSigNaN_b (isSigNaNRecFN_1_366) 7.18e-06 1.11e-05 4.85e-03 2.31e-05   0.0
          recFNToRawFN_b (recFNToRawFN_1_389) 1.95e-03 7.62e-04    0.221 2.93e-03   0.0
          isSigNaN_a (isSigNaNRecFN_1_367) 5.51e-06 1.11e-05 4.85e-03 2.15e-05   0.0
          recFNToRawFN_a (recFNToRawFN_1_390) 1.65e-03 7.55e-04    0.221 2.62e-03   0.0
      g_prod_7__pipe_mult (VX_pipe_register_1_176) 2.26e-03 1.16e-02    0.477 1.43e-02   0.0
        g_shift_register (VX_shift_register_33_0_1_0_176) 2.26e-03 1.16e-02    0.477 1.43e-02   0.0
      g_prod_7__fp16_mul (VX_tcu_bhf_fmul_176) 2.26e-02 4.91e-02    5.427 7.71e-02   0.1
        pipe_rnd (VX_pipe_register_4_337) 2.54e-03 1.16e-02    0.477 1.46e-02   0.0
          g_shift_register (VX_shift_register_38_0_1_0_337) 2.54e-03 1.16e-02    0.477 1.46e-02   0.0
        rounding (roundAnyRawFNToRecFN_177) 1.38e-03 1.11e-03    0.271 2.76e-03   0.0
        pipe_add (VX_pipe_register_3_176) 4.53e-03 2.46e-02    1.028 3.02e-02   0.0
          g_shift_register (VX_shift_register_37_0_2_0_176) 4.53e-03 2.46e-02    1.028 3.02e-02   0.0
        multiplier (mulRecFNToFullRaw_176) 1.24e-02 1.09e-02    3.023 2.63e-02   0.0
          isSigNaN_b (isSigNaNRecFN_353) 5.09e-06 9.26e-06 4.63e-03 1.90e-05   0.0
          recFNToRawFN_b (recFNToRawFN_353) 1.28e-03 2.25e-04    0.129 1.63e-03   0.0
          isSigNaN_a (isSigNaNRecFN_354) 4.23e-06 7.85e-06 4.71e-03 1.68e-05   0.0
          recFNToRawFN_a (recFNToRawFN_354) 4.64e-04 1.76e-04    0.129 7.68e-04   0.0
        g_in_ieee_from_ieee_b (fNToRecFN_1_352) 8.10e-04 5.21e-04    0.314 1.64e-03   0.0
          clz (bsg_counting_leading_zeros_1_352) 1.19e-04 8.92e-05 6.83e-02 2.76e-04   0.0
            lzc (VX_lzc_1_352)         1.19e-04 8.92e-05 6.83e-02 2.76e-04   0.0
              g_lzc_find_first (VX_find_first_10_4_1_352) 5.34e-05 7.03e-05 5.54e-02 1.79e-04   0.0
        g_in_ieee_from_ieee_a (fNToRecFN_1_353) 9.67e-04 4.02e-04    0.313 1.68e-03   0.0
          clz (bsg_counting_leading_zeros_1_353) 9.17e-05 6.85e-05 6.84e-02 2.29e-04   0.0
            lzc (VX_lzc_1_353)         9.17e-05 6.85e-05 6.84e-02 2.29e-04   0.0
              g_lzc_find_first (VX_find_first_10_4_1_353) 3.87e-05 5.30e-05 5.55e-02 1.47e-04   0.0
      g_prod_6__pipe_mult (VX_pipe_register_1_177) 2.17e-03 1.16e-02    0.477 1.42e-02   0.0
        g_shift_register (VX_shift_register_33_0_1_0_177) 2.17e-03 1.16e-02    0.477 1.42e-02   0.0
      g_prod_6__fp16_mul (VX_tcu_bhf_fmul_177) 1.89e-02 4.89e-02    5.425 7.33e-02   0.1
        pipe_rnd (VX_pipe_register_4_338) 1.91e-03 1.15e-02    0.477 1.39e-02   0.0
          g_shift_register (VX_shift_register_38_0_1_0_338) 1.91e-03 1.15e-02    0.477 1.39e-02   0.0
        rounding (roundAnyRawFNToRecFN_178) 8.13e-04 1.10e-03    0.271 2.18e-03   0.0
        pipe_add (VX_pipe_register_3_177) 3.97e-03 2.46e-02    1.028 2.96e-02   0.0
          g_shift_register (VX_shift_register_37_0_2_0_177) 3.97e-03 2.46e-02    1.028 2.96e-02   0.0
        multiplier (mulRecFNToFullRaw_177) 1.08e-02 1.08e-02    3.023 2.46e-02   0.0
          isSigNaN_b (isSigNaNRecFN_355) 5.21e-06 9.05e-06 4.72e-03 1.90e-05   0.0
          recFNToRawFN_b (recFNToRawFN_355) 9.74e-04 2.23e-04    0.129 1.33e-03   0.0
          isSigNaN_a (isSigNaNRecFN_356) 5.16e-06 7.22e-06 4.73e-03 1.71e-05   0.0
          recFNToRawFN_a (recFNToRawFN_356) 4.03e-04 1.68e-04    0.129 7.00e-04   0.0
        g_in_ieee_from_ieee_b (fNToRecFN_1_354) 8.17e-04 5.28e-04    0.313 1.66e-03   0.0
          clz (bsg_counting_leading_zeros_1_354) 1.25e-04 9.12e-05 6.83e-02 2.85e-04   0.0
            lzc (VX_lzc_1_354)         1.25e-04 9.12e-05 6.83e-02 2.85e-04   0.0
              g_lzc_find_first (VX_find_first_10_4_1_354) 5.60e-05 7.15e-05 5.55e-02 1.83e-04   0.0
        g_in_ieee_from_ieee_a (fNToRecFN_1_355) 6.24e-04 4.04e-04    0.313 1.34e-03   0.0
          clz (bsg_counting_leading_zeros_1_355) 9.31e-05 6.96e-05 6.84e-02 2.31e-04   0.0
            lzc (VX_lzc_1_355)         9.31e-05 6.96e-05 6.84e-02 2.31e-04   0.0
              g_lzc_find_first (VX_find_first_10_4_1_355) 4.08e-05 5.41e-05 5.55e-02 1.50e-04   0.0
      g_prod_5__pipe_mult (VX_pipe_register_1_178) 1.99e-03 1.16e-02    0.477 1.40e-02   0.0
        g_shift_register (VX_shift_register_33_0_1_0_178) 1.99e-03 1.16e-02    0.477 1.40e-02   0.0
      g_prod_5__fp16_mul (VX_tcu_bhf_fmul_178) 1.90e-02 4.89e-02    5.409 7.34e-02   0.1
        pipe_rnd (VX_pipe_register_4_339) 1.82e-03 1.15e-02    0.477 1.38e-02   0.0
          g_shift_register (VX_shift_register_38_0_1_0_339) 1.82e-03 1.15e-02    0.477 1.38e-02   0.0
        rounding (roundAnyRawFNToRecFN_179) 8.48e-04 1.10e-03    0.271 2.22e-03   0.0
        pipe_add (VX_pipe_register_3_178) 4.26e-03 2.46e-02    1.028 2.99e-02   0.0
          g_shift_register (VX_shift_register_37_0_2_0_178) 4.26e-03 2.46e-02    1.028 2.99e-02   0.0
        multiplier (mulRecFNToFullRaw_178) 1.08e-02 1.07e-02    3.008 2.45e-02   0.0
          isSigNaN_b (isSigNaNRecFN_357) 5.00e-06 9.10e-06 4.67e-03 1.88e-05   0.0
          recFNToRawFN_b (recFNToRawFN_357) 1.11e-03 2.23e-04    0.129 1.46e-03   0.0
          isSigNaN_a (isSigNaNRecFN_358) 4.19e-06 7.14e-06 4.69e-03 1.60e-05   0.0
          recFNToRawFN_a (recFNToRawFN_358) 3.58e-04 1.66e-04    0.129 6.54e-04   0.0
        g_in_ieee_from_ieee_b (fNToRecFN_1_356) 7.61e-04 5.25e-04    0.313 1.60e-03   0.0
          clz (bsg_counting_leading_zeros_1_356) 1.24e-04 9.05e-05 6.83e-02 2.83e-04   0.0
            lzc (VX_lzc_1_356)         1.24e-04 9.05e-05 6.83e-02 2.83e-04   0.0
              g_lzc_find_first (VX_find_first_10_4_1_356) 5.53e-05 7.12e-05 5.54e-02 1.82e-04   0.0
        g_in_ieee_from_ieee_a (fNToRecFN_1_357) 5.53e-04 3.99e-04    0.311 1.26e-03   0.0
          clz (bsg_counting_leading_zeros_1_357) 9.44e-05 6.92e-05 6.83e-02 2.32e-04   0.0
            lzc (VX_lzc_1_357)         9.44e-05 6.92e-05 6.83e-02 2.32e-04   0.0
              g_lzc_find_first (VX_find_first_10_4_1_357) 4.03e-05 5.38e-05 5.54e-02 1.50e-04   0.0
      g_prod_4__pipe_mult (VX_pipe_register_1_179) 2.80e-03 1.16e-02    0.477 1.49e-02   0.0
        g_shift_register (VX_shift_register_33_0_1_0_179) 2.80e-03 1.16e-02    0.477 1.49e-02   0.0
      g_prod_4__fp16_mul (VX_tcu_bhf_fmul_179) 2.15e-02 4.90e-02    5.411 7.59e-02   0.1
        pipe_rnd (VX_pipe_register_4_340) 2.94e-03 1.16e-02    0.477 1.50e-02   0.0
          g_shift_register (VX_shift_register_38_0_1_0_340) 2.94e-03 1.16e-02    0.477 1.50e-02   0.0
        rounding (roundAnyRawFNToRecFN_180) 1.52e-03 1.11e-03    0.273 2.90e-03   0.0
        pipe_add (VX_pipe_register_3_179) 4.65e-03 2.46e-02    1.028 3.03e-02   0.0
          g_shift_register (VX_shift_register_37_0_2_0_179) 4.65e-03 2.46e-02    1.028 3.03e-02   0.0
        multiplier (mulRecFNToFullRaw_179) 1.10e-02 1.08e-02    3.008 2.48e-02   0.0
          isSigNaN_b (isSigNaNRecFN_359) 5.32e-06 9.32e-06 4.69e-03 1.93e-05   0.0
          recFNToRawFN_b (recFNToRawFN_359) 1.22e-03 2.25e-04    0.129 1.57e-03   0.0
          isSigNaN_a (isSigNaNRecFN_360) 4.89e-06 7.13e-06 4.64e-03 1.67e-05   0.0
          recFNToRawFN_a (recFNToRawFN_360) 3.62e-04 1.68e-04    0.129 6.59e-04   0.0
        g_in_ieee_from_ieee_b (fNToRecFN_1_358) 8.09e-04 5.27e-04    0.313 1.65e-03   0.0
          clz (bsg_counting_leading_zeros_1_358) 1.22e-04 9.09e-05 6.84e-02 2.81e-04   0.0
            lzc (VX_lzc_1_358)         1.22e-04 9.09e-05 6.84e-02 2.81e-04   0.0
              g_lzc_find_first (VX_find_first_10_4_1_358) 5.42e-05 7.16e-05 5.55e-02 1.81e-04   0.0
        g_in_ieee_from_ieee_a (fNToRecFN_1_359) 5.95e-04 3.99e-04    0.312 1.31e-03   0.0
          clz (bsg_counting_leading_zeros_1_359) 9.47e-05 6.84e-05 6.83e-02 2.31e-04   0.0
            lzc (VX_lzc_1_359)         9.47e-05 6.84e-05 6.83e-02 2.31e-04   0.0
              g_lzc_find_first (VX_find_first_10_4_1_359) 4.16e-05 5.32e-05 5.54e-02 1.50e-04   0.0
      g_prod_3__pipe_mult (VX_pipe_register_1_180) 2.25e-03 1.16e-02    0.477 1.43e-02   0.0
        g_shift_register (VX_shift_register_33_0_1_0_180) 2.25e-03 1.16e-02    0.477 1.43e-02   0.0
      g_prod_3__fp16_mul (VX_tcu_bhf_fmul_180) 1.94e-02 4.90e-02    5.412 7.38e-02   0.1
        pipe_rnd (VX_pipe_register_4_341) 2.24e-03 1.16e-02    0.477 1.43e-02   0.0
          g_shift_register (VX_shift_register_38_0_1_0_341) 2.24e-03 1.16e-02    0.477 1.43e-02   0.0
        rounding (roundAnyRawFNToRecFN_181) 1.23e-03 1.11e-03    0.273 2.61e-03   0.0
        pipe_add (VX_pipe_register_3_180) 4.23e-03 2.46e-02    1.028 2.99e-02   0.0
          g_shift_register (VX_shift_register_37_0_2_0_180) 4.23e-03 2.46e-02    1.028 2.99e-02   0.0
        multiplier (mulRecFNToFullRaw_180) 1.05e-02 1.08e-02    3.009 2.43e-02   0.0
          isSigNaN_b (isSigNaNRecFN_361) 6.21e-06 9.15e-06 4.68e-03 2.01e-05   0.0
          recFNToRawFN_b (recFNToRawFN_361) 6.97e-04 2.23e-04    0.129 1.05e-03   0.0
          isSigNaN_a (isSigNaNRecFN_362) 4.52e-06 7.04e-06 4.71e-03 1.63e-05   0.0
          recFNToRawFN_a (recFNToRawFN_362) 3.28e-04 1.65e-04    0.129 6.23e-04   0.0
        g_in_ieee_from_ieee_b (fNToRecFN_1_360) 6.79e-04 5.28e-04    0.313 1.52e-03   0.0
          clz (bsg_counting_leading_zeros_1_360) 1.23e-04 9.15e-05 6.83e-02 2.82e-04   0.0
            lzc (VX_lzc_1_360)         1.23e-04 9.15e-05 6.83e-02 2.82e-04   0.0
              g_lzc_find_first (VX_find_first_10_4_1_360) 5.35e-05 7.19e-05 5.55e-02 1.81e-04   0.0
        g_in_ieee_from_ieee_a (fNToRecFN_1_361) 5.19e-04 3.95e-04    0.312 1.23e-03   0.0
          clz (bsg_counting_leading_zeros_1_361) 9.07e-05 6.74e-05 6.83e-02 2.26e-04   0.0
            lzc (VX_lzc_1_361)         9.07e-05 6.74e-05 6.83e-02 2.26e-04   0.0
              g_lzc_find_first (VX_find_first_10_4_1_361) 3.99e-05 5.23e-05 5.54e-02 1.48e-04   0.0
      g_prod_2__pipe_mult (VX_pipe_register_1_181) 2.45e-03 1.16e-02    0.477 1.45e-02   0.0
        g_shift_register (VX_shift_register_33_0_1_0_181) 2.45e-03 1.16e-02    0.477 1.45e-02   0.0
      g_prod_2__fp16_mul (VX_tcu_bhf_fmul_181) 2.03e-02 4.90e-02    5.410 7.47e-02   0.1
        pipe_rnd (VX_pipe_register_4_342) 2.92e-03 1.16e-02    0.477 1.50e-02   0.0
          g_shift_register (VX_shift_register_38_0_1_0_342) 2.92e-03 1.16e-02    0.477 1.50e-02   0.0
        rounding (roundAnyRawFNToRecFN_182) 1.02e-03 1.11e-03    0.273 2.40e-03   0.0
        pipe_add (VX_pipe_register_3_181) 4.27e-03 2.46e-02    1.028 2.99e-02   0.0
          g_shift_register (VX_shift_register_37_0_2_0_181) 4.27e-03 2.46e-02    1.028 2.99e-02   0.0
        multiplier (mulRecFNToFullRaw_181) 1.09e-02 1.08e-02    3.009 2.47e-02   0.0
          isSigNaN_b (isSigNaNRecFN_363) 4.87e-06 9.04e-06 4.71e-03 1.86e-05   0.0
          recFNToRawFN_b (recFNToRawFN_363) 7.93e-04 2.20e-04    0.129 1.14e-03   0.0
          isSigNaN_a (isSigNaNRecFN_364) 4.40e-06 6.84e-06 4.67e-03 1.59e-05   0.0
          recFNToRawFN_a (recFNToRawFN_364) 3.63e-04 1.67e-04    0.129 6.59e-04   0.0
        g_in_ieee_from_ieee_b (fNToRecFN_1_362) 6.40e-04 5.24e-04    0.312 1.47e-03   0.0
          clz (bsg_counting_leading_zeros_1_362) 1.21e-04 9.16e-05 6.84e-02 2.81e-04   0.0
            lzc (VX_lzc_1_362)         8.42e-05 8.06e-05 6.19e-02 2.27e-04   0.0
              g_lzc_find_first (VX_find_first_10_4_1_362) 5.40e-05 7.21e-05 5.56e-02 1.82e-04   0.0
        g_in_ieee_from_ieee_a (fNToRecFN_1_363) 5.82e-04 4.01e-04    0.312 1.29e-03   0.0
          clz (bsg_counting_leading_zeros_1_363) 9.50e-05 6.87e-05 6.82e-02 2.32e-04   0.0
            lzc (VX_lzc_1_363)         9.50e-05 6.87e-05 6.82e-02 2.32e-04   0.0
              g_lzc_find_first (VX_find_first_10_4_1_363) 4.17e-05 5.33e-05 5.54e-02 1.50e-04   0.0
      g_prod_1__pipe_mult (VX_pipe_register_1_182) 2.10e-03 1.16e-02    0.477 1.41e-02   0.0
        g_shift_register (VX_shift_register_33_0_1_0_182) 2.10e-03 1.16e-02    0.477 1.41e-02   0.0
      g_prod_1__fp16_mul (VX_tcu_bhf_fmul_182) 1.82e-02 4.89e-02    5.410 7.25e-02   0.1
        pipe_rnd (VX_pipe_register_4_343) 1.83e-03 1.16e-02    0.477 1.39e-02   0.0
          g_shift_register (VX_shift_register_38_0_1_0_343) 1.83e-03 1.16e-02    0.477 1.39e-02   0.0
        rounding (roundAnyRawFNToRecFN_183) 7.82e-04 1.11e-03    0.272 2.16e-03   0.0
        pipe_add (VX_pipe_register_3_182) 3.93e-03 2.46e-02    1.028 2.95e-02   0.0
          g_shift_register (VX_shift_register_37_0_2_0_182) 3.93e-03 2.46e-02    1.028 2.95e-02   0.0
        multiplier (mulRecFNToFullRaw_182) 1.04e-02 1.08e-02    3.009 2.42e-02   0.0
          isSigNaN_b (isSigNaNRecFN_365) 5.82e-06 8.91e-06 4.72e-03 1.94e-05   0.0
          recFNToRawFN_b (recFNToRawFN_365) 9.67e-04 2.22e-04    0.129 1.32e-03   0.0
          isSigNaN_a (isSigNaNRecFN_366) 3.88e-06 6.94e-06 4.65e-03 1.55e-05   0.0
          recFNToRawFN_a (recFNToRawFN_366) 3.33e-04 1.67e-04    0.129 6.29e-04   0.0
        g_in_ieee_from_ieee_b (fNToRecFN_1_364) 7.19e-04 5.28e-04    0.313 1.56e-03   0.0
          clz (bsg_counting_leading_zeros_1_364) 1.18e-04 9.12e-05 6.84e-02 2.78e-04   0.0
            lzc (VX_lzc_1_364)         1.18e-04 9.12e-05 6.84e-02 2.78e-04   0.0
              g_lzc_find_first (VX_find_first_10_4_1_364) 5.35e-05 7.20e-05 5.55e-02 1.81e-04   0.0
        g_in_ieee_from_ieee_a (fNToRecFN_1_365) 5.13e-04 4.00e-04    0.311 1.22e-03   0.0
          clz (bsg_counting_leading_zeros_1_365) 9.42e-05 6.93e-05 6.83e-02 2.32e-04   0.0
            lzc (VX_lzc_1_365)         9.42e-05 6.93e-05 6.83e-02 2.32e-04   0.0
              g_lzc_find_first (VX_find_first_10_4_1_365) 4.08e-05 5.39e-05 5.55e-02 1.50e-04   0.0
      g_prod_0__pipe_mult (VX_pipe_register_1_183) 2.22e-03 1.16e-02    0.477 1.43e-02   0.0
        g_shift_register (VX_shift_register_33_0_1_0_183) 2.22e-03 1.16e-02    0.477 1.43e-02   0.0
      g_prod_0__fp16_mul (VX_tcu_bhf_fmul_183) 1.96e-02 4.89e-02    5.425 7.39e-02   0.1
        pipe_rnd (VX_pipe_register_4_344) 1.91e-03 1.16e-02    0.477 1.39e-02   0.0
          g_shift_register (VX_shift_register_38_0_1_0_344) 1.91e-03 1.16e-02    0.477 1.39e-02   0.0
        rounding (roundAnyRawFNToRecFN_184) 1.53e-03 1.11e-03    0.271 2.92e-03   0.0
        pipe_add (VX_pipe_register_3_183) 3.98e-03 2.46e-02    1.028 2.96e-02   0.0
          g_shift_register (VX_shift_register_37_0_2_0_183) 3.98e-03 2.46e-02    1.028 2.96e-02   0.0
        multiplier (mulRecFNToFullRaw_183) 1.08e-02 1.08e-02    3.023 2.46e-02   0.0
          isSigNaN_b (isSigNaNRecFN_367) 4.33e-06 8.86e-06 4.72e-03 1.79e-05   0.0
          recFNToRawFN_b (recFNToRawFN_367) 9.87e-04 2.21e-04    0.129 1.34e-03   0.0
          isSigNaN_a (isSigNaNRecFN_368) 4.15e-06 7.00e-06 4.66e-03 1.58e-05   0.0
          recFNToRawFN_a (recFNToRawFN_368) 3.24e-04 1.67e-04    0.129 6.21e-04   0.0
        g_in_ieee_from_ieee_b (fNToRecFN_1_366) 7.84e-04 5.26e-04    0.313 1.62e-03   0.0
          clz (bsg_counting_leading_zeros_1_366) 1.21e-04 9.04e-05 6.85e-02 2.80e-04   0.0
            lzc (VX_lzc_1_366)         1.21e-04 9.04e-05 6.85e-02 2.80e-04   0.0
              g_lzc_find_first (VX_find_first_10_4_1_366) 5.39e-05 7.11e-05 5.56e-02 1.81e-04   0.0
        g_in_ieee_from_ieee_a (fNToRecFN_1_367) 5.21e-04 4.03e-04    0.313 1.24e-03   0.0
          clz (bsg_counting_leading_zeros_1_367) 9.49e-05 6.97e-05 6.84e-02 2.33e-04   0.0
            lzc (VX_lzc_1_367)         9.49e-05 6.97e-05 6.84e-02 2.33e-04   0.0
              g_lzc_find_first (VX_find_first_10_4_1_367) 4.20e-05 5.39e-05 5.55e-02 1.51e-04   0.0
    g_i_2__g_j_1__genblk1_u_buffer_ex (VX_pipe_register_28) 1.61e-02 9.43e-02    4.324    0.115   0.2
      g_shift_register (VX_shift_register_582_0_1_0_22) 1.61e-02 9.43e-02    4.324    0.115   0.2
    g_i_2__g_j_0__fedp (VX_tcu_fedp_bhf_23)    0.669    1.219  116.806    2.005   2.8
      final_add (VX_tcu_bhf_fadd_1_23) 4.98e-02 6.73e-02    8.531    0.126   0.2
        pipe_rnd (VX_pipe_register_6_23) 4.04e-03 1.15e-02    0.490 1.61e-02   0.0
          g_shift_register (VX_shift_register_37_0_1_0_23) 4.04e-03 1.15e-02    0.490 1.61e-02   0.0
        g_out_ieee_to_ieee (recFNToFN_23) 5.58e-03 3.01e-03    0.798 9.39e-03   0.0
          recFNToRawFN (recFNToRawFN_1_391) 1.45e-03 8.11e-04    0.232 2.50e-03   0.0
        rounding (roundAnyRawFNToRecFN_1_184) 8.04e-03 2.99e-03    1.221 1.23e-02   0.0
          genblk2_genblk1_lowMask_roundMask (lowMaskLoHi_184) 2.44e-04 1.40e-04    0.302 6.86e-04   0.0
            reverse (reverse_2_184)    6.86e-06 2.82e-06    0.154 1.63e-04   0.0
        pipe_add (VX_pipe_register_5_184) 6.63e-03 3.05e-02    1.265 3.84e-02   0.1
          g_shift_register (VX_shift_register_45_0_2_0_184) 6.63e-03 3.05e-02    1.265 3.84e-02   0.1
        adder (addRecFNToRaw_184)      2.55e-02 1.92e-02    4.758 4.95e-02   0.1
          lowMask_far_roundExtraMask (lowMaskHiLo_184) 4.22e-05 8.10e-05 8.05e-02 2.04e-04   0.0
            reverse (reverse_1_184)    2.08e-05 3.81e-05 5.04e-02 1.09e-04   0.0
          compressBy4_far_sigSmaller (compressBy4_184) 7.18e-05 1.83e-04 4.51e-02 3.00e-04   0.0
          countLeadingZeros_close (countLeadingZeros_184) 5.33e-04 4.60e-04    0.163 1.16e-03   0.0
            reverse_in (reverse_186)   2.59e-04 3.15e-04 9.01e-02 6.64e-04   0.0
          compressBy2_close_sigSum (compressBy2_184) 1.57e-04 3.40e-04 6.59e-02 5.63e-04   0.0
          isSigNaN_b (isSigNaNRecFN_1_368) 3.66e-06 5.31e-06 4.52e-03 1.35e-05   0.0
          recFNToRawFN_b (recFNToRawFN_1_392) 6.36e-04 2.76e-04    0.236 1.15e-03   0.0
          isSigNaN_a (isSigNaNRecFN_1_369) 1.00e-05 1.30e-05 4.73e-03 2.78e-05   0.0
          recFNToRawFN_a (recFNToRawFN_1_393) 1.71e-03 8.15e-04    0.232 2.75e-03   0.0
      pipe_c (VX_pipe_register_2_23)   1.90e-02    0.139    6.433    0.164   0.2
        g_shift_register (VX_shift_register_33_0_13_0_23) 1.90e-02    0.139    6.433    0.164   0.2
      conv_c (fNToRecFN_24)            2.33e-03 9.47e-04    0.789 4.07e-03   0.0
        clz (bsg_counting_leading_zeros_24) 1.31e-04 1.13e-04    0.121 3.66e-04   0.0
          lzc (VX_lzc_24)              1.31e-04 1.13e-04    0.121 3.66e-04   0.0
            g_lzc_find_first (VX_find_first_23_5_1_23) 1.17e-04 1.10e-04    0.109 3.36e-04   0.0
      g_red_tree_2__g_add_0__reduce_add (VX_tcu_bhf_fadd_162) 5.19e-02 7.59e-02    7.732    0.136   0.2
        pipe_rnd (VX_pipe_register_4_345) 2.52e-03 1.26e-02    0.504 1.56e-02   0.0
          g_shift_register (VX_shift_register_38_0_1_0_345) 2.52e-03 1.26e-02    0.504 1.56e-02   0.0
        rounding (roundAnyRawFNToRecFN_1_185) 5.90e-03 3.67e-03    1.202 1.08e-02   0.0
          genblk2_genblk1_lowMask_roundMask (lowMaskLoHi_185) 2.56e-04 1.44e-04    0.301 7.02e-04   0.0
            reverse (reverse_2_185)    1.51e-05 5.43e-06    0.154 1.74e-04   0.0
        pipe_add (VX_pipe_register_5_185) 7.73e-03 3.16e-02    1.265 4.06e-02   0.1
          g_shift_register (VX_shift_register_45_0_2_0_185) 7.73e-03 3.16e-02    1.265 4.06e-02   0.1
        adder (addRecFNToRaw_185)      3.57e-02 2.81e-02    4.762 6.85e-02   0.1
          lowMask_far_roundExtraMask (lowMaskHiLo_185) 1.66e-04 2.99e-04 8.09e-02 5.46e-04   0.0
            reverse (reverse_1_185)    7.26e-05 1.46e-04 4.72e-02 2.66e-04   0.0
          compressBy4_far_sigSmaller (compressBy4_185) 9.70e-05 3.65e-04 4.78e-02 5.10e-04   0.0
          countLeadingZeros_close (countLeadingZeros_185) 5.96e-04 5.32e-04    0.163 1.29e-03   0.0
            reverse_in (reverse_187)   3.17e-04 3.70e-04 8.96e-02 7.76e-04   0.0
          compressBy2_close_sigSum (compressBy2_185) 2.47e-04 4.01e-04 6.61e-02 7.13e-04   0.0
          isSigNaN_b (isSigNaNRecFN_1_370) 5.97e-06 8.82e-06 4.16e-03 1.90e-05   0.0
          recFNToRawFN_b (recFNToRawFN_1_394) 2.38e-03 9.08e-04    0.233 3.52e-03   0.0
          isSigNaN_a (isSigNaNRecFN_1_371) 4.42e-06 8.58e-06 4.16e-03 1.72e-05   0.0
          recFNToRawFN_a (recFNToRawFN_1_395) 1.43e-03 9.00e-04    0.233 2.56e-03   0.0
      g_red_tree_1__g_add_1__reduce_add (VX_tcu_bhf_fadd_163) 5.70e-02 7.67e-02    7.761    0.142   0.2
        pipe_rnd (VX_pipe_register_4_346) 2.59e-03 1.29e-02    0.505 1.60e-02   0.0
          g_shift_register (VX_shift_register_38_0_1_0_346) 2.59e-03 1.29e-02    0.505 1.60e-02   0.0
        rounding (roundAnyRawFNToRecFN_1_186) 6.09e-03 3.86e-03    1.215 1.12e-02   0.0
          genblk2_genblk1_lowMask_roundMask (lowMaskLoHi_186) 2.58e-04 1.50e-04    0.303 7.10e-04   0.0
            reverse (reverse_2_186)    1.36e-05 5.42e-06    0.153 1.72e-04   0.0
        pipe_add (VX_pipe_register_5_186) 8.32e-03 3.18e-02    1.266 4.13e-02   0.1
          g_shift_register (VX_shift_register_45_0_2_0_186) 8.32e-03 3.18e-02    1.266 4.13e-02   0.1
        adder (addRecFNToRaw_186)      4.00e-02 2.83e-02    4.769 7.30e-02   0.1
          lowMask_far_roundExtraMask (lowMaskHiLo_186) 1.96e-04 2.76e-04 8.07e-02 5.53e-04   0.0
            reverse (reverse_1_186)    9.94e-05 1.33e-04 4.69e-02 2.79e-04   0.0
          compressBy4_far_sigSmaller (compressBy4_186) 5.78e-05 3.43e-04 4.62e-02 4.47e-04   0.0
          countLeadingZeros_close (countLeadingZeros_186) 5.76e-04 5.23e-04    0.163 1.26e-03   0.0
            reverse_in (reverse_188)   3.00e-04 3.65e-04 8.98e-02 7.55e-04   0.0
          compressBy2_close_sigSum (compressBy2_186) 2.09e-04 3.95e-04 6.62e-02 6.70e-04   0.0
          isSigNaN_b (isSigNaNRecFN_1_372) 6.40e-06 9.61e-06 4.38e-03 2.04e-05   0.0
          recFNToRawFN_b (recFNToRawFN_1_396) 2.24e-03 9.34e-04    0.234 3.41e-03   0.0
          isSigNaN_a (isSigNaNRecFN_1_373) 5.81e-06 9.42e-06 4.38e-03 1.96e-05   0.0
          recFNToRawFN_a (recFNToRawFN_1_397) 4.32e-03 1.03e-03    0.234 5.59e-03   0.0
      g_red_tree_1__g_add_0__reduce_add (VX_tcu_bhf_fadd_164) 5.34e-02 7.66e-02    7.769    0.138   0.2
        pipe_rnd (VX_pipe_register_4_347) 2.49e-03 1.29e-02    0.505 1.59e-02   0.0
          g_shift_register (VX_shift_register_38_0_1_0_347) 2.49e-03 1.29e-02    0.505 1.59e-02   0.0
        rounding (roundAnyRawFNToRecFN_1_187) 5.99e-03 3.85e-03    1.218 1.11e-02   0.0
          genblk2_genblk1_lowMask_roundMask (lowMaskLoHi_187) 2.58e-04 1.50e-04    0.302 7.10e-04   0.0
            reverse (reverse_2_187)    1.41e-05 5.42e-06    0.153 1.73e-04   0.0
        pipe_add (VX_pipe_register_5_187) 8.15e-03 3.17e-02    1.265 4.12e-02   0.1
          g_shift_register (VX_shift_register_45_0_2_0_187) 8.15e-03 3.17e-02    1.265 4.12e-02   0.1
        adder (addRecFNToRaw_187)      3.67e-02 2.81e-02    4.780 6.97e-02   0.1
          lowMask_far_roundExtraMask (lowMaskHiLo_187) 1.54e-04 2.69e-04 8.07e-02 5.04e-04   0.0
            reverse (reverse_1_187)    6.30e-05 1.29e-04 4.69e-02 2.39e-04   0.0
          compressBy4_far_sigSmaller (compressBy4_187) 6.84e-05 3.42e-04 4.62e-02 4.57e-04   0.0
          countLeadingZeros_close (countLeadingZeros_187) 5.85e-04 5.22e-04    0.163 1.27e-03   0.0
            reverse_in (reverse_189)   3.06e-04 3.65e-04 8.98e-02 7.61e-04   0.0
          compressBy2_close_sigSum (compressBy2_187) 2.11e-04 3.95e-04 6.62e-02 6.72e-04   0.0
          isSigNaN_b (isSigNaNRecFN_1_374) 5.98e-06 9.28e-06 4.37e-03 1.96e-05   0.0
          recFNToRawFN_b (recFNToRawFN_1_398) 3.23e-03 9.27e-04    0.234 4.39e-03   0.0
          isSigNaN_a (isSigNaNRecFN_1_375) 4.54e-06 9.65e-06 4.36e-03 1.85e-05   0.0
          recFNToRawFN_a (recFNToRawFN_1_399) 1.30e-03 9.22e-04    0.234 2.46e-03   0.0
      g_red_tree_0__g_add_3__reduce_add (VX_tcu_bhf_fadd_165) 4.68e-02 7.42e-02    7.588    0.129   0.2
        pipe_rnd (VX_pipe_register_4_348) 2.33e-03 1.29e-02    0.505 1.58e-02   0.0
          g_shift_register (VX_shift_register_38_0_1_0_348) 2.33e-03 1.29e-02    0.505 1.58e-02   0.0
        rounding (roundAnyRawFNToRecFN_1_188) 5.43e-03 3.83e-03    1.231 1.05e-02   0.0
          genblk2_genblk1_lowMask_roundMask (lowMaskLoHi_188) 2.60e-04 1.56e-04    0.304 7.20e-04   0.0
            reverse (reverse_2_188)    1.47e-05 5.43e-06    0.153 1.73e-04   0.0
        pipe_add (VX_pipe_register_5_188) 7.54e-03 3.22e-02    1.268 4.10e-02   0.1
          g_shift_register (VX_shift_register_45_0_2_0_188) 7.54e-03 3.22e-02    1.268 4.10e-02   0.1
        adder (addRecFNToRaw_188)      3.15e-02 2.53e-02    4.583 6.13e-02   0.1
          lowMask_far_roundExtraMask (lowMaskHiLo_188) 1.23e-04 2.27e-04 6.92e-02 4.20e-04   0.0
            reverse (reverse_1_188)    6.47e-05 1.10e-04 3.99e-02 2.15e-04   0.0
          compressBy4_far_sigSmaller (compressBy4_188) 4.90e-05 2.47e-04 4.08e-02 3.36e-04   0.0
          countLeadingZeros_close (countLeadingZeros_188) 5.88e-04 5.04e-04    0.156 1.25e-03   0.0
            reverse_in (reverse_190)   3.25e-04 3.05e-04 8.26e-02 7.12e-04   0.0
          compressBy2_close_sigSum (compressBy2_188) 1.50e-04 3.28e-04 6.15e-02 5.39e-04   0.0
          isSigNaN_b (isSigNaNRecFN_1_376) 8.92e-06 1.13e-05 4.87e-03 2.51e-05   0.0
          recFNToRawFN_b (recFNToRawFN_1_400) 2.30e-03 7.56e-04    0.221 3.27e-03   0.0
          isSigNaN_a (isSigNaNRecFN_1_377) 6.24e-06 1.13e-05 4.86e-03 2.24e-05   0.0
          recFNToRawFN_a (recFNToRawFN_1_401) 1.66e-03 7.54e-04    0.221 2.64e-03   0.0
      g_red_tree_0__g_add_2__reduce_add (VX_tcu_bhf_fadd_166) 7.36e-02 7.45e-02    7.677    0.156   0.2
        pipe_rnd (VX_pipe_register_4_349) 1.30e-02 1.31e-02    0.525 2.66e-02   0.0
          g_shift_register (VX_shift_register_38_0_1_0_349) 1.30e-02 1.31e-02    0.525 2.66e-02   0.0
        rounding (roundAnyRawFNToRecFN_1_189) 1.66e-02 4.02e-03    1.289 2.19e-02   0.0
          genblk2_genblk1_lowMask_roundMask (lowMaskLoHi_189) 2.52e-04 1.52e-04    0.303 7.07e-04   0.0
            reverse (reverse_2_189)    1.30e-05 5.41e-06    0.153 1.72e-04   0.0
        pipe_add (VX_pipe_register_5_189) 1.24e-02 3.22e-02    1.268 4.59e-02   0.1
          g_shift_register (VX_shift_register_45_0_2_0_189) 1.24e-02 3.22e-02    1.268 4.59e-02   0.1
        adder (addRecFNToRaw_189)      3.16e-02 2.52e-02    4.587 6.14e-02   0.1
          lowMask_far_roundExtraMask (lowMaskHiLo_189) 1.10e-04 2.25e-04 6.92e-02 4.04e-04   0.0
            reverse (reverse_1_189)    5.40e-05 1.08e-04 3.99e-02 2.02e-04   0.0
          compressBy4_far_sigSmaller (compressBy4_189) 7.54e-05 2.46e-04 4.07e-02 3.62e-04   0.0
          countLeadingZeros_close (countLeadingZeros_189) 5.48e-04 5.01e-04    0.156 1.21e-03   0.0
            reverse_in (reverse_191)   2.88e-04 3.04e-04 8.27e-02 6.74e-04   0.0
          compressBy2_close_sigSum (compressBy2_189) 1.53e-04 3.28e-04 6.15e-02 5.43e-04   0.0
          isSigNaN_b (isSigNaNRecFN_1_378) 7.80e-06 1.09e-05 4.84e-03 2.35e-05   0.0
          recFNToRawFN_b (recFNToRawFN_1_402) 2.33e-03 7.64e-04    0.221 3.32e-03   0.0
          isSigNaN_a (isSigNaNRecFN_1_379) 8.19e-06 1.11e-05 4.87e-03 2.41e-05   0.0
          recFNToRawFN_a (recFNToRawFN_1_403) 1.86e-03 7.52e-04    0.221 2.83e-03   0.0
      g_red_tree_0__g_add_1__reduce_add (VX_tcu_bhf_fadd_167) 6.58e-02 7.45e-02    7.660    0.148   0.2
        pipe_rnd (VX_pipe_register_4_350) 4.57e-03 1.30e-02    0.505 1.81e-02   0.0
          g_shift_register (VX_shift_register_38_0_1_0_350) 4.57e-03 1.30e-02    0.505 1.81e-02   0.0
        rounding (roundAnyRawFNToRecFN_1_190) 1.22e-02 4.01e-03    1.291 1.75e-02   0.0
          genblk2_genblk1_lowMask_roundMask (lowMaskLoHi_190) 2.39e-04 1.53e-04    0.304 6.96e-04   0.0
            reverse (reverse_2_190)    1.33e-05 5.41e-06    0.153 1.72e-04   0.0
        pipe_add (VX_pipe_register_5_190) 1.66e-02 3.23e-02    1.268 5.01e-02   0.1
          g_shift_register (VX_shift_register_45_0_2_0_190) 1.66e-02 3.23e-02    1.268 5.01e-02   0.1
        adder (addRecFNToRaw_190)      3.25e-02 2.52e-02    4.596 6.23e-02   0.1
          lowMask_far_roundExtraMask (lowMaskHiLo_190) 1.27e-04 2.24e-04 6.92e-02 4.20e-04   0.0
            reverse (reverse_1_190)    5.82e-05 1.08e-04 3.99e-02 2.06e-04   0.0
          compressBy4_far_sigSmaller (compressBy4_190) 3.98e-05 2.44e-04 4.06e-02 3.25e-04   0.0
          countLeadingZeros_close (countLeadingZeros_190) 5.49e-04 5.03e-04    0.157 1.21e-03   0.0
            reverse_in (reverse_192)   2.90e-04 3.04e-04 8.27e-02 6.76e-04   0.0
          compressBy2_close_sigSum (compressBy2_190) 1.47e-04 3.28e-04 6.14e-02 5.36e-04   0.0
          isSigNaN_b (isSigNaNRecFN_1_380) 6.06e-06 1.12e-05 4.84e-03 2.21e-05   0.0
          recFNToRawFN_b (recFNToRawFN_1_404) 2.50e-03 7.55e-04    0.221 3.47e-03   0.0
          isSigNaN_a (isSigNaNRecFN_1_381) 1.11e-05 1.13e-05 4.86e-03 2.72e-05   0.0
          recFNToRawFN_a (recFNToRawFN_1_405) 1.89e-03 7.54e-04    0.222 2.86e-03   0.0
      g_red_tree_0__g_add_0__reduce_add (VX_tcu_bhf_fadd_168) 4.67e-02 7.42e-02    7.579    0.128   0.2
        pipe_rnd (VX_pipe_register_4_351) 2.57e-03 1.29e-02    0.506 1.60e-02   0.0
          g_shift_register (VX_shift_register_38_0_1_0_351) 2.57e-03 1.29e-02    0.506 1.60e-02   0.0
        rounding (roundAnyRawFNToRecFN_1_191) 5.39e-03 3.82e-03    1.228 1.04e-02   0.0
          genblk2_genblk1_lowMask_roundMask (lowMaskLoHi_191) 2.52e-04 1.53e-04    0.303 7.08e-04   0.0
            reverse (reverse_2_191)    1.42e-05 5.43e-06    0.153 1.73e-04   0.0
        pipe_add (VX_pipe_register_5_191) 7.50e-03 3.22e-02    1.268 4.10e-02   0.1
          g_shift_register (VX_shift_register_45_0_2_0_191) 7.50e-03 3.22e-02    1.268 4.10e-02   0.1
        adder (addRecFNToRaw_191)      3.12e-02 2.52e-02    4.577 6.11e-02   0.1
          lowMask_far_roundExtraMask (lowMaskHiLo_191) 1.04e-04 2.22e-04 6.92e-02 3.95e-04   0.0
            reverse (reverse_1_191)    4.43e-05 1.07e-04 3.98e-02 1.91e-04   0.0
          compressBy4_far_sigSmaller (compressBy4_191) 3.36e-05 2.46e-04 4.07e-02 3.20e-04   0.0
          countLeadingZeros_close (countLeadingZeros_191) 5.45e-04 5.03e-04    0.157 1.20e-03   0.0
            reverse_in (reverse_193)   2.81e-04 3.03e-04 8.26e-02 6.67e-04   0.0
          compressBy2_close_sigSum (compressBy2_191) 1.82e-04 3.28e-04 6.15e-02 5.72e-04   0.0
          isSigNaN_b (isSigNaNRecFN_1_382) 7.19e-06 1.10e-05 4.87e-03 2.31e-05   0.0
          recFNToRawFN_b (recFNToRawFN_1_406) 1.99e-03 7.61e-04    0.221 2.97e-03   0.0
          isSigNaN_a (isSigNaNRecFN_1_383) 1.02e-05 1.09e-05 4.84e-03 2.60e-05   0.0
          recFNToRawFN_a (recFNToRawFN_1_407) 1.73e-03 7.51e-04    0.221 2.71e-03   0.0
      g_prod_7__pipe_mult (VX_pipe_register_1_184) 2.36e-03 1.16e-02    0.477 1.44e-02   0.0
        g_shift_register (VX_shift_register_33_0_1_0_184) 2.36e-03 1.16e-02    0.477 1.44e-02   0.0
      g_prod_7__fp16_mul (VX_tcu_bhf_fmul_184) 2.51e-02 4.90e-02    5.423 7.96e-02   0.1
        pipe_rnd (VX_pipe_register_4_352) 3.18e-03 1.16e-02    0.477 1.52e-02   0.0
          g_shift_register (VX_shift_register_38_0_1_0_352) 3.18e-03 1.16e-02    0.477 1.52e-02   0.0
        rounding (roundAnyRawFNToRecFN_185) 3.48e-03 1.12e-03    0.274 4.88e-03   0.0
        pipe_add (VX_pipe_register_3_184) 5.16e-03 2.46e-02    1.028 3.08e-02   0.0
          g_shift_register (VX_shift_register_37_0_2_0_184) 5.16e-03 2.46e-02    1.028 3.08e-02   0.0
        multiplier (mulRecFNToFullRaw_184) 1.20e-02 1.08e-02    3.017 2.58e-02   0.0
          isSigNaN_b (isSigNaNRecFN_369) 5.22e-06 9.23e-06 4.72e-03 1.92e-05   0.0
          recFNToRawFN_b (recFNToRawFN_369) 1.00e-03 2.23e-04    0.129 1.36e-03   0.0
          isSigNaN_a (isSigNaNRecFN_370) 4.87e-06 7.31e-06 4.71e-03 1.69e-05   0.0
          recFNToRawFN_a (recFNToRawFN_370) 3.47e-04 1.67e-04    0.129 6.43e-04   0.0
        g_in_ieee_from_ieee_b (fNToRecFN_1_368) 7.82e-04 5.27e-04    0.313 1.62e-03   0.0
          clz (bsg_counting_leading_zeros_1_368) 1.21e-04 9.05e-05 6.84e-02 2.80e-04   0.0
            lzc (VX_lzc_1_368)         1.21e-04 9.05e-05 6.84e-02 2.80e-04   0.0
              g_lzc_find_first (VX_find_first_10_4_1_368) 5.43e-05 7.08e-05 5.55e-02 1.81e-04   0.0
        g_in_ieee_from_ieee_a (fNToRecFN_1_369) 5.39e-04 4.01e-04    0.313 1.25e-03   0.0
          clz (bsg_counting_leading_zeros_1_369) 9.34e-05 6.86e-05 6.84e-02 2.30e-04   0.0
            lzc (VX_lzc_1_369)         9.34e-05 6.86e-05 6.84e-02 2.30e-04   0.0
              g_lzc_find_first (VX_find_first_10_4_1_369) 3.99e-05 5.31e-05 5.55e-02 1.48e-04   0.0
      g_prod_6__pipe_mult (VX_pipe_register_1_185) 2.35e-03 1.16e-02    0.477 1.44e-02   0.0
        g_shift_register (VX_shift_register_33_0_1_0_185) 2.35e-03 1.16e-02    0.477 1.44e-02   0.0
      g_prod_6__fp16_mul (VX_tcu_bhf_fmul_185) 2.13e-02 4.90e-02    5.454 7.58e-02   0.1
        pipe_rnd (VX_pipe_register_4_353) 2.19e-03 1.16e-02    0.477 1.42e-02   0.0
          g_shift_register (VX_shift_register_38_0_1_0_353) 2.19e-03 1.16e-02    0.477 1.42e-02   0.0
        rounding (roundAnyRawFNToRecFN_186) 9.80e-04 1.10e-03    0.271 2.35e-03   0.0
        pipe_add (VX_pipe_register_3_185) 4.12e-03 2.46e-02    1.028 2.97e-02   0.0
          g_shift_register (VX_shift_register_37_0_2_0_185) 4.12e-03 2.46e-02    1.028 2.97e-02   0.0
        multiplier (mulRecFNToFullRaw_185) 1.23e-02 1.08e-02    3.051 2.61e-02   0.0
          isSigNaN_b (isSigNaNRecFN_371) 4.58e-06 9.77e-06 4.69e-03 1.90e-05   0.0
          recFNToRawFN_b (recFNToRawFN_371) 1.41e-03 2.29e-04    0.129 1.77e-03   0.0
          isSigNaN_a (isSigNaNRecFN_372) 4.02e-06 7.70e-06 4.72e-03 1.64e-05   0.0
          recFNToRawFN_a (recFNToRawFN_372) 4.39e-04 1.74e-04    0.129 7.42e-04   0.0
        g_in_ieee_from_ieee_b (fNToRecFN_1_370) 9.12e-04 5.30e-04    0.313 1.76e-03   0.0
          clz (bsg_counting_leading_zeros_1_370) 1.20e-04 9.18e-05 6.85e-02 2.80e-04   0.0
            lzc (VX_lzc_1_370)         1.20e-04 9.18e-05 6.85e-02 2.80e-04   0.0
              g_lzc_find_first (VX_find_first_10_4_1_370) 5.41e-05 7.22e-05 5.56e-02 1.82e-04   0.0
        g_in_ieee_from_ieee_a (fNToRecFN_1_371) 8.71e-04 4.03e-04    0.313 1.59e-03   0.0
          clz (bsg_counting_leading_zeros_1_371) 9.40e-05 6.88e-05 6.84e-02 2.31e-04   0.0
            lzc (VX_lzc_1_371)         9.40e-05 6.88e-05 6.84e-02 2.31e-04   0.0
              g_lzc_find_first (VX_find_first_10_4_1_371) 4.08e-05 5.32e-05 5.55e-02 1.50e-04   0.0
      g_prod_5__pipe_mult (VX_pipe_register_1_186) 2.05e-03 1.16e-02    0.477 1.41e-02   0.0
        g_shift_register (VX_shift_register_33_0_1_0_186) 2.05e-03 1.16e-02    0.477 1.41e-02   0.0
      g_prod_5__fp16_mul (VX_tcu_bhf_fmul_186) 2.17e-02 4.90e-02    5.427 7.62e-02   0.1
        pipe_rnd (VX_pipe_register_4_354) 2.56e-03 1.16e-02    0.477 1.46e-02   0.0
          g_shift_register (VX_shift_register_38_0_1_0_354) 2.56e-03 1.16e-02    0.477 1.46e-02   0.0
        rounding (roundAnyRawFNToRecFN_187) 8.72e-04 1.10e-03    0.273 2.25e-03   0.0
        pipe_add (VX_pipe_register_3_186) 4.66e-03 2.46e-02    1.028 3.03e-02   0.0
          g_shift_register (VX_shift_register_37_0_2_0_186) 4.66e-03 2.46e-02    1.028 3.03e-02   0.0
        multiplier (mulRecFNToFullRaw_186) 1.20e-02 1.08e-02    3.022 2.59e-02   0.0
          isSigNaN_b (isSigNaNRecFN_373) 9.76e-06 9.70e-06 4.68e-03 2.41e-05   0.0
          recFNToRawFN_b (recFNToRawFN_373) 1.35e-03 2.27e-04    0.129 1.71e-03   0.0
          isSigNaN_a (isSigNaNRecFN_374) 5.09e-06 7.14e-06 4.68e-03 1.69e-05   0.0
          recFNToRawFN_a (recFNToRawFN_374) 3.52e-04 1.67e-04    0.129 6.48e-04   0.0
        g_in_ieee_from_ieee_b (fNToRecFN_1_372) 1.01e-03 5.20e-04    0.313 1.85e-03   0.0
          clz (bsg_counting_leading_zeros_1_372) 1.21e-04 8.88e-05 6.83e-02 2.78e-04   0.0
            lzc (VX_lzc_1_372)         8.51e-05 7.83e-05 6.18e-02 2.25e-04   0.0
              g_lzc_find_first (VX_find_first_10_4_1_372) 5.67e-05 7.01e-05 5.54e-02 1.82e-04   0.0
        g_in_ieee_from_ieee_a (fNToRecFN_1_373) 5.85e-04 4.01e-04    0.313 1.30e-03   0.0
          clz (bsg_counting_leading_zeros_1_373) 9.36e-05 6.89e-05 6.83e-02 2.31e-04   0.0
            lzc (VX_lzc_1_373)         9.36e-05 6.89e-05 6.83e-02 2.31e-04   0.0
              g_lzc_find_first (VX_find_first_10_4_1_373) 4.09e-05 5.35e-05 5.54e-02 1.50e-04   0.0
      g_prod_4__pipe_mult (VX_pipe_register_1_187) 3.21e-03 1.16e-02    0.477 1.53e-02   0.0
        g_shift_register (VX_shift_register_33_0_1_0_187) 3.21e-03 1.16e-02    0.477 1.53e-02   0.0
      g_prod_4__fp16_mul (VX_tcu_bhf_fmul_187) 2.71e-02 4.90e-02    5.428 8.16e-02   0.1
        pipe_rnd (VX_pipe_register_4_355) 6.67e-03 1.16e-02    0.477 1.87e-02   0.0
          g_shift_register (VX_shift_register_38_0_1_0_355) 6.67e-03 1.16e-02    0.477 1.87e-02   0.0
        rounding (roundAnyRawFNToRecFN_188) 1.45e-03 1.11e-03    0.272 2.83e-03   0.0
        pipe_add (VX_pipe_register_3_187) 4.09e-03 2.46e-02    1.028 2.97e-02   0.0
          g_shift_register (VX_shift_register_37_0_2_0_187) 4.09e-03 2.46e-02    1.028 2.97e-02   0.0
        multiplier (mulRecFNToFullRaw_187) 1.33e-02 1.08e-02    3.024 2.71e-02   0.0
          isSigNaN_b (isSigNaNRecFN_375) 7.16e-06 9.42e-06 4.67e-03 2.13e-05   0.0
          recFNToRawFN_b (recFNToRawFN_375) 1.45e-03 2.29e-04    0.129 1.81e-03   0.0
          isSigNaN_a (isSigNaNRecFN_376) 5.84e-06 7.29e-06 4.64e-03 1.78e-05   0.0
          recFNToRawFN_a (recFNToRawFN_376) 3.49e-04 1.68e-04    0.129 6.46e-04   0.0
        g_in_ieee_from_ieee_b (fNToRecFN_1_374) 1.03e-03 5.32e-04    0.313 1.88e-03   0.0
          clz (bsg_counting_leading_zeros_1_374) 1.22e-04 9.14e-05 6.84e-02 2.81e-04   0.0
            lzc (VX_lzc_1_374)         1.22e-04 9.14e-05 6.84e-02 2.81e-04   0.0
              g_lzc_find_first (VX_find_first_10_4_1_374) 5.43e-05 7.19e-05 5.55e-02 1.82e-04   0.0
        g_in_ieee_from_ieee_a (fNToRecFN_1_375) 6.00e-04 4.00e-04    0.313 1.31e-03   0.0
          clz (bsg_counting_leading_zeros_1_375) 9.19e-05 6.80e-05 6.83e-02 2.28e-04   0.0
            lzc (VX_lzc_1_375)         9.19e-05 6.80e-05 6.83e-02 2.28e-04   0.0
              g_lzc_find_first (VX_find_first_10_4_1_375) 4.08e-05 5.28e-05 5.54e-02 1.49e-04   0.0
      g_prod_3__pipe_mult (VX_pipe_register_1_188) 2.53e-03 1.16e-02    0.477 1.46e-02   0.0
        g_shift_register (VX_shift_register_33_0_1_0_188) 2.53e-03 1.16e-02    0.477 1.46e-02   0.0
      g_prod_3__fp16_mul (VX_tcu_bhf_fmul_188) 2.05e-02 4.89e-02    5.415 7.49e-02   0.1
        pipe_rnd (VX_pipe_register_4_356) 2.26e-03 1.16e-02    0.477 1.43e-02   0.0
          g_shift_register (VX_shift_register_38_0_1_0_356) 2.26e-03 1.16e-02    0.477 1.43e-02   0.0
        rounding (roundAnyRawFNToRecFN_189) 1.52e-03 1.11e-03    0.273 2.90e-03   0.0
        pipe_add (VX_pipe_register_3_188) 4.08e-03 2.46e-02    1.029 2.97e-02   0.0
          g_shift_register (VX_shift_register_37_0_2_0_188) 4.08e-03 2.46e-02    1.029 2.97e-02   0.0
        multiplier (mulRecFNToFullRaw_188) 1.14e-02 1.08e-02    3.010 2.52e-02   0.0
          isSigNaN_b (isSigNaNRecFN_377) 5.98e-06 9.01e-06 4.66e-03 1.96e-05   0.0
          recFNToRawFN_b (recFNToRawFN_377) 7.36e-04 2.21e-04    0.129 1.09e-03   0.0
          isSigNaN_a (isSigNaNRecFN_378) 9.26e-06 7.31e-06 4.71e-03 2.13e-05   0.0
          recFNToRawFN_a (recFNToRawFN_378) 3.88e-04 1.67e-04    0.129 6.84e-04   0.0
        g_in_ieee_from_ieee_b (fNToRecFN_1_376) 6.69e-04 5.25e-04    0.314 1.51e-03   0.0
          clz (bsg_counting_leading_zeros_1_376) 1.21e-04 9.07e-05 6.83e-02 2.80e-04   0.0
            lzc (VX_lzc_1_376)         1.21e-04 9.07e-05 6.83e-02 2.80e-04   0.0
              g_lzc_find_first (VX_find_first_10_4_1_376) 5.53e-05 7.14e-05 5.54e-02 1.82e-04   0.0
        g_in_ieee_from_ieee_a (fNToRecFN_1_377) 5.79e-04 3.97e-04    0.313 1.29e-03   0.0
          clz (bsg_counting_leading_zeros_1_377) 9.29e-05 6.75e-05 6.83e-02 2.29e-04   0.0
            lzc (VX_lzc_1_377)         7.02e-05 6.07e-05 6.19e-02 1.93e-04   0.0
              g_lzc_find_first (VX_find_first_10_4_1_377) 4.24e-05 5.25e-05 5.54e-02 1.50e-04   0.0
      g_prod_2__pipe_mult (VX_pipe_register_1_189) 3.00e-03 1.16e-02    0.477 1.51e-02   0.0
        g_shift_register (VX_shift_register_33_0_1_0_189) 3.00e-03 1.16e-02    0.477 1.51e-02   0.0
      g_prod_2__fp16_mul (VX_tcu_bhf_fmul_189) 2.32e-02 4.91e-02    5.428 7.77e-02   0.1
        pipe_rnd (VX_pipe_register_4_357) 2.83e-03 1.16e-02    0.477 1.49e-02   0.0
          g_shift_register (VX_shift_register_38_0_1_0_357) 2.83e-03 1.16e-02    0.477 1.49e-02   0.0
        rounding (roundAnyRawFNToRecFN_190) 2.18e-03 1.12e-03    0.273 3.57e-03   0.0
        pipe_add (VX_pipe_register_3_189) 4.78e-03 2.46e-02    1.028 3.04e-02   0.0
          g_shift_register (VX_shift_register_37_0_2_0_189) 4.78e-03 2.46e-02    1.028 3.04e-02   0.0
        multiplier (mulRecFNToFullRaw_189) 1.16e-02 1.08e-02    3.023 2.55e-02   0.0
          isSigNaN_b (isSigNaNRecFN_379) 1.16e-05 8.91e-06 4.66e-03 2.52e-05   0.0
          recFNToRawFN_b (recFNToRawFN_379) 6.65e-04 2.21e-04    0.129 1.02e-03   0.0
          isSigNaN_a (isSigNaNRecFN_380) 8.29e-06 8.02e-06 4.67e-03 2.10e-05   0.0
          recFNToRawFN_a (recFNToRawFN_380) 7.53e-04 1.79e-04    0.129 1.06e-03   0.0
        g_in_ieee_from_ieee_b (fNToRecFN_1_378) 6.79e-04 5.28e-04    0.314 1.52e-03   0.0
          clz (bsg_counting_leading_zeros_1_378) 1.35e-04 9.16e-05 6.83e-02 2.95e-04   0.0
            lzc (VX_lzc_1_378)         1.35e-04 9.16e-05 6.83e-02 2.95e-04   0.0
              g_lzc_find_first (VX_find_first_10_4_1_378) 5.64e-05 7.21e-05 5.55e-02 1.84e-04   0.0
        g_in_ieee_from_ieee_a (fNToRecFN_1_379) 1.09e-03 4.03e-04    0.313 1.80e-03   0.0
          clz (bsg_counting_leading_zeros_1_379) 9.27e-05 6.86e-05 6.82e-02 2.30e-04   0.0
            lzc (VX_lzc_1_379)         9.27e-05 6.86e-05 6.82e-02 2.30e-04   0.0
              g_lzc_find_first (VX_find_first_10_4_1_379) 4.09e-05 5.33e-05 5.54e-02 1.50e-04   0.0
      g_prod_1__pipe_mult (VX_pipe_register_1_190) 2.07e-03 1.16e-02    0.477 1.41e-02   0.0
        g_shift_register (VX_shift_register_33_0_1_0_190) 2.07e-03 1.16e-02    0.477 1.41e-02   0.0
      g_prod_1__fp16_mul (VX_tcu_bhf_fmul_190) 1.93e-02 4.90e-02    5.427 7.37e-02   0.1
        pipe_rnd (VX_pipe_register_4_358) 1.89e-03 1.16e-02    0.477 1.39e-02   0.0
          g_shift_register (VX_shift_register_38_0_1_0_358) 1.89e-03 1.16e-02    0.477 1.39e-02   0.0
        rounding (roundAnyRawFNToRecFN_191) 7.81e-04 1.10e-03    0.272 2.16e-03   0.0
        pipe_add (VX_pipe_register_3_190) 4.07e-03 2.46e-02    1.028 2.97e-02   0.0
          g_shift_register (VX_shift_register_37_0_2_0_190) 4.07e-03 2.46e-02    1.028 2.97e-02   0.0
        multiplier (mulRecFNToFullRaw_190) 1.11e-02 1.08e-02    3.023 2.49e-02   0.0
          isSigNaN_b (isSigNaNRecFN_381) 5.23e-06 8.89e-06 4.70e-03 1.88e-05   0.0
          recFNToRawFN_b (recFNToRawFN_381) 8.18e-04 2.23e-04    0.129 1.17e-03   0.0
          isSigNaN_a (isSigNaNRecFN_382) 6.11e-06 7.22e-06 4.65e-03 1.80e-05   0.0
          recFNToRawFN_a (recFNToRawFN_382) 4.61e-04 1.69e-04    0.129 7.60e-04   0.0
        g_in_ieee_from_ieee_b (fNToRecFN_1_380) 6.68e-04 5.29e-04    0.313 1.51e-03   0.0
          clz (bsg_counting_leading_zeros_1_380) 1.18e-04 9.10e-05 6.85e-02 2.78e-04   0.0
            lzc (VX_lzc_1_380)         1.18e-04 9.10e-05 6.85e-02 2.78e-04   0.0
              g_lzc_find_first (VX_find_first_10_4_1_380) 5.33e-05 7.15e-05 5.56e-02 1.80e-04   0.0
        g_in_ieee_from_ieee_a (fNToRecFN_1_381) 8.00e-04 4.04e-04    0.314 1.52e-03   0.0
          clz (bsg_counting_leading_zeros_1_381) 9.26e-05 6.91e-05 6.83e-02 2.30e-04   0.0
            lzc (VX_lzc_1_381)         9.26e-05 6.91e-05 6.83e-02 2.30e-04   0.0
              g_lzc_find_first (VX_find_first_10_4_1_381) 4.14e-05 5.37e-05 5.54e-02 1.51e-04   0.0
      g_prod_0__pipe_mult (VX_pipe_register_1_191) 3.34e-03 1.16e-02    0.477 1.54e-02   0.0
        g_shift_register (VX_shift_register_33_0_1_0_191) 3.34e-03 1.16e-02    0.477 1.54e-02   0.0
      g_prod_0__fp16_mul (VX_tcu_bhf_fmul_191) 2.39e-02 4.91e-02    5.449 7.84e-02   0.1
        pipe_rnd (VX_pipe_register_4_359) 2.83e-03 1.16e-02    0.477 1.49e-02   0.0
          g_shift_register (VX_shift_register_38_0_1_0_359) 2.83e-03 1.16e-02    0.477 1.49e-02   0.0
        rounding (roundAnyRawFNToRecFN_192) 1.88e-03 1.12e-03    0.274 3.27e-03   0.0
        pipe_add (VX_pipe_register_3_191) 4.66e-03 2.46e-02    1.028 3.03e-02   0.0
          g_shift_register (VX_shift_register_37_0_2_0_191) 4.66e-03 2.46e-02    1.028 3.03e-02   0.0
        multiplier (mulRecFNToFullRaw_191) 1.21e-02 1.08e-02    3.024 2.60e-02   0.0
          isSigNaN_b (isSigNaNRecFN_383) 4.74e-06 8.94e-06 4.70e-03 1.84e-05   0.0
          recFNToRawFN_b (recFNToRawFN_383) 7.03e-04 2.23e-04    0.129 1.06e-03   0.0
          isSigNaN_a (isSigNaNRecFN_384) 5.90e-06 9.16e-06 5.68e-03 2.07e-05   0.0
          recFNToRawFN_a (recFNToRawFN_384) 1.30e-03 1.86e-04    0.129 1.61e-03   0.0
        g_in_ieee_from_ieee_b (fNToRecFN_1_382) 6.54e-04 5.31e-04    0.312 1.50e-03   0.0
          clz (bsg_counting_leading_zeros_1_382) 1.22e-04 9.14e-05 6.84e-02 2.82e-04   0.0
            lzc (VX_lzc_1_382)         1.22e-04 9.14e-05 6.84e-02 2.82e-04   0.0
              g_lzc_find_first (VX_find_first_10_4_1_382) 5.42e-05 7.18e-05 5.55e-02 1.81e-04   0.0
        g_in_ieee_from_ieee_a (fNToRecFN_1_383) 1.71e-03 4.24e-04    0.335 2.46e-03   0.0
          clz (bsg_counting_leading_zeros_1_383) 9.55e-05 6.93e-05 6.84e-02 2.33e-04   0.0
            lzc (VX_lzc_1_383)         9.55e-05 6.93e-05 6.84e-02 2.33e-04   0.0
              g_lzc_find_first (VX_find_first_10_4_1_383) 4.27e-05 5.36e-05 5.55e-02 1.52e-04   0.0
    g_i_2__g_j_0__genblk1_u_buffer_ex (VX_pipe_register_29) 1.73e-02 9.44e-02    4.324    0.116   0.2
      g_shift_register (VX_shift_register_582_0_1_0_23) 1.73e-02 9.44e-02    4.324    0.116   0.2
    g_i_1__g_j_3__fedp (VX_tcu_fedp_bhf_24)    0.660    1.218  116.802    1.995   2.8
      final_add (VX_tcu_bhf_fadd_1_24) 4.39e-02 6.72e-02    8.512    0.120   0.2
        pipe_rnd (VX_pipe_register_6_24) 2.28e-03 1.16e-02    0.491 1.43e-02   0.0
          g_shift_register (VX_shift_register_37_0_1_0_24) 2.28e-03 1.16e-02    0.491 1.43e-02   0.0
        g_out_ieee_to_ieee (recFNToFN_24) 5.12e-03 2.95e-03    0.797 8.87e-03   0.0
          recFNToRawFN (recFNToRawFN_1_408) 1.23e-03 7.31e-04    0.232 2.19e-03   0.0
        rounding (roundAnyRawFNToRecFN_1_192) 4.84e-03 2.96e-03    1.200 9.00e-03   0.0
          genblk2_genblk1_lowMask_roundMask (lowMaskLoHi_192) 2.49e-04 1.37e-04    0.301 6.88e-04   0.0
            reverse (reverse_2_192)    4.35e-06 1.81e-06    0.154 1.60e-04   0.0
        pipe_add (VX_pipe_register_5_192) 6.94e-03 3.05e-02    1.265 3.87e-02   0.1
          g_shift_register (VX_shift_register_45_0_2_0_192) 6.94e-03 3.05e-02    1.265 3.87e-02   0.1
        adder (addRecFNToRaw_192)      2.47e-02 1.92e-02    4.759 4.87e-02   0.1
          lowMask_far_roundExtraMask (lowMaskHiLo_192) 4.58e-05 8.54e-05 8.05e-02 2.12e-04   0.0
            reverse (reverse_1_192)    1.90e-05 4.02e-05 5.03e-02 1.10e-04   0.0
          compressBy4_far_sigSmaller (compressBy4_192) 3.36e-05 1.75e-04 4.48e-02 2.53e-04   0.0
          countLeadingZeros_close (countLeadingZeros_192) 5.36e-04 4.57e-04    0.163 1.16e-03   0.0
            reverse_in (reverse_194)   2.58e-04 3.12e-04 9.01e-02 6.59e-04   0.0
          compressBy2_close_sigSum (compressBy2_192) 1.76e-04 3.37e-04 6.60e-02 5.79e-04   0.0
          isSigNaN_b (isSigNaNRecFN_1_384) 3.15e-06 5.51e-06 4.57e-03 1.32e-05   0.0
          recFNToRawFN_b (recFNToRawFN_1_409) 5.64e-04 2.70e-04    0.236 1.07e-03   0.0
          isSigNaN_a (isSigNaNRecFN_1_385) 8.16e-06 1.32e-05 4.75e-03 2.61e-05   0.0
          recFNToRawFN_a (recFNToRawFN_1_410) 1.33e-03 8.17e-04    0.232 2.38e-03   0.0
      pipe_c (VX_pipe_register_2_24)   1.90e-02    0.139    6.433    0.165   0.2
        g_shift_register (VX_shift_register_33_0_13_0_24) 1.90e-02    0.139    6.433    0.165   0.2
      conv_c (fNToRecFN_25)            1.84e-03 9.35e-04    0.757 3.53e-03   0.0
        clz (bsg_counting_leading_zeros_25) 1.20e-04 1.12e-04    0.119 3.51e-04   0.0
          lzc (VX_lzc_25)              1.20e-04 1.12e-04    0.119 3.51e-04   0.0
            g_lzc_find_first (VX_find_first_23_5_1_24) 1.06e-04 1.09e-04    0.107 3.22e-04   0.0
      g_red_tree_2__g_add_0__reduce_add (VX_tcu_bhf_fadd_169) 5.00e-02 7.58e-02    7.737    0.134   0.2
        pipe_rnd (VX_pipe_register_4_360) 2.31e-03 1.26e-02    0.504 1.54e-02   0.0
          g_shift_register (VX_shift_register_38_0_1_0_360) 2.31e-03 1.26e-02    0.504 1.54e-02   0.0
        rounding (roundAnyRawFNToRecFN_1_193) 5.29e-03 3.66e-03    1.200 1.01e-02   0.0
          genblk2_genblk1_lowMask_roundMask (lowMaskLoHi_193) 2.73e-04 1.47e-04    0.302 7.22e-04   0.0
            reverse (reverse_2_193)    1.29e-05 5.41e-06    0.154 1.72e-04   0.0
        pipe_add (VX_pipe_register_5_193) 6.68e-03 3.16e-02    1.265 3.95e-02   0.1
          g_shift_register (VX_shift_register_45_0_2_0_193) 6.68e-03 3.16e-02    1.265 3.95e-02   0.1
        adder (addRecFNToRaw_193)      3.57e-02 2.80e-02    4.768 6.85e-02   0.1
          lowMask_far_roundExtraMask (lowMaskHiLo_193) 1.61e-04 2.97e-04 8.09e-02 5.39e-04   0.0
            reverse (reverse_1_193)    6.96e-05 1.45e-04 4.72e-02 2.62e-04   0.0
          compressBy4_far_sigSmaller (compressBy4_193) 7.52e-05 3.65e-04 4.79e-02 4.88e-04   0.0
          countLeadingZeros_close (countLeadingZeros_193) 5.99e-04 5.31e-04    0.163 1.29e-03   0.0
            reverse_in (reverse_195)   3.13e-04 3.67e-04 8.96e-02 7.70e-04   0.0
          compressBy2_close_sigSum (compressBy2_193) 2.25e-04 3.98e-04 6.61e-02 6.89e-04   0.0
          isSigNaN_b (isSigNaNRecFN_1_386) 4.34e-06 8.67e-06 4.20e-03 1.72e-05   0.0
          recFNToRawFN_b (recFNToRawFN_1_411) 2.31e-03 9.07e-04    0.233 3.45e-03   0.0
          isSigNaN_a (isSigNaNRecFN_1_387) 5.48e-06 8.49e-06 4.16e-03 1.81e-05   0.0
          recFNToRawFN_a (recFNToRawFN_1_412) 1.29e-03 8.96e-04    0.233 2.42e-03   0.0
      g_red_tree_1__g_add_1__reduce_add (VX_tcu_bhf_fadd_170) 5.34e-02 7.65e-02    7.759    0.138   0.2
        pipe_rnd (VX_pipe_register_4_361) 2.30e-03 1.28e-02    0.505 1.56e-02   0.0
          g_shift_register (VX_shift_register_38_0_1_0_361) 2.30e-03 1.28e-02    0.505 1.56e-02   0.0
        rounding (roundAnyRawFNToRecFN_1_194) 5.69e-03 3.84e-03    1.222 1.08e-02   0.0
          genblk2_genblk1_lowMask_roundMask (lowMaskLoHi_194) 3.10e-04 1.55e-04    0.310 7.75e-04   0.0
            reverse (reverse_2_194)    1.23e-05 5.41e-06    0.153 1.71e-04   0.0
        pipe_add (VX_pipe_register_5_194) 7.68e-03 3.17e-02    1.266 4.07e-02   0.1
          g_shift_register (VX_shift_register_45_0_2_0_194) 7.68e-03 3.17e-02    1.266 4.07e-02   0.1
        adder (addRecFNToRaw_194)      3.77e-02 2.80e-02    4.766 7.05e-02   0.1
          lowMask_far_roundExtraMask (lowMaskHiLo_194) 1.49e-04 2.71e-04 8.07e-02 5.00e-04   0.0
            reverse (reverse_1_194)    6.44e-05 1.31e-04 4.69e-02 2.42e-04   0.0
          compressBy4_far_sigSmaller (compressBy4_194) 1.06e-04 3.44e-04 4.63e-02 4.96e-04   0.0
          countLeadingZeros_close (countLeadingZeros_194) 5.86e-04 5.19e-04    0.163 1.27e-03   0.0
            reverse_in (reverse_196)   3.10e-04 3.63e-04 8.98e-02 7.63e-04   0.0
          compressBy2_close_sigSum (compressBy2_194) 2.09e-04 3.93e-04 6.62e-02 6.68e-04   0.0
          isSigNaN_b (isSigNaNRecFN_1_388) 4.60e-06 9.41e-06 4.39e-03 1.84e-05   0.0
          recFNToRawFN_b (recFNToRawFN_1_413) 3.17e-03 9.29e-04    0.234 4.33e-03   0.0
          isSigNaN_a (isSigNaNRecFN_1_389) 8.48e-06 9.43e-06 4.37e-03 2.23e-05   0.0
          recFNToRawFN_a (recFNToRawFN_1_414) 1.93e-03 9.19e-04    0.234 3.08e-03   0.0
      g_red_tree_1__g_add_0__reduce_add (VX_tcu_bhf_fadd_171) 5.47e-02 7.66e-02    7.755    0.139   0.2
        pipe_rnd (VX_pipe_register_4_362) 2.97e-03 1.29e-02    0.505 1.64e-02   0.0
          g_shift_register (VX_shift_register_38_0_1_0_362) 2.97e-03 1.29e-02    0.505 1.64e-02   0.0
        rounding (roundAnyRawFNToRecFN_1_195) 5.85e-03 3.86e-03    1.217 1.09e-02   0.0
          genblk2_genblk1_lowMask_roundMask (lowMaskLoHi_195) 2.62e-04 1.50e-04    0.303 7.15e-04   0.0
            reverse (reverse_2_195)    1.33e-05 5.42e-06    0.153 1.72e-04   0.0
        pipe_add (VX_pipe_register_5_195) 8.07e-03 3.17e-02    1.265 4.11e-02   0.1
          g_shift_register (VX_shift_register_45_0_2_0_195) 8.07e-03 3.17e-02    1.265 4.11e-02   0.1
        adder (addRecFNToRaw_195)      3.78e-02 2.82e-02    4.769 7.07e-02   0.1
          lowMask_far_roundExtraMask (lowMaskHiLo_195) 1.46e-04 2.72e-04 8.07e-02 4.98e-04   0.0
            reverse (reverse_1_195)    6.09e-05 1.31e-04 4.69e-02 2.39e-04   0.0
          compressBy4_far_sigSmaller (compressBy4_195) 7.17e-05 3.44e-04 4.62e-02 4.62e-04   0.0
          countLeadingZeros_close (countLeadingZeros_195) 5.80e-04 5.20e-04    0.163 1.26e-03   0.0
            reverse_in (reverse_197)   3.06e-04 3.64e-04 8.98e-02 7.60e-04   0.0
          compressBy2_close_sigSum (compressBy2_195) 2.06e-04 3.93e-04 6.62e-02 6.66e-04   0.0
          isSigNaN_b (isSigNaNRecFN_1_390) 4.31e-06 9.52e-06 4.38e-03 1.82e-05   0.0
          recFNToRawFN_b (recFNToRawFN_1_415) 2.62e-03 9.28e-04    0.234 3.78e-03   0.0
          isSigNaN_a (isSigNaNRecFN_1_391) 6.06e-06 9.09e-06 4.34e-03 1.95e-05   0.0
          recFNToRawFN_a (recFNToRawFN_1_416) 2.48e-03 9.35e-04    0.234 3.65e-03   0.0
      g_red_tree_0__g_add_3__reduce_add (VX_tcu_bhf_fadd_172) 6.77e-02 7.47e-02    7.734    0.150   0.2
        pipe_rnd (VX_pipe_register_4_363) 5.32e-03 1.31e-02    0.505 1.89e-02   0.0
          g_shift_register (VX_shift_register_38_0_1_0_363) 5.32e-03 1.31e-02    0.505 1.89e-02   0.0
        rounding (roundAnyRawFNToRecFN_1_196) 1.83e-02 4.25e-03    1.375 2.40e-02   0.0
          genblk2_genblk1_lowMask_roundMask (lowMaskLoHi_196) 2.59e-04 1.53e-04    0.304 7.16e-04   0.0
            reverse (reverse_2_196)    1.33e-05 5.42e-06    0.153 1.72e-04   0.0
        pipe_add (VX_pipe_register_5_196) 1.26e-02 3.22e-02    1.268 4.60e-02   0.1
          g_shift_register (VX_shift_register_45_0_2_0_196) 1.26e-02 3.22e-02    1.268 4.60e-02   0.1
        adder (addRecFNToRaw_196)      3.14e-02 2.51e-02    4.578 6.11e-02   0.1
          lowMask_far_roundExtraMask (lowMaskHiLo_196) 1.15e-04 2.23e-04 6.92e-02 4.08e-04   0.0
            reverse (reverse_1_196)    5.26e-05 1.08e-04 3.99e-02 2.01e-04   0.0
          compressBy4_far_sigSmaller (compressBy4_196) 3.70e-05 2.45e-04 4.07e-02 3.23e-04   0.0
          countLeadingZeros_close (countLeadingZeros_196) 5.58e-04 5.05e-04    0.156 1.22e-03   0.0
            reverse_in (reverse_198)   2.91e-04 3.05e-04 8.26e-02 6.78e-04   0.0
          compressBy2_close_sigSum (compressBy2_196) 1.67e-04 3.30e-04 6.15e-02 5.58e-04   0.0
          isSigNaN_b (isSigNaNRecFN_1_392) 5.63e-06 1.08e-05 4.88e-03 2.13e-05   0.0
          recFNToRawFN_b (recFNToRawFN_1_417) 2.18e-03 7.53e-04    0.221 3.16e-03   0.0
          isSigNaN_a (isSigNaNRecFN_1_393) 5.53e-06 1.09e-05 4.86e-03 2.13e-05   0.0
          recFNToRawFN_a (recFNToRawFN_1_418) 1.86e-03 7.53e-04    0.221 2.83e-03   0.0
      g_red_tree_0__g_add_2__reduce_add (VX_tcu_bhf_fadd_173) 5.27e-02 7.42e-02    7.596    0.135   0.2
        pipe_rnd (VX_pipe_register_4_364) 3.44e-03 1.29e-02    0.505 1.69e-02   0.0
          g_shift_register (VX_shift_register_38_0_1_0_364) 3.44e-03 1.29e-02    0.505 1.69e-02   0.0
        rounding (roundAnyRawFNToRecFN_1_197) 6.66e-03 3.83e-03    1.233 1.17e-02   0.0
          genblk2_genblk1_lowMask_roundMask (lowMaskLoHi_197) 2.52e-04 1.54e-04    0.304 7.11e-04   0.0
            reverse (reverse_2_197)    1.39e-05 5.42e-06    0.153 1.73e-04   0.0
        pipe_add (VX_pipe_register_5_197) 9.67e-03 3.22e-02    1.268 4.31e-02   0.1
          g_shift_register (VX_shift_register_45_0_2_0_197) 9.67e-03 3.22e-02    1.268 4.31e-02   0.1
        adder (addRecFNToRaw_197)      3.29e-02 2.52e-02    4.582 6.28e-02   0.1
          lowMask_far_roundExtraMask (lowMaskHiLo_197) 1.14e-04 2.23e-04 6.92e-02 4.07e-04   0.0
            reverse (reverse_1_197)    5.30e-05 1.08e-04 3.99e-02 2.01e-04   0.0
          compressBy4_far_sigSmaller (compressBy4_197) 7.42e-05 2.46e-04 4.07e-02 3.61e-04   0.0
          countLeadingZeros_close (countLeadingZeros_197) 5.54e-04 5.04e-04    0.156 1.21e-03   0.0
            reverse_in (reverse_199)   2.81e-04 3.04e-04 8.27e-02 6.68e-04   0.0
          compressBy2_close_sigSum (compressBy2_197) 1.88e-04 3.30e-04 6.15e-02 5.79e-04   0.0
          isSigNaN_b (isSigNaNRecFN_1_394) 1.13e-05 1.11e-05 4.85e-03 2.72e-05   0.0
          recFNToRawFN_b (recFNToRawFN_1_419) 1.98e-03 7.58e-04    0.221 2.96e-03   0.0
          isSigNaN_a (isSigNaNRecFN_1_395) 7.13e-06 1.13e-05 4.86e-03 2.32e-05   0.0
          recFNToRawFN_a (recFNToRawFN_1_420) 1.69e-03 7.48e-04    0.221 2.66e-03   0.0
      g_red_tree_0__g_add_1__reduce_add (VX_tcu_bhf_fadd_174) 5.58e-02 7.44e-02    7.642    0.138   0.2
        pipe_rnd (VX_pipe_register_4_365) 4.09e-03 1.30e-02    0.505 1.76e-02   0.0
          g_shift_register (VX_shift_register_38_0_1_0_365) 4.09e-03 1.30e-02    0.505 1.76e-02   0.0
        rounding (roundAnyRawFNToRecFN_1_198) 9.98e-03 4.01e-03    1.282 1.53e-02   0.0
          genblk2_genblk1_lowMask_roundMask (lowMaskLoHi_198) 2.42e-04 1.52e-04    0.303 6.97e-04   0.0
            reverse (reverse_2_198)    1.40e-05 5.42e-06    0.153 1.73e-04   0.0
        pipe_add (VX_pipe_register_5_198) 9.73e-03 3.22e-02    1.268 4.32e-02   0.1
          g_shift_register (VX_shift_register_45_0_2_0_198) 9.73e-03 3.22e-02    1.268 4.32e-02   0.1
        adder (addRecFNToRaw_198)      3.19e-02 2.52e-02    4.587 6.18e-02   0.1
          lowMask_far_roundExtraMask (lowMaskHiLo_198) 1.30e-04 2.27e-04 6.92e-02 4.26e-04   0.0
            reverse (reverse_1_198)    6.47e-05 1.10e-04 3.99e-02 2.14e-04   0.0
          compressBy4_far_sigSmaller (compressBy4_198) 3.09e-05 2.44e-04 4.07e-02 3.16e-04   0.0
          countLeadingZeros_close (countLeadingZeros_198) 5.46e-04 5.00e-04    0.156 1.20e-03   0.0
            reverse_in (reverse_200)   2.82e-04 3.03e-04 8.26e-02 6.68e-04   0.0
          compressBy2_close_sigSum (compressBy2_198) 1.68e-04 3.28e-04 6.15e-02 5.58e-04   0.0
          isSigNaN_b (isSigNaNRecFN_1_396) 9.93e-06 1.13e-05 4.85e-03 2.61e-05   0.0
          recFNToRawFN_b (recFNToRawFN_1_421) 2.03e-03 7.50e-04    0.221 3.00e-03   0.0
          isSigNaN_a (isSigNaNRecFN_1_397) 6.81e-06 1.10e-05 4.83e-03 2.27e-05   0.0
          recFNToRawFN_a (recFNToRawFN_1_422) 1.73e-03 7.49e-04    0.221 2.70e-03   0.0
      g_red_tree_0__g_add_0__reduce_add (VX_tcu_bhf_fadd_175) 6.10e-02 7.46e-02    7.650    0.143   0.2
        pipe_rnd (VX_pipe_register_4_366) 5.24e-03 1.31e-02    0.505 1.88e-02   0.0
          g_shift_register (VX_shift_register_38_0_1_0_366) 5.24e-03 1.31e-02    0.505 1.88e-02   0.0
        rounding (roundAnyRawFNToRecFN_1_199) 1.30e-02 4.03e-03    1.284 1.83e-02   0.0
          genblk2_genblk1_lowMask_roundMask (lowMaskLoHi_199) 2.45e-04 1.52e-04    0.303 7.00e-04   0.0
            reverse (reverse_2_199)    1.35e-05 5.42e-06    0.153 1.72e-04   0.0
        pipe_add (VX_pipe_register_5_199) 1.09e-02 3.22e-02    1.268 4.44e-02   0.1
          g_shift_register (VX_shift_register_45_0_2_0_199) 1.09e-02 3.22e-02    1.268 4.44e-02   0.1
        adder (addRecFNToRaw_199)      3.18e-02 2.53e-02    4.586 6.17e-02   0.1
          lowMask_far_roundExtraMask (lowMaskHiLo_199) 1.32e-04 2.25e-04 6.92e-02 4.26e-04   0.0
            reverse (reverse_1_199)    6.42e-05 1.09e-04 3.98e-02 2.13e-04   0.0
          compressBy4_far_sigSmaller (compressBy4_199) 5.00e-05 2.45e-04 4.06e-02 3.36e-04   0.0
          countLeadingZeros_close (countLeadingZeros_199) 5.44e-04 5.02e-04    0.156 1.20e-03   0.0
            reverse_in (reverse_201)   2.82e-04 3.04e-04 8.27e-02 6.68e-04   0.0
          compressBy2_close_sigSum (compressBy2_199) 1.62e-04 3.29e-04 6.15e-02 5.52e-04   0.0
          isSigNaN_b (isSigNaNRecFN_1_398) 6.68e-06 1.08e-05 4.85e-03 2.23e-05   0.0
          recFNToRawFN_b (recFNToRawFN_1_423) 2.23e-03 7.51e-04    0.221 3.20e-03   0.0
          isSigNaN_a (isSigNaNRecFN_1_399) 6.84e-06 1.08e-05 4.81e-03 2.24e-05   0.0
          recFNToRawFN_a (recFNToRawFN_1_424) 1.71e-03 7.52e-04    0.221 2.68e-03   0.0
      g_prod_7__pipe_mult (VX_pipe_register_1_192) 2.80e-03 1.16e-02    0.477 1.48e-02   0.0
        g_shift_register (VX_shift_register_33_0_1_0_192) 2.80e-03 1.16e-02    0.477 1.48e-02   0.0
      g_prod_7__fp16_mul (VX_tcu_bhf_fmul_192) 1.95e-02 4.91e-02    5.411 7.39e-02   0.1
        pipe_rnd (VX_pipe_register_4_367) 2.47e-03 1.16e-02    0.477 1.45e-02   0.0
          g_shift_register (VX_shift_register_38_0_1_0_367) 2.47e-03 1.16e-02    0.477 1.45e-02   0.0
        rounding (roundAnyRawFNToRecFN_193) 1.12e-03 1.11e-03    0.271 2.51e-03   0.0
        pipe_add (VX_pipe_register_3_192) 4.17e-03 2.46e-02    1.028 2.98e-02   0.0
          g_shift_register (VX_shift_register_37_0_2_0_192) 4.17e-03 2.46e-02    1.028 2.98e-02   0.0
        multiplier (mulRecFNToFullRaw_192) 1.04e-02 1.08e-02    3.008 2.42e-02   0.0
          isSigNaN_b (isSigNaNRecFN_385) 6.46e-06 9.16e-06 4.73e-03 2.03e-05   0.0
          recFNToRawFN_b (recFNToRawFN_385) 6.98e-04 2.24e-04    0.129 1.05e-03   0.0
          isSigNaN_a (isSigNaNRecFN_386) 7.17e-06 7.06e-06 4.70e-03 1.89e-05   0.0
          recFNToRawFN_a (recFNToRawFN_386) 3.23e-04 1.67e-04    0.129 6.19e-04   0.0
        g_in_ieee_from_ieee_b (fNToRecFN_1_384) 6.89e-04 5.32e-04    0.313 1.53e-03   0.0
          clz (bsg_counting_leading_zeros_1_384) 1.23e-04 9.16e-05 6.84e-02 2.83e-04   0.0
            lzc (VX_lzc_1_384)         1.23e-04 9.16e-05 6.84e-02 2.83e-04   0.0
              g_lzc_find_first (VX_find_first_10_4_1_384) 5.38e-05 7.16e-05 5.55e-02 1.81e-04   0.0
        g_in_ieee_from_ieee_a (fNToRecFN_1_385) 5.90e-04 4.04e-04    0.313 1.31e-03   0.0
          clz (bsg_counting_leading_zeros_1_385) 9.31e-05 6.94e-05 6.84e-02 2.31e-04   0.0
            lzc (VX_lzc_1_385)         9.31e-05 6.94e-05 6.84e-02 2.31e-04   0.0
              g_lzc_find_first (VX_find_first_10_4_1_385) 4.04e-05 5.38e-05 5.56e-02 1.50e-04   0.0
      g_prod_6__pipe_mult (VX_pipe_register_1_193) 2.28e-03 1.16e-02    0.477 1.43e-02   0.0
        g_shift_register (VX_shift_register_33_0_1_0_193) 2.28e-03 1.16e-02    0.477 1.43e-02   0.0
      g_prod_6__fp16_mul (VX_tcu_bhf_fmul_193) 1.98e-02 4.89e-02    5.411 7.42e-02   0.1
        pipe_rnd (VX_pipe_register_4_368) 2.59e-03 1.16e-02    0.477 1.46e-02   0.0
          g_shift_register (VX_shift_register_38_0_1_0_368) 2.59e-03 1.16e-02    0.477 1.46e-02   0.0
        rounding (roundAnyRawFNToRecFN_194) 1.04e-03 1.11e-03    0.271 2.42e-03   0.0
        pipe_add (VX_pipe_register_3_193) 4.06e-03 2.46e-02    1.028 2.97e-02   0.0
          g_shift_register (VX_shift_register_37_0_2_0_193) 4.06e-03 2.46e-02    1.028 2.97e-02   0.0
        multiplier (mulRecFNToFullRaw_193) 1.09e-02 1.08e-02    3.008 2.46e-02   0.0
          isSigNaN_b (isSigNaNRecFN_387) 4.43e-06 8.93e-06 4.73e-03 1.81e-05   0.0
          recFNToRawFN_b (recFNToRawFN_387) 7.19e-04 2.21e-04    0.129 1.07e-03   0.0
          isSigNaN_a (isSigNaNRecFN_388) 5.36e-06 7.17e-06 4.71e-03 1.72e-05   0.0
          recFNToRawFN_a (recFNToRawFN_388) 3.46e-04 1.68e-04    0.129 6.43e-04   0.0
        g_in_ieee_from_ieee_b (fNToRecFN_1_386) 7.15e-04 5.28e-04    0.313 1.56e-03   0.0
          clz (bsg_counting_leading_zeros_1_386) 1.22e-04 9.19e-05 6.85e-02 2.82e-04   0.0
            lzc (VX_lzc_1_386)         1.22e-04 9.19e-05 6.85e-02 2.82e-04   0.0
              g_lzc_find_first (VX_find_first_10_4_1_386) 5.40e-05 7.23e-05 5.56e-02 1.82e-04   0.0
        g_in_ieee_from_ieee_a (fNToRecFN_1_387) 5.48e-04 4.03e-04    0.313 1.26e-03   0.0
          clz (bsg_counting_leading_zeros_1_387) 9.42e-05 6.94e-05 6.83e-02 2.32e-04   0.0
            lzc (VX_lzc_1_387)         9.42e-05 6.94e-05 6.83e-02 2.32e-04   0.0
              g_lzc_find_first (VX_find_first_10_4_1_387) 4.18e-05 5.38e-05 5.54e-02 1.51e-04   0.0
      g_prod_5__pipe_mult (VX_pipe_register_1_194) 2.32e-03 1.16e-02    0.477 1.44e-02   0.0
        g_shift_register (VX_shift_register_33_0_1_0_194) 2.32e-03 1.16e-02    0.477 1.44e-02   0.0
      g_prod_5__fp16_mul (VX_tcu_bhf_fmul_194) 2.46e-02 4.91e-02    5.430 7.91e-02   0.1
        pipe_rnd (VX_pipe_register_4_369) 2.74e-03 1.16e-02    0.477 1.48e-02   0.0
          g_shift_register (VX_shift_register_38_0_1_0_369) 2.74e-03 1.16e-02    0.477 1.48e-02   0.0
        rounding (roundAnyRawFNToRecFN_195) 2.47e-03 1.14e-03    0.273 3.88e-03   0.0
        pipe_add (VX_pipe_register_3_194) 4.88e-03 2.46e-02    1.028 3.05e-02   0.0
          g_shift_register (VX_shift_register_37_0_2_0_194) 4.88e-03 2.46e-02    1.028 3.05e-02   0.0
        multiplier (mulRecFNToFullRaw_194) 1.31e-02 1.09e-02    3.025 2.70e-02   0.0
          isSigNaN_b (isSigNaNRecFN_389) 5.79e-06 8.78e-06 4.68e-03 1.93e-05   0.0
          recFNToRawFN_b (recFNToRawFN_389) 8.15e-04 2.23e-04    0.129 1.17e-03   0.0
          isSigNaN_a (isSigNaNRecFN_390) 4.16e-06 6.91e-06 4.72e-03 1.58e-05   0.0
          recFNToRawFN_a (recFNToRawFN_390) 3.57e-04 1.66e-04    0.129 6.53e-04   0.0
        g_in_ieee_from_ieee_b (fNToRecFN_1_388) 7.46e-04 5.28e-04    0.313 1.59e-03   0.0
          clz (bsg_counting_leading_zeros_1_388) 1.19e-04 9.07e-05 6.84e-02 2.78e-04   0.0
            lzc (VX_lzc_1_388)         1.19e-04 9.07e-05 6.84e-02 2.78e-04   0.0
              g_lzc_find_first (VX_find_first_10_4_1_388) 5.38e-05 7.14e-05 5.55e-02 1.81e-04   0.0
        g_in_ieee_from_ieee_a (fNToRecFN_1_389) 6.23e-04 4.01e-04    0.313 1.34e-03   0.0
          clz (bsg_counting_leading_zeros_1_389) 9.59e-05 6.93e-05 6.85e-02 2.34e-04   0.0
            lzc (VX_lzc_1_389)         9.59e-05 6.93e-05 6.85e-02 2.34e-04   0.0
              g_lzc_find_first (VX_find_first_10_4_1_389) 4.27e-05 5.40e-05 5.56e-02 1.52e-04   0.0
      g_prod_4__pipe_mult (VX_pipe_register_1_195) 3.43e-03 1.16e-02    0.477 1.55e-02   0.0
        g_shift_register (VX_shift_register_33_0_1_0_195) 3.43e-03 1.16e-02    0.477 1.55e-02   0.0
      g_prod_4__fp16_mul (VX_tcu_bhf_fmul_195) 2.36e-02 4.89e-02    5.428 7.79e-02   0.1
        pipe_rnd (VX_pipe_register_4_370) 3.02e-03 1.16e-02    0.477 1.51e-02   0.0
          g_shift_register (VX_shift_register_38_0_1_0_370) 3.02e-03 1.16e-02    0.477 1.51e-02   0.0
        rounding (roundAnyRawFNToRecFN_196) 1.65e-03 1.10e-03    0.274 3.02e-03   0.0
        pipe_add (VX_pipe_register_3_195) 5.00e-03 2.46e-02    1.028 3.06e-02   0.0
          g_shift_register (VX_shift_register_37_0_2_0_195) 5.00e-03 2.46e-02    1.028 3.06e-02   0.0
        multiplier (mulRecFNToFullRaw_195) 1.24e-02 1.07e-02    3.022 2.62e-02   0.0
          isSigNaN_b (isSigNaNRecFN_391) 5.16e-06 9.12e-06 4.70e-03 1.90e-05   0.0
          recFNToRawFN_b (recFNToRawFN_391) 9.04e-04 2.23e-04    0.129 1.26e-03   0.0
          isSigNaN_a (isSigNaNRecFN_392) 4.57e-06 7.46e-06 4.70e-03 1.67e-05   0.0
          recFNToRawFN_a (recFNToRawFN_392) 4.10e-04 1.70e-04    0.129 7.09e-04   0.0
        g_in_ieee_from_ieee_b (fNToRecFN_1_390) 7.01e-04 5.30e-04    0.313 1.54e-03   0.0
          clz (bsg_counting_leading_zeros_1_390) 1.23e-04 9.19e-05 6.83e-02 2.83e-04   0.0
            lzc (VX_lzc_1_390)         1.23e-04 9.19e-05 6.83e-02 2.83e-04   0.0
              g_lzc_find_first (VX_find_first_10_4_1_390) 5.70e-05 7.22e-05 5.54e-02 1.85e-04   0.0
        g_in_ieee_from_ieee_a (fNToRecFN_1_391) 7.70e-04 3.99e-04    0.313 1.48e-03   0.0
          clz (bsg_counting_leading_zeros_1_391) 9.34e-05 6.88e-05 6.82e-02 2.30e-04   0.0
            lzc (VX_lzc_1_391)         9.34e-05 6.88e-05 6.82e-02 2.30e-04   0.0
              g_lzc_find_first (VX_find_first_10_4_1_391) 4.14e-05 5.34e-05 5.54e-02 1.50e-04   0.0
      g_prod_3__pipe_mult (VX_pipe_register_1_196) 2.97e-03 1.16e-02    0.477 1.50e-02   0.0
        g_shift_register (VX_shift_register_33_0_1_0_196) 2.97e-03 1.16e-02    0.477 1.50e-02   0.0
      g_prod_3__fp16_mul (VX_tcu_bhf_fmul_196) 2.24e-02 4.90e-02    5.427 7.68e-02   0.1
        pipe_rnd (VX_pipe_register_4_371) 2.52e-03 1.16e-02    0.477 1.46e-02   0.0
          g_shift_register (VX_shift_register_38_0_1_0_371) 2.52e-03 1.16e-02    0.477 1.46e-02   0.0
        rounding (roundAnyRawFNToRecFN_197) 1.19e-03 1.11e-03    0.272 2.57e-03   0.0
        pipe_add (VX_pipe_register_3_196) 4.46e-03 2.46e-02    1.028 3.01e-02   0.0
          g_shift_register (VX_shift_register_37_0_2_0_196) 4.46e-03 2.46e-02    1.028 3.01e-02   0.0
        multiplier (mulRecFNToFullRaw_196) 1.25e-02 1.08e-02    3.024 2.63e-02   0.0
          isSigNaN_b (isSigNaNRecFN_393) 4.64e-06 9.19e-06 4.72e-03 1.85e-05   0.0
          recFNToRawFN_b (recFNToRawFN_393) 9.73e-04 2.23e-04    0.129 1.33e-03   0.0
          isSigNaN_a (isSigNaNRecFN_394) 5.88e-06 7.79e-06 4.71e-03 1.84e-05   0.0
          recFNToRawFN_a (recFNToRawFN_394) 5.46e-04 1.74e-04    0.129 8.49e-04   0.0
        g_in_ieee_from_ieee_b (fNToRecFN_1_392) 7.83e-04 5.26e-04    0.313 1.62e-03   0.0
          clz (bsg_counting_leading_zeros_1_392) 1.25e-04 9.07e-05 6.82e-02 2.84e-04   0.0
            lzc (VX_lzc_1_392)         1.25e-04 9.07e-05 6.82e-02 2.84e-04   0.0
              g_lzc_find_first (VX_find_first_10_4_1_392) 5.62e-05 7.12e-05 5.54e-02 1.83e-04   0.0
        g_in_ieee_from_ieee_a (fNToRecFN_1_393) 9.62e-04 4.02e-04    0.313 1.68e-03   0.0
          clz (bsg_counting_leading_zeros_1_393) 9.34e-05 6.90e-05 6.84e-02 2.31e-04   0.0
            lzc (VX_lzc_1_393)         9.34e-05 6.90e-05 6.84e-02 2.31e-04   0.0
              g_lzc_find_first (VX_find_first_10_4_1_393) 4.19e-05 5.35e-05 5.56e-02 1.51e-04   0.0
      g_prod_2__pipe_mult (VX_pipe_register_1_197) 3.23e-03 1.16e-02    0.477 1.53e-02   0.0
        g_shift_register (VX_shift_register_33_0_1_0_197) 3.23e-03 1.16e-02    0.477 1.53e-02   0.0
      g_prod_2__fp16_mul (VX_tcu_bhf_fmul_197) 2.49e-02 4.89e-02    5.423 7.93e-02   0.1
        pipe_rnd (VX_pipe_register_4_372) 6.05e-03 1.16e-02    0.477 1.81e-02   0.0
          g_shift_register (VX_shift_register_38_0_1_0_372) 6.05e-03 1.16e-02    0.477 1.81e-02   0.0
        rounding (roundAnyRawFNToRecFN_198) 1.64e-03 1.11e-03    0.272 3.02e-03   0.0
        pipe_add (VX_pipe_register_3_197) 4.33e-03 2.46e-02    1.028 2.99e-02   0.0
          g_shift_register (VX_shift_register_37_0_2_0_197) 4.33e-03 2.46e-02    1.028 2.99e-02   0.0
        multiplier (mulRecFNToFullRaw_197) 1.17e-02 1.08e-02    3.022 2.55e-02   0.0
          isSigNaN_b (isSigNaNRecFN_395) 5.65e-06 9.24e-06 4.71e-03 1.96e-05   0.0
          recFNToRawFN_b (recFNToRawFN_395) 7.79e-04 2.22e-04    0.129 1.13e-03   0.0
          isSigNaN_a (isSigNaNRecFN_396) 4.38e-06 6.87e-06 4.69e-03 1.59e-05   0.0
          recFNToRawFN_a (recFNToRawFN_396) 3.20e-04 1.66e-04    0.129 6.15e-04   0.0
        g_in_ieee_from_ieee_b (fNToRecFN_1_394) 6.75e-04 5.28e-04    0.313 1.52e-03   0.0
          clz (bsg_counting_leading_zeros_1_394) 1.22e-04 9.11e-05 6.84e-02 2.81e-04   0.0
            lzc (VX_lzc_1_394)         1.22e-04 9.11e-05 6.84e-02 2.81e-04   0.0
              g_lzc_find_first (VX_find_first_10_4_1_394) 5.28e-05 7.14e-05 5.55e-02 1.80e-04   0.0
        g_in_ieee_from_ieee_a (fNToRecFN_1_395) 5.15e-04 3.97e-04    0.311 1.22e-03   0.0
          clz (bsg_counting_leading_zeros_1_395) 9.48e-05 6.84e-05 6.83e-02 2.31e-04   0.0
            lzc (VX_lzc_1_395)         9.48e-05 6.84e-05 6.83e-02 2.31e-04   0.0
              g_lzc_find_first (VX_find_first_10_4_1_395) 4.29e-05 5.31e-05 5.54e-02 1.51e-04   0.0
      g_prod_1__pipe_mult (VX_pipe_register_1_198) 2.87e-03 1.16e-02    0.477 1.49e-02   0.0
        g_shift_register (VX_shift_register_33_0_1_0_198) 2.87e-03 1.16e-02    0.477 1.49e-02   0.0
      g_prod_1__fp16_mul (VX_tcu_bhf_fmul_198) 2.35e-02 4.90e-02    5.429 7.79e-02   0.1
        pipe_rnd (VX_pipe_register_4_373) 2.76e-03 1.16e-02    0.477 1.48e-02   0.0
          g_shift_register (VX_shift_register_38_0_1_0_373) 2.76e-03 1.16e-02    0.477 1.48e-02   0.0
        rounding (roundAnyRawFNToRecFN_199) 1.48e-03 1.10e-03    0.273 2.86e-03   0.0
        pipe_add (VX_pipe_register_3_198) 5.36e-03 2.46e-02    1.028 3.10e-02   0.0
          g_shift_register (VX_shift_register_37_0_2_0_198) 5.36e-03 2.46e-02    1.028 3.10e-02   0.0
        multiplier (mulRecFNToFullRaw_198) 1.22e-02 1.08e-02    3.024 2.60e-02   0.0
          isSigNaN_b (isSigNaNRecFN_397) 5.12e-06 8.97e-06 4.69e-03 1.88e-05   0.0
          recFNToRawFN_b (recFNToRawFN_397) 6.49e-04 2.21e-04    0.129 9.99e-04   0.0
          isSigNaN_a (isSigNaNRecFN_398) 4.08e-06 7.59e-06 4.67e-03 1.63e-05   0.0
          recFNToRawFN_a (recFNToRawFN_398) 4.50e-04 1.72e-04    0.129 7.51e-04   0.0
        g_in_ieee_from_ieee_b (fNToRecFN_1_396) 7.46e-04 5.26e-04    0.313 1.59e-03   0.0
          clz (bsg_counting_leading_zeros_1_396) 1.22e-04 9.05e-05 6.83e-02 2.81e-04   0.0
            lzc (VX_lzc_1_396)         1.22e-04 9.05e-05 6.83e-02 2.81e-04   0.0
              g_lzc_find_first (VX_find_first_10_4_1_396) 5.53e-05 7.11e-05 5.55e-02 1.82e-04   0.0
        g_in_ieee_from_ieee_a (fNToRecFN_1_397) 9.38e-04 3.99e-04    0.314 1.65e-03   0.0
          clz (bsg_counting_leading_zeros_1_397) 9.17e-05 6.86e-05 6.83e-02 2.29e-04   0.0
            lzc (VX_lzc_1_397)         9.17e-05 6.86e-05 6.83e-02 2.29e-04   0.0
              g_lzc_find_first (VX_find_first_10_4_1_397) 3.99e-05 5.35e-05 5.54e-02 1.49e-04   0.0
      g_prod_0__pipe_mult (VX_pipe_register_1_199) 2.38e-03 1.16e-02    0.477 1.44e-02   0.0
        g_shift_register (VX_shift_register_33_0_1_0_199) 2.38e-03 1.16e-02    0.477 1.44e-02   0.0
      g_prod_0__fp16_mul (VX_tcu_bhf_fmul_199) 1.99e-02 4.89e-02    5.427 7.42e-02   0.1
        pipe_rnd (VX_pipe_register_4_374) 2.11e-03 1.16e-02    0.477 1.41e-02   0.0
          g_shift_register (VX_shift_register_38_0_1_0_374) 2.11e-03 1.16e-02    0.477 1.41e-02   0.0
        rounding (roundAnyRawFNToRecFN_200) 1.30e-03 1.11e-03    0.273 2.68e-03   0.0
        pipe_add (VX_pipe_register_3_199) 4.23e-03 2.46e-02    1.028 2.98e-02   0.0
          g_shift_register (VX_shift_register_37_0_2_0_199) 4.23e-03 2.46e-02    1.028 2.98e-02   0.0
        multiplier (mulRecFNToFullRaw_199) 1.09e-02 1.07e-02    3.022 2.47e-02   0.0
          isSigNaN_b (isSigNaNRecFN_399) 5.56e-06 8.81e-06 4.70e-03 1.91e-05   0.0
          recFNToRawFN_b (recFNToRawFN_399) 7.71e-04 2.21e-04    0.129 1.12e-03   0.0
          isSigNaN_a (isSigNaNRecFN_400) 4.13e-06 7.08e-06 4.62e-03 1.58e-05   0.0
          recFNToRawFN_a (recFNToRawFN_400) 3.18e-04 1.65e-04    0.129 6.12e-04   0.0
        g_in_ieee_from_ieee_b (fNToRecFN_1_398) 7.32e-04 5.26e-04    0.313 1.57e-03   0.0
          clz (bsg_counting_leading_zeros_1_398) 1.22e-04 9.13e-05 6.83e-02 2.82e-04   0.0
            lzc (VX_lzc_1_398)         1.22e-04 9.13e-05 6.83e-02 2.82e-04   0.0
              g_lzc_find_first (VX_find_first_10_4_1_398) 5.46e-05 7.19e-05 5.54e-02 1.82e-04   0.0
        g_in_ieee_from_ieee_a (fNToRecFN_1_399) 5.71e-04 3.95e-04    0.314 1.28e-03   0.0
          clz (bsg_counting_leading_zeros_1_399) 9.05e-05 6.79e-05 6.83e-02 2.27e-04   0.0
            lzc (VX_lzc_1_399)         9.05e-05 6.79e-05 6.83e-02 2.27e-04   0.0
              g_lzc_find_first (VX_find_first_10_4_1_399) 3.93e-05 5.26e-05 5.54e-02 1.47e-04   0.0
    g_i_1__g_j_3__genblk1_u_buffer_ex (VX_pipe_register_30) 1.61e-02 9.43e-02    4.324    0.115   0.2
      g_shift_register (VX_shift_register_582_0_1_0_24) 1.61e-02 9.43e-02    4.324    0.115   0.2
    g_i_1__g_j_2__fedp (VX_tcu_fedp_bhf_25)    0.705    1.220  117.102    2.042   2.8
      final_add (VX_tcu_bhf_fadd_1_25) 5.30e-02 6.73e-02    8.538    0.129   0.2
        pipe_rnd (VX_pipe_register_6_25) 7.05e-03 1.16e-02    0.491 1.91e-02   0.0
          g_shift_register (VX_shift_register_37_0_1_0_25) 7.05e-03 1.16e-02    0.491 1.91e-02   0.0
        g_out_ieee_to_ieee (recFNToFN_25) 5.51e-03 3.05e-03    0.802 9.36e-03   0.0
          recFNToRawFN (recFNToRawFN_1_425) 1.41e-03 8.11e-04    0.232 2.45e-03   0.0
        rounding (roundAnyRawFNToRecFN_1_200) 7.75e-03 2.97e-03    1.220 1.19e-02   0.0
          genblk2_genblk1_lowMask_roundMask (lowMaskLoHi_200) 2.54e-04 1.39e-04    0.302 6.95e-04   0.0
            reverse (reverse_2_200)    5.46e-06 2.18e-06    0.154 1.61e-04   0.0
        pipe_add (VX_pipe_register_5_200) 7.77e-03 3.05e-02    1.265 3.96e-02   0.1
          g_shift_register (VX_shift_register_45_0_2_0_200) 7.77e-03 3.05e-02    1.265 3.96e-02   0.1
        adder (addRecFNToRaw_200)      2.49e-02 1.92e-02    4.753 4.88e-02   0.1
          lowMask_far_roundExtraMask (lowMaskHiLo_200) 4.14e-05 7.90e-05 8.05e-02 2.01e-04   0.0
            reverse (reverse_1_200)    1.79e-05 3.72e-05 5.04e-02 1.06e-04   0.0
          compressBy4_far_sigSmaller (compressBy4_200) 4.74e-05 1.78e-04 4.47e-02 2.71e-04   0.0
          countLeadingZeros_close (countLeadingZeros_200) 5.72e-04 4.62e-04    0.163 1.20e-03   0.0
            reverse_in (reverse_202)   2.92e-04 3.15e-04 9.01e-02 6.97e-04   0.0
          compressBy2_close_sigSum (compressBy2_200) 1.62e-04 3.40e-04 6.60e-02 5.67e-04   0.0
          isSigNaN_b (isSigNaNRecFN_1_400) 5.03e-06 5.35e-06 4.55e-03 1.49e-05   0.0
          recFNToRawFN_b (recFNToRawFN_1_426) 6.53e-04 2.73e-04    0.236 1.16e-03   0.0
          isSigNaN_a (isSigNaNRecFN_1_401) 7.33e-06 1.25e-05 4.71e-03 2.45e-05   0.0
          recFNToRawFN_a (recFNToRawFN_1_427) 1.46e-03 8.15e-04    0.232 2.51e-03   0.0
      pipe_c (VX_pipe_register_2_25)   2.06e-02    0.139    6.434    0.166   0.2
        g_shift_register (VX_shift_register_33_0_13_0_25) 2.06e-02    0.139    6.434    0.166   0.2
      conv_c (fNToRecFN_26)            2.40e-03 9.46e-04    0.779 4.13e-03   0.0
        clz (bsg_counting_leading_zeros_26) 1.09e-04 1.13e-04    0.119 3.41e-04   0.0
          lzc (VX_lzc_26)              1.09e-04 1.13e-04    0.119 3.41e-04   0.0
            g_lzc_find_first (VX_find_first_23_5_1_25) 9.54e-05 1.10e-04    0.107 3.12e-04   0.0
      g_red_tree_2__g_add_0__reduce_add (VX_tcu_bhf_fadd_176) 5.26e-02 7.59e-02    7.730    0.136   0.2
        pipe_rnd (VX_pipe_register_4_375) 2.44e-03 1.26e-02    0.504 1.55e-02   0.0
          g_shift_register (VX_shift_register_38_0_1_0_375) 2.44e-03 1.26e-02    0.504 1.55e-02   0.0
        rounding (roundAnyRawFNToRecFN_1_201) 5.57e-03 3.64e-03    1.197 1.04e-02   0.0
          genblk2_genblk1_lowMask_roundMask (lowMaskLoHi_201) 2.57e-04 1.43e-04    0.301 7.02e-04   0.0
            reverse (reverse_2_201)    1.37e-05 5.42e-06    0.154 1.73e-04   0.0
        pipe_add (VX_pipe_register_5_201) 6.98e-03 3.16e-02    1.265 3.98e-02   0.1
          g_shift_register (VX_shift_register_45_0_2_0_201) 6.98e-03 3.16e-02    1.265 3.98e-02   0.1
        adder (addRecFNToRaw_201)      3.76e-02 2.81e-02    4.764 7.05e-02   0.1
          lowMask_far_roundExtraMask (lowMaskHiLo_201) 1.74e-04 2.96e-04 8.09e-02 5.51e-04   0.0
            reverse (reverse_1_201)    7.77e-05 1.44e-04 4.72e-02 2.69e-04   0.0
          compressBy4_far_sigSmaller (compressBy4_201) 9.01e-05 3.66e-04 4.77e-02 5.04e-04   0.0
          countLeadingZeros_close (countLeadingZeros_201) 5.91e-04 5.33e-04    0.163 1.29e-03   0.0
            reverse_in (reverse_203)   3.04e-04 3.69e-04 8.95e-02 7.63e-04   0.0
          compressBy2_close_sigSum (compressBy2_201) 2.21e-04 4.00e-04 6.61e-02 6.87e-04   0.0
          isSigNaN_b (isSigNaNRecFN_1_402) 5.12e-06 8.18e-06 4.16e-03 1.75e-05   0.0
          recFNToRawFN_b (recFNToRawFN_1_428) 2.32e-03 8.99e-04    0.233 3.45e-03   0.0
          isSigNaN_a (isSigNaNRecFN_1_403) 4.13e-06 7.93e-06 4.14e-03 1.62e-05   0.0
          recFNToRawFN_a (recFNToRawFN_1_429) 1.90e-03 9.11e-04    0.233 3.04e-03   0.0
      g_red_tree_1__g_add_1__reduce_add (VX_tcu_bhf_fadd_177) 6.07e-02 7.67e-02    7.798    0.145   0.2
        pipe_rnd (VX_pipe_register_4_376) 3.37e-03 1.29e-02    0.505 1.68e-02   0.0
          g_shift_register (VX_shift_register_38_0_1_0_376) 3.37e-03 1.29e-02    0.505 1.68e-02   0.0
        rounding (roundAnyRawFNToRecFN_1_202) 8.64e-03 3.93e-03    1.249 1.38e-02   0.0
          genblk2_genblk1_lowMask_roundMask (lowMaskLoHi_202) 2.57e-04 1.50e-04    0.302 7.09e-04   0.0
            reverse (reverse_2_202)    1.41e-05 5.42e-06    0.153 1.73e-04   0.0
        pipe_add (VX_pipe_register_5_202) 1.00e-02 3.17e-02    1.265 4.30e-02   0.1
          g_shift_register (VX_shift_register_45_0_2_0_202) 1.00e-02 3.17e-02    1.265 4.30e-02   0.1
        adder (addRecFNToRaw_202)      3.87e-02 2.82e-02    4.779 7.17e-02   0.1
          lowMask_far_roundExtraMask (lowMaskHiLo_202) 1.58e-04 2.68e-04 8.07e-02 5.06e-04   0.0
            reverse (reverse_1_202)    7.22e-05 1.29e-04 4.69e-02 2.49e-04   0.0
          compressBy4_far_sigSmaller (compressBy4_202) 5.24e-05 3.43e-04 4.62e-02 4.42e-04   0.0
          countLeadingZeros_close (countLeadingZeros_202) 5.75e-04 5.20e-04    0.163 1.26e-03   0.0
            reverse_in (reverse_204)   3.03e-04 3.63e-04 8.98e-02 7.56e-04   0.0
          compressBy2_close_sigSum (compressBy2_202) 2.10e-04 3.93e-04 6.62e-02 6.70e-04   0.0
          isSigNaN_b (isSigNaNRecFN_1_404) 5.62e-06 9.35e-06 4.38e-03 1.93e-05   0.0
          recFNToRawFN_b (recFNToRawFN_1_430) 2.92e-03 9.39e-04    0.234 4.09e-03   0.0
          isSigNaN_a (isSigNaNRecFN_1_405) 5.47e-06 9.18e-06 4.36e-03 1.90e-05   0.0
          recFNToRawFN_a (recFNToRawFN_1_431) 2.62e-03 9.56e-04    0.234 3.81e-03   0.0
      g_red_tree_1__g_add_0__reduce_add (VX_tcu_bhf_fadd_178) 6.37e-02 7.69e-02    7.828    0.148   0.2
        pipe_rnd (VX_pipe_register_4_377) 5.64e-03 1.29e-02    0.505 1.91e-02   0.0
          g_shift_register (VX_shift_register_38_0_1_0_377) 5.64e-03 1.29e-02    0.505 1.91e-02   0.0
        rounding (roundAnyRawFNToRecFN_1_203) 1.07e-02 4.03e-03    1.270 1.60e-02   0.0
          genblk2_genblk1_lowMask_roundMask (lowMaskLoHi_203) 2.55e-04 1.50e-04    0.303 7.07e-04   0.0
            reverse (reverse_2_203)    1.33e-05 5.41e-06    0.153 1.72e-04   0.0
        pipe_add (VX_pipe_register_5_203) 1.00e-02 3.18e-02    1.265 4.31e-02   0.1
          g_shift_register (VX_shift_register_45_0_2_0_203) 1.00e-02 3.18e-02    1.265 4.31e-02   0.1
        adder (addRecFNToRaw_203)      3.73e-02 2.82e-02    4.782 7.03e-02   0.1
          lowMask_far_roundExtraMask (lowMaskHiLo_203) 1.47e-04 2.72e-04 8.07e-02 4.99e-04   0.0
            reverse (reverse_1_203)    6.06e-05 1.31e-04 4.69e-02 2.38e-04   0.0
          compressBy4_far_sigSmaller (compressBy4_203) 7.40e-05 3.44e-04 4.61e-02 4.64e-04   0.0
          countLeadingZeros_close (countLeadingZeros_203) 5.65e-04 5.22e-04    0.163 1.25e-03   0.0
            reverse_in (reverse_205)   2.96e-04 3.65e-04 8.98e-02 7.51e-04   0.0
          compressBy2_close_sigSum (compressBy2_203) 1.93e-04 3.94e-04 6.61e-02 6.53e-04   0.0
          isSigNaN_b (isSigNaNRecFN_1_406) 6.66e-06 9.42e-06 4.37e-03 2.05e-05   0.0
          recFNToRawFN_b (recFNToRawFN_1_432) 3.09e-03 9.66e-04    0.234 4.29e-03   0.0
          isSigNaN_a (isSigNaNRecFN_1_407) 4.69e-06 9.11e-06 4.38e-03 1.82e-05   0.0
          recFNToRawFN_a (recFNToRawFN_1_433) 1.51e-03 9.20e-04    0.234 2.67e-03   0.0
      g_red_tree_0__g_add_3__reduce_add (VX_tcu_bhf_fadd_179) 7.05e-02 7.47e-02    7.722    0.153   0.2
        pipe_rnd (VX_pipe_register_4_378) 6.27e-03 1.31e-02    0.505 1.99e-02   0.0
          g_shift_register (VX_shift_register_38_0_1_0_378) 6.27e-03 1.31e-02    0.505 1.99e-02   0.0
        rounding (roundAnyRawFNToRecFN_1_204) 1.76e-02 4.19e-03    1.358 2.31e-02   0.0
          genblk2_genblk1_lowMask_roundMask (lowMaskLoHi_204) 2.60e-04 1.52e-04    0.303 7.15e-04   0.0
            reverse (reverse_2_204)    1.31e-05 5.42e-06    0.153 1.72e-04   0.0
        pipe_add (VX_pipe_register_5_204) 1.53e-02 3.22e-02    1.268 4.88e-02   0.1
          g_shift_register (VX_shift_register_45_0_2_0_204) 1.53e-02 3.22e-02    1.268 4.88e-02   0.1
        adder (addRecFNToRaw_204)      3.13e-02 2.52e-02    4.583 6.11e-02   0.1
          lowMask_far_roundExtraMask (lowMaskHiLo_204) 1.13e-04 2.24e-04 6.92e-02 4.06e-04   0.0
            reverse (reverse_1_204)    5.32e-05 1.08e-04 3.99e-02 2.01e-04   0.0
          compressBy4_far_sigSmaller (compressBy4_204) 5.59e-05 2.46e-04 4.07e-02 3.42e-04   0.0
          countLeadingZeros_close (countLeadingZeros_204) 5.51e-04 5.03e-04    0.156 1.21e-03   0.0
            reverse_in (reverse_206)   2.85e-04 3.04e-04 8.26e-02 6.71e-04   0.0
          compressBy2_close_sigSum (compressBy2_204) 1.78e-04 3.29e-04 6.15e-02 5.68e-04   0.0
          isSigNaN_b (isSigNaNRecFN_1_408) 9.32e-06 1.10e-05 4.85e-03 2.52e-05   0.0
          recFNToRawFN_b (recFNToRawFN_1_434) 2.10e-03 7.55e-04    0.221 3.07e-03   0.0
          isSigNaN_a (isSigNaNRecFN_1_409) 7.80e-06 1.11e-05 4.85e-03 2.37e-05   0.0
          recFNToRawFN_a (recFNToRawFN_1_435) 1.62e-03 7.54e-04    0.221 2.60e-03   0.0
      g_red_tree_0__g_add_2__reduce_add (VX_tcu_bhf_fadd_180) 7.04e-02 7.49e-02    7.734    0.153   0.2
        pipe_rnd (VX_pipe_register_4_379) 7.31e-03 1.31e-02    0.505 2.09e-02   0.0
          g_shift_register (VX_shift_register_38_0_1_0_379) 7.31e-03 1.31e-02    0.505 2.09e-02   0.0
        rounding (roundAnyRawFNToRecFN_1_205) 1.87e-02 4.27e-03    1.374 2.43e-02   0.0
          genblk2_genblk1_lowMask_roundMask (lowMaskLoHi_205) 2.61e-04 1.56e-04    0.304 7.21e-04   0.0
            reverse (reverse_2_205)    1.36e-05 5.42e-06    0.153 1.72e-04   0.0
        pipe_add (VX_pipe_register_5_205) 1.30e-02 3.22e-02    1.268 4.65e-02   0.1
          g_shift_register (VX_shift_register_45_0_2_0_205) 1.30e-02 3.22e-02    1.268 4.65e-02   0.1
        adder (addRecFNToRaw_205)      3.14e-02 2.53e-02    4.587 6.13e-02   0.1
          lowMask_far_roundExtraMask (lowMaskHiLo_205) 1.28e-04 2.26e-04 6.92e-02 4.23e-04   0.0
            reverse (reverse_1_205)    6.13e-05 1.09e-04 3.98e-02 2.11e-04   0.0
          compressBy4_far_sigSmaller (compressBy4_205) 5.08e-05 2.46e-04 4.06e-02 3.38e-04   0.0
          countLeadingZeros_close (countLeadingZeros_205) 5.53e-04 5.02e-04    0.156 1.21e-03   0.0
            reverse_in (reverse_207)   2.90e-04 3.03e-04 8.27e-02 6.76e-04   0.0
          compressBy2_close_sigSum (compressBy2_205) 1.82e-04 3.28e-04 6.14e-02 5.72e-04   0.0
          isSigNaN_b (isSigNaNRecFN_1_410) 9.21e-06 1.11e-05 4.87e-03 2.52e-05   0.0
          recFNToRawFN_b (recFNToRawFN_1_436) 1.91e-03 7.57e-04    0.221 2.89e-03   0.0
          isSigNaN_a (isSigNaNRecFN_1_411) 5.66e-06 1.09e-05 4.83e-03 2.14e-05   0.0
          recFNToRawFN_a (recFNToRawFN_1_437) 1.83e-03 7.50e-04    0.221 2.80e-03   0.0
      g_red_tree_0__g_add_1__reduce_add (VX_tcu_bhf_fadd_181) 7.62e-02 7.51e-02    7.773    0.159   0.2
        pipe_rnd (VX_pipe_register_4_380) 7.67e-03 1.31e-02    0.505 2.13e-02   0.0
          g_shift_register (VX_shift_register_38_0_1_0_380) 7.67e-03 1.31e-02    0.505 2.13e-02   0.0
        rounding (roundAnyRawFNToRecFN_1_206) 2.17e-02 4.44e-03    1.402 2.76e-02   0.0
          genblk2_genblk1_lowMask_roundMask (lowMaskLoHi_206) 2.52e-04 1.54e-04    0.303 7.09e-04   0.0
            reverse (reverse_2_206)    1.34e-05 5.41e-06    0.153 1.72e-04   0.0
        pipe_add (VX_pipe_register_5_206) 1.31e-02 3.22e-02    1.268 4.66e-02   0.1
          g_shift_register (VX_shift_register_45_0_2_0_206) 1.31e-02 3.22e-02    1.268 4.66e-02   0.1
        adder (addRecFNToRaw_206)      3.37e-02 2.53e-02    4.591 6.36e-02   0.1
          lowMask_far_roundExtraMask (lowMaskHiLo_206) 1.18e-04 2.24e-04 6.92e-02 4.12e-04   0.0
            reverse (reverse_1_206)    4.73e-05 1.08e-04 3.99e-02 1.95e-04   0.0
          compressBy4_far_sigSmaller (compressBy4_206) 5.38e-05 2.45e-04 4.07e-02 3.40e-04   0.0
          countLeadingZeros_close (countLeadingZeros_206) 5.50e-04 5.04e-04    0.157 1.21e-03   0.0
            reverse_in (reverse_208)   2.84e-04 3.04e-04 8.27e-02 6.70e-04   0.0
          compressBy2_close_sigSum (compressBy2_206) 1.60e-04 3.28e-04 6.15e-02 5.50e-04   0.0
          isSigNaN_b (isSigNaNRecFN_1_412) 5.69e-06 1.12e-05 4.87e-03 2.18e-05   0.0
          recFNToRawFN_b (recFNToRawFN_1_438) 2.76e-03 7.58e-04    0.221 3.74e-03   0.0
          isSigNaN_a (isSigNaNRecFN_1_413) 7.29e-06 1.11e-05 4.85e-03 2.32e-05   0.0
          recFNToRawFN_a (recFNToRawFN_1_439) 1.70e-03 7.49e-04    0.221 2.67e-03   0.0
      g_red_tree_0__g_add_0__reduce_add (VX_tcu_bhf_fadd_182) 4.73e-02 7.42e-02    7.580    0.129   0.2
        pipe_rnd (VX_pipe_register_4_381) 2.87e-03 1.29e-02    0.505 1.63e-02   0.0
          g_shift_register (VX_shift_register_38_0_1_0_381) 2.87e-03 1.29e-02    0.505 1.63e-02   0.0
        rounding (roundAnyRawFNToRecFN_1_207) 5.98e-03 3.83e-03    1.232 1.10e-02   0.0
          genblk2_genblk1_lowMask_roundMask (lowMaskLoHi_207) 2.44e-04 1.51e-04    0.303 6.99e-04   0.0
            reverse (reverse_2_207)    1.46e-05 5.43e-06    0.153 1.73e-04   0.0
        pipe_add (VX_pipe_register_5_207) 7.88e-03 3.22e-02    1.268 4.13e-02   0.1
          g_shift_register (VX_shift_register_45_0_2_0_207) 7.88e-03 3.22e-02    1.268 4.13e-02   0.1
        adder (addRecFNToRaw_207)      3.06e-02 2.53e-02    4.575 6.04e-02   0.1
          lowMask_far_roundExtraMask (lowMaskHiLo_207) 1.17e-04 2.24e-04 6.92e-02 4.10e-04   0.0
            reverse (reverse_1_207)    5.02e-05 1.08e-04 3.98e-02 1.98e-04   0.0
          compressBy4_far_sigSmaller (compressBy4_207) 3.91e-05 2.46e-04 4.06e-02 3.26e-04   0.0
          countLeadingZeros_close (countLeadingZeros_207) 5.67e-04 5.04e-04    0.157 1.23e-03   0.0
            reverse_in (reverse_209)   3.01e-04 3.04e-04 8.27e-02 6.88e-04   0.0
          compressBy2_close_sigSum (compressBy2_207) 1.62e-04 3.28e-04 6.15e-02 5.52e-04   0.0
          isSigNaN_b (isSigNaNRecFN_1_414) 6.62e-06 1.10e-05 4.85e-03 2.24e-05   0.0
          recFNToRawFN_b (recFNToRawFN_1_440) 2.09e-03 7.59e-04    0.221 3.08e-03   0.0
          isSigNaN_a (isSigNaNRecFN_1_415) 7.32e-06 1.06e-05 4.87e-03 2.28e-05   0.0
          recFNToRawFN_a (recFNToRawFN_1_441) 1.68e-03 7.49e-04    0.221 2.65e-03   0.0
      g_prod_7__pipe_mult (VX_pipe_register_1_200) 2.32e-03 1.16e-02    0.477 1.44e-02   0.0
        g_shift_register (VX_shift_register_33_0_1_0_200) 2.32e-03 1.16e-02    0.477 1.44e-02   0.0
      g_prod_7__fp16_mul (VX_tcu_bhf_fmul_200) 1.90e-02 4.90e-02    5.408 7.34e-02   0.1
        pipe_rnd (VX_pipe_register_4_382) 2.02e-03 1.16e-02    0.477 1.41e-02   0.0
          g_shift_register (VX_shift_register_38_0_1_0_382) 2.02e-03 1.16e-02    0.477 1.41e-02   0.0
        rounding (roundAnyRawFNToRecFN_201) 1.38e-03 1.12e-03    0.272 2.77e-03   0.0
        pipe_add (VX_pipe_register_3_200) 3.92e-03 2.46e-02    1.028 2.96e-02   0.0
          g_shift_register (VX_shift_register_37_0_2_0_200) 3.92e-03 2.46e-02    1.028 2.96e-02   0.0
        multiplier (mulRecFNToFullRaw_200) 1.04e-02 1.08e-02    3.008 2.42e-02   0.0
          isSigNaN_b (isSigNaNRecFN_401) 5.03e-06 8.82e-06 4.66e-03 1.85e-05   0.0
          recFNToRawFN_b (recFNToRawFN_401) 7.22e-04 2.22e-04    0.129 1.07e-03   0.0
          isSigNaN_a (isSigNaNRecFN_402) 5.20e-06 7.23e-06 4.70e-03 1.71e-05   0.0
          recFNToRawFN_a (recFNToRawFN_402) 3.47e-04 1.67e-04    0.129 6.43e-04   0.0
        g_in_ieee_from_ieee_b (fNToRecFN_1_400) 6.89e-04 5.31e-04    0.312 1.53e-03   0.0
          clz (bsg_counting_leading_zeros_1_400) 1.25e-04 9.22e-05 6.84e-02 2.85e-04   0.0
            lzc (VX_lzc_1_400)         1.25e-04 9.22e-05 6.84e-02 2.85e-04   0.0
              g_lzc_find_first (VX_find_first_10_4_1_400) 5.55e-05 7.25e-05 5.56e-02 1.84e-04   0.0
        g_in_ieee_from_ieee_a (fNToRecFN_1_401) 5.37e-04 4.02e-04    0.311 1.25e-03   0.0
          clz (bsg_counting_leading_zeros_1_401) 9.49e-05 6.94e-05 6.84e-02 2.33e-04   0.0
            lzc (VX_lzc_1_401)         9.49e-05 6.94e-05 6.84e-02 2.33e-04   0.0
              g_lzc_find_first (VX_find_first_10_4_1_401) 4.21e-05 5.38e-05 5.56e-02 1.51e-04   0.0
      g_prod_6__pipe_mult (VX_pipe_register_1_201) 2.22e-03 1.16e-02    0.477 1.43e-02   0.0
        g_shift_register (VX_shift_register_33_0_1_0_201) 2.22e-03 1.16e-02    0.477 1.43e-02   0.0
      g_prod_6__fp16_mul (VX_tcu_bhf_fmul_201) 1.79e-02 4.90e-02    5.410 7.23e-02   0.1
        pipe_rnd (VX_pipe_register_4_383) 1.83e-03 1.16e-02    0.477 1.39e-02   0.0
          g_shift_register (VX_shift_register_38_0_1_0_383) 1.83e-03 1.16e-02    0.477 1.39e-02   0.0
        rounding (roundAnyRawFNToRecFN_202) 7.35e-04 1.11e-03    0.271 2.11e-03   0.0
        pipe_add (VX_pipe_register_3_201) 3.84e-03 2.46e-02    1.028 2.95e-02   0.0
          g_shift_register (VX_shift_register_37_0_2_0_201) 3.84e-03 2.46e-02    1.028 2.95e-02   0.0
        multiplier (mulRecFNToFullRaw_201) 1.02e-02 1.08e-02    3.008 2.40e-02   0.0
          isSigNaN_b (isSigNaNRecFN_403) 9.33e-06 8.90e-06 4.66e-03 2.29e-05   0.0
          recFNToRawFN_b (recFNToRawFN_403) 7.45e-04 2.23e-04    0.129 1.10e-03   0.0
          isSigNaN_a (isSigNaNRecFN_404) 7.03e-06 7.44e-06 4.71e-03 1.92e-05   0.0
          recFNToRawFN_a (recFNToRawFN_404) 3.57e-04 1.68e-04    0.129 6.55e-04   0.0
        g_in_ieee_from_ieee_b (fNToRecFN_1_402) 7.00e-04 5.28e-04    0.313 1.54e-03   0.0
          clz (bsg_counting_leading_zeros_1_402) 1.20e-04 9.00e-05 6.84e-02 2.78e-04   0.0
            lzc (VX_lzc_1_402)         1.20e-04 9.00e-05 6.84e-02 2.78e-04   0.0
              g_lzc_find_first (VX_find_first_10_4_1_402) 5.34e-05 7.08e-05 5.56e-02 1.80e-04   0.0
        g_in_ieee_from_ieee_a (fNToRecFN_1_403) 5.31e-04 4.03e-04    0.312 1.25e-03   0.0
          clz (bsg_counting_leading_zeros_1_403) 9.40e-05 6.93e-05 6.83e-02 2.31e-04   0.0
            lzc (VX_lzc_1_403)         9.40e-05 6.93e-05 6.83e-02 2.31e-04   0.0
              g_lzc_find_first (VX_find_first_10_4_1_403) 4.13e-05 5.37e-05 5.54e-02 1.50e-04   0.0
      g_prod_5__pipe_mult (VX_pipe_register_1_202) 2.42e-03 1.16e-02    0.477 1.45e-02   0.0
        g_shift_register (VX_shift_register_33_0_1_0_202) 2.42e-03 1.16e-02    0.477 1.45e-02   0.0
      g_prod_5__fp16_mul (VX_tcu_bhf_fmul_202) 1.91e-02 4.90e-02    5.424 7.35e-02   0.1
        pipe_rnd (VX_pipe_register_4_384) 2.00e-03 1.16e-02    0.477 1.40e-02   0.0
          g_shift_register (VX_shift_register_38_0_1_0_384) 2.00e-03 1.16e-02    0.477 1.40e-02   0.0
        rounding (roundAnyRawFNToRecFN_203) 1.00e-03 1.10e-03    0.272 2.38e-03   0.0
        pipe_add (VX_pipe_register_3_202) 3.98e-03 2.46e-02    1.028 2.96e-02   0.0
          g_shift_register (VX_shift_register_37_0_2_0_202) 3.98e-03 2.46e-02    1.028 2.96e-02   0.0
        multiplier (mulRecFNToFullRaw_202) 1.07e-02 1.08e-02    3.023 2.46e-02   0.0
          isSigNaN_b (isSigNaNRecFN_405) 4.59e-06 8.95e-06 4.69e-03 1.82e-05   0.0
          recFNToRawFN_b (recFNToRawFN_405) 6.96e-04 2.24e-04    0.129 1.05e-03   0.0
          isSigNaN_a (isSigNaNRecFN_406) 3.74e-06 7.02e-06 4.72e-03 1.55e-05   0.0
          recFNToRawFN_a (recFNToRawFN_406) 4.14e-04 1.67e-04    0.129 7.10e-04   0.0
        g_in_ieee_from_ieee_b (fNToRecFN_1_404) 6.53e-04 5.29e-04    0.311 1.49e-03   0.0
          clz (bsg_counting_leading_zeros_1_404) 1.20e-04 9.16e-05 6.83e-02 2.80e-04   0.0
            lzc (VX_lzc_1_404)         1.20e-04 9.16e-05 6.83e-02 2.80e-04   0.0
              g_lzc_find_first (VX_find_first_10_4_1_404) 5.52e-05 7.23e-05 5.55e-02 1.83e-04   0.0
        g_in_ieee_from_ieee_a (fNToRecFN_1_405) 6.89e-04 4.01e-04    0.313 1.40e-03   0.0
          clz (bsg_counting_leading_zeros_1_405) 9.32e-05 6.89e-05 6.85e-02 2.31e-04   0.0
            lzc (VX_lzc_1_405)         9.32e-05 6.89e-05 6.85e-02 2.31e-04   0.0
              g_lzc_find_first (VX_find_first_10_4_1_405) 4.10e-05 5.36e-05 5.56e-02 1.50e-04   0.0
      g_prod_4__pipe_mult (VX_pipe_register_1_203) 3.49e-03 1.16e-02    0.477 1.55e-02   0.0
        g_shift_register (VX_shift_register_33_0_1_0_203) 3.49e-03 1.16e-02    0.477 1.55e-02   0.0
      g_prod_4__fp16_mul (VX_tcu_bhf_fmul_203) 2.56e-02 4.90e-02    5.414 8.00e-02   0.1
        pipe_rnd (VX_pipe_register_4_385) 4.48e-03 1.16e-02    0.477 1.65e-02   0.0
          g_shift_register (VX_shift_register_38_0_1_0_385) 4.48e-03 1.16e-02    0.477 1.65e-02   0.0
        rounding (roundAnyRawFNToRecFN_204) 2.18e-03 1.11e-03    0.273 3.57e-03   0.0
        pipe_add (VX_pipe_register_3_203) 4.54e-03 2.46e-02    1.028 3.02e-02   0.0
          g_shift_register (VX_shift_register_37_0_2_0_203) 4.54e-03 2.46e-02    1.028 3.02e-02   0.0
        multiplier (mulRecFNToFullRaw_203) 1.27e-02 1.08e-02    3.009 2.65e-02   0.0
          isSigNaN_b (isSigNaNRecFN_407) 6.22e-06 9.24e-06 4.68e-03 2.01e-05   0.0
          recFNToRawFN_b (recFNToRawFN_407) 7.11e-04 2.25e-04    0.129 1.07e-03   0.0
          isSigNaN_a (isSigNaNRecFN_408) 6.02e-06 7.75e-06 4.70e-03 1.85e-05   0.0
          recFNToRawFN_a (recFNToRawFN_408) 5.07e-04 1.75e-04    0.129 8.10e-04   0.0
        g_in_ieee_from_ieee_b (fNToRecFN_1_406) 7.62e-04 5.33e-04    0.313 1.61e-03   0.0
          clz (bsg_counting_leading_zeros_1_406) 1.21e-04 9.14e-05 6.83e-02 2.81e-04   0.0
            lzc (VX_lzc_1_406)         1.21e-04 9.14e-05 6.83e-02 2.81e-04   0.0
              g_lzc_find_first (VX_find_first_10_4_1_406) 5.51e-05 7.19e-05 5.54e-02 1.82e-04   0.0
        g_in_ieee_from_ieee_a (fNToRecFN_1_407) 9.88e-04 4.00e-04    0.313 1.70e-03   0.0
          clz (bsg_counting_leading_zeros_1_407) 9.24e-05 6.86e-05 6.83e-02 2.29e-04   0.0
            lzc (VX_lzc_1_407)         9.24e-05 6.86e-05 6.83e-02 2.29e-04   0.0
              g_lzc_find_first (VX_find_first_10_4_1_407) 4.07e-05 5.32e-05 5.54e-02 1.49e-04   0.0
      g_prod_3__pipe_mult (VX_pipe_register_1_204) 2.69e-03 1.16e-02    0.477 1.47e-02   0.0
        g_shift_register (VX_shift_register_33_0_1_0_204) 2.69e-03 1.16e-02    0.477 1.47e-02   0.0
      g_prod_3__fp16_mul (VX_tcu_bhf_fmul_204) 2.14e-02 4.89e-02    5.415 7.58e-02   0.1
        pipe_rnd (VX_pipe_register_4_386) 3.11e-03 1.16e-02    0.477 1.51e-02   0.0
          g_shift_register (VX_shift_register_38_0_1_0_386) 3.11e-03 1.16e-02    0.477 1.51e-02   0.0
        rounding (roundAnyRawFNToRecFN_205) 1.42e-03 1.10e-03    0.274 2.80e-03   0.0
        pipe_add (VX_pipe_register_3_204) 4.94e-03 2.46e-02    1.028 3.06e-02   0.0
          g_shift_register (VX_shift_register_37_0_2_0_204) 4.94e-03 2.46e-02    1.028 3.06e-02   0.0
        multiplier (mulRecFNToFullRaw_204) 1.07e-02 1.08e-02    3.008 2.45e-02   0.0
          isSigNaN_b (isSigNaNRecFN_409) 6.70e-06 8.88e-06 4.66e-03 2.02e-05   0.0
          recFNToRawFN_b (recFNToRawFN_409) 7.92e-04 2.21e-04    0.129 1.14e-03   0.0
          isSigNaN_a (isSigNaNRecFN_410) 4.27e-06 7.12e-06 4.71e-03 1.61e-05   0.0
          recFNToRawFN_a (recFNToRawFN_410) 3.41e-04 1.66e-04    0.129 6.37e-04   0.0
        g_in_ieee_from_ieee_b (fNToRecFN_1_408) 6.75e-04 5.24e-04    0.313 1.51e-03   0.0
          clz (bsg_counting_leading_zeros_1_408) 1.22e-04 9.08e-05 6.83e-02 2.81e-04   0.0
            lzc (VX_lzc_1_408)         1.22e-04 9.08e-05 6.83e-02 2.81e-04   0.0
              g_lzc_find_first (VX_find_first_10_4_1_408) 5.37e-05 7.13e-05 5.54e-02 1.80e-04   0.0
        g_in_ieee_from_ieee_a (fNToRecFN_1_409) 5.54e-04 4.00e-04    0.313 1.27e-03   0.0
          clz (bsg_counting_leading_zeros_1_409) 9.54e-05 6.87e-05 6.85e-02 2.33e-04   0.0
            lzc (VX_lzc_1_409)         9.54e-05 6.87e-05 6.85e-02 2.33e-04   0.0
              g_lzc_find_first (VX_find_first_10_4_1_409) 4.14e-05 5.32e-05 5.56e-02 1.50e-04   0.0
      g_prod_2__pipe_mult (VX_pipe_register_1_205) 3.32e-03 1.16e-02    0.477 1.54e-02   0.0
        g_shift_register (VX_shift_register_33_0_1_0_205) 3.32e-03 1.16e-02    0.477 1.54e-02   0.0
      g_prod_2__fp16_mul (VX_tcu_bhf_fmul_205) 2.17e-02 4.89e-02    5.410 7.60e-02   0.1
        pipe_rnd (VX_pipe_register_4_387) 4.67e-03 1.16e-02    0.477 1.67e-02   0.0
          g_shift_register (VX_shift_register_38_0_1_0_387) 4.67e-03 1.16e-02    0.477 1.67e-02   0.0
        rounding (roundAnyRawFNToRecFN_206) 1.01e-03 1.10e-03    0.273 2.38e-03   0.0
        pipe_add (VX_pipe_register_3_205) 4.27e-03 2.46e-02    1.028 2.99e-02   0.0
          g_shift_register (VX_shift_register_37_0_2_0_205) 4.27e-03 2.46e-02    1.028 2.99e-02   0.0
        multiplier (mulRecFNToFullRaw_205) 1.05e-02 1.07e-02    3.008 2.42e-02   0.0
          isSigNaN_b (isSigNaNRecFN_411) 1.03e-05 9.12e-06 4.68e-03 2.41e-05   0.0
          recFNToRawFN_b (recFNToRawFN_411) 7.51e-04 2.21e-04    0.129 1.10e-03   0.0
          isSigNaN_a (isSigNaNRecFN_412) 3.65e-06 7.01e-06 4.69e-03 1.53e-05   0.0
          recFNToRawFN_a (recFNToRawFN_412) 3.32e-04 1.66e-04    0.129 6.27e-04   0.0
        g_in_ieee_from_ieee_b (fNToRecFN_1_410) 7.24e-04 5.25e-04    0.314 1.56e-03   0.0
          clz (bsg_counting_leading_zeros_1_410) 1.24e-04 9.06e-05 6.83e-02 2.83e-04   0.0
            lzc (VX_lzc_1_410)         1.24e-04 9.06e-05 6.83e-02 2.83e-04   0.0
              g_lzc_find_first (VX_find_first_10_4_1_410) 5.54e-05 7.13e-05 5.55e-02 1.82e-04   0.0
        g_in_ieee_from_ieee_a (fNToRecFN_1_411) 5.20e-04 3.99e-04    0.311 1.23e-03   0.0
          clz (bsg_counting_leading_zeros_1_411) 9.37e-05 6.86e-05 6.83e-02 2.31e-04   0.0
            lzc (VX_lzc_1_411)         6.42e-05 5.99e-05 6.18e-02 1.86e-04   0.0
              g_lzc_find_first (VX_find_first_10_4_1_411) 4.20e-05 5.34e-05 5.54e-02 1.51e-04   0.0
      g_prod_1__pipe_mult (VX_pipe_register_1_206) 2.33e-03 1.16e-02    0.477 1.44e-02   0.0
        g_shift_register (VX_shift_register_33_0_1_0_206) 2.33e-03 1.16e-02    0.477 1.44e-02   0.0
      g_prod_1__fp16_mul (VX_tcu_bhf_fmul_206) 2.04e-02 4.90e-02    5.425 7.48e-02   0.1
        pipe_rnd (VX_pipe_register_4_388) 2.17e-03 1.16e-02    0.477 1.42e-02   0.0
          g_shift_register (VX_shift_register_38_0_1_0_388) 2.17e-03 1.16e-02    0.477 1.42e-02   0.0
        rounding (roundAnyRawFNToRecFN_207) 1.25e-03 1.10e-03    0.272 2.63e-03   0.0
        pipe_add (VX_pipe_register_3_206) 4.47e-03 2.46e-02    1.028 3.01e-02   0.0
          g_shift_register (VX_shift_register_37_0_2_0_206) 4.47e-03 2.46e-02    1.028 3.01e-02   0.0
        multiplier (mulRecFNToFullRaw_206) 1.09e-02 1.08e-02    3.022 2.47e-02   0.0
          isSigNaN_b (isSigNaNRecFN_413) 4.63e-06 8.66e-06 4.63e-03 1.79e-05   0.0
          recFNToRawFN_b (recFNToRawFN_413) 6.63e-04 2.21e-04    0.129 1.01e-03   0.0
          isSigNaN_a (isSigNaNRecFN_414) 6.11e-06 7.43e-06 4.67e-03 1.82e-05   0.0
          recFNToRawFN_a (recFNToRawFN_414) 4.81e-04 1.72e-04    0.129 7.82e-04   0.0
        g_in_ieee_from_ieee_b (fNToRecFN_1_412) 6.82e-04 5.24e-04    0.312 1.52e-03   0.0
          clz (bsg_counting_leading_zeros_1_412) 1.18e-04 9.04e-05 6.83e-02 2.76e-04   0.0
            lzc (VX_lzc_1_412)         1.18e-04 9.04e-05 6.83e-02 2.76e-04   0.0
              g_lzc_find_first (VX_find_first_10_4_1_412) 5.48e-05 7.13e-05 5.54e-02 1.81e-04   0.0
        g_in_ieee_from_ieee_a (fNToRecFN_1_413) 9.42e-04 4.00e-04    0.313 1.65e-03   0.0
          clz (bsg_counting_leading_zeros_1_413) 9.20e-05 6.86e-05 6.83e-02 2.29e-04   0.0
            lzc (VX_lzc_1_413)         9.20e-05 6.86e-05 6.83e-02 2.29e-04   0.0
              g_lzc_find_first (VX_find_first_10_4_1_413) 4.14e-05 5.35e-05 5.54e-02 1.50e-04   0.0
      g_prod_0__pipe_mult (VX_pipe_register_1_207) 2.51e-03 1.16e-02    0.477 1.46e-02   0.0
        g_shift_register (VX_shift_register_33_0_1_0_207) 2.51e-03 1.16e-02    0.477 1.46e-02   0.0
      g_prod_0__fp16_mul (VX_tcu_bhf_fmul_207) 2.11e-02 4.89e-02    5.428 7.54e-02   0.1
        pipe_rnd (VX_pipe_register_4_389) 2.19e-03 1.16e-02    0.477 1.42e-02   0.0
          g_shift_register (VX_shift_register_38_0_1_0_389) 2.19e-03 1.16e-02    0.477 1.42e-02   0.0
        rounding (roundAnyRawFNToRecFN_208) 1.68e-03 1.11e-03    0.273 3.07e-03   0.0
        pipe_add (VX_pipe_register_3_207) 4.12e-03 2.46e-02    1.028 2.97e-02   0.0
          g_shift_register (VX_shift_register_37_0_2_0_207) 4.12e-03 2.46e-02    1.028 2.97e-02   0.0
        multiplier (mulRecFNToFullRaw_207) 1.15e-02 1.07e-02    3.023 2.53e-02   0.0
          isSigNaN_b (isSigNaNRecFN_415) 6.35e-06 9.08e-06 4.72e-03 2.02e-05   0.0
          recFNToRawFN_b (recFNToRawFN_415) 6.70e-04 2.23e-04    0.129 1.02e-03   0.0
          isSigNaN_a (isSigNaNRecFN_416) 7.24e-06 7.45e-06 4.62e-03 1.93e-05   0.0
          recFNToRawFN_a (recFNToRawFN_416) 4.28e-04 1.70e-04    0.129 7.28e-04   0.0
        g_in_ieee_from_ieee_b (fNToRecFN_1_414) 6.81e-04 5.27e-04    0.313 1.52e-03   0.0
          clz (bsg_counting_leading_zeros_1_414) 1.20e-04 8.98e-05 6.83e-02 2.78e-04   0.0
            lzc (VX_lzc_1_414)         1.20e-04 8.98e-05 6.83e-02 2.78e-04   0.0
              g_lzc_find_first (VX_find_first_10_4_1_414) 5.40e-05 7.06e-05 5.55e-02 1.80e-04   0.0
        g_in_ieee_from_ieee_a (fNToRecFN_1_415) 8.63e-04 3.99e-04    0.314 1.58e-03   0.0
          clz (bsg_counting_leading_zeros_1_415) 9.29e-05 6.78e-05 6.83e-02 2.29e-04   0.0
            lzc (VX_lzc_1_415)         9.29e-05 6.78e-05 6.83e-02 2.29e-04   0.0
              g_lzc_find_first (VX_find_first_10_4_1_415) 4.05e-05 5.25e-05 5.55e-02 1.49e-04   0.0
    g_i_1__g_j_2__genblk1_u_buffer_ex (VX_pipe_register_31) 1.67e-02 9.44e-02    4.324    0.115   0.2
      g_shift_register (VX_shift_register_582_0_1_0_25) 1.67e-02 9.44e-02    4.324    0.115   0.2
    g_i_1__g_j_1__fedp (VX_tcu_fedp_bhf_26)    0.694    1.219  116.995    2.030   2.8
      final_add (VX_tcu_bhf_fadd_1_26) 4.79e-02 6.70e-02    8.524    0.123   0.2
        pipe_rnd (VX_pipe_register_6_26) 5.11e-03 1.15e-02    0.491 1.71e-02   0.0
          g_shift_register (VX_shift_register_37_0_1_0_26) 5.11e-03 1.15e-02    0.491 1.71e-02   0.0
        g_out_ieee_to_ieee (recFNToFN_26) 4.97e-03 2.90e-03    0.792 8.67e-03   0.0
          recFNToRawFN (recFNToRawFN_1_442) 1.37e-03 7.40e-04    0.232 2.34e-03   0.0
        rounding (roundAnyRawFNToRecFN_1_208) 5.61e-03 2.95e-03    1.213 9.77e-03   0.0
          genblk2_genblk1_lowMask_roundMask (lowMaskLoHi_208) 2.45e-04 1.36e-04    0.302 6.83e-04   0.0
            reverse (reverse_2_208)    4.77e-06 1.99e-06    0.154 1.60e-04   0.0
        pipe_add (VX_pipe_register_5_208) 7.10e-03 3.05e-02    1.265 3.89e-02   0.1
          g_shift_register (VX_shift_register_45_0_2_0_208) 7.10e-03 3.05e-02    1.265 3.89e-02   0.1
        adder (addRecFNToRaw_208)      2.51e-02 1.91e-02    4.763 4.90e-02   0.1
          lowMask_far_roundExtraMask (lowMaskHiLo_208) 4.04e-05 8.07e-05 8.05e-02 2.02e-04   0.0
            reverse (reverse_1_208)    1.63e-05 3.79e-05 5.03e-02 1.04e-04   0.0
          compressBy4_far_sigSmaller (compressBy4_208) 3.26e-05 1.72e-04 4.47e-02 2.49e-04   0.0
          countLeadingZeros_close (countLeadingZeros_208) 5.34e-04 4.57e-04    0.163 1.15e-03   0.0
            reverse_in (reverse_210)   2.64e-04 3.10e-04 9.01e-02 6.64e-04   0.0
          compressBy2_close_sigSum (compressBy2_208) 1.82e-04 3.35e-04 6.60e-02 5.83e-04   0.0
          isSigNaN_b (isSigNaNRecFN_1_416) 4.66e-06 5.34e-06 4.59e-03 1.46e-05   0.0
          recFNToRawFN_b (recFNToRawFN_1_443) 7.55e-04 2.66e-04    0.236 1.26e-03   0.0
          isSigNaN_a (isSigNaNRecFN_1_417) 8.81e-06 1.31e-05 4.73e-03 2.66e-05   0.0
          recFNToRawFN_a (recFNToRawFN_1_444) 1.43e-03 8.11e-04    0.232 2.47e-03   0.0
      pipe_c (VX_pipe_register_2_26)   2.16e-02    0.139    6.434    0.167   0.2
        g_shift_register (VX_shift_register_33_0_13_0_26) 2.16e-02    0.139    6.434    0.167   0.2
      conv_c (fNToRecFN_27)            2.46e-03 9.32e-04    0.780 4.17e-03   0.0
        clz (bsg_counting_leading_zeros_27) 1.07e-04 1.09e-04    0.119 3.36e-04   0.0
          lzc (VX_lzc_27)              1.07e-04 1.09e-04    0.119 3.36e-04   0.0
            g_lzc_find_first (VX_find_first_23_5_1_26) 9.42e-05 1.06e-04    0.107 3.07e-04   0.0
      g_red_tree_2__g_add_0__reduce_add (VX_tcu_bhf_fadd_183) 6.07e-02 7.60e-02    7.780    0.145   0.2
        pipe_rnd (VX_pipe_register_4_390) 3.93e-03 1.26e-02    0.504 1.70e-02   0.0
          g_shift_register (VX_shift_register_38_0_1_0_390) 3.93e-03 1.26e-02    0.504 1.70e-02   0.0
        rounding (roundAnyRawFNToRecFN_1_209) 7.60e-03 3.74e-03    1.230 1.26e-02   0.0
          genblk2_genblk1_lowMask_roundMask (lowMaskLoHi_209) 2.70e-04 1.47e-04    0.302 7.18e-04   0.0
            reverse (reverse_2_209)    1.38e-05 5.42e-06    0.154 1.73e-04   0.0
        pipe_add (VX_pipe_register_5_209) 1.07e-02 3.16e-02    1.265 4.36e-02   0.1
          g_shift_register (VX_shift_register_45_0_2_0_209) 1.07e-02 3.16e-02    1.265 4.36e-02   0.1
        adder (addRecFNToRaw_209)      3.85e-02 2.81e-02    4.774 7.14e-02   0.1
          lowMask_far_roundExtraMask (lowMaskHiLo_209) 1.72e-04 3.00e-04 8.09e-02 5.53e-04   0.0
            reverse (reverse_1_209)    7.70e-05 1.47e-04 4.72e-02 2.71e-04   0.0
          compressBy4_far_sigSmaller (compressBy4_209) 9.81e-05 3.65e-04 4.79e-02 5.11e-04   0.0
          countLeadingZeros_close (countLeadingZeros_209) 5.87e-04 5.28e-04    0.163 1.28e-03   0.0
            reverse_in (reverse_211)   3.11e-04 3.67e-04 8.96e-02 7.68e-04   0.0
          compressBy2_close_sigSum (compressBy2_209) 2.41e-04 3.98e-04 6.61e-02 7.05e-04   0.0
          isSigNaN_b (isSigNaNRecFN_1_418) 4.33e-06 8.20e-06 4.19e-03 1.67e-05   0.0
          recFNToRawFN_b (recFNToRawFN_1_445) 2.97e-03 9.02e-04    0.233 4.10e-03   0.0
          isSigNaN_a (isSigNaNRecFN_1_419) 3.83e-06 8.42e-06 4.16e-03 1.64e-05   0.0
          recFNToRawFN_a (recFNToRawFN_1_446) 1.81e-03 9.03e-04    0.233 2.95e-03   0.0
      g_red_tree_1__g_add_1__reduce_add (VX_tcu_bhf_fadd_184) 6.85e-02 7.69e-02    7.821    0.153   0.2
        pipe_rnd (VX_pipe_register_4_391) 4.90e-03 1.29e-02    0.505 1.83e-02   0.0
          g_shift_register (VX_shift_register_38_0_1_0_391) 4.90e-03 1.29e-02    0.505 1.83e-02   0.0
        rounding (roundAnyRawFNToRecFN_1_210) 1.00e-02 4.04e-03    1.269 1.53e-02   0.0
          genblk2_genblk1_lowMask_roundMask (lowMaskLoHi_210) 2.59e-04 1.52e-04    0.303 7.13e-04   0.0
            reverse (reverse_2_210)    1.44e-05 5.43e-06    0.153 1.73e-04   0.0
        pipe_add (VX_pipe_register_5_210) 1.12e-02 3.18e-02    1.265 4.42e-02   0.1
          g_shift_register (VX_shift_register_45_0_2_0_210) 1.12e-02 3.18e-02    1.265 4.42e-02   0.1
        adder (addRecFNToRaw_210)      4.23e-02 2.81e-02    4.782 7.53e-02   0.1
          lowMask_far_roundExtraMask (lowMaskHiLo_210) 1.47e-04 2.71e-04 8.07e-02 4.98e-04   0.0
            reverse (reverse_1_210)    6.20e-05 1.31e-04 4.69e-02 2.40e-04   0.0
          compressBy4_far_sigSmaller (compressBy4_210) 6.89e-05 3.43e-04 4.63e-02 4.58e-04   0.0
          countLeadingZeros_close (countLeadingZeros_210) 5.79e-04 5.19e-04    0.163 1.26e-03   0.0
            reverse_in (reverse_212)   3.15e-04 3.63e-04 8.98e-02 7.67e-04   0.0
          compressBy2_close_sigSum (compressBy2_210) 2.24e-04 3.93e-04 6.62e-02 6.83e-04   0.0
          isSigNaN_b (isSigNaNRecFN_1_420) 5.74e-06 9.28e-06 4.35e-03 1.94e-05   0.0
          recFNToRawFN_b (recFNToRawFN_1_447) 5.63e-03 9.62e-04    0.234 6.82e-03   0.0
          isSigNaN_a (isSigNaNRecFN_1_421) 4.90e-06 9.19e-06 4.37e-03 1.85e-05   0.0
          recFNToRawFN_a (recFNToRawFN_1_448) 3.15e-03 9.45e-04    0.234 4.33e-03   0.0
      g_red_tree_1__g_add_0__reduce_add (VX_tcu_bhf_fadd_185) 6.02e-02 7.69e-02    7.797    0.145   0.2
        pipe_rnd (VX_pipe_register_4_392) 3.34e-03 1.29e-02    0.505 1.67e-02   0.0
          g_shift_register (VX_shift_register_38_0_1_0_392) 3.34e-03 1.29e-02    0.505 1.67e-02   0.0
        rounding (roundAnyRawFNToRecFN_1_211) 7.69e-03 3.94e-03    1.247 1.29e-02   0.0
          genblk2_genblk1_lowMask_roundMask (lowMaskLoHi_211) 2.56e-04 1.50e-04    0.303 7.09e-04   0.0
            reverse (reverse_2_211)    1.38e-05 5.42e-06    0.153 1.73e-04   0.0
        pipe_add (VX_pipe_register_5_211) 1.04e-02 3.18e-02    1.266 4.34e-02   0.1
          g_shift_register (VX_shift_register_45_0_2_0_211) 1.04e-02 3.18e-02    1.266 4.34e-02   0.1
        adder (addRecFNToRaw_211)      3.88e-02 2.82e-02    4.780 7.18e-02   0.1
          lowMask_far_roundExtraMask (lowMaskHiLo_211) 1.48e-04 2.74e-04 8.07e-02 5.03e-04   0.0
            reverse (reverse_1_211)    5.86e-05 1.32e-04 4.69e-02 2.37e-04   0.0
          compressBy4_far_sigSmaller (compressBy4_211) 6.63e-05 3.44e-04 4.62e-02 4.57e-04   0.0
          countLeadingZeros_close (countLeadingZeros_211) 5.68e-04 5.21e-04    0.163 1.25e-03   0.0
            reverse_in (reverse_213)   2.98e-04 3.64e-04 8.98e-02 7.52e-04   0.0
          compressBy2_close_sigSum (compressBy2_211) 2.07e-04 3.94e-04 6.62e-02 6.67e-04   0.0
          isSigNaN_b (isSigNaNRecFN_1_422) 5.12e-06 9.27e-06 4.38e-03 1.88e-05   0.0
          recFNToRawFN_b (recFNToRawFN_1_449) 3.37e-03 9.51e-04    0.234 4.55e-03   0.0
          isSigNaN_a (isSigNaNRecFN_1_423) 4.59e-06 9.30e-06 4.37e-03 1.83e-05   0.0
          recFNToRawFN_a (recFNToRawFN_1_450) 2.07e-03 9.29e-04    0.234 3.23e-03   0.0
      g_red_tree_0__g_add_3__reduce_add (VX_tcu_bhf_fadd_186) 7.07e-02 7.46e-02    7.737    0.153   0.2
        pipe_rnd (VX_pipe_register_4_393) 7.75e-03 1.31e-02    0.505 2.13e-02   0.0
          g_shift_register (VX_shift_register_38_0_1_0_393) 7.75e-03 1.31e-02    0.505 2.13e-02   0.0
        rounding (roundAnyRawFNToRecFN_1_212) 1.70e-02 4.19e-03    1.374 2.26e-02   0.0
          genblk2_genblk1_lowMask_roundMask (lowMaskLoHi_212) 2.45e-04 1.54e-04    0.304 7.02e-04   0.0
            reverse (reverse_2_212)    1.35e-05 5.41e-06    0.153 1.72e-04   0.0
        pipe_add (VX_pipe_register_5_212) 1.39e-02 3.22e-02    1.268 4.74e-02   0.1
          g_shift_register (VX_shift_register_45_0_2_0_212) 1.39e-02 3.22e-02    1.268 4.74e-02   0.1
        adder (addRecFNToRaw_212)      3.20e-02 2.51e-02    4.583 6.17e-02   0.1
          lowMask_far_roundExtraMask (lowMaskHiLo_212) 1.16e-04 2.24e-04 6.92e-02 4.09e-04   0.0
            reverse (reverse_1_212)    5.60e-05 1.08e-04 3.99e-02 2.04e-04   0.0
          compressBy4_far_sigSmaller (compressBy4_212) 4.93e-05 2.47e-04 4.07e-02 3.37e-04   0.0
          countLeadingZeros_close (countLeadingZeros_212) 5.45e-04 5.02e-04    0.156 1.20e-03   0.0
            reverse_in (reverse_214)   2.83e-04 3.04e-04 8.26e-02 6.69e-04   0.0
          compressBy2_close_sigSum (compressBy2_212) 1.54e-04 3.28e-04 6.15e-02 5.44e-04   0.0
          isSigNaN_b (isSigNaNRecFN_1_424) 6.68e-06 1.10e-05 4.84e-03 2.25e-05   0.0
          recFNToRawFN_b (recFNToRawFN_1_451) 2.15e-03 7.50e-04    0.221 3.13e-03   0.0
          isSigNaN_a (isSigNaNRecFN_1_425) 7.06e-06 1.11e-05 4.85e-03 2.30e-05   0.0
          recFNToRawFN_a (recFNToRawFN_1_452) 1.65e-03 7.58e-04    0.221 2.63e-03   0.0
      g_red_tree_0__g_add_2__reduce_add (VX_tcu_bhf_fadd_187) 6.02e-02 7.45e-02    7.647    0.142   0.2
        pipe_rnd (VX_pipe_register_4_394) 6.47e-03 1.30e-02    0.505 2.00e-02   0.0
          g_shift_register (VX_shift_register_38_0_1_0_394) 6.47e-03 1.30e-02    0.505 2.00e-02   0.0
        rounding (roundAnyRawFNToRecFN_1_213) 1.17e-02 3.99e-03    1.282 1.69e-02   0.0
          genblk2_genblk1_lowMask_roundMask (lowMaskLoHi_213) 2.36e-04 1.52e-04    0.303 6.91e-04   0.0
            reverse (reverse_2_213)    1.50e-05 5.43e-06    0.153 1.74e-04   0.0
        pipe_add (VX_pipe_register_5_213) 1.03e-02 3.22e-02    1.268 4.38e-02   0.1
          g_shift_register (VX_shift_register_45_0_2_0_213) 1.03e-02 3.22e-02    1.268 4.38e-02   0.1
        adder (addRecFNToRaw_213)      3.18e-02 2.53e-02    4.585 6.17e-02   0.1
          lowMask_far_roundExtraMask (lowMaskHiLo_213) 1.15e-04 2.23e-04 6.92e-02 4.07e-04   0.0
            reverse (reverse_1_213)    5.17e-05 1.08e-04 3.98e-02 1.99e-04   0.0
          compressBy4_far_sigSmaller (compressBy4_213) 4.35e-05 2.47e-04 4.08e-02 3.31e-04   0.0
          countLeadingZeros_close (countLeadingZeros_213) 5.52e-04 5.01e-04    0.156 1.21e-03   0.0
            reverse_in (reverse_215)   2.90e-04 3.04e-04 8.27e-02 6.76e-04   0.0
          compressBy2_close_sigSum (compressBy2_213) 1.53e-04 3.28e-04 6.15e-02 5.42e-04   0.0
          isSigNaN_b (isSigNaNRecFN_1_426) 7.63e-06 1.09e-05 4.86e-03 2.34e-05   0.0
          recFNToRawFN_b (recFNToRawFN_1_453) 2.21e-03 7.56e-04    0.221 3.19e-03   0.0
          isSigNaN_a (isSigNaNRecFN_1_427) 6.40e-06 1.12e-05 4.85e-03 2.24e-05   0.0
          recFNToRawFN_a (recFNToRawFN_1_454) 1.66e-03 7.47e-04    0.221 2.63e-03   0.0
      g_red_tree_0__g_add_1__reduce_add (VX_tcu_bhf_fadd_188) 6.17e-02 7.45e-02    7.657    0.144   0.2
        pipe_rnd (VX_pipe_register_4_395) 6.67e-03 1.30e-02    0.505 2.02e-02   0.0
          g_shift_register (VX_shift_register_38_0_1_0_395) 6.67e-03 1.30e-02    0.505 2.02e-02   0.0
        rounding (roundAnyRawFNToRecFN_1_214) 1.18e-02 4.02e-03    1.288 1.71e-02   0.0
          genblk2_genblk1_lowMask_roundMask (lowMaskLoHi_214) 2.41e-04 1.52e-04    0.303 6.96e-04   0.0
            reverse (reverse_2_214)    1.36e-05 5.42e-06    0.153 1.72e-04   0.0
        pipe_add (VX_pipe_register_5_214) 1.06e-02 3.22e-02    1.268 4.41e-02   0.1
          g_shift_register (VX_shift_register_45_0_2_0_214) 1.06e-02 3.22e-02    1.268 4.41e-02   0.1
        adder (addRecFNToRaw_214)      3.26e-02 2.52e-02    4.588 6.24e-02   0.1
          lowMask_far_roundExtraMask (lowMaskHiLo_214) 1.10e-04 2.25e-04 6.92e-02 4.04e-04   0.0
            reverse (reverse_1_214)    4.91e-05 1.09e-04 3.99e-02 1.98e-04   0.0
          compressBy4_far_sigSmaller (compressBy4_214) 4.43e-05 2.45e-04 4.07e-02 3.30e-04   0.0
          countLeadingZeros_close (countLeadingZeros_214) 5.54e-04 5.03e-04    0.156 1.21e-03   0.0
            reverse_in (reverse_216)   2.92e-04 3.05e-04 8.26e-02 6.79e-04   0.0
          compressBy2_close_sigSum (compressBy2_214) 1.41e-04 3.29e-04 6.15e-02 5.31e-04   0.0
          isSigNaN_b (isSigNaNRecFN_1_428) 9.40e-06 1.11e-05 4.88e-03 2.54e-05   0.0
          recFNToRawFN_b (recFNToRawFN_1_455) 2.52e-03 7.62e-04    0.221 3.50e-03   0.0
          isSigNaN_a (isSigNaNRecFN_1_429) 5.94e-06 1.11e-05 4.86e-03 2.19e-05   0.0
          recFNToRawFN_a (recFNToRawFN_1_456) 1.66e-03 7.51e-04    0.221 2.63e-03   0.0
      g_red_tree_0__g_add_0__reduce_add (VX_tcu_bhf_fadd_189) 5.72e-02 7.45e-02    7.647    0.139   0.2
        pipe_rnd (VX_pipe_register_4_396) 4.81e-03 1.30e-02    0.506 1.83e-02   0.0
          g_shift_register (VX_shift_register_38_0_1_0_396) 4.81e-03 1.30e-02    0.506 1.83e-02   0.0
        rounding (roundAnyRawFNToRecFN_1_215) 1.12e-02 4.02e-03    1.281 1.65e-02   0.0
          genblk2_genblk1_lowMask_roundMask (lowMaskLoHi_215) 2.42e-04 1.52e-04    0.303 6.97e-04   0.0
            reverse (reverse_2_215)    1.40e-05 5.42e-06    0.153 1.73e-04   0.0
        pipe_add (VX_pipe_register_5_215) 9.25e-03 3.22e-02    1.268 4.27e-02   0.1
          g_shift_register (VX_shift_register_45_0_2_0_215) 9.25e-03 3.22e-02    1.268 4.27e-02   0.1
        adder (addRecFNToRaw_215)      3.20e-02 2.53e-02    4.586 6.18e-02   0.1
          lowMask_far_roundExtraMask (lowMaskHiLo_215) 1.53e-04 2.27e-04 6.92e-02 4.49e-04   0.0
            reverse (reverse_1_215)    9.33e-05 1.10e-04 3.98e-02 2.43e-04   0.0
          compressBy4_far_sigSmaller (compressBy4_215) 4.47e-05 2.46e-04 4.07e-02 3.31e-04   0.0
          countLeadingZeros_close (countLeadingZeros_215) 5.60e-04 5.02e-04    0.156 1.22e-03   0.0
            reverse_in (reverse_217)   2.90e-04 3.03e-04 8.26e-02 6.76e-04   0.0
          compressBy2_close_sigSum (compressBy2_215) 1.89e-04 3.29e-04 6.15e-02 5.80e-04   0.0
          isSigNaN_b (isSigNaNRecFN_1_430) 9.27e-06 1.12e-05 4.86e-03 2.53e-05   0.0
          recFNToRawFN_b (recFNToRawFN_1_457) 2.01e-03 7.55e-04    0.221 2.98e-03   0.0
          isSigNaN_a (isSigNaNRecFN_1_431) 9.13e-06 1.10e-05 4.84e-03 2.50e-05   0.0
          recFNToRawFN_a (recFNToRawFN_1_458) 1.62e-03 7.50e-04    0.221 2.59e-03   0.0
      g_prod_7__pipe_mult (VX_pipe_register_1_208) 2.70e-03 1.16e-02    0.477 1.47e-02   0.0
        g_shift_register (VX_shift_register_33_0_1_0_208) 2.70e-03 1.16e-02    0.477 1.47e-02   0.0
      g_prod_7__fp16_mul (VX_tcu_bhf_fmul_208) 2.05e-02 4.90e-02    5.427 7.49e-02   0.1
        pipe_rnd (VX_pipe_register_4_397) 2.37e-03 1.16e-02    0.477 1.44e-02   0.0
          g_shift_register (VX_shift_register_38_0_1_0_397) 2.37e-03 1.16e-02    0.477 1.44e-02   0.0
        rounding (roundAnyRawFNToRecFN_209) 1.08e-03 1.10e-03    0.272 2.45e-03   0.0
        pipe_add (VX_pipe_register_3_208) 4.19e-03 2.46e-02    1.028 2.98e-02   0.0
          g_shift_register (VX_shift_register_37_0_2_0_208) 4.19e-03 2.46e-02    1.028 2.98e-02   0.0
        multiplier (mulRecFNToFullRaw_208) 1.14e-02 1.08e-02    3.023 2.52e-02   0.0
          isSigNaN_b (isSigNaNRecFN_417) 4.89e-06 9.00e-06 4.63e-03 1.85e-05   0.0
          recFNToRawFN_b (recFNToRawFN_417) 8.78e-04 2.22e-04    0.129 1.23e-03   0.0
          isSigNaN_a (isSigNaNRecFN_418) 3.91e-06 7.28e-06 4.70e-03 1.59e-05   0.0
          recFNToRawFN_a (recFNToRawFN_418) 4.31e-04 1.70e-04    0.129 7.31e-04   0.0
        g_in_ieee_from_ieee_b (fNToRecFN_1_416) 6.71e-04 5.22e-04    0.314 1.51e-03   0.0
          clz (bsg_counting_leading_zeros_1_416) 1.18e-04 8.92e-05 6.83e-02 2.75e-04   0.0
            lzc (VX_lzc_1_416)         8.33e-05 7.86e-05 6.18e-02 2.24e-04   0.0
              g_lzc_find_first (VX_find_first_10_4_1_416) 5.39e-05 7.04e-05 5.54e-02 1.80e-04   0.0
        g_in_ieee_from_ieee_a (fNToRecFN_1_417) 7.54e-04 4.03e-04    0.313 1.47e-03   0.0
          clz (bsg_counting_leading_zeros_1_417) 9.70e-05 6.95e-05 6.84e-02 2.35e-04   0.0
            lzc (VX_lzc_1_417)         9.70e-05 6.95e-05 6.84e-02 2.35e-04   0.0
              g_lzc_find_first (VX_find_first_10_4_1_417) 4.16e-05 5.39e-05 5.56e-02 1.51e-04   0.0
      g_prod_6__pipe_mult (VX_pipe_register_1_209) 2.06e-03 1.16e-02    0.477 1.41e-02   0.0
        g_shift_register (VX_shift_register_33_0_1_0_209) 2.06e-03 1.16e-02    0.477 1.41e-02   0.0
      g_prod_6__fp16_mul (VX_tcu_bhf_fmul_209) 1.92e-02 4.89e-02    5.424 7.36e-02   0.1
        pipe_rnd (VX_pipe_register_4_398) 2.12e-03 1.16e-02    0.477 1.42e-02   0.0
          g_shift_register (VX_shift_register_38_0_1_0_398) 2.12e-03 1.16e-02    0.477 1.42e-02   0.0
        rounding (roundAnyRawFNToRecFN_210) 8.90e-04 1.11e-03    0.271 2.27e-03   0.0
        pipe_add (VX_pipe_register_3_209) 3.98e-03 2.46e-02    1.028 2.96e-02   0.0
          g_shift_register (VX_shift_register_37_0_2_0_209) 3.98e-03 2.46e-02    1.028 2.96e-02   0.0
        multiplier (mulRecFNToFullRaw_209) 1.06e-02 1.08e-02    3.023 2.44e-02   0.0
          isSigNaN_b (isSigNaNRecFN_419) 4.96e-06 8.78e-06 4.72e-03 1.85e-05   0.0
          recFNToRawFN_b (recFNToRawFN_419) 8.39e-04 2.20e-04    0.129 1.19e-03   0.0
          isSigNaN_a (isSigNaNRecFN_420) 4.74e-06 7.57e-06 4.71e-03 1.70e-05   0.0
          recFNToRawFN_a (recFNToRawFN_420) 4.77e-04 1.74e-04    0.129 7.81e-04   0.0
        g_in_ieee_from_ieee_b (fNToRecFN_1_418) 6.54e-04 5.27e-04    0.311 1.49e-03   0.0
          clz (bsg_counting_leading_zeros_1_418) 1.20e-04 9.14e-05 6.83e-02 2.79e-04   0.0
            lzc (VX_lzc_1_418)         1.20e-04 9.14e-05 6.83e-02 2.79e-04   0.0
              g_lzc_find_first (VX_find_first_10_4_1_418) 5.34e-05 7.16e-05 5.55e-02 1.80e-04   0.0
        g_in_ieee_from_ieee_a (fNToRecFN_1_419) 9.43e-04 4.04e-04    0.313 1.66e-03   0.0
          clz (bsg_counting_leading_zeros_1_419) 9.51e-05 6.91e-05 6.83e-02 2.32e-04   0.0
            lzc (VX_lzc_1_419)         9.51e-05 6.91e-05 6.83e-02 2.32e-04   0.0
              g_lzc_find_first (VX_find_first_10_4_1_419) 4.12e-05 5.35e-05 5.54e-02 1.50e-04   0.0
      g_prod_5__pipe_mult (VX_pipe_register_1_210) 2.54e-03 1.16e-02    0.477 1.46e-02   0.0
        g_shift_register (VX_shift_register_33_0_1_0_210) 2.54e-03 1.16e-02    0.477 1.46e-02   0.0
      g_prod_5__fp16_mul (VX_tcu_bhf_fmul_210) 2.04e-02 4.90e-02    5.413 7.48e-02   0.1
        pipe_rnd (VX_pipe_register_4_399) 2.21e-03 1.16e-02    0.477 1.42e-02   0.0
          g_shift_register (VX_shift_register_38_0_1_0_399) 2.21e-03 1.16e-02    0.477 1.42e-02   0.0
        rounding (roundAnyRawFNToRecFN_211) 1.50e-03 1.12e-03    0.272 2.88e-03   0.0
        pipe_add (VX_pipe_register_3_210) 4.05e-03 2.46e-02    1.028 2.97e-02   0.0
          g_shift_register (VX_shift_register_37_0_2_0_210) 4.05e-03 2.46e-02    1.028 2.97e-02   0.0
        multiplier (mulRecFNToFullRaw_210) 1.08e-02 1.08e-02    3.009 2.46e-02   0.0
          isSigNaN_b (isSigNaNRecFN_421) 6.86e-06 9.22e-06 4.67e-03 2.07e-05   0.0
          recFNToRawFN_b (recFNToRawFN_421) 1.04e-03 2.25e-04    0.129 1.40e-03   0.0
          isSigNaN_a (isSigNaNRecFN_422) 4.90e-06 7.60e-06 4.72e-03 1.72e-05   0.0
          recFNToRawFN_a (recFNToRawFN_422) 4.27e-04 1.72e-04    0.129 7.28e-04   0.0
        g_in_ieee_from_ieee_b (fNToRecFN_1_420) 8.43e-04 5.27e-04    0.313 1.68e-03   0.0
          clz (bsg_counting_leading_zeros_1_420) 1.20e-04 9.06e-05 6.83e-02 2.79e-04   0.0
            lzc (VX_lzc_1_420)         1.20e-04 9.06e-05 6.83e-02 2.79e-04   0.0
              g_lzc_find_first (VX_find_first_10_4_1_420) 5.41e-05 7.13e-05 5.54e-02 1.81e-04   0.0
        g_in_ieee_from_ieee_a (fNToRecFN_1_421) 9.50e-04 4.03e-04    0.313 1.67e-03   0.0
          clz (bsg_counting_leading_zeros_1_421) 9.49e-05 6.95e-05 6.85e-02 2.33e-04   0.0
            lzc (VX_lzc_1_421)         9.49e-05 6.95e-05 6.85e-02 2.33e-04   0.0
              g_lzc_find_first (VX_find_first_10_4_1_421) 4.05e-05 5.42e-05 5.56e-02 1.50e-04   0.0
      g_prod_4__pipe_mult (VX_pipe_register_1_211) 2.99e-03 1.16e-02    0.477 1.50e-02   0.0
        g_shift_register (VX_shift_register_33_0_1_0_211) 2.99e-03 1.16e-02    0.477 1.50e-02   0.0
      g_prod_4__fp16_mul (VX_tcu_bhf_fmul_211) 2.03e-02 4.89e-02    5.410 7.47e-02   0.1
        pipe_rnd (VX_pipe_register_4_400) 2.50e-03 1.16e-02    0.477 1.45e-02   0.0
          g_shift_register (VX_shift_register_38_0_1_0_400) 2.50e-03 1.16e-02    0.477 1.45e-02   0.0
        rounding (roundAnyRawFNToRecFN_212) 1.18e-03 1.10e-03    0.272 2.56e-03   0.0
        pipe_add (VX_pipe_register_3_211) 4.31e-03 2.46e-02    1.028 2.99e-02   0.0
          g_shift_register (VX_shift_register_37_0_2_0_211) 4.31e-03 2.46e-02    1.028 2.99e-02   0.0
        multiplier (mulRecFNToFullRaw_211) 1.11e-02 1.07e-02    3.009 2.48e-02   0.0
          isSigNaN_b (isSigNaNRecFN_423) 5.22e-06 9.17e-06 4.69e-03 1.91e-05   0.0
          recFNToRawFN_b (recFNToRawFN_423) 6.83e-04 2.23e-04    0.129 1.04e-03   0.0
          isSigNaN_a (isSigNaNRecFN_424) 4.34e-06 7.40e-06 4.70e-03 1.64e-05   0.0
          recFNToRawFN_a (recFNToRawFN_424) 3.15e-04 1.67e-04    0.129 6.10e-04   0.0
        g_in_ieee_from_ieee_b (fNToRecFN_1_422) 7.73e-04 5.29e-04    0.314 1.62e-03   0.0
          clz (bsg_counting_leading_zeros_1_422) 1.18e-04 9.12e-05 6.84e-02 2.77e-04   0.0
            lzc (VX_lzc_1_422)         1.18e-04 9.12e-05 6.84e-02 2.77e-04   0.0
              g_lzc_find_first (VX_find_first_10_4_1_422) 5.32e-05 7.20e-05 5.55e-02 1.81e-04   0.0
        g_in_ieee_from_ieee_a (fNToRecFN_1_423) 5.06e-04 3.95e-04    0.311 1.21e-03   0.0
          clz (bsg_counting_leading_zeros_1_423) 9.45e-05 6.88e-05 6.82e-02 2.32e-04   0.0
            lzc (VX_lzc_1_423)         9.45e-05 6.88e-05 6.82e-02 2.32e-04   0.0
              g_lzc_find_first (VX_find_first_10_4_1_423) 4.06e-05 5.34e-05 5.54e-02 1.49e-04   0.0
      g_prod_3__pipe_mult (VX_pipe_register_1_212) 2.21e-03 1.16e-02    0.477 1.42e-02   0.0
        g_shift_register (VX_shift_register_33_0_1_0_212) 2.21e-03 1.16e-02    0.477 1.42e-02   0.0
      g_prod_3__fp16_mul (VX_tcu_bhf_fmul_212) 2.10e-02 4.90e-02    5.414 7.53e-02   0.1
        pipe_rnd (VX_pipe_register_4_401) 3.20e-03 1.16e-02    0.477 1.52e-02   0.0
          g_shift_register (VX_shift_register_38_0_1_0_401) 3.20e-03 1.16e-02    0.477 1.52e-02   0.0
        rounding (roundAnyRawFNToRecFN_213) 1.26e-03 1.11e-03    0.272 2.64e-03   0.0
        pipe_add (VX_pipe_register_3_212) 4.27e-03 2.46e-02    1.029 2.99e-02   0.0
          g_shift_register (VX_shift_register_37_0_2_0_212) 4.27e-03 2.46e-02    1.029 2.99e-02   0.0
        multiplier (mulRecFNToFullRaw_212) 1.09e-02 1.08e-02    3.009 2.47e-02   0.0
          isSigNaN_b (isSigNaNRecFN_425) 4.88e-06 9.27e-06 4.69e-03 1.88e-05   0.0
          recFNToRawFN_b (recFNToRawFN_425) 9.43e-04 2.25e-04    0.129 1.30e-03   0.0
          isSigNaN_a (isSigNaNRecFN_426) 4.41e-06 7.18e-06 4.71e-03 1.63e-05   0.0
          recFNToRawFN_a (recFNToRawFN_426) 3.23e-04 1.67e-04    0.129 6.19e-04   0.0
        g_in_ieee_from_ieee_b (fNToRecFN_1_424) 7.67e-04 5.26e-04    0.314 1.61e-03   0.0
          clz (bsg_counting_leading_zeros_1_424) 1.32e-04 9.12e-05 6.83e-02 2.91e-04   0.0
            lzc (VX_lzc_1_424)         1.32e-04 9.12e-05 6.83e-02 2.91e-04   0.0
              g_lzc_find_first (VX_find_first_10_4_1_424) 5.60e-05 7.17e-05 5.55e-02 1.83e-04   0.0
        g_in_ieee_from_ieee_a (fNToRecFN_1_425) 5.44e-04 3.99e-04    0.314 1.26e-03   0.0
          clz (bsg_counting_leading_zeros_1_425) 9.41e-05 6.86e-05 6.84e-02 2.31e-04   0.0
            lzc (VX_lzc_1_425)         9.41e-05 6.86e-05 6.84e-02 2.31e-04   0.0
              g_lzc_find_first (VX_find_first_10_4_1_425) 4.13e-05 5.31e-05 5.56e-02 1.50e-04   0.0
      g_prod_2__pipe_mult (VX_pipe_register_1_213) 3.15e-03 1.16e-02    0.477 1.52e-02   0.0
        g_shift_register (VX_shift_register_33_0_1_0_213) 3.15e-03 1.16e-02    0.477 1.52e-02   0.0
      g_prod_2__fp16_mul (VX_tcu_bhf_fmul_213) 2.10e-02 4.89e-02    5.410 7.53e-02   0.1
        pipe_rnd (VX_pipe_register_4_402) 2.94e-03 1.16e-02    0.477 1.50e-02   0.0
          g_shift_register (VX_shift_register_38_0_1_0_402) 2.94e-03 1.16e-02    0.477 1.50e-02   0.0
        rounding (roundAnyRawFNToRecFN_214) 2.19e-03 1.12e-03    0.273 3.58e-03   0.0
        pipe_add (VX_pipe_register_3_213) 4.03e-03 2.46e-02    1.028 2.96e-02   0.0
          g_shift_register (VX_shift_register_37_0_2_0_213) 4.03e-03 2.46e-02    1.028 2.96e-02   0.0
        multiplier (mulRecFNToFullRaw_213) 1.05e-02 1.07e-02    3.008 2.43e-02   0.0
          isSigNaN_b (isSigNaNRecFN_427) 5.40e-06 9.06e-06 4.71e-03 1.92e-05   0.0
          recFNToRawFN_b (recFNToRawFN_427) 6.87e-04 2.21e-04    0.129 1.04e-03   0.0
          isSigNaN_a (isSigNaNRecFN_428) 5.89e-06 6.88e-06 4.69e-03 1.75e-05   0.0
          recFNToRawFN_a (recFNToRawFN_428) 3.47e-04 1.67e-04    0.129 6.43e-04   0.0
        g_in_ieee_from_ieee_b (fNToRecFN_1_426) 7.37e-04 5.26e-04    0.313 1.58e-03   0.0
          clz (bsg_counting_leading_zeros_1_426) 1.22e-04 9.18e-05 6.84e-02 2.83e-04   0.0
            lzc (VX_lzc_1_426)         1.22e-04 9.18e-05 6.84e-02 2.83e-04   0.0
              g_lzc_find_first (VX_find_first_10_4_1_426) 5.67e-05 7.23e-05 5.56e-02 1.85e-04   0.0
        g_in_ieee_from_ieee_a (fNToRecFN_1_427) 5.22e-04 3.98e-04    0.310 1.23e-03   0.0
          clz (bsg_counting_leading_zeros_1_427) 9.39e-05 6.84e-05 6.83e-02 2.31e-04   0.0
            lzc (VX_lzc_1_427)         9.39e-05 6.84e-05 6.83e-02 2.31e-04   0.0
              g_lzc_find_first (VX_find_first_10_4_1_427) 4.07e-05 5.31e-05 5.54e-02 1.49e-04   0.0
      g_prod_1__pipe_mult (VX_pipe_register_1_214) 2.43e-03 1.16e-02    0.477 1.45e-02   0.0
        g_shift_register (VX_shift_register_33_0_1_0_214) 2.43e-03 1.16e-02    0.477 1.45e-02   0.0
      g_prod_1__fp16_mul (VX_tcu_bhf_fmul_214) 1.96e-02 4.89e-02    5.413 7.40e-02   0.1
        pipe_rnd (VX_pipe_register_4_403) 2.19e-03 1.16e-02    0.477 1.42e-02   0.0
          g_shift_register (VX_shift_register_38_0_1_0_403) 2.19e-03 1.16e-02    0.477 1.42e-02   0.0
        rounding (roundAnyRawFNToRecFN_215) 1.38e-03 1.11e-03    0.273 2.77e-03   0.0
        pipe_add (VX_pipe_register_3_214) 4.29e-03 2.46e-02    1.028 2.99e-02   0.0
          g_shift_register (VX_shift_register_37_0_2_0_214) 4.29e-03 2.46e-02    1.028 2.99e-02   0.0
        multiplier (mulRecFNToFullRaw_214) 1.05e-02 1.07e-02    3.008 2.42e-02   0.0
          isSigNaN_b (isSigNaNRecFN_429) 4.66e-06 8.77e-06 4.72e-03 1.82e-05   0.0
          recFNToRawFN_b (recFNToRawFN_429) 6.72e-04 2.21e-04    0.129 1.02e-03   0.0
          isSigNaN_a (isSigNaNRecFN_430) 4.40e-06 7.17e-06 4.67e-03 1.62e-05   0.0
          recFNToRawFN_a (recFNToRawFN_430) 3.47e-04 1.66e-04    0.129 6.42e-04   0.0
        g_in_ieee_from_ieee_b (fNToRecFN_1_428) 6.77e-04 5.28e-04    0.313 1.52e-03   0.0
          clz (bsg_counting_leading_zeros_1_428) 1.21e-04 9.12e-05 6.84e-02 2.80e-04   0.0
            lzc (VX_lzc_1_428)         1.21e-04 9.12e-05 6.84e-02 2.80e-04   0.0
              g_lzc_find_first (VX_find_first_10_4_1_428) 5.43e-05 7.19e-05 5.55e-02 1.82e-04   0.0
        g_in_ieee_from_ieee_a (fNToRecFN_1_429) 5.91e-04 3.97e-04    0.314 1.30e-03   0.0
          clz (bsg_counting_leading_zeros_1_429) 9.42e-05 6.83e-05 6.83e-02 2.31e-04   0.0
            lzc (VX_lzc_1_429)         9.42e-05 6.83e-05 6.83e-02 2.31e-04   0.0
              g_lzc_find_first (VX_find_first_10_4_1_429) 4.15e-05 5.33e-05 5.54e-02 1.50e-04   0.0
      g_prod_0__pipe_mult (VX_pipe_register_1_215) 2.71e-03 1.16e-02    0.477 1.48e-02   0.0
        g_shift_register (VX_shift_register_33_0_1_0_215) 2.71e-03 1.16e-02    0.477 1.48e-02   0.0
      g_prod_0__fp16_mul (VX_tcu_bhf_fmul_215) 2.04e-02 4.89e-02    5.415 7.46e-02   0.1
        pipe_rnd (VX_pipe_register_4_404) 2.72e-03 1.16e-02    0.477 1.48e-02   0.0
          g_shift_register (VX_shift_register_38_0_1_0_404) 2.72e-03 1.16e-02    0.477 1.48e-02   0.0
        rounding (roundAnyRawFNToRecFN_216) 1.01e-03 1.10e-03    0.272 2.38e-03   0.0
        pipe_add (VX_pipe_register_3_215) 4.42e-03 2.46e-02    1.028 3.00e-02   0.0
          g_shift_register (VX_shift_register_37_0_2_0_215) 4.42e-03 2.46e-02    1.028 3.00e-02   0.0
        multiplier (mulRecFNToFullRaw_215) 1.09e-02 1.07e-02    3.010 2.46e-02   0.0
          isSigNaN_b (isSigNaNRecFN_431) 5.38e-06 8.71e-06 4.72e-03 1.88e-05   0.0
          recFNToRawFN_b (recFNToRawFN_431) 6.98e-04 2.20e-04    0.129 1.05e-03   0.0
          isSigNaN_a (isSigNaNRecFN_432) 4.86e-06 6.83e-06 4.62e-03 1.63e-05   0.0
          recFNToRawFN_a (recFNToRawFN_432) 3.40e-04 1.62e-04    0.131 6.33e-04   0.0
        g_in_ieee_from_ieee_b (fNToRecFN_1_430) 7.56e-04 5.25e-04    0.313 1.59e-03   0.0
          clz (bsg_counting_leading_zeros_1_430) 1.21e-04 9.04e-05 6.85e-02 2.80e-04   0.0
            lzc (VX_lzc_1_430)         1.21e-04 9.04e-05 6.85e-02 2.80e-04   0.0
              g_lzc_find_first (VX_find_first_10_4_1_430) 5.50e-05 7.11e-05 5.56e-02 1.82e-04   0.0
        g_in_ieee_from_ieee_a (fNToRecFN_1_431) 5.41e-04 3.97e-04    0.315 1.25e-03   0.0
          clz (bsg_counting_leading_zeros_1_431) 9.31e-05 6.81e-05 6.83e-02 2.29e-04   0.0
            lzc (VX_lzc_1_431)         4.06e-05 5.28e-05 5.54e-02 1.49e-04   0.0
              g_lzc_find_first (VX_find_first_10_4_1_431) 4.06e-05 5.28e-05 5.54e-02 1.49e-04   0.0
    g_i_1__g_j_1__genblk1_u_buffer_ex (VX_pipe_register_32) 1.64e-02 9.43e-02    4.324    0.115   0.2
      g_shift_register (VX_shift_register_582_0_1_0_26) 1.64e-02 9.43e-02    4.324    0.115   0.2
    g_i_1__g_j_0__fedp (VX_tcu_fedp_bhf_27)    0.700    1.219  116.933    2.036   2.8
      final_add (VX_tcu_bhf_fadd_1_27) 5.75e-02 6.76e-02    8.560    0.134   0.2
        pipe_rnd (VX_pipe_register_6_27) 9.77e-03 1.16e-02    0.491 2.18e-02   0.0
          g_shift_register (VX_shift_register_37_0_1_0_27) 9.77e-03 1.16e-02    0.491 2.18e-02   0.0
        g_out_ieee_to_ieee (recFNToFN_27) 5.71e-03 3.03e-03    0.791 9.53e-03   0.0
          recFNToRawFN (recFNToRawFN_1_459) 1.84e-03 8.30e-04    0.232 2.90e-03   0.0
        rounding (roundAnyRawFNToRecFN_1_216) 9.54e-03 3.08e-03    1.246 1.39e-02   0.0
          genblk2_genblk1_lowMask_roundMask (lowMaskLoHi_216) 2.71e-04 1.43e-04    0.302 7.15e-04   0.0
            reverse (reverse_2_216)    8.68e-06 3.52e-06    0.153 1.66e-04   0.0
        pipe_add (VX_pipe_register_5_216) 8.08e-03 3.06e-02    1.265 3.99e-02   0.1
          g_shift_register (VX_shift_register_45_0_2_0_216) 8.08e-03 3.06e-02    1.265 3.99e-02   0.1
        adder (addRecFNToRaw_216)      2.44e-02 1.93e-02    4.760 4.85e-02   0.1
          lowMask_far_roundExtraMask (lowMaskHiLo_216) 3.98e-05 8.31e-05 8.05e-02 2.03e-04   0.0
            reverse (reverse_1_216)    1.51e-05 3.90e-05 5.03e-02 1.04e-04   0.0
          compressBy4_far_sigSmaller (compressBy4_216) 3.87e-05 1.80e-04 4.49e-02 2.64e-04   0.0
          countLeadingZeros_close (countLeadingZeros_216) 5.33e-04 4.58e-04    0.163 1.15e-03   0.0
            reverse_in (reverse_218)   2.54e-04 3.12e-04 9.01e-02 6.55e-04   0.0
          compressBy2_close_sigSum (compressBy2_216) 2.18e-04 3.39e-04 6.60e-02 6.22e-04   0.0
          isSigNaN_b (isSigNaNRecFN_1_432) 4.87e-06 5.28e-06 4.50e-03 1.47e-05   0.0
          recFNToRawFN_b (recFNToRawFN_1_460) 7.06e-04 2.74e-04    0.236 1.22e-03   0.0
          isSigNaN_a (isSigNaNRecFN_1_433) 6.53e-06 1.31e-05 4.73e-03 2.44e-05   0.0
          recFNToRawFN_a (recFNToRawFN_1_461) 1.04e-03 8.22e-04    0.232 2.09e-03   0.0
      pipe_c (VX_pipe_register_2_27)   1.97e-02    0.139    6.433    0.165   0.2
        g_shift_register (VX_shift_register_33_0_13_0_27) 1.97e-02    0.139    6.433    0.165   0.2
      conv_c (fNToRecFN_28)            2.06e-03 9.22e-04    0.761 3.75e-03   0.0
        clz (bsg_counting_leading_zeros_28) 1.16e-04 1.12e-04    0.119 3.47e-04   0.0
          lzc (VX_lzc_28)              1.16e-04 1.12e-04    0.119 3.47e-04   0.0
            g_lzc_find_first (VX_find_first_23_5_1_27) 1.03e-04 1.08e-04    0.107 3.19e-04   0.0
      g_red_tree_2__g_add_0__reduce_add (VX_tcu_bhf_fadd_190) 4.99e-02 7.59e-02    7.735    0.133   0.2
        pipe_rnd (VX_pipe_register_4_405) 2.11e-03 1.26e-02    0.504 1.52e-02   0.0
          g_shift_register (VX_shift_register_38_0_1_0_405) 2.11e-03 1.26e-02    0.504 1.52e-02   0.0
        rounding (roundAnyRawFNToRecFN_1_217) 5.08e-03 3.68e-03    1.201 9.96e-03   0.0
          genblk2_genblk1_lowMask_roundMask (lowMaskLoHi_217) 2.62e-04 1.45e-04    0.302 7.09e-04   0.0
            reverse (reverse_2_217)    1.42e-05 5.43e-06    0.154 1.73e-04   0.0
        pipe_add (VX_pipe_register_5_217) 6.68e-03 3.16e-02    1.265 3.95e-02   0.1
          g_shift_register (VX_shift_register_45_0_2_0_217) 6.68e-03 3.16e-02    1.265 3.95e-02   0.1
        adder (addRecFNToRaw_217)      3.60e-02 2.80e-02    4.758 6.88e-02   0.1
          lowMask_far_roundExtraMask (lowMaskHiLo_217) 1.63e-04 2.98e-04 8.09e-02 5.41e-04   0.0
            reverse (reverse_1_217)    7.04e-05 1.45e-04 4.72e-02 2.63e-04   0.0
          compressBy4_far_sigSmaller (compressBy4_217) 7.59e-05 3.64e-04 4.78e-02 4.88e-04   0.0
          countLeadingZeros_close (countLeadingZeros_217) 5.91e-04 5.30e-04    0.163 1.28e-03   0.0
            reverse_in (reverse_219)   3.08e-04 3.68e-04 8.96e-02 7.66e-04   0.0
          compressBy2_close_sigSum (compressBy2_217) 2.07e-04 3.98e-04 6.61e-02 6.71e-04   0.0
          isSigNaN_b (isSigNaNRecFN_1_434) 4.88e-06 8.50e-06 4.19e-03 1.76e-05   0.0
          recFNToRawFN_b (recFNToRawFN_1_462) 2.03e-03 8.97e-04    0.233 3.16e-03   0.0
          isSigNaN_a (isSigNaNRecFN_1_435) 7.75e-06 8.43e-06 4.13e-03 2.03e-05   0.0
          recFNToRawFN_a (recFNToRawFN_1_463) 1.80e-03 9.05e-04    0.233 2.93e-03   0.0
      g_red_tree_1__g_add_1__reduce_add (VX_tcu_bhf_fadd_191) 5.47e-02 7.66e-02    7.760    0.139   0.2
        pipe_rnd (VX_pipe_register_4_406) 3.27e-03 1.29e-02    0.505 1.66e-02   0.0
          g_shift_register (VX_shift_register_38_0_1_0_406) 3.27e-03 1.29e-02    0.505 1.66e-02   0.0
        rounding (roundAnyRawFNToRecFN_1_218) 6.23e-03 3.84e-03    1.214 1.13e-02   0.0
          genblk2_genblk1_lowMask_roundMask (lowMaskLoHi_218) 2.72e-04 1.50e-04    0.303 7.25e-04   0.0
            reverse (reverse_2_218)    1.34e-05 5.42e-06    0.153 1.72e-04   0.0
        pipe_add (VX_pipe_register_5_218) 8.41e-03 3.17e-02    1.265 4.14e-02   0.1
          g_shift_register (VX_shift_register_45_0_2_0_218) 8.41e-03 3.17e-02    1.265 4.14e-02   0.1
        adder (addRecFNToRaw_218)      3.68e-02 2.82e-02    4.776 6.97e-02   0.1
          lowMask_far_roundExtraMask (lowMaskHiLo_218) 1.46e-04 2.74e-04 8.07e-02 5.01e-04   0.0
            reverse (reverse_1_218)    6.52e-05 1.32e-04 4.69e-02 2.44e-04   0.0
          compressBy4_far_sigSmaller (compressBy4_218) 7.20e-05 3.43e-04 4.63e-02 4.61e-04   0.0
          countLeadingZeros_close (countLeadingZeros_218) 5.84e-04 5.21e-04    0.163 1.27e-03   0.0
            reverse_in (reverse_220)   3.10e-04 3.63e-04 8.98e-02 7.62e-04   0.0
          compressBy2_close_sigSum (compressBy2_218) 2.51e-04 3.94e-04 6.62e-02 7.11e-04   0.0
          isSigNaN_b (isSigNaNRecFN_1_436) 5.42e-06 9.54e-06 4.40e-03 1.94e-05   0.0
          recFNToRawFN_b (recFNToRawFN_1_464) 2.17e-03 9.19e-04    0.234 3.32e-03   0.0
          isSigNaN_a (isSigNaNRecFN_1_437) 5.78e-06 9.67e-06 4.40e-03 1.99e-05   0.0
          recFNToRawFN_a (recFNToRawFN_1_465) 2.39e-03 9.94e-04    0.234 3.61e-03   0.0
      g_red_tree_1__g_add_0__reduce_add (VX_tcu_bhf_fadd_192) 5.37e-02 7.66e-02    7.773    0.138   0.2
        pipe_rnd (VX_pipe_register_4_407) 2.63e-03 1.29e-02    0.505 1.60e-02   0.0
          g_shift_register (VX_shift_register_38_0_1_0_407) 2.63e-03 1.29e-02    0.505 1.60e-02   0.0
        rounding (roundAnyRawFNToRecFN_1_219) 6.11e-03 3.86e-03    1.223 1.12e-02   0.0
          genblk2_genblk1_lowMask_roundMask (lowMaskLoHi_219) 2.63e-04 1.50e-04    0.302 7.16e-04   0.0
            reverse (reverse_2_219)    1.40e-05 5.43e-06    0.153 1.73e-04   0.0
        pipe_add (VX_pipe_register_5_219) 7.29e-03 3.17e-02    1.265 4.03e-02   0.1
          g_shift_register (VX_shift_register_45_0_2_0_219) 7.29e-03 3.17e-02    1.265 4.03e-02   0.1
        adder (addRecFNToRaw_219)      3.77e-02 2.82e-02    4.780 7.07e-02   0.1
          lowMask_far_roundExtraMask (lowMaskHiLo_219) 1.50e-04 2.70e-04 8.07e-02 5.00e-04   0.0
            reverse (reverse_1_219)    5.96e-05 1.30e-04 4.69e-02 2.36e-04   0.0
          compressBy4_far_sigSmaller (compressBy4_219) 7.10e-05 3.43e-04 4.62e-02 4.61e-04   0.0
          countLeadingZeros_close (countLeadingZeros_219) 5.89e-04 5.23e-04    0.163 1.27e-03   0.0
            reverse_in (reverse_221)   3.04e-04 3.64e-04 8.98e-02 7.58e-04   0.0
          compressBy2_close_sigSum (compressBy2_219) 2.36e-04 3.95e-04 6.62e-02 6.97e-04   0.0
          isSigNaN_b (isSigNaNRecFN_1_438) 5.07e-06 9.22e-06 4.38e-03 1.87e-05   0.0
          recFNToRawFN_b (recFNToRawFN_1_466) 3.49e-03 9.29e-04    0.234 4.66e-03   0.0
          isSigNaN_a (isSigNaNRecFN_1_439) 6.19e-06 9.24e-06 4.35e-03 1.98e-05   0.0
          recFNToRawFN_a (recFNToRawFN_1_467) 1.83e-03 9.27e-04    0.234 2.99e-03   0.0
      g_red_tree_0__g_add_3__reduce_add (VX_tcu_bhf_fadd_193) 5.56e-02 7.42e-02    7.611    0.137   0.2
        pipe_rnd (VX_pipe_register_4_408) 4.19e-03 1.30e-02    0.505 1.77e-02   0.0
          g_shift_register (VX_shift_register_38_0_1_0_408) 4.19e-03 1.30e-02    0.505 1.77e-02   0.0
        rounding (roundAnyRawFNToRecFN_1_220) 7.50e-03 3.87e-03    1.250 1.26e-02   0.0
          genblk2_genblk1_lowMask_roundMask (lowMaskLoHi_220) 2.58e-04 1.54e-04    0.304 7.15e-04   0.0
            reverse (reverse_2_220)    1.40e-05 5.43e-06    0.153 1.73e-04   0.0
        pipe_add (VX_pipe_register_5_220) 1.13e-02 3.22e-02    1.268 4.48e-02   0.1
          g_shift_register (VX_shift_register_45_0_2_0_220) 1.13e-02 3.22e-02    1.268 4.48e-02   0.1
        adder (addRecFNToRaw_220)      3.26e-02 2.51e-02    4.587 6.23e-02   0.1
          lowMask_far_roundExtraMask (lowMaskHiLo_220) 1.23e-04 2.25e-04 6.92e-02 4.16e-04   0.0
            reverse (reverse_1_220)    5.85e-05 1.09e-04 3.99e-02 2.07e-04   0.0
          compressBy4_far_sigSmaller (compressBy4_220) 3.59e-05 2.46e-04 4.07e-02 3.23e-04   0.0
          countLeadingZeros_close (countLeadingZeros_220) 5.64e-04 5.03e-04    0.156 1.22e-03   0.0
            reverse_in (reverse_222)   2.99e-04 3.04e-04 8.26e-02 6.85e-04   0.0
          compressBy2_close_sigSum (compressBy2_220) 1.72e-04 3.29e-04 6.15e-02 5.62e-04   0.0
          isSigNaN_b (isSigNaNRecFN_1_440) 7.66e-06 1.09e-05 4.86e-03 2.35e-05   0.0
          recFNToRawFN_b (recFNToRawFN_1_468) 2.67e-03 7.54e-04    0.221 3.64e-03   0.0
          isSigNaN_a (isSigNaNRecFN_1_441) 7.35e-06 1.10e-05 4.85e-03 2.32e-05   0.0
          recFNToRawFN_a (recFNToRawFN_1_469) 2.39e-03 7.52e-04    0.221 3.36e-03   0.0
      g_red_tree_0__g_add_2__reduce_add (VX_tcu_bhf_fadd_194) 7.34e-02 7.47e-02    7.682    0.156   0.2
        pipe_rnd (VX_pipe_register_4_409) 9.86e-03 1.31e-02    0.505 2.35e-02   0.0
          g_shift_register (VX_shift_register_38_0_1_0_409) 9.86e-03 1.31e-02    0.505 2.35e-02   0.0
        rounding (roundAnyRawFNToRecFN_1_221) 1.89e-02 4.15e-03    1.319 2.44e-02   0.0
          genblk2_genblk1_lowMask_roundMask (lowMaskLoHi_221) 2.43e-04 1.53e-04    0.303 6.99e-04   0.0
            reverse (reverse_2_221)    1.40e-05 5.42e-06    0.153 1.73e-04   0.0
        pipe_add (VX_pipe_register_5_221) 1.23e-02 3.22e-02    1.268 4.58e-02   0.1
          g_shift_register (VX_shift_register_45_0_2_0_221) 1.23e-02 3.22e-02    1.268 4.58e-02   0.1
        adder (addRecFNToRaw_221)      3.23e-02 2.52e-02    4.590 6.21e-02   0.1
          lowMask_far_roundExtraMask (lowMaskHiLo_221) 1.18e-04 2.24e-04 6.92e-02 4.12e-04   0.0
            reverse (reverse_1_221)    5.95e-05 1.09e-04 3.99e-02 2.08e-04   0.0
          compressBy4_far_sigSmaller (compressBy4_221) 5.66e-05 2.44e-04 4.06e-02 3.41e-04   0.0
          countLeadingZeros_close (countLeadingZeros_221) 5.39e-04 5.00e-04    0.156 1.20e-03   0.0
            reverse_in (reverse_223)   2.77e-04 3.02e-04 8.27e-02 6.62e-04   0.0
          compressBy2_close_sigSum (compressBy2_221) 1.62e-04 3.27e-04 6.15e-02 5.50e-04   0.0
          isSigNaN_b (isSigNaNRecFN_1_442) 6.14e-06 1.08e-05 4.87e-03 2.18e-05   0.0
          recFNToRawFN_b (recFNToRawFN_1_470) 2.36e-03 7.53e-04    0.221 3.34e-03   0.0
          isSigNaN_a (isSigNaNRecFN_1_443) 7.98e-06 1.11e-05 4.86e-03 2.40e-05   0.0
          recFNToRawFN_a (recFNToRawFN_1_471) 1.89e-03 7.49e-04    0.221 2.86e-03   0.0
      g_red_tree_0__g_add_1__reduce_add (VX_tcu_bhf_fadd_195) 6.13e-02 7.45e-02    7.645    0.143   0.2
        pipe_rnd (VX_pipe_register_4_410) 4.44e-03 1.30e-02    0.506 1.80e-02   0.0
          g_shift_register (VX_shift_register_38_0_1_0_410) 4.44e-03 1.30e-02    0.506 1.80e-02   0.0
        rounding (roundAnyRawFNToRecFN_1_222) 1.27e-02 4.02e-03    1.285 1.80e-02   0.0
          genblk2_genblk1_lowMask_roundMask (lowMaskLoHi_222) 2.60e-04 1.53e-04    0.303 7.16e-04   0.0
            reverse (reverse_2_222)    1.36e-05 5.42e-06    0.153 1.72e-04   0.0
        pipe_add (VX_pipe_register_5_222) 1.30e-02 3.22e-02    1.268 4.65e-02   0.1
          g_shift_register (VX_shift_register_45_0_2_0_222) 1.30e-02 3.22e-02    1.268 4.65e-02   0.1
        adder (addRecFNToRaw_222)      3.12e-02 2.52e-02    4.587 6.10e-02   0.1
          lowMask_far_roundExtraMask (lowMaskHiLo_222) 1.16e-04 2.23e-04 6.92e-02 4.08e-04   0.0
            reverse (reverse_1_222)    5.59e-05 1.08e-04 3.99e-02 2.03e-04   0.0
          compressBy4_far_sigSmaller (compressBy4_222) 6.61e-05 2.45e-04 4.07e-02 3.52e-04   0.0
          countLeadingZeros_close (countLeadingZeros_222) 5.80e-04 4.98e-04    0.156 1.23e-03   0.0
            reverse_in (reverse_224)   3.23e-04 3.03e-04 8.27e-02 7.09e-04   0.0
          compressBy2_close_sigSum (compressBy2_222) 1.80e-04 3.27e-04 6.15e-02 5.68e-04   0.0
          isSigNaN_b (isSigNaNRecFN_1_444) 6.43e-06 1.08e-05 4.83e-03 2.21e-05   0.0
          recFNToRawFN_b (recFNToRawFN_1_472) 1.94e-03 7.51e-04    0.221 2.91e-03   0.0
          isSigNaN_a (isSigNaNRecFN_1_445) 6.22e-06 1.11e-05 4.87e-03 2.22e-05   0.0
          recFNToRawFN_a (recFNToRawFN_1_473) 1.65e-03 7.49e-04    0.221 2.62e-03   0.0
      g_red_tree_0__g_add_0__reduce_add (VX_tcu_bhf_fadd_196) 5.15e-02 7.43e-02    7.609    0.133   0.2
        pipe_rnd (VX_pipe_register_4_411) 2.73e-03 1.30e-02    0.505 1.62e-02   0.0
          g_shift_register (VX_shift_register_38_0_1_0_411) 2.73e-03 1.30e-02    0.505 1.62e-02   0.0
        rounding (roundAnyRawFNToRecFN_1_223) 7.99e-03 3.92e-03    1.256 1.32e-02   0.0
          genblk2_genblk1_lowMask_roundMask (lowMaskLoHi_223) 2.42e-04 1.52e-04    0.303 6.96e-04   0.0
            reverse (reverse_2_223)    1.49e-05 5.43e-06    0.153 1.74e-04   0.0
        pipe_add (VX_pipe_register_5_223) 9.93e-03 3.22e-02    1.268 4.34e-02   0.1
          g_shift_register (VX_shift_register_45_0_2_0_223) 9.93e-03 3.22e-02    1.268 4.34e-02   0.1
        adder (addRecFNToRaw_223)      3.08e-02 2.52e-02    4.579 6.06e-02   0.1
          lowMask_far_roundExtraMask (lowMaskHiLo_223) 1.16e-04 2.26e-04 6.92e-02 4.11e-04   0.0
            reverse (reverse_1_223)    5.69e-05 1.09e-04 3.98e-02 2.06e-04   0.0
          compressBy4_far_sigSmaller (compressBy4_223) 4.97e-05 2.45e-04 4.07e-02 3.35e-04   0.0
          countLeadingZeros_close (countLeadingZeros_223) 5.59e-04 5.01e-04    0.156 1.22e-03   0.0
            reverse_in (reverse_225)   2.99e-04 3.03e-04 8.27e-02 6.85e-04   0.0
          compressBy2_close_sigSum (compressBy2_223) 1.89e-04 3.29e-04 6.15e-02 5.79e-04   0.0
          isSigNaN_b (isSigNaNRecFN_1_446) 6.82e-06 1.11e-05 4.83e-03 2.27e-05   0.0
          recFNToRawFN_b (recFNToRawFN_1_474) 1.99e-03 7.54e-04    0.221 2.96e-03   0.0
          isSigNaN_a (isSigNaNRecFN_1_447) 5.74e-06 1.08e-05 4.84e-03 2.14e-05   0.0
          recFNToRawFN_a (recFNToRawFN_1_475) 1.84e-03 7.57e-04    0.221 2.82e-03   0.0
      g_prod_7__pipe_mult (VX_pipe_register_1_216) 2.55e-03 1.16e-02    0.477 1.46e-02   0.0
        g_shift_register (VX_shift_register_33_0_1_0_216) 2.55e-03 1.16e-02    0.477 1.46e-02   0.0
      g_prod_7__fp16_mul (VX_tcu_bhf_fmul_216) 2.64e-02 4.91e-02    5.442 8.09e-02   0.1
        pipe_rnd (VX_pipe_register_4_412) 3.96e-03 1.16e-02    0.477 1.60e-02   0.0
          g_shift_register (VX_shift_register_38_0_1_0_412) 3.96e-03 1.16e-02    0.477 1.60e-02   0.0
        rounding (roundAnyRawFNToRecFN_217) 2.29e-03 1.11e-03    0.273 3.68e-03   0.0
        pipe_add (VX_pipe_register_3_216) 4.64e-03 2.46e-02    1.028 3.03e-02   0.0
          g_shift_register (VX_shift_register_37_0_2_0_216) 4.64e-03 2.46e-02    1.028 3.03e-02   0.0
        multiplier (mulRecFNToFullRaw_216) 1.35e-02 1.08e-02    3.030 2.74e-02   0.0
          isSigNaN_b (isSigNaNRecFN_433) 4.57e-06 8.95e-06 4.72e-03 1.82e-05   0.0
          recFNToRawFN_b (recFNToRawFN_433) 6.82e-04 2.22e-04    0.129 1.03e-03   0.0
          isSigNaN_a (isSigNaNRecFN_434) 7.63e-06 9.30e-06 5.25e-03 2.22e-05   0.0
          recFNToRawFN_a (recFNToRawFN_434) 1.20e-03 1.80e-04    0.134 1.51e-03   0.0
        g_in_ieee_from_ieee_b (fNToRecFN_1_432) 6.32e-04 5.25e-04    0.312 1.47e-03   0.0
          clz (bsg_counting_leading_zeros_1_432) 1.19e-04 9.06e-05 6.84e-02 2.78e-04   0.0
            lzc (VX_lzc_1_432)         1.19e-04 9.06e-05 6.84e-02 2.78e-04   0.0
              g_lzc_find_first (VX_find_first_10_4_1_432) 5.24e-05 7.10e-05 5.55e-02 1.79e-04   0.0
        g_in_ieee_from_ieee_a (fNToRecFN_1_433) 1.39e-03 4.17e-04    0.323 2.13e-03   0.0
          clz (bsg_counting_leading_zeros_1_433) 9.45e-05 6.93e-05 6.84e-02 2.32e-04   0.0
            lzc (VX_lzc_1_433)         9.45e-05 6.93e-05 6.84e-02 2.32e-04   0.0
              g_lzc_find_first (VX_find_first_10_4_1_433) 4.25e-05 5.37e-05 5.56e-02 1.52e-04   0.0
      g_prod_6__pipe_mult (VX_pipe_register_1_217) 2.46e-03 1.16e-02    0.477 1.45e-02   0.0
        g_shift_register (VX_shift_register_33_0_1_0_217) 2.46e-03 1.16e-02    0.477 1.45e-02   0.0
      g_prod_6__fp16_mul (VX_tcu_bhf_fmul_217) 2.47e-02 4.90e-02    5.451 7.92e-02   0.1
        pipe_rnd (VX_pipe_register_4_413) 3.56e-03 1.16e-02    0.477 1.56e-02   0.0
          g_shift_register (VX_shift_register_38_0_1_0_413) 3.56e-03 1.16e-02    0.477 1.56e-02   0.0
        rounding (roundAnyRawFNToRecFN_218) 2.41e-03 1.12e-03    0.273 3.80e-03   0.0
        pipe_add (VX_pipe_register_3_217) 4.59e-03 2.46e-02    1.028 3.02e-02   0.0
          g_shift_register (VX_shift_register_37_0_2_0_217) 4.59e-03 2.46e-02    1.028 3.02e-02   0.0
        multiplier (mulRecFNToFullRaw_217) 1.20e-02 1.08e-02    3.029 2.59e-02   0.0
          isSigNaN_b (isSigNaNRecFN_435) 4.61e-06 8.93e-06 4.69e-03 1.82e-05   0.0
          recFNToRawFN_b (recFNToRawFN_435) 6.79e-04 2.22e-04    0.129 1.03e-03   0.0
          isSigNaN_a (isSigNaNRecFN_436) 6.96e-06 9.21e-06 5.26e-03 2.14e-05   0.0
          recFNToRawFN_a (recFNToRawFN_436) 1.37e-03 1.79e-04    0.134 1.68e-03   0.0
        g_in_ieee_from_ieee_b (fNToRecFN_1_434) 6.47e-04 5.30e-04    0.312 1.49e-03   0.0
          clz (bsg_counting_leading_zeros_1_434) 1.22e-04 9.23e-05 6.85e-02 2.82e-04   0.0
            lzc (VX_lzc_1_434)         1.22e-04 9.23e-05 6.85e-02 2.82e-04   0.0
              g_lzc_find_first (VX_find_first_10_4_1_434) 5.62e-05 7.26e-05 5.56e-02 1.84e-04   0.0
        g_in_ieee_from_ieee_a (fNToRecFN_1_435) 1.45e-03 4.20e-04    0.331 2.20e-03   0.0
          clz (bsg_counting_leading_zeros_1_435) 9.31e-05 6.90e-05 6.82e-02 2.30e-04   0.0
            lzc (VX_lzc_1_435)         9.31e-05 6.90e-05 6.82e-02 2.30e-04   0.0
              g_lzc_find_first (VX_find_first_10_4_1_435) 4.09e-05 5.34e-05 5.54e-02 1.50e-04   0.0
      g_prod_5__pipe_mult (VX_pipe_register_1_218) 3.18e-03 1.16e-02    0.477 1.52e-02   0.0
        g_shift_register (VX_shift_register_33_0_1_0_218) 3.18e-03 1.16e-02    0.477 1.52e-02   0.0
      g_prod_5__fp16_mul (VX_tcu_bhf_fmul_218) 2.35e-02 4.90e-02    5.430 7.80e-02   0.1
        pipe_rnd (VX_pipe_register_4_414) 2.73e-03 1.16e-02    0.477 1.48e-02   0.0
          g_shift_register (VX_shift_register_38_0_1_0_414) 2.73e-03 1.16e-02    0.477 1.48e-02   0.0
        rounding (roundAnyRawFNToRecFN_219) 2.38e-03 1.12e-03    0.274 3.77e-03   0.0
        pipe_add (VX_pipe_register_3_218) 4.52e-03 2.46e-02    1.028 3.02e-02   0.0
          g_shift_register (VX_shift_register_37_0_2_0_218) 4.52e-03 2.46e-02    1.028 3.02e-02   0.0
        multiplier (mulRecFNToFullRaw_218) 1.24e-02 1.08e-02    3.024 2.62e-02   0.0
          isSigNaN_b (isSigNaNRecFN_437) 4.53e-06 8.88e-06 4.68e-03 1.81e-05   0.0
          recFNToRawFN_b (recFNToRawFN_437) 8.36e-04 2.21e-04    0.129 1.19e-03   0.0
          isSigNaN_a (isSigNaNRecFN_438) 6.50e-06 7.45e-06 4.72e-03 1.87e-05   0.0
          recFNToRawFN_a (recFNToRawFN_438) 4.42e-04 1.69e-04    0.129 7.40e-04   0.0
        g_in_ieee_from_ieee_b (fNToRecFN_1_436) 7.35e-04 5.19e-04    0.313 1.57e-03   0.0
          clz (bsg_counting_leading_zeros_1_436) 1.16e-04 8.83e-05 6.83e-02 2.73e-04   0.0
            lzc (VX_lzc_1_436)         1.16e-04 8.83e-05 6.83e-02 2.73e-04   0.0
              g_lzc_find_first (VX_find_first_10_4_1_436) 5.17e-05 6.96e-05 5.54e-02 1.77e-04   0.0
        g_in_ieee_from_ieee_a (fNToRecFN_1_437) 7.88e-04 4.03e-04    0.313 1.50e-03   0.0
          clz (bsg_counting_leading_zeros_1_437) 9.11e-05 6.92e-05 6.84e-02 2.29e-04   0.0
            lzc (VX_lzc_1_437)         9.11e-05 6.92e-05 6.84e-02 2.29e-04   0.0
              g_lzc_find_first (VX_find_first_10_4_1_437) 4.02e-05 5.38e-05 5.56e-02 1.50e-04   0.0
      g_prod_4__pipe_mult (VX_pipe_register_1_219) 3.39e-03 1.16e-02    0.477 1.54e-02   0.0
        g_shift_register (VX_shift_register_33_0_1_0_219) 3.39e-03 1.16e-02    0.477 1.54e-02   0.0
      g_prod_4__fp16_mul (VX_tcu_bhf_fmul_219) 2.43e-02 4.90e-02    5.424 7.88e-02   0.1
        pipe_rnd (VX_pipe_register_4_415) 4.51e-03 1.16e-02    0.477 1.66e-02   0.0
          g_shift_register (VX_shift_register_38_0_1_0_415) 4.51e-03 1.16e-02    0.477 1.66e-02   0.0
        rounding (roundAnyRawFNToRecFN_220) 1.25e-03 1.12e-03    0.272 2.64e-03   0.0
        pipe_add (VX_pipe_register_3_219) 5.51e-03 2.46e-02    1.028 3.11e-02   0.0
          g_shift_register (VX_shift_register_37_0_2_0_219) 5.51e-03 2.46e-02    1.028 3.11e-02   0.0
        multiplier (mulRecFNToFullRaw_219) 1.16e-02 1.08e-02    3.022 2.53e-02   0.0
          isSigNaN_b (isSigNaNRecFN_439) 4.70e-06 8.74e-06 4.67e-03 1.81e-05   0.0
          recFNToRawFN_b (recFNToRawFN_439) 7.04e-04 2.22e-04    0.129 1.06e-03   0.0
          isSigNaN_a (isSigNaNRecFN_440) 6.49e-06 7.86e-06 4.70e-03 1.91e-05   0.0
          recFNToRawFN_a (recFNToRawFN_440) 4.46e-04 1.71e-04    0.129 7.47e-04   0.0
        g_in_ieee_from_ieee_b (fNToRecFN_1_438) 6.82e-04 5.30e-04    0.312 1.52e-03   0.0
          clz (bsg_counting_leading_zeros_1_438) 1.21e-04 9.18e-05 6.84e-02 2.81e-04   0.0
            lzc (VX_lzc_1_438)         1.21e-04 9.18e-05 6.84e-02 2.81e-04   0.0
              g_lzc_find_first (VX_find_first_10_4_1_438) 5.57e-05 7.23e-05 5.55e-02 1.83e-04   0.0
        g_in_ieee_from_ieee_a (fNToRecFN_1_439) 8.24e-04 4.00e-04    0.313 1.54e-03   0.0
          clz (bsg_counting_leading_zeros_1_439) 9.07e-05 6.86e-05 6.82e-02 2.27e-04   0.0
            lzc (VX_lzc_1_439)         9.07e-05 6.86e-05 6.82e-02 2.27e-04   0.0
              g_lzc_find_first (VX_find_first_10_4_1_439) 3.97e-05 5.31e-05 5.54e-02 1.48e-04   0.0
      g_prod_3__pipe_mult (VX_pipe_register_1_220) 2.64e-03 1.16e-02    0.477 1.47e-02   0.0
        g_shift_register (VX_shift_register_33_0_1_0_220) 2.64e-03 1.16e-02    0.477 1.47e-02   0.0
      g_prod_3__fp16_mul (VX_tcu_bhf_fmul_220) 2.37e-02 4.90e-02    5.428 7.81e-02   0.1
        pipe_rnd (VX_pipe_register_4_416) 2.45e-03 1.16e-02    0.477 1.45e-02   0.0
          g_shift_register (VX_shift_register_38_0_1_0_416) 2.45e-03 1.16e-02    0.477 1.45e-02   0.0
        rounding (roundAnyRawFNToRecFN_221) 2.19e-03 1.12e-03    0.273 3.59e-03   0.0
        pipe_add (VX_pipe_register_3_220) 5.42e-03 2.46e-02    1.028 3.11e-02   0.0
          g_shift_register (VX_shift_register_37_0_2_0_220) 5.42e-03 2.46e-02    1.028 3.11e-02   0.0
        multiplier (mulRecFNToFullRaw_220) 1.17e-02 1.07e-02    3.022 2.55e-02   0.0
          isSigNaN_b (isSigNaNRecFN_441) 6.24e-06 8.89e-06 4.66e-03 1.98e-05   0.0
          recFNToRawFN_b (recFNToRawFN_441) 7.40e-04 2.21e-04    0.129 1.09e-03   0.0
          isSigNaN_a (isSigNaNRecFN_442) 4.14e-06 8.10e-06 4.71e-03 1.70e-05   0.0
          recFNToRawFN_a (recFNToRawFN_442) 7.60e-04 1.82e-04    0.129 1.07e-03   0.0
        g_in_ieee_from_ieee_b (fNToRecFN_1_440) 6.63e-04 5.23e-04    0.314 1.50e-03   0.0
          clz (bsg_counting_leading_zeros_1_440) 1.19e-04 9.08e-05 6.83e-02 2.78e-04   0.0
            lzc (VX_lzc_1_440)         1.19e-04 9.08e-05 6.83e-02 2.78e-04   0.0
              g_lzc_find_first (VX_find_first_10_4_1_440) 5.36e-05 7.15e-05 5.54e-02 1.81e-04   0.0
        g_in_ieee_from_ieee_a (fNToRecFN_1_441) 1.26e-03 4.11e-04    0.314 1.99e-03   0.0
          clz (bsg_counting_leading_zeros_1_441) 9.19e-05 7.04e-05 6.89e-02 2.31e-04   0.0
            lzc (VX_lzc_1_441)         9.19e-05 7.04e-05 6.89e-02 2.31e-04   0.0
              g_lzc_find_first (VX_find_first_10_4_1_441) 4.06e-05 5.50e-05 5.60e-02 1.52e-04   0.0
      g_prod_2__pipe_mult (VX_pipe_register_1_221) 2.99e-03 1.16e-02    0.477 1.50e-02   0.0
        g_shift_register (VX_shift_register_33_0_1_0_221) 2.99e-03 1.16e-02    0.477 1.50e-02   0.0
      g_prod_2__fp16_mul (VX_tcu_bhf_fmul_221) 2.86e-02 4.91e-02    5.432 8.31e-02   0.1
        pipe_rnd (VX_pipe_register_4_417) 3.19e-03 1.16e-02    0.477 1.52e-02   0.0
          g_shift_register (VX_shift_register_38_0_1_0_417) 3.19e-03 1.16e-02    0.477 1.52e-02   0.0
        rounding (roundAnyRawFNToRecFN_222) 2.70e-03 1.12e-03    0.274 4.10e-03   0.0
        pipe_add (VX_pipe_register_3_221) 5.00e-03 2.46e-02    1.028 3.06e-02   0.0
          g_shift_register (VX_shift_register_37_0_2_0_221) 5.00e-03 2.46e-02    1.028 3.06e-02   0.0
        multiplier (mulRecFNToFullRaw_221) 1.51e-02 1.08e-02    3.013 2.89e-02   0.0
          isSigNaN_b (isSigNaNRecFN_443) 4.61e-06 8.76e-06 4.66e-03 1.80e-05   0.0
          recFNToRawFN_b (recFNToRawFN_443) 6.85e-04 2.21e-04    0.129 1.03e-03   0.0
          isSigNaN_a (isSigNaNRecFN_444) 4.65e-06 8.58e-06 5.20e-03 1.84e-05   0.0
          recFNToRawFN_a (recFNToRawFN_444) 3.01e-03 1.75e-04    0.132 3.32e-03   0.0
        g_in_ieee_from_ieee_b (fNToRecFN_1_442) 6.47e-04 5.27e-04    0.312 1.49e-03   0.0
          clz (bsg_counting_leading_zeros_1_442) 1.19e-04 9.16e-05 6.83e-02 2.79e-04   0.0
            lzc (VX_lzc_1_442)         1.19e-04 9.16e-05 6.83e-02 2.79e-04   0.0
              g_lzc_find_first (VX_find_first_10_4_1_442) 5.54e-05 7.20e-05 5.55e-02 1.83e-04   0.0
        g_in_ieee_from_ieee_a (fNToRecFN_1_443) 1.77e-03 4.18e-04    0.322 2.51e-03   0.0
          clz (bsg_counting_leading_zeros_1_443) 9.00e-05 6.84e-05 6.83e-02 2.27e-04   0.0
            lzc (VX_lzc_1_443)         9.00e-05 6.84e-05 6.83e-02 2.27e-04   0.0
              g_lzc_find_first (VX_find_first_10_4_1_443) 3.94e-05 5.32e-05 5.54e-02 1.48e-04   0.0
      g_prod_1__pipe_mult (VX_pipe_register_1_222) 2.59e-03 1.16e-02    0.477 1.46e-02   0.0
        g_shift_register (VX_shift_register_33_0_1_0_222) 2.59e-03 1.16e-02    0.477 1.46e-02   0.0
      g_prod_1__fp16_mul (VX_tcu_bhf_fmul_222) 2.33e-02 4.90e-02    5.427 7.78e-02   0.1
        pipe_rnd (VX_pipe_register_4_418) 3.22e-03 1.16e-02    0.477 1.53e-02   0.0
          g_shift_register (VX_shift_register_38_0_1_0_418) 3.22e-03 1.16e-02    0.477 1.53e-02   0.0
        rounding (roundAnyRawFNToRecFN_223) 2.83e-03 1.12e-03    0.273 4.22e-03   0.0
        pipe_add (VX_pipe_register_3_222) 4.50e-03 2.46e-02    1.028 3.01e-02   0.0
          g_shift_register (VX_shift_register_37_0_2_0_222) 4.50e-03 2.46e-02    1.028 3.01e-02   0.0
        multiplier (mulRecFNToFullRaw_222) 1.13e-02 1.08e-02    3.022 2.51e-02   0.0
          isSigNaN_b (isSigNaNRecFN_445) 5.52e-06 9.10e-06 4.71e-03 1.93e-05   0.0
          recFNToRawFN_b (recFNToRawFN_445) 6.96e-04 2.23e-04    0.129 1.05e-03   0.0
          isSigNaN_a (isSigNaNRecFN_446) 4.68e-06 7.57e-06 4.67e-03 1.69e-05   0.0
          recFNToRawFN_a (recFNToRawFN_446) 4.90e-04 1.71e-04    0.129 7.90e-04   0.0
        g_in_ieee_from_ieee_b (fNToRecFN_1_444) 6.57e-04 5.29e-04    0.313 1.50e-03   0.0
          clz (bsg_counting_leading_zeros_1_444) 1.19e-04 9.12e-05 6.85e-02 2.79e-04   0.0
            lzc (VX_lzc_1_444)         1.19e-04 9.12e-05 6.85e-02 2.79e-04   0.0
              g_lzc_find_first (VX_find_first_10_4_1_444) 5.27e-05 7.16e-05 5.56e-02 1.80e-04   0.0
        g_in_ieee_from_ieee_a (fNToRecFN_1_445) 8.76e-04 3.98e-04    0.314 1.59e-03   0.0
          clz (bsg_counting_leading_zeros_1_445) 9.07e-05 6.83e-05 6.83e-02 2.27e-04   0.0
            lzc (VX_lzc_1_445)         9.07e-05 6.83e-05 6.83e-02 2.27e-04   0.0
              g_lzc_find_first (VX_find_first_10_4_1_445) 3.96e-05 5.32e-05 5.54e-02 1.48e-04   0.0
      g_prod_0__pipe_mult (VX_pipe_register_1_223) 2.32e-03 1.16e-02    0.477 1.44e-02   0.0
        g_shift_register (VX_shift_register_33_0_1_0_223) 2.32e-03 1.16e-02    0.477 1.44e-02   0.0
      g_prod_0__fp16_mul (VX_tcu_bhf_fmul_223) 2.41e-02 4.91e-02    5.488 7.87e-02   0.1
        pipe_rnd (VX_pipe_register_4_419) 2.60e-03 1.16e-02    0.477 1.46e-02   0.0
          g_shift_register (VX_shift_register_38_0_1_0_419) 2.60e-03 1.16e-02    0.477 1.46e-02   0.0
        rounding (roundAnyRawFNToRecFN_224) 2.79e-03 1.11e-03    0.274 4.18e-03   0.0
        pipe_add (VX_pipe_register_3_223) 4.52e-03 2.46e-02    1.028 3.02e-02   0.0
          g_shift_register (VX_shift_register_37_0_2_0_223) 4.52e-03 2.46e-02    1.028 3.02e-02   0.0
        multiplier (mulRecFNToFullRaw_223) 1.19e-02 1.08e-02    3.059 2.57e-02   0.0
          isSigNaN_b (isSigNaNRecFN_447) 4.95e-06 9.04e-06 4.70e-03 1.87e-05   0.0
          recFNToRawFN_b (recFNToRawFN_447) 7.13e-04 2.23e-04    0.129 1.06e-03   0.0
          isSigNaN_a (isSigNaNRecFN_448) 5.12e-06 9.47e-06 5.64e-03 2.02e-05   0.0
          recFNToRawFN_a (recFNToRawFN_448) 1.33e-03 1.79e-04    0.138 1.65e-03   0.0
        g_in_ieee_from_ieee_b (fNToRecFN_1_446) 6.67e-04 5.32e-04    0.313 1.51e-03   0.0
          clz (bsg_counting_leading_zeros_1_446) 1.18e-04 9.13e-05 6.84e-02 2.78e-04   0.0
            lzc (VX_lzc_1_446)         1.18e-04 9.13e-05 6.84e-02 2.78e-04   0.0
              g_lzc_find_first (VX_find_first_10_4_1_446) 5.38e-05 7.16e-05 5.55e-02 1.81e-04   0.0
        g_in_ieee_from_ieee_a (fNToRecFN_1_447) 1.68e-03 4.21e-04    0.337 2.44e-03   0.0
          clz (bsg_counting_leading_zeros_1_447) 9.07e-05 6.80e-05 6.83e-02 2.27e-04   0.0
            lzc (VX_lzc_1_447)         6.23e-05 5.95e-05 6.18e-02 1.84e-04   0.0
              g_lzc_find_first (VX_find_first_10_4_1_447) 3.99e-05 5.28e-05 5.54e-02 1.48e-04   0.0
    g_i_1__g_j_0__genblk1_u_buffer_ex (VX_pipe_register_33) 1.76e-02 9.43e-02    4.324    0.116   0.2
      g_shift_register (VX_shift_register_582_0_1_0_27) 1.76e-02 9.43e-02    4.324    0.116   0.2
    g_i_0__g_j_3__fedp (VX_tcu_fedp_bhf_28)    0.704    1.219  116.984    2.039   2.8
      final_add (VX_tcu_bhf_fadd_1_28) 4.40e-02 6.71e-02    8.502    0.120   0.2
        pipe_rnd (VX_pipe_register_6_28) 2.15e-03 1.15e-02    0.491 1.42e-02   0.0
          g_shift_register (VX_shift_register_37_0_1_0_28) 2.15e-03 1.15e-02    0.491 1.42e-02   0.0
        g_out_ieee_to_ieee (recFNToFN_28) 4.57e-03 2.90e-03    0.790 8.26e-03   0.0
          recFNToRawFN (recFNToRawFN_1_476) 1.33e-03 7.23e-04    0.232 2.29e-03   0.0
        rounding (roundAnyRawFNToRecFN_1_224) 4.58e-03 2.92e-03    1.204 8.71e-03   0.0
          genblk2_genblk1_lowMask_roundMask (lowMaskLoHi_224) 2.24e-04 1.36e-04    0.301 6.62e-04   0.0
            reverse (reverse_2_224)    5.54e-06 2.15e-06    0.154 1.61e-04   0.0
        pipe_add (VX_pipe_register_5_224) 6.14e-03 3.05e-02    1.265 3.79e-02   0.1
          g_shift_register (VX_shift_register_45_0_2_0_224) 6.14e-03 3.05e-02    1.265 3.79e-02   0.1
        adder (addRecFNToRaw_224)      2.65e-02 1.92e-02    4.754 5.05e-02   0.1
          lowMask_far_roundExtraMask (lowMaskHiLo_224) 4.18e-05 7.97e-05 8.05e-02 2.02e-04   0.0
            reverse (reverse_1_224)    1.86e-05 3.76e-05 5.04e-02 1.07e-04   0.0
          compressBy4_far_sigSmaller (compressBy4_224) 3.37e-05 1.82e-04 4.49e-02 2.60e-04   0.0
          countLeadingZeros_close (countLeadingZeros_224) 5.50e-04 4.58e-04    0.163 1.17e-03   0.0
            reverse_in (reverse_226)   2.65e-04 3.12e-04 9.01e-02 6.67e-04   0.0
          compressBy2_close_sigSum (compressBy2_224) 2.18e-04 3.39e-04 6.60e-02 6.22e-04   0.0
          isSigNaN_b (isSigNaNRecFN_1_448) 3.84e-06 5.24e-06 4.52e-03 1.36e-05   0.0
          recFNToRawFN_b (recFNToRawFN_1_477) 5.80e-04 2.71e-04    0.236 1.09e-03   0.0
          isSigNaN_a (isSigNaNRecFN_1_449) 1.14e-05 1.30e-05 4.74e-03 2.92e-05   0.0
          recFNToRawFN_a (recFNToRawFN_1_478) 3.82e-03 8.40e-04    0.232 4.89e-03   0.0
      pipe_c (VX_pipe_register_2_28)   1.92e-02    0.139    6.433    0.165   0.2
        g_shift_register (VX_shift_register_33_0_13_0_28) 1.92e-02    0.139    6.433    0.165   0.2
      conv_c (fNToRecFN_29)            1.82e-03 9.04e-04    0.757 3.48e-03   0.0
        clz (bsg_counting_leading_zeros_29) 1.06e-04 1.08e-04    0.119 3.34e-04   0.0
          lzc (VX_lzc_29)              1.06e-04 1.08e-04    0.119 3.34e-04   0.0
            g_lzc_find_first (VX_find_first_23_5_1_28) 9.43e-05 1.05e-04    0.107 3.06e-04   0.0
      g_red_tree_2__g_add_0__reduce_add (VX_tcu_bhf_fadd_197) 7.24e-02 7.64e-02    7.902    0.157   0.2
        pipe_rnd (VX_pipe_register_4_420) 6.17e-03 1.27e-02    0.504 1.93e-02   0.0
          g_shift_register (VX_shift_register_38_0_1_0_420) 6.17e-03 1.27e-02    0.504 1.93e-02   0.0
        rounding (roundAnyRawFNToRecFN_1_225) 1.53e-02 4.05e-03    1.344 2.07e-02   0.0
          genblk2_genblk1_lowMask_roundMask (lowMaskLoHi_225) 2.86e-04 1.48e-04    0.302 7.36e-04   0.0
            reverse (reverse_2_225)    1.30e-05 5.41e-06    0.154 1.72e-04   0.0
        pipe_add (VX_pipe_register_5_225) 1.19e-02 3.16e-02    1.265 4.48e-02   0.1
          g_shift_register (VX_shift_register_45_0_2_0_225) 1.19e-02 3.16e-02    1.265 4.48e-02   0.1
        adder (addRecFNToRaw_225)      3.90e-02 2.81e-02    4.782 7.18e-02   0.1
          lowMask_far_roundExtraMask (lowMaskHiLo_225) 1.73e-04 2.97e-04 8.09e-02 5.51e-04   0.0
            reverse (reverse_1_225)    8.66e-05 1.45e-04 4.73e-02 2.79e-04   0.0
          compressBy4_far_sigSmaller (compressBy4_225) 1.33e-04 3.65e-04 4.78e-02 5.46e-04   0.0
          countLeadingZeros_close (countLeadingZeros_225) 5.93e-04 5.33e-04    0.163 1.29e-03   0.0
            reverse_in (reverse_227)   3.07e-04 3.70e-04 8.96e-02 7.66e-04   0.0
          compressBy2_close_sigSum (compressBy2_225) 2.01e-04 3.99e-04 6.61e-02 6.67e-04   0.0
          isSigNaN_b (isSigNaNRecFN_1_450) 3.53e-06 8.18e-06 4.16e-03 1.59e-05   0.0
          recFNToRawFN_b (recFNToRawFN_1_479) 4.24e-03 9.42e-04    0.233 5.42e-03   0.0
          isSigNaN_a (isSigNaNRecFN_1_451) 5.69e-06 8.54e-06 4.18e-03 1.84e-05   0.0
          recFNToRawFN_a (recFNToRawFN_1_480) 1.33e-03 8.89e-04    0.233 2.45e-03   0.0
      g_red_tree_1__g_add_1__reduce_add (VX_tcu_bhf_fadd_198) 6.73e-02 7.67e-02    7.831    0.152   0.2
        pipe_rnd (VX_pipe_register_4_421) 7.94e-03 1.29e-02    0.504 2.14e-02   0.0
          g_shift_register (VX_shift_register_38_0_1_0_421) 7.94e-03 1.29e-02    0.504 2.14e-02   0.0
        rounding (roundAnyRawFNToRecFN_1_226) 1.19e-02 3.97e-03    1.294 1.71e-02   0.0
          genblk2_genblk1_lowMask_roundMask (lowMaskLoHi_226) 2.58e-04 1.49e-04    0.303 7.10e-04   0.0
            reverse (reverse_2_226)    1.31e-05 5.42e-06    0.153 1.72e-04   0.0
        pipe_add (VX_pipe_register_5_226) 1.04e-02 3.17e-02    1.265 4.34e-02   0.1
          g_shift_register (VX_shift_register_45_0_2_0_226) 1.04e-02 3.17e-02    1.265 4.34e-02   0.1
        adder (addRecFNToRaw_226)      3.71e-02 2.81e-02    4.767 7.00e-02   0.1
          lowMask_far_roundExtraMask (lowMaskHiLo_226) 1.45e-04 2.69e-04 8.07e-02 4.94e-04   0.0
            reverse (reverse_1_226)    6.37e-05 1.30e-04 4.69e-02 2.40e-04   0.0
          compressBy4_far_sigSmaller (compressBy4_226) 8.04e-05 3.44e-04 4.63e-02 4.70e-04   0.0
          countLeadingZeros_close (countLeadingZeros_226) 5.78e-04 5.20e-04    0.163 1.26e-03   0.0
            reverse_in (reverse_228)   3.04e-04 3.63e-04 8.98e-02 7.57e-04   0.0
          compressBy2_close_sigSum (compressBy2_226) 2.48e-04 3.94e-04 6.62e-02 7.08e-04   0.0
          isSigNaN_b (isSigNaNRecFN_1_452) 4.26e-06 9.49e-06 4.39e-03 1.81e-05   0.0
          recFNToRawFN_b (recFNToRawFN_1_481) 2.61e-03 9.27e-04    0.234 3.77e-03   0.0
          isSigNaN_a (isSigNaNRecFN_1_453) 5.83e-06 9.37e-06 4.36e-03 1.96e-05   0.0
          recFNToRawFN_a (recFNToRawFN_1_482) 2.42e-03 9.35e-04    0.234 3.59e-03   0.0
      g_red_tree_1__g_add_0__reduce_add (VX_tcu_bhf_fadd_199) 5.62e-02 7.66e-02    7.765    0.141   0.2
        pipe_rnd (VX_pipe_register_4_422) 3.87e-03 1.29e-02    0.505 1.72e-02   0.0
          g_shift_register (VX_shift_register_38_0_1_0_422) 3.87e-03 1.29e-02    0.505 1.72e-02   0.0
        rounding (roundAnyRawFNToRecFN_1_227) 6.15e-03 3.84e-03    1.219 1.12e-02   0.0
          genblk2_genblk1_lowMask_roundMask (lowMaskLoHi_227) 2.55e-04 1.49e-04    0.302 7.06e-04   0.0
            reverse (reverse_2_227)    1.36e-05 5.42e-06    0.153 1.72e-04   0.0
        pipe_add (VX_pipe_register_5_227) 9.54e-03 3.18e-02    1.266 4.26e-02   0.1
          g_shift_register (VX_shift_register_45_0_2_0_227) 9.54e-03 3.18e-02    1.266 4.26e-02   0.1
        adder (addRecFNToRaw_227)      3.66e-02 2.81e-02    4.775 6.95e-02   0.1
          lowMask_far_roundExtraMask (lowMaskHiLo_227) 1.44e-04 2.73e-04 8.07e-02 4.98e-04   0.0
            reverse (reverse_1_227)    5.63e-05 1.32e-04 4.69e-02 2.35e-04   0.0
          compressBy4_far_sigSmaller (compressBy4_227) 6.42e-05 3.43e-04 4.63e-02 4.54e-04   0.0
          countLeadingZeros_close (countLeadingZeros_227) 5.84e-04 5.21e-04    0.163 1.27e-03   0.0
            reverse_in (reverse_229)   3.07e-04 3.65e-04 8.97e-02 7.62e-04   0.0
          compressBy2_close_sigSum (compressBy2_227) 2.08e-04 3.95e-04 6.62e-02 6.69e-04   0.0
          isSigNaN_b (isSigNaNRecFN_1_454) 4.52e-06 9.72e-06 4.41e-03 1.86e-05   0.0
          recFNToRawFN_b (recFNToRawFN_1_483) 2.97e-03 9.32e-04    0.234 4.14e-03   0.0
          isSigNaN_a (isSigNaNRecFN_1_455) 4.22e-06 8.91e-06 4.37e-03 1.75e-05   0.0
          recFNToRawFN_a (recFNToRawFN_1_484) 1.57e-03 9.24e-04    0.234 2.72e-03   0.0
      g_red_tree_0__g_add_3__reduce_add (VX_tcu_bhf_fadd_200) 5.39e-02 7.42e-02    7.620    0.136   0.2
        pipe_rnd (VX_pipe_register_4_423) 4.92e-03 1.30e-02    0.505 1.84e-02   0.0
          g_shift_register (VX_shift_register_38_0_1_0_423) 4.92e-03 1.30e-02    0.505 1.84e-02   0.0
        rounding (roundAnyRawFNToRecFN_1_228) 7.94e-03 3.90e-03    1.260 1.31e-02   0.0
          genblk2_genblk1_lowMask_roundMask (lowMaskLoHi_228) 2.54e-04 1.54e-04    0.304 7.12e-04   0.0
            reverse (reverse_2_228)    1.32e-05 5.42e-06    0.153 1.72e-04   0.0
        pipe_add (VX_pipe_register_5_228) 8.86e-03 3.22e-02    1.268 4.23e-02   0.1
          g_shift_register (VX_shift_register_45_0_2_0_228) 8.86e-03 3.22e-02    1.268 4.23e-02   0.1
        adder (addRecFNToRaw_228)      3.21e-02 2.52e-02    4.587 6.19e-02   0.1
          lowMask_far_roundExtraMask (lowMaskHiLo_228) 1.19e-04 2.22e-04 6.92e-02 4.11e-04   0.0
            reverse (reverse_1_228)    5.47e-05 1.08e-04 3.99e-02 2.02e-04   0.0
          compressBy4_far_sigSmaller (compressBy4_228) 4.13e-05 2.45e-04 4.07e-02 3.27e-04   0.0
          countLeadingZeros_close (countLeadingZeros_228) 5.60e-04 5.03e-04    0.156 1.22e-03   0.0
            reverse_in (reverse_230)   2.90e-04 3.04e-04 8.27e-02 6.77e-04   0.0
          compressBy2_close_sigSum (compressBy2_228) 1.66e-04 3.28e-04 6.15e-02 5.56e-04   0.0
          isSigNaN_b (isSigNaNRecFN_1_456) 9.10e-06 1.10e-05 4.86e-03 2.49e-05   0.0
          recFNToRawFN_b (recFNToRawFN_1_485) 2.38e-03 7.52e-04    0.221 3.35e-03   0.0
          isSigNaN_a (isSigNaNRecFN_1_457) 9.44e-06 1.12e-05 4.87e-03 2.55e-05   0.0
          recFNToRawFN_a (recFNToRawFN_1_486) 1.68e-03 7.51e-04    0.221 2.65e-03   0.0
      g_red_tree_0__g_add_2__reduce_add (VX_tcu_bhf_fadd_201) 6.11e-02 7.45e-02    7.640    0.143   0.2
        pipe_rnd (VX_pipe_register_4_424) 5.60e-03 1.30e-02    0.505 1.91e-02   0.0
          g_shift_register (VX_shift_register_38_0_1_0_424) 5.60e-03 1.30e-02    0.505 1.91e-02   0.0
        rounding (roundAnyRawFNToRecFN_1_229) 1.04e-02 3.96e-03    1.272 1.56e-02   0.0
          genblk2_genblk1_lowMask_roundMask (lowMaskLoHi_229) 2.50e-04 1.52e-04    0.303 7.06e-04   0.0
            reverse (reverse_2_229)    1.40e-05 5.42e-06    0.153 1.73e-04   0.0
        pipe_add (VX_pipe_register_5_229) 1.39e-02 3.23e-02    1.268 4.74e-02   0.1
          g_shift_register (VX_shift_register_45_0_2_0_229) 1.39e-02 3.23e-02    1.268 4.74e-02   0.1
        adder (addRecFNToRaw_229)      3.13e-02 2.53e-02    4.588 6.12e-02   0.1
          lowMask_far_roundExtraMask (lowMaskHiLo_229) 1.23e-04 2.26e-04 6.92e-02 4.18e-04   0.0
            reverse (reverse_1_229)    5.25e-05 1.09e-04 3.98e-02 2.02e-04   0.0
          compressBy4_far_sigSmaller (compressBy4_229) 3.95e-05 2.46e-04 4.07e-02 3.26e-04   0.0
          countLeadingZeros_close (countLeadingZeros_229) 5.58e-04 5.07e-04    0.157 1.22e-03   0.0
            reverse_in (reverse_231)   2.97e-04 3.06e-04 8.26e-02 6.85e-04   0.0
          compressBy2_close_sigSum (compressBy2_229) 1.49e-04 3.30e-04 6.15e-02 5.40e-04   0.0
          isSigNaN_b (isSigNaNRecFN_1_458) 8.20e-06 1.11e-05 4.84e-03 2.41e-05   0.0
          recFNToRawFN_b (recFNToRawFN_1_487) 2.00e-03 7.58e-04    0.221 2.98e-03   0.0
          isSigNaN_a (isSigNaNRecFN_1_459) 1.03e-05 1.12e-05 4.87e-03 2.64e-05   0.0
          recFNToRawFN_a (recFNToRawFN_1_488) 1.94e-03 7.50e-04    0.221 2.91e-03   0.0
      g_red_tree_0__g_add_1__reduce_add (VX_tcu_bhf_fadd_202) 6.50e-02 7.46e-02    7.648    0.147   0.2
        pipe_rnd (VX_pipe_register_4_425) 4.46e-03 1.31e-02    0.505 1.81e-02   0.0
          g_shift_register (VX_shift_register_38_0_1_0_425) 4.46e-03 1.31e-02    0.505 1.81e-02   0.0
        rounding (roundAnyRawFNToRecFN_1_230) 1.54e-02 4.00e-03    1.288 2.07e-02   0.0
          genblk2_genblk1_lowMask_roundMask (lowMaskLoHi_230) 2.51e-04 1.53e-04    0.303 7.07e-04   0.0
            reverse (reverse_2_230)    1.31e-05 5.41e-06    0.153 1.72e-04   0.0
        pipe_add (VX_pipe_register_5_230) 1.32e-02 3.23e-02    1.268 4.68e-02   0.1
          g_shift_register (VX_shift_register_45_0_2_0_230) 1.32e-02 3.23e-02    1.268 4.68e-02   0.1
        adder (addRecFNToRaw_230)      3.19e-02 2.53e-02    4.587 6.18e-02   0.1
          lowMask_far_roundExtraMask (lowMaskHiLo_230) 1.22e-04 2.24e-04 6.92e-02 4.15e-04   0.0
            reverse (reverse_1_230)    5.36e-05 1.08e-04 3.98e-02 2.02e-04   0.0
          compressBy4_far_sigSmaller (compressBy4_230) 3.41e-05 2.47e-04 4.08e-02 3.21e-04   0.0
          countLeadingZeros_close (countLeadingZeros_230) 5.50e-04 5.01e-04    0.157 1.21e-03   0.0
            reverse_in (reverse_232)   2.89e-04 3.03e-04 8.26e-02 6.74e-04   0.0
          compressBy2_close_sigSum (compressBy2_230) 1.77e-04 3.28e-04 6.15e-02 5.66e-04   0.0
          isSigNaN_b (isSigNaNRecFN_1_460) 7.20e-06 1.11e-05 4.88e-03 2.32e-05   0.0
          recFNToRawFN_b (recFNToRawFN_1_489) 2.60e-03 7.53e-04    0.221 3.57e-03   0.0
          isSigNaN_a (isSigNaNRecFN_1_461) 7.79e-06 1.12e-05 4.88e-03 2.39e-05   0.0
          recFNToRawFN_a (recFNToRawFN_1_490) 1.63e-03 7.49e-04    0.221 2.60e-03   0.0
      g_red_tree_0__g_add_0__reduce_add (VX_tcu_bhf_fadd_203) 6.23e-02 7.44e-02    7.650    0.144   0.2
        pipe_rnd (VX_pipe_register_4_426) 5.28e-03 1.31e-02    0.505 1.88e-02   0.0
          g_shift_register (VX_shift_register_38_0_1_0_426) 5.28e-03 1.31e-02    0.505 1.88e-02   0.0
        rounding (roundAnyRawFNToRecFN_1_231) 1.36e-02 4.02e-03    1.290 1.90e-02   0.0
          genblk2_genblk1_lowMask_roundMask (lowMaskLoHi_231) 2.52e-04 1.51e-04    0.303 7.06e-04   0.0
            reverse (reverse_2_231)    1.31e-05 5.42e-06    0.153 1.72e-04   0.0
        pipe_add (VX_pipe_register_5_231) 1.18e-02 3.22e-02    1.268 4.53e-02   0.1
          g_shift_register (VX_shift_register_45_0_2_0_231) 1.18e-02 3.22e-02    1.268 4.53e-02   0.1
        adder (addRecFNToRaw_231)      3.16e-02 2.51e-02    4.586 6.13e-02   0.1
          lowMask_far_roundExtraMask (lowMaskHiLo_231) 1.14e-04 2.24e-04 6.92e-02 4.07e-04   0.0
            reverse (reverse_1_231)    4.94e-05 1.08e-04 3.99e-02 1.97e-04   0.0
          compressBy4_far_sigSmaller (compressBy4_231) 4.39e-05 2.45e-04 4.07e-02 3.30e-04   0.0
          countLeadingZeros_close (countLeadingZeros_231) 5.45e-04 5.02e-04    0.156 1.20e-03   0.0
            reverse_in (reverse_233)   2.84e-04 3.04e-04 8.27e-02 6.70e-04   0.0
          compressBy2_close_sigSum (compressBy2_231) 1.70e-04 3.29e-04 6.15e-02 5.60e-04   0.0
          isSigNaN_b (isSigNaNRecFN_1_462) 7.67e-06 1.08e-05 4.88e-03 2.34e-05   0.0
          recFNToRawFN_b (recFNToRawFN_1_491) 2.72e-03 7.52e-04    0.221 3.69e-03   0.0
          isSigNaN_a (isSigNaNRecFN_1_463) 8.07e-06 1.08e-05 4.84e-03 2.37e-05   0.0
          recFNToRawFN_a (recFNToRawFN_1_492) 1.67e-03 7.51e-04    0.221 2.64e-03   0.0
      g_prod_7__pipe_mult (VX_pipe_register_1_224) 3.80e-03 1.16e-02    0.477 1.58e-02   0.0
        g_shift_register (VX_shift_register_33_0_1_0_224) 3.80e-03 1.16e-02    0.477 1.58e-02   0.0
      g_prod_7__fp16_mul (VX_tcu_bhf_fmul_224) 2.55e-02 4.91e-02    5.430 8.00e-02   0.1
        pipe_rnd (VX_pipe_register_4_427) 3.43e-03 1.16e-02    0.477 1.55e-02   0.0
          g_shift_register (VX_shift_register_38_0_1_0_427) 3.43e-03 1.16e-02    0.477 1.55e-02   0.0
        rounding (roundAnyRawFNToRecFN_225) 3.21e-03 1.13e-03    0.273 4.61e-03   0.0
        pipe_add (VX_pipe_register_3_224) 5.02e-03 2.46e-02    1.028 3.06e-02   0.0
          g_shift_register (VX_shift_register_37_0_2_0_224) 5.02e-03 2.46e-02    1.028 3.06e-02   0.0
        multiplier (mulRecFNToFullRaw_224) 1.20e-02 1.08e-02    3.028 2.59e-02   0.0
          isSigNaN_b (isSigNaNRecFN_449) 4.70e-06 8.97e-06 4.73e-03 1.84e-05   0.0
          recFNToRawFN_b (recFNToRawFN_449) 6.54e-04 2.23e-04    0.129 1.01e-03   0.0
          isSigNaN_a (isSigNaNRecFN_450) 5.37e-06 7.71e-06 4.66e-03 1.77e-05   0.0
          recFNToRawFN_a (recFNToRawFN_450) 9.06e-04 1.77e-04    0.134 1.22e-03   0.0
        g_in_ieee_from_ieee_b (fNToRecFN_1_448) 6.67e-04 5.31e-04    0.311 1.51e-03   0.0
          clz (bsg_counting_leading_zeros_1_448) 1.21e-04 9.15e-05 6.84e-02 2.81e-04   0.0
            lzc (VX_lzc_1_448)         1.21e-04 9.15e-05 6.84e-02 2.81e-04   0.0
              g_lzc_find_first (VX_find_first_10_4_1_448) 5.28e-05 7.15e-05 5.55e-02 1.80e-04   0.0
        g_in_ieee_from_ieee_a (fNToRecFN_1_449) 1.16e-03 4.04e-04    0.314 1.88e-03   0.0
          clz (bsg_counting_leading_zeros_1_449) 9.48e-05 6.96e-05 6.83e-02 2.33e-04   0.0
            lzc (VX_lzc_1_449)         9.48e-05 6.96e-05 6.83e-02 2.33e-04   0.0
              g_lzc_find_first (VX_find_first_10_4_1_449) 4.23e-05 5.40e-05 5.55e-02 1.52e-04   0.0
      g_prod_6__pipe_mult (VX_pipe_register_1_225) 2.52e-03 1.16e-02    0.477 1.46e-02   0.0
        g_shift_register (VX_shift_register_33_0_1_0_225) 2.52e-03 1.16e-02    0.477 1.46e-02   0.0
      g_prod_6__fp16_mul (VX_tcu_bhf_fmul_225) 2.27e-02 4.90e-02    5.434 7.71e-02   0.1
        pipe_rnd (VX_pipe_register_4_428) 3.73e-03 1.16e-02    0.477 1.58e-02   0.0
          g_shift_register (VX_shift_register_38_0_1_0_428) 3.73e-03 1.16e-02    0.477 1.58e-02   0.0
        rounding (roundAnyRawFNToRecFN_226) 1.31e-03 1.10e-03    0.272 2.69e-03   0.0
        pipe_add (VX_pipe_register_3_225) 4.72e-03 2.46e-02    1.028 3.03e-02   0.0
          g_shift_register (VX_shift_register_37_0_2_0_225) 4.72e-03 2.46e-02    1.028 3.03e-02   0.0
        multiplier (mulRecFNToFullRaw_225) 1.11e-02 1.08e-02    3.023 2.50e-02   0.0
          isSigNaN_b (isSigNaNRecFN_451) 4.72e-06 8.95e-06 4.73e-03 1.84e-05   0.0
          recFNToRawFN_b (recFNToRawFN_451) 7.34e-04 2.21e-04    0.129 1.08e-03   0.0
          isSigNaN_a (isSigNaNRecFN_452) 3.98e-06 7.65e-06 4.75e-03 1.64e-05   0.0
          recFNToRawFN_a (recFNToRawFN_452) 7.84e-04 1.77e-04    0.129 1.09e-03   0.0
        g_in_ieee_from_ieee_b (fNToRecFN_1_450) 6.63e-04 5.27e-04    0.313 1.50e-03   0.0
          clz (bsg_counting_leading_zeros_1_450) 1.21e-04 9.15e-05 6.85e-02 2.81e-04   0.0
            lzc (VX_lzc_1_450)         1.21e-04 9.15e-05 6.85e-02 2.81e-04   0.0
              g_lzc_find_first (VX_find_first_10_4_1_450) 5.65e-05 7.19e-05 5.56e-02 1.84e-04   0.0
        g_in_ieee_from_ieee_a (fNToRecFN_1_451) 1.14e-03 4.10e-04    0.321 1.87e-03   0.0
          clz (bsg_counting_leading_zeros_1_451) 9.48e-05 6.96e-05 6.85e-02 2.33e-04   0.0
            lzc (VX_lzc_1_451)         9.48e-05 6.96e-05 6.85e-02 2.33e-04   0.0
              g_lzc_find_first (VX_find_first_10_4_1_451) 4.23e-05 5.38e-05 5.56e-02 1.52e-04   0.0
      g_prod_5__pipe_mult (VX_pipe_register_1_226) 3.75e-03 1.16e-02    0.477 1.58e-02   0.0
        g_shift_register (VX_shift_register_33_0_1_0_226) 3.75e-03 1.16e-02    0.477 1.58e-02   0.0
      g_prod_5__fp16_mul (VX_tcu_bhf_fmul_226) 2.20e-02 4.90e-02    5.416 7.64e-02   0.1
        pipe_rnd (VX_pipe_register_4_429) 2.76e-03 1.16e-02    0.477 1.48e-02   0.0
          g_shift_register (VX_shift_register_38_0_1_0_429) 2.76e-03 1.16e-02    0.477 1.48e-02   0.0
        rounding (roundAnyRawFNToRecFN_227) 9.01e-04 1.10e-03    0.272 2.28e-03   0.0
        pipe_add (VX_pipe_register_3_226) 4.48e-03 2.46e-02    1.028 3.01e-02   0.0
          g_shift_register (VX_shift_register_37_0_2_0_226) 4.48e-03 2.46e-02    1.028 3.01e-02   0.0
        multiplier (mulRecFNToFullRaw_226) 1.24e-02 1.08e-02    3.013 2.63e-02   0.0
          isSigNaN_b (isSigNaNRecFN_453) 9.07e-06 9.21e-06 4.69e-03 2.30e-05   0.0
          recFNToRawFN_b (recFNToRawFN_453) 9.71e-04 2.24e-04    0.129 1.33e-03   0.0
          isSigNaN_a (isSigNaNRecFN_454) 7.65e-06 7.17e-06 4.67e-03 1.95e-05   0.0
          recFNToRawFN_a (recFNToRawFN_454) 3.82e-04 1.69e-04    0.129 6.81e-04   0.0
        g_in_ieee_from_ieee_b (fNToRecFN_1_452) 7.38e-04 5.28e-04    0.313 1.58e-03   0.0
          clz (bsg_counting_leading_zeros_1_452) 1.20e-04 9.09e-05 6.84e-02 2.79e-04   0.0
            lzc (VX_lzc_1_452)         1.20e-04 9.09e-05 6.84e-02 2.79e-04   0.0
              g_lzc_find_first (VX_find_first_10_4_1_452) 5.50e-05 7.16e-05 5.55e-02 1.82e-04   0.0
        g_in_ieee_from_ieee_a (fNToRecFN_1_453) 6.82e-04 4.02e-04    0.314 1.40e-03   0.0
          clz (bsg_counting_leading_zeros_1_453) 9.29e-05 6.86e-05 6.83e-02 2.30e-04   0.0
            lzc (VX_lzc_1_453)         9.29e-05 6.86e-05 6.83e-02 2.30e-04   0.0
              g_lzc_find_first (VX_find_first_10_4_1_453) 4.04e-05 5.32e-05 5.55e-02 1.49e-04   0.0
      g_prod_4__pipe_mult (VX_pipe_register_1_227) 3.50e-03 1.16e-02    0.477 1.56e-02   0.0
        g_shift_register (VX_shift_register_33_0_1_0_227) 3.50e-03 1.16e-02    0.477 1.56e-02   0.0
      g_prod_4__fp16_mul (VX_tcu_bhf_fmul_227) 2.29e-02 4.90e-02    5.427 7.73e-02   0.1
        pipe_rnd (VX_pipe_register_4_430) 3.55e-03 1.16e-02    0.477 1.56e-02   0.0
          g_shift_register (VX_shift_register_38_0_1_0_430) 3.55e-03 1.16e-02    0.477 1.56e-02   0.0
        rounding (roundAnyRawFNToRecFN_228) 1.29e-03 1.10e-03    0.272 2.67e-03   0.0
        pipe_add (VX_pipe_register_3_227) 4.60e-03 2.46e-02    1.028 3.02e-02   0.0
          g_shift_register (VX_shift_register_37_0_2_0_227) 4.60e-03 2.46e-02    1.028 3.02e-02   0.0
        multiplier (mulRecFNToFullRaw_227) 1.18e-02 1.08e-02    3.024 2.57e-02   0.0
          isSigNaN_b (isSigNaNRecFN_455) 4.75e-06 9.02e-06 4.70e-03 1.85e-05   0.0
          recFNToRawFN_b (recFNToRawFN_455) 7.27e-04 2.22e-04    0.129 1.08e-03   0.0
          isSigNaN_a (isSigNaNRecFN_456) 3.54e-06 7.65e-06 4.68e-03 1.59e-05   0.0
          recFNToRawFN_a (recFNToRawFN_456) 4.66e-04 1.71e-04    0.129 7.66e-04   0.0
        g_in_ieee_from_ieee_b (fNToRecFN_1_454) 6.57e-04 5.30e-04    0.313 1.50e-03   0.0
          clz (bsg_counting_leading_zeros_1_454) 1.20e-04 9.18e-05 6.83e-02 2.80e-04   0.0
            lzc (VX_lzc_1_454)         8.33e-05 8.07e-05 6.18e-02 2.26e-04   0.0
              g_lzc_find_first (VX_find_first_10_4_1_454) 5.40e-05 7.22e-05 5.54e-02 1.82e-04   0.0
        g_in_ieee_from_ieee_a (fNToRecFN_1_455) 9.15e-04 4.01e-04    0.314 1.63e-03   0.0
          clz (bsg_counting_leading_zeros_1_455) 9.36e-05 6.89e-05 6.84e-02 2.31e-04   0.0
            lzc (VX_lzc_1_455)         9.36e-05 6.89e-05 6.84e-02 2.31e-04   0.0
              g_lzc_find_first (VX_find_first_10_4_1_455) 4.25e-05 5.35e-05 5.55e-02 1.52e-04   0.0
      g_prod_3__pipe_mult (VX_pipe_register_1_228) 3.14e-03 1.16e-02    0.477 1.52e-02   0.0
        g_shift_register (VX_shift_register_33_0_1_0_228) 3.14e-03 1.16e-02    0.477 1.52e-02   0.0
      g_prod_3__fp16_mul (VX_tcu_bhf_fmul_228) 2.17e-02 4.89e-02    5.409 7.61e-02   0.1
        pipe_rnd (VX_pipe_register_4_431) 3.27e-03 1.16e-02    0.477 1.53e-02   0.0
          g_shift_register (VX_shift_register_38_0_1_0_431) 3.27e-03 1.16e-02    0.477 1.53e-02   0.0
        rounding (roundAnyRawFNToRecFN_229) 2.33e-03 1.12e-03    0.273 3.72e-03   0.0
        pipe_add (VX_pipe_register_3_228) 3.98e-03 2.46e-02    1.028 2.96e-02   0.0
          g_shift_register (VX_shift_register_37_0_2_0_228) 3.98e-03 2.46e-02    1.028 2.96e-02   0.0
        multiplier (mulRecFNToFullRaw_228) 1.09e-02 1.08e-02    3.008 2.47e-02   0.0
          isSigNaN_b (isSigNaNRecFN_457) 5.57e-06 9.05e-06 4.72e-03 1.93e-05   0.0
          recFNToRawFN_b (recFNToRawFN_457) 7.30e-04 2.21e-04    0.129 1.08e-03   0.0
          isSigNaN_a (isSigNaNRecFN_458) 3.86e-06 7.00e-06 4.68e-03 1.55e-05   0.0
          recFNToRawFN_a (recFNToRawFN_458) 3.51e-04 1.66e-04    0.129 6.47e-04   0.0
        g_in_ieee_from_ieee_b (fNToRecFN_1_456) 6.51e-04 5.23e-04    0.311 1.49e-03   0.0
          clz (bsg_counting_leading_zeros_1_456) 1.18e-04 9.06e-05 6.82e-02 2.77e-04   0.0
            lzc (VX_lzc_1_456)         1.18e-04 9.06e-05 6.82e-02 2.77e-04   0.0
              g_lzc_find_first (VX_find_first_10_4_1_456) 5.33e-05 7.11e-05 5.54e-02 1.80e-04   0.0
        g_in_ieee_from_ieee_a (fNToRecFN_1_457) 5.23e-04 4.00e-04    0.312 1.23e-03   0.0
          clz (bsg_counting_leading_zeros_1_457) 9.46e-05 6.86e-05 6.84e-02 2.32e-04   0.0
            lzc (VX_lzc_1_457)         9.46e-05 6.86e-05 6.84e-02 2.32e-04   0.0
              g_lzc_find_first (VX_find_first_10_4_1_457) 4.00e-05 5.31e-05 5.55e-02 1.49e-04   0.0
      g_prod_2__pipe_mult (VX_pipe_register_1_229) 2.88e-03 1.16e-02    0.477 1.49e-02   0.0
        g_shift_register (VX_shift_register_33_0_1_0_229) 2.88e-03 1.16e-02    0.477 1.49e-02   0.0
      g_prod_2__fp16_mul (VX_tcu_bhf_fmul_229) 2.00e-02 4.89e-02    5.425 7.43e-02   0.1
        pipe_rnd (VX_pipe_register_4_432) 3.00e-03 1.16e-02    0.477 1.50e-02   0.0
          g_shift_register (VX_shift_register_38_0_1_0_432) 3.00e-03 1.16e-02    0.477 1.50e-02   0.0
        rounding (roundAnyRawFNToRecFN_230) 1.06e-03 1.10e-03    0.271 2.44e-03   0.0
        pipe_add (VX_pipe_register_3_229) 4.01e-03 2.46e-02    1.028 2.96e-02   0.0
          g_shift_register (VX_shift_register_37_0_2_0_229) 4.01e-03 2.46e-02    1.028 2.96e-02   0.0
        multiplier (mulRecFNToFullRaw_229) 1.06e-02 1.07e-02    3.022 2.44e-02   0.0
          isSigNaN_b (isSigNaNRecFN_459) 6.77e-06 9.17e-06 4.71e-03 2.06e-05   0.0
          recFNToRawFN_b (recFNToRawFN_459) 6.91e-04 2.22e-04    0.129 1.04e-03   0.0
          isSigNaN_a (isSigNaNRecFN_460) 4.23e-06 6.86e-06 4.72e-03 1.58e-05   0.0
          recFNToRawFN_a (recFNToRawFN_460) 3.19e-04 1.66e-04    0.129 6.14e-04   0.0
        g_in_ieee_from_ieee_b (fNToRecFN_1_458) 7.39e-04 5.29e-04    0.313 1.58e-03   0.0
          clz (bsg_counting_leading_zeros_1_458) 1.20e-04 9.12e-05 6.84e-02 2.79e-04   0.0
            lzc (VX_lzc_1_458)         8.34e-05 7.99e-05 6.19e-02 2.25e-04   0.0
              g_lzc_find_first (VX_find_first_10_4_1_458) 5.50e-05 7.15e-05 5.55e-02 1.82e-04   0.0
        g_in_ieee_from_ieee_a (fNToRecFN_1_459) 5.42e-04 4.02e-04    0.313 1.26e-03   0.0
          clz (bsg_counting_leading_zeros_1_459) 9.36e-05 6.85e-05 6.86e-02 2.31e-04   0.0
            lzc (VX_lzc_1_459)         9.36e-05 6.85e-05 6.86e-02 2.31e-04   0.0
              g_lzc_find_first (VX_find_first_10_4_1_459) 3.96e-05 5.31e-05 5.57e-02 1.48e-04   0.0
      g_prod_1__pipe_mult (VX_pipe_register_1_230) 3.21e-03 1.16e-02    0.477 1.53e-02   0.0
        g_shift_register (VX_shift_register_33_0_1_0_230) 3.21e-03 1.16e-02    0.477 1.53e-02   0.0
      g_prod_1__fp16_mul (VX_tcu_bhf_fmul_230) 2.21e-02 4.89e-02    5.412 7.64e-02   0.1
        pipe_rnd (VX_pipe_register_4_433) 3.20e-03 1.16e-02    0.477 1.52e-02   0.0
          g_shift_register (VX_shift_register_38_0_1_0_433) 3.20e-03 1.16e-02    0.477 1.52e-02   0.0
        rounding (roundAnyRawFNToRecFN_231) 1.98e-03 1.12e-03    0.273 3.37e-03   0.0
        pipe_add (VX_pipe_register_3_230) 4.60e-03 2.46e-02    1.028 3.02e-02   0.0
          g_shift_register (VX_shift_register_37_0_2_0_230) 4.60e-03 2.46e-02    1.028 3.02e-02   0.0
        multiplier (mulRecFNToFullRaw_230) 1.10e-02 1.07e-02    3.008 2.47e-02   0.0
          isSigNaN_b (isSigNaNRecFN_461) 5.24e-06 8.97e-06 4.69e-03 1.89e-05   0.0
          recFNToRawFN_b (recFNToRawFN_461) 6.59e-04 2.21e-04    0.129 1.01e-03   0.0
          isSigNaN_a (isSigNaNRecFN_462) 4.71e-06 7.12e-06 4.69e-03 1.65e-05   0.0
          recFNToRawFN_a (recFNToRawFN_462) 3.38e-04 1.67e-04    0.129 6.34e-04   0.0
        g_in_ieee_from_ieee_b (fNToRecFN_1_460) 7.57e-04 5.26e-04    0.313 1.60e-03   0.0
          clz (bsg_counting_leading_zeros_1_460) 1.20e-04 9.06e-05 6.83e-02 2.79e-04   0.0
            lzc (VX_lzc_1_460)         1.20e-04 9.06e-05 6.83e-02 2.79e-04   0.0
              g_lzc_find_first (VX_find_first_10_4_1_460) 5.30e-05 7.12e-05 5.55e-02 1.80e-04   0.0
        g_in_ieee_from_ieee_a (fNToRecFN_1_461) 5.61e-04 3.98e-04    0.312 1.27e-03   0.0
          clz (bsg_counting_leading_zeros_1_461) 9.17e-05 6.77e-05 6.83e-02 2.28e-04   0.0
            lzc (VX_lzc_1_461)         9.17e-05 6.77e-05 6.83e-02 2.28e-04   0.0
              g_lzc_find_first (VX_find_first_10_4_1_461) 4.21e-05 5.27e-05 5.55e-02 1.50e-04   0.0
      g_prod_0__pipe_mult (VX_pipe_register_1_231) 2.38e-03 1.16e-02    0.477 1.44e-02   0.0
        g_shift_register (VX_shift_register_33_0_1_0_231) 2.38e-03 1.16e-02    0.477 1.44e-02   0.0
      g_prod_0__fp16_mul (VX_tcu_bhf_fmul_231) 1.85e-02 4.89e-02    5.426 7.28e-02   0.1
        pipe_rnd (VX_pipe_register_4_434) 1.96e-03 1.16e-02    0.477 1.40e-02   0.0
          g_shift_register (VX_shift_register_38_0_1_0_434) 1.96e-03 1.16e-02    0.477 1.40e-02   0.0
        rounding (roundAnyRawFNToRecFN_232) 8.20e-04 1.10e-03    0.271 2.20e-03   0.0
        pipe_add (VX_pipe_register_3_231) 3.99e-03 2.46e-02    1.028 2.96e-02   0.0
          g_shift_register (VX_shift_register_37_0_2_0_231) 3.99e-03 2.46e-02    1.028 2.96e-02   0.0
        multiplier (mulRecFNToFullRaw_231) 1.05e-02 1.07e-02    3.024 2.42e-02   0.0
          isSigNaN_b (isSigNaNRecFN_463) 6.11e-06 8.75e-06 4.70e-03 1.96e-05   0.0
          recFNToRawFN_b (recFNToRawFN_463) 7.29e-04 2.21e-04    0.129 1.08e-03   0.0
          isSigNaN_a (isSigNaNRecFN_464) 4.11e-06 7.05e-06 4.70e-03 1.59e-05   0.0
          recFNToRawFN_a (recFNToRawFN_464) 3.62e-04 1.64e-04    0.129 6.55e-04   0.0
        g_in_ieee_from_ieee_b (fNToRecFN_1_462) 6.60e-04 5.26e-04    0.313 1.50e-03   0.0
          clz (bsg_counting_leading_zeros_1_462) 1.20e-04 9.12e-05 6.83e-02 2.79e-04   0.0
            lzc (VX_lzc_1_462)         1.20e-04 9.12e-05 6.83e-02 2.79e-04   0.0
              g_lzc_find_first (VX_find_first_10_4_1_462) 5.39e-05 7.17e-05 5.54e-02 1.81e-04   0.0
        g_in_ieee_from_ieee_a (fNToRecFN_1_463) 5.32e-04 3.94e-04    0.312 1.24e-03   0.0
          clz (bsg_counting_leading_zeros_1_463) 9.13e-05 6.76e-05 6.84e-02 2.27e-04   0.0
            lzc (VX_lzc_1_463)         9.13e-05 6.76e-05 6.84e-02 2.27e-04   0.0
              g_lzc_find_first (VX_find_first_10_4_1_463) 4.03e-05 5.25e-05 5.55e-02 1.48e-04   0.0
    g_i_0__g_j_3__genblk1_u_buffer_ex (VX_pipe_register_34) 1.57e-02 9.43e-02    4.324    0.114   0.2
      g_shift_register (VX_shift_register_582_0_1_0_28) 1.57e-02 9.43e-02    4.324    0.114   0.2
    g_i_0__g_j_2__fedp (VX_tcu_fedp_bhf_29)    0.671    1.219  116.820    2.007   2.8
      final_add (VX_tcu_bhf_fadd_1_29) 4.36e-02 6.73e-02    8.503    0.119   0.2
        pipe_rnd (VX_pipe_register_6_29) 2.35e-03 1.16e-02    0.491 1.44e-02   0.0
          g_shift_register (VX_shift_register_37_0_1_0_29) 2.35e-03 1.16e-02    0.491 1.44e-02   0.0
        g_out_ieee_to_ieee (recFNToFN_29) 5.14e-03 2.92e-03    0.794 8.85e-03   0.0
          recFNToRawFN (recFNToRawFN_1_493) 1.37e-03 7.25e-04    0.232 2.32e-03   0.0
        rounding (roundAnyRawFNToRecFN_1_232) 4.46e-03 2.96e-03    1.205 8.62e-03   0.0
          genblk2_genblk1_lowMask_roundMask (lowMaskLoHi_232) 2.47e-04 1.38e-04    0.302 6.88e-04   0.0
            reverse (reverse_2_232)    5.58e-06 2.04e-06    0.153 1.61e-04   0.0
        pipe_add (VX_pipe_register_5_232) 6.61e-03 3.05e-02    1.265 3.84e-02   0.1
          g_shift_register (VX_shift_register_45_0_2_0_232) 6.61e-03 3.05e-02    1.265 3.84e-02   0.1
        adder (addRecFNToRaw_232)      2.51e-02 1.93e-02    4.749 4.91e-02   0.1
          lowMask_far_roundExtraMask (lowMaskHiLo_232) 4.41e-05 8.46e-05 8.05e-02 2.09e-04   0.0
            reverse (reverse_1_232)    2.01e-05 4.01e-05 5.03e-02 1.11e-04   0.0
          compressBy4_far_sigSmaller (compressBy4_232) 4.49e-05 1.84e-04 4.50e-02 2.73e-04   0.0
          countLeadingZeros_close (countLeadingZeros_232) 5.42e-04 4.60e-04    0.163 1.16e-03   0.0
            reverse_in (reverse_234)   2.74e-04 3.13e-04 9.01e-02 6.77e-04   0.0
          compressBy2_close_sigSum (compressBy2_232) 2.11e-04 3.40e-04 6.59e-02 6.17e-04   0.0
          isSigNaN_b (isSigNaNRecFN_1_464) 3.49e-06 5.45e-06 4.54e-03 1.35e-05   0.0
          recFNToRawFN_b (recFNToRawFN_1_494) 6.06e-04 2.76e-04    0.236 1.12e-03   0.0
          isSigNaN_a (isSigNaNRecFN_1_465) 9.75e-06 1.25e-05 4.72e-03 2.70e-05   0.0
          recFNToRawFN_a (recFNToRawFN_1_495) 1.90e-03 8.16e-04    0.232 2.95e-03   0.0
      pipe_c (VX_pipe_register_2_29)   1.96e-02    0.139    6.433    0.165   0.2
        g_shift_register (VX_shift_register_33_0_13_0_29) 1.96e-02    0.139    6.433    0.165   0.2
      conv_c (fNToRecFN_30)            1.58e-03 9.06e-04    0.750 3.24e-03   0.0
        clz (bsg_counting_leading_zeros_30) 1.08e-04 1.10e-04    0.119 3.37e-04   0.0
          lzc (VX_lzc_30)              1.08e-04 1.10e-04    0.119 3.37e-04   0.0
            g_lzc_find_first (VX_find_first_23_5_1_29) 9.56e-05 1.06e-04    0.107 3.09e-04   0.0
      g_red_tree_2__g_add_0__reduce_add (VX_tcu_bhf_fadd_204) 5.76e-02 7.61e-02    7.778    0.141   0.2
        pipe_rnd (VX_pipe_register_4_435) 3.35e-03 1.26e-02    0.504 1.65e-02   0.0
          g_shift_register (VX_shift_register_38_0_1_0_435) 3.35e-03 1.26e-02    0.504 1.65e-02   0.0
        rounding (roundAnyRawFNToRecFN_1_233) 7.87e-03 3.78e-03    1.239 1.29e-02   0.0
          genblk2_genblk1_lowMask_roundMask (lowMaskLoHi_233) 2.82e-04 1.50e-04    0.303 7.35e-04   0.0
            reverse (reverse_2_233)    1.34e-05 5.42e-06    0.154 1.72e-04   0.0
        pipe_add (VX_pipe_register_5_233) 9.06e-03 3.16e-02    1.265 4.19e-02   0.1
          g_shift_register (VX_shift_register_45_0_2_0_233) 9.06e-03 3.16e-02    1.265 4.19e-02   0.1
        adder (addRecFNToRaw_233)      3.73e-02 2.81e-02    4.771 7.02e-02   0.1
          lowMask_far_roundExtraMask (lowMaskHiLo_233) 1.56e-04 2.94e-04 8.09e-02 5.32e-04   0.0
            reverse (reverse_1_233)    6.96e-05 1.44e-04 4.72e-02 2.60e-04   0.0
          compressBy4_far_sigSmaller (compressBy4_233) 1.31e-04 3.65e-04 4.77e-02 5.44e-04   0.0
          countLeadingZeros_close (countLeadingZeros_233) 5.96e-04 5.35e-04    0.163 1.29e-03   0.0
            reverse_in (reverse_235)   3.19e-04 3.69e-04 8.96e-02 7.78e-04   0.0
          compressBy2_close_sigSum (compressBy2_233) 2.45e-04 4.01e-04 6.61e-02 7.12e-04   0.0
          isSigNaN_b (isSigNaNRecFN_1_466) 5.17e-06 7.96e-06 4.15e-03 1.73e-05   0.0
          recFNToRawFN_b (recFNToRawFN_1_496) 3.70e-03 9.23e-04    0.233 4.86e-03   0.0
          isSigNaN_a (isSigNaNRecFN_1_467) 3.70e-06 8.16e-06 4.15e-03 1.60e-05   0.0
          recFNToRawFN_a (recFNToRawFN_1_497) 1.25e-03 9.05e-04    0.233 2.39e-03   0.0
      g_red_tree_1__g_add_1__reduce_add (VX_tcu_bhf_fadd_205) 6.67e-02 7.69e-02    7.820    0.151   0.2
        pipe_rnd (VX_pipe_register_4_436) 6.09e-03 1.29e-02    0.505 1.95e-02   0.0
          g_shift_register (VX_shift_register_38_0_1_0_436) 6.09e-03 1.29e-02    0.505 1.95e-02   0.0
        rounding (roundAnyRawFNToRecFN_1_234) 1.01e-02 3.99e-03    1.261 1.53e-02   0.0
          genblk2_genblk1_lowMask_roundMask (lowMaskLoHi_234) 2.55e-04 1.50e-04    0.303 7.08e-04   0.0
            reverse (reverse_2_234)    1.41e-05 5.42e-06    0.153 1.73e-04   0.0
        pipe_add (VX_pipe_register_5_234) 1.08e-02 3.18e-02    1.266 4.39e-02   0.1
          g_shift_register (VX_shift_register_45_0_2_0_234) 1.08e-02 3.18e-02    1.266 4.39e-02   0.1
        adder (addRecFNToRaw_234)      3.97e-02 2.82e-02    4.781 7.27e-02   0.1
          lowMask_far_roundExtraMask (lowMaskHiLo_234) 1.60e-04 2.70e-04 8.07e-02 5.11e-04   0.0
            reverse (reverse_1_234)    8.20e-05 1.30e-04 4.68e-02 2.58e-04   0.0
          compressBy4_far_sigSmaller (compressBy4_234) 1.34e-04 3.43e-04 4.62e-02 5.23e-04   0.0
          countLeadingZeros_close (countLeadingZeros_234) 5.77e-04 5.19e-04    0.163 1.26e-03   0.0
            reverse_in (reverse_236)   3.00e-04 3.63e-04 8.98e-02 7.53e-04   0.0
          compressBy2_close_sigSum (compressBy2_234) 2.36e-04 3.94e-04 6.62e-02 6.96e-04   0.0
          isSigNaN_b (isSigNaNRecFN_1_468) 5.95e-06 8.97e-06 4.36e-03 1.93e-05   0.0
          recFNToRawFN_b (recFNToRawFN_1_498) 3.78e-03 9.43e-04    0.234 4.96e-03   0.0
          isSigNaN_a (isSigNaNRecFN_1_469) 4.85e-06 9.21e-06 4.37e-03 1.84e-05   0.0
          recFNToRawFN_a (recFNToRawFN_1_499) 2.55e-03 9.26e-04    0.234 3.71e-03   0.0
      g_red_tree_1__g_add_0__reduce_add (VX_tcu_bhf_fadd_206) 5.06e-02 7.65e-02    7.761    0.135   0.2
        pipe_rnd (VX_pipe_register_4_437) 2.19e-03 1.28e-02    0.505 1.55e-02   0.0
          g_shift_register (VX_shift_register_38_0_1_0_437) 2.19e-03 1.28e-02    0.505 1.55e-02   0.0
        rounding (roundAnyRawFNToRecFN_1_235) 5.33e-03 3.83e-03    1.215 1.04e-02   0.0
          genblk2_genblk1_lowMask_roundMask (lowMaskLoHi_235) 2.51e-04 1.49e-04    0.302 7.03e-04   0.0
            reverse (reverse_2_235)    1.38e-05 5.43e-06    0.153 1.73e-04   0.0
        pipe_add (VX_pipe_register_5_235) 6.67e-03 3.17e-02    1.265 3.97e-02   0.1
          g_shift_register (VX_shift_register_45_0_2_0_235) 6.67e-03 3.17e-02    1.265 3.97e-02   0.1
        adder (addRecFNToRaw_235)      3.64e-02 2.81e-02    4.776 6.93e-02   0.1
          lowMask_far_roundExtraMask (lowMaskHiLo_235) 1.55e-04 2.72e-04 8.07e-02 5.07e-04   0.0
            reverse (reverse_1_235)    7.07e-05 1.31e-04 4.69e-02 2.49e-04   0.0
          compressBy4_far_sigSmaller (compressBy4_235) 6.75e-05 3.41e-04 4.62e-02 4.55e-04   0.0
          countLeadingZeros_close (countLeadingZeros_235) 5.73e-04 5.19e-04    0.163 1.25e-03   0.0
            reverse_in (reverse_237)   3.02e-04 3.64e-04 8.98e-02 7.56e-04   0.0
          compressBy2_close_sigSum (compressBy2_235) 2.18e-04 3.94e-04 6.62e-02 6.78e-04   0.0
          isSigNaN_b (isSigNaNRecFN_1_470) 5.78e-06 9.22e-06 4.38e-03 1.94e-05   0.0
          recFNToRawFN_b (recFNToRawFN_1_500) 3.53e-03 9.37e-04    0.234 4.70e-03   0.0
          isSigNaN_a (isSigNaNRecFN_1_471) 7.54e-06 9.18e-06 4.36e-03 2.11e-05   0.0
          recFNToRawFN_a (recFNToRawFN_1_501) 1.25e-03 9.20e-04    0.234 2.41e-03   0.0
      g_red_tree_0__g_add_3__reduce_add (VX_tcu_bhf_fadd_207) 6.43e-02 7.44e-02    7.645    0.146   0.2
        pipe_rnd (VX_pipe_register_4_438) 6.15e-03 1.30e-02    0.505 1.97e-02   0.0
          g_shift_register (VX_shift_register_38_0_1_0_438) 6.15e-03 1.30e-02    0.505 1.97e-02   0.0
        rounding (roundAnyRawFNToRecFN_1_236) 1.29e-02 4.01e-03    1.288 1.82e-02   0.0
          genblk2_genblk1_lowMask_roundMask (lowMaskLoHi_236) 2.51e-04 1.53e-04    0.303 7.07e-04   0.0
            reverse (reverse_2_236)    1.28e-05 5.41e-06    0.153 1.72e-04   0.0
        pipe_add (VX_pipe_register_5_236) 1.36e-02 3.22e-02    1.268 4.71e-02   0.1
          g_shift_register (VX_shift_register_45_0_2_0_236) 1.36e-02 3.22e-02    1.268 4.71e-02   0.1
        adder (addRecFNToRaw_236)      3.17e-02 2.51e-02    4.584 6.14e-02   0.1
          lowMask_far_roundExtraMask (lowMaskHiLo_236) 1.27e-04 2.21e-04 6.92e-02 4.17e-04   0.0
            reverse (reverse_1_236)    5.76e-05 1.07e-04 3.99e-02 2.05e-04   0.0
          compressBy4_far_sigSmaller (compressBy4_236) 3.66e-05 2.45e-04 4.06e-02 3.22e-04   0.0
          countLeadingZeros_close (countLeadingZeros_236) 5.52e-04 5.04e-04    0.157 1.21e-03   0.0
            reverse_in (reverse_238)   2.91e-04 3.04e-04 8.27e-02 6.77e-04   0.0
          compressBy2_close_sigSum (compressBy2_236) 1.44e-04 3.28e-04 6.15e-02 5.33e-04   0.0
          isSigNaN_b (isSigNaNRecFN_1_472) 7.24e-06 1.08e-05 4.84e-03 2.29e-05   0.0
          recFNToRawFN_b (recFNToRawFN_1_502) 2.47e-03 7.53e-04    0.221 3.45e-03   0.0
          isSigNaN_a (isSigNaNRecFN_1_473) 7.82e-06 1.10e-05 4.87e-03 2.37e-05   0.0
          recFNToRawFN_a (recFNToRawFN_1_503) 1.67e-03 7.51e-04    0.221 2.65e-03   0.0
      g_red_tree_0__g_add_2__reduce_add (VX_tcu_bhf_fadd_208) 5.65e-02 7.44e-02    7.628    0.139   0.2
        pipe_rnd (VX_pipe_register_4_439) 3.80e-03 1.30e-02    0.505 1.73e-02   0.0
          g_shift_register (VX_shift_register_38_0_1_0_439) 3.80e-03 1.30e-02    0.505 1.73e-02   0.0
        rounding (roundAnyRawFNToRecFN_1_237) 8.50e-03 3.94e-03    1.263 1.37e-02   0.0
          genblk2_genblk1_lowMask_roundMask (lowMaskLoHi_237) 2.45e-04 1.54e-04    0.303 7.02e-04   0.0
            reverse (reverse_2_237)    1.36e-05 5.42e-06    0.153 1.72e-04   0.0
        pipe_add (VX_pipe_register_5_237) 1.18e-02 3.22e-02    1.268 4.53e-02   0.1
          g_shift_register (VX_shift_register_45_0_2_0_237) 1.18e-02 3.22e-02    1.268 4.53e-02   0.1
        adder (addRecFNToRaw_237)      3.24e-02 2.53e-02    4.592 6.23e-02   0.1
          lowMask_far_roundExtraMask (lowMaskHiLo_237) 1.17e-04 2.24e-04 6.92e-02 4.11e-04   0.0
            reverse (reverse_1_237)    5.76e-05 1.08e-04 3.98e-02 2.06e-04   0.0
          compressBy4_far_sigSmaller (compressBy4_237) 4.83e-05 2.45e-04 4.07e-02 3.34e-04   0.0
          countLeadingZeros_close (countLeadingZeros_237) 5.57e-04 5.06e-04    0.157 1.22e-03   0.0
            reverse_in (reverse_239)   2.88e-04 3.05e-04 8.27e-02 6.76e-04   0.0
          compressBy2_close_sigSum (compressBy2_237) 1.66e-04 3.30e-04 6.15e-02 5.57e-04   0.0
          isSigNaN_b (isSigNaNRecFN_1_474) 8.84e-06 1.10e-05 4.84e-03 2.47e-05   0.0
          recFNToRawFN_b (recFNToRawFN_1_504) 2.35e-03 7.57e-04    0.221 3.32e-03   0.0
          isSigNaN_a (isSigNaNRecFN_1_475) 7.24e-06 1.12e-05 4.86e-03 2.33e-05   0.0
          recFNToRawFN_a (recFNToRawFN_1_505) 1.83e-03 7.51e-04    0.221 2.80e-03   0.0
      g_red_tree_0__g_add_1__reduce_add (VX_tcu_bhf_fadd_209) 6.02e-02 7.43e-02    7.635    0.142   0.2
        pipe_rnd (VX_pipe_register_4_440) 5.75e-03 1.30e-02    0.505 1.92e-02   0.0
          g_shift_register (VX_shift_register_38_0_1_0_440) 5.75e-03 1.30e-02    0.505 1.92e-02   0.0
        rounding (roundAnyRawFNToRecFN_1_238) 1.06e-02 3.95e-03    1.277 1.58e-02   0.0
          genblk2_genblk1_lowMask_roundMask (lowMaskLoHi_238) 2.45e-04 1.51e-04    0.304 6.99e-04   0.0
            reverse (reverse_2_238)    1.32e-05 5.42e-06    0.153 1.72e-04   0.0
        pipe_add (VX_pipe_register_5_238) 1.21e-02 3.22e-02    1.268 4.56e-02   0.1
          g_shift_register (VX_shift_register_45_0_2_0_238) 1.21e-02 3.22e-02    1.268 4.56e-02   0.1
        adder (addRecFNToRaw_238)      3.18e-02 2.52e-02    4.585 6.15e-02   0.1
          lowMask_far_roundExtraMask (lowMaskHiLo_238) 1.19e-04 2.23e-04 6.92e-02 4.11e-04   0.0
            reverse (reverse_1_238)    5.31e-05 1.08e-04 3.99e-02 2.01e-04   0.0
          compressBy4_far_sigSmaller (compressBy4_238) 4.44e-05 2.46e-04 4.07e-02 3.31e-04   0.0
          countLeadingZeros_close (countLeadingZeros_238) 5.83e-04 5.03e-04    0.156 1.24e-03   0.0
            reverse_in (reverse_240)   3.21e-04 3.05e-04 8.26e-02 7.08e-04   0.0
          compressBy2_close_sigSum (compressBy2_238) 1.67e-04 3.29e-04 6.15e-02 5.58e-04   0.0
          isSigNaN_b (isSigNaNRecFN_1_476) 5.29e-06 1.07e-05 4.87e-03 2.09e-05   0.0
          recFNToRawFN_b (recFNToRawFN_1_506) 2.44e-03 7.51e-04    0.221 3.42e-03   0.0
          isSigNaN_a (isSigNaNRecFN_1_477) 6.17e-06 1.08e-05 4.84e-03 2.19e-05   0.0
          recFNToRawFN_a (recFNToRawFN_1_507) 2.03e-03 7.49e-04    0.221 3.01e-03   0.0
      g_red_tree_0__g_add_0__reduce_add (VX_tcu_bhf_fadd_210) 4.54e-02 7.42e-02    7.590    0.127   0.2
        pipe_rnd (VX_pipe_register_4_441) 2.51e-03 1.29e-02    0.505 1.59e-02   0.0
          g_shift_register (VX_shift_register_38_0_1_0_441) 2.51e-03 1.29e-02    0.505 1.59e-02   0.0
        rounding (roundAnyRawFNToRecFN_1_239) 5.57e-03 3.84e-03    1.230 1.06e-02   0.0
          genblk2_genblk1_lowMask_roundMask (lowMaskLoHi_239) 2.40e-04 1.52e-04    0.303 6.95e-04   0.0
            reverse (reverse_2_239)    1.33e-05 5.42e-06    0.153 1.72e-04   0.0
        pipe_add (VX_pipe_register_5_239) 6.77e-03 3.22e-02    1.268 4.02e-02   0.1
          g_shift_register (VX_shift_register_45_0_2_0_239) 6.77e-03 3.22e-02    1.268 4.02e-02   0.1
        adder (addRecFNToRaw_239)      3.06e-02 2.52e-02    4.587 6.04e-02   0.1
          lowMask_far_roundExtraMask (lowMaskHiLo_239) 1.17e-04 2.22e-04 6.92e-02 4.08e-04   0.0
            reverse (reverse_1_239)    5.53e-05 1.07e-04 3.99e-02 2.02e-04   0.0
          compressBy4_far_sigSmaller (compressBy4_239) 3.33e-05 2.46e-04 4.07e-02 3.20e-04   0.0
          countLeadingZeros_close (countLeadingZeros_239) 5.51e-04 5.01e-04    0.156 1.21e-03   0.0
            reverse_in (reverse_241)   2.87e-04 3.04e-04 8.27e-02 6.74e-04   0.0
          compressBy2_close_sigSum (compressBy2_239) 1.74e-04 3.29e-04 6.15e-02 5.64e-04   0.0
          isSigNaN_b (isSigNaNRecFN_1_478) 6.03e-06 1.12e-05 4.84e-03 2.20e-05   0.0
          recFNToRawFN_b (recFNToRawFN_1_508) 2.18e-03 7.63e-04    0.221 3.17e-03   0.0
          isSigNaN_a (isSigNaNRecFN_1_479) 9.66e-06 1.11e-05 4.86e-03 2.57e-05   0.0
          recFNToRawFN_a (recFNToRawFN_1_509) 1.63e-03 7.53e-04    0.221 2.60e-03   0.0
      g_prod_7__pipe_mult (VX_pipe_register_1_232) 2.92e-03 1.16e-02    0.477 1.50e-02   0.0
        g_shift_register (VX_shift_register_33_0_1_0_232) 2.92e-03 1.16e-02    0.477 1.50e-02   0.0
      g_prod_7__fp16_mul (VX_tcu_bhf_fmul_232) 2.31e-02 4.91e-02    5.414 7.76e-02   0.1
        pipe_rnd (VX_pipe_register_4_442) 4.12e-03 1.16e-02    0.477 1.62e-02   0.0
          g_shift_register (VX_shift_register_38_0_1_0_442) 4.12e-03 1.16e-02    0.477 1.62e-02   0.0
        rounding (roundAnyRawFNToRecFN_233) 1.60e-03 1.11e-03    0.273 2.98e-03   0.0
        pipe_add (VX_pipe_register_3_232) 4.54e-03 2.46e-02    1.029 3.02e-02   0.0
          g_shift_register (VX_shift_register_37_0_2_0_232) 4.54e-03 2.46e-02    1.029 3.02e-02   0.0
        multiplier (mulRecFNToFullRaw_232) 1.16e-02 1.08e-02    3.008 2.55e-02   0.0
          isSigNaN_b (isSigNaNRecFN_465) 4.54e-06 8.76e-06 4.66e-03 1.80e-05   0.0
          recFNToRawFN_b (recFNToRawFN_465) 7.68e-04 2.22e-04    0.129 1.12e-03   0.0
          isSigNaN_a (isSigNaNRecFN_466) 5.36e-06 6.97e-06 4.67e-03 1.70e-05   0.0
          recFNToRawFN_a (recFNToRawFN_466) 3.29e-04 1.66e-04    0.129 6.24e-04   0.0
        g_in_ieee_from_ieee_b (fNToRecFN_1_464) 6.57e-04 5.31e-04    0.314 1.50e-03   0.0
          clz (bsg_counting_leading_zeros_1_464) 1.21e-04 9.21e-05 6.85e-02 2.81e-04   0.0
            lzc (VX_lzc_1_464)         8.35e-05 8.09e-05 6.19e-02 2.26e-04   0.0
              g_lzc_find_first (VX_find_first_10_4_1_464) 5.47e-05 7.25e-05 5.56e-02 1.83e-04   0.0
        g_in_ieee_from_ieee_a (fNToRecFN_1_465) 5.72e-04 4.04e-04    0.314 1.29e-03   0.0
          clz (bsg_counting_leading_zeros_1_465) 9.30e-05 7.02e-05 6.83e-02 2.32e-04   0.0
            lzc (VX_lzc_1_465)         6.31e-05 6.14e-05 6.18e-02 1.86e-04   0.0
              g_lzc_find_first (VX_find_first_10_4_1_465) 3.98e-05 5.46e-05 5.55e-02 1.50e-04   0.0
      g_prod_6__pipe_mult (VX_pipe_register_1_233) 2.58e-03 1.16e-02    0.477 1.46e-02   0.0
        g_shift_register (VX_shift_register_33_0_1_0_233) 2.58e-03 1.16e-02    0.477 1.46e-02   0.0
      g_prod_6__fp16_mul (VX_tcu_bhf_fmul_233) 1.83e-02 4.90e-02    5.410 7.28e-02   0.1
        pipe_rnd (VX_pipe_register_4_443) 2.14e-03 1.16e-02    0.477 1.42e-02   0.0
          g_shift_register (VX_shift_register_38_0_1_0_443) 2.14e-03 1.16e-02    0.477 1.42e-02   0.0
        rounding (roundAnyRawFNToRecFN_234) 8.42e-04 1.11e-03    0.271 2.22e-03   0.0
        pipe_add (VX_pipe_register_3_233) 4.06e-03 2.46e-02    1.028 2.97e-02   0.0
          g_shift_register (VX_shift_register_37_0_2_0_233) 4.06e-03 2.46e-02    1.028 2.97e-02   0.0
        multiplier (mulRecFNToFullRaw_233) 1.01e-02 1.08e-02    3.008 2.39e-02   0.0
          isSigNaN_b (isSigNaNRecFN_467) 4.90e-06 9.09e-06 4.66e-03 1.87e-05   0.0
          recFNToRawFN_b (recFNToRawFN_467) 6.84e-04 2.24e-04    0.129 1.04e-03   0.0
          isSigNaN_a (isSigNaNRecFN_468) 4.08e-06 7.22e-06 4.75e-03 1.61e-05   0.0
          recFNToRawFN_a (recFNToRawFN_468) 3.21e-04 1.66e-04    0.129 6.16e-04   0.0
        g_in_ieee_from_ieee_b (fNToRecFN_1_466) 6.99e-04 5.28e-04    0.313 1.54e-03   0.0
          clz (bsg_counting_leading_zeros_1_466) 1.17e-04 8.99e-05 6.84e-02 2.76e-04   0.0
            lzc (VX_lzc_1_466)         1.17e-04 8.99e-05 6.84e-02 2.76e-04   0.0
              g_lzc_find_first (VX_find_first_10_4_1_466) 5.18e-05 7.07e-05 5.56e-02 1.78e-04   0.0
        g_in_ieee_from_ieee_a (fNToRecFN_1_467) 5.18e-04 4.03e-04    0.312 1.23e-03   0.0
          clz (bsg_counting_leading_zeros_1_467) 9.36e-05 6.99e-05 6.86e-02 2.32e-04   0.0
            lzc (VX_lzc_1_467)         9.36e-05 6.99e-05 6.86e-02 2.32e-04   0.0
              g_lzc_find_first (VX_find_first_10_4_1_467) 4.13e-05 5.41e-05 5.57e-02 1.51e-04   0.0
      g_prod_5__pipe_mult (VX_pipe_register_1_234) 2.50e-03 1.16e-02    0.477 1.46e-02   0.0
        g_shift_register (VX_shift_register_33_0_1_0_234) 2.50e-03 1.16e-02    0.477 1.46e-02   0.0
      g_prod_5__fp16_mul (VX_tcu_bhf_fmul_234) 2.32e-02 4.91e-02    5.411 7.77e-02   0.1
        pipe_rnd (VX_pipe_register_4_444) 2.45e-03 1.16e-02    0.477 1.45e-02   0.0
          g_shift_register (VX_shift_register_38_0_1_0_444) 2.45e-03 1.16e-02    0.477 1.45e-02   0.0
        rounding (roundAnyRawFNToRecFN_235) 2.28e-03 1.12e-03    0.273 3.67e-03   0.0
        pipe_add (VX_pipe_register_3_234) 4.78e-03 2.46e-02    1.028 3.04e-02   0.0
          g_shift_register (VX_shift_register_37_0_2_0_234) 4.78e-03 2.46e-02    1.028 3.04e-02   0.0
        multiplier (mulRecFNToFullRaw_234) 1.22e-02 1.09e-02    3.008 2.61e-02   0.0
          isSigNaN_b (isSigNaNRecFN_469) 8.01e-06 9.02e-06 4.70e-03 2.17e-05   0.0
          recFNToRawFN_b (recFNToRawFN_469) 7.09e-04 2.24e-04    0.129 1.06e-03   0.0
          isSigNaN_a (isSigNaNRecFN_470) 4.62e-06 7.42e-06 4.67e-03 1.67e-05   0.0
          recFNToRawFN_a (recFNToRawFN_470) 5.22e-04 1.73e-04    0.129 8.23e-04   0.0
        g_in_ieee_from_ieee_b (fNToRecFN_1_468) 6.55e-04 5.28e-04    0.311 1.49e-03   0.0
          clz (bsg_counting_leading_zeros_1_468) 1.16e-04 9.14e-05 6.83e-02 2.76e-04   0.0
            lzc (VX_lzc_1_468)         1.16e-04 9.14e-05 6.83e-02 2.76e-04   0.0
              g_lzc_find_first (VX_find_first_10_4_1_468) 5.37e-05 7.21e-05 5.55e-02 1.81e-04   0.0
        g_in_ieee_from_ieee_a (fNToRecFN_1_469) 8.36e-04 4.02e-04    0.314 1.55e-03   0.0
          clz (bsg_counting_leading_zeros_1_469) 9.19e-05 6.82e-05 6.83e-02 2.28e-04   0.0
            lzc (VX_lzc_1_469)         9.19e-05 6.82e-05 6.83e-02 2.28e-04   0.0
              g_lzc_find_first (VX_find_first_10_4_1_469) 4.10e-05 5.29e-05 5.55e-02 1.49e-04   0.0
      g_prod_4__pipe_mult (VX_pipe_register_1_235) 2.89e-03 1.16e-02    0.477 1.50e-02   0.0
        g_shift_register (VX_shift_register_33_0_1_0_235) 2.89e-03 1.16e-02    0.477 1.50e-02   0.0
      g_prod_4__fp16_mul (VX_tcu_bhf_fmul_235) 2.63e-02 4.91e-02    5.418 8.08e-02   0.1
        pipe_rnd (VX_pipe_register_4_445) 5.67e-03 1.16e-02    0.477 1.77e-02   0.0
          g_shift_register (VX_shift_register_38_0_1_0_445) 5.67e-03 1.16e-02    0.477 1.77e-02   0.0
        rounding (roundAnyRawFNToRecFN_236) 2.69e-03 1.12e-03    0.274 4.08e-03   0.0
        pipe_add (VX_pipe_register_3_235) 4.96e-03 2.46e-02    1.028 3.06e-02   0.0
          g_shift_register (VX_shift_register_37_0_2_0_235) 4.96e-03 2.46e-02    1.028 3.06e-02   0.0
        multiplier (mulRecFNToFullRaw_235) 1.18e-02 1.08e-02    3.012 2.56e-02   0.0
          isSigNaN_b (isSigNaNRecFN_471) 5.17e-06 9.17e-06 4.68e-03 1.90e-05   0.0
          recFNToRawFN_b (recFNToRawFN_471) 7.03e-04 2.24e-04    0.129 1.06e-03   0.0
          isSigNaN_a (isSigNaNRecFN_472) 4.31e-06 6.93e-06 4.67e-03 1.59e-05   0.0
          recFNToRawFN_a (recFNToRawFN_472) 3.80e-04 1.60e-04    0.132 6.73e-04   0.0
        g_in_ieee_from_ieee_b (fNToRecFN_1_470) 6.96e-04 5.31e-04    0.312 1.54e-03   0.0
          clz (bsg_counting_leading_zeros_1_470) 1.22e-04 9.16e-05 6.83e-02 2.82e-04   0.0
            lzc (VX_lzc_1_470)         1.22e-04 9.16e-05 6.83e-02 2.82e-04   0.0
              g_lzc_find_first (VX_find_first_10_4_1_470) 5.51e-05 7.21e-05 5.54e-02 1.83e-04   0.0
        g_in_ieee_from_ieee_a (fNToRecFN_1_471) 5.62e-04 4.01e-04    0.316 1.28e-03   0.0
          clz (bsg_counting_leading_zeros_1_471) 9.31e-05 6.89e-05 6.83e-02 2.30e-04   0.0
            lzc (VX_lzc_1_471)         9.31e-05 6.89e-05 6.83e-02 2.30e-04   0.0
              g_lzc_find_first (VX_find_first_10_4_1_471) 4.06e-05 5.34e-05 5.55e-02 1.50e-04   0.0
      g_prod_3__pipe_mult (VX_pipe_register_1_236) 3.88e-03 1.16e-02    0.477 1.59e-02   0.0
        g_shift_register (VX_shift_register_33_0_1_0_236) 3.88e-03 1.16e-02    0.477 1.59e-02   0.0
      g_prod_3__fp16_mul (VX_tcu_bhf_fmul_236) 2.53e-02 4.91e-02    5.445 7.98e-02   0.1
        pipe_rnd (VX_pipe_register_4_446) 3.14e-03 1.16e-02    0.477 1.52e-02   0.0
          g_shift_register (VX_shift_register_38_0_1_0_446) 3.14e-03 1.16e-02    0.477 1.52e-02   0.0
        rounding (roundAnyRawFNToRecFN_237) 1.81e-03 1.11e-03    0.273 3.19e-03   0.0
        pipe_add (VX_pipe_register_3_236) 5.44e-03 2.46e-02    1.028 3.11e-02   0.0
          g_shift_register (VX_shift_register_37_0_2_0_236) 5.44e-03 2.46e-02    1.028 3.11e-02   0.0
        multiplier (mulRecFNToFullRaw_236) 1.29e-02 1.08e-02    3.033 2.68e-02   0.0
          isSigNaN_b (isSigNaNRecFN_473) 5.70e-06 8.88e-06 4.66e-03 1.92e-05   0.0
          recFNToRawFN_b (recFNToRawFN_473) 7.19e-04 2.22e-04    0.129 1.07e-03   0.0
          isSigNaN_a (isSigNaNRecFN_474) 9.73e-06 9.07e-06 5.21e-03 2.40e-05   0.0
          recFNToRawFN_a (recFNToRawFN_474) 1.14e-03 1.76e-04    0.138 1.45e-03   0.0
        g_in_ieee_from_ieee_b (fNToRecFN_1_472) 7.11e-04 5.27e-04    0.313 1.55e-03   0.0
          clz (bsg_counting_leading_zeros_1_472) 1.20e-04 9.09e-05 6.83e-02 2.79e-04   0.0
            lzc (VX_lzc_1_472)         8.28e-05 7.98e-05 6.18e-02 2.24e-04   0.0
              g_lzc_find_first (VX_find_first_10_4_1_472) 5.32e-05 7.14e-05 5.54e-02 1.80e-04   0.0
        g_in_ieee_from_ieee_a (fNToRecFN_1_473) 1.29e-03 4.15e-04    0.320 2.03e-03   0.0
          clz (bsg_counting_leading_zeros_1_473) 9.62e-05 6.90e-05 6.84e-02 2.34e-04   0.0
            lzc (VX_lzc_1_473)         9.62e-05 6.90e-05 6.84e-02 2.34e-04   0.0
              g_lzc_find_first (VX_find_first_10_4_1_473) 4.18e-05 5.36e-05 5.55e-02 1.51e-04   0.0
      g_prod_2__pipe_mult (VX_pipe_register_1_237) 3.67e-03 1.16e-02    0.477 1.57e-02   0.0
        g_shift_register (VX_shift_register_33_0_1_0_237) 3.67e-03 1.16e-02    0.477 1.57e-02   0.0
      g_prod_2__fp16_mul (VX_tcu_bhf_fmul_237) 2.42e-02 4.89e-02    5.425 7.86e-02   0.1
        pipe_rnd (VX_pipe_register_4_447) 3.31e-03 1.16e-02    0.477 1.54e-02   0.0
          g_shift_register (VX_shift_register_38_0_1_0_447) 3.31e-03 1.16e-02    0.477 1.54e-02   0.0
        rounding (roundAnyRawFNToRecFN_238) 2.51e-03 1.11e-03    0.273 3.90e-03   0.0
        pipe_add (VX_pipe_register_3_237) 4.87e-03 2.46e-02    1.028 3.05e-02   0.0
          g_shift_register (VX_shift_register_37_0_2_0_237) 4.87e-03 2.46e-02    1.028 3.05e-02   0.0
        multiplier (mulRecFNToFullRaw_237) 1.21e-02 1.08e-02    3.022 2.58e-02   0.0
          isSigNaN_b (isSigNaNRecFN_475) 4.97e-06 8.98e-06 4.68e-03 1.86e-05   0.0
          recFNToRawFN_b (recFNToRawFN_475) 6.58e-04 2.20e-04    0.129 1.01e-03   0.0
          isSigNaN_a (isSigNaNRecFN_476) 4.56e-06 7.54e-06 4.72e-03 1.68e-05   0.0
          recFNToRawFN_a (recFNToRawFN_476) 4.76e-04 1.71e-04    0.129 7.75e-04   0.0
        g_in_ieee_from_ieee_b (fNToRecFN_1_474) 6.58e-04 5.25e-04    0.312 1.49e-03   0.0
          clz (bsg_counting_leading_zeros_1_474) 1.20e-04 9.05e-05 6.83e-02 2.79e-04   0.0
            lzc (VX_lzc_1_474)         1.20e-04 9.05e-05 6.83e-02 2.79e-04   0.0
              g_lzc_find_first (VX_find_first_10_4_1_474) 5.45e-05 7.12e-05 5.55e-02 1.81e-04   0.0
        g_in_ieee_from_ieee_a (fNToRecFN_1_475) 8.21e-04 4.04e-04    0.313 1.54e-03   0.0
          clz (bsg_counting_leading_zeros_1_475) 9.31e-05 6.86e-05 6.86e-02 2.30e-04   0.0
            lzc (VX_lzc_1_475)         9.31e-05 6.86e-05 6.86e-02 2.30e-04   0.0
              g_lzc_find_first (VX_find_first_10_4_1_475) 4.08e-05 5.31e-05 5.57e-02 1.50e-04   0.0
      g_prod_1__pipe_mult (VX_pipe_register_1_238) 2.22e-03 1.16e-02    0.477 1.43e-02   0.0
        g_shift_register (VX_shift_register_33_0_1_0_238) 2.22e-03 1.16e-02    0.477 1.43e-02   0.0
      g_prod_1__fp16_mul (VX_tcu_bhf_fmul_238) 2.07e-02 4.90e-02    5.428 7.51e-02   0.1
        pipe_rnd (VX_pipe_register_4_448) 1.86e-03 1.16e-02    0.477 1.39e-02   0.0
          g_shift_register (VX_shift_register_38_0_1_0_448) 1.86e-03 1.16e-02    0.477 1.39e-02   0.0
        rounding (roundAnyRawFNToRecFN_239) 9.87e-04 1.10e-03    0.273 2.36e-03   0.0
        pipe_add (VX_pipe_register_3_238) 4.53e-03 2.46e-02    1.028 3.02e-02   0.0
          g_shift_register (VX_shift_register_37_0_2_0_238) 4.53e-03 2.46e-02    1.028 3.02e-02   0.0
        multiplier (mulRecFNToFullRaw_238) 1.15e-02 1.08e-02    3.022 2.53e-02   0.0
          isSigNaN_b (isSigNaNRecFN_477) 4.34e-06 8.88e-06 4.64e-03 1.78e-05   0.0
          recFNToRawFN_b (recFNToRawFN_477) 7.91e-04 2.22e-04    0.129 1.14e-03   0.0
          isSigNaN_a (isSigNaNRecFN_478) 3.89e-06 8.09e-06 4.70e-03 1.67e-05   0.0
          recFNToRawFN_a (recFNToRawFN_478) 6.85e-04 1.80e-04    0.129 9.94e-04   0.0
        g_in_ieee_from_ieee_b (fNToRecFN_1_476) 6.49e-04 5.25e-04    0.314 1.49e-03   0.0
          clz (bsg_counting_leading_zeros_1_476) 1.19e-04 9.03e-05 6.83e-02 2.78e-04   0.0
            lzc (VX_lzc_1_476)         1.19e-04 9.03e-05 6.83e-02 2.78e-04   0.0
              g_lzc_find_first (VX_find_first_10_4_1_476) 5.37e-05 7.12e-05 5.55e-02 1.80e-04   0.0
        g_in_ieee_from_ieee_a (fNToRecFN_1_477) 1.13e-03 4.02e-04    0.314 1.85e-03   0.0
          clz (bsg_counting_leading_zeros_1_477) 9.45e-05 6.79e-05 6.83e-02 2.31e-04   0.0
            lzc (VX_lzc_1_477)         9.45e-05 6.79e-05 6.83e-02 2.31e-04   0.0
              g_lzc_find_first (VX_find_first_10_4_1_477) 4.14e-05 5.29e-05 5.55e-02 1.50e-04   0.0
      g_prod_0__pipe_mult (VX_pipe_register_1_239) 2.15e-03 1.16e-02    0.477 1.42e-02   0.0
        g_shift_register (VX_shift_register_33_0_1_0_239) 2.15e-03 1.16e-02    0.477 1.42e-02   0.0
      g_prod_0__fp16_mul (VX_tcu_bhf_fmul_239) 2.08e-02 4.90e-02    5.474 7.53e-02   0.1
        pipe_rnd (VX_pipe_register_4_449) 1.86e-03 1.16e-02    0.477 1.39e-02   0.0
          g_shift_register (VX_shift_register_38_0_1_0_449) 1.86e-03 1.16e-02    0.477 1.39e-02   0.0
        rounding (roundAnyRawFNToRecFN_240) 1.80e-03 1.12e-03    0.273 3.20e-03   0.0
        pipe_add (VX_pipe_register_3_239) 4.36e-03 2.46e-02    1.028 3.00e-02   0.0
          g_shift_register (VX_shift_register_37_0_2_0_239) 4.36e-03 2.46e-02    1.028 3.00e-02   0.0
        multiplier (mulRecFNToFullRaw_239) 1.13e-02 1.08e-02    3.069 2.52e-02   0.0
          isSigNaN_b (isSigNaNRecFN_479) 5.35e-06 9.39e-06 4.72e-03 1.95e-05   0.0
          recFNToRawFN_b (recFNToRawFN_479) 1.27e-03 2.26e-04    0.129 1.63e-03   0.0
          isSigNaN_a (isSigNaNRecFN_480) 3.97e-06 7.17e-06 4.71e-03 1.59e-05   0.0
          recFNToRawFN_a (recFNToRawFN_480) 3.82e-04 1.66e-04    0.129 6.77e-04   0.0
        g_in_ieee_from_ieee_b (fNToRecFN_1_478) 8.25e-04 5.29e-04    0.313 1.67e-03   0.0
          clz (bsg_counting_leading_zeros_1_478) 1.19e-04 9.02e-05 6.84e-02 2.78e-04   0.0
            lzc (VX_lzc_1_478)         1.19e-04 9.02e-05 6.84e-02 2.78e-04   0.0
              g_lzc_find_first (VX_find_first_10_4_1_478) 5.36e-05 7.10e-05 5.55e-02 1.80e-04   0.0
        g_in_ieee_from_ieee_a (fNToRecFN_1_479) 6.46e-04 3.94e-04    0.313 1.35e-03   0.0
          clz (bsg_counting_leading_zeros_1_479) 9.35e-05 6.78e-05 6.84e-02 2.30e-04   0.0
            lzc (VX_lzc_1_479)         9.35e-05 6.78e-05 6.84e-02 2.30e-04   0.0
              g_lzc_find_first (VX_find_first_10_4_1_479) 4.17e-05 5.27e-05 5.56e-02 1.50e-04   0.0
    g_i_0__g_j_2__genblk1_u_buffer_ex (VX_pipe_register_35) 1.60e-02 9.44e-02    4.324    0.115   0.2
      g_shift_register (VX_shift_register_582_0_1_0_29) 1.60e-02 9.44e-02    4.324    0.115   0.2
    g_i_0__g_j_1__fedp (VX_tcu_fedp_bhf_30)    0.717    1.219  116.906    2.053   2.9
      final_add (VX_tcu_bhf_fadd_1_30) 5.62e-02 6.71e-02    8.583    0.132   0.2
        pipe_rnd (VX_pipe_register_6_30) 7.22e-03 1.16e-02    0.491 1.93e-02   0.0
          g_shift_register (VX_shift_register_37_0_1_0_30) 7.22e-03 1.16e-02    0.491 1.93e-02   0.0
        g_out_ieee_to_ieee (recFNToFN_30) 6.30e-03 3.00e-03    0.810 1.01e-02   0.0
          recFNToRawFN (recFNToRawFN_1_510) 1.41e-03 8.10e-04    0.232 2.45e-03   0.0
        rounding (roundAnyRawFNToRecFN_1_240) 9.41e-03 3.02e-03    1.254 1.37e-02   0.0
          genblk2_genblk1_lowMask_roundMask (lowMaskLoHi_240) 2.26e-04 1.34e-04    0.301 6.61e-04   0.0
            reverse (reverse_2_240)    4.73e-06 1.87e-06    0.154 1.60e-04   0.0
        pipe_add (VX_pipe_register_5_240) 7.95e-03 3.05e-02    1.265 3.97e-02   0.1
          g_shift_register (VX_shift_register_45_0_2_0_240) 7.95e-03 3.05e-02    1.265 3.97e-02   0.1
        adder (addRecFNToRaw_240)      2.54e-02 1.90e-02    4.756 4.92e-02   0.1
          lowMask_far_roundExtraMask (lowMaskHiLo_240) 4.34e-05 8.11e-05 8.05e-02 2.05e-04   0.0
            reverse (reverse_1_240)    2.02e-05 3.85e-05 5.03e-02 1.09e-04   0.0
          compressBy4_far_sigSmaller (compressBy4_240) 4.59e-05 1.73e-04 4.49e-02 2.64e-04   0.0
          countLeadingZeros_close (countLeadingZeros_240) 5.37e-04 4.55e-04    0.163 1.15e-03   0.0
            reverse_in (reverse_242)   2.65e-04 3.10e-04 9.01e-02 6.65e-04   0.0
          compressBy2_close_sigSum (compressBy2_240) 1.62e-04 3.35e-04 6.59e-02 5.63e-04   0.0
          isSigNaN_b (isSigNaNRecFN_1_480) 3.49e-06 5.24e-06 4.61e-03 1.33e-05   0.0
          recFNToRawFN_b (recFNToRawFN_1_511) 5.62e-04 2.67e-04    0.236 1.07e-03   0.0
          isSigNaN_a (isSigNaNRecFN_1_481) 8.30e-06 1.30e-05 4.74e-03 2.60e-05   0.0
          recFNToRawFN_a (recFNToRawFN_1_512) 1.95e-03 8.12e-04    0.232 2.99e-03   0.0
      pipe_c (VX_pipe_register_2_30)   1.95e-02    0.139    6.433    0.165   0.2
        g_shift_register (VX_shift_register_33_0_13_0_30) 1.95e-02    0.139    6.433    0.165   0.2
      conv_c (fNToRecFN_31)            1.59e-03 9.14e-04    0.746 3.25e-03   0.0
        clz (bsg_counting_leading_zeros_31) 1.09e-04 1.10e-04    0.119 3.39e-04   0.0
          lzc (VX_lzc_31)              1.09e-04 1.10e-04    0.119 3.39e-04   0.0
            g_lzc_find_first (VX_find_first_23_5_1_30) 9.57e-05 1.07e-04    0.107 3.10e-04   0.0
      g_red_tree_2__g_add_0__reduce_add (VX_tcu_bhf_fadd_211) 5.59e-02 7.59e-02    7.763    0.140   0.2
        pipe_rnd (VX_pipe_register_4_450) 3.91e-03 1.26e-02    0.504 1.70e-02   0.0
          g_shift_register (VX_shift_register_38_0_1_0_450) 3.91e-03 1.26e-02    0.504 1.70e-02   0.0
        rounding (roundAnyRawFNToRecFN_1_241) 6.53e-03 3.72e-03    1.227 1.15e-02   0.0
          genblk2_genblk1_lowMask_roundMask (lowMaskLoHi_241) 2.63e-04 1.44e-04    0.302 7.10e-04   0.0
            reverse (reverse_2_241)    1.44e-05 5.43e-06    0.154 1.73e-04   0.0
        pipe_add (VX_pipe_register_5_241) 8.73e-03 3.16e-02    1.265 4.16e-02   0.1
          g_shift_register (VX_shift_register_45_0_2_0_241) 8.73e-03 3.16e-02    1.265 4.16e-02   0.1
        adder (addRecFNToRaw_241)      3.67e-02 2.80e-02    4.768 6.95e-02   0.1
          lowMask_far_roundExtraMask (lowMaskHiLo_241) 1.81e-04 2.95e-04 8.09e-02 5.57e-04   0.0
            reverse (reverse_1_241)    8.61e-05 1.44e-04 4.72e-02 2.78e-04   0.0
          compressBy4_far_sigSmaller (compressBy4_241) 8.22e-05 3.63e-04 4.78e-02 4.93e-04   0.0
          countLeadingZeros_close (countLeadingZeros_241) 5.86e-04 5.33e-04    0.163 1.28e-03   0.0
            reverse_in (reverse_243)   3.08e-04 3.69e-04 8.96e-02 7.66e-04   0.0
          compressBy2_close_sigSum (compressBy2_241) 2.02e-04 3.99e-04 6.61e-02 6.67e-04   0.0
          isSigNaN_b (isSigNaNRecFN_1_482) 6.33e-06 8.13e-06 4.15e-03 1.86e-05   0.0
          recFNToRawFN_b (recFNToRawFN_1_513) 2.47e-03 8.94e-04    0.233 3.60e-03   0.0
          isSigNaN_a (isSigNaNRecFN_1_483) 4.07e-06 8.51e-06 4.15e-03 1.67e-05   0.0
          recFNToRawFN_a (recFNToRawFN_1_514) 1.55e-03 8.94e-04    0.233 2.67e-03   0.0
      g_red_tree_1__g_add_1__reduce_add (VX_tcu_bhf_fadd_212) 5.83e-02 7.66e-02    7.773    0.143   0.2
        pipe_rnd (VX_pipe_register_4_451) 4.07e-03 1.29e-02    0.505 1.74e-02   0.0
          g_shift_register (VX_shift_register_38_0_1_0_451) 4.07e-03 1.29e-02    0.505 1.74e-02   0.0
        rounding (roundAnyRawFNToRecFN_1_242) 7.57e-03 3.89e-03    1.238 1.27e-02   0.0
          genblk2_genblk1_lowMask_roundMask (lowMaskLoHi_242) 2.65e-04 1.49e-04    0.302 7.17e-04   0.0
            reverse (reverse_2_242)    1.57e-05 5.43e-06    0.153 1.75e-04   0.0
        pipe_add (VX_pipe_register_5_242) 9.67e-03 3.17e-02    1.265 4.27e-02   0.1
          g_shift_register (VX_shift_register_45_0_2_0_242) 9.67e-03 3.17e-02    1.265 4.27e-02   0.1
        adder (addRecFNToRaw_242)      3.70e-02 2.81e-02    4.765 6.98e-02   0.1
          lowMask_far_roundExtraMask (lowMaskHiLo_242) 1.40e-04 2.69e-04 8.07e-02 4.90e-04   0.0
            reverse (reverse_1_242)    5.90e-05 1.30e-04 4.69e-02 2.36e-04   0.0
          compressBy4_far_sigSmaller (compressBy4_242) 6.72e-05 3.41e-04 4.62e-02 4.55e-04   0.0
          countLeadingZeros_close (countLeadingZeros_242) 5.79e-04 5.19e-04    0.163 1.26e-03   0.0
            reverse_in (reverse_244)   3.03e-04 3.63e-04 8.98e-02 7.56e-04   0.0
          compressBy2_close_sigSum (compressBy2_242) 2.01e-04 3.92e-04 6.61e-02 6.59e-04   0.0
          isSigNaN_b (isSigNaNRecFN_1_484) 6.70e-06 9.40e-06 4.39e-03 2.05e-05   0.0
          recFNToRawFN_b (recFNToRawFN_1_515) 2.28e-03 9.28e-04    0.234 3.45e-03   0.0
          isSigNaN_a (isSigNaNRecFN_1_485) 6.87e-06 9.16e-06 4.36e-03 2.04e-05   0.0
          recFNToRawFN_a (recFNToRawFN_1_516) 2.20e-03 9.36e-04    0.234 3.37e-03   0.0
      g_red_tree_1__g_add_0__reduce_add (VX_tcu_bhf_fadd_213) 5.83e-02 7.67e-02    7.770    0.143   0.2
        pipe_rnd (VX_pipe_register_4_452) 2.98e-03 1.29e-02    0.505 1.64e-02   0.0
          g_shift_register (VX_shift_register_38_0_1_0_452) 2.98e-03 1.29e-02    0.505 1.64e-02   0.0
        rounding (roundAnyRawFNToRecFN_1_243) 7.22e-03 3.91e-03    1.225 1.24e-02   0.0
          genblk2_genblk1_lowMask_roundMask (lowMaskLoHi_243) 2.69e-04 1.55e-04    0.303 7.27e-04   0.0
            reverse (reverse_2_243)    1.34e-05 5.42e-06    0.153 1.72e-04   0.0
        pipe_add (VX_pipe_register_5_243) 1.05e-02 3.18e-02    1.266 4.35e-02   0.1
          g_shift_register (VX_shift_register_45_0_2_0_243) 1.05e-02 3.18e-02    1.266 4.35e-02   0.1
        adder (addRecFNToRaw_243)      3.77e-02 2.82e-02    4.775 7.06e-02   0.1
          lowMask_far_roundExtraMask (lowMaskHiLo_243) 1.36e-04 2.72e-04 8.07e-02 4.89e-04   0.0
            reverse (reverse_1_243)    5.76e-05 1.31e-04 4.69e-02 2.36e-04   0.0
          compressBy4_far_sigSmaller (compressBy4_243) 6.72e-05 3.44e-04 4.63e-02 4.57e-04   0.0
          countLeadingZeros_close (countLeadingZeros_243) 5.82e-04 5.19e-04    0.163 1.26e-03   0.0
            reverse_in (reverse_245)   3.00e-04 3.63e-04 8.98e-02 7.53e-04   0.0
          compressBy2_close_sigSum (compressBy2_243) 2.27e-04 3.94e-04 6.62e-02 6.88e-04   0.0
          isSigNaN_b (isSigNaNRecFN_1_486) 5.79e-06 9.55e-06 4.40e-03 1.97e-05   0.0
          recFNToRawFN_b (recFNToRawFN_1_517) 3.13e-03 9.34e-04    0.234 4.30e-03   0.0
          isSigNaN_a (isSigNaNRecFN_1_487) 7.92e-06 9.23e-06 4.39e-03 2.15e-05   0.0
          recFNToRawFN_a (recFNToRawFN_1_518) 2.21e-03 9.51e-04    0.234 3.40e-03   0.0
      g_red_tree_0__g_add_3__reduce_add (VX_tcu_bhf_fadd_214) 6.65e-02 7.45e-02    7.658    0.149   0.2
        pipe_rnd (VX_pipe_register_4_453) 5.28e-03 1.30e-02    0.505 1.88e-02   0.0
          g_shift_register (VX_shift_register_38_0_1_0_453) 5.28e-03 1.30e-02    0.505 1.88e-02   0.0
        rounding (roundAnyRawFNToRecFN_1_244) 1.14e-02 4.01e-03    1.290 1.67e-02   0.0
          genblk2_genblk1_lowMask_roundMask (lowMaskLoHi_244) 2.47e-04 1.52e-04    0.303 7.02e-04   0.0
            reverse (reverse_2_244)    1.31e-05 5.41e-06    0.153 1.72e-04   0.0
        pipe_add (VX_pipe_register_5_244) 1.58e-02 3.23e-02    1.268 4.93e-02   0.1
          g_shift_register (VX_shift_register_45_0_2_0_244) 1.58e-02 3.23e-02    1.268 4.93e-02   0.1
        adder (addRecFNToRaw_244)      3.40e-02 2.52e-02    4.594 6.38e-02   0.1
          lowMask_far_roundExtraMask (lowMaskHiLo_244) 1.13e-04 2.22e-04 6.92e-02 4.05e-04   0.0
            reverse (reverse_1_244)    5.34e-05 1.07e-04 3.99e-02 2.01e-04   0.0
          compressBy4_far_sigSmaller (compressBy4_244) 2.92e-05 2.46e-04 4.06e-02 3.15e-04   0.0
          countLeadingZeros_close (countLeadingZeros_244) 5.65e-04 5.01e-04    0.156 1.22e-03   0.0
            reverse_in (reverse_246)   3.06e-04 3.03e-04 8.26e-02 6.92e-04   0.0
          compressBy2_close_sigSum (compressBy2_244) 1.82e-04 3.28e-04 6.15e-02 5.72e-04   0.0
          isSigNaN_b (isSigNaNRecFN_1_488) 6.50e-06 1.11e-05 4.86e-03 2.24e-05   0.0
          recFNToRawFN_b (recFNToRawFN_1_519) 2.33e-03 7.50e-04    0.221 3.30e-03   0.0
          isSigNaN_a (isSigNaNRecFN_1_489) 9.06e-06 1.11e-05 4.88e-03 2.51e-05   0.0
          recFNToRawFN_a (recFNToRawFN_1_520) 2.33e-03 7.51e-04    0.221 3.30e-03   0.0
      g_red_tree_0__g_add_2__reduce_add (VX_tcu_bhf_fadd_215) 6.79e-02 7.46e-02    7.654    0.150   0.2
        pipe_rnd (VX_pipe_register_4_454) 6.09e-03 1.31e-02    0.505 1.97e-02   0.0
          g_shift_register (VX_shift_register_38_0_1_0_454) 6.09e-03 1.31e-02    0.505 1.97e-02   0.0
        rounding (roundAnyRawFNToRecFN_1_245) 1.42e-02 4.04e-03    1.289 1.95e-02   0.0
          genblk2_genblk1_lowMask_roundMask (lowMaskLoHi_245) 2.48e-04 1.54e-04    0.304 7.05e-04   0.0
            reverse (reverse_2_245)    1.38e-05 5.42e-06    0.153 1.73e-04   0.0
        pipe_add (VX_pipe_register_5_245) 1.52e-02 3.23e-02    1.268 4.87e-02   0.1
          g_shift_register (VX_shift_register_45_0_2_0_245) 1.52e-02 3.23e-02    1.268 4.87e-02   0.1
        adder (addRecFNToRaw_245)      3.24e-02 2.52e-02    4.585 6.23e-02   0.1
          lowMask_far_roundExtraMask (lowMaskHiLo_245) 1.17e-04 2.22e-04 6.92e-02 4.09e-04   0.0
            reverse (reverse_1_245)    5.73e-05 1.08e-04 3.99e-02 2.05e-04   0.0
          compressBy4_far_sigSmaller (compressBy4_245) 5.69e-05 2.47e-04 4.08e-02 3.45e-04   0.0
          countLeadingZeros_close (countLeadingZeros_245) 5.45e-04 5.02e-04    0.156 1.20e-03   0.0
            reverse_in (reverse_247)   2.82e-04 3.04e-04 8.27e-02 6.68e-04   0.0
          compressBy2_close_sigSum (compressBy2_245) 1.77e-04 3.29e-04 6.15e-02 5.68e-04   0.0
          isSigNaN_b (isSigNaNRecFN_1_490) 6.83e-06 1.12e-05 4.86e-03 2.29e-05   0.0
          recFNToRawFN_b (recFNToRawFN_1_521) 2.26e-03 7.58e-04    0.221 3.24e-03   0.0
          isSigNaN_a (isSigNaNRecFN_1_491) 7.35e-06 1.09e-05 4.86e-03 2.31e-05   0.0
          recFNToRawFN_a (recFNToRawFN_1_522) 2.13e-03 7.48e-04    0.221 3.10e-03   0.0
      g_red_tree_0__g_add_1__reduce_add (VX_tcu_bhf_fadd_216) 5.98e-02 7.45e-02    7.647    0.142   0.2
        pipe_rnd (VX_pipe_register_4_455) 5.10e-03 1.30e-02    0.505 1.86e-02   0.0
          g_shift_register (VX_shift_register_38_0_1_0_455) 5.10e-03 1.30e-02    0.505 1.86e-02   0.0
        rounding (roundAnyRawFNToRecFN_1_246) 1.17e-02 4.00e-03    1.280 1.70e-02   0.0
          genblk2_genblk1_lowMask_roundMask (lowMaskLoHi_246) 2.55e-04 1.52e-04    0.303 7.11e-04   0.0
            reverse (reverse_2_246)    1.36e-05 5.42e-06    0.153 1.72e-04   0.0
        pipe_add (VX_pipe_register_5_246) 1.09e-02 3.22e-02    1.268 4.44e-02   0.1
          g_shift_register (VX_shift_register_45_0_2_0_246) 1.09e-02 3.22e-02    1.268 4.44e-02   0.1
        adder (addRecFNToRaw_246)      3.21e-02 2.52e-02    4.594 6.19e-02   0.1
          lowMask_far_roundExtraMask (lowMaskHiLo_246) 1.30e-04 2.25e-04 6.92e-02 4.24e-04   0.0
            reverse (reverse_1_246)    6.25e-05 1.09e-04 3.99e-02 2.11e-04   0.0
          compressBy4_far_sigSmaller (compressBy4_246) 3.78e-05 2.46e-04 4.07e-02 3.24e-04   0.0
          countLeadingZeros_close (countLeadingZeros_246) 5.53e-04 5.00e-04    0.156 1.21e-03   0.0
            reverse_in (reverse_248)   2.82e-04 3.02e-04 8.27e-02 6.67e-04   0.0
          compressBy2_close_sigSum (compressBy2_246) 1.76e-04 3.27e-04 6.15e-02 5.65e-04   0.0
          isSigNaN_b (isSigNaNRecFN_1_492) 7.32e-06 1.06e-05 4.85e-03 2.28e-05   0.0
          recFNToRawFN_b (recFNToRawFN_1_523) 2.12e-03 7.50e-04    0.221 3.10e-03   0.0
          isSigNaN_a (isSigNaNRecFN_1_493) 8.11e-06 1.17e-05 4.87e-03 2.47e-05   0.0
          recFNToRawFN_a (recFNToRawFN_1_524) 1.68e-03 7.50e-04    0.221 2.65e-03   0.0
      g_red_tree_0__g_add_0__reduce_add (VX_tcu_bhf_fadd_217) 6.55e-02 7.47e-02    7.698    0.148   0.2
        pipe_rnd (VX_pipe_register_4_456) 7.23e-03 1.31e-02    0.506 2.08e-02   0.0
          g_shift_register (VX_shift_register_38_0_1_0_456) 7.23e-03 1.31e-02    0.506 2.08e-02   0.0
        rounding (roundAnyRawFNToRecFN_1_247) 1.65e-02 4.13e-03    1.340 2.20e-02   0.0
          genblk2_genblk1_lowMask_roundMask (lowMaskLoHi_247) 2.41e-04 1.52e-04    0.303 6.97e-04   0.0
            reverse (reverse_2_247)    1.51e-05 5.43e-06    0.153 1.74e-04   0.0
        pipe_add (VX_pipe_register_5_247) 1.01e-02 3.22e-02    1.268 4.36e-02   0.1
          g_shift_register (VX_shift_register_45_0_2_0_247) 1.01e-02 3.22e-02    1.268 4.36e-02   0.1
        adder (addRecFNToRaw_247)      3.16e-02 2.52e-02    4.585 6.14e-02   0.1
          lowMask_far_roundExtraMask (lowMaskHiLo_247) 1.14e-04 2.23e-04 6.92e-02 4.07e-04   0.0
            reverse (reverse_1_247)    5.06e-05 1.08e-04 3.98e-02 1.99e-04   0.0
          compressBy4_far_sigSmaller (compressBy4_247) 4.43e-05 2.45e-04 4.07e-02 3.30e-04   0.0
          countLeadingZeros_close (countLeadingZeros_247) 5.46e-04 5.04e-04    0.156 1.21e-03   0.0
            reverse_in (reverse_249)   2.84e-04 3.05e-04 8.26e-02 6.72e-04   0.0
          compressBy2_close_sigSum (compressBy2_247) 1.49e-04 3.29e-04 6.15e-02 5.40e-04   0.0
          isSigNaN_b (isSigNaNRecFN_1_494) 6.71e-06 1.10e-05 4.86e-03 2.26e-05   0.0
          recFNToRawFN_b (recFNToRawFN_1_525) 2.04e-03 7.59e-04    0.221 3.02e-03   0.0
          isSigNaN_a (isSigNaNRecFN_1_495) 7.56e-06 1.10e-05 4.85e-03 2.35e-05   0.0
          recFNToRawFN_a (recFNToRawFN_1_526) 2.09e-03 7.50e-04    0.221 3.06e-03   0.0
      g_prod_7__pipe_mult (VX_pipe_register_1_240) 3.35e-03 1.16e-02    0.477 1.54e-02   0.0
        g_shift_register (VX_shift_register_33_0_1_0_240) 3.35e-03 1.16e-02    0.477 1.54e-02   0.0
      g_prod_7__fp16_mul (VX_tcu_bhf_fmul_240) 2.66e-02 4.90e-02    5.412 8.10e-02   0.1
        pipe_rnd (VX_pipe_register_4_457) 6.80e-03 1.16e-02    0.477 1.88e-02   0.0
          g_shift_register (VX_shift_register_38_0_1_0_457) 6.80e-03 1.16e-02    0.477 1.88e-02   0.0
        rounding (roundAnyRawFNToRecFN_241) 1.93e-03 1.12e-03    0.273 3.32e-03   0.0
        pipe_add (VX_pipe_register_3_240) 5.16e-03 2.46e-02    1.028 3.08e-02   0.0
          g_shift_register (VX_shift_register_37_0_2_0_240) 5.16e-03 2.46e-02    1.028 3.08e-02   0.0
        multiplier (mulRecFNToFullRaw_240) 1.13e-02 1.08e-02    3.007 2.51e-02   0.0
          isSigNaN_b (isSigNaNRecFN_481) 6.79e-06 8.84e-06 4.63e-03 2.03e-05   0.0
          recFNToRawFN_b (recFNToRawFN_481) 1.18e-03 2.23e-04    0.129 1.53e-03   0.0
          isSigNaN_a (isSigNaNRecFN_482) 3.67e-06 7.01e-06 4.67e-03 1.53e-05   0.0
          recFNToRawFN_a (recFNToRawFN_482) 3.31e-04 1.66e-04    0.129 6.26e-04   0.0
        g_in_ieee_from_ieee_b (fNToRecFN_1_480) 8.61e-04 5.24e-04    0.313 1.70e-03   0.0
          clz (bsg_counting_leading_zeros_1_480) 1.17e-04 8.94e-05 6.83e-02 2.75e-04   0.0
            lzc (VX_lzc_1_480)         8.99e-05 8.12e-05 6.19e-02 2.33e-04   0.0
              g_lzc_find_first (VX_find_first_10_4_1_480) 5.41e-05 7.06e-05 5.54e-02 1.80e-04   0.0
        g_in_ieee_from_ieee_a (fNToRecFN_1_481) 5.66e-04 4.04e-04    0.313 1.28e-03   0.0
          clz (bsg_counting_leading_zeros_1_481) 9.54e-05 7.02e-05 6.83e-02 2.34e-04   0.0
            lzc (VX_lzc_1_481)         9.54e-05 7.02e-05 6.83e-02 2.34e-04   0.0
              g_lzc_find_first (VX_find_first_10_4_1_481) 4.11e-05 5.45e-05 5.55e-02 1.51e-04   0.0
      g_prod_6__pipe_mult (VX_pipe_register_1_241) 3.26e-03 1.16e-02    0.477 1.53e-02   0.0
        g_shift_register (VX_shift_register_33_0_1_0_241) 3.26e-03 1.16e-02    0.477 1.53e-02   0.0
      g_prod_6__fp16_mul (VX_tcu_bhf_fmul_241) 2.73e-02 4.90e-02    5.413 8.17e-02   0.1
        pipe_rnd (VX_pipe_register_4_458) 4.12e-03 1.16e-02    0.477 1.62e-02   0.0
          g_shift_register (VX_shift_register_38_0_1_0_458) 4.12e-03 1.16e-02    0.477 1.62e-02   0.0
        rounding (roundAnyRawFNToRecFN_242) 3.01e-03 1.12e-03    0.274 4.40e-03   0.0
        pipe_add (VX_pipe_register_3_241) 5.91e-03 2.46e-02    1.028 3.15e-02   0.0
          g_shift_register (VX_shift_register_37_0_2_0_241) 5.91e-03 2.46e-02    1.028 3.15e-02   0.0
        multiplier (mulRecFNToFullRaw_241) 1.28e-02 1.08e-02    3.008 2.67e-02   0.0
          isSigNaN_b (isSigNaNRecFN_483) 6.73e-06 9.30e-06 4.72e-03 2.08e-05   0.0
          recFNToRawFN_b (recFNToRawFN_483) 1.12e-03 2.24e-04    0.129 1.47e-03   0.0
          isSigNaN_a (isSigNaNRecFN_484) 3.84e-06 6.99e-06 4.75e-03 1.56e-05   0.0
          recFNToRawFN_a (recFNToRawFN_484) 3.21e-04 1.66e-04    0.129 6.17e-04   0.0
        g_in_ieee_from_ieee_b (fNToRecFN_1_482) 8.89e-04 5.29e-04    0.313 1.73e-03   0.0
          clz (bsg_counting_leading_zeros_1_482) 1.19e-04 9.16e-05 6.83e-02 2.79e-04   0.0
            lzc (VX_lzc_1_482)         1.19e-04 9.16e-05 6.83e-02 2.79e-04   0.0
              g_lzc_find_first (VX_find_first_10_4_1_482) 5.42e-05 7.19e-05 5.54e-02 1.81e-04   0.0
        g_in_ieee_from_ieee_a (fNToRecFN_1_483) 5.22e-04 4.03e-04    0.312 1.24e-03   0.0
          clz (bsg_counting_leading_zeros_1_483) 9.46e-05 6.98e-05 6.86e-02 2.33e-04   0.0
            lzc (VX_lzc_1_483)         6.53e-05 6.10e-05 6.20e-02 1.88e-04   0.0
              g_lzc_find_first (VX_find_first_10_4_1_483) 4.19e-05 5.40e-05 5.57e-02 1.52e-04   0.0
      g_prod_5__pipe_mult (VX_pipe_register_1_242) 2.41e-03 1.16e-02    0.477 1.45e-02   0.0
        g_shift_register (VX_shift_register_33_0_1_0_242) 2.41e-03 1.16e-02    0.477 1.45e-02   0.0
      g_prod_5__fp16_mul (VX_tcu_bhf_fmul_242) 2.03e-02 4.90e-02    5.410 7.47e-02   0.1
        pipe_rnd (VX_pipe_register_4_459) 2.28e-03 1.16e-02    0.477 1.43e-02   0.0
          g_shift_register (VX_shift_register_38_0_1_0_459) 2.28e-03 1.16e-02    0.477 1.43e-02   0.0
        rounding (roundAnyRawFNToRecFN_243) 8.33e-04 1.10e-03    0.272 2.21e-03   0.0
        pipe_add (VX_pipe_register_3_242) 4.20e-03 2.46e-02    1.028 2.98e-02   0.0
          g_shift_register (VX_shift_register_37_0_2_0_242) 4.20e-03 2.46e-02    1.028 2.98e-02   0.0
        multiplier (mulRecFNToFullRaw_242) 1.15e-02 1.08e-02    3.009 2.53e-02   0.0
          isSigNaN_b (isSigNaNRecFN_485) 6.06e-06 9.76e-06 4.67e-03 2.05e-05   0.0
          recFNToRawFN_b (recFNToRawFN_485) 1.55e-03 2.29e-04    0.129 1.91e-03   0.0
          isSigNaN_a (isSigNaNRecFN_486) 3.91e-06 6.99e-06 4.68e-03 1.56e-05   0.0
          recFNToRawFN_a (recFNToRawFN_486) 3.30e-04 1.68e-04    0.129 6.27e-04   0.0
        g_in_ieee_from_ieee_b (fNToRecFN_1_484) 1.05e-03 5.27e-04    0.313 1.89e-03   0.0
          clz (bsg_counting_leading_zeros_1_484) 1.21e-04 9.05e-05 6.83e-02 2.79e-04   0.0
            lzc (VX_lzc_1_484)         1.21e-04 9.05e-05 6.83e-02 2.79e-04   0.0
              g_lzc_find_first (VX_find_first_10_4_1_484) 5.51e-05 7.12e-05 5.54e-02 1.82e-04   0.0
        g_in_ieee_from_ieee_a (fNToRecFN_1_485) 5.04e-04 3.99e-04    0.311 1.21e-03   0.0
          clz (bsg_counting_leading_zeros_1_485) 9.10e-05 6.83e-05 6.83e-02 2.28e-04   0.0
            lzc (VX_lzc_1_485)         9.10e-05 6.83e-05 6.83e-02 2.28e-04   0.0
              g_lzc_find_first (VX_find_first_10_4_1_485) 3.98e-05 5.30e-05 5.55e-02 1.48e-04   0.0
      g_prod_4__pipe_mult (VX_pipe_register_1_243) 2.57e-03 1.16e-02    0.477 1.46e-02   0.0
        g_shift_register (VX_shift_register_33_0_1_0_243) 2.57e-03 1.16e-02    0.477 1.46e-02   0.0
      g_prod_4__fp16_mul (VX_tcu_bhf_fmul_243) 2.38e-02 4.90e-02    5.412 7.82e-02   0.1
        pipe_rnd (VX_pipe_register_4_460) 3.68e-03 1.16e-02    0.477 1.57e-02   0.0
          g_shift_register (VX_shift_register_38_0_1_0_460) 3.68e-03 1.16e-02    0.477 1.57e-02   0.0
        rounding (roundAnyRawFNToRecFN_244) 2.16e-03 1.11e-03    0.274 3.54e-03   0.0
        pipe_add (VX_pipe_register_3_243) 5.07e-03 2.46e-02    1.028 3.07e-02   0.0
          g_shift_register (VX_shift_register_37_0_2_0_243) 5.07e-03 2.46e-02    1.028 3.07e-02   0.0
        multiplier (mulRecFNToFullRaw_243) 1.15e-02 1.08e-02    3.009 2.53e-02   0.0
          isSigNaN_b (isSigNaNRecFN_487) 5.62e-06 9.48e-06 4.69e-03 1.98e-05   0.0
          recFNToRawFN_b (recFNToRawFN_487) 1.13e-03 2.26e-04    0.129 1.48e-03   0.0
          isSigNaN_a (isSigNaNRecFN_488) 4.60e-06 7.08e-06 4.68e-03 1.64e-05   0.0
          recFNToRawFN_a (recFNToRawFN_488) 3.22e-04 1.65e-04    0.129 6.16e-04   0.0
        g_in_ieee_from_ieee_b (fNToRecFN_1_486) 9.22e-04 5.28e-04    0.313 1.76e-03   0.0
          clz (bsg_counting_leading_zeros_1_486) 1.20e-04 9.07e-05 6.84e-02 2.79e-04   0.0
            lzc (VX_lzc_1_486)         1.20e-04 9.07e-05 6.84e-02 2.79e-04   0.0
              g_lzc_find_first (VX_find_first_10_4_1_486) 5.48e-05 7.15e-05 5.55e-02 1.82e-04   0.0
        g_in_ieee_from_ieee_a (fNToRecFN_1_487) 5.17e-04 3.99e-04    0.311 1.23e-03   0.0
          clz (bsg_counting_leading_zeros_1_487) 9.33e-05 6.88e-05 6.83e-02 2.30e-04   0.0
            lzc (VX_lzc_1_487)         3.99e-05 5.34e-05 5.55e-02 1.49e-04   0.0
              g_lzc_find_first (VX_find_first_10_4_1_487) 3.99e-05 5.34e-05 5.55e-02 1.49e-04   0.0
      g_prod_3__pipe_mult (VX_pipe_register_1_244) 2.60e-03 1.16e-02    0.477 1.46e-02   0.0
        g_shift_register (VX_shift_register_33_0_1_0_244) 2.60e-03 1.16e-02    0.477 1.46e-02   0.0
      g_prod_3__fp16_mul (VX_tcu_bhf_fmul_244) 2.51e-02 4.90e-02    5.428 7.96e-02   0.1
        pipe_rnd (VX_pipe_register_4_461) 3.88e-03 1.16e-02    0.477 1.59e-02   0.0
          g_shift_register (VX_shift_register_38_0_1_0_461) 3.88e-03 1.16e-02    0.477 1.59e-02   0.0
        rounding (roundAnyRawFNToRecFN_245) 3.31e-03 1.12e-03    0.274 4.70e-03   0.0
        pipe_add (VX_pipe_register_3_244) 4.95e-03 2.46e-02    1.028 3.06e-02   0.0
          g_shift_register (VX_shift_register_37_0_2_0_244) 4.95e-03 2.46e-02    1.028 3.06e-02   0.0
        multiplier (mulRecFNToFullRaw_244) 1.16e-02 1.08e-02    3.023 2.54e-02   0.0
          isSigNaN_b (isSigNaNRecFN_489) 6.83e-06 9.16e-06 4.68e-03 2.07e-05   0.0
          recFNToRawFN_b (recFNToRawFN_489) 9.76e-04 2.23e-04    0.129 1.33e-03   0.0
          isSigNaN_a (isSigNaNRecFN_490) 5.45e-06 6.99e-06 4.67e-03 1.71e-05   0.0
          recFNToRawFN_a (recFNToRawFN_490) 3.88e-04 1.67e-04    0.129 6.84e-04   0.0
        g_in_ieee_from_ieee_b (fNToRecFN_1_488) 7.69e-04 5.29e-04    0.313 1.61e-03   0.0
          clz (bsg_counting_leading_zeros_1_488) 1.21e-04 9.15e-05 6.83e-02 2.81e-04   0.0
            lzc (VX_lzc_1_488)         1.21e-04 9.15e-05 6.83e-02 2.81e-04   0.0
              g_lzc_find_first (VX_find_first_10_4_1_488) 5.49e-05 7.20e-05 5.55e-02 1.82e-04   0.0
        g_in_ieee_from_ieee_a (fNToRecFN_1_489) 6.03e-04 4.02e-04    0.313 1.32e-03   0.0
          clz (bsg_counting_leading_zeros_1_489) 9.54e-05 6.86e-05 6.84e-02 2.32e-04   0.0
            lzc (VX_lzc_1_489)         9.54e-05 6.86e-05 6.84e-02 2.32e-04   0.0
              g_lzc_find_first (VX_find_first_10_4_1_489) 4.02e-05 5.31e-05 5.55e-02 1.49e-04   0.0
      g_prod_2__pipe_mult (VX_pipe_register_1_245) 2.91e-03 1.16e-02    0.477 1.50e-02   0.0
        g_shift_register (VX_shift_register_33_0_1_0_245) 2.91e-03 1.16e-02    0.477 1.50e-02   0.0
      g_prod_2__fp16_mul (VX_tcu_bhf_fmul_245) 2.36e-02 4.90e-02    5.428 7.79e-02   0.1
        pipe_rnd (VX_pipe_register_4_462) 3.18e-03 1.16e-02    0.477 1.52e-02   0.0
          g_shift_register (VX_shift_register_38_0_1_0_462) 3.18e-03 1.16e-02    0.477 1.52e-02   0.0
        rounding (roundAnyRawFNToRecFN_246) 2.22e-03 1.12e-03    0.273 3.61e-03   0.0
        pipe_add (VX_pipe_register_3_245) 5.14e-03 2.46e-02    1.028 3.08e-02   0.0
          g_shift_register (VX_shift_register_37_0_2_0_245) 5.14e-03 2.46e-02    1.028 3.08e-02   0.0
        multiplier (mulRecFNToFullRaw_245) 1.17e-02 1.08e-02    3.023 2.54e-02   0.0
          isSigNaN_b (isSigNaNRecFN_491) 5.47e-06 8.86e-06 4.71e-03 1.90e-05   0.0
          recFNToRawFN_b (recFNToRawFN_491) 1.18e-03 2.21e-04    0.129 1.53e-03   0.0
          isSigNaN_a (isSigNaNRecFN_492) 4.26e-06 7.14e-06 4.72e-03 1.61e-05   0.0
          recFNToRawFN_a (recFNToRawFN_492) 3.79e-04 1.68e-04    0.129 6.75e-04   0.0
        g_in_ieee_from_ieee_b (fNToRecFN_1_490) 7.67e-04 5.25e-04    0.313 1.61e-03   0.0
          clz (bsg_counting_leading_zeros_1_490) 1.19e-04 9.15e-05 6.84e-02 2.79e-04   0.0
            lzc (VX_lzc_1_490)         1.19e-04 9.15e-05 6.84e-02 2.79e-04   0.0
              g_lzc_find_first (VX_find_first_10_4_1_490) 5.49e-05 7.21e-05 5.56e-02 1.83e-04   0.0
        g_in_ieee_from_ieee_a (fNToRecFN_1_491) 6.01e-04 4.01e-04    0.313 1.32e-03   0.0
          clz (bsg_counting_leading_zeros_1_491) 9.21e-05 6.86e-05 6.86e-02 2.29e-04   0.0
            lzc (VX_lzc_1_491)         9.21e-05 6.86e-05 6.86e-02 2.29e-04   0.0
              g_lzc_find_first (VX_find_first_10_4_1_491) 4.07e-05 5.32e-05 5.57e-02 1.50e-04   0.0
      g_prod_1__pipe_mult (VX_pipe_register_1_246) 2.25e-03 1.16e-02    0.477 1.43e-02   0.0
        g_shift_register (VX_shift_register_33_0_1_0_246) 2.25e-03 1.16e-02    0.477 1.43e-02   0.0
      g_prod_1__fp16_mul (VX_tcu_bhf_fmul_246) 1.82e-02 4.89e-02    5.408 7.26e-02   0.1
        pipe_rnd (VX_pipe_register_4_463) 1.96e-03 1.16e-02    0.477 1.40e-02   0.0
          g_shift_register (VX_shift_register_38_0_1_0_463) 1.96e-03 1.16e-02    0.477 1.40e-02   0.0
        rounding (roundAnyRawFNToRecFN_247) 9.07e-04 1.11e-03    0.271 2.29e-03   0.0
        pipe_add (VX_pipe_register_3_246) 3.97e-03 2.46e-02    1.028 2.96e-02   0.0
          g_shift_register (VX_shift_register_37_0_2_0_246) 3.97e-03 2.46e-02    1.028 2.96e-02   0.0
        multiplier (mulRecFNToFullRaw_246) 1.02e-02 1.08e-02    3.008 2.40e-02   0.0
          isSigNaN_b (isSigNaNRecFN_493) 4.83e-06 8.99e-06 4.72e-03 1.85e-05   0.0
          recFNToRawFN_b (recFNToRawFN_493) 6.93e-04 2.22e-04    0.129 1.04e-03   0.0
          isSigNaN_a (isSigNaNRecFN_494) 4.22e-06 7.16e-06 4.69e-03 1.61e-05   0.0
          recFNToRawFN_a (recFNToRawFN_494) 3.21e-04 1.67e-04    0.129 6.18e-04   0.0
        g_in_ieee_from_ieee_b (fNToRecFN_1_492) 6.76e-04 5.28e-04    0.313 1.52e-03   0.0
          clz (bsg_counting_leading_zeros_1_492) 1.19e-04 9.11e-05 6.84e-02 2.79e-04   0.0
            lzc (VX_lzc_1_492)         1.19e-04 9.11e-05 6.84e-02 2.79e-04   0.0
              g_lzc_find_first (VX_find_first_10_4_1_492) 5.57e-05 7.18e-05 5.55e-02 1.83e-04   0.0
        g_in_ieee_from_ieee_a (fNToRecFN_1_493) 5.05e-04 3.97e-04    0.311 1.21e-03   0.0
          clz (bsg_counting_leading_zeros_1_493) 9.05e-05 6.80e-05 6.83e-02 2.27e-04   0.0
            lzc (VX_lzc_1_493)         9.05e-05 6.80e-05 6.83e-02 2.27e-04   0.0
              g_lzc_find_first (VX_find_first_10_4_1_493) 3.96e-05 5.30e-05 5.55e-02 1.48e-04   0.0
      g_prod_0__pipe_mult (VX_pipe_register_1_247) 2.94e-03 1.16e-02    0.477 1.50e-02   0.0
        g_shift_register (VX_shift_register_33_0_1_0_247) 2.94e-03 1.16e-02    0.477 1.50e-02   0.0
      g_prod_0__fp16_mul (VX_tcu_bhf_fmul_247) 2.06e-02 4.89e-02    5.427 7.49e-02   0.1
        pipe_rnd (VX_pipe_register_4_464) 3.44e-03 1.16e-02    0.477 1.55e-02   0.0
          g_shift_register (VX_shift_register_38_0_1_0_464) 3.44e-03 1.16e-02    0.477 1.55e-02   0.0
        rounding (roundAnyRawFNToRecFN_248) 1.01e-03 1.10e-03    0.271 2.39e-03   0.0
        pipe_add (VX_pipe_register_3_247) 4.12e-03 2.46e-02    1.028 2.97e-02   0.0
          g_shift_register (VX_shift_register_37_0_2_0_247) 4.12e-03 2.46e-02    1.028 2.97e-02   0.0
        multiplier (mulRecFNToFullRaw_247) 1.08e-02 1.07e-02    3.023 2.45e-02   0.0
          isSigNaN_b (isSigNaNRecFN_495) 4.68e-06 8.82e-06 4.72e-03 1.82e-05   0.0
          recFNToRawFN_b (recFNToRawFN_495) 7.10e-04 2.20e-04    0.129 1.06e-03   0.0
          isSigNaN_a (isSigNaNRecFN_496) 4.09e-06 7.09e-06 4.70e-03 1.59e-05   0.0
          recFNToRawFN_a (recFNToRawFN_496) 3.36e-04 1.64e-04    0.129 6.30e-04   0.0
        g_in_ieee_from_ieee_b (fNToRecFN_1_494) 6.69e-04 5.23e-04    0.313 1.51e-03   0.0
          clz (bsg_counting_leading_zeros_1_494) 1.18e-04 9.00e-05 6.85e-02 2.77e-04   0.0
            lzc (VX_lzc_1_494)         1.18e-04 9.00e-05 6.85e-02 2.77e-04   0.0
              g_lzc_find_first (VX_find_first_10_4_1_494) 5.45e-05 7.08e-05 5.56e-02 1.81e-04   0.0
        g_in_ieee_from_ieee_a (fNToRecFN_1_495) 5.39e-04 3.94e-04    0.313 1.25e-03   0.0
          clz (bsg_counting_leading_zeros_1_495) 9.25e-05 6.76e-05 6.84e-02 2.28e-04   0.0
            lzc (VX_lzc_1_495)         9.25e-05 6.76e-05 6.84e-02 2.28e-04   0.0
              g_lzc_find_first (VX_find_first_10_4_1_495) 4.09e-05 5.25e-05 5.56e-02 1.49e-04   0.0
    g_i_0__g_j_1__genblk1_u_buffer_ex (VX_pipe_register_36) 1.66e-02 9.43e-02    4.324    0.115   0.2
      g_shift_register (VX_shift_register_582_0_1_0_30) 1.66e-02 9.43e-02    4.324    0.115   0.2
    g_i_0__g_j_0__fedp (VX_tcu_fedp_bhf_31)    0.688    1.219  116.952    2.024   2.8
      final_add (VX_tcu_bhf_fadd_1_31) 5.91e-02 6.75e-02    8.571    0.135   0.2
        pipe_rnd (VX_pipe_register_6_31) 8.17e-03 1.16e-02    0.491 2.02e-02   0.0
          g_shift_register (VX_shift_register_37_0_1_0_31) 8.17e-03 1.16e-02    0.491 2.02e-02   0.0
        g_out_ieee_to_ieee (recFNToFN_31) 6.34e-03 3.06e-03    0.804 1.02e-02   0.0
          recFNToRawFN (recFNToRawFN_1_527) 1.70e-03 8.47e-04    0.232 2.77e-03   0.0
        rounding (roundAnyRawFNToRecFN_1_248) 1.06e-02 3.07e-03    1.253 1.50e-02   0.0
          genblk2_genblk1_lowMask_roundMask (lowMaskLoHi_248) 2.42e-04 1.42e-04    0.302 6.87e-04   0.0
            reverse (reverse_2_248)    6.70e-06 2.55e-06    0.154 1.63e-04   0.0
        pipe_add (VX_pipe_register_5_248) 9.20e-03 3.05e-02    1.265 4.10e-02   0.1
          g_shift_register (VX_shift_register_45_0_2_0_248) 9.20e-03 3.05e-02    1.265 4.10e-02   0.1
        adder (addRecFNToRaw_248)      2.48e-02 1.92e-02    4.751 4.88e-02   0.1
          lowMask_far_roundExtraMask (lowMaskHiLo_248) 3.92e-05 7.93e-05 8.05e-02 1.99e-04   0.0
            reverse (reverse_1_248)    1.80e-05 3.72e-05 5.04e-02 1.06e-04   0.0
          compressBy4_far_sigSmaller (compressBy4_248) 6.42e-05 1.79e-04 4.47e-02 2.88e-04   0.0
          countLeadingZeros_close (countLeadingZeros_248) 5.48e-04 4.63e-04    0.163 1.17e-03   0.0
            reverse_in (reverse_250)   2.76e-04 3.14e-04 9.01e-02 6.80e-04   0.0
          compressBy2_close_sigSum (compressBy2_248) 2.10e-04 3.40e-04 6.60e-02 6.16e-04   0.0
          isSigNaN_b (isSigNaNRecFN_1_496) 3.26e-06 5.07e-06 4.51e-03 1.28e-05   0.0
          recFNToRawFN_b (recFNToRawFN_1_528) 6.90e-04 2.72e-04    0.236 1.20e-03   0.0
          isSigNaN_a (isSigNaNRecFN_1_497) 7.01e-06 1.26e-05 4.72e-03 2.43e-05   0.0
          recFNToRawFN_a (recFNToRawFN_1_529) 1.28e-03 8.04e-04    0.232 2.31e-03   0.0
      pipe_c (VX_pipe_register_2_31)   1.98e-02    0.139    6.433    0.165   0.2
        g_shift_register (VX_shift_register_33_0_13_0_31) 1.98e-02    0.139    6.433    0.165   0.2
      conv_c (fNToRecFN_32)            1.93e-03 9.16e-04    0.756 3.60e-03   0.0
        clz (bsg_counting_leading_zeros_32) 1.10e-04 1.10e-04    0.119 3.39e-04   0.0
          lzc (VX_lzc_32)              1.10e-04 1.10e-04    0.119 3.39e-04   0.0
            g_lzc_find_first (VX_find_first_23_5_1_31) 9.62e-05 1.07e-04    0.107 3.10e-04   0.0
      g_red_tree_2__g_add_0__reduce_add (VX_tcu_bhf_fadd_218) 5.28e-02 7.59e-02    7.747    0.136   0.2
        pipe_rnd (VX_pipe_register_4_465) 3.04e-03 1.26e-02    0.504 1.61e-02   0.0
          g_shift_register (VX_shift_register_38_0_1_0_465) 3.04e-03 1.26e-02    0.504 1.61e-02   0.0
        rounding (roundAnyRawFNToRecFN_1_249) 5.90e-03 3.70e-03    1.205 1.08e-02   0.0
          genblk2_genblk1_lowMask_roundMask (lowMaskLoHi_249) 2.66e-04 1.45e-04    0.302 7.12e-04   0.0
            reverse (reverse_2_249)    1.33e-05 5.42e-06    0.154 1.72e-04   0.0
        pipe_add (VX_pipe_register_5_249) 7.29e-03 3.16e-02    1.265 4.02e-02   0.1
          g_shift_register (VX_shift_register_45_0_2_0_249) 7.29e-03 3.16e-02    1.265 4.02e-02   0.1
        adder (addRecFNToRaw_249)      3.66e-02 2.80e-02    4.773 6.94e-02   0.1
          lowMask_far_roundExtraMask (lowMaskHiLo_249) 1.61e-04 2.95e-04 8.09e-02 5.37e-04   0.0
            reverse (reverse_1_249)    7.30e-05 1.44e-04 4.72e-02 2.64e-04   0.0
          compressBy4_far_sigSmaller (compressBy4_249) 8.37e-05 3.64e-04 4.78e-02 4.95e-04   0.0
          countLeadingZeros_close (countLeadingZeros_249) 5.94e-04 5.32e-04    0.163 1.29e-03   0.0
            reverse_in (reverse_251)   3.03e-04 3.69e-04 8.96e-02 7.61e-04   0.0
          compressBy2_close_sigSum (compressBy2_249) 2.29e-04 4.00e-04 6.61e-02 6.95e-04   0.0
          isSigNaN_b (isSigNaNRecFN_1_498) 4.07e-06 8.19e-06 4.17e-03 1.64e-05   0.0
          recFNToRawFN_b (recFNToRawFN_1_530) 2.65e-03 9.05e-04    0.233 3.79e-03   0.0
          isSigNaN_a (isSigNaNRecFN_1_499) 4.44e-06 8.19e-06 4.16e-03 1.68e-05   0.0
          recFNToRawFN_a (recFNToRawFN_1_531) 1.64e-03 8.96e-04    0.233 2.76e-03   0.0
      g_red_tree_1__g_add_1__reduce_add (VX_tcu_bhf_fadd_219) 6.51e-02 7.70e-02    7.825    0.150   0.2
        pipe_rnd (VX_pipe_register_4_466) 4.59e-03 1.29e-02    0.505 1.80e-02   0.0
          g_shift_register (VX_shift_register_38_0_1_0_466) 4.59e-03 1.29e-02    0.505 1.80e-02   0.0
        rounding (roundAnyRawFNToRecFN_1_250) 1.02e-02 4.04e-03    1.272 1.55e-02   0.0
          genblk2_genblk1_lowMask_roundMask (lowMaskLoHi_250) 2.63e-04 1.49e-04    0.303 7.15e-04   0.0
            reverse (reverse_2_250)    1.37e-05 5.42e-06    0.153 1.73e-04   0.0
        pipe_add (VX_pipe_register_5_250) 1.20e-02 3.18e-02    1.266 4.51e-02   0.1
          g_shift_register (VX_shift_register_45_0_2_0_250) 1.20e-02 3.18e-02    1.266 4.51e-02   0.1
        adder (addRecFNToRaw_250)      3.83e-02 2.82e-02    4.783 7.13e-02   0.1
          lowMask_far_roundExtraMask (lowMaskHiLo_250) 1.53e-04 2.71e-04 8.07e-02 5.05e-04   0.0
            reverse (reverse_1_250)    5.86e-05 1.30e-04 4.69e-02 2.36e-04   0.0
          compressBy4_far_sigSmaller (compressBy4_250) 7.81e-05 3.43e-04 4.63e-02 4.67e-04   0.0
          countLeadingZeros_close (countLeadingZeros_250) 5.73e-04 5.18e-04    0.163 1.25e-03   0.0
            reverse_in (reverse_252)   3.06e-04 3.64e-04 8.97e-02 7.59e-04   0.0
          compressBy2_close_sigSum (compressBy2_250) 1.86e-04 3.93e-04 6.62e-02 6.45e-04   0.0
          isSigNaN_b (isSigNaNRecFN_1_500) 5.31e-06 9.38e-06 4.38e-03 1.91e-05   0.0
          recFNToRawFN_b (recFNToRawFN_1_532) 2.99e-03 9.36e-04    0.234 4.16e-03   0.0
          isSigNaN_a (isSigNaNRecFN_1_501) 6.54e-06 9.49e-06 4.39e-03 2.04e-05   0.0
          recFNToRawFN_a (recFNToRawFN_1_533) 2.53e-03 9.52e-04    0.234 3.72e-03   0.0
      g_red_tree_1__g_add_0__reduce_add (VX_tcu_bhf_fadd_220) 5.53e-02 7.65e-02    7.767    0.140   0.2
        pipe_rnd (VX_pipe_register_4_467) 2.77e-03 1.29e-02    0.505 1.61e-02   0.0
          g_shift_register (VX_shift_register_38_0_1_0_467) 2.77e-03 1.29e-02    0.505 1.61e-02   0.0
        rounding (roundAnyRawFNToRecFN_1_251) 5.91e-03 3.85e-03    1.218 1.10e-02   0.0
          genblk2_genblk1_lowMask_roundMask (lowMaskLoHi_251) 2.49e-04 1.50e-04    0.303 7.01e-04   0.0
            reverse (reverse_2_251)    1.44e-05 5.43e-06    0.153 1.73e-04   0.0
        pipe_add (VX_pipe_register_5_251) 8.36e-03 3.17e-02    1.266 4.14e-02   0.1
          g_shift_register (VX_shift_register_45_0_2_0_251) 8.36e-03 3.17e-02    1.266 4.14e-02   0.1
        adder (addRecFNToRaw_251)      3.83e-02 2.81e-02    4.779 7.12e-02   0.1
          lowMask_far_roundExtraMask (lowMaskHiLo_251) 1.60e-04 2.71e-04 8.07e-02 5.12e-04   0.0
            reverse (reverse_1_251)    7.76e-05 1.30e-04 4.69e-02 2.55e-04   0.0
          compressBy4_far_sigSmaller (compressBy4_251) 5.98e-05 3.43e-04 4.63e-02 4.49e-04   0.0
          countLeadingZeros_close (countLeadingZeros_251) 5.78e-04 5.21e-04    0.163 1.26e-03   0.0
            reverse_in (reverse_253)   3.01e-04 3.64e-04 8.98e-02 7.54e-04   0.0
          compressBy2_close_sigSum (compressBy2_251) 1.78e-04 3.92e-04 6.62e-02 6.37e-04   0.0
          isSigNaN_b (isSigNaNRecFN_1_502) 4.52e-06 9.37e-06 4.40e-03 1.83e-05   0.0
          recFNToRawFN_b (recFNToRawFN_1_534) 2.99e-03 9.31e-04    0.234 4.16e-03   0.0
          isSigNaN_a (isSigNaNRecFN_1_503) 7.55e-06 9.09e-06 4.36e-03 2.10e-05   0.0
          recFNToRawFN_a (recFNToRawFN_1_535) 1.23e-03 9.14e-04    0.234 2.38e-03   0.0
      g_red_tree_0__g_add_3__reduce_add (VX_tcu_bhf_fadd_221) 6.65e-02 7.46e-02    7.660    0.149   0.2
        pipe_rnd (VX_pipe_register_4_468) 5.48e-03 1.30e-02    0.505 1.90e-02   0.0
          g_shift_register (VX_shift_register_38_0_1_0_468) 5.48e-03 1.30e-02    0.505 1.90e-02   0.0
        rounding (roundAnyRawFNToRecFN_1_252) 1.32e-02 4.01e-03    1.289 1.85e-02   0.0
          genblk2_genblk1_lowMask_roundMask (lowMaskLoHi_252) 2.42e-04 1.51e-04    0.304 6.97e-04   0.0
            reverse (reverse_2_252)    1.33e-05 5.42e-06    0.153 1.72e-04   0.0
        pipe_add (VX_pipe_register_5_252) 1.59e-02 3.23e-02    1.268 4.94e-02   0.1
          g_shift_register (VX_shift_register_45_0_2_0_252) 1.59e-02 3.23e-02    1.268 4.94e-02   0.1
        adder (addRecFNToRaw_252)      3.19e-02 2.52e-02    4.590 6.18e-02   0.1
          lowMask_far_roundExtraMask (lowMaskHiLo_252) 1.26e-04 2.22e-04 6.92e-02 4.17e-04   0.0
            reverse (reverse_1_252)    7.19e-05 1.08e-04 3.99e-02 2.19e-04   0.0
          compressBy4_far_sigSmaller (compressBy4_252) 5.57e-05 2.46e-04 4.07e-02 3.42e-04   0.0
          countLeadingZeros_close (countLeadingZeros_252) 5.50e-04 5.00e-04    0.156 1.21e-03   0.0
            reverse_in (reverse_254)   2.87e-04 3.03e-04 8.27e-02 6.73e-04   0.0
          compressBy2_close_sigSum (compressBy2_252) 1.76e-04 3.28e-04 6.15e-02 5.65e-04   0.0
          isSigNaN_b (isSigNaNRecFN_1_504) 6.53e-06 1.09e-05 4.87e-03 2.23e-05   0.0
          recFNToRawFN_b (recFNToRawFN_1_536) 2.12e-03 7.51e-04    0.221 3.09e-03   0.0
          isSigNaN_a (isSigNaNRecFN_1_505) 6.59e-06 1.09e-05 4.86e-03 2.24e-05   0.0
          recFNToRawFN_a (recFNToRawFN_1_537) 1.62e-03 7.53e-04    0.221 2.60e-03   0.0
      g_red_tree_0__g_add_2__reduce_add (VX_tcu_bhf_fadd_222) 6.58e-02 7.46e-02    7.734    0.148   0.2
        pipe_rnd (VX_pipe_register_4_469) 7.24e-03 1.31e-02    0.505 2.08e-02   0.0
          g_shift_register (VX_shift_register_38_0_1_0_469) 7.24e-03 1.31e-02    0.505 2.08e-02   0.0
        rounding (roundAnyRawFNToRecFN_1_253) 1.63e-02 4.16e-03    1.367 2.18e-02   0.0
          genblk2_genblk1_lowMask_roundMask (lowMaskLoHi_253) 2.43e-04 1.52e-04    0.303 6.98e-04   0.0
            reverse (reverse_2_253)    1.41e-05 5.42e-06    0.153 1.73e-04   0.0
        pipe_add (VX_pipe_register_5_253) 1.11e-02 3.22e-02    1.268 4.46e-02   0.1
          g_shift_register (VX_shift_register_45_0_2_0_253) 1.11e-02 3.22e-02    1.268 4.46e-02   0.1
        adder (addRecFNToRaw_253)      3.12e-02 2.52e-02    4.586 6.10e-02   0.1
          lowMask_far_roundExtraMask (lowMaskHiLo_253) 1.13e-04 2.24e-04 6.92e-02 4.07e-04   0.0
            reverse (reverse_1_253)    5.41e-05 1.08e-04 3.99e-02 2.02e-04   0.0
          compressBy4_far_sigSmaller (compressBy4_253) 3.93e-05 2.45e-04 4.07e-02 3.25e-04   0.0
          countLeadingZeros_close (countLeadingZeros_253) 5.55e-04 4.99e-04    0.156 1.21e-03   0.0
            reverse_in (reverse_255)   2.91e-04 3.02e-04 8.27e-02 6.77e-04   0.0
          compressBy2_close_sigSum (compressBy2_253) 1.79e-04 3.28e-04 6.15e-02 5.69e-04   0.0
          isSigNaN_b (isSigNaNRecFN_1_506) 7.78e-06 1.10e-05 4.87e-03 2.37e-05   0.0
          recFNToRawFN_b (recFNToRawFN_1_538) 2.01e-03 7.64e-04    0.221 2.99e-03   0.0
          isSigNaN_a (isSigNaNRecFN_1_507) 1.01e-05 1.12e-05 4.89e-03 2.61e-05   0.0
          recFNToRawFN_a (recFNToRawFN_1_539) 1.68e-03 7.52e-04    0.221 2.66e-03   0.0
      g_red_tree_0__g_add_1__reduce_add (VX_tcu_bhf_fadd_223) 6.28e-02 7.45e-02    7.651    0.145   0.2
        pipe_rnd (VX_pipe_register_4_470) 5.25e-03 1.31e-02    0.505 1.88e-02   0.0
          g_shift_register (VX_shift_register_38_0_1_0_470) 5.25e-03 1.31e-02    0.505 1.88e-02   0.0
        rounding (roundAnyRawFNToRecFN_1_254) 1.41e-02 4.01e-03    1.290 1.94e-02   0.0
          genblk2_genblk1_lowMask_roundMask (lowMaskLoHi_254) 2.52e-04 1.54e-04    0.303 7.09e-04   0.0
            reverse (reverse_2_254)    1.38e-05 5.42e-06    0.153 1.73e-04   0.0
        pipe_add (VX_pipe_register_5_254) 1.12e-02 3.22e-02    1.268 4.47e-02   0.1
          g_shift_register (VX_shift_register_45_0_2_0_254) 1.12e-02 3.22e-02    1.268 4.47e-02   0.1
        adder (addRecFNToRaw_254)      3.23e-02 2.52e-02    4.588 6.21e-02   0.1
          lowMask_far_roundExtraMask (lowMaskHiLo_254) 1.18e-04 2.21e-04 6.92e-02 4.08e-04   0.0
            reverse (reverse_1_254)    5.25e-05 1.07e-04 3.98e-02 1.99e-04   0.0
          compressBy4_far_sigSmaller (compressBy4_254) 4.27e-05 2.46e-04 4.08e-02 3.29e-04   0.0
          countLeadingZeros_close (countLeadingZeros_254) 5.53e-04 5.00e-04    0.156 1.21e-03   0.0
            reverse_in (reverse_256)   2.91e-04 3.03e-04 8.26e-02 6.76e-04   0.0
          compressBy2_close_sigSum (compressBy2_254) 1.88e-04 3.28e-04 6.15e-02 5.77e-04   0.0
          isSigNaN_b (isSigNaNRecFN_1_508) 5.63e-06 1.13e-05 4.87e-03 2.18e-05   0.0
          recFNToRawFN_b (recFNToRawFN_1_540) 2.22e-03 7.51e-04    0.221 3.20e-03   0.0
          isSigNaN_a (isSigNaNRecFN_1_509) 7.29e-06 1.13e-05 4.88e-03 2.34e-05   0.0
          recFNToRawFN_a (recFNToRawFN_1_541) 1.89e-03 7.47e-04    0.221 2.85e-03   0.0
      g_red_tree_0__g_add_0__reduce_add (VX_tcu_bhf_fadd_224) 4.70e-02 7.41e-02    7.577    0.129   0.2
        pipe_rnd (VX_pipe_register_4_471) 2.75e-03 1.29e-02    0.505 1.62e-02   0.0
          g_shift_register (VX_shift_register_38_0_1_0_471) 2.75e-03 1.29e-02    0.505 1.62e-02   0.0
        rounding (roundAnyRawFNToRecFN_1_255) 5.97e-03 3.81e-03    1.229 1.10e-02   0.0
          genblk2_genblk1_lowMask_roundMask (lowMaskLoHi_255) 2.47e-04 1.51e-04    0.303 7.02e-04   0.0
            reverse (reverse_2_255)    1.31e-05 5.41e-06    0.153 1.72e-04   0.0
        pipe_add (VX_pipe_register_5_255) 7.34e-03 3.22e-02    1.268 4.08e-02   0.1
          g_shift_register (VX_shift_register_45_0_2_0_255) 7.34e-03 3.22e-02    1.268 4.08e-02   0.1
        adder (addRecFNToRaw_255)      3.09e-02 2.52e-02    4.575 6.07e-02   0.1
          lowMask_far_roundExtraMask (lowMaskHiLo_255) 1.17e-04 2.23e-04 6.92e-02 4.09e-04   0.0
            reverse (reverse_1_255)    5.65e-05 1.07e-04 3.99e-02 2.04e-04   0.0
          compressBy4_far_sigSmaller (compressBy4_255) 4.04e-05 2.46e-04 4.07e-02 3.27e-04   0.0
          countLeadingZeros_close (countLeadingZeros_255) 5.50e-04 5.03e-04    0.156 1.21e-03   0.0
            reverse_in (reverse_257)   2.86e-04 3.05e-04 8.26e-02 6.73e-04   0.0
          compressBy2_close_sigSum (compressBy2_255) 1.35e-04 3.29e-04 6.15e-02 5.25e-04   0.0
          isSigNaN_b (isSigNaNRecFN_1_510) 5.81e-06 1.08e-05 4.85e-03 2.15e-05   0.0
          recFNToRawFN_b (recFNToRawFN_1_542) 1.93e-03 7.55e-04    0.221 2.91e-03   0.0
          isSigNaN_a (isSigNaNRecFN_1_511) 6.30e-06 1.07e-05 4.84e-03 2.18e-05   0.0
          recFNToRawFN_a (recFNToRawFN_1_543) 1.91e-03 7.55e-04    0.221 2.89e-03   0.0
      g_prod_7__pipe_mult (VX_pipe_register_1_248) 2.71e-03 1.16e-02    0.477 1.47e-02   0.0
        g_shift_register (VX_shift_register_33_0_1_0_248) 2.71e-03 1.16e-02    0.477 1.47e-02   0.0
      g_prod_7__fp16_mul (VX_tcu_bhf_fmul_248) 2.06e-02 4.90e-02    5.411 7.50e-02   0.1
        pipe_rnd (VX_pipe_register_4_472) 3.13e-03 1.16e-02    0.477 1.52e-02   0.0
          g_shift_register (VX_shift_register_38_0_1_0_472) 3.13e-03 1.16e-02    0.477 1.52e-02   0.0
        rounding (roundAnyRawFNToRecFN_249) 1.39e-03 1.11e-03    0.273 2.78e-03   0.0
        pipe_add (VX_pipe_register_3_248) 4.13e-03 2.46e-02    1.028 2.98e-02   0.0
          g_shift_register (VX_shift_register_37_0_2_0_248) 4.13e-03 2.46e-02    1.028 2.98e-02   0.0
        multiplier (mulRecFNToFullRaw_248) 1.07e-02 1.08e-02    3.008 2.45e-02   0.0
          isSigNaN_b (isSigNaNRecFN_497) 4.72e-06 8.95e-06 4.72e-03 1.84e-05   0.0
          recFNToRawFN_b (recFNToRawFN_497) 7.05e-04 2.21e-04    0.129 1.06e-03   0.0
          isSigNaN_a (isSigNaNRecFN_498) 3.83e-06 6.98e-06 4.67e-03 1.55e-05   0.0
          recFNToRawFN_a (recFNToRawFN_498) 3.37e-04 1.66e-04    0.129 6.32e-04   0.0
        g_in_ieee_from_ieee_b (fNToRecFN_1_496) 6.40e-04 5.24e-04    0.312 1.48e-03   0.0
          clz (bsg_counting_leading_zeros_1_496) 1.20e-04 9.04e-05 6.84e-02 2.79e-04   0.0
            lzc (VX_lzc_1_496)         8.36e-05 7.93e-05 6.19e-02 2.25e-04   0.0
              g_lzc_find_first (VX_find_first_10_4_1_496) 5.37e-05 7.08e-05 5.55e-02 1.80e-04   0.0
        g_in_ieee_from_ieee_a (fNToRecFN_1_497) 5.92e-04 4.04e-04    0.313 1.31e-03   0.0
          clz (bsg_counting_leading_zeros_1_497) 9.60e-05 7.03e-05 6.83e-02 2.35e-04   0.0
            lzc (VX_lzc_1_497)         6.43e-05 6.15e-05 6.18e-02 1.88e-04   0.0
              g_lzc_find_first (VX_find_first_10_4_1_497) 4.13e-05 5.46e-05 5.55e-02 1.51e-04   0.0
      g_prod_6__pipe_mult (VX_pipe_register_1_249) 2.31e-03 1.16e-02    0.477 1.44e-02   0.0
        g_shift_register (VX_shift_register_33_0_1_0_249) 2.31e-03 1.16e-02    0.477 1.44e-02   0.0
      g_prod_6__fp16_mul (VX_tcu_bhf_fmul_249) 1.90e-02 4.90e-02    5.412 7.34e-02   0.1
        pipe_rnd (VX_pipe_register_4_473) 2.01e-03 1.16e-02    0.477 1.40e-02   0.0
          g_shift_register (VX_shift_register_38_0_1_0_473) 2.01e-03 1.16e-02    0.477 1.40e-02   0.0
        rounding (roundAnyRawFNToRecFN_250) 1.13e-03 1.12e-03    0.271 2.52e-03   0.0
        pipe_add (VX_pipe_register_3_249) 4.20e-03 2.46e-02    1.028 2.98e-02   0.0
          g_shift_register (VX_shift_register_37_0_2_0_249) 4.20e-03 2.46e-02    1.028 2.98e-02   0.0
        multiplier (mulRecFNToFullRaw_249) 1.04e-02 1.08e-02    3.009 2.42e-02   0.0
          isSigNaN_b (isSigNaNRecFN_499) 5.11e-06 9.24e-06 4.70e-03 1.90e-05   0.0
          recFNToRawFN_b (recFNToRawFN_499) 7.29e-04 2.22e-04    0.129 1.08e-03   0.0
          isSigNaN_a (isSigNaNRecFN_500) 3.77e-06 7.14e-06 4.75e-03 1.57e-05   0.0
          recFNToRawFN_a (recFNToRawFN_500) 3.33e-04 1.66e-04    0.129 6.28e-04   0.0
        g_in_ieee_from_ieee_b (fNToRecFN_1_498) 6.85e-04 5.31e-04    0.313 1.53e-03   0.0
          clz (bsg_counting_leading_zeros_1_498) 1.18e-04 9.22e-05 6.85e-02 2.79e-04   0.0
            lzc (VX_lzc_1_498)         9.02e-05 8.36e-05 6.21e-02 2.36e-04   0.0
              g_lzc_find_first (VX_find_first_10_4_1_498) 5.33e-05 7.26e-05 5.56e-02 1.82e-04   0.0
        g_in_ieee_from_ieee_a (fNToRecFN_1_499) 5.64e-04 4.05e-04    0.313 1.28e-03   0.0
          clz (bsg_counting_leading_zeros_1_499) 9.63e-05 7.01e-05 6.85e-02 2.35e-04   0.0
            lzc (VX_lzc_1_499)         7.23e-05 6.31e-05 6.22e-02 1.98e-04   0.0
              g_lzc_find_first (VX_find_first_10_4_1_499) 4.19e-05 5.43e-05 5.56e-02 1.52e-04   0.0
      g_prod_5__pipe_mult (VX_pipe_register_1_250) 2.02e-03 1.16e-02    0.477 1.41e-02   0.0
        g_shift_register (VX_shift_register_33_0_1_0_250) 2.02e-03 1.16e-02    0.477 1.41e-02   0.0
      g_prod_5__fp16_mul (VX_tcu_bhf_fmul_250) 1.87e-02 4.90e-02    5.412 7.31e-02   0.1
        pipe_rnd (VX_pipe_register_4_474) 2.20e-03 1.16e-02    0.477 1.42e-02   0.0
          g_shift_register (VX_shift_register_38_0_1_0_474) 2.20e-03 1.16e-02    0.477 1.42e-02   0.0
        rounding (roundAnyRawFNToRecFN_251) 7.20e-04 1.10e-03    0.272 2.09e-03   0.0
        pipe_add (VX_pipe_register_3_250) 3.81e-03 2.46e-02    1.028 2.94e-02   0.0
          g_shift_register (VX_shift_register_37_0_2_0_250) 3.81e-03 2.46e-02    1.028 2.94e-02   0.0
        multiplier (mulRecFNToFullRaw_250) 1.07e-02 1.08e-02    3.009 2.45e-02   0.0
          isSigNaN_b (isSigNaNRecFN_501) 4.54e-06 8.65e-06 4.68e-03 1.79e-05   0.0
          recFNToRawFN_b (recFNToRawFN_501) 1.02e-03 2.21e-04    0.129 1.37e-03   0.0
          isSigNaN_a (isSigNaNRecFN_502) 4.50e-06 7.03e-06 4.67e-03 1.62e-05   0.0
          recFNToRawFN_a (recFNToRawFN_502) 3.89e-04 1.68e-04    0.129 6.86e-04   0.0
        g_in_ieee_from_ieee_b (fNToRecFN_1_500) 6.99e-04 5.19e-04    0.313 1.53e-03   0.0
          clz (bsg_counting_leading_zeros_1_500) 1.15e-04 8.82e-05 6.83e-02 2.72e-04   0.0
            lzc (VX_lzc_1_500)         1.15e-04 8.82e-05 6.83e-02 2.72e-04   0.0
              g_lzc_find_first (VX_find_first_10_4_1_500) 5.27e-05 6.95e-05 5.54e-02 1.78e-04   0.0
        g_in_ieee_from_ieee_a (fNToRecFN_1_501) 6.17e-04 4.03e-04    0.313 1.33e-03   0.0
          clz (bsg_counting_leading_zeros_1_501) 9.34e-05 6.85e-05 6.83e-02 2.30e-04   0.0
            lzc (VX_lzc_1_501)         9.34e-05 6.85e-05 6.83e-02 2.30e-04   0.0
              g_lzc_find_first (VX_find_first_10_4_1_501) 4.15e-05 5.32e-05 5.55e-02 1.50e-04   0.0
      g_prod_4__pipe_mult (VX_pipe_register_1_251) 2.84e-03 1.16e-02    0.477 1.49e-02   0.0
        g_shift_register (VX_shift_register_33_0_1_0_251) 2.84e-03 1.16e-02    0.477 1.49e-02   0.0
      g_prod_4__fp16_mul (VX_tcu_bhf_fmul_251) 2.31e-02 4.90e-02    5.413 7.76e-02   0.1
        pipe_rnd (VX_pipe_register_4_475) 3.28e-03 1.16e-02    0.477 1.53e-02   0.0
          g_shift_register (VX_shift_register_38_0_1_0_475) 3.28e-03 1.16e-02    0.477 1.53e-02   0.0
        rounding (roundAnyRawFNToRecFN_252) 1.29e-03 1.11e-03    0.273 2.67e-03   0.0
        pipe_add (VX_pipe_register_3_251) 5.13e-03 2.46e-02    1.028 3.08e-02   0.0
          g_shift_register (VX_shift_register_37_0_2_0_251) 5.13e-03 2.46e-02    1.028 3.08e-02   0.0
        multiplier (mulRecFNToFullRaw_251) 1.23e-02 1.08e-02    3.008 2.61e-02   0.0
          isSigNaN_b (isSigNaNRecFN_503) 5.70e-06 8.75e-06 4.67e-03 1.91e-05   0.0
          recFNToRawFN_b (recFNToRawFN_503) 8.56e-04 2.23e-04    0.129 1.21e-03   0.0
          isSigNaN_a (isSigNaNRecFN_504) 3.93e-06 6.90e-06 4.67e-03 1.55e-05   0.0
          recFNToRawFN_a (recFNToRawFN_504) 3.43e-04 1.65e-04    0.129 6.37e-04   0.0
        g_in_ieee_from_ieee_b (fNToRecFN_1_502) 6.56e-04 5.30e-04    0.313 1.50e-03   0.0
          clz (bsg_counting_leading_zeros_1_502) 1.19e-04 9.17e-05 6.84e-02 2.79e-04   0.0
            lzc (VX_lzc_1_502)         8.92e-05 8.32e-05 6.20e-02 2.34e-04   0.0
              g_lzc_find_first (VX_find_first_10_4_1_502) 5.33e-05 7.22e-05 5.55e-02 1.81e-04   0.0
        g_in_ieee_from_ieee_a (fNToRecFN_1_503) 5.38e-04 3.99e-04    0.314 1.25e-03   0.0
          clz (bsg_counting_leading_zeros_1_503) 9.23e-05 6.89e-05 6.83e-02 2.29e-04   0.0
            lzc (VX_lzc_1_503)         4.02e-05 5.34e-05 5.55e-02 1.49e-04   0.0
              g_lzc_find_first (VX_find_first_10_4_1_503) 4.02e-05 5.34e-05 5.55e-02 1.49e-04   0.0
      g_prod_3__pipe_mult (VX_pipe_register_1_252) 3.04e-03 1.16e-02    0.477 1.51e-02   0.0
        g_shift_register (VX_shift_register_33_0_1_0_252) 3.04e-03 1.16e-02    0.477 1.51e-02   0.0
      g_prod_3__fp16_mul (VX_tcu_bhf_fmul_252) 2.52e-02 4.90e-02    5.428 7.97e-02   0.1
        pipe_rnd (VX_pipe_register_4_476) 4.88e-03 1.16e-02    0.477 1.69e-02   0.0
          g_shift_register (VX_shift_register_38_0_1_0_476) 4.88e-03 1.16e-02    0.477 1.69e-02   0.0
        rounding (roundAnyRawFNToRecFN_253) 2.52e-03 1.11e-03    0.274 3.90e-03   0.0
        pipe_add (VX_pipe_register_3_252) 5.04e-03 2.46e-02    1.028 3.07e-02   0.0
          g_shift_register (VX_shift_register_37_0_2_0_252) 5.04e-03 2.46e-02    1.028 3.07e-02   0.0
        multiplier (mulRecFNToFullRaw_252) 1.16e-02 1.08e-02    3.022 2.54e-02   0.0
          isSigNaN_b (isSigNaNRecFN_505) 4.71e-06 8.88e-06 4.65e-03 1.82e-05   0.0
          recFNToRawFN_b (recFNToRawFN_505) 7.72e-04 2.21e-04    0.129 1.12e-03   0.0
          isSigNaN_a (isSigNaNRecFN_506) 5.30e-06 6.88e-06 4.67e-03 1.69e-05   0.0
          recFNToRawFN_a (recFNToRawFN_506) 3.74e-04 1.66e-04    0.129 6.69e-04   0.0
        g_in_ieee_from_ieee_b (fNToRecFN_1_504) 6.70e-04 5.25e-04    0.313 1.51e-03   0.0
          clz (bsg_counting_leading_zeros_1_504) 1.19e-04 9.06e-05 6.83e-02 2.78e-04   0.0
            lzc (VX_lzc_1_504)         1.19e-04 9.06e-05 6.83e-02 2.78e-04   0.0
              g_lzc_find_first (VX_find_first_10_4_1_504) 5.39e-05 7.13e-05 5.54e-02 1.81e-04   0.0
        g_in_ieee_from_ieee_a (fNToRecFN_1_505) 5.68e-04 4.03e-04    0.313 1.28e-03   0.0
          clz (bsg_counting_leading_zeros_1_505) 9.35e-05 6.87e-05 6.84e-02 2.31e-04   0.0
            lzc (VX_lzc_1_505)         6.95e-05 6.19e-05 6.20e-02 1.93e-04   0.0
              g_lzc_find_first (VX_find_first_10_4_1_505) 4.05e-05 5.32e-05 5.55e-02 1.49e-04   0.0
      g_prod_2__pipe_mult (VX_pipe_register_1_253) 3.31e-03 1.16e-02    0.477 1.54e-02   0.0
        g_shift_register (VX_shift_register_33_0_1_0_253) 3.31e-03 1.16e-02    0.477 1.54e-02   0.0
      g_prod_2__fp16_mul (VX_tcu_bhf_fmul_253) 2.17e-02 4.89e-02    5.426 7.60e-02   0.1
        pipe_rnd (VX_pipe_register_4_477) 3.02e-03 1.16e-02    0.477 1.51e-02   0.0
          g_shift_register (VX_shift_register_38_0_1_0_477) 3.02e-03 1.16e-02    0.477 1.51e-02   0.0
        rounding (roundAnyRawFNToRecFN_254) 1.38e-03 1.10e-03    0.271 2.76e-03   0.0
        pipe_add (VX_pipe_register_3_253) 4.48e-03 2.46e-02    1.028 3.01e-02   0.0
          g_shift_register (VX_shift_register_37_0_2_0_253) 4.48e-03 2.46e-02    1.028 3.01e-02   0.0
        multiplier (mulRecFNToFullRaw_253) 1.15e-02 1.07e-02    3.023 2.53e-02   0.0
          isSigNaN_b (isSigNaNRecFN_507) 4.52e-06 8.71e-06 4.66e-03 1.79e-05   0.0
          recFNToRawFN_b (recFNToRawFN_507) 6.98e-04 2.21e-04    0.129 1.05e-03   0.0
          isSigNaN_a (isSigNaNRecFN_508) 6.85e-06 7.12e-06 4.72e-03 1.87e-05   0.0
          recFNToRawFN_a (recFNToRawFN_508) 3.83e-04 1.67e-04    0.129 6.79e-04   0.0
        g_in_ieee_from_ieee_b (fNToRecFN_1_506) 6.59e-04 5.26e-04    0.314 1.50e-03   0.0
          clz (bsg_counting_leading_zeros_1_506) 1.20e-04 9.11e-05 6.83e-02 2.79e-04   0.0
            lzc (VX_lzc_1_506)         1.20e-04 9.11e-05 6.83e-02 2.79e-04   0.0
              g_lzc_find_first (VX_find_first_10_4_1_506) 5.35e-05 7.16e-05 5.55e-02 1.81e-04   0.0
        g_in_ieee_from_ieee_a (fNToRecFN_1_507) 6.02e-04 4.00e-04    0.313 1.32e-03   0.0
          clz (bsg_counting_leading_zeros_1_507) 9.27e-05 6.85e-05 6.86e-02 2.30e-04   0.0
            lzc (VX_lzc_1_507)         9.27e-05 6.85e-05 6.86e-02 2.30e-04   0.0
              g_lzc_find_first (VX_find_first_10_4_1_507) 4.01e-05 5.30e-05 5.57e-02 1.49e-04   0.0
      g_prod_1__pipe_mult (VX_pipe_register_1_254) 2.44e-03 1.16e-02    0.477 1.45e-02   0.0
        g_shift_register (VX_shift_register_33_0_1_0_254) 2.44e-03 1.16e-02    0.477 1.45e-02   0.0
      g_prod_1__fp16_mul (VX_tcu_bhf_fmul_254) 2.04e-02 4.90e-02    5.426 7.49e-02   0.1
        pipe_rnd (VX_pipe_register_4_478) 2.07e-03 1.16e-02    0.477 1.41e-02   0.0
          g_shift_register (VX_shift_register_38_0_1_0_478) 2.07e-03 1.16e-02    0.477 1.41e-02   0.0
        rounding (roundAnyRawFNToRecFN_255) 9.09e-04 1.10e-03    0.271 2.28e-03   0.0
        pipe_add (VX_pipe_register_3_254) 4.12e-03 2.46e-02    1.028 2.98e-02   0.0
          g_shift_register (VX_shift_register_37_0_2_0_254) 4.12e-03 2.46e-02    1.028 2.98e-02   0.0
        multiplier (mulRecFNToFullRaw_254) 1.17e-02 1.08e-02    3.023 2.56e-02   0.0
          isSigNaN_b (isSigNaNRecFN_509) 4.85e-06 8.93e-06 4.70e-03 1.85e-05   0.0
          recFNToRawFN_b (recFNToRawFN_509) 9.29e-04 2.23e-04    0.129 1.28e-03   0.0
          isSigNaN_a (isSigNaNRecFN_510) 4.59e-06 7.47e-06 4.69e-03 1.68e-05   0.0
          recFNToRawFN_a (recFNToRawFN_510) 4.87e-04 1.73e-04    0.129 7.90e-04   0.0
        g_in_ieee_from_ieee_b (fNToRecFN_1_508) 6.84e-04 5.31e-04    0.313 1.53e-03   0.0
          clz (bsg_counting_leading_zeros_1_508) 1.18e-04 9.12e-05 6.85e-02 2.78e-04   0.0
            lzc (VX_lzc_1_508)         1.18e-04 9.12e-05 6.85e-02 2.78e-04   0.0
              g_lzc_find_first (VX_find_first_10_4_1_508) 5.29e-05 7.16e-05 5.56e-02 1.80e-04   0.0
        g_in_ieee_from_ieee_a (fNToRecFN_1_509) 9.14e-04 4.02e-04    0.313 1.63e-03   0.0
          clz (bsg_counting_leading_zeros_1_509) 9.23e-05 6.79e-05 6.83e-02 2.29e-04   0.0
            lzc (VX_lzc_1_509)         9.23e-05 6.79e-05 6.83e-02 2.29e-04   0.0
              g_lzc_find_first (VX_find_first_10_4_1_509) 4.02e-05 5.29e-05 5.54e-02 1.49e-04   0.0
      g_prod_0__pipe_mult (VX_pipe_register_1_255) 2.30e-03 1.16e-02    0.477 1.43e-02   0.0
        g_shift_register (VX_shift_register_33_0_1_0_255) 2.30e-03 1.16e-02    0.477 1.43e-02   0.0
      g_prod_0__fp16_mul (VX_tcu_bhf_fmul_255) 2.18e-02 4.90e-02    5.453 7.62e-02   0.1
        pipe_rnd (VX_pipe_register_4_479) 2.17e-03 1.16e-02    0.477 1.42e-02   0.0
          g_shift_register (VX_shift_register_38_0_1_0_479) 2.17e-03 1.16e-02    0.477 1.42e-02   0.0
        rounding (roundAnyRawFNToRecFN_256) 1.06e-03 1.11e-03    0.272 2.44e-03   0.0
        pipe_add (VX_pipe_register_3_255) 5.06e-03 2.46e-02    1.029 3.07e-02   0.0
          g_shift_register (VX_shift_register_37_0_2_0_255) 5.06e-03 2.46e-02    1.029 3.07e-02   0.0
        multiplier (mulRecFNToFullRaw_255) 1.18e-02 1.08e-02    3.049 2.57e-02   0.0
          isSigNaN_b (isSigNaNRecFN_511) 5.64e-06 9.17e-06 4.70e-03 1.95e-05   0.0
          recFNToRawFN_b (recFNToRawFN_511) 1.09e-03 2.25e-04    0.129 1.44e-03   0.0
          isSigNaN_a (isSigNaNRecFN_512) 4.26e-06 7.56e-06 4.71e-03 1.65e-05   0.0
          recFNToRawFN_a (recFNToRawFN_512) 4.61e-04 1.69e-04    0.129 7.60e-04   0.0
        g_in_ieee_from_ieee_b (fNToRecFN_1_510) 8.07e-04 5.33e-04    0.313 1.65e-03   0.0
          clz (bsg_counting_leading_zeros_1_510) 1.20e-04 9.12e-05 6.84e-02 2.79e-04   0.0
            lzc (VX_lzc_1_510)         1.20e-04 9.12e-05 6.84e-02 2.79e-04   0.0
              g_lzc_find_first (VX_find_first_10_4_1_510) 5.46e-05 7.16e-05 5.55e-02 1.82e-04   0.0
        g_in_ieee_from_ieee_a (fNToRecFN_1_511) 8.53e-04 3.96e-04    0.313 1.56e-03   0.0
          clz (bsg_counting_leading_zeros_1_511) 9.11e-05 6.75e-05 6.84e-02 2.27e-04   0.0
            lzc (VX_lzc_1_511)         9.11e-05 6.75e-05 6.84e-02 2.27e-04   0.0
              g_lzc_find_first (VX_find_first_10_4_1_511) 3.96e-05 5.25e-05 5.56e-02 1.48e-04   0.0
    g_i_0__g_j_0__genblk1_u_buffer_ex (VX_pipe_register_37) 1.62e-02 9.43e-02    4.324    0.115   0.2
      g_shift_register (VX_shift_register_582_0_1_0_31) 1.62e-02 9.43e-02    4.324    0.115   0.2
    mdata_queue (VX_fifo_queue)        4.55e-04 3.44e-02   42.925 7.78e-02   0.1
      g_depth_n_dp_ram (VX_dp_ram)     5.89e-06 2.86e-02   40.390 6.90e-02   0.1
      pending_size (VX_pending_size)   4.49e-04 2.67e-03    0.271 3.39e-03   0.0
  dispatch_unit (VX_dispatch_unit_h_369_242_388)    0.556    1.604  147.901    2.308   3.2
    g_blocks_0__buf_out (VX_elastic_buffer)    0.549    1.604  147.606    2.301   3.2
      g_eb2_out_buf (VX_pipe_buffer)      0.219 2.29e-02   21.486    0.263   0.4
      g_eb2_stream_buffer (VX_stream_buffer_6324_1)    0.330    1.581  126.120    2.037   2.8
1
