Information: Propagating switching activity (high effort zero delay simulation). (PWR-6)
Warning: Design has unannotated primary inputs. (PWR-414)
Warning: Design has unannotated sequential cell outputs. (PWR-415)
 
****************************************
Report : power
        -hier
        -analysis_effort high
        -verbose
Design : VX_tcu_unit
Scenario(s): mode_norm.OC_rvt_ss_0p900v_125c
Version: V-2023.12-SP5-3
Date   : Thu May 21 15:55:51 2026
****************************************


Library(s) Used:

    sc9_cmos28lpp_base_rvt_ss_nominal_max_0p900v_125c_sadhm (File: /tool/PDK/Samsung/LN28LPP_202203/PRIMITIVES/RVT/ln28lpp_sc_9t_base_rvt_c130_V1.00d/FE-Common/LIBERTY/sc9_cmos28lpp_base_rvt_ss_nominal_max_0p900v_125c_sadhm.db)


Global Operating Voltage = 0.9  
Power-specific unit information :
    Voltage Units = 1V
    Capacitance Units = 1.000000pf
    Time Units = 1ns
    Dynamic Power Units = 1mW    (derived from V,C,T units)
    Leakage Power Units = 1uW


--------------------------------------------------------------------------------
                                       Switch   Int      Leak     Total
Hierarchy                              Power    Power    Power    Power    %
--------------------------------------------------------------------------------
VX_tcu_unit                              31.484   99.151 9.11e+03  139.740 100.0
  gather_unit (VX_gather_unit_h_804_242_940)    0.133    0.437   49.501    0.620   0.4
    g_out_bufs_0__out_buf (VX_elastic_buffer_1)    0.133    0.437   49.501    0.620   0.4
      g_eb2_out_buf (VX_pipe_buffer_1) 1.83e-02 1.52e-02    7.234 4.08e-02   0.0
      g_eb2_stream_buffer (VX_stream_buffer_2155_1)    0.115    0.422   42.268    0.579   0.4
  g_blocks_0__tcu_int (VX_tcu_int_h_616_242_797)   11.288   20.861 2.97e+03   35.121  25.1
    g_i_7__g_j_3__fedp (VX_tcu_fedp_int_0)    0.324    0.555   86.907    0.966   0.7
      pipe_acc (VX_pipe_register_9_0)  5.51e-03 1.16e-02    0.492 1.76e-02   0.0
        g_shift_register (VX_shift_register_32_0_1_0_0) 5.51e-03 1.16e-02    0.492 1.76e-02   0.0
      pipe_c (VX_pipe_register_8_0)    8.51e-03 4.14e-02    1.929 5.18e-02   0.0
        g_shift_register (VX_shift_register_32_0_4_0_0) 8.51e-03 4.14e-02    1.929 5.18e-02   0.0
      g_red_tree_1__g_add_0__pipe_red (VX_pipe_register_7_0) 2.00e-03 7.53e-03    0.317 9.85e-03   0.0
        g_shift_register (VX_shift_register_20_0_1_0_0) 2.00e-03 7.53e-03    0.317 9.85e-03   0.0
      g_red_tree_0__g_add_1__pipe_red (VX_pipe_register_7_1) 3.22e-03 7.41e-03    0.310 1.09e-02   0.0
        g_shift_register (VX_shift_register_20_0_1_0_1) 3.22e-03 7.41e-03    0.310 1.09e-02   0.0
      g_red_tree_0__g_add_0__pipe_red (VX_pipe_register_7_2) 1.59e-03 7.40e-03    0.310 9.30e-03   0.0
        g_shift_register (VX_shift_register_20_0_1_0_2) 1.59e-03 7.40e-03    0.310 9.30e-03   0.0
      g_prod_3__pipe_sel (VX_pipe_register_6_0) 1.53e-03 7.01e-03    0.295 8.83e-03   0.0
        g_shift_register (VX_shift_register_19_0_1_0_0) 1.53e-03 7.01e-03    0.295 8.83e-03   0.0
      g_prod_2__pipe_sel (VX_pipe_register_6_1) 1.60e-03 7.01e-03    0.295 8.90e-03   0.0
        g_shift_register (VX_shift_register_19_0_1_0_1) 1.60e-03 7.01e-03    0.295 8.90e-03   0.0
      g_prod_1__pipe_sel (VX_pipe_register_6_2) 1.48e-03 7.01e-03    0.295 8.79e-03   0.0
        g_shift_register (VX_shift_register_19_0_1_0_2) 1.48e-03 7.01e-03    0.295 8.79e-03   0.0
      g_prod_0__pipe_sel (VX_pipe_register_6_3) 2.20e-03 7.01e-03    0.295 9.50e-03   0.0
        g_shift_register (VX_shift_register_19_0_1_0_3) 2.20e-03 7.01e-03    0.295 9.50e-03   0.0
      pipe_fmt_s (VX_pipe_register_5_0) 2.35e-04 1.19e-03 5.85e-02 1.48e-03   0.0
        g_shift_register (VX_shift_register_3_0_1_0_0) 2.35e-04 1.19e-03 5.85e-02 1.48e-03   0.0
    g_i_7__g_j_3____buffer_ex (VX_pipe_register_0) 1.83e-02 9.63e-02    5.227    0.120   0.1
      g_shift_register (VX_shift_register_582_0_1_0_0) 1.47e-02 9.53e-02    4.369    0.114   0.1
    g_i_7__g_j_2__fedp (VX_tcu_fedp_int_1)    0.318    0.554   86.851    0.959   0.7
      pipe_acc (VX_pipe_register_9_1)  2.84e-03 1.16e-02    0.492 1.49e-02   0.0
        g_shift_register (VX_shift_register_32_0_1_0_1) 2.84e-03 1.16e-02    0.492 1.49e-02   0.0
      pipe_c (VX_pipe_register_8_1)    8.09e-03 4.14e-02    1.929 5.14e-02   0.0
        g_shift_register (VX_shift_register_32_0_4_0_1) 8.09e-03 4.14e-02    1.929 5.14e-02   0.0
      g_red_tree_1__g_add_0__pipe_red (VX_pipe_register_7_3) 2.17e-03 7.56e-03    0.317 1.00e-02   0.0
        g_shift_register (VX_shift_register_20_0_1_0_3) 2.17e-03 7.56e-03    0.317 1.00e-02   0.0
      g_red_tree_0__g_add_1__pipe_red (VX_pipe_register_7_4) 2.31e-03 7.41e-03    0.310 1.00e-02   0.0
        g_shift_register (VX_shift_register_20_0_1_0_4) 2.31e-03 7.41e-03    0.310 1.00e-02   0.0
      g_red_tree_0__g_add_0__pipe_red (VX_pipe_register_7_5) 1.77e-03 7.42e-03    0.310 9.50e-03   0.0
        g_shift_register (VX_shift_register_20_0_1_0_5) 1.77e-03 7.42e-03    0.310 9.50e-03   0.0
      g_prod_3__pipe_sel (VX_pipe_register_6_4) 2.27e-03 7.02e-03    0.295 9.59e-03   0.0
        g_shift_register (VX_shift_register_19_0_1_0_4) 2.27e-03 7.02e-03    0.295 9.59e-03   0.0
      g_prod_2__pipe_sel (VX_pipe_register_6_5) 1.66e-03 7.02e-03    0.295 8.97e-03   0.0
        g_shift_register (VX_shift_register_19_0_1_0_5) 1.66e-03 7.02e-03    0.295 8.97e-03   0.0
      g_prod_1__pipe_sel (VX_pipe_register_6_6) 1.46e-03 7.02e-03    0.295 8.78e-03   0.0
        g_shift_register (VX_shift_register_19_0_1_0_6) 1.46e-03 7.02e-03    0.295 8.78e-03   0.0
      g_prod_0__pipe_sel (VX_pipe_register_6_7) 1.77e-03 7.03e-03    0.295 9.09e-03   0.0
        g_shift_register (VX_shift_register_19_0_1_0_7) 1.77e-03 7.03e-03    0.295 9.09e-03   0.0
      pipe_fmt_s (VX_pipe_register_5_1) 2.33e-04 1.19e-03 5.85e-02 1.48e-03   0.0
        g_shift_register (VX_shift_register_3_0_1_0_1) 2.33e-04 1.19e-03 5.85e-02 1.48e-03   0.0
    g_i_7__g_j_2____buffer_ex (VX_pipe_register_10) 1.99e-02 9.63e-02    5.227    0.121   0.1
      g_shift_register (VX_shift_register_582_0_1_0_1) 1.60e-02 9.53e-02    4.369    0.116   0.1
    g_i_7__g_j_1__fedp (VX_tcu_fedp_int_2)    0.322    0.554   86.920    0.962   0.7
      pipe_acc (VX_pipe_register_9_2)  5.81e-03 1.16e-02    0.492 1.79e-02   0.0
        g_shift_register (VX_shift_register_32_0_1_0_2) 5.81e-03 1.16e-02    0.492 1.79e-02   0.0
      pipe_c (VX_pipe_register_8_2)    7.54e-03 4.14e-02    1.929 5.09e-02   0.0
        g_shift_register (VX_shift_register_32_0_4_0_2) 7.54e-03 4.14e-02    1.929 5.09e-02   0.0
      g_red_tree_1__g_add_0__pipe_red (VX_pipe_register_7_6) 2.87e-03 7.54e-03    0.317 1.07e-02   0.0
        g_shift_register (VX_shift_register_20_0_1_0_6) 2.87e-03 7.54e-03    0.317 1.07e-02   0.0
      g_red_tree_0__g_add_1__pipe_red (VX_pipe_register_7_7) 2.30e-03 7.41e-03    0.310 1.00e-02   0.0
        g_shift_register (VX_shift_register_20_0_1_0_7) 2.30e-03 7.41e-03    0.310 1.00e-02   0.0
      g_red_tree_0__g_add_0__pipe_red (VX_pipe_register_7_8) 1.75e-03 7.41e-03    0.310 9.46e-03   0.0
        g_shift_register (VX_shift_register_20_0_1_0_8) 1.75e-03 7.41e-03    0.310 9.46e-03   0.0
      g_prod_3__pipe_sel (VX_pipe_register_6_8) 1.52e-03 7.01e-03    0.295 8.83e-03   0.0
        g_shift_register (VX_shift_register_19_0_1_0_8) 1.52e-03 7.01e-03    0.295 8.83e-03   0.0
      g_prod_2__pipe_sel (VX_pipe_register_6_9) 1.54e-03 7.01e-03    0.295 8.85e-03   0.0
        g_shift_register (VX_shift_register_19_0_1_0_9) 1.54e-03 7.01e-03    0.295 8.85e-03   0.0
      g_prod_1__pipe_sel (VX_pipe_register_6_10) 1.47e-03 7.01e-03    0.295 8.78e-03   0.0
        g_shift_register (VX_shift_register_19_0_1_0_10) 1.47e-03 7.01e-03    0.295 8.78e-03   0.0
      g_prod_0__pipe_sel (VX_pipe_register_6_11) 1.93e-03 7.01e-03    0.295 9.23e-03   0.0
        g_shift_register (VX_shift_register_19_0_1_0_11) 1.93e-03 7.01e-03    0.295 9.23e-03   0.0
      pipe_fmt_s (VX_pipe_register_5_2) 2.22e-04 1.19e-03 5.85e-02 1.47e-03   0.0
        g_shift_register (VX_shift_register_3_0_1_0_2) 2.22e-04 1.19e-03 5.85e-02 1.47e-03   0.0
    g_i_7__g_j_1____buffer_ex (VX_pipe_register_11) 1.79e-02 9.63e-02    5.214    0.119   0.1
      g_shift_register (VX_shift_register_582_0_1_0_2) 1.44e-02 9.53e-02    4.369    0.114   0.1
    g_i_7__g_j_0__fedp (VX_tcu_fedp_int_3)    0.328    0.554   86.879    0.969   0.7
      pipe_acc (VX_pipe_register_9_3)  4.61e-03 1.16e-02    0.492 1.67e-02   0.0
        g_shift_register (VX_shift_register_32_0_1_0_3) 4.61e-03 1.16e-02    0.492 1.67e-02   0.0
      pipe_c (VX_pipe_register_8_3)    7.32e-03 4.14e-02    1.929 5.06e-02   0.0
        g_shift_register (VX_shift_register_32_0_4_0_3) 7.32e-03 4.14e-02    1.929 5.06e-02   0.0
      g_red_tree_1__g_add_0__pipe_red (VX_pipe_register_7_9) 3.64e-03 7.54e-03    0.317 1.15e-02   0.0
        g_shift_register (VX_shift_register_20_0_1_0_9) 3.64e-03 7.54e-03    0.317 1.15e-02   0.0
      g_red_tree_0__g_add_1__pipe_red (VX_pipe_register_7_10) 1.97e-03 7.39e-03    0.310 9.67e-03   0.0
        g_shift_register (VX_shift_register_20_0_1_0_10) 1.97e-03 7.39e-03    0.310 9.67e-03   0.0
      g_red_tree_0__g_add_0__pipe_red (VX_pipe_register_7_11) 1.67e-03 7.39e-03    0.310 9.37e-03   0.0
        g_shift_register (VX_shift_register_20_0_1_0_11) 1.67e-03 7.39e-03    0.310 9.37e-03   0.0
      g_prod_3__pipe_sel (VX_pipe_register_6_12) 2.23e-03 7.00e-03    0.295 9.53e-03   0.0
        g_shift_register (VX_shift_register_19_0_1_0_12) 2.23e-03 7.00e-03    0.295 9.53e-03   0.0
      g_prod_2__pipe_sel (VX_pipe_register_6_13) 1.76e-03 7.00e-03    0.295 9.05e-03   0.0
        g_shift_register (VX_shift_register_19_0_1_0_13) 1.76e-03 7.00e-03    0.295 9.05e-03   0.0
      g_prod_1__pipe_sel (VX_pipe_register_6_14) 1.51e-03 7.01e-03    0.295 8.81e-03   0.0
        g_shift_register (VX_shift_register_19_0_1_0_14) 1.51e-03 7.01e-03    0.295 8.81e-03   0.0
      g_prod_0__pipe_sel (VX_pipe_register_6_15) 2.17e-03 7.01e-03    0.295 9.47e-03   0.0
        g_shift_register (VX_shift_register_19_0_1_0_15) 2.17e-03 7.01e-03    0.295 9.47e-03   0.0
      pipe_fmt_s (VX_pipe_register_5_3) 2.25e-04 1.19e-03 5.85e-02 1.47e-03   0.0
        g_shift_register (VX_shift_register_3_0_1_0_3) 2.25e-04 1.19e-03 5.85e-02 1.47e-03   0.0
    g_i_7__g_j_0____buffer_ex (VX_pipe_register_12) 1.84e-02 9.63e-02    5.240    0.120   0.1
      g_shift_register (VX_shift_register_582_0_1_0_3) 1.48e-02 9.53e-02    4.369    0.114   0.1
    g_i_6__g_j_3__fedp (VX_tcu_fedp_int_4)    0.302    0.554   86.790    0.943   0.7
      pipe_acc (VX_pipe_register_9_4)  4.49e-03 1.16e-02    0.493 1.66e-02   0.0
        g_shift_register (VX_shift_register_32_0_1_0_4) 4.49e-03 1.16e-02    0.493 1.66e-02   0.0
      pipe_c (VX_pipe_register_8_4)    7.67e-03 4.14e-02    1.929 5.10e-02   0.0
        g_shift_register (VX_shift_register_32_0_4_0_4) 7.67e-03 4.14e-02    1.929 5.10e-02   0.0
      g_red_tree_1__g_add_0__pipe_red (VX_pipe_register_7_12) 1.84e-03 7.49e-03    0.310 9.64e-03   0.0
        g_shift_register (VX_shift_register_20_0_1_0_12) 1.84e-03 7.49e-03    0.310 9.64e-03   0.0
      g_red_tree_0__g_add_1__pipe_red (VX_pipe_register_7_13) 2.76e-03 7.42e-03    0.310 1.05e-02   0.0
        g_shift_register (VX_shift_register_20_0_1_0_13) 2.76e-03 7.42e-03    0.310 1.05e-02   0.0
      g_red_tree_0__g_add_0__pipe_red (VX_pipe_register_7_14) 1.74e-03 7.41e-03    0.310 9.46e-03   0.0
        g_shift_register (VX_shift_register_20_0_1_0_14) 1.74e-03 7.41e-03    0.310 9.46e-03   0.0
      g_prod_3__pipe_sel (VX_pipe_register_6_16) 1.86e-03 7.03e-03    0.295 9.19e-03   0.0
        g_shift_register (VX_shift_register_19_0_1_0_16) 1.86e-03 7.03e-03    0.295 9.19e-03   0.0
      g_prod_2__pipe_sel (VX_pipe_register_6_17) 1.74e-03 7.03e-03    0.295 9.06e-03   0.0
        g_shift_register (VX_shift_register_19_0_1_0_17) 1.74e-03 7.03e-03    0.295 9.06e-03   0.0
      g_prod_1__pipe_sel (VX_pipe_register_6_18) 1.50e-03 7.03e-03    0.295 8.82e-03   0.0
        g_shift_register (VX_shift_register_19_0_1_0_18) 1.50e-03 7.03e-03    0.295 8.82e-03   0.0
      g_prod_0__pipe_sel (VX_pipe_register_6_19) 1.54e-03 7.02e-03    0.295 8.86e-03   0.0
        g_shift_register (VX_shift_register_19_0_1_0_19) 1.54e-03 7.02e-03    0.295 8.86e-03   0.0
      pipe_fmt_s (VX_pipe_register_5_4) 2.13e-04 1.19e-03 5.85e-02 1.46e-03   0.0
        g_shift_register (VX_shift_register_3_0_1_0_4) 2.13e-04 1.19e-03 5.85e-02 1.46e-03   0.0
    g_i_6__g_j_3____buffer_ex (VX_pipe_register_13) 2.33e-02 9.63e-02    5.240    0.125   0.1
      g_shift_register (VX_shift_register_582_0_1_0_4) 1.90e-02 9.53e-02    4.369    0.119   0.1
    g_i_6__g_j_2__fedp (VX_tcu_fedp_int_5)    0.309    0.554   86.804    0.950   0.7
      pipe_acc (VX_pipe_register_9_5)  5.90e-03 1.16e-02    0.492 1.80e-02   0.0
        g_shift_register (VX_shift_register_32_0_1_0_5) 5.90e-03 1.16e-02    0.492 1.80e-02   0.0
      pipe_c (VX_pipe_register_8_5)    6.76e-03 4.14e-02    1.929 5.01e-02   0.0
        g_shift_register (VX_shift_register_32_0_4_0_5) 6.76e-03 4.14e-02    1.929 5.01e-02   0.0
      g_red_tree_1__g_add_0__pipe_red (VX_pipe_register_7_15) 1.95e-03 7.51e-03    0.317 9.77e-03   0.0
        g_shift_register (VX_shift_register_20_0_1_0_15) 1.95e-03 7.51e-03    0.317 9.77e-03   0.0
      g_red_tree_0__g_add_1__pipe_red (VX_pipe_register_7_16) 2.20e-03 7.40e-03    0.310 9.91e-03   0.0
        g_shift_register (VX_shift_register_20_0_1_0_16) 2.20e-03 7.40e-03    0.310 9.91e-03   0.0
      g_red_tree_0__g_add_0__pipe_red (VX_pipe_register_7_17) 1.71e-03 7.40e-03    0.310 9.42e-03   0.0
        g_shift_register (VX_shift_register_20_0_1_0_17) 1.71e-03 7.40e-03    0.310 9.42e-03   0.0
      g_prod_3__pipe_sel (VX_pipe_register_6_20) 2.02e-03 7.01e-03    0.295 9.33e-03   0.0
        g_shift_register (VX_shift_register_19_0_1_0_20) 2.02e-03 7.01e-03    0.295 9.33e-03   0.0
      g_prod_2__pipe_sel (VX_pipe_register_6_21) 1.44e-03 7.01e-03    0.295 8.75e-03   0.0
        g_shift_register (VX_shift_register_19_0_1_0_21) 1.44e-03 7.01e-03    0.295 8.75e-03   0.0
      g_prod_1__pipe_sel (VX_pipe_register_6_22) 1.55e-03 7.01e-03    0.295 8.86e-03   0.0
        g_shift_register (VX_shift_register_19_0_1_0_22) 1.55e-03 7.01e-03    0.295 8.86e-03   0.0
      g_prod_0__pipe_sel (VX_pipe_register_6_23) 1.61e-03 7.01e-03    0.295 8.92e-03   0.0
        g_shift_register (VX_shift_register_19_0_1_0_23) 1.61e-03 7.01e-03    0.295 8.92e-03   0.0
      pipe_fmt_s (VX_pipe_register_5_5) 2.14e-04 1.19e-03 5.85e-02 1.46e-03   0.0
        g_shift_register (VX_shift_register_3_0_1_0_5) 2.14e-04 1.19e-03 5.85e-02 1.46e-03   0.0
    g_i_6__g_j_2____buffer_ex (VX_pipe_register_14) 2.40e-02 9.63e-02    5.227    0.125   0.1
      g_shift_register (VX_shift_register_582_0_1_0_5) 1.97e-02 9.53e-02    4.369    0.119   0.1
    g_i_6__g_j_1__fedp (VX_tcu_fedp_int_6)    0.302    0.554   86.809    0.943   0.7
      pipe_acc (VX_pipe_register_9_6)  5.21e-03 1.16e-02    0.492 1.73e-02   0.0
        g_shift_register (VX_shift_register_32_0_1_0_6) 5.21e-03 1.16e-02    0.492 1.73e-02   0.0
      pipe_c (VX_pipe_register_8_6)    7.27e-03 4.14e-02    1.929 5.06e-02   0.0
        g_shift_register (VX_shift_register_32_0_4_0_6) 7.27e-03 4.14e-02    1.929 5.06e-02   0.0
      g_red_tree_1__g_add_0__pipe_red (VX_pipe_register_7_18) 2.07e-03 7.51e-03    0.317 9.90e-03   0.0
        g_shift_register (VX_shift_register_20_0_1_0_18) 2.07e-03 7.51e-03    0.317 9.90e-03   0.0
      g_red_tree_0__g_add_1__pipe_red (VX_pipe_register_7_19) 1.75e-03 7.40e-03    0.310 9.46e-03   0.0
        g_shift_register (VX_shift_register_20_0_1_0_19) 1.75e-03 7.40e-03    0.310 9.46e-03   0.0
      g_red_tree_0__g_add_0__pipe_red (VX_pipe_register_7_20) 1.62e-03 7.41e-03    0.310 9.33e-03   0.0
        g_shift_register (VX_shift_register_20_0_1_0_20) 1.62e-03 7.41e-03    0.310 9.33e-03   0.0
      g_prod_3__pipe_sel (VX_pipe_register_6_24) 1.63e-03 7.01e-03    0.295 8.94e-03   0.0
        g_shift_register (VX_shift_register_19_0_1_0_24) 1.63e-03 7.01e-03    0.295 8.94e-03   0.0
      g_prod_2__pipe_sel (VX_pipe_register_6_25) 1.50e-03 7.01e-03    0.295 8.81e-03   0.0
        g_shift_register (VX_shift_register_19_0_1_0_25) 1.50e-03 7.01e-03    0.295 8.81e-03   0.0
      g_prod_1__pipe_sel (VX_pipe_register_6_26) 1.54e-03 7.01e-03    0.295 8.85e-03   0.0
        g_shift_register (VX_shift_register_19_0_1_0_26) 1.54e-03 7.01e-03    0.295 8.85e-03   0.0
      g_prod_0__pipe_sel (VX_pipe_register_6_27) 1.54e-03 7.02e-03    0.295 8.85e-03   0.0
        g_shift_register (VX_shift_register_19_0_1_0_27) 1.54e-03 7.02e-03    0.295 8.85e-03   0.0
      pipe_fmt_s (VX_pipe_register_5_6) 2.16e-04 1.19e-03 5.85e-02 1.46e-03   0.0
        g_shift_register (VX_shift_register_3_0_1_0_6) 2.16e-04 1.19e-03 5.85e-02 1.46e-03   0.0
    g_i_6__g_j_1____buffer_ex (VX_pipe_register_15) 2.13e-02 9.63e-02    5.220    0.123   0.1
      g_shift_register (VX_shift_register_582_0_1_0_6) 1.73e-02 9.53e-02    4.369    0.117   0.1
    g_i_6__g_j_0__fedp (VX_tcu_fedp_int_7)    0.309    0.554   86.802    0.949   0.7
      pipe_acc (VX_pipe_register_9_7)  6.19e-03 1.16e-02    0.493 1.83e-02   0.0
        g_shift_register (VX_shift_register_32_0_1_0_7) 6.19e-03 1.16e-02    0.493 1.83e-02   0.0
      pipe_c (VX_pipe_register_8_7)    6.91e-03 4.14e-02    1.929 5.02e-02   0.0
        g_shift_register (VX_shift_register_32_0_4_0_7) 6.91e-03 4.14e-02    1.929 5.02e-02   0.0
      g_red_tree_1__g_add_0__pipe_red (VX_pipe_register_7_21) 2.14e-03 7.50e-03    0.317 9.95e-03   0.0
        g_shift_register (VX_shift_register_20_0_1_0_21) 2.14e-03 7.50e-03    0.317 9.95e-03   0.0
      g_red_tree_0__g_add_1__pipe_red (VX_pipe_register_7_22) 3.05e-03 7.40e-03    0.310 1.08e-02   0.0
        g_shift_register (VX_shift_register_20_0_1_0_22) 3.05e-03 7.40e-03    0.310 1.08e-02   0.0
      g_red_tree_0__g_add_0__pipe_red (VX_pipe_register_7_23) 1.57e-03 7.39e-03    0.310 9.27e-03   0.0
        g_shift_register (VX_shift_register_20_0_1_0_23) 1.57e-03 7.39e-03    0.310 9.27e-03   0.0
      g_prod_3__pipe_sel (VX_pipe_register_6_28) 1.58e-03 7.01e-03    0.295 8.88e-03   0.0
        g_shift_register (VX_shift_register_19_0_1_0_28) 1.58e-03 7.01e-03    0.295 8.88e-03   0.0
      g_prod_2__pipe_sel (VX_pipe_register_6_29) 1.48e-03 7.00e-03    0.295 8.78e-03   0.0
        g_shift_register (VX_shift_register_19_0_1_0_29) 1.48e-03 7.00e-03    0.295 8.78e-03   0.0
      g_prod_1__pipe_sel (VX_pipe_register_6_30) 1.56e-03 7.01e-03    0.295 8.86e-03   0.0
        g_shift_register (VX_shift_register_19_0_1_0_30) 1.56e-03 7.01e-03    0.295 8.86e-03   0.0
      g_prod_0__pipe_sel (VX_pipe_register_6_31) 1.53e-03 7.01e-03    0.295 8.83e-03   0.0
        g_shift_register (VX_shift_register_19_0_1_0_31) 1.53e-03 7.01e-03    0.295 8.83e-03   0.0
      pipe_fmt_s (VX_pipe_register_5_7) 2.29e-04 1.19e-03 5.85e-02 1.47e-03   0.0
        g_shift_register (VX_shift_register_3_0_1_0_7) 2.29e-04 1.19e-03 5.85e-02 1.47e-03   0.0
    g_i_6__g_j_0____buffer_ex (VX_pipe_register_16) 2.15e-02 9.63e-02    5.240    0.123   0.1
      g_shift_register (VX_shift_register_582_0_1_0_7) 1.74e-02 9.53e-02    4.369    0.117   0.1
    g_i_5__g_j_3__fedp (VX_tcu_fedp_int_8)    0.325    0.554   86.874    0.967   0.7
      pipe_acc (VX_pipe_register_9_8)  4.60e-03 1.16e-02    0.492 1.67e-02   0.0
        g_shift_register (VX_shift_register_32_0_1_0_8) 4.60e-03 1.16e-02    0.492 1.67e-02   0.0
      pipe_c (VX_pipe_register_8_8)    7.60e-03 4.14e-02    1.929 5.09e-02   0.0
        g_shift_register (VX_shift_register_32_0_4_0_8) 7.60e-03 4.14e-02    1.929 5.09e-02   0.0
      g_red_tree_1__g_add_0__pipe_red (VX_pipe_register_7_24) 3.36e-03 7.53e-03    0.317 1.12e-02   0.0
        g_shift_register (VX_shift_register_20_0_1_0_24) 3.36e-03 7.53e-03    0.317 1.12e-02   0.0
      g_red_tree_0__g_add_1__pipe_red (VX_pipe_register_7_25) 1.80e-03 7.39e-03    0.310 9.51e-03   0.0
        g_shift_register (VX_shift_register_20_0_1_0_25) 1.80e-03 7.39e-03    0.310 9.51e-03   0.0
      g_red_tree_0__g_add_0__pipe_red (VX_pipe_register_7_26) 1.80e-03 7.40e-03    0.310 9.51e-03   0.0
        g_shift_register (VX_shift_register_20_0_1_0_26) 1.80e-03 7.40e-03    0.310 9.51e-03   0.0
      g_prod_3__pipe_sel (VX_pipe_register_6_32) 1.53e-03 7.00e-03    0.295 8.83e-03   0.0
        g_shift_register (VX_shift_register_19_0_1_0_32) 1.53e-03 7.00e-03    0.295 8.83e-03   0.0
      g_prod_2__pipe_sel (VX_pipe_register_6_33) 1.57e-03 7.01e-03    0.295 8.87e-03   0.0
        g_shift_register (VX_shift_register_19_0_1_0_33) 1.57e-03 7.01e-03    0.295 8.87e-03   0.0
      g_prod_1__pipe_sel (VX_pipe_register_6_34) 1.54e-03 7.00e-03    0.295 8.84e-03   0.0
        g_shift_register (VX_shift_register_19_0_1_0_34) 1.54e-03 7.00e-03    0.295 8.84e-03   0.0
      g_prod_0__pipe_sel (VX_pipe_register_6_35) 1.59e-03 7.01e-03    0.295 8.89e-03   0.0
        g_shift_register (VX_shift_register_19_0_1_0_35) 1.59e-03 7.01e-03    0.295 8.89e-03   0.0
      pipe_fmt_s (VX_pipe_register_5_8) 2.14e-04 1.19e-03 5.85e-02 1.46e-03   0.0
        g_shift_register (VX_shift_register_3_0_1_0_8) 2.14e-04 1.19e-03 5.85e-02 1.46e-03   0.0
    g_i_5__g_j_3____buffer_ex (VX_pipe_register_17) 1.75e-02 9.62e-02    5.180    0.119   0.1
      g_shift_register (VX_shift_register_582_0_1_0_8) 1.42e-02 9.53e-02    4.369    0.114   0.1
    g_i_5__g_j_2__fedp (VX_tcu_fedp_int_9)    0.324    0.554   86.897    0.965   0.7
      pipe_acc (VX_pipe_register_9_9)  4.42e-03 1.16e-02    0.493 1.65e-02   0.0
        g_shift_register (VX_shift_register_32_0_1_0_9) 4.42e-03 1.16e-02    0.493 1.65e-02   0.0
      pipe_c (VX_pipe_register_8_9)    6.97e-03 4.14e-02    1.929 5.03e-02   0.0
        g_shift_register (VX_shift_register_32_0_4_0_9) 6.97e-03 4.14e-02    1.929 5.03e-02   0.0
      g_red_tree_1__g_add_0__pipe_red (VX_pipe_register_7_27) 3.68e-03 7.52e-03    0.317 1.15e-02   0.0
        g_shift_register (VX_shift_register_20_0_1_0_27) 3.68e-03 7.52e-03    0.317 1.15e-02   0.0
      g_red_tree_0__g_add_1__pipe_red (VX_pipe_register_7_28) 2.04e-03 7.40e-03    0.310 9.75e-03   0.0
        g_shift_register (VX_shift_register_20_0_1_0_28) 2.04e-03 7.40e-03    0.310 9.75e-03   0.0
      g_red_tree_0__g_add_0__pipe_red (VX_pipe_register_7_29) 3.30e-03 7.41e-03    0.310 1.10e-02   0.0
        g_shift_register (VX_shift_register_20_0_1_0_29) 3.30e-03 7.41e-03    0.310 1.10e-02   0.0
      g_prod_3__pipe_sel (VX_pipe_register_6_36) 1.67e-03 7.01e-03    0.295 8.97e-03   0.0
        g_shift_register (VX_shift_register_19_0_1_0_36) 1.67e-03 7.01e-03    0.295 8.97e-03   0.0
      g_prod_2__pipe_sel (VX_pipe_register_6_37) 1.49e-03 7.01e-03    0.295 8.79e-03   0.0
        g_shift_register (VX_shift_register_19_0_1_0_37) 1.49e-03 7.01e-03    0.295 8.79e-03   0.0
      g_prod_1__pipe_sel (VX_pipe_register_6_38) 1.49e-03 7.01e-03    0.295 8.79e-03   0.0
        g_shift_register (VX_shift_register_19_0_1_0_38) 1.49e-03 7.01e-03    0.295 8.79e-03   0.0
      g_prod_0__pipe_sel (VX_pipe_register_6_39) 1.69e-03 7.01e-03    0.295 8.99e-03   0.0
        g_shift_register (VX_shift_register_19_0_1_0_39) 1.69e-03 7.01e-03    0.295 8.99e-03   0.0
      pipe_fmt_s (VX_pipe_register_5_9) 2.36e-04 1.19e-03 5.85e-02 1.48e-03   0.0
        g_shift_register (VX_shift_register_3_0_1_0_9) 2.36e-04 1.19e-03 5.85e-02 1.48e-03   0.0
    g_i_5__g_j_2____buffer_ex (VX_pipe_register_18) 1.80e-02 9.63e-02    5.234    0.120   0.1
      g_shift_register (VX_shift_register_582_0_1_0_9) 1.44e-02 9.53e-02    4.369    0.114   0.1
    g_i_5__g_j_1__fedp (VX_tcu_fedp_int_10)    0.316    0.554   86.858    0.957   0.7
      pipe_acc (VX_pipe_register_9_10) 4.37e-03 1.16e-02    0.492 1.65e-02   0.0
        g_shift_register (VX_shift_register_32_0_1_0_10) 4.37e-03 1.16e-02    0.492 1.65e-02   0.0
      pipe_c (VX_pipe_register_8_10)   7.49e-03 4.14e-02    1.929 5.08e-02   0.0
        g_shift_register (VX_shift_register_32_0_4_0_10) 7.49e-03 4.14e-02    1.929 5.08e-02   0.0
      g_red_tree_1__g_add_0__pipe_red (VX_pipe_register_7_30) 2.66e-03 7.49e-03    0.317 1.05e-02   0.0
        g_shift_register (VX_shift_register_20_0_1_0_30) 2.66e-03 7.49e-03    0.317 1.05e-02   0.0
      g_red_tree_0__g_add_1__pipe_red (VX_pipe_register_7_31) 3.10e-03 7.39e-03    0.310 1.08e-02   0.0
        g_shift_register (VX_shift_register_20_0_1_0_31) 3.10e-03 7.39e-03    0.310 1.08e-02   0.0
      g_red_tree_0__g_add_0__pipe_red (VX_pipe_register_7_32) 1.79e-03 7.39e-03    0.310 9.49e-03   0.0
        g_shift_register (VX_shift_register_20_0_1_0_32) 1.79e-03 7.39e-03    0.310 9.49e-03   0.0
      g_prod_3__pipe_sel (VX_pipe_register_6_40) 1.78e-03 6.99e-03    0.295 9.07e-03   0.0
        g_shift_register (VX_shift_register_19_0_1_0_40) 1.78e-03 6.99e-03    0.295 9.07e-03   0.0
      g_prod_2__pipe_sel (VX_pipe_register_6_41) 1.74e-03 7.00e-03    0.295 9.03e-03   0.0
        g_shift_register (VX_shift_register_19_0_1_0_41) 1.74e-03 7.00e-03    0.295 9.03e-03   0.0
      g_prod_1__pipe_sel (VX_pipe_register_6_42) 1.58e-03 6.99e-03    0.295 8.87e-03   0.0
        g_shift_register (VX_shift_register_19_0_1_0_42) 1.58e-03 6.99e-03    0.295 8.87e-03   0.0
      g_prod_0__pipe_sel (VX_pipe_register_6_43) 1.60e-03 7.00e-03    0.295 8.89e-03   0.0
        g_shift_register (VX_shift_register_19_0_1_0_43) 1.60e-03 7.00e-03    0.295 8.89e-03   0.0
      pipe_fmt_s (VX_pipe_register_5_10) 2.27e-04 1.19e-03 5.85e-02 1.47e-03   0.0
        g_shift_register (VX_shift_register_3_0_1_0_10) 2.27e-04 1.19e-03 5.85e-02 1.47e-03   0.0
    g_i_5__g_j_1____buffer_ex (VX_pipe_register_19) 1.80e-02 9.63e-02    5.241    0.120   0.1
      g_shift_register (VX_shift_register_582_0_1_0_10) 1.43e-02 9.53e-02    4.369    0.114   0.1
    g_i_5__g_j_0__fedp (VX_tcu_fedp_int_11)    0.324    0.555   86.849    0.966   0.7
      pipe_acc (VX_pipe_register_9_11) 4.90e-03 1.16e-02    0.492 1.70e-02   0.0
        g_shift_register (VX_shift_register_32_0_1_0_11) 4.90e-03 1.16e-02    0.492 1.70e-02   0.0
      pipe_c (VX_pipe_register_8_11)   6.64e-03 4.14e-02    1.929 4.99e-02   0.0
        g_shift_register (VX_shift_register_32_0_4_0_11) 6.64e-03 4.14e-02    1.929 4.99e-02   0.0
      g_red_tree_1__g_add_0__pipe_red (VX_pipe_register_7_33) 3.42e-03 7.52e-03    0.317 1.13e-02   0.0
        g_shift_register (VX_shift_register_20_0_1_0_33) 3.42e-03 7.52e-03    0.317 1.13e-02   0.0
      g_red_tree_0__g_add_1__pipe_red (VX_pipe_register_7_34) 3.69e-03 7.40e-03    0.310 1.14e-02   0.0
        g_shift_register (VX_shift_register_20_0_1_0_34) 3.69e-03 7.40e-03    0.310 1.14e-02   0.0
      g_red_tree_0__g_add_0__pipe_red (VX_pipe_register_7_35) 1.89e-03 7.41e-03    0.310 9.61e-03   0.0
        g_shift_register (VX_shift_register_20_0_1_0_35) 1.89e-03 7.41e-03    0.310 9.61e-03   0.0
      g_prod_3__pipe_sel (VX_pipe_register_6_44) 1.60e-03 7.00e-03    0.295 8.90e-03   0.0
        g_shift_register (VX_shift_register_19_0_1_0_44) 1.60e-03 7.00e-03    0.295 8.90e-03   0.0
      g_prod_2__pipe_sel (VX_pipe_register_6_45) 1.49e-03 7.01e-03    0.295 8.79e-03   0.0
        g_shift_register (VX_shift_register_19_0_1_0_45) 1.49e-03 7.01e-03    0.295 8.79e-03   0.0
      g_prod_1__pipe_sel (VX_pipe_register_6_46) 1.87e-03 7.01e-03    0.295 9.18e-03   0.0
        g_shift_register (VX_shift_register_19_0_1_0_46) 1.87e-03 7.01e-03    0.295 9.18e-03   0.0
      g_prod_0__pipe_sel (VX_pipe_register_6_47) 1.76e-03 7.01e-03    0.295 9.06e-03   0.0
        g_shift_register (VX_shift_register_19_0_1_0_47) 1.76e-03 7.01e-03    0.295 9.06e-03   0.0
      pipe_fmt_s (VX_pipe_register_5_11) 2.36e-04 1.19e-03 5.85e-02 1.48e-03   0.0
        g_shift_register (VX_shift_register_3_0_1_0_11) 2.36e-04 1.19e-03 5.85e-02 1.48e-03   0.0
    g_i_5__g_j_0____buffer_ex (VX_pipe_register_20) 1.77e-02 9.63e-02    5.227    0.119   0.1
      g_shift_register (VX_shift_register_582_0_1_0_11) 1.42e-02 9.53e-02    4.369    0.114   0.1
    g_i_4__g_j_3__fedp (VX_tcu_fedp_int_12)    0.309    0.555   86.831    0.951   0.7
      pipe_acc (VX_pipe_register_9_12) 4.43e-03 1.16e-02    0.492 1.65e-02   0.0
        g_shift_register (VX_shift_register_32_0_1_0_12) 4.43e-03 1.16e-02    0.492 1.65e-02   0.0
      pipe_c (VX_pipe_register_8_12)   6.84e-03 4.14e-02    1.929 5.01e-02   0.0
        g_shift_register (VX_shift_register_32_0_4_0_12) 6.84e-03 4.14e-02    1.929 5.01e-02   0.0
      g_red_tree_1__g_add_0__pipe_red (VX_pipe_register_7_36) 3.34e-03 7.53e-03    0.317 1.12e-02   0.0
        g_shift_register (VX_shift_register_20_0_1_0_36) 3.34e-03 7.53e-03    0.317 1.12e-02   0.0
      g_red_tree_0__g_add_1__pipe_red (VX_pipe_register_7_37) 1.90e-03 7.40e-03    0.310 9.62e-03   0.0
        g_shift_register (VX_shift_register_20_0_1_0_37) 1.90e-03 7.40e-03    0.310 9.62e-03   0.0
      g_red_tree_0__g_add_0__pipe_red (VX_pipe_register_7_38) 2.00e-03 7.41e-03    0.310 9.72e-03   0.0
        g_shift_register (VX_shift_register_20_0_1_0_38) 2.00e-03 7.41e-03    0.310 9.72e-03   0.0
      g_prod_3__pipe_sel (VX_pipe_register_6_48) 2.73e-03 7.02e-03    0.295 1.00e-02   0.0
        g_shift_register (VX_shift_register_19_0_1_0_48) 2.73e-03 7.02e-03    0.295 1.00e-02   0.0
      g_prod_2__pipe_sel (VX_pipe_register_6_49) 1.48e-03 7.02e-03    0.295 8.79e-03   0.0
        g_shift_register (VX_shift_register_19_0_1_0_49) 1.48e-03 7.02e-03    0.295 8.79e-03   0.0
      g_prod_1__pipe_sel (VX_pipe_register_6_50) 1.52e-03 7.01e-03    0.295 8.83e-03   0.0
        g_shift_register (VX_shift_register_19_0_1_0_50) 1.52e-03 7.01e-03    0.295 8.83e-03   0.0
      g_prod_0__pipe_sel (VX_pipe_register_6_51) 1.53e-03 7.02e-03    0.295 8.84e-03   0.0
        g_shift_register (VX_shift_register_19_0_1_0_51) 1.53e-03 7.02e-03    0.295 8.84e-03   0.0
      pipe_fmt_s (VX_pipe_register_5_12) 2.36e-04 1.19e-03 5.85e-02 1.48e-03   0.0
        g_shift_register (VX_shift_register_3_0_1_0_12) 2.36e-04 1.19e-03 5.85e-02 1.48e-03   0.0
    g_i_4__g_j_3____buffer_ex (VX_pipe_register_21) 1.85e-02 9.64e-02    5.227    0.120   0.1
      g_shift_register (VX_shift_register_582_0_1_0_12) 1.45e-02 9.54e-02    4.369    0.114   0.1
    g_i_4__g_j_2__fedp (VX_tcu_fedp_int_13)    0.317    0.554   86.831    0.957   0.7
      pipe_acc (VX_pipe_register_9_13) 4.46e-03 1.16e-02    0.492 1.65e-02   0.0
        g_shift_register (VX_shift_register_32_0_1_0_13) 4.46e-03 1.16e-02    0.492 1.65e-02   0.0
      pipe_c (VX_pipe_register_8_13)   6.78e-03 4.14e-02    1.929 5.01e-02   0.0
        g_shift_register (VX_shift_register_32_0_4_0_13) 6.78e-03 4.14e-02    1.929 5.01e-02   0.0
      g_red_tree_1__g_add_0__pipe_red (VX_pipe_register_7_39) 3.88e-03 7.54e-03    0.317 1.17e-02   0.0
        g_shift_register (VX_shift_register_20_0_1_0_39) 3.88e-03 7.54e-03    0.317 1.17e-02   0.0
      g_red_tree_0__g_add_1__pipe_red (VX_pipe_register_7_40) 2.41e-03 7.40e-03    0.310 1.01e-02   0.0
        g_shift_register (VX_shift_register_20_0_1_0_40) 2.41e-03 7.40e-03    0.310 1.01e-02   0.0
      g_red_tree_0__g_add_0__pipe_red (VX_pipe_register_7_41) 2.10e-03 7.39e-03    0.310 9.80e-03   0.0
        g_shift_register (VX_shift_register_20_0_1_0_41) 2.10e-03 7.39e-03    0.310 9.80e-03   0.0
      g_prod_3__pipe_sel (VX_pipe_register_6_52) 2.34e-03 7.01e-03    0.295 9.64e-03   0.0
        g_shift_register (VX_shift_register_19_0_1_0_52) 2.34e-03 7.01e-03    0.295 9.64e-03   0.0
      g_prod_2__pipe_sel (VX_pipe_register_6_53) 1.46e-03 7.00e-03    0.295 8.76e-03   0.0
        g_shift_register (VX_shift_register_19_0_1_0_53) 1.46e-03 7.00e-03    0.295 8.76e-03   0.0
      g_prod_1__pipe_sel (VX_pipe_register_6_54) 1.46e-03 7.01e-03    0.295 8.76e-03   0.0
        g_shift_register (VX_shift_register_19_0_1_0_54) 1.46e-03 7.01e-03    0.295 8.76e-03   0.0
      g_prod_0__pipe_sel (VX_pipe_register_6_55) 1.63e-03 7.00e-03    0.295 8.93e-03   0.0
        g_shift_register (VX_shift_register_19_0_1_0_55) 1.63e-03 7.00e-03    0.295 8.93e-03   0.0
      pipe_fmt_s (VX_pipe_register_5_13) 2.79e-04 1.19e-03 5.85e-02 1.53e-03   0.0
        g_shift_register (VX_shift_register_3_0_1_0_13) 2.79e-04 1.19e-03 5.85e-02 1.53e-03   0.0
    g_i_4__g_j_2____buffer_ex (VX_pipe_register_22) 1.82e-02 9.64e-02    5.241    0.120   0.1
      g_shift_register (VX_shift_register_582_0_1_0_13) 1.44e-02 9.54e-02    4.369    0.114   0.1
    g_i_4__g_j_1__fedp (VX_tcu_fedp_int_14)    0.310    0.554   86.830    0.952   0.7
      pipe_acc (VX_pipe_register_9_14) 3.80e-03 1.16e-02    0.493 1.59e-02   0.0
        g_shift_register (VX_shift_register_32_0_1_0_14) 3.80e-03 1.16e-02    0.493 1.59e-02   0.0
      pipe_c (VX_pipe_register_8_14)   6.91e-03 4.13e-02    1.930 5.02e-02   0.0
        g_shift_register (VX_shift_register_32_0_4_0_14) 6.91e-03 4.13e-02    1.930 5.02e-02   0.0
      g_red_tree_1__g_add_0__pipe_red (VX_pipe_register_7_42) 3.56e-03 7.53e-03    0.317 1.14e-02   0.0
        g_shift_register (VX_shift_register_20_0_1_0_42) 3.56e-03 7.53e-03    0.317 1.14e-02   0.0
      g_red_tree_0__g_add_1__pipe_red (VX_pipe_register_7_43) 2.75e-03 7.41e-03    0.310 1.05e-02   0.0
        g_shift_register (VX_shift_register_20_0_1_0_43) 2.75e-03 7.41e-03    0.310 1.05e-02   0.0
      g_red_tree_0__g_add_0__pipe_red (VX_pipe_register_7_44) 1.76e-03 7.40e-03    0.310 9.48e-03   0.0
        g_shift_register (VX_shift_register_20_0_1_0_44) 1.76e-03 7.40e-03    0.310 9.48e-03   0.0
      g_prod_3__pipe_sel (VX_pipe_register_6_56) 1.57e-03 7.01e-03    0.295 8.88e-03   0.0
        g_shift_register (VX_shift_register_19_0_1_0_56) 1.57e-03 7.01e-03    0.295 8.88e-03   0.0
      g_prod_2__pipe_sel (VX_pipe_register_6_57) 1.49e-03 7.02e-03    0.295 8.80e-03   0.0
        g_shift_register (VX_shift_register_19_0_1_0_57) 1.49e-03 7.02e-03    0.295 8.80e-03   0.0
      g_prod_1__pipe_sel (VX_pipe_register_6_58) 1.47e-03 7.02e-03    0.295 8.78e-03   0.0
        g_shift_register (VX_shift_register_19_0_1_0_58) 1.47e-03 7.02e-03    0.295 8.78e-03   0.0
      g_prod_0__pipe_sel (VX_pipe_register_6_59) 1.76e-03 7.02e-03    0.295 9.07e-03   0.0
        g_shift_register (VX_shift_register_19_0_1_0_59) 1.76e-03 7.02e-03    0.295 9.07e-03   0.0
      pipe_fmt_s (VX_pipe_register_5_14) 2.22e-04 1.19e-03 5.85e-02 1.47e-03   0.0
        g_shift_register (VX_shift_register_3_0_1_0_14) 2.22e-04 1.19e-03 5.85e-02 1.47e-03   0.0
    g_i_4__g_j_1____buffer_ex (VX_pipe_register_23) 1.78e-02 9.64e-02    5.221    0.119   0.1
      g_shift_register (VX_shift_register_582_0_1_0_14) 1.43e-02 9.54e-02    4.369    0.114   0.1
    g_i_4__g_j_0__fedp (VX_tcu_fedp_int_15)    0.326    0.555   86.885    0.968   0.7
      pipe_acc (VX_pipe_register_9_15) 6.20e-03 1.16e-02    0.493 1.83e-02   0.0
        g_shift_register (VX_shift_register_32_0_1_0_15) 6.20e-03 1.16e-02    0.493 1.83e-02   0.0
      pipe_c (VX_pipe_register_8_15)   6.87e-03 4.14e-02    1.930 5.02e-02   0.0
        g_shift_register (VX_shift_register_32_0_4_0_15) 6.87e-03 4.14e-02    1.930 5.02e-02   0.0
      g_red_tree_1__g_add_0__pipe_red (VX_pipe_register_7_45) 2.59e-03 7.57e-03    0.317 1.05e-02   0.0
        g_shift_register (VX_shift_register_20_0_1_0_45) 2.59e-03 7.57e-03    0.317 1.05e-02   0.0
      g_red_tree_0__g_add_1__pipe_red (VX_pipe_register_7_46) 1.68e-03 7.41e-03    0.310 9.40e-03   0.0
        g_shift_register (VX_shift_register_20_0_1_0_46) 1.68e-03 7.41e-03    0.310 9.40e-03   0.0
      g_red_tree_0__g_add_0__pipe_red (VX_pipe_register_7_47) 1.71e-03 7.41e-03    0.310 9.42e-03   0.0
        g_shift_register (VX_shift_register_20_0_1_0_47) 1.71e-03 7.41e-03    0.310 9.42e-03   0.0
      g_prod_3__pipe_sel (VX_pipe_register_6_60) 1.56e-03 7.02e-03    0.295 8.88e-03   0.0
        g_shift_register (VX_shift_register_19_0_1_0_60) 1.56e-03 7.02e-03    0.295 8.88e-03   0.0
      g_prod_2__pipe_sel (VX_pipe_register_6_61) 1.57e-03 7.01e-03    0.295 8.88e-03   0.0
        g_shift_register (VX_shift_register_19_0_1_0_61) 1.57e-03 7.01e-03    0.295 8.88e-03   0.0
      g_prod_1__pipe_sel (VX_pipe_register_6_62) 1.67e-03 7.02e-03    0.295 8.99e-03   0.0
        g_shift_register (VX_shift_register_19_0_1_0_62) 1.67e-03 7.02e-03    0.295 8.99e-03   0.0
      g_prod_0__pipe_sel (VX_pipe_register_6_63) 1.45e-03 7.02e-03    0.295 8.76e-03   0.0
        g_shift_register (VX_shift_register_19_0_1_0_63) 1.45e-03 7.02e-03    0.295 8.76e-03   0.0
      pipe_fmt_s (VX_pipe_register_5_15) 2.15e-04 1.19e-03 5.85e-02 1.46e-03   0.0
        g_shift_register (VX_shift_register_3_0_1_0_15) 2.15e-04 1.19e-03 5.85e-02 1.46e-03   0.0
    g_i_4__g_j_0____buffer_ex (VX_pipe_register_24) 1.77e-02 9.63e-02    5.221    0.119   0.1
      g_shift_register (VX_shift_register_582_0_1_0_15) 1.43e-02 9.54e-02    4.369    0.114   0.1
    g_i_3__g_j_3__fedp (VX_tcu_fedp_int_16)    0.321    0.554   86.935    0.962   0.7
      pipe_acc (VX_pipe_register_9_16) 4.09e-03 1.16e-02    0.492 1.62e-02   0.0
        g_shift_register (VX_shift_register_32_0_1_0_16) 4.09e-03 1.16e-02    0.492 1.62e-02   0.0
      pipe_c (VX_pipe_register_8_16)   6.83e-03 4.14e-02    1.929 5.01e-02   0.0
        g_shift_register (VX_shift_register_32_0_4_0_16) 6.83e-03 4.14e-02    1.929 5.01e-02   0.0
      g_red_tree_1__g_add_0__pipe_red (VX_pipe_register_7_48) 3.04e-03 7.51e-03    0.317 1.09e-02   0.0
        g_shift_register (VX_shift_register_20_0_1_0_48) 3.04e-03 7.51e-03    0.317 1.09e-02   0.0
      g_red_tree_0__g_add_1__pipe_red (VX_pipe_register_7_49) 3.43e-03 7.39e-03    0.310 1.11e-02   0.0
        g_shift_register (VX_shift_register_20_0_1_0_49) 3.43e-03 7.39e-03    0.310 1.11e-02   0.0
      g_red_tree_0__g_add_0__pipe_red (VX_pipe_register_7_50) 1.59e-03 7.39e-03    0.310 9.29e-03   0.0
        g_shift_register (VX_shift_register_20_0_1_0_50) 1.59e-03 7.39e-03    0.310 9.29e-03   0.0
      g_prod_3__pipe_sel (VX_pipe_register_6_64) 1.86e-03 7.00e-03    0.295 9.16e-03   0.0
        g_shift_register (VX_shift_register_19_0_1_0_64) 1.86e-03 7.00e-03    0.295 9.16e-03   0.0
      g_prod_2__pipe_sel (VX_pipe_register_6_65) 1.55e-03 7.00e-03    0.295 8.84e-03   0.0
        g_shift_register (VX_shift_register_19_0_1_0_65) 1.55e-03 7.00e-03    0.295 8.84e-03   0.0
      g_prod_1__pipe_sel (VX_pipe_register_6_66) 1.59e-03 7.00e-03    0.295 8.89e-03   0.0
        g_shift_register (VX_shift_register_19_0_1_0_66) 1.59e-03 7.00e-03    0.295 8.89e-03   0.0
      g_prod_0__pipe_sel (VX_pipe_register_6_67) 1.56e-03 7.00e-03    0.295 8.85e-03   0.0
        g_shift_register (VX_shift_register_19_0_1_0_67) 1.56e-03 7.00e-03    0.295 8.85e-03   0.0
      pipe_fmt_s (VX_pipe_register_5_16) 2.16e-04 1.19e-03 5.85e-02 1.46e-03   0.0
        g_shift_register (VX_shift_register_3_0_1_0_16) 2.16e-04 1.19e-03 5.85e-02 1.46e-03   0.0
    g_i_3__g_j_3____buffer_ex (VX_pipe_register_25) 1.79e-02 9.64e-02    5.234    0.119   0.1
      g_shift_register (VX_shift_register_582_0_1_0_16) 1.44e-02 9.54e-02    4.369    0.114   0.1
    g_i_3__g_j_2__fedp (VX_tcu_fedp_int_17)    0.324    0.554   86.833    0.965   0.7
      pipe_acc (VX_pipe_register_9_17) 5.48e-03 1.16e-02    0.492 1.76e-02   0.0
        g_shift_register (VX_shift_register_32_0_1_0_17) 5.48e-03 1.16e-02    0.492 1.76e-02   0.0
      pipe_c (VX_pipe_register_8_17)   6.75e-03 4.14e-02    1.929 5.00e-02   0.0
        g_shift_register (VX_shift_register_32_0_4_0_17) 6.75e-03 4.14e-02    1.929 5.00e-02   0.0
      g_red_tree_1__g_add_0__pipe_red (VX_pipe_register_7_51) 3.75e-03 7.53e-03    0.317 1.16e-02   0.0
        g_shift_register (VX_shift_register_20_0_1_0_51) 3.75e-03 7.53e-03    0.317 1.16e-02   0.0
      g_red_tree_0__g_add_1__pipe_red (VX_pipe_register_7_52) 1.82e-03 7.41e-03    0.310 9.53e-03   0.0
        g_shift_register (VX_shift_register_20_0_1_0_52) 1.82e-03 7.41e-03    0.310 9.53e-03   0.0
      g_red_tree_0__g_add_0__pipe_red (VX_pipe_register_7_53) 1.58e-03 7.40e-03    0.310 9.29e-03   0.0
        g_shift_register (VX_shift_register_20_0_1_0_53) 1.58e-03 7.40e-03    0.310 9.29e-03   0.0
      g_prod_3__pipe_sel (VX_pipe_register_6_68) 1.53e-03 7.01e-03    0.295 8.83e-03   0.0
        g_shift_register (VX_shift_register_19_0_1_0_68) 1.53e-03 7.01e-03    0.295 8.83e-03   0.0
      g_prod_2__pipe_sel (VX_pipe_register_6_69) 1.53e-03 7.01e-03    0.295 8.83e-03   0.0
        g_shift_register (VX_shift_register_19_0_1_0_69) 1.53e-03 7.01e-03    0.295 8.83e-03   0.0
      g_prod_1__pipe_sel (VX_pipe_register_6_70) 1.61e-03 7.01e-03    0.295 8.91e-03   0.0
        g_shift_register (VX_shift_register_19_0_1_0_70) 1.61e-03 7.01e-03    0.295 8.91e-03   0.0
      g_prod_0__pipe_sel (VX_pipe_register_6_71) 1.55e-03 7.01e-03    0.295 8.86e-03   0.0
        g_shift_register (VX_shift_register_19_0_1_0_71) 1.55e-03 7.01e-03    0.295 8.86e-03   0.0
      pipe_fmt_s (VX_pipe_register_5_17) 2.14e-04 1.19e-03 5.85e-02 1.46e-03   0.0
        g_shift_register (VX_shift_register_3_0_1_0_17) 2.14e-04 1.19e-03 5.85e-02 1.46e-03   0.0
    g_i_3__g_j_2____buffer_ex (VX_pipe_register_26) 1.76e-02 9.63e-02    5.193    0.119   0.1
      g_shift_register (VX_shift_register_582_0_1_0_17) 1.43e-02 9.54e-02    4.369    0.114   0.1
    g_i_3__g_j_1__fedp (VX_tcu_fedp_int_18)    0.323    0.554   86.857    0.964   0.7
      pipe_acc (VX_pipe_register_9_18) 5.66e-03 1.16e-02    0.493 1.78e-02   0.0
        g_shift_register (VX_shift_register_32_0_1_0_18) 5.66e-03 1.16e-02    0.493 1.78e-02   0.0
      pipe_c (VX_pipe_register_8_18)   6.72e-03 4.14e-02    1.929 5.00e-02   0.0
        g_shift_register (VX_shift_register_32_0_4_0_18) 6.72e-03 4.14e-02    1.929 5.00e-02   0.0
      g_red_tree_1__g_add_0__pipe_red (VX_pipe_register_7_54) 2.88e-03 7.55e-03    0.317 1.07e-02   0.0
        g_shift_register (VX_shift_register_20_0_1_0_54) 2.88e-03 7.55e-03    0.317 1.07e-02   0.0
      g_red_tree_0__g_add_1__pipe_red (VX_pipe_register_7_55) 1.92e-03 7.40e-03    0.310 9.63e-03   0.0
        g_shift_register (VX_shift_register_20_0_1_0_55) 1.92e-03 7.40e-03    0.310 9.63e-03   0.0
      g_red_tree_0__g_add_0__pipe_red (VX_pipe_register_7_56) 1.58e-03 7.40e-03    0.310 9.29e-03   0.0
        g_shift_register (VX_shift_register_20_0_1_0_56) 1.58e-03 7.40e-03    0.310 9.29e-03   0.0
      g_prod_3__pipe_sel (VX_pipe_register_6_72) 1.52e-03 7.00e-03    0.295 8.82e-03   0.0
        g_shift_register (VX_shift_register_19_0_1_0_72) 1.52e-03 7.00e-03    0.295 8.82e-03   0.0
      g_prod_2__pipe_sel (VX_pipe_register_6_73) 1.57e-03 7.01e-03    0.295 8.87e-03   0.0
        g_shift_register (VX_shift_register_19_0_1_0_73) 1.57e-03 7.01e-03    0.295 8.87e-03   0.0
      g_prod_1__pipe_sel (VX_pipe_register_6_74) 1.57e-03 7.01e-03    0.295 8.88e-03   0.0
        g_shift_register (VX_shift_register_19_0_1_0_74) 1.57e-03 7.01e-03    0.295 8.88e-03   0.0
      g_prod_0__pipe_sel (VX_pipe_register_6_75) 1.52e-03 7.01e-03    0.295 8.82e-03   0.0
        g_shift_register (VX_shift_register_19_0_1_0_75) 1.52e-03 7.01e-03    0.295 8.82e-03   0.0
      pipe_fmt_s (VX_pipe_register_5_18) 2.24e-04 1.19e-03 5.85e-02 1.47e-03   0.0
        g_shift_register (VX_shift_register_3_0_1_0_18) 2.24e-04 1.19e-03 5.85e-02 1.47e-03   0.0
    g_i_3__g_j_1____buffer_ex (VX_pipe_register_27) 1.80e-02 9.64e-02    5.227    0.120   0.1
      g_shift_register (VX_shift_register_582_0_1_0_18) 1.43e-02 9.54e-02    4.369    0.114   0.1
    g_i_3__g_j_0__fedp (VX_tcu_fedp_int_19)    0.324    0.555   86.854    0.965   0.7
      pipe_acc (VX_pipe_register_9_19) 4.93e-03 1.16e-02    0.492 1.70e-02   0.0
        g_shift_register (VX_shift_register_32_0_1_0_19) 4.93e-03 1.16e-02    0.492 1.70e-02   0.0
      pipe_c (VX_pipe_register_8_19)   6.81e-03 4.14e-02    1.929 5.01e-02   0.0
        g_shift_register (VX_shift_register_32_0_4_0_19) 6.81e-03 4.14e-02    1.929 5.01e-02   0.0
      g_red_tree_1__g_add_0__pipe_red (VX_pipe_register_7_57) 4.72e-03 7.54e-03    0.317 1.26e-02   0.0
        g_shift_register (VX_shift_register_20_0_1_0_57) 4.72e-03 7.54e-03    0.317 1.26e-02   0.0
      g_red_tree_0__g_add_1__pipe_red (VX_pipe_register_7_58) 3.24e-03 7.42e-03    0.310 1.10e-02   0.0
        g_shift_register (VX_shift_register_20_0_1_0_58) 3.24e-03 7.42e-03    0.310 1.10e-02   0.0
      g_red_tree_0__g_add_0__pipe_red (VX_pipe_register_7_59) 1.66e-03 7.41e-03    0.310 9.38e-03   0.0
        g_shift_register (VX_shift_register_20_0_1_0_59) 1.66e-03 7.41e-03    0.310 9.38e-03   0.0
      g_prod_3__pipe_sel (VX_pipe_register_6_76) 1.59e-03 7.02e-03    0.295 8.90e-03   0.0
        g_shift_register (VX_shift_register_19_0_1_0_76) 1.59e-03 7.02e-03    0.295 8.90e-03   0.0
      g_prod_2__pipe_sel (VX_pipe_register_6_77) 1.50e-03 7.01e-03    0.295 8.80e-03   0.0
        g_shift_register (VX_shift_register_19_0_1_0_77) 1.50e-03 7.01e-03    0.295 8.80e-03   0.0
      g_prod_1__pipe_sel (VX_pipe_register_6_78) 1.63e-03 7.02e-03    0.295 8.94e-03   0.0
        g_shift_register (VX_shift_register_19_0_1_0_78) 1.63e-03 7.02e-03    0.295 8.94e-03   0.0
      g_prod_0__pipe_sel (VX_pipe_register_6_79) 1.53e-03 7.02e-03    0.295 8.84e-03   0.0
        g_shift_register (VX_shift_register_19_0_1_0_79) 1.53e-03 7.02e-03    0.295 8.84e-03   0.0
      pipe_fmt_s (VX_pipe_register_5_19) 2.28e-04 1.19e-03 5.85e-02 1.47e-03   0.0
        g_shift_register (VX_shift_register_3_0_1_0_19) 2.28e-04 1.19e-03 5.85e-02 1.47e-03   0.0
    g_i_3__g_j_0____buffer_ex (VX_pipe_register_28) 1.87e-02 9.64e-02    5.233    0.120   0.1
      g_shift_register (VX_shift_register_582_0_1_0_19) 1.48e-02 9.54e-02    4.369    0.115   0.1
    g_i_2__g_j_3__fedp (VX_tcu_fedp_int_20)    0.323    0.555   86.852    0.965   0.7
      pipe_acc (VX_pipe_register_9_20) 3.69e-03 1.16e-02    0.493 1.58e-02   0.0
        g_shift_register (VX_shift_register_32_0_1_0_20) 3.69e-03 1.16e-02    0.493 1.58e-02   0.0
      pipe_c (VX_pipe_register_8_20)   7.56e-03 4.14e-02    1.929 5.09e-02   0.0
        g_shift_register (VX_shift_register_32_0_4_0_20) 7.56e-03 4.14e-02    1.929 5.09e-02   0.0
      g_red_tree_1__g_add_0__pipe_red (VX_pipe_register_7_60) 3.62e-03 7.54e-03    0.317 1.15e-02   0.0
        g_shift_register (VX_shift_register_20_0_1_0_60) 3.62e-03 7.54e-03    0.317 1.15e-02   0.0
      g_red_tree_0__g_add_1__pipe_red (VX_pipe_register_7_61) 1.79e-03 7.40e-03    0.310 9.50e-03   0.0
        g_shift_register (VX_shift_register_20_0_1_0_61) 1.79e-03 7.40e-03    0.310 9.50e-03   0.0
      g_red_tree_0__g_add_0__pipe_red (VX_pipe_register_7_62) 2.01e-03 7.40e-03    0.310 9.73e-03   0.0
        g_shift_register (VX_shift_register_20_0_1_0_62) 2.01e-03 7.40e-03    0.310 9.73e-03   0.0
      g_prod_3__pipe_sel (VX_pipe_register_6_80) 2.14e-03 7.02e-03    0.295 9.45e-03   0.0
        g_shift_register (VX_shift_register_19_0_1_0_80) 2.14e-03 7.02e-03    0.295 9.45e-03   0.0
      g_prod_2__pipe_sel (VX_pipe_register_6_81) 1.53e-03 7.01e-03    0.295 8.83e-03   0.0
        g_shift_register (VX_shift_register_19_0_1_0_81) 1.53e-03 7.01e-03    0.295 8.83e-03   0.0
      g_prod_1__pipe_sel (VX_pipe_register_6_82) 1.48e-03 7.01e-03    0.295 8.79e-03   0.0
        g_shift_register (VX_shift_register_19_0_1_0_82) 1.48e-03 7.01e-03    0.295 8.79e-03   0.0
      g_prod_0__pipe_sel (VX_pipe_register_6_83) 2.16e-03 7.02e-03    0.295 9.47e-03   0.0
        g_shift_register (VX_shift_register_19_0_1_0_83) 2.16e-03 7.02e-03    0.295 9.47e-03   0.0
      pipe_fmt_s (VX_pipe_register_5_20) 2.37e-04 1.19e-03 5.85e-02 1.48e-03   0.0
        g_shift_register (VX_shift_register_3_0_1_0_20) 2.37e-04 1.19e-03 5.85e-02 1.48e-03   0.0
    g_i_2__g_j_3____buffer_ex (VX_pipe_register_29) 2.46e-02 9.63e-02    5.227    0.126   0.1
      g_shift_register (VX_shift_register_582_0_1_0_20) 2.03e-02 9.53e-02    4.369    0.120   0.1
    g_i_2__g_j_2__fedp (VX_tcu_fedp_int_21)    0.320    0.555   86.842    0.962   0.7
      pipe_acc (VX_pipe_register_9_21) 3.43e-03 1.16e-02    0.493 1.55e-02   0.0
        g_shift_register (VX_shift_register_32_0_1_0_21) 3.43e-03 1.16e-02    0.493 1.55e-02   0.0
      pipe_c (VX_pipe_register_8_21)   7.54e-03 4.14e-02    1.930 5.09e-02   0.0
        g_shift_register (VX_shift_register_32_0_4_0_21) 7.54e-03 4.14e-02    1.930 5.09e-02   0.0
      g_red_tree_1__g_add_0__pipe_red (VX_pipe_register_7_63) 3.33e-03 7.55e-03    0.317 1.12e-02   0.0
        g_shift_register (VX_shift_register_20_0_1_0_63) 3.33e-03 7.55e-03    0.317 1.12e-02   0.0
      g_red_tree_0__g_add_1__pipe_red (VX_pipe_register_7_64) 2.26e-03 7.42e-03    0.310 9.99e-03   0.0
        g_shift_register (VX_shift_register_20_0_1_0_64) 2.26e-03 7.42e-03    0.310 9.99e-03   0.0
      g_red_tree_0__g_add_0__pipe_red (VX_pipe_register_7_65) 2.45e-03 7.42e-03    0.310 1.02e-02   0.0
        g_shift_register (VX_shift_register_20_0_1_0_65) 2.45e-03 7.42e-03    0.310 1.02e-02   0.0
      g_prod_3__pipe_sel (VX_pipe_register_6_84) 2.68e-03 7.03e-03    0.295 1.00e-02   0.0
        g_shift_register (VX_shift_register_19_0_1_0_84) 2.68e-03 7.03e-03    0.295 1.00e-02   0.0
      g_prod_2__pipe_sel (VX_pipe_register_6_85) 1.56e-03 7.02e-03    0.295 8.88e-03   0.0
        g_shift_register (VX_shift_register_19_0_1_0_85) 1.56e-03 7.02e-03    0.295 8.88e-03   0.0
      g_prod_1__pipe_sel (VX_pipe_register_6_86) 1.48e-03 7.02e-03    0.295 8.79e-03   0.0
        g_shift_register (VX_shift_register_19_0_1_0_86) 1.48e-03 7.02e-03    0.295 8.79e-03   0.0
      g_prod_0__pipe_sel (VX_pipe_register_6_87) 1.65e-03 7.02e-03    0.295 8.97e-03   0.0
        g_shift_register (VX_shift_register_19_0_1_0_87) 1.65e-03 7.02e-03    0.295 8.97e-03   0.0
      pipe_fmt_s (VX_pipe_register_5_21) 2.45e-04 1.19e-03 5.85e-02 1.49e-03   0.0
        g_shift_register (VX_shift_register_3_0_1_0_21) 2.45e-04 1.19e-03 5.85e-02 1.49e-03   0.0
    g_i_2__g_j_2____buffer_ex (VX_pipe_register_30) 2.14e-02 9.63e-02    5.240    0.123   0.1
      g_shift_register (VX_shift_register_582_0_1_0_21) 1.73e-02 9.53e-02    4.369    0.117   0.1
    g_i_2__g_j_1__fedp (VX_tcu_fedp_int_22)    0.324    0.555   86.847    0.966   0.7
      pipe_acc (VX_pipe_register_9_22) 3.40e-03 1.16e-02    0.493 1.55e-02   0.0
        g_shift_register (VX_shift_register_32_0_1_0_22) 3.40e-03 1.16e-02    0.493 1.55e-02   0.0
      pipe_c (VX_pipe_register_8_22)   8.03e-03 4.14e-02    1.929 5.14e-02   0.0
        g_shift_register (VX_shift_register_32_0_4_0_22) 8.03e-03 4.14e-02    1.929 5.14e-02   0.0
      g_red_tree_1__g_add_0__pipe_red (VX_pipe_register_7_66) 3.65e-03 7.54e-03    0.317 1.15e-02   0.0
        g_shift_register (VX_shift_register_20_0_1_0_66) 3.65e-03 7.54e-03    0.317 1.15e-02   0.0
      g_red_tree_0__g_add_1__pipe_red (VX_pipe_register_7_67) 2.90e-03 7.40e-03    0.310 1.06e-02   0.0
        g_shift_register (VX_shift_register_20_0_1_0_67) 2.90e-03 7.40e-03    0.310 1.06e-02   0.0
      g_red_tree_0__g_add_0__pipe_red (VX_pipe_register_7_68) 2.77e-03 7.41e-03    0.310 1.05e-02   0.0
        g_shift_register (VX_shift_register_20_0_1_0_68) 2.77e-03 7.41e-03    0.310 1.05e-02   0.0
      g_prod_3__pipe_sel (VX_pipe_register_6_88) 1.63e-03 7.01e-03    0.295 8.94e-03   0.0
        g_shift_register (VX_shift_register_19_0_1_0_88) 1.63e-03 7.01e-03    0.295 8.94e-03   0.0
      g_prod_2__pipe_sel (VX_pipe_register_6_89) 1.83e-03 7.01e-03    0.295 9.13e-03   0.0
        g_shift_register (VX_shift_register_19_0_1_0_89) 1.83e-03 7.01e-03    0.295 9.13e-03   0.0
      g_prod_1__pipe_sel (VX_pipe_register_6_90) 1.47e-03 7.01e-03    0.295 8.78e-03   0.0
        g_shift_register (VX_shift_register_19_0_1_0_90) 1.47e-03 7.01e-03    0.295 8.78e-03   0.0
      g_prod_0__pipe_sel (VX_pipe_register_6_91) 1.52e-03 7.01e-03    0.295 8.83e-03   0.0
        g_shift_register (VX_shift_register_19_0_1_0_91) 1.52e-03 7.01e-03    0.295 8.83e-03   0.0
      pipe_fmt_s (VX_pipe_register_5_22) 2.35e-04 1.19e-03 5.85e-02 1.48e-03   0.0
        g_shift_register (VX_shift_register_3_0_1_0_22) 2.35e-04 1.19e-03 5.85e-02 1.48e-03   0.0
    g_i_2__g_j_1____buffer_ex (VX_pipe_register_31) 2.04e-02 9.63e-02    5.234    0.122   0.1
      g_shift_register (VX_shift_register_582_0_1_0_22) 1.67e-02 9.53e-02    4.369    0.116   0.1
    g_i_2__g_j_0__fedp (VX_tcu_fedp_int_23)    0.322    0.555   86.870    0.963   0.7
      pipe_acc (VX_pipe_register_9_23) 4.71e-03 1.16e-02    0.492 1.68e-02   0.0
        g_shift_register (VX_shift_register_32_0_1_0_23) 4.71e-03 1.16e-02    0.492 1.68e-02   0.0
      pipe_c (VX_pipe_register_8_23)   7.15e-03 4.14e-02    1.929 5.05e-02   0.0
        g_shift_register (VX_shift_register_32_0_4_0_23) 7.15e-03 4.14e-02    1.929 5.05e-02   0.0
      g_red_tree_1__g_add_0__pipe_red (VX_pipe_register_7_69) 2.63e-03 7.53e-03    0.317 1.05e-02   0.0
        g_shift_register (VX_shift_register_20_0_1_0_69) 2.63e-03 7.53e-03    0.317 1.05e-02   0.0
      g_red_tree_0__g_add_1__pipe_red (VX_pipe_register_7_70) 1.75e-03 7.40e-03    0.310 9.46e-03   0.0
        g_shift_register (VX_shift_register_20_0_1_0_70) 1.75e-03 7.40e-03    0.310 9.46e-03   0.0
      g_red_tree_0__g_add_0__pipe_red (VX_pipe_register_7_71) 2.31e-03 7.41e-03    0.310 1.00e-02   0.0
        g_shift_register (VX_shift_register_20_0_1_0_71) 2.31e-03 7.41e-03    0.310 1.00e-02   0.0
      g_prod_3__pipe_sel (VX_pipe_register_6_92) 2.49e-03 7.01e-03    0.295 9.80e-03   0.0
        g_shift_register (VX_shift_register_19_0_1_0_92) 2.49e-03 7.01e-03    0.295 9.80e-03   0.0
      g_prod_2__pipe_sel (VX_pipe_register_6_93) 1.53e-03 7.01e-03    0.295 8.84e-03   0.0
        g_shift_register (VX_shift_register_19_0_1_0_93) 1.53e-03 7.01e-03    0.295 8.84e-03   0.0
      g_prod_1__pipe_sel (VX_pipe_register_6_94) 1.54e-03 7.01e-03    0.295 8.85e-03   0.0
        g_shift_register (VX_shift_register_19_0_1_0_94) 1.54e-03 7.01e-03    0.295 8.85e-03   0.0
      g_prod_0__pipe_sel (VX_pipe_register_6_95) 1.53e-03 7.01e-03    0.295 8.83e-03   0.0
        g_shift_register (VX_shift_register_19_0_1_0_95) 1.53e-03 7.01e-03    0.295 8.83e-03   0.0
      pipe_fmt_s (VX_pipe_register_5_23) 2.29e-04 1.19e-03 5.85e-02 1.47e-03   0.0
        g_shift_register (VX_shift_register_3_0_1_0_23) 2.29e-04 1.19e-03 5.85e-02 1.47e-03   0.0
    g_i_2__g_j_0____buffer_ex (VX_pipe_register_32) 2.35e-02 9.63e-02    5.234    0.125   0.1
      g_shift_register (VX_shift_register_582_0_1_0_23) 1.92e-02 9.53e-02    4.369    0.119   0.1
    g_i_1__g_j_3__fedp (VX_tcu_fedp_int_24)    0.319    0.555   86.893    0.961   0.7
      pipe_acc (VX_pipe_register_9_24) 5.58e-03 1.16e-02    0.492 1.77e-02   0.0
        g_shift_register (VX_shift_register_32_0_1_0_24) 5.58e-03 1.16e-02    0.492 1.77e-02   0.0
      pipe_c (VX_pipe_register_8_24)   7.68e-03 4.14e-02    1.929 5.10e-02   0.0
        g_shift_register (VX_shift_register_32_0_4_0_24) 7.68e-03 4.14e-02    1.929 5.10e-02   0.0
      g_red_tree_1__g_add_0__pipe_red (VX_pipe_register_7_72) 2.21e-03 7.52e-03    0.317 1.00e-02   0.0
        g_shift_register (VX_shift_register_20_0_1_0_72) 2.21e-03 7.52e-03    0.317 1.00e-02   0.0
      g_red_tree_0__g_add_1__pipe_red (VX_pipe_register_7_73) 2.49e-03 7.42e-03    0.310 1.02e-02   0.0
        g_shift_register (VX_shift_register_20_0_1_0_73) 2.49e-03 7.42e-03    0.310 1.02e-02   0.0
      g_red_tree_0__g_add_0__pipe_red (VX_pipe_register_7_74) 2.00e-03 7.41e-03    0.310 9.72e-03   0.0
        g_shift_register (VX_shift_register_20_0_1_0_74) 2.00e-03 7.41e-03    0.310 9.72e-03   0.0
      g_prod_3__pipe_sel (VX_pipe_register_6_96) 2.34e-03 7.03e-03    0.295 9.66e-03   0.0
        g_shift_register (VX_shift_register_19_0_1_0_96) 2.34e-03 7.03e-03    0.295 9.66e-03   0.0
      g_prod_2__pipe_sel (VX_pipe_register_6_97) 1.58e-03 7.02e-03    0.295 8.89e-03   0.0
        g_shift_register (VX_shift_register_19_0_1_0_97) 1.58e-03 7.02e-03    0.295 8.89e-03   0.0
      g_prod_1__pipe_sel (VX_pipe_register_6_98) 1.93e-03 7.02e-03    0.295 9.24e-03   0.0
        g_shift_register (VX_shift_register_19_0_1_0_98) 1.93e-03 7.02e-03    0.295 9.24e-03   0.0
      g_prod_0__pipe_sel (VX_pipe_register_6_99) 1.66e-03 7.02e-03    0.295 8.97e-03   0.0
        g_shift_register (VX_shift_register_19_0_1_0_99) 1.66e-03 7.02e-03    0.295 8.97e-03   0.0
      pipe_fmt_s (VX_pipe_register_5_24) 2.25e-04 1.19e-03 5.85e-02 1.47e-03   0.0
        g_shift_register (VX_shift_register_3_0_1_0_24) 2.25e-04 1.19e-03 5.85e-02 1.47e-03   0.0
    g_i_1__g_j_3____buffer_ex (VX_pipe_register_33) 1.77e-02 9.63e-02    5.220    0.119   0.1
      g_shift_register (VX_shift_register_582_0_1_0_24) 1.42e-02 9.53e-02    4.369    0.114   0.1
    g_i_1__g_j_2__fedp (VX_tcu_fedp_int_25)    0.321    0.555   86.947    0.963   0.7
      pipe_acc (VX_pipe_register_9_25) 5.11e-03 1.16e-02    0.492 1.72e-02   0.0
        g_shift_register (VX_shift_register_32_0_1_0_25) 5.11e-03 1.16e-02    0.492 1.72e-02   0.0
      pipe_c (VX_pipe_register_8_25)   7.37e-03 4.14e-02    1.929 5.07e-02   0.0
        g_shift_register (VX_shift_register_32_0_4_0_25) 7.37e-03 4.14e-02    1.929 5.07e-02   0.0
      g_red_tree_1__g_add_0__pipe_red (VX_pipe_register_7_75) 2.55e-03 7.51e-03    0.317 1.04e-02   0.0
        g_shift_register (VX_shift_register_20_0_1_0_75) 2.55e-03 7.51e-03    0.317 1.04e-02   0.0
      g_red_tree_0__g_add_1__pipe_red (VX_pipe_register_7_76) 3.40e-03 7.41e-03    0.310 1.11e-02   0.0
        g_shift_register (VX_shift_register_20_0_1_0_76) 3.40e-03 7.41e-03    0.310 1.11e-02   0.0
      g_red_tree_0__g_add_0__pipe_red (VX_pipe_register_7_77) 1.61e-03 7.41e-03    0.310 9.33e-03   0.0
        g_shift_register (VX_shift_register_20_0_1_0_77) 1.61e-03 7.41e-03    0.310 9.33e-03   0.0
      g_prod_3__pipe_sel (VX_pipe_register_6_100) 1.72e-03 7.01e-03    0.295 9.02e-03   0.0
        g_shift_register (VX_shift_register_19_0_1_0_100) 1.72e-03 7.01e-03    0.295 9.02e-03   0.0
      g_prod_2__pipe_sel (VX_pipe_register_6_101) 1.47e-03 7.02e-03    0.295 8.79e-03   0.0
        g_shift_register (VX_shift_register_19_0_1_0_101) 1.47e-03 7.02e-03    0.295 8.79e-03   0.0
      g_prod_1__pipe_sel (VX_pipe_register_6_102) 1.62e-03 7.01e-03    0.295 8.93e-03   0.0
        g_shift_register (VX_shift_register_19_0_1_0_102) 1.62e-03 7.01e-03    0.295 8.93e-03   0.0
      g_prod_0__pipe_sel (VX_pipe_register_6_103) 1.51e-03 7.02e-03    0.295 8.83e-03   0.0
        g_shift_register (VX_shift_register_19_0_1_0_103) 1.51e-03 7.02e-03    0.295 8.83e-03   0.0
      pipe_fmt_s (VX_pipe_register_5_25) 2.22e-04 1.19e-03 5.85e-02 1.47e-03   0.0
        g_shift_register (VX_shift_register_3_0_1_0_25) 2.22e-04 1.19e-03 5.85e-02 1.47e-03   0.0
    g_i_1__g_j_2____buffer_ex (VX_pipe_register_34) 1.83e-02 9.63e-02    5.220    0.120   0.1
      g_shift_register (VX_shift_register_582_0_1_0_25) 1.47e-02 9.53e-02    4.369    0.114   0.1
    g_i_1__g_j_1__fedp (VX_tcu_fedp_int_26)    0.317    0.555   86.826    0.958   0.7
      pipe_acc (VX_pipe_register_9_26) 4.97e-03 1.16e-02    0.492 1.71e-02   0.0
        g_shift_register (VX_shift_register_32_0_1_0_26) 4.97e-03 1.16e-02    0.492 1.71e-02   0.0
      pipe_c (VX_pipe_register_8_26)   7.53e-03 4.14e-02    1.929 5.08e-02   0.0
        g_shift_register (VX_shift_register_32_0_4_0_26) 7.53e-03 4.14e-02    1.929 5.08e-02   0.0
      g_red_tree_1__g_add_0__pipe_red (VX_pipe_register_7_78) 1.97e-03 7.52e-03    0.317 9.80e-03   0.0
        g_shift_register (VX_shift_register_20_0_1_0_78) 1.97e-03 7.52e-03    0.317 9.80e-03   0.0
      g_red_tree_0__g_add_1__pipe_red (VX_pipe_register_7_79) 2.33e-03 7.41e-03    0.310 1.00e-02   0.0
        g_shift_register (VX_shift_register_20_0_1_0_79) 2.33e-03 7.41e-03    0.310 1.00e-02   0.0
      g_red_tree_0__g_add_0__pipe_red (VX_pipe_register_7_80) 1.72e-03 7.41e-03    0.310 9.43e-03   0.0
        g_shift_register (VX_shift_register_20_0_1_0_80) 1.72e-03 7.41e-03    0.310 9.43e-03   0.0
      g_prod_3__pipe_sel (VX_pipe_register_6_104) 1.56e-03 7.02e-03    0.295 8.87e-03   0.0
        g_shift_register (VX_shift_register_19_0_1_0_104) 1.56e-03 7.02e-03    0.295 8.87e-03   0.0
      g_prod_2__pipe_sel (VX_pipe_register_6_105) 1.50e-03 7.02e-03    0.295 8.81e-03   0.0
        g_shift_register (VX_shift_register_19_0_1_0_105) 1.50e-03 7.02e-03    0.295 8.81e-03   0.0
      g_prod_1__pipe_sel (VX_pipe_register_6_106) 1.57e-03 7.02e-03    0.295 8.88e-03   0.0
        g_shift_register (VX_shift_register_19_0_1_0_106) 1.57e-03 7.02e-03    0.295 8.88e-03   0.0
      g_prod_0__pipe_sel (VX_pipe_register_6_107) 1.55e-03 7.02e-03    0.295 8.86e-03   0.0
        g_shift_register (VX_shift_register_19_0_1_0_107) 1.55e-03 7.02e-03    0.295 8.86e-03   0.0
      pipe_fmt_s (VX_pipe_register_5_26) 2.25e-04 1.19e-03 5.85e-02 1.47e-03   0.0
        g_shift_register (VX_shift_register_3_0_1_0_26) 2.25e-04 1.19e-03 5.85e-02 1.47e-03   0.0
    g_i_1__g_j_1____buffer_ex (VX_pipe_register_35) 1.89e-02 9.63e-02    5.241    0.120   0.1
      g_shift_register (VX_shift_register_582_0_1_0_26) 1.48e-02 9.53e-02    4.369    0.114   0.1
    g_i_1__g_j_0__fedp (VX_tcu_fedp_int_27)    0.326    0.555   86.961    0.968   0.7
      pipe_acc (VX_pipe_register_9_27) 4.96e-03 1.16e-02    0.492 1.71e-02   0.0
        g_shift_register (VX_shift_register_32_0_1_0_27) 4.96e-03 1.16e-02    0.492 1.71e-02   0.0
      pipe_c (VX_pipe_register_8_27)   7.24e-03 4.14e-02    1.929 5.05e-02   0.0
        g_shift_register (VX_shift_register_32_0_4_0_27) 7.24e-03 4.14e-02    1.929 5.05e-02   0.0
      g_red_tree_1__g_add_0__pipe_red (VX_pipe_register_7_81) 2.00e-03 7.53e-03    0.317 9.84e-03   0.0
        g_shift_register (VX_shift_register_20_0_1_0_81) 2.00e-03 7.53e-03    0.317 9.84e-03   0.0
      g_red_tree_0__g_add_1__pipe_red (VX_pipe_register_7_82) 3.17e-03 7.41e-03    0.310 1.09e-02   0.0
        g_shift_register (VX_shift_register_20_0_1_0_82) 3.17e-03 7.41e-03    0.310 1.09e-02   0.0
      g_red_tree_0__g_add_0__pipe_red (VX_pipe_register_7_83) 1.59e-03 7.41e-03    0.310 9.31e-03   0.0
        g_shift_register (VX_shift_register_20_0_1_0_83) 1.59e-03 7.41e-03    0.310 9.31e-03   0.0
      g_prod_3__pipe_sel (VX_pipe_register_6_108) 1.94e-03 7.02e-03    0.295 9.25e-03   0.0
        g_shift_register (VX_shift_register_19_0_1_0_108) 1.94e-03 7.02e-03    0.295 9.25e-03   0.0
      g_prod_2__pipe_sel (VX_pipe_register_6_109) 1.56e-03 7.02e-03    0.295 8.87e-03   0.0
        g_shift_register (VX_shift_register_19_0_1_0_109) 1.56e-03 7.02e-03    0.295 8.87e-03   0.0
      g_prod_1__pipe_sel (VX_pipe_register_6_110) 1.66e-03 7.02e-03    0.295 8.97e-03   0.0
        g_shift_register (VX_shift_register_19_0_1_0_110) 1.66e-03 7.02e-03    0.295 8.97e-03   0.0
      g_prod_0__pipe_sel (VX_pipe_register_6_111) 1.68e-03 7.02e-03    0.295 8.99e-03   0.0
        g_shift_register (VX_shift_register_19_0_1_0_111) 1.68e-03 7.02e-03    0.295 8.99e-03   0.0
      pipe_fmt_s (VX_pipe_register_5_27) 2.17e-04 1.19e-03 5.85e-02 1.46e-03   0.0
        g_shift_register (VX_shift_register_3_0_1_0_27) 2.17e-04 1.19e-03 5.85e-02 1.46e-03   0.0
    g_i_1__g_j_0____buffer_ex (VX_pipe_register_36) 1.78e-02 9.62e-02    5.147    0.119   0.1
      g_shift_register (VX_shift_register_582_0_1_0_27) 1.46e-02 9.53e-02    4.369    0.114   0.1
    g_i_0__g_j_3__fedp (VX_tcu_fedp_int_28)    0.324    0.555   86.866    0.965   0.7
      pipe_acc (VX_pipe_register_9_28) 5.02e-03 1.16e-02    0.492 1.71e-02   0.0
        g_shift_register (VX_shift_register_32_0_1_0_28) 5.02e-03 1.16e-02    0.492 1.71e-02   0.0
      pipe_c (VX_pipe_register_8_28)   7.17e-03 4.14e-02    1.929 5.05e-02   0.0
        g_shift_register (VX_shift_register_32_0_4_0_28) 7.17e-03 4.14e-02    1.929 5.05e-02   0.0
      g_red_tree_1__g_add_0__pipe_red (VX_pipe_register_7_84) 3.30e-03 7.56e-03    0.317 1.12e-02   0.0
        g_shift_register (VX_shift_register_20_0_1_0_84) 3.30e-03 7.56e-03    0.317 1.12e-02   0.0
      g_red_tree_0__g_add_1__pipe_red (VX_pipe_register_7_85) 1.65e-03 7.40e-03    0.310 9.36e-03   0.0
        g_shift_register (VX_shift_register_20_0_1_0_85) 1.65e-03 7.40e-03    0.310 9.36e-03   0.0
      g_red_tree_0__g_add_0__pipe_red (VX_pipe_register_7_86) 1.75e-03 7.40e-03    0.310 9.46e-03   0.0
        g_shift_register (VX_shift_register_20_0_1_0_86) 1.75e-03 7.40e-03    0.310 9.46e-03   0.0
      g_prod_3__pipe_sel (VX_pipe_register_6_112) 2.11e-03 7.01e-03    0.295 9.42e-03   0.0
        g_shift_register (VX_shift_register_19_0_1_0_112) 2.11e-03 7.01e-03    0.295 9.42e-03   0.0
      g_prod_2__pipe_sel (VX_pipe_register_6_113) 1.46e-03 7.01e-03    0.295 8.77e-03   0.0
        g_shift_register (VX_shift_register_19_0_1_0_113) 1.46e-03 7.01e-03    0.295 8.77e-03   0.0
      g_prod_1__pipe_sel (VX_pipe_register_6_114) 2.20e-03 7.01e-03    0.295 9.50e-03   0.0
        g_shift_register (VX_shift_register_19_0_1_0_114) 2.20e-03 7.01e-03    0.295 9.50e-03   0.0
      g_prod_0__pipe_sel (VX_pipe_register_6_115) 1.83e-03 7.02e-03    0.295 9.14e-03   0.0
        g_shift_register (VX_shift_register_19_0_1_0_115) 1.83e-03 7.02e-03    0.295 9.14e-03   0.0
      pipe_fmt_s (VX_pipe_register_5_28) 2.09e-04 1.19e-03 5.85e-02 1.45e-03   0.0
        g_shift_register (VX_shift_register_3_0_1_0_28) 2.09e-04 1.19e-03 5.85e-02 1.45e-03   0.0
    g_i_0__g_j_3____buffer_ex (VX_pipe_register_37) 2.22e-02 9.63e-02    5.241    0.124   0.1
      g_shift_register (VX_shift_register_582_0_1_0_28) 1.78e-02 9.53e-02    4.369    0.117   0.1
    g_i_0__g_j_2__fedp (VX_tcu_fedp_int_29)    0.327    0.554   86.861    0.969   0.7
      pipe_acc (VX_pipe_register_9_29) 5.15e-03 1.16e-02    0.492 1.72e-02   0.0
        g_shift_register (VX_shift_register_32_0_1_0_29) 5.15e-03 1.16e-02    0.492 1.72e-02   0.0
      pipe_c (VX_pipe_register_8_29)   7.30e-03 4.14e-02    1.929 5.06e-02   0.0
        g_shift_register (VX_shift_register_32_0_4_0_29) 7.30e-03 4.14e-02    1.929 5.06e-02   0.0
      g_red_tree_1__g_add_0__pipe_red (VX_pipe_register_7_87) 3.57e-03 7.56e-03    0.317 1.15e-02   0.0
        g_shift_register (VX_shift_register_20_0_1_0_87) 3.57e-03 7.56e-03    0.317 1.15e-02   0.0
      g_red_tree_0__g_add_1__pipe_red (VX_pipe_register_7_88) 1.81e-03 7.40e-03    0.310 9.52e-03   0.0
        g_shift_register (VX_shift_register_20_0_1_0_88) 1.81e-03 7.40e-03    0.310 9.52e-03   0.0
      g_red_tree_0__g_add_0__pipe_red (VX_pipe_register_7_89) 1.62e-03 7.40e-03    0.310 9.33e-03   0.0
        g_shift_register (VX_shift_register_20_0_1_0_89) 1.62e-03 7.40e-03    0.310 9.33e-03   0.0
      g_prod_3__pipe_sel (VX_pipe_register_6_116) 1.54e-03 7.01e-03    0.295 8.85e-03   0.0
        g_shift_register (VX_shift_register_19_0_1_0_116) 1.54e-03 7.01e-03    0.295 8.85e-03   0.0
      g_prod_2__pipe_sel (VX_pipe_register_6_117) 1.65e-03 7.01e-03    0.295 8.96e-03   0.0
        g_shift_register (VX_shift_register_19_0_1_0_117) 1.65e-03 7.01e-03    0.295 8.96e-03   0.0
      g_prod_1__pipe_sel (VX_pipe_register_6_118) 1.88e-03 7.01e-03    0.295 9.18e-03   0.0
        g_shift_register (VX_shift_register_19_0_1_0_118) 1.88e-03 7.01e-03    0.295 9.18e-03   0.0
      g_prod_0__pipe_sel (VX_pipe_register_6_119) 1.58e-03 7.01e-03    0.295 8.88e-03   0.0
        g_shift_register (VX_shift_register_19_0_1_0_119) 1.58e-03 7.01e-03    0.295 8.88e-03   0.0
      pipe_fmt_s (VX_pipe_register_5_29) 2.18e-04 1.19e-03 5.85e-02 1.46e-03   0.0
        g_shift_register (VX_shift_register_3_0_1_0_29) 2.18e-04 1.19e-03 5.85e-02 1.46e-03   0.0
    g_i_0__g_j_2____buffer_ex (VX_pipe_register_38) 1.88e-02 9.63e-02    5.227    0.120   0.1
      g_shift_register (VX_shift_register_582_0_1_0_29) 1.52e-02 9.53e-02    4.369    0.115   0.1
    g_i_0__g_j_1__fedp (VX_tcu_fedp_int_30)    0.325    0.554   86.842    0.966   0.7
      pipe_acc (VX_pipe_register_9_30) 4.67e-03 1.16e-02    0.492 1.68e-02   0.0
        g_shift_register (VX_shift_register_32_0_1_0_30) 4.67e-03 1.16e-02    0.492 1.68e-02   0.0
      pipe_c (VX_pipe_register_8_30)   7.53e-03 4.14e-02    1.929 5.08e-02   0.0
        g_shift_register (VX_shift_register_32_0_4_0_30) 7.53e-03 4.14e-02    1.929 5.08e-02   0.0
      g_red_tree_1__g_add_0__pipe_red (VX_pipe_register_7_90) 4.57e-03 7.56e-03    0.329 1.25e-02   0.0
        g_shift_register (VX_shift_register_20_0_1_0_90) 4.57e-03 7.56e-03    0.329 1.25e-02   0.0
      g_red_tree_0__g_add_1__pipe_red (VX_pipe_register_7_91) 1.94e-03 7.38e-03    0.310 9.63e-03   0.0
        g_shift_register (VX_shift_register_20_0_1_0_91) 1.94e-03 7.38e-03    0.310 9.63e-03   0.0
      g_red_tree_0__g_add_0__pipe_red (VX_pipe_register_7_92) 1.85e-03 7.38e-03    0.310 9.54e-03   0.0
        g_shift_register (VX_shift_register_20_0_1_0_92) 1.85e-03 7.38e-03    0.310 9.54e-03   0.0
      g_prod_3__pipe_sel (VX_pipe_register_6_120) 1.74e-03 6.99e-03    0.295 9.03e-03   0.0
        g_shift_register (VX_shift_register_19_0_1_0_120) 1.74e-03 6.99e-03    0.295 9.03e-03   0.0
      g_prod_2__pipe_sel (VX_pipe_register_6_121) 1.42e-03 6.99e-03    0.295 8.70e-03   0.0
        g_shift_register (VX_shift_register_19_0_1_0_121) 1.42e-03 6.99e-03    0.295 8.70e-03   0.0
      g_prod_1__pipe_sel (VX_pipe_register_6_122) 2.21e-03 6.99e-03    0.295 9.49e-03   0.0
        g_shift_register (VX_shift_register_19_0_1_0_122) 2.21e-03 6.99e-03    0.295 9.49e-03   0.0
      g_prod_0__pipe_sel (VX_pipe_register_6_123) 1.64e-03 6.99e-03    0.295 8.93e-03   0.0
        g_shift_register (VX_shift_register_19_0_1_0_123) 1.64e-03 6.99e-03    0.295 8.93e-03   0.0
      pipe_fmt_s (VX_pipe_register_5_30) 2.18e-04 1.19e-03 5.85e-02 1.46e-03   0.0
        g_shift_register (VX_shift_register_3_0_1_0_30) 2.18e-04 1.19e-03 5.85e-02 1.46e-03   0.0
    g_i_0__g_j_1____buffer_ex (VX_pipe_register_39) 2.09e-02 9.63e-02    5.200    0.122   0.1
      g_shift_register (VX_shift_register_582_0_1_0_30) 1.72e-02 9.53e-02    4.369    0.117   0.1
    g_i_0__g_j_0__fedp (VX_tcu_fedp_int_31)    0.327    0.555   86.853    0.969   0.7
      pipe_acc (VX_pipe_register_9_31) 4.91e-03 1.16e-02    0.493 1.70e-02   0.0
        g_shift_register (VX_shift_register_32_0_1_0_31) 4.91e-03 1.16e-02    0.493 1.70e-02   0.0
      pipe_c (VX_pipe_register_8_31)   7.16e-03 4.14e-02    1.929 5.05e-02   0.0
        g_shift_register (VX_shift_register_32_0_4_0_31) 7.16e-03 4.14e-02    1.929 5.05e-02   0.0
      g_red_tree_1__g_add_0__pipe_red (VX_pipe_register_7_93) 3.28e-03 7.56e-03    0.317 1.12e-02   0.0
        g_shift_register (VX_shift_register_20_0_1_0_93) 3.28e-03 7.56e-03    0.317 1.12e-02   0.0
      g_red_tree_0__g_add_1__pipe_red (VX_pipe_register_7_94) 2.67e-03 7.40e-03    0.310 1.04e-02   0.0
        g_shift_register (VX_shift_register_20_0_1_0_94) 2.67e-03 7.40e-03    0.310 1.04e-02   0.0
      g_red_tree_0__g_add_0__pipe_red (VX_pipe_register_7_95) 1.64e-03 7.40e-03    0.310 9.35e-03   0.0
        g_shift_register (VX_shift_register_20_0_1_0_95) 1.64e-03 7.40e-03    0.310 9.35e-03   0.0
      g_prod_3__pipe_sel (VX_pipe_register_6_124) 1.59e-03 7.01e-03    0.295 8.90e-03   0.0
        g_shift_register (VX_shift_register_19_0_1_0_124) 1.59e-03 7.01e-03    0.295 8.90e-03   0.0
      g_prod_2__pipe_sel (VX_pipe_register_6_125) 1.51e-03 7.01e-03    0.295 8.82e-03   0.0
        g_shift_register (VX_shift_register_19_0_1_0_125) 1.51e-03 7.01e-03    0.295 8.82e-03   0.0
      g_prod_1__pipe_sel (VX_pipe_register_6_126) 2.70e-03 7.02e-03    0.295 1.00e-02   0.0
        g_shift_register (VX_shift_register_19_0_1_0_126) 2.70e-03 7.02e-03    0.295 1.00e-02   0.0
      g_prod_0__pipe_sel (VX_pipe_register_6_127) 1.81e-03 7.01e-03    0.295 9.11e-03   0.0
        g_shift_register (VX_shift_register_19_0_1_0_127) 1.81e-03 7.01e-03    0.295 9.11e-03   0.0
      pipe_fmt_s (VX_pipe_register_5_31) 2.18e-04 1.19e-03 5.85e-02 1.46e-03   0.0
        g_shift_register (VX_shift_register_3_0_1_0_31) 2.18e-04 1.19e-03 5.85e-02 1.46e-03   0.0
    g_i_0__g_j_0____buffer_ex (VX_pipe_register_40) 1.98e-02 9.63e-02    5.234    0.121   0.1
      g_shift_register (VX_shift_register_582_0_1_0_31) 1.61e-02 9.53e-02    4.369    0.116   0.1
    mdata_queue (VX_fifo_queue_1)      3.50e-04 1.11e-02   11.648 2.31e-02   0.0
      g_depth_n_dp_ram (VX_dp_ram_1)   4.83e-06 7.18e-03    9.802 1.70e-02   0.0
      pending_size (VX_pending_size_1) 3.45e-04 2.05e-03    0.187 2.58e-03   0.0
  g_blocks_0__tcu_fp (VX_tcu_fp_h_190_242_120)   18.840   75.671 5.83e+03  100.340  71.8
    g_i_7__g_j_3__fedp (VX_tcu_fedp_dw_0)    0.557    2.267  174.831    2.999   2.1
      pipe_acc (VX_pipe_register_3_0)  1.87e-02    0.123    5.250    0.147   0.1
        g_shift_register (VX_shift_register_32_0_11_0_0) 1.87e-02    0.123    5.250    0.147   0.1
      pipe_c (VX_pipe_register_4_0)    6.16e-02    0.432   20.155    0.514   0.4
        g_shift_register (VX_shift_register_32_0_42_0_0) 6.16e-02    0.432   20.148    0.514   0.4
      g_red_tree_2__g_add_0__pipe_red (VX_pipe_register_3_1) 2.62e-02    0.118    5.199    0.150   0.1
        g_shift_register (VX_shift_register_32_0_11_0_1) 2.62e-02    0.118    5.199    0.150   0.1
      g_red_tree_1__g_add_1__pipe_red (VX_pipe_register_3_2) 1.96e-02    0.117    5.195    0.142   0.1
        g_shift_register (VX_shift_register_32_0_11_0_2) 1.96e-02    0.117    5.195    0.142   0.1
      g_red_tree_1__g_add_0__pipe_red (VX_pipe_register_3_3) 1.66e-02    0.113    5.185    0.135   0.1
        g_shift_register (VX_shift_register_32_0_11_0_3) 1.66e-02    0.113    5.185    0.135   0.1
      g_red_tree_0__g_add_3__pipe_red (VX_pipe_register_3_4) 1.70e-02    0.113    5.184    0.135   0.1
        g_shift_register (VX_shift_register_32_0_11_0_4) 1.70e-02    0.113    5.184    0.135   0.1
      g_red_tree_0__g_add_2__pipe_red (VX_pipe_register_3_5) 2.30e-02    0.116    5.194    0.144   0.1
        g_shift_register (VX_shift_register_32_0_11_0_5) 2.30e-02    0.116    5.194    0.144   0.1
      g_red_tree_0__g_add_1__pipe_red (VX_pipe_register_3_6) 2.84e-02    0.115    5.192    0.149   0.1
        g_shift_register (VX_shift_register_32_0_11_0_6) 2.84e-02    0.115    5.192    0.149   0.1
      g_red_tree_0__g_add_0__pipe_red (VX_pipe_register_3_7) 2.17e-02    0.116    5.194    0.143   0.1
        g_shift_register (VX_shift_register_32_0_11_0_7) 2.17e-02    0.116    5.194    0.143   0.1
      g_prod_7__pipe_mult (VX_pipe_register_2_0) 1.10e-02 7.98e-02    3.767 9.46e-02   0.1
        g_shift_register (VX_shift_register_32_0_8_0_0) 1.10e-02 7.98e-02    3.767 9.46e-02   0.1
      g_prod_6__pipe_mult (VX_pipe_register_2_1) 1.11e-02 8.00e-02    3.767 9.49e-02   0.1
        g_shift_register (VX_shift_register_32_0_8_0_1) 1.11e-02 8.00e-02    3.767 9.49e-02   0.1
      g_prod_5__pipe_mult (VX_pipe_register_2_2) 1.30e-02 8.23e-02    3.774 9.91e-02   0.1
        g_shift_register (VX_shift_register_32_0_8_0_2) 1.30e-02 8.23e-02    3.774 9.91e-02   0.1
      g_prod_4__pipe_mult (VX_pipe_register_2_3) 1.29e-02 8.19e-02    3.774 9.85e-02   0.1
        g_shift_register (VX_shift_register_32_0_8_0_3) 1.29e-02 8.19e-02    3.774 9.85e-02   0.1
      g_prod_3__pipe_mult (VX_pipe_register_2_4) 1.13e-02 8.05e-02    3.769 9.55e-02   0.1
        g_shift_register (VX_shift_register_32_0_8_0_4) 1.13e-02 8.05e-02    3.769 9.55e-02   0.1
      g_prod_2__pipe_mult (VX_pipe_register_2_5) 1.16e-02 8.05e-02    3.769 9.59e-02   0.1
        g_shift_register (VX_shift_register_32_0_8_0_5) 1.16e-02 8.05e-02    3.769 9.59e-02   0.1
      g_prod_1__pipe_mult (VX_pipe_register_2_6) 1.19e-02 8.04e-02    3.769 9.61e-02   0.1
        g_shift_register (VX_shift_register_32_0_8_0_6) 1.19e-02 8.04e-02    3.769 9.61e-02   0.1
      g_prod_0__pipe_mult (VX_pipe_register_2_7) 1.14e-02 8.06e-02    3.769 9.58e-02   0.1
        g_shift_register (VX_shift_register_32_0_8_0_7) 1.14e-02 8.06e-02    3.769 9.58e-02   0.1
      g_cvt_7__pipe_cvt (VX_pipe_register_1_0) 2.75e-03 1.29e-02    0.602 1.63e-02   0.0
        g_shift_register (VX_shift_register_64_0_1_0_0) 2.75e-03 1.29e-02    0.602 1.63e-02   0.0
      g_cvt_7__cvt_col_bf16 (bf16_to_fp32_dw_0) 7.29e-05 1.55e-04    0.107 3.36e-04   0.0
      g_cvt_7__cvt_row_bf16 (bf16_to_fp32_dw_1) 5.57e-05 1.10e-04    0.107 2.73e-04   0.0
      g_cvt_7__cvt_col_fp16 (fp16_to_fp32_dw_0) 7.16e-04 5.41e-04    0.317 1.57e-03   0.0
      g_cvt_7__cvt_row_fp16 (fp16_to_fp32_dw_1) 5.84e-04 4.07e-04    0.319 1.31e-03   0.0
      g_cvt_6__pipe_cvt (VX_pipe_register_1_1) 2.78e-03 1.29e-02    0.602 1.63e-02   0.0
        g_shift_register (VX_shift_register_64_0_1_0_1) 2.78e-03 1.29e-02    0.602 1.63e-02   0.0
      g_cvt_6__cvt_col_bf16 (bf16_to_fp32_dw_2) 8.08e-05 1.56e-04    0.107 3.44e-04   0.0
      g_cvt_6__cvt_row_bf16 (bf16_to_fp32_dw_3) 5.67e-05 1.10e-04    0.107 2.74e-04   0.0
      g_cvt_6__cvt_col_fp16 (fp16_to_fp32_dw_2) 7.02e-04 5.42e-04    0.317 1.56e-03   0.0
      g_cvt_6__cvt_row_fp16 (fp16_to_fp32_dw_3) 5.55e-04 4.09e-04    0.317 1.28e-03   0.0
      g_cvt_5__pipe_cvt (VX_pipe_register_1_2) 2.82e-03 1.29e-02    0.608 1.64e-02   0.0
        g_shift_register (VX_shift_register_64_0_1_0_2) 2.76e-03 1.29e-02    0.602 1.63e-02   0.0
      g_cvt_5__cvt_col_bf16 (bf16_to_fp32_dw_4) 7.58e-05 1.56e-04    0.107 3.39e-04   0.0
      g_cvt_5__cvt_row_bf16 (bf16_to_fp32_dw_5) 5.05e-05 1.10e-04    0.107 2.68e-04   0.0
      g_cvt_5__cvt_col_fp16 (fp16_to_fp32_dw_4) 7.10e-04 5.40e-04    0.317 1.57e-03   0.0
      g_cvt_5__cvt_row_fp16 (fp16_to_fp32_dw_5) 5.62e-04 4.08e-04    0.317 1.29e-03   0.0
      g_cvt_4__pipe_cvt (VX_pipe_register_1_3) 2.67e-03 1.29e-02    0.602 1.62e-02   0.0
        g_shift_register (VX_shift_register_64_0_1_0_3) 2.67e-03 1.29e-02    0.602 1.62e-02   0.0
      g_cvt_4__cvt_col_bf16 (bf16_to_fp32_dw_6) 8.13e-05 1.55e-04    0.107 3.43e-04   0.0
      g_cvt_4__cvt_row_bf16 (bf16_to_fp32_dw_7) 5.42e-05 1.09e-04    0.107 2.71e-04   0.0
      g_cvt_4__cvt_col_fp16 (fp16_to_fp32_dw_6) 7.07e-04 5.37e-04    0.317 1.56e-03   0.0
      g_cvt_4__cvt_row_fp16 (fp16_to_fp32_dw_7) 5.83e-04 4.09e-04    0.319 1.31e-03   0.0
      g_cvt_3__pipe_cvt (VX_pipe_register_1_4) 2.73e-03 1.30e-02    0.614 1.63e-02   0.0
        g_shift_register (VX_shift_register_64_0_1_0_4) 2.68e-03 1.29e-02    0.602 1.62e-02   0.0
      g_cvt_3__cvt_col_bf16 (bf16_to_fp32_dw_8) 7.18e-05 1.54e-04    0.107 3.34e-04   0.0
      g_cvt_3__cvt_row_bf16 (bf16_to_fp32_dw_9) 5.73e-05 1.10e-04    0.107 2.75e-04   0.0
      g_cvt_3__cvt_col_fp16 (fp16_to_fp32_dw_8) 6.99e-04 5.40e-04    0.317 1.56e-03   0.0
      g_cvt_3__cvt_row_fp16 (fp16_to_fp32_dw_9) 5.46e-04 4.09e-04    0.317 1.27e-03   0.0
      g_cvt_2__pipe_cvt (VX_pipe_register_1_5) 2.72e-03 1.29e-02    0.602 1.63e-02   0.0
        g_shift_register (VX_shift_register_64_0_1_0_5) 2.72e-03 1.29e-02    0.602 1.63e-02   0.0
      g_cvt_2__cvt_col_bf16 (bf16_to_fp32_dw_10) 7.23e-05 1.55e-04    0.107 3.35e-04   0.0
      g_cvt_2__cvt_row_bf16 (bf16_to_fp32_dw_11) 5.76e-05 1.10e-04    0.107 2.75e-04   0.0
      g_cvt_2__cvt_col_fp16 (fp16_to_fp32_dw_10) 7.25e-04 5.39e-04    0.317 1.58e-03   0.0
      g_cvt_2__cvt_row_fp16 (fp16_to_fp32_dw_11) 5.45e-04 4.04e-04    0.317 1.27e-03   0.0
      g_cvt_1__pipe_cvt (VX_pipe_register_1_6) 2.81e-03 1.29e-02    0.602 1.64e-02   0.0
        g_shift_register (VX_shift_register_64_0_1_0_6) 2.81e-03 1.29e-02    0.602 1.64e-02   0.0
      g_cvt_1__cvt_col_bf16 (bf16_to_fp32_dw_12) 7.51e-05 1.55e-04    0.107 3.37e-04   0.0
      g_cvt_1__cvt_row_bf16 (bf16_to_fp32_dw_13) 5.85e-05 1.10e-04    0.107 2.75e-04   0.0
      g_cvt_1__cvt_col_fp16 (fp16_to_fp32_dw_12) 7.42e-04 5.42e-04    0.317 1.60e-03   0.0
      g_cvt_1__cvt_row_fp16 (fp16_to_fp32_dw_13) 5.90e-04 4.07e-04    0.317 1.31e-03   0.0
      g_cvt_0__pipe_cvt (VX_pipe_register_1_7) 2.81e-03 1.29e-02    0.602 1.64e-02   0.0
        g_shift_register (VX_shift_register_64_0_1_0_7) 2.81e-03 1.29e-02    0.602 1.64e-02   0.0
      g_cvt_0__cvt_col_bf16 (bf16_to_fp32_dw_14) 7.13e-05 1.55e-04    0.107 3.33e-04   0.0
      g_cvt_0__cvt_row_bf16 (bf16_to_fp32_dw_15) 5.87e-05 1.13e-04    0.107 2.79e-04   0.0
      g_cvt_0__cvt_col_fp16 (fp16_to_fp32_dw_14) 6.99e-04 5.41e-04    0.317 1.56e-03   0.0
      g_cvt_0__cvt_row_fp16 (fp16_to_fp32_dw_15) 5.93e-04 4.12e-04    0.317 1.32e-03   0.0
    g_i_7__g_j_3____buffer_ex (VX_pipe_register_41) 1.69e-02 9.53e-02    4.369    0.117   0.1
      g_shift_register (VX_shift_register_582_0_1_0_32) 1.69e-02 9.53e-02    4.369    0.117   0.1
    g_i_7__g_j_2__fedp (VX_tcu_fedp_dw_1)    0.563    2.266  174.518    3.003   2.1
      pipe_acc (VX_pipe_register_3_8)  1.83e-02    0.122    5.249    0.146   0.1
        g_shift_register (VX_shift_register_32_0_11_0_8) 1.83e-02    0.122    5.249    0.146   0.1
      pipe_c (VX_pipe_register_4_1)    6.07e-02    0.432   20.147    0.513   0.4
        g_shift_register (VX_shift_register_32_0_42_0_1) 6.07e-02    0.432   20.147    0.513   0.4
      g_red_tree_2__g_add_0__pipe_red (VX_pipe_register_3_9) 2.45e-02    0.118    5.198    0.147   0.1
        g_shift_register (VX_shift_register_32_0_11_0_9) 2.45e-02    0.118    5.198    0.147   0.1
      g_red_tree_1__g_add_1__pipe_red (VX_pipe_register_3_10) 2.27e-02    0.116    5.193    0.144   0.1
        g_shift_register (VX_shift_register_32_0_11_0_10) 2.27e-02    0.116    5.193    0.144   0.1
      g_red_tree_1__g_add_0__pipe_red (VX_pipe_register_3_11) 1.85e-02    0.115    5.187    0.138   0.1
        g_shift_register (VX_shift_register_32_0_11_0_11) 1.85e-02    0.115    5.187    0.138   0.1
      g_red_tree_0__g_add_3__pipe_red (VX_pipe_register_3_12) 2.08e-02    0.113    5.185    0.139   0.1
        g_shift_register (VX_shift_register_32_0_11_0_12) 2.08e-02    0.113    5.185    0.139   0.1
      g_red_tree_0__g_add_2__pipe_red (VX_pipe_register_3_13) 2.49e-02    0.116    5.193    0.146   0.1
        g_shift_register (VX_shift_register_32_0_11_0_13) 2.49e-02    0.116    5.193    0.146   0.1
      g_red_tree_0__g_add_1__pipe_red (VX_pipe_register_3_14) 2.48e-02    0.116    5.193    0.146   0.1
        g_shift_register (VX_shift_register_32_0_11_0_14) 2.48e-02    0.116    5.193    0.146   0.1
      g_red_tree_0__g_add_0__pipe_red (VX_pipe_register_3_15) 2.95e-02    0.116    5.194    0.151   0.1
        g_shift_register (VX_shift_register_32_0_11_0_15) 2.95e-02    0.116    5.194    0.151   0.1
      g_prod_7__pipe_mult (VX_pipe_register_2_8) 1.17e-02 7.98e-02    3.767 9.53e-02   0.1
        g_shift_register (VX_shift_register_32_0_8_0_8) 1.17e-02 7.98e-02    3.767 9.53e-02   0.1
      g_prod_6__pipe_mult (VX_pipe_register_2_9) 1.17e-02 8.00e-02    3.767 9.55e-02   0.1
        g_shift_register (VX_shift_register_32_0_8_0_9) 1.17e-02 8.00e-02    3.767 9.55e-02   0.1
      g_prod_5__pipe_mult (VX_pipe_register_2_10) 1.31e-02 8.23e-02    3.774 9.92e-02   0.1
        g_shift_register (VX_shift_register_32_0_8_0_10) 1.31e-02 8.23e-02    3.774 9.92e-02   0.1
      g_prod_4__pipe_mult (VX_pipe_register_2_11) 1.30e-02 8.18e-02    3.773 9.86e-02   0.1
        g_shift_register (VX_shift_register_32_0_8_0_11) 1.30e-02 8.18e-02    3.773 9.86e-02   0.1
      g_prod_3__pipe_mult (VX_pipe_register_2_12) 1.19e-02 8.05e-02    3.769 9.61e-02   0.1
        g_shift_register (VX_shift_register_32_0_8_0_12) 1.19e-02 8.05e-02    3.769 9.61e-02   0.1
      g_prod_2__pipe_mult (VX_pipe_register_2_13) 1.20e-02 8.05e-02    3.769 9.63e-02   0.1
        g_shift_register (VX_shift_register_32_0_8_0_13) 1.20e-02 8.05e-02    3.769 9.63e-02   0.1
      g_prod_1__pipe_mult (VX_pipe_register_2_14) 1.18e-02 8.05e-02    3.769 9.60e-02   0.1
        g_shift_register (VX_shift_register_32_0_8_0_14) 1.18e-02 8.05e-02    3.769 9.60e-02   0.1
      g_prod_0__pipe_mult (VX_pipe_register_2_15) 1.17e-02 8.06e-02    3.769 9.61e-02   0.1
        g_shift_register (VX_shift_register_32_0_8_0_15) 1.17e-02 8.06e-02    3.769 9.61e-02   0.1
      g_cvt_7__pipe_cvt (VX_pipe_register_1_8) 2.77e-03 1.29e-02    0.602 1.63e-02   0.0
        g_shift_register (VX_shift_register_64_0_1_0_8) 2.77e-03 1.29e-02    0.602 1.63e-02   0.0
      g_cvt_7__cvt_col_bf16 (bf16_to_fp32_dw_16) 9.03e-05 1.56e-04    0.107 3.53e-04   0.0
      g_cvt_7__cvt_row_bf16 (bf16_to_fp32_dw_17) 4.63e-05 1.10e-04    0.107 2.63e-04   0.0
      g_cvt_7__cvt_col_fp16 (fp16_to_fp32_dw_16) 7.56e-04 5.38e-04    0.317 1.61e-03   0.0
      g_cvt_7__cvt_row_fp16 (fp16_to_fp32_dw_17) 5.52e-04 4.02e-04    0.317 1.27e-03   0.0
      g_cvt_6__pipe_cvt (VX_pipe_register_1_9) 2.76e-03 1.30e-02    0.602 1.63e-02   0.0
        g_shift_register (VX_shift_register_64_0_1_0_9) 2.76e-03 1.30e-02    0.602 1.63e-02   0.0
      g_cvt_6__cvt_col_bf16 (bf16_to_fp32_dw_18) 6.39e-05 1.54e-04    0.107 3.25e-04   0.0
      g_cvt_6__cvt_row_bf16 (bf16_to_fp32_dw_19) 5.00e-05 1.11e-04    0.107 2.68e-04   0.0
      g_cvt_6__cvt_col_fp16 (fp16_to_fp32_dw_18) 7.18e-04 5.38e-04    0.317 1.57e-03   0.0
      g_cvt_6__cvt_row_fp16 (fp16_to_fp32_dw_19) 5.64e-04 4.10e-04    0.317 1.29e-03   0.0
      g_cvt_5__pipe_cvt (VX_pipe_register_1_10) 2.85e-03 1.30e-02    0.639 1.65e-02   0.0
        g_shift_register (VX_shift_register_64_0_1_0_10) 2.58e-03 1.29e-02    0.602 1.61e-02   0.0
      g_cvt_5__cvt_col_bf16 (bf16_to_fp32_dw_20) 7.49e-05 1.55e-04    0.107 3.37e-04   0.0
      g_cvt_5__cvt_row_bf16 (bf16_to_fp32_dw_21) 4.95e-05 1.11e-04    0.107 2.67e-04   0.0
      g_cvt_5__cvt_col_fp16 (fp16_to_fp32_dw_20) 7.27e-04 5.38e-04    0.317 1.58e-03   0.0
      g_cvt_5__cvt_row_fp16 (fp16_to_fp32_dw_21) 5.72e-04 4.10e-04    0.316 1.30e-03   0.0
      g_cvt_4__pipe_cvt (VX_pipe_register_1_11) 2.65e-03 1.30e-02    0.608 1.62e-02   0.0
        g_shift_register (VX_shift_register_64_0_1_0_11) 2.59e-03 1.29e-02    0.602 1.61e-02   0.0
      g_cvt_4__cvt_col_bf16 (bf16_to_fp32_dw_22) 1.18e-04 1.55e-04    0.107 3.80e-04   0.0
      g_cvt_4__cvt_row_bf16 (bf16_to_fp32_dw_23) 4.67e-05 1.09e-04    0.107 2.63e-04   0.0
      g_cvt_4__cvt_col_fp16 (fp16_to_fp32_dw_22) 7.17e-04 5.38e-04    0.317 1.57e-03   0.0
      g_cvt_4__cvt_row_fp16 (fp16_to_fp32_dw_23) 5.77e-04 4.09e-04    0.317 1.30e-03   0.0
      g_cvt_3__pipe_cvt (VX_pipe_register_1_12) 2.74e-03 1.29e-02    0.602 1.63e-02   0.0
        g_shift_register (VX_shift_register_64_0_1_0_12) 2.74e-03 1.29e-02    0.602 1.63e-02   0.0
      g_cvt_3__cvt_col_bf16 (bf16_to_fp32_dw_24) 7.43e-05 1.55e-04    0.107 3.37e-04   0.0
      g_cvt_3__cvt_row_bf16 (bf16_to_fp32_dw_25) 5.42e-05 1.10e-04    0.107 2.71e-04   0.0
      g_cvt_3__cvt_col_fp16 (fp16_to_fp32_dw_24) 7.06e-04 5.37e-04    0.317 1.56e-03   0.0
      g_cvt_3__cvt_row_fp16 (fp16_to_fp32_dw_25) 5.59e-04 4.10e-04    0.317 1.29e-03   0.0
      g_cvt_2__pipe_cvt (VX_pipe_register_1_13) 2.72e-03 1.29e-02    0.602 1.63e-02   0.0
        g_shift_register (VX_shift_register_64_0_1_0_13) 2.72e-03 1.29e-02    0.602 1.63e-02   0.0
      g_cvt_2__cvt_col_bf16 (bf16_to_fp32_dw_26) 6.60e-05 1.55e-04    0.107 3.28e-04   0.0
      g_cvt_2__cvt_row_bf16 (bf16_to_fp32_dw_27) 5.20e-05 1.10e-04    0.107 2.69e-04   0.0
      g_cvt_2__cvt_col_fp16 (fp16_to_fp32_dw_26) 7.08e-04 5.39e-04    0.317 1.56e-03   0.0
      g_cvt_2__cvt_row_fp16 (fp16_to_fp32_dw_27) 5.36e-04 4.05e-04    0.317 1.26e-03   0.0
      g_cvt_1__pipe_cvt (VX_pipe_register_1_14) 2.74e-03 1.30e-02    0.621 1.63e-02   0.0
        g_shift_register (VX_shift_register_64_0_1_0_14) 2.66e-03 1.29e-02    0.602 1.62e-02   0.0
      g_cvt_1__cvt_col_bf16 (bf16_to_fp32_dw_28) 7.62e-05 1.55e-04    0.107 3.38e-04   0.0
      g_cvt_1__cvt_row_bf16 (bf16_to_fp32_dw_29) 5.36e-05 1.10e-04    0.107 2.71e-04   0.0
      g_cvt_1__cvt_col_fp16 (fp16_to_fp32_dw_28) 7.19e-04 5.38e-04    0.317 1.57e-03   0.0
      g_cvt_1__cvt_row_fp16 (fp16_to_fp32_dw_29) 5.52e-04 4.06e-04    0.317 1.27e-03   0.0
      g_cvt_0__pipe_cvt (VX_pipe_register_1_15) 2.74e-03 1.29e-02    0.602 1.63e-02   0.0
        g_shift_register (VX_shift_register_64_0_1_0_15) 2.74e-03 1.29e-02    0.602 1.63e-02   0.0
      g_cvt_0__cvt_col_bf16 (bf16_to_fp32_dw_30) 7.14e-05 1.54e-04    0.107 3.33e-04   0.0
      g_cvt_0__cvt_row_bf16 (bf16_to_fp32_dw_31) 4.94e-05 1.10e-04    0.107 2.67e-04   0.0
      g_cvt_0__cvt_col_fp16 (fp16_to_fp32_dw_30) 7.09e-04 5.36e-04    0.317 1.56e-03   0.0
      g_cvt_0__cvt_row_fp16 (fp16_to_fp32_dw_31) 5.54e-04 4.10e-04    0.317 1.28e-03   0.0
    g_i_7__g_j_2____buffer_ex (VX_pipe_register_42) 1.73e-02 9.54e-02    4.369    0.117   0.1
      g_shift_register (VX_shift_register_582_0_1_0_33) 1.73e-02 9.54e-02    4.369    0.117   0.1
    g_i_7__g_j_1__fedp (VX_tcu_fedp_dw_2)    0.550    2.265  174.469    2.990   2.1
      pipe_acc (VX_pipe_register_3_16) 1.92e-02    0.123    5.248    0.147   0.1
        g_shift_register (VX_shift_register_32_0_11_0_16) 1.92e-02    0.123    5.248    0.147   0.1
      pipe_c (VX_pipe_register_4_2)    6.08e-02    0.432   20.145    0.513   0.4
        g_shift_register (VX_shift_register_32_0_42_0_2) 6.08e-02    0.432   20.145    0.513   0.4
      g_red_tree_2__g_add_0__pipe_red (VX_pipe_register_3_17) 2.02e-02    0.118    5.198    0.143   0.1
        g_shift_register (VX_shift_register_32_0_11_0_17) 2.02e-02    0.118    5.198    0.143   0.1
      g_red_tree_1__g_add_1__pipe_red (VX_pipe_register_3_18) 2.57e-02    0.117    5.194    0.148   0.1
        g_shift_register (VX_shift_register_32_0_11_0_18) 2.57e-02    0.117    5.194    0.148   0.1
      g_red_tree_1__g_add_0__pipe_red (VX_pipe_register_3_19) 2.27e-02    0.114    5.186    0.142   0.1
        g_shift_register (VX_shift_register_32_0_11_0_19) 2.27e-02    0.114    5.186    0.142   0.1
      g_red_tree_0__g_add_3__pipe_red (VX_pipe_register_3_20) 1.86e-02    0.112    5.183    0.136   0.1
        g_shift_register (VX_shift_register_32_0_11_0_20) 1.86e-02    0.112    5.183    0.136   0.1
      g_red_tree_0__g_add_2__pipe_red (VX_pipe_register_3_21) 2.42e-02    0.116    5.195    0.146   0.1
        g_shift_register (VX_shift_register_32_0_11_0_21) 2.42e-02    0.116    5.195    0.146   0.1
      g_red_tree_0__g_add_1__pipe_red (VX_pipe_register_3_22) 1.97e-02    0.115    5.193    0.140   0.1
        g_shift_register (VX_shift_register_32_0_11_0_22) 1.97e-02    0.115    5.193    0.140   0.1
      g_red_tree_0__g_add_0__pipe_red (VX_pipe_register_3_23) 2.10e-02    0.116    5.194    0.143   0.1
        g_shift_register (VX_shift_register_32_0_11_0_23) 2.10e-02    0.116    5.194    0.143   0.1
      g_prod_7__pipe_mult (VX_pipe_register_2_16) 1.14e-02 7.98e-02    3.767 9.50e-02   0.1
        g_shift_register (VX_shift_register_32_0_8_0_16) 1.14e-02 7.98e-02    3.767 9.50e-02   0.1
      g_prod_6__pipe_mult (VX_pipe_register_2_17) 1.17e-02 8.00e-02    3.767 9.55e-02   0.1
        g_shift_register (VX_shift_register_32_0_8_0_17) 1.17e-02 8.00e-02    3.767 9.55e-02   0.1
      g_prod_5__pipe_mult (VX_pipe_register_2_18) 1.33e-02 8.23e-02    3.774 9.94e-02   0.1
        g_shift_register (VX_shift_register_32_0_8_0_18) 1.33e-02 8.23e-02    3.774 9.94e-02   0.1
      g_prod_4__pipe_mult (VX_pipe_register_2_19) 1.39e-02 8.18e-02    3.773 9.94e-02   0.1
        g_shift_register (VX_shift_register_32_0_8_0_19) 1.39e-02 8.18e-02    3.773 9.94e-02   0.1
      g_prod_3__pipe_mult (VX_pipe_register_2_20) 1.27e-02 8.05e-02    3.769 9.69e-02   0.1
        g_shift_register (VX_shift_register_32_0_8_0_20) 1.27e-02 8.05e-02    3.769 9.69e-02   0.1
      g_prod_2__pipe_mult (VX_pipe_register_2_21) 1.27e-02 8.05e-02    3.769 9.70e-02   0.1
        g_shift_register (VX_shift_register_32_0_8_0_21) 1.27e-02 8.05e-02    3.769 9.70e-02   0.1
      g_prod_1__pipe_mult (VX_pipe_register_2_22) 1.23e-02 8.04e-02    3.769 9.64e-02   0.1
        g_shift_register (VX_shift_register_32_0_8_0_22) 1.23e-02 8.04e-02    3.769 9.64e-02   0.1
      g_prod_0__pipe_mult (VX_pipe_register_2_23) 1.22e-02 8.06e-02    3.769 9.66e-02   0.1
        g_shift_register (VX_shift_register_32_0_8_0_23) 1.22e-02 8.06e-02    3.769 9.66e-02   0.1
      g_cvt_7__pipe_cvt (VX_pipe_register_1_16) 2.76e-03 1.29e-02    0.608 1.63e-02   0.0
        g_shift_register (VX_shift_register_64_0_1_0_16) 2.71e-03 1.29e-02    0.602 1.63e-02   0.0
      g_cvt_7__cvt_col_bf16 (bf16_to_fp32_dw_32) 7.40e-05 1.54e-04    0.107 3.36e-04   0.0
      g_cvt_7__cvt_row_bf16 (bf16_to_fp32_dw_33) 5.10e-05 1.09e-04    0.107 2.67e-04   0.0
      g_cvt_7__cvt_col_fp16 (fp16_to_fp32_dw_32) 7.36e-04 5.38e-04    0.317 1.59e-03   0.0
      g_cvt_7__cvt_row_fp16 (fp16_to_fp32_dw_33) 5.50e-04 4.06e-04    0.317 1.27e-03   0.0
      g_cvt_6__pipe_cvt (VX_pipe_register_1_17) 2.78e-03 1.29e-02    0.602 1.63e-02   0.0
        g_shift_register (VX_shift_register_64_0_1_0_17) 2.78e-03 1.29e-02    0.602 1.63e-02   0.0
      g_cvt_6__cvt_col_bf16 (bf16_to_fp32_dw_34) 6.38e-05 1.54e-04    0.107 3.26e-04   0.0
      g_cvt_6__cvt_row_bf16 (bf16_to_fp32_dw_35) 5.08e-05 1.10e-04    0.107 2.68e-04   0.0
      g_cvt_6__cvt_col_fp16 (fp16_to_fp32_dw_34) 7.26e-04 5.42e-04    0.317 1.58e-03   0.0
      g_cvt_6__cvt_row_fp16 (fp16_to_fp32_dw_35) 5.50e-04 4.07e-04    0.317 1.27e-03   0.0
      g_cvt_5__pipe_cvt (VX_pipe_register_1_18) 2.77e-03 1.29e-02    0.614 1.63e-02   0.0
        g_shift_register (VX_shift_register_64_0_1_0_18) 2.70e-03 1.29e-02    0.602 1.62e-02   0.0
      g_cvt_5__cvt_col_bf16 (bf16_to_fp32_dw_36) 6.76e-05 1.55e-04    0.107 3.30e-04   0.0
      g_cvt_5__cvt_row_bf16 (bf16_to_fp32_dw_37) 4.78e-05 1.10e-04    0.107 2.65e-04   0.0
      g_cvt_5__cvt_col_fp16 (fp16_to_fp32_dw_36) 7.47e-04 5.42e-04    0.317 1.61e-03   0.0
      g_cvt_5__cvt_row_fp16 (fp16_to_fp32_dw_37) 5.48e-04 4.08e-04    0.317 1.27e-03   0.0
      g_cvt_4__pipe_cvt (VX_pipe_register_1_19) 2.60e-03 1.30e-02    0.614 1.62e-02   0.0
        g_shift_register (VX_shift_register_64_0_1_0_19) 2.51e-03 1.29e-02    0.602 1.61e-02   0.0
      g_cvt_4__cvt_col_bf16 (bf16_to_fp32_dw_38) 7.19e-05 1.54e-04    0.107 3.33e-04   0.0
      g_cvt_4__cvt_row_bf16 (bf16_to_fp32_dw_39) 4.65e-05 1.09e-04    0.107 2.63e-04   0.0
      g_cvt_4__cvt_col_fp16 (fp16_to_fp32_dw_38) 7.22e-04 5.37e-04    0.317 1.58e-03   0.0
      g_cvt_4__cvt_row_fp16 (fp16_to_fp32_dw_39) 5.49e-04 4.06e-04    0.317 1.27e-03   0.0
      g_cvt_3__pipe_cvt (VX_pipe_register_1_20) 2.76e-03 1.29e-02    0.608 1.63e-02   0.0
        g_shift_register (VX_shift_register_64_0_1_0_20) 2.69e-03 1.29e-02    0.602 1.62e-02   0.0
      g_cvt_3__cvt_col_bf16 (bf16_to_fp32_dw_40) 7.16e-05 1.54e-04    0.107 3.33e-04   0.0
      g_cvt_3__cvt_row_bf16 (bf16_to_fp32_dw_41) 6.00e-05 1.14e-04    0.107 2.81e-04   0.0
      g_cvt_3__cvt_col_fp16 (fp16_to_fp32_dw_40) 7.24e-04 5.37e-04    0.317 1.58e-03   0.0
      g_cvt_3__cvt_row_fp16 (fp16_to_fp32_dw_41) 6.22e-04 4.19e-04    0.319 1.36e-03   0.0
      g_cvt_2__pipe_cvt (VX_pipe_register_1_21) 2.73e-03 1.30e-02    0.608 1.63e-02   0.0
        g_shift_register (VX_shift_register_64_0_1_0_21) 2.67e-03 1.29e-02    0.602 1.62e-02   0.0
      g_cvt_2__cvt_col_bf16 (bf16_to_fp32_dw_42) 6.81e-05 1.55e-04    0.107 3.30e-04   0.0
      g_cvt_2__cvt_row_bf16 (bf16_to_fp32_dw_43) 5.12e-05 1.14e-04    0.107 2.73e-04   0.0
      g_cvt_2__cvt_col_fp16 (fp16_to_fp32_dw_42) 7.01e-04 5.39e-04    0.317 1.56e-03   0.0
      g_cvt_2__cvt_row_fp16 (fp16_to_fp32_dw_43) 5.93e-04 4.09e-04    0.317 1.32e-03   0.0
      g_cvt_1__pipe_cvt (VX_pipe_register_1_22) 2.77e-03 1.29e-02    0.602 1.63e-02   0.0
        g_shift_register (VX_shift_register_64_0_1_0_22) 2.77e-03 1.29e-02    0.602 1.63e-02   0.0
      g_cvt_1__cvt_col_bf16 (bf16_to_fp32_dw_44) 8.19e-05 1.54e-04    0.107 3.43e-04   0.0
      g_cvt_1__cvt_row_bf16 (bf16_to_fp32_dw_45) 4.75e-05 1.11e-04    0.107 2.66e-04   0.0
      g_cvt_1__cvt_col_fp16 (fp16_to_fp32_dw_44) 7.26e-04 5.37e-04    0.317 1.58e-03   0.0
      g_cvt_1__cvt_row_fp16 (fp16_to_fp32_dw_45) 5.52e-04 4.08e-04    0.316 1.28e-03   0.0
      g_cvt_0__pipe_cvt (VX_pipe_register_1_23) 2.79e-03 1.29e-02    0.602 1.63e-02   0.0
        g_shift_register (VX_shift_register_64_0_1_0_23) 2.79e-03 1.29e-02    0.602 1.63e-02   0.0
      g_cvt_0__cvt_col_bf16 (bf16_to_fp32_dw_46) 7.20e-05 1.55e-04    0.107 3.34e-04   0.0
      g_cvt_0__cvt_row_bf16 (bf16_to_fp32_dw_47) 5.03e-05 1.12e-04    0.107 2.70e-04   0.0
      g_cvt_0__cvt_col_fp16 (fp16_to_fp32_dw_46) 7.26e-04 5.42e-04    0.317 1.58e-03   0.0
      g_cvt_0__cvt_row_fp16 (fp16_to_fp32_dw_47) 5.75e-04 4.11e-04    0.316 1.30e-03   0.0
    g_i_7__g_j_1____buffer_ex (VX_pipe_register_43) 1.85e-02 9.54e-02    4.384    0.118   0.1
      g_shift_register (VX_shift_register_582_0_1_0_34) 1.85e-02 9.54e-02    4.384    0.118   0.1
    g_i_7__g_j_0__fedp (VX_tcu_fedp_dw_3)    0.564    2.271  174.868    3.010   2.2
      pipe_acc (VX_pipe_register_3_24) 2.55e-02    0.123    5.249    0.153   0.1
        g_shift_register (VX_shift_register_32_0_11_0_24) 2.55e-02    0.123    5.249    0.153   0.1
      pipe_c (VX_pipe_register_4_3)    6.25e-02    0.433   20.144    0.515   0.4
        g_shift_register (VX_shift_register_32_0_42_0_3) 6.25e-02    0.433   20.144    0.515   0.4
      g_red_tree_2__g_add_0__pipe_red (VX_pipe_register_3_25) 2.38e-02    0.120    5.203    0.149   0.1
        g_shift_register (VX_shift_register_32_0_11_0_25) 2.38e-02    0.120    5.203    0.149   0.1
      g_red_tree_1__g_add_1__pipe_red (VX_pipe_register_3_26) 2.04e-02    0.118    5.195    0.143   0.1
        g_shift_register (VX_shift_register_32_0_11_0_26) 2.04e-02    0.118    5.195    0.143   0.1
      g_red_tree_1__g_add_0__pipe_red (VX_pipe_register_3_27) 1.71e-02    0.114    5.188    0.137   0.1
        g_shift_register (VX_shift_register_32_0_11_0_27) 1.71e-02    0.114    5.188    0.137   0.1
      g_red_tree_0__g_add_3__pipe_red (VX_pipe_register_3_28) 1.76e-02    0.113    5.183    0.135   0.1
        g_shift_register (VX_shift_register_32_0_11_0_28) 1.76e-02    0.113    5.183    0.135   0.1
      g_red_tree_0__g_add_2__pipe_red (VX_pipe_register_3_29) 2.06e-02    0.116    5.195    0.142   0.1
        g_shift_register (VX_shift_register_32_0_11_0_29) 2.06e-02    0.116    5.195    0.142   0.1
      g_red_tree_0__g_add_1__pipe_red (VX_pipe_register_3_30) 2.52e-02    0.115    5.192    0.146   0.1
        g_shift_register (VX_shift_register_32_0_11_0_30) 2.52e-02    0.115    5.192    0.146   0.1
      g_red_tree_0__g_add_0__pipe_red (VX_pipe_register_3_31) 2.44e-02    0.116    5.193    0.145   0.1
        g_shift_register (VX_shift_register_32_0_11_0_31) 2.44e-02    0.116    5.193    0.145   0.1
      g_prod_7__pipe_mult (VX_pipe_register_2_24) 1.10e-02 7.98e-02    3.767 9.46e-02   0.1
        g_shift_register (VX_shift_register_32_0_8_0_24) 1.10e-02 7.98e-02    3.767 9.46e-02   0.1
      g_prod_6__pipe_mult (VX_pipe_register_2_25) 1.11e-02 8.00e-02    3.767 9.49e-02   0.1
        g_shift_register (VX_shift_register_32_0_8_0_25) 1.11e-02 8.00e-02    3.767 9.49e-02   0.1
      g_prod_5__pipe_mult (VX_pipe_register_2_26) 1.23e-02 8.23e-02    3.774 9.83e-02   0.1
        g_shift_register (VX_shift_register_32_0_8_0_26) 1.23e-02 8.23e-02    3.774 9.83e-02   0.1
      g_prod_4__pipe_mult (VX_pipe_register_2_27) 1.18e-02 8.19e-02    3.774 9.75e-02   0.1
        g_shift_register (VX_shift_register_32_0_8_0_27) 1.18e-02 8.19e-02    3.774 9.75e-02   0.1
      g_prod_3__pipe_mult (VX_pipe_register_2_28) 1.19e-02 8.05e-02    3.769 9.61e-02   0.1
        g_shift_register (VX_shift_register_32_0_8_0_28) 1.19e-02 8.05e-02    3.769 9.61e-02   0.1
      g_prod_2__pipe_mult (VX_pipe_register_2_29) 1.23e-02 8.06e-02    3.769 9.66e-02   0.1
        g_shift_register (VX_shift_register_32_0_8_0_29) 1.23e-02 8.06e-02    3.769 9.66e-02   0.1
      g_prod_1__pipe_mult (VX_pipe_register_2_30) 1.16e-02 8.04e-02    3.769 9.58e-02   0.1
        g_shift_register (VX_shift_register_32_0_8_0_30) 1.16e-02 8.04e-02    3.769 9.58e-02   0.1
      g_prod_0__pipe_mult (VX_pipe_register_2_31) 1.11e-02 8.06e-02    3.769 9.56e-02   0.1
        g_shift_register (VX_shift_register_32_0_8_0_31) 1.11e-02 8.06e-02    3.769 9.56e-02   0.1
      g_cvt_7__pipe_cvt (VX_pipe_register_1_24) 2.71e-03 1.29e-02    0.602 1.62e-02   0.0
        g_shift_register (VX_shift_register_64_0_1_0_24) 2.71e-03 1.29e-02    0.602 1.62e-02   0.0
      g_cvt_7__cvt_col_bf16 (bf16_to_fp32_dw_48) 7.37e-05 1.55e-04    0.107 3.36e-04   0.0
      g_cvt_7__cvt_row_bf16 (bf16_to_fp32_dw_49) 5.46e-05 1.09e-04    0.107 2.71e-04   0.0
      g_cvt_7__cvt_col_fp16 (fp16_to_fp32_dw_48) 7.20e-04 5.39e-04    0.317 1.58e-03   0.0
      g_cvt_7__cvt_row_fp16 (fp16_to_fp32_dw_49) 5.39e-04 4.06e-04    0.317 1.26e-03   0.0
      g_cvt_6__pipe_cvt (VX_pipe_register_1_25) 2.83e-03 1.30e-02    0.608 1.64e-02   0.0
        g_shift_register (VX_shift_register_64_0_1_0_25) 2.81e-03 1.29e-02    0.602 1.64e-02   0.0
      g_cvt_6__cvt_col_bf16 (bf16_to_fp32_dw_50) 7.07e-05 1.55e-04    0.107 3.33e-04   0.0
      g_cvt_6__cvt_row_bf16 (bf16_to_fp32_dw_51) 5.89e-05 1.10e-04    0.107 2.76e-04   0.0
      g_cvt_6__cvt_col_fp16 (fp16_to_fp32_dw_50) 6.94e-04 5.37e-04    0.317 1.55e-03   0.0
      g_cvt_6__cvt_row_fp16 (fp16_to_fp32_dw_51) 5.71e-04 4.06e-04    0.317 1.29e-03   0.0
      g_cvt_5__pipe_cvt (VX_pipe_register_1_26) 2.77e-03 1.29e-02    0.602 1.63e-02   0.0
        g_shift_register (VX_shift_register_64_0_1_0_26) 2.77e-03 1.29e-02    0.602 1.63e-02   0.0
      g_cvt_5__cvt_col_bf16 (bf16_to_fp32_dw_52) 7.21e-05 1.54e-04    0.107 3.33e-04   0.0
      g_cvt_5__cvt_row_bf16 (bf16_to_fp32_dw_53) 5.31e-05 1.12e-04    0.107 2.72e-04   0.0
      g_cvt_5__cvt_col_fp16 (fp16_to_fp32_dw_52) 7.05e-04 5.40e-04    0.317 1.56e-03   0.0
      g_cvt_5__cvt_row_fp16 (fp16_to_fp32_dw_53) 6.37e-04 4.15e-04    0.320 1.37e-03   0.0
      g_cvt_4__pipe_cvt (VX_pipe_register_1_27) 2.73e-03 1.29e-02    0.602 1.63e-02   0.0
        g_shift_register (VX_shift_register_64_0_1_0_27) 2.73e-03 1.29e-02    0.602 1.63e-02   0.0
      g_cvt_4__cvt_col_bf16 (bf16_to_fp32_dw_54) 7.17e-05 1.54e-04    0.107 3.33e-04   0.0
      g_cvt_4__cvt_row_bf16 (bf16_to_fp32_dw_55) 5.49e-05 1.10e-04    0.107 2.72e-04   0.0
      g_cvt_4__cvt_col_fp16 (fp16_to_fp32_dw_54) 7.41e-04 5.41e-04    0.317 1.60e-03   0.0
      g_cvt_4__cvt_row_fp16 (fp16_to_fp32_dw_55) 6.13e-04 4.09e-04    0.320 1.34e-03   0.0
      g_cvt_3__pipe_cvt (VX_pipe_register_1_28) 2.73e-03 1.29e-02    0.602 1.63e-02   0.0
        g_shift_register (VX_shift_register_64_0_1_0_28) 2.73e-03 1.29e-02    0.602 1.63e-02   0.0
      g_cvt_3__cvt_col_bf16 (bf16_to_fp32_dw_56) 7.35e-05 1.54e-04    0.107 3.35e-04   0.0
      g_cvt_3__cvt_row_bf16 (bf16_to_fp32_dw_57) 5.24e-05 1.10e-04    0.107 2.70e-04   0.0
      g_cvt_3__cvt_col_fp16 (fp16_to_fp32_dw_56) 7.13e-04 5.41e-04    0.317 1.57e-03   0.0
      g_cvt_3__cvt_row_fp16 (fp16_to_fp32_dw_57) 5.74e-04 4.10e-04    0.317 1.30e-03   0.0
      g_cvt_2__pipe_cvt (VX_pipe_register_1_29) 2.70e-03 1.30e-02    0.608 1.63e-02   0.0
        g_shift_register (VX_shift_register_64_0_1_0_29) 2.65e-03 1.29e-02    0.602 1.62e-02   0.0
      g_cvt_2__cvt_col_bf16 (bf16_to_fp32_dw_58) 7.11e-05 1.57e-04    0.107 3.35e-04   0.0
      g_cvt_2__cvt_row_bf16 (bf16_to_fp32_dw_59) 5.39e-05 1.09e-04    0.107 2.71e-04   0.0
      g_cvt_2__cvt_col_fp16 (fp16_to_fp32_dw_58) 7.14e-04 5.40e-04    0.317 1.57e-03   0.0
      g_cvt_2__cvt_row_fp16 (fp16_to_fp32_dw_59) 5.44e-04 4.04e-04    0.317 1.26e-03   0.0
      g_cvt_1__pipe_cvt (VX_pipe_register_1_30) 2.74e-03 1.29e-02    0.602 1.63e-02   0.0
        g_shift_register (VX_shift_register_64_0_1_0_30) 2.74e-03 1.29e-02    0.602 1.63e-02   0.0
      g_cvt_1__cvt_col_bf16 (bf16_to_fp32_dw_60) 8.25e-05 1.55e-04    0.107 3.45e-04   0.0
      g_cvt_1__cvt_row_bf16 (bf16_to_fp32_dw_61) 5.09e-05 1.10e-04    0.107 2.68e-04   0.0
      g_cvt_1__cvt_col_fp16 (fp16_to_fp32_dw_60) 7.09e-04 5.37e-04    0.317 1.56e-03   0.0
      g_cvt_1__cvt_row_fp16 (fp16_to_fp32_dw_61) 5.48e-04 4.07e-04    0.317 1.27e-03   0.0
      g_cvt_0__pipe_cvt (VX_pipe_register_1_31) 2.77e-03 1.29e-02    0.608 1.63e-02   0.0
        g_shift_register (VX_shift_register_64_0_1_0_31) 2.72e-03 1.29e-02    0.602 1.63e-02   0.0
      g_cvt_0__cvt_col_bf16 (bf16_to_fp32_dw_62) 7.11e-05 1.55e-04    0.107 3.33e-04   0.0
      g_cvt_0__cvt_row_bf16 (bf16_to_fp32_dw_63) 5.11e-05 1.10e-04    0.107 2.68e-04   0.0
      g_cvt_0__cvt_col_fp16 (fp16_to_fp32_dw_62) 7.03e-04 5.36e-04    0.317 1.56e-03   0.0
      g_cvt_0__cvt_row_fp16 (fp16_to_fp32_dw_63) 5.51e-04 4.08e-04    0.317 1.28e-03   0.0
    g_i_7__g_j_0____buffer_ex (VX_pipe_register_44) 1.72e-02 9.54e-02    4.369    0.117   0.1
      g_shift_register (VX_shift_register_582_0_1_0_35) 1.72e-02 9.54e-02    4.369    0.117   0.1
    g_i_6__g_j_3__fedp (VX_tcu_fedp_dw_4)    0.534    2.263  174.464    2.971   2.1
      pipe_acc (VX_pipe_register_3_32) 1.60e-02    0.122    5.250    0.143   0.1
        g_shift_register (VX_shift_register_32_0_11_0_32) 1.60e-02    0.122    5.250    0.143   0.1
      pipe_c (VX_pipe_register_4_4)    5.79e-02    0.433   20.149    0.511   0.4
        g_shift_register (VX_shift_register_32_0_42_0_4) 5.79e-02    0.433   20.149    0.511   0.4
      g_red_tree_2__g_add_0__pipe_red (VX_pipe_register_3_33) 2.23e-02    0.118    5.198    0.145   0.1
        g_shift_register (VX_shift_register_32_0_11_0_33) 2.23e-02    0.118    5.198    0.145   0.1
      g_red_tree_1__g_add_1__pipe_red (VX_pipe_register_3_34) 2.29e-02    0.117    5.193    0.145   0.1
        g_shift_register (VX_shift_register_32_0_11_0_34) 2.29e-02    0.117    5.193    0.145   0.1
      g_red_tree_1__g_add_0__pipe_red (VX_pipe_register_3_35) 1.80e-02    0.114    5.187    0.137   0.1
        g_shift_register (VX_shift_register_32_0_11_0_35) 1.80e-02    0.114    5.187    0.137   0.1
      g_red_tree_0__g_add_3__pipe_red (VX_pipe_register_3_36) 1.75e-02    0.112    5.182    0.135   0.1
        g_shift_register (VX_shift_register_32_0_11_0_36) 1.75e-02    0.112    5.182    0.135   0.1
      g_red_tree_0__g_add_2__pipe_red (VX_pipe_register_3_37) 2.14e-02    0.116    5.194    0.143   0.1
        g_shift_register (VX_shift_register_32_0_11_0_37) 2.14e-02    0.116    5.194    0.143   0.1
      g_red_tree_0__g_add_1__pipe_red (VX_pipe_register_3_38) 2.29e-02    0.115    5.193    0.144   0.1
        g_shift_register (VX_shift_register_32_0_11_0_38) 2.29e-02    0.115    5.193    0.144   0.1
      g_red_tree_0__g_add_0__pipe_red (VX_pipe_register_3_39) 2.29e-02    0.116    5.193    0.144   0.1
        g_shift_register (VX_shift_register_32_0_11_0_39) 2.29e-02    0.116    5.193    0.144   0.1
      g_prod_7__pipe_mult (VX_pipe_register_2_32) 1.14e-02 7.98e-02    3.767 9.50e-02   0.1
        g_shift_register (VX_shift_register_32_0_8_0_32) 1.14e-02 7.98e-02    3.767 9.50e-02   0.1
      g_prod_6__pipe_mult (VX_pipe_register_2_33) 1.15e-02 8.00e-02    3.767 9.53e-02   0.1
        g_shift_register (VX_shift_register_32_0_8_0_33) 1.15e-02 8.00e-02    3.767 9.53e-02   0.1
      g_prod_5__pipe_mult (VX_pipe_register_2_34) 1.32e-02 8.23e-02    3.774 9.92e-02   0.1
        g_shift_register (VX_shift_register_32_0_8_0_34) 1.32e-02 8.23e-02    3.774 9.92e-02   0.1
      g_prod_4__pipe_mult (VX_pipe_register_2_35) 1.32e-02 8.17e-02    3.773 9.87e-02   0.1
        g_shift_register (VX_shift_register_32_0_8_0_35) 1.32e-02 8.17e-02    3.773 9.87e-02   0.1
      g_prod_3__pipe_mult (VX_pipe_register_2_36) 1.19e-02 8.05e-02    3.769 9.61e-02   0.1
        g_shift_register (VX_shift_register_32_0_8_0_36) 1.19e-02 8.05e-02    3.769 9.61e-02   0.1
      g_prod_2__pipe_mult (VX_pipe_register_2_37) 1.14e-02 8.06e-02    3.769 9.57e-02   0.1
        g_shift_register (VX_shift_register_32_0_8_0_37) 1.14e-02 8.06e-02    3.769 9.57e-02   0.1
      g_prod_1__pipe_mult (VX_pipe_register_2_38) 1.15e-02 8.05e-02    3.769 9.57e-02   0.1
        g_shift_register (VX_shift_register_32_0_8_0_38) 1.15e-02 8.05e-02    3.769 9.57e-02   0.1
      g_prod_0__pipe_mult (VX_pipe_register_2_39) 1.12e-02 8.07e-02    3.769 9.56e-02   0.1
        g_shift_register (VX_shift_register_32_0_8_0_39) 1.12e-02 8.07e-02    3.769 9.56e-02   0.1
      g_cvt_7__pipe_cvt (VX_pipe_register_1_32) 2.73e-03 1.30e-02    0.614 1.63e-02   0.0
        g_shift_register (VX_shift_register_64_0_1_0_32) 2.64e-03 1.29e-02    0.602 1.62e-02   0.0
      g_cvt_7__cvt_col_bf16 (bf16_to_fp32_dw_64) 7.30e-05 1.55e-04    0.107 3.36e-04   0.0
      g_cvt_7__cvt_row_bf16 (bf16_to_fp32_dw_65) 4.63e-05 1.10e-04    0.107 2.64e-04   0.0
      g_cvt_7__cvt_col_fp16 (fp16_to_fp32_dw_64) 7.05e-04 5.40e-04    0.317 1.56e-03   0.0
      g_cvt_7__cvt_row_fp16 (fp16_to_fp32_dw_65) 5.73e-04 4.09e-04    0.317 1.30e-03   0.0
      g_cvt_6__pipe_cvt (VX_pipe_register_1_33) 2.75e-03 1.30e-02    0.608 1.63e-02   0.0
        g_shift_register (VX_shift_register_64_0_1_0_33) 2.68e-03 1.30e-02    0.602 1.62e-02   0.0
      g_cvt_6__cvt_col_bf16 (bf16_to_fp32_dw_66) 7.82e-05 1.56e-04    0.107 3.41e-04   0.0
      g_cvt_6__cvt_row_bf16 (bf16_to_fp32_dw_67) 5.92e-05 1.11e-04    0.107 2.77e-04   0.0
      g_cvt_6__cvt_col_fp16 (fp16_to_fp32_dw_66) 7.21e-04 5.45e-04    0.317 1.58e-03   0.0
      g_cvt_6__cvt_row_fp16 (fp16_to_fp32_dw_67) 6.20e-04 4.12e-04    0.319 1.35e-03   0.0
      g_cvt_5__pipe_cvt (VX_pipe_register_1_34) 2.76e-03 1.30e-02    0.614 1.63e-02   0.0
        g_shift_register (VX_shift_register_64_0_1_0_34) 2.66e-03 1.29e-02    0.602 1.62e-02   0.0
      g_cvt_5__cvt_col_bf16 (bf16_to_fp32_dw_68) 7.87e-05 1.56e-04    0.107 3.42e-04   0.0
      g_cvt_5__cvt_row_bf16 (bf16_to_fp32_dw_69) 4.77e-05 1.09e-04    0.107 2.64e-04   0.0
      g_cvt_5__cvt_col_fp16 (fp16_to_fp32_dw_68) 7.22e-04 5.37e-04    0.317 1.58e-03   0.0
      g_cvt_5__cvt_row_fp16 (fp16_to_fp32_dw_69) 5.57e-04 4.05e-04    0.317 1.28e-03   0.0
      g_cvt_4__pipe_cvt (VX_pipe_register_1_35) 2.61e-03 1.29e-02    0.608 1.62e-02   0.0
        g_shift_register (VX_shift_register_64_0_1_0_35) 2.55e-03 1.29e-02    0.602 1.61e-02   0.0
      g_cvt_4__cvt_col_bf16 (bf16_to_fp32_dw_70) 6.72e-05 1.54e-04    0.107 3.29e-04   0.0
      g_cvt_4__cvt_row_bf16 (bf16_to_fp32_dw_71) 4.76e-05 1.10e-04    0.107 2.65e-04   0.0
      g_cvt_4__cvt_col_fp16 (fp16_to_fp32_dw_70) 6.99e-04 5.36e-04    0.317 1.55e-03   0.0
      g_cvt_4__cvt_row_fp16 (fp16_to_fp32_dw_71) 5.62e-04 4.10e-04    0.317 1.29e-03   0.0
      g_cvt_3__pipe_cvt (VX_pipe_register_1_36) 2.76e-03 1.30e-02    0.608 1.63e-02   0.0
        g_shift_register (VX_shift_register_64_0_1_0_36) 2.70e-03 1.30e-02    0.602 1.62e-02   0.0
      g_cvt_3__cvt_col_bf16 (bf16_to_fp32_dw_72) 7.96e-05 1.55e-04    0.107 3.42e-04   0.0
      g_cvt_3__cvt_row_bf16 (bf16_to_fp32_dw_73) 5.60e-05 1.11e-04    0.107 2.74e-04   0.0
      g_cvt_3__cvt_col_fp16 (fp16_to_fp32_dw_72) 7.09e-04 5.38e-04    0.317 1.56e-03   0.0
      g_cvt_3__cvt_row_fp16 (fp16_to_fp32_dw_73) 5.50e-04 4.09e-04    0.317 1.28e-03   0.0
      g_cvt_2__pipe_cvt (VX_pipe_register_1_37) 2.71e-03 1.30e-02    0.627 1.63e-02   0.0
        g_shift_register (VX_shift_register_64_0_1_0_37) 2.54e-03 1.30e-02    0.602 1.61e-02   0.0
      g_cvt_2__cvt_col_bf16 (bf16_to_fp32_dw_74) 7.30e-05 1.55e-04    0.107 3.35e-04   0.0
      g_cvt_2__cvt_row_bf16 (bf16_to_fp32_dw_75) 4.80e-05 1.10e-04    0.107 2.65e-04   0.0
      g_cvt_2__cvt_col_fp16 (fp16_to_fp32_dw_74) 7.17e-04 5.38e-04    0.317 1.57e-03   0.0
      g_cvt_2__cvt_row_fp16 (fp16_to_fp32_dw_75) 5.67e-04 4.08e-04    0.317 1.29e-03   0.0
      g_cvt_1__pipe_cvt (VX_pipe_register_1_38) 2.79e-03 1.29e-02    0.602 1.63e-02   0.0
        g_shift_register (VX_shift_register_64_0_1_0_38) 2.79e-03 1.29e-02    0.602 1.63e-02   0.0
      g_cvt_1__cvt_col_bf16 (bf16_to_fp32_dw_76) 6.77e-05 1.54e-04    0.107 3.29e-04   0.0
      g_cvt_1__cvt_row_bf16 (bf16_to_fp32_dw_77) 4.52e-05 1.09e-04    0.107 2.61e-04   0.0
      g_cvt_1__cvt_col_fp16 (fp16_to_fp32_dw_76) 7.50e-04 5.42e-04    0.317 1.61e-03   0.0
      g_cvt_1__cvt_row_fp16 (fp16_to_fp32_dw_77) 5.72e-04 4.04e-04    0.317 1.29e-03   0.0
      g_cvt_0__pipe_cvt (VX_pipe_register_1_39) 2.76e-03 1.30e-02    0.602 1.63e-02   0.0
        g_shift_register (VX_shift_register_64_0_1_0_39) 2.76e-03 1.30e-02    0.602 1.63e-02   0.0
      g_cvt_0__cvt_col_bf16 (bf16_to_fp32_dw_78) 7.34e-05 1.55e-04    0.107 3.35e-04   0.0
      g_cvt_0__cvt_row_bf16 (bf16_to_fp32_dw_79) 4.98e-05 1.09e-04    0.107 2.66e-04   0.0
      g_cvt_0__cvt_col_fp16 (fp16_to_fp32_dw_78) 7.18e-04 5.43e-04    0.317 1.58e-03   0.0
      g_cvt_0__cvt_row_fp16 (fp16_to_fp32_dw_79) 5.64e-04 4.03e-04    0.317 1.28e-03   0.0
    g_i_6__g_j_3____buffer_ex (VX_pipe_register_45) 1.73e-02 9.53e-02    4.369    0.117   0.1
      g_shift_register (VX_shift_register_582_0_1_0_36) 1.73e-02 9.53e-02    4.369    0.117   0.1
    g_i_6__g_j_2__fedp (VX_tcu_fedp_dw_5)    0.557    2.269  174.782    3.001   2.1
      pipe_acc (VX_pipe_register_3_40) 1.70e-02    0.122    5.250    0.145   0.1
        g_shift_register (VX_shift_register_32_0_11_0_40) 1.70e-02    0.122    5.250    0.145   0.1
      pipe_c (VX_pipe_register_4_5)    5.83e-02    0.432   20.139    0.511   0.4
        g_shift_register (VX_shift_register_32_0_42_0_5) 5.83e-02    0.432   20.139    0.511   0.4
      g_red_tree_2__g_add_0__pipe_red (VX_pipe_register_3_41) 2.67e-02    0.118    5.200    0.150   0.1
        g_shift_register (VX_shift_register_32_0_11_0_41) 2.67e-02    0.118    5.200    0.150   0.1
      g_red_tree_1__g_add_1__pipe_red (VX_pipe_register_3_42) 2.21e-02    0.117    5.195    0.145   0.1
        g_shift_register (VX_shift_register_32_0_11_0_42) 2.21e-02    0.117    5.195    0.145   0.1
      g_red_tree_1__g_add_0__pipe_red (VX_pipe_register_3_43) 2.08e-02    0.115    5.188    0.141   0.1
        g_shift_register (VX_shift_register_32_0_11_0_43) 2.08e-02    0.115    5.188    0.141   0.1
      g_red_tree_0__g_add_3__pipe_red (VX_pipe_register_3_44) 1.70e-02    0.113    5.184    0.135   0.1
        g_shift_register (VX_shift_register_32_0_11_0_44) 1.70e-02    0.113    5.184    0.135   0.1
      g_red_tree_0__g_add_2__pipe_red (VX_pipe_register_3_45) 2.28e-02    0.116    5.194    0.144   0.1
        g_shift_register (VX_shift_register_32_0_11_0_45) 2.28e-02    0.116    5.194    0.144   0.1
      g_red_tree_0__g_add_1__pipe_red (VX_pipe_register_3_46) 2.23e-02    0.115    5.193    0.143   0.1
        g_shift_register (VX_shift_register_32_0_11_0_46) 2.23e-02    0.115    5.193    0.143   0.1
      g_red_tree_0__g_add_0__pipe_red (VX_pipe_register_3_47) 2.40e-02    0.117    5.196    0.146   0.1
        g_shift_register (VX_shift_register_32_0_11_0_47) 2.40e-02    0.117    5.196    0.146   0.1
      g_prod_7__pipe_mult (VX_pipe_register_2_40) 1.11e-02 7.98e-02    3.767 9.46e-02   0.1
        g_shift_register (VX_shift_register_32_0_8_0_40) 1.11e-02 7.98e-02    3.767 9.46e-02   0.1
      g_prod_6__pipe_mult (VX_pipe_register_2_41) 1.12e-02 8.00e-02    3.767 9.50e-02   0.1
        g_shift_register (VX_shift_register_32_0_8_0_41) 1.12e-02 8.00e-02    3.767 9.50e-02   0.1
      g_prod_5__pipe_mult (VX_pipe_register_2_42) 1.29e-02 8.22e-02    3.774 9.89e-02   0.1
        g_shift_register (VX_shift_register_32_0_8_0_42) 1.29e-02 8.22e-02    3.774 9.89e-02   0.1
      g_prod_4__pipe_mult (VX_pipe_register_2_43) 1.30e-02 8.18e-02    3.773 9.86e-02   0.1
        g_shift_register (VX_shift_register_32_0_8_0_43) 1.30e-02 8.18e-02    3.773 9.86e-02   0.1
      g_prod_3__pipe_mult (VX_pipe_register_2_44) 1.13e-02 8.05e-02    3.768 9.55e-02   0.1
        g_shift_register (VX_shift_register_32_0_8_0_44) 1.13e-02 8.05e-02    3.768 9.55e-02   0.1
      g_prod_2__pipe_mult (VX_pipe_register_2_45) 1.16e-02 8.05e-02    3.769 9.58e-02   0.1
        g_shift_register (VX_shift_register_32_0_8_0_45) 1.16e-02 8.05e-02    3.769 9.58e-02   0.1
      g_prod_1__pipe_mult (VX_pipe_register_2_46) 1.11e-02 8.04e-02    3.769 9.53e-02   0.1
        g_shift_register (VX_shift_register_32_0_8_0_46) 1.11e-02 8.04e-02    3.769 9.53e-02   0.1
      g_prod_0__pipe_mult (VX_pipe_register_2_47) 1.14e-02 8.07e-02    3.769 9.58e-02   0.1
        g_shift_register (VX_shift_register_32_0_8_0_47) 1.14e-02 8.07e-02    3.769 9.58e-02   0.1
      g_cvt_7__pipe_cvt (VX_pipe_register_1_40) 2.73e-03 1.29e-02    0.602 1.63e-02   0.0
        g_shift_register (VX_shift_register_64_0_1_0_40) 2.73e-03 1.29e-02    0.602 1.63e-02   0.0
      g_cvt_7__cvt_col_bf16 (bf16_to_fp32_dw_80) 8.92e-05 1.55e-04    0.107 3.52e-04   0.0
      g_cvt_7__cvt_row_bf16 (bf16_to_fp32_dw_81) 5.12e-05 1.09e-04    0.107 2.68e-04   0.0
      g_cvt_7__cvt_col_fp16 (fp16_to_fp32_dw_80) 7.29e-04 5.37e-04    0.317 1.58e-03   0.0
      g_cvt_7__cvt_row_fp16 (fp16_to_fp32_dw_81) 5.33e-04 4.09e-04    0.317 1.26e-03   0.0
      g_cvt_6__pipe_cvt (VX_pipe_register_1_41) 2.76e-03 1.29e-02    0.602 1.63e-02   0.0
        g_shift_register (VX_shift_register_64_0_1_0_41) 2.76e-03 1.29e-02    0.602 1.63e-02   0.0
      g_cvt_6__cvt_col_bf16 (bf16_to_fp32_dw_82) 7.40e-05 1.54e-04    0.107 3.35e-04   0.0
      g_cvt_6__cvt_row_bf16 (bf16_to_fp32_dw_83) 4.94e-05 1.10e-04    0.107 2.66e-04   0.0
      g_cvt_6__cvt_col_fp16 (fp16_to_fp32_dw_82) 7.27e-04 5.38e-04    0.317 1.58e-03   0.0
      g_cvt_6__cvt_row_fp16 (fp16_to_fp32_dw_83) 5.49e-04 4.07e-04    0.317 1.27e-03   0.0
      g_cvt_5__pipe_cvt (VX_pipe_register_1_42) 2.77e-03 1.29e-02    0.602 1.63e-02   0.0
        g_shift_register (VX_shift_register_64_0_1_0_42) 2.77e-03 1.29e-02    0.602 1.63e-02   0.0
      g_cvt_5__cvt_col_bf16 (bf16_to_fp32_dw_84) 7.68e-05 1.55e-04    0.107 3.40e-04   0.0
      g_cvt_5__cvt_row_bf16 (bf16_to_fp32_dw_85) 4.59e-05 1.10e-04    0.107 2.63e-04   0.0
      g_cvt_5__cvt_col_fp16 (fp16_to_fp32_dw_84) 7.23e-04 5.42e-04    0.317 1.58e-03   0.0
      g_cvt_5__cvt_row_fp16 (fp16_to_fp32_dw_85) 5.38e-04 4.06e-04    0.317 1.26e-03   0.0
      g_cvt_4__pipe_cvt (VX_pipe_register_1_43) 2.58e-03 1.30e-02    0.627 1.62e-02   0.0
        g_shift_register (VX_shift_register_64_0_1_0_43) 2.41e-03 1.29e-02    0.602 1.59e-02   0.0
      g_cvt_4__cvt_col_bf16 (bf16_to_fp32_dw_86) 8.15e-05 1.55e-04    0.107 3.44e-04   0.0
      g_cvt_4__cvt_row_bf16 (bf16_to_fp32_dw_87) 4.84e-05 1.10e-04    0.107 2.66e-04   0.0
      g_cvt_4__cvt_col_fp16 (fp16_to_fp32_dw_86) 7.16e-04 5.39e-04    0.317 1.57e-03   0.0
      g_cvt_4__cvt_row_fp16 (fp16_to_fp32_dw_87) 5.49e-04 4.10e-04    0.317 1.28e-03   0.0
      g_cvt_3__pipe_cvt (VX_pipe_register_1_44) 2.76e-03 1.29e-02    0.608 1.63e-02   0.0
        g_shift_register (VX_shift_register_64_0_1_0_44) 2.70e-03 1.29e-02    0.602 1.62e-02   0.0
      g_cvt_3__cvt_col_bf16 (bf16_to_fp32_dw_88) 8.47e-05 1.60e-04    0.107 3.52e-04   0.0
      g_cvt_3__cvt_row_bf16 (bf16_to_fp32_dw_89) 7.48e-05 1.11e-04    0.107 2.93e-04   0.0
      g_cvt_3__cvt_col_fp16 (fp16_to_fp32_dw_88) 7.25e-04 5.39e-04    0.316 1.58e-03   0.0
      g_cvt_3__cvt_row_fp16 (fp16_to_fp32_dw_89) 5.56e-04 4.09e-04    0.317 1.28e-03   0.0
      g_cvt_2__pipe_cvt (VX_pipe_register_1_45) 2.76e-03 1.29e-02    0.602 1.63e-02   0.0
        g_shift_register (VX_shift_register_64_0_1_0_45) 2.76e-03 1.29e-02    0.602 1.63e-02   0.0
      g_cvt_2__cvt_col_bf16 (bf16_to_fp32_dw_90) 7.99e-05 1.60e-04    0.107 3.47e-04   0.0
      g_cvt_2__cvt_row_bf16 (bf16_to_fp32_dw_91) 5.79e-05 1.10e-04    0.107 2.75e-04   0.0
      g_cvt_2__cvt_col_fp16 (fp16_to_fp32_dw_90) 8.47e-04 5.49e-04    0.320 1.72e-03   0.0
      g_cvt_2__cvt_row_fp16 (fp16_to_fp32_dw_91) 5.42e-04 4.06e-04    0.317 1.26e-03   0.0
      g_cvt_1__pipe_cvt (VX_pipe_register_1_46) 2.71e-03 1.29e-02    0.602 1.63e-02   0.0
        g_shift_register (VX_shift_register_64_0_1_0_46) 2.71e-03 1.29e-02    0.602 1.63e-02   0.0
      g_cvt_1__cvt_col_bf16 (bf16_to_fp32_dw_92) 7.60e-05 1.55e-04    0.107 3.38e-04   0.0
      g_cvt_1__cvt_row_bf16 (bf16_to_fp32_dw_93) 4.57e-05 1.09e-04    0.107 2.62e-04   0.0
      g_cvt_1__cvt_col_fp16 (fp16_to_fp32_dw_92) 7.16e-04 5.42e-04    0.317 1.57e-03   0.0
      g_cvt_1__cvt_row_fp16 (fp16_to_fp32_dw_93) 5.44e-04 4.04e-04    0.317 1.27e-03   0.0
      g_cvt_0__pipe_cvt (VX_pipe_register_1_47) 2.74e-03 1.29e-02    0.602 1.63e-02   0.0
        g_shift_register (VX_shift_register_64_0_1_0_47) 2.74e-03 1.29e-02    0.602 1.63e-02   0.0
      g_cvt_0__cvt_col_bf16 (bf16_to_fp32_dw_94) 6.70e-05 1.55e-04    0.107 3.29e-04   0.0
      g_cvt_0__cvt_row_bf16 (bf16_to_fp32_dw_95) 4.62e-05 1.10e-04    0.107 2.63e-04   0.0
      g_cvt_0__cvt_col_fp16 (fp16_to_fp32_dw_94) 7.02e-04 5.40e-04    0.317 1.56e-03   0.0
      g_cvt_0__cvt_row_fp16 (fp16_to_fp32_dw_95) 5.45e-04 4.04e-04    0.317 1.27e-03   0.0
    g_i_6__g_j_2____buffer_ex (VX_pipe_register_46) 1.79e-02 9.53e-02    4.369    0.118   0.1
      g_shift_register (VX_shift_register_582_0_1_0_37) 1.79e-02 9.53e-02    4.369    0.118   0.1
    g_i_6__g_j_1__fedp (VX_tcu_fedp_dw_6)    0.563    2.270  174.740    3.007   2.2
      pipe_acc (VX_pipe_register_3_48) 2.12e-02    0.123    5.247    0.150   0.1
        g_shift_register (VX_shift_register_32_0_11_0_48) 2.12e-02    0.123    5.247    0.150   0.1
      pipe_c (VX_pipe_register_4_6)    6.06e-02    0.432   20.145    0.513   0.4
        g_shift_register (VX_shift_register_32_0_42_0_6) 6.06e-02    0.432   20.145    0.513   0.4
      g_red_tree_2__g_add_0__pipe_red (VX_pipe_register_3_49) 2.44e-02    0.118    5.199    0.148   0.1
        g_shift_register (VX_shift_register_32_0_11_0_49) 2.44e-02    0.118    5.199    0.148   0.1
      g_red_tree_1__g_add_1__pipe_red (VX_pipe_register_3_50) 2.14e-02    0.118    5.196    0.144   0.1
        g_shift_register (VX_shift_register_32_0_11_0_50) 2.14e-02    0.118    5.196    0.144   0.1
      g_red_tree_1__g_add_0__pipe_red (VX_pipe_register_3_51) 1.80e-02    0.114    5.187    0.137   0.1
        g_shift_register (VX_shift_register_32_0_11_0_51) 1.80e-02    0.114    5.187    0.137   0.1
      g_red_tree_0__g_add_3__pipe_red (VX_pipe_register_3_52) 1.70e-02    0.114    5.185    0.136   0.1
        g_shift_register (VX_shift_register_32_0_11_0_52) 1.70e-02    0.114    5.185    0.136   0.1
      g_red_tree_0__g_add_2__pipe_red (VX_pipe_register_3_53) 2.30e-02    0.116    5.195    0.145   0.1
        g_shift_register (VX_shift_register_32_0_11_0_53) 2.30e-02    0.116    5.195    0.145   0.1
      g_red_tree_0__g_add_1__pipe_red (VX_pipe_register_3_54) 2.63e-02    0.115    5.192    0.147   0.1
        g_shift_register (VX_shift_register_32_0_11_0_54) 2.63e-02    0.115    5.192    0.147   0.1
      g_red_tree_0__g_add_0__pipe_red (VX_pipe_register_3_55) 2.63e-02    0.116    5.194    0.148   0.1
        g_shift_register (VX_shift_register_32_0_11_0_55) 2.63e-02    0.116    5.194    0.148   0.1
      g_prod_7__pipe_mult (VX_pipe_register_2_48) 1.11e-02 7.98e-02    3.767 9.47e-02   0.1
        g_shift_register (VX_shift_register_32_0_8_0_48) 1.11e-02 7.98e-02    3.767 9.47e-02   0.1
      g_prod_6__pipe_mult (VX_pipe_register_2_49) 1.13e-02 8.00e-02    3.767 9.50e-02   0.1
        g_shift_register (VX_shift_register_32_0_8_0_49) 1.13e-02 8.00e-02    3.767 9.50e-02   0.1
      g_prod_5__pipe_mult (VX_pipe_register_2_50) 1.21e-02 8.22e-02    3.774 9.81e-02   0.1
        g_shift_register (VX_shift_register_32_0_8_0_50) 1.21e-02 8.22e-02    3.774 9.81e-02   0.1
      g_prod_4__pipe_mult (VX_pipe_register_2_51) 1.22e-02 8.18e-02    3.773 9.78e-02   0.1
        g_shift_register (VX_shift_register_32_0_8_0_51) 1.22e-02 8.18e-02    3.773 9.78e-02   0.1
      g_prod_3__pipe_mult (VX_pipe_register_2_52) 1.15e-02 8.04e-02    3.768 9.57e-02   0.1
        g_shift_register (VX_shift_register_32_0_8_0_52) 1.15e-02 8.04e-02    3.768 9.57e-02   0.1
      g_prod_2__pipe_mult (VX_pipe_register_2_53) 1.15e-02 8.05e-02    3.769 9.58e-02   0.1
        g_shift_register (VX_shift_register_32_0_8_0_53) 1.15e-02 8.05e-02    3.769 9.58e-02   0.1
      g_prod_1__pipe_mult (VX_pipe_register_2_54) 1.12e-02 8.04e-02    3.769 9.54e-02   0.1
        g_shift_register (VX_shift_register_32_0_8_0_54) 1.12e-02 8.04e-02    3.769 9.54e-02   0.1
      g_prod_0__pipe_mult (VX_pipe_register_2_55) 1.13e-02 8.06e-02    3.769 9.57e-02   0.1
        g_shift_register (VX_shift_register_32_0_8_0_55) 1.13e-02 8.06e-02    3.769 9.57e-02   0.1
      g_cvt_7__pipe_cvt (VX_pipe_register_1_48) 2.76e-03 1.29e-02    0.602 1.63e-02   0.0
        g_shift_register (VX_shift_register_64_0_1_0_48) 2.76e-03 1.29e-02    0.602 1.63e-02   0.0
      g_cvt_7__cvt_col_bf16 (bf16_to_fp32_dw_96) 6.98e-05 1.54e-04    0.107 3.32e-04   0.0
      g_cvt_7__cvt_row_bf16 (bf16_to_fp32_dw_97) 6.14e-05 1.09e-04    0.107 2.78e-04   0.0
      g_cvt_7__cvt_col_fp16 (fp16_to_fp32_dw_96) 7.34e-04 5.36e-04    0.317 1.59e-03   0.0
      g_cvt_7__cvt_row_fp16 (fp16_to_fp32_dw_97) 5.93e-04 4.09e-04    0.317 1.32e-03   0.0
      g_cvt_6__pipe_cvt (VX_pipe_register_1_49) 2.76e-03 1.29e-02    0.602 1.63e-02   0.0
        g_shift_register (VX_shift_register_64_0_1_0_49) 2.76e-03 1.29e-02    0.602 1.63e-02   0.0
      g_cvt_6__cvt_col_bf16 (bf16_to_fp32_dw_98) 8.67e-05 1.55e-04    0.107 3.49e-04   0.0
      g_cvt_6__cvt_row_bf16 (bf16_to_fp32_dw_99) 5.35e-05 1.10e-04    0.107 2.71e-04   0.0
      g_cvt_6__cvt_col_fp16 (fp16_to_fp32_dw_98) 7.11e-04 5.40e-04    0.317 1.57e-03   0.0
      g_cvt_6__cvt_row_fp16 (fp16_to_fp32_dw_99) 5.42e-04 4.06e-04    0.317 1.26e-03   0.0
      g_cvt_5__pipe_cvt (VX_pipe_register_1_50) 2.73e-03 1.29e-02    0.602 1.63e-02   0.0
        g_shift_register (VX_shift_register_64_0_1_0_50) 2.73e-03 1.29e-02    0.602 1.63e-02   0.0
      g_cvt_5__cvt_col_bf16 (bf16_to_fp32_dw_100) 8.44e-05 1.55e-04    0.107 3.47e-04   0.0
      g_cvt_5__cvt_row_bf16 (bf16_to_fp32_dw_101) 6.00e-05 1.10e-04    0.107 2.77e-04   0.0
      g_cvt_5__cvt_col_fp16 (fp16_to_fp32_dw_100) 7.15e-04 5.40e-04    0.317 1.57e-03   0.0
      g_cvt_5__cvt_row_fp16 (fp16_to_fp32_dw_101) 5.60e-04 4.05e-04    0.317 1.28e-03   0.0
      g_cvt_4__pipe_cvt (VX_pipe_register_1_51) 2.58e-03 1.29e-02    0.608 1.61e-02   0.0
        g_shift_register (VX_shift_register_64_0_1_0_51) 2.57e-03 1.29e-02    0.602 1.61e-02   0.0
      g_cvt_4__cvt_col_bf16 (bf16_to_fp32_dw_102) 7.55e-05 1.54e-04    0.107 3.37e-04   0.0
      g_cvt_4__cvt_row_bf16 (bf16_to_fp32_dw_103) 4.75e-05 1.10e-04    0.107 2.65e-04   0.0
      g_cvt_4__cvt_col_fp16 (fp16_to_fp32_dw_102) 7.11e-04 5.37e-04    0.317 1.56e-03   0.0
      g_cvt_4__cvt_row_fp16 (fp16_to_fp32_dw_103) 5.53e-04 4.12e-04    0.317 1.28e-03   0.0
      g_cvt_3__pipe_cvt (VX_pipe_register_1_52) 2.73e-03 1.29e-02    0.602 1.63e-02   0.0
        g_shift_register (VX_shift_register_64_0_1_0_52) 2.73e-03 1.29e-02    0.602 1.63e-02   0.0
      g_cvt_3__cvt_col_bf16 (bf16_to_fp32_dw_104) 7.88e-05 1.56e-04    0.107 3.42e-04   0.0
      g_cvt_3__cvt_row_bf16 (bf16_to_fp32_dw_105) 5.62e-05 1.11e-04    0.107 2.74e-04   0.0
      g_cvt_3__cvt_col_fp16 (fp16_to_fp32_dw_104) 7.99e-04 5.44e-04    0.319 1.66e-03   0.0
      g_cvt_3__cvt_row_fp16 (fp16_to_fp32_dw_105) 5.96e-04 4.13e-04    0.320 1.33e-03   0.0
      g_cvt_2__pipe_cvt (VX_pipe_register_1_53) 2.78e-03 1.29e-02    0.602 1.63e-02   0.0
        g_shift_register (VX_shift_register_64_0_1_0_53) 2.78e-03 1.29e-02    0.602 1.63e-02   0.0
      g_cvt_2__cvt_col_bf16 (bf16_to_fp32_dw_106) 8.88e-05 1.57e-04    0.107 3.53e-04   0.0
      g_cvt_2__cvt_row_bf16 (bf16_to_fp32_dw_107) 4.93e-05 1.11e-04    0.107 2.67e-04   0.0
      g_cvt_2__cvt_col_fp16 (fp16_to_fp32_dw_106) 8.62e-04 5.45e-04    0.319 1.73e-03   0.0
      g_cvt_2__cvt_row_fp16 (fp16_to_fp32_dw_107) 6.02e-04 4.10e-04    0.320 1.33e-03   0.0
      g_cvt_1__pipe_cvt (VX_pipe_register_1_54) 2.75e-03 1.29e-02    0.602 1.63e-02   0.0
        g_shift_register (VX_shift_register_64_0_1_0_54) 2.75e-03 1.29e-02    0.602 1.63e-02   0.0
      g_cvt_1__cvt_col_bf16 (bf16_to_fp32_dw_108) 7.27e-05 1.54e-04    0.107 3.34e-04   0.0
      g_cvt_1__cvt_row_bf16 (bf16_to_fp32_dw_109) 5.25e-05 1.09e-04    0.107 2.69e-04   0.0
      g_cvt_1__cvt_col_fp16 (fp16_to_fp32_dw_108) 7.50e-04 5.38e-04    0.317 1.61e-03   0.0
      g_cvt_1__cvt_row_fp16 (fp16_to_fp32_dw_109) 5.45e-04 4.06e-04    0.317 1.27e-03   0.0
      g_cvt_0__pipe_cvt (VX_pipe_register_1_55) 2.75e-03 1.29e-02    0.608 1.63e-02   0.0
        g_shift_register (VX_shift_register_64_0_1_0_55) 2.69e-03 1.29e-02    0.602 1.62e-02   0.0
      g_cvt_0__cvt_col_bf16 (bf16_to_fp32_dw_110) 7.40e-05 1.55e-04    0.107 3.36e-04   0.0
      g_cvt_0__cvt_row_bf16 (bf16_to_fp32_dw_111) 5.14e-05 1.10e-04    0.107 2.68e-04   0.0
      g_cvt_0__cvt_col_fp16 (fp16_to_fp32_dw_110) 7.01e-04 5.40e-04    0.317 1.56e-03   0.0
      g_cvt_0__cvt_row_fp16 (fp16_to_fp32_dw_111) 5.50e-04 4.04e-04    0.317 1.27e-03   0.0
    g_i_6__g_j_1____buffer_ex (VX_pipe_register_47) 1.80e-02 9.53e-02    4.369    0.118   0.1
      g_shift_register (VX_shift_register_582_0_1_0_38) 1.80e-02 9.53e-02    4.369    0.118   0.1
    g_i_6__g_j_0__fedp (VX_tcu_fedp_dw_7)    0.572    2.268  175.203    3.015   2.2
      pipe_acc (VX_pipe_register_3_56) 2.13e-02    0.123    5.248    0.149   0.1
        g_shift_register (VX_shift_register_32_0_11_0_56) 2.13e-02    0.123    5.248    0.149   0.1
      pipe_c (VX_pipe_register_4_7)    6.14e-02    0.432   20.157    0.514   0.4
        g_shift_register (VX_shift_register_32_0_42_0_7) 6.14e-02    0.432   20.149    0.514   0.4
      g_red_tree_2__g_add_0__pipe_red (VX_pipe_register_3_57) 2.75e-02    0.118    5.199    0.150   0.1
        g_shift_register (VX_shift_register_32_0_11_0_57) 2.75e-02    0.118    5.199    0.150   0.1
      g_red_tree_1__g_add_1__pipe_red (VX_pipe_register_3_58) 1.88e-02    0.117    5.194    0.141   0.1
        g_shift_register (VX_shift_register_32_0_11_0_58) 1.88e-02    0.117    5.194    0.141   0.1
      g_red_tree_1__g_add_0__pipe_red (VX_pipe_register_3_59) 1.68e-02    0.114    5.186    0.136   0.1
        g_shift_register (VX_shift_register_32_0_11_0_59) 1.68e-02    0.114    5.186    0.136   0.1
      g_red_tree_0__g_add_3__pipe_red (VX_pipe_register_3_60) 1.84e-02    0.113    5.184    0.137   0.1
        g_shift_register (VX_shift_register_32_0_11_0_60) 1.84e-02    0.113    5.184    0.137   0.1
      g_red_tree_0__g_add_2__pipe_red (VX_pipe_register_3_61) 1.93e-02    0.116    5.194    0.141   0.1
        g_shift_register (VX_shift_register_32_0_11_0_61) 1.93e-02    0.116    5.194    0.141   0.1
      g_red_tree_0__g_add_1__pipe_red (VX_pipe_register_3_62) 2.47e-02    0.115    5.192    0.145   0.1
        g_shift_register (VX_shift_register_32_0_11_0_62) 2.47e-02    0.115    5.192    0.145   0.1
      g_red_tree_0__g_add_0__pipe_red (VX_pipe_register_3_63) 2.04e-02    0.117    5.195    0.142   0.1
        g_shift_register (VX_shift_register_32_0_11_0_63) 2.04e-02    0.117    5.195    0.142   0.1
      g_prod_7__pipe_mult (VX_pipe_register_2_56) 1.13e-02 7.98e-02    3.767 9.48e-02   0.1
        g_shift_register (VX_shift_register_32_0_8_0_56) 1.13e-02 7.98e-02    3.767 9.48e-02   0.1
      g_prod_6__pipe_mult (VX_pipe_register_2_57) 1.14e-02 8.01e-02    3.767 9.52e-02   0.1
        g_shift_register (VX_shift_register_32_0_8_0_57) 1.14e-02 8.01e-02    3.767 9.52e-02   0.1
      g_prod_5__pipe_mult (VX_pipe_register_2_58) 1.26e-02 8.23e-02    3.774 9.87e-02   0.1
        g_shift_register (VX_shift_register_32_0_8_0_58) 1.26e-02 8.23e-02    3.774 9.87e-02   0.1
      g_prod_4__pipe_mult (VX_pipe_register_2_59) 1.24e-02 8.19e-02    3.773 9.81e-02   0.1
        g_shift_register (VX_shift_register_32_0_8_0_59) 1.24e-02 8.19e-02    3.773 9.81e-02   0.1
      g_prod_3__pipe_mult (VX_pipe_register_2_60) 1.20e-02 8.04e-02    3.768 9.63e-02   0.1
        g_shift_register (VX_shift_register_32_0_8_0_60) 1.20e-02 8.04e-02    3.768 9.63e-02   0.1
      g_prod_2__pipe_mult (VX_pipe_register_2_61) 1.19e-02 8.06e-02    3.769 9.63e-02   0.1
        g_shift_register (VX_shift_register_32_0_8_0_61) 1.19e-02 8.06e-02    3.769 9.63e-02   0.1
      g_prod_1__pipe_mult (VX_pipe_register_2_62) 1.23e-02 8.04e-02    3.775 9.65e-02   0.1
        g_shift_register (VX_shift_register_32_0_8_0_62) 1.23e-02 8.04e-02    3.775 9.65e-02   0.1
      g_prod_0__pipe_mult (VX_pipe_register_2_63) 1.18e-02 8.06e-02    3.769 9.62e-02   0.1
        g_shift_register (VX_shift_register_32_0_8_0_63) 1.18e-02 8.06e-02    3.769 9.62e-02   0.1
      g_cvt_7__pipe_cvt (VX_pipe_register_1_56) 2.92e-03 1.30e-02    0.602 1.65e-02   0.0
        g_shift_register (VX_shift_register_64_0_1_0_56) 2.92e-03 1.30e-02    0.602 1.65e-02   0.0
      g_cvt_7__cvt_col_bf16 (bf16_to_fp32_dw_112) 7.28e-05 1.55e-04    0.107 3.35e-04   0.0
      g_cvt_7__cvt_row_bf16 (bf16_to_fp32_dw_113) 4.95e-05 1.09e-04    0.107 2.66e-04   0.0
      g_cvt_7__cvt_col_fp16 (fp16_to_fp32_dw_112) 7.17e-04 5.43e-04    0.317 1.58e-03   0.0
      g_cvt_7__cvt_row_fp16 (fp16_to_fp32_dw_113) 5.64e-04 4.10e-04    0.317 1.29e-03   0.0
      g_cvt_6__pipe_cvt (VX_pipe_register_1_57) 2.84e-03 1.30e-02    0.602 1.64e-02   0.0
        g_shift_register (VX_shift_register_64_0_1_0_57) 2.84e-03 1.30e-02    0.602 1.64e-02   0.0
      g_cvt_6__cvt_col_bf16 (bf16_to_fp32_dw_114) 8.18e-05 1.55e-04    0.107 3.44e-04   0.0
      g_cvt_6__cvt_row_bf16 (bf16_to_fp32_dw_115) 6.09e-05 1.10e-04    0.107 2.78e-04   0.0
      g_cvt_6__cvt_col_fp16 (fp16_to_fp32_dw_114) 7.50e-04 5.41e-04    0.317 1.61e-03   0.0
      g_cvt_6__cvt_row_fp16 (fp16_to_fp32_dw_115) 5.65e-04 4.07e-04    0.317 1.29e-03   0.0
      g_cvt_5__pipe_cvt (VX_pipe_register_1_58) 2.82e-03 1.30e-02    0.602 1.64e-02   0.0
        g_shift_register (VX_shift_register_64_0_1_0_58) 2.82e-03 1.30e-02    0.602 1.64e-02   0.0
      g_cvt_5__cvt_col_bf16 (bf16_to_fp32_dw_116) 6.95e-05 1.54e-04    0.107 3.31e-04   0.0
      g_cvt_5__cvt_row_bf16 (bf16_to_fp32_dw_117) 6.89e-05 1.21e-04    0.107 2.97e-04   0.0
      g_cvt_5__cvt_col_fp16 (fp16_to_fp32_dw_116) 7.29e-04 5.41e-04    0.317 1.59e-03   0.0
      g_cvt_5__cvt_row_fp16 (fp16_to_fp32_dw_117) 6.68e-04 4.27e-04    0.322 1.42e-03   0.0
      g_cvt_4__pipe_cvt (VX_pipe_register_1_59) 2.78e-03 1.30e-02    0.602 1.63e-02   0.0
        g_shift_register (VX_shift_register_64_0_1_0_59) 2.78e-03 1.30e-02    0.602 1.63e-02   0.0
      g_cvt_4__cvt_col_bf16 (bf16_to_fp32_dw_118) 7.70e-05 1.54e-04    0.107 3.38e-04   0.0
      g_cvt_4__cvt_row_bf16 (bf16_to_fp32_dw_119) 5.39e-05 1.11e-04    0.107 2.72e-04   0.0
      g_cvt_4__cvt_col_fp16 (fp16_to_fp32_dw_118) 7.27e-04 5.39e-04    0.317 1.58e-03   0.0
      g_cvt_4__cvt_row_fp16 (fp16_to_fp32_dw_119) 7.45e-04 4.20e-04    0.327 1.49e-03   0.0
      g_cvt_3__pipe_cvt (VX_pipe_register_1_60) 2.87e-03 1.30e-02    0.602 1.64e-02   0.0
        g_shift_register (VX_shift_register_64_0_1_0_60) 2.87e-03 1.30e-02    0.602 1.64e-02   0.0
      g_cvt_3__cvt_col_bf16 (bf16_to_fp32_dw_120) 7.89e-05 1.54e-04    0.107 3.41e-04   0.0
      g_cvt_3__cvt_row_bf16 (bf16_to_fp32_dw_121) 6.48e-05 1.17e-04    0.107 2.89e-04   0.0
      g_cvt_3__cvt_col_fp16 (fp16_to_fp32_dw_120) 7.03e-04 5.40e-04    0.317 1.56e-03   0.0
      g_cvt_3__cvt_row_fp16 (fp16_to_fp32_dw_121) 5.85e-04 4.16e-04    0.317 1.32e-03   0.0
      g_cvt_2__pipe_cvt (VX_pipe_register_1_61) 2.72e-03 1.30e-02    0.608 1.63e-02   0.0
        g_shift_register (VX_shift_register_64_0_1_0_61) 2.66e-03 1.30e-02    0.602 1.62e-02   0.0
      g_cvt_2__cvt_col_bf16 (bf16_to_fp32_dw_122) 8.06e-05 1.57e-04    0.107 3.45e-04   0.0
      g_cvt_2__cvt_row_bf16 (bf16_to_fp32_dw_123) 4.94e-05 1.12e-04    0.107 2.68e-04   0.0
      g_cvt_2__cvt_col_fp16 (fp16_to_fp32_dw_122) 7.09e-04 5.40e-04    0.317 1.57e-03   0.0
      g_cvt_2__cvt_row_fp16 (fp16_to_fp32_dw_123) 6.48e-04 4.14e-04    0.321 1.38e-03   0.0
      g_cvt_1__pipe_cvt (VX_pipe_register_1_62) 2.81e-03 1.30e-02    0.602 1.64e-02   0.0
        g_shift_register (VX_shift_register_64_0_1_0_62) 2.81e-03 1.30e-02    0.602 1.64e-02   0.0
      g_cvt_1__cvt_col_bf16 (bf16_to_fp32_dw_124) 7.35e-05 1.55e-04    0.107 3.36e-04   0.0
      g_cvt_1__cvt_row_bf16 (bf16_to_fp32_dw_125) 5.78e-05 1.14e-04    0.107 2.80e-04   0.0
      g_cvt_1__cvt_col_fp16 (fp16_to_fp32_dw_124) 7.05e-04 5.40e-04    0.317 1.56e-03   0.0
      g_cvt_1__cvt_row_fp16 (fp16_to_fp32_dw_125) 6.18e-04 4.15e-04    0.317 1.35e-03   0.0
      g_cvt_0__pipe_cvt (VX_pipe_register_1_63) 2.81e-03 1.30e-02    0.602 1.64e-02   0.0
        g_shift_register (VX_shift_register_64_0_1_0_63) 2.81e-03 1.30e-02    0.602 1.64e-02   0.0
      g_cvt_0__cvt_col_bf16 (bf16_to_fp32_dw_126) 7.85e-05 1.55e-04    0.107 3.40e-04   0.0
      g_cvt_0__cvt_row_bf16 (bf16_to_fp32_dw_127) 6.48e-05 1.16e-04    0.107 2.88e-04   0.0
      g_cvt_0__cvt_col_fp16 (fp16_to_fp32_dw_126) 7.94e-04 5.40e-04    0.320 1.65e-03   0.0
      g_cvt_0__cvt_row_fp16 (fp16_to_fp32_dw_127) 8.42e-04 4.23e-04    0.331 1.60e-03   0.0
    g_i_6__g_j_0____buffer_ex (VX_pipe_register_48) 2.04e-02 9.55e-02    4.415    0.120   0.1
      g_shift_register (VX_shift_register_582_0_1_0_39) 2.04e-02 9.55e-02    4.415    0.120   0.1
    g_i_5__g_j_3__fedp (VX_tcu_fedp_dw_8)    0.566    2.265  175.013    3.007   2.2
      pipe_acc (VX_pipe_register_3_64) 2.66e-02    0.123    5.248    0.155   0.1
        g_shift_register (VX_shift_register_32_0_11_0_64) 2.66e-02    0.123    5.248    0.155   0.1
      pipe_c (VX_pipe_register_4_8)    6.30e-02    0.432   20.144    0.516   0.4
        g_shift_register (VX_shift_register_32_0_42_0_8) 6.30e-02    0.432   20.144    0.516   0.4
      g_red_tree_2__g_add_0__pipe_red (VX_pipe_register_3_65) 2.46e-02    0.118    5.200    0.148   0.1
        g_shift_register (VX_shift_register_32_0_11_0_65) 2.46e-02    0.118    5.200    0.148   0.1
      g_red_tree_1__g_add_1__pipe_red (VX_pipe_register_3_66) 1.62e-02    0.116    5.193    0.138   0.1
        g_shift_register (VX_shift_register_32_0_11_0_66) 1.62e-02    0.116    5.193    0.138   0.1
      g_red_tree_1__g_add_0__pipe_red (VX_pipe_register_3_67) 1.74e-02    0.114    5.186    0.137   0.1
        g_shift_register (VX_shift_register_32_0_11_0_67) 1.74e-02    0.114    5.186    0.137   0.1
      g_red_tree_0__g_add_3__pipe_red (VX_pipe_register_3_68) 1.77e-02    0.113    5.183    0.136   0.1
        g_shift_register (VX_shift_register_32_0_11_0_68) 1.77e-02    0.113    5.183    0.136   0.1
      g_red_tree_0__g_add_2__pipe_red (VX_pipe_register_3_69) 2.10e-02    0.116    5.193    0.142   0.1
        g_shift_register (VX_shift_register_32_0_11_0_69) 2.10e-02    0.116    5.193    0.142   0.1
      g_red_tree_0__g_add_1__pipe_red (VX_pipe_register_3_70) 2.29e-02    0.115    5.193    0.143   0.1
        g_shift_register (VX_shift_register_32_0_11_0_70) 2.29e-02    0.115    5.193    0.143   0.1
      g_red_tree_0__g_add_0__pipe_red (VX_pipe_register_3_71) 2.09e-02    0.116    5.193    0.142   0.1
        g_shift_register (VX_shift_register_32_0_11_0_71) 2.09e-02    0.116    5.193    0.142   0.1
      g_prod_7__pipe_mult (VX_pipe_register_2_64) 1.12e-02 7.98e-02    3.767 9.47e-02   0.1
        g_shift_register (VX_shift_register_32_0_8_0_64) 1.12e-02 7.98e-02    3.767 9.47e-02   0.1
      g_prod_6__pipe_mult (VX_pipe_register_2_65) 1.13e-02 8.00e-02    3.767 9.51e-02   0.1
        g_shift_register (VX_shift_register_32_0_8_0_65) 1.13e-02 8.00e-02    3.767 9.51e-02   0.1
      g_prod_5__pipe_mult (VX_pipe_register_2_66) 1.26e-02 8.23e-02    3.774 9.87e-02   0.1
        g_shift_register (VX_shift_register_32_0_8_0_66) 1.26e-02 8.23e-02    3.774 9.87e-02   0.1
      g_prod_4__pipe_mult (VX_pipe_register_2_67) 1.23e-02 8.18e-02    3.779 9.79e-02   0.1
        g_shift_register (VX_shift_register_32_0_8_0_67) 1.23e-02 8.18e-02    3.779 9.79e-02   0.1
      g_prod_3__pipe_mult (VX_pipe_register_2_68) 1.23e-02 8.05e-02    3.769 9.65e-02   0.1
        g_shift_register (VX_shift_register_32_0_8_0_68) 1.23e-02 8.05e-02    3.769 9.65e-02   0.1
      g_prod_2__pipe_mult (VX_pipe_register_2_69) 1.24e-02 8.06e-02    3.769 9.67e-02   0.1
        g_shift_register (VX_shift_register_32_0_8_0_69) 1.24e-02 8.06e-02    3.769 9.67e-02   0.1
      g_prod_1__pipe_mult (VX_pipe_register_2_70) 1.18e-02 8.05e-02    3.769 9.61e-02   0.1
        g_shift_register (VX_shift_register_32_0_8_0_70) 1.18e-02 8.05e-02    3.769 9.61e-02   0.1
      g_prod_0__pipe_mult (VX_pipe_register_2_71) 1.17e-02 8.07e-02    3.769 9.62e-02   0.1
        g_shift_register (VX_shift_register_32_0_8_0_71) 1.17e-02 8.07e-02    3.769 9.62e-02   0.1
      g_cvt_7__pipe_cvt (VX_pipe_register_1_64) 2.78e-03 1.29e-02    0.602 1.63e-02   0.0
        g_shift_register (VX_shift_register_64_0_1_0_64) 2.78e-03 1.29e-02    0.602 1.63e-02   0.0
      g_cvt_7__cvt_col_bf16 (bf16_to_fp32_dw_128) 6.76e-05 1.55e-04    0.107 3.30e-04   0.0
      g_cvt_7__cvt_row_bf16 (bf16_to_fp32_dw_129) 5.78e-05 1.13e-04    0.107 2.78e-04   0.0
      g_cvt_7__cvt_col_fp16 (fp16_to_fp32_dw_128) 7.26e-04 5.43e-04    0.317 1.59e-03   0.0
      g_cvt_7__cvt_row_fp16 (fp16_to_fp32_dw_129) 6.09e-04 4.15e-04    0.318 1.34e-03   0.0
      g_cvt_6__pipe_cvt (VX_pipe_register_1_65) 2.85e-03 1.30e-02    0.602 1.64e-02   0.0
        g_shift_register (VX_shift_register_64_0_1_0_65) 2.85e-03 1.30e-02    0.602 1.64e-02   0.0
      g_cvt_6__cvt_col_bf16 (bf16_to_fp32_dw_130) 7.62e-05 1.56e-04    0.107 3.39e-04   0.0
      g_cvt_6__cvt_row_bf16 (bf16_to_fp32_dw_131) 5.37e-05 1.10e-04    0.107 2.71e-04   0.0
      g_cvt_6__cvt_col_fp16 (fp16_to_fp32_dw_130) 7.26e-04 5.44e-04    0.317 1.59e-03   0.0
      g_cvt_6__cvt_row_fp16 (fp16_to_fp32_dw_131) 5.93e-04 4.06e-04    0.317 1.32e-03   0.0
      g_cvt_5__pipe_cvt (VX_pipe_register_1_66) 2.81e-03 1.29e-02    0.602 1.64e-02   0.0
        g_shift_register (VX_shift_register_64_0_1_0_66) 2.81e-03 1.29e-02    0.602 1.64e-02   0.0
      g_cvt_5__cvt_col_bf16 (bf16_to_fp32_dw_132) 6.59e-05 1.56e-04    0.107 3.29e-04   0.0
      g_cvt_5__cvt_row_bf16 (bf16_to_fp32_dw_133) 5.95e-05 1.11e-04    0.107 2.78e-04   0.0
      g_cvt_5__cvt_col_fp16 (fp16_to_fp32_dw_132) 7.74e-04 5.42e-04    0.319 1.63e-03   0.0
      g_cvt_5__cvt_row_fp16 (fp16_to_fp32_dw_133) 6.19e-04 4.14e-04    0.320 1.35e-03   0.0
      g_cvt_4__pipe_cvt (VX_pipe_register_1_67) 2.67e-03 1.29e-02    0.602 1.62e-02   0.0
        g_shift_register (VX_shift_register_64_0_1_0_67) 2.67e-03 1.29e-02    0.602 1.62e-02   0.0
      g_cvt_4__cvt_col_bf16 (bf16_to_fp32_dw_134) 7.64e-05 1.55e-04    0.107 3.38e-04   0.0
      g_cvt_4__cvt_row_bf16 (bf16_to_fp32_dw_135) 4.92e-05 1.10e-04    0.107 2.67e-04   0.0
      g_cvt_4__cvt_col_fp16 (fp16_to_fp32_dw_134) 7.24e-04 5.37e-04    0.317 1.58e-03   0.0
      g_cvt_4__cvt_row_fp16 (fp16_to_fp32_dw_135) 5.86e-04 4.10e-04    0.317 1.31e-03   0.0
      g_cvt_3__pipe_cvt (VX_pipe_register_1_68) 2.75e-03 1.30e-02    0.608 1.63e-02   0.0
        g_shift_register (VX_shift_register_64_0_1_0_68) 2.75e-03 1.30e-02    0.602 1.63e-02   0.0
      g_cvt_3__cvt_col_bf16 (bf16_to_fp32_dw_136) 7.32e-05 1.55e-04    0.107 3.35e-04   0.0
      g_cvt_3__cvt_row_bf16 (bf16_to_fp32_dw_137) 5.33e-05 1.09e-04    0.107 2.70e-04   0.0
      g_cvt_3__cvt_col_fp16 (fp16_to_fp32_dw_136) 7.20e-04 5.37e-04    0.317 1.57e-03   0.0
      g_cvt_3__cvt_row_fp16 (fp16_to_fp32_dw_137) 5.57e-04 4.04e-04    0.317 1.28e-03   0.0
      g_cvt_2__pipe_cvt (VX_pipe_register_1_69) 2.72e-03 1.30e-02    0.608 1.63e-02   0.0
        g_shift_register (VX_shift_register_64_0_1_0_69) 2.70e-03 1.29e-02    0.602 1.62e-02   0.0
      g_cvt_2__cvt_col_bf16 (bf16_to_fp32_dw_138) 7.32e-05 1.55e-04    0.107 3.35e-04   0.0
      g_cvt_2__cvt_row_bf16 (bf16_to_fp32_dw_139) 6.47e-05 1.11e-04    0.107 2.83e-04   0.0
      g_cvt_2__cvt_col_fp16 (fp16_to_fp32_dw_138) 7.19e-04 5.38e-04    0.317 1.57e-03   0.0
      g_cvt_2__cvt_row_fp16 (fp16_to_fp32_dw_139) 5.69e-04 4.17e-04    0.317 1.30e-03   0.0
      g_cvt_1__pipe_cvt (VX_pipe_register_1_70) 2.82e-03 1.30e-02    0.608 1.64e-02   0.0
        g_shift_register (VX_shift_register_64_0_1_0_70) 2.77e-03 1.29e-02    0.602 1.63e-02   0.0
      g_cvt_1__cvt_col_bf16 (bf16_to_fp32_dw_140) 8.58e-05 1.55e-04    0.107 3.48e-04   0.0
      g_cvt_1__cvt_row_bf16 (bf16_to_fp32_dw_141) 5.55e-05 1.10e-04    0.107 2.73e-04   0.0
      g_cvt_1__cvt_col_fp16 (fp16_to_fp32_dw_140) 7.70e-04 5.40e-04    0.317 1.63e-03   0.0
      g_cvt_1__cvt_row_fp16 (fp16_to_fp32_dw_141) 5.43e-04 4.04e-04    0.317 1.26e-03   0.0
      g_cvt_0__pipe_cvt (VX_pipe_register_1_71) 2.78e-03 1.30e-02    0.608 1.63e-02   0.0
        g_shift_register (VX_shift_register_64_0_1_0_71) 2.76e-03 1.29e-02    0.602 1.63e-02   0.0
      g_cvt_0__cvt_col_bf16 (bf16_to_fp32_dw_142) 7.19e-05 1.54e-04    0.107 3.34e-04   0.0
      g_cvt_0__cvt_row_bf16 (bf16_to_fp32_dw_143) 4.99e-05 1.09e-04    0.107 2.66e-04   0.0
      g_cvt_0__cvt_col_fp16 (fp16_to_fp32_dw_142) 7.47e-04 5.41e-04    0.317 1.60e-03   0.0
      g_cvt_0__cvt_row_fp16 (fp16_to_fp32_dw_143) 5.56e-04 4.02e-04    0.317 1.28e-03   0.0
    g_i_5__g_j_3____buffer_ex (VX_pipe_register_49) 1.77e-02 9.54e-02    4.369    0.117   0.1
      g_shift_register (VX_shift_register_582_0_1_0_40) 1.77e-02 9.54e-02    4.369    0.117   0.1
    g_i_5__g_j_2__fedp (VX_tcu_fedp_dw_9)    0.557    2.266  174.820    2.998   2.1
      pipe_acc (VX_pipe_register_3_72) 2.84e-02    0.122    5.248    0.156   0.1
        g_shift_register (VX_shift_register_32_0_11_0_72) 2.84e-02    0.122    5.248    0.156   0.1
      pipe_c (VX_pipe_register_4_9)    6.24e-02    0.432   20.147    0.515   0.4
        g_shift_register (VX_shift_register_32_0_42_0_9) 6.24e-02    0.432   20.147    0.515   0.4
      g_red_tree_2__g_add_0__pipe_red (VX_pipe_register_3_73) 2.10e-02    0.118    5.197    0.144   0.1
        g_shift_register (VX_shift_register_32_0_11_0_73) 2.10e-02    0.118    5.197    0.144   0.1
      g_red_tree_1__g_add_1__pipe_red (VX_pipe_register_3_74) 1.82e-02    0.117    5.193    0.140   0.1
        g_shift_register (VX_shift_register_32_0_11_0_74) 1.82e-02    0.117    5.193    0.140   0.1
      g_red_tree_1__g_add_0__pipe_red (VX_pipe_register_3_75) 1.64e-02    0.114    5.187    0.136   0.1
        g_shift_register (VX_shift_register_32_0_11_0_75) 1.64e-02    0.114    5.187    0.136   0.1
      g_red_tree_0__g_add_3__pipe_red (VX_pipe_register_3_76) 1.79e-02    0.113    5.184    0.136   0.1
        g_shift_register (VX_shift_register_32_0_11_0_76) 1.79e-02    0.113    5.184    0.136   0.1
      g_red_tree_0__g_add_2__pipe_red (VX_pipe_register_3_77) 2.18e-02    0.115    5.192    0.142   0.1
        g_shift_register (VX_shift_register_32_0_11_0_77) 2.18e-02    0.115    5.192    0.142   0.1
      g_red_tree_0__g_add_1__pipe_red (VX_pipe_register_3_78) 2.14e-02    0.116    5.193    0.142   0.1
        g_shift_register (VX_shift_register_32_0_11_0_78) 2.14e-02    0.116    5.193    0.142   0.1
      g_red_tree_0__g_add_0__pipe_red (VX_pipe_register_3_79) 1.94e-02    0.117    5.194    0.141   0.1
        g_shift_register (VX_shift_register_32_0_11_0_79) 1.94e-02    0.117    5.194    0.141   0.1
      g_prod_7__pipe_mult (VX_pipe_register_2_72) 1.12e-02 7.98e-02    3.767 9.48e-02   0.1
        g_shift_register (VX_shift_register_32_0_8_0_72) 1.12e-02 7.98e-02    3.767 9.48e-02   0.1
      g_prod_6__pipe_mult (VX_pipe_register_2_73) 1.14e-02 8.01e-02    3.767 9.52e-02   0.1
        g_shift_register (VX_shift_register_32_0_8_0_73) 1.14e-02 8.01e-02    3.767 9.52e-02   0.1
      g_prod_5__pipe_mult (VX_pipe_register_2_74) 1.29e-02 8.23e-02    3.774 9.89e-02   0.1
        g_shift_register (VX_shift_register_32_0_8_0_74) 1.29e-02 8.23e-02    3.774 9.89e-02   0.1
      g_prod_4__pipe_mult (VX_pipe_register_2_75) 1.32e-02 8.18e-02    3.773 9.87e-02   0.1
        g_shift_register (VX_shift_register_32_0_8_0_75) 1.32e-02 8.18e-02    3.773 9.87e-02   0.1
      g_prod_3__pipe_mult (VX_pipe_register_2_76) 1.19e-02 8.06e-02    3.769 9.62e-02   0.1
        g_shift_register (VX_shift_register_32_0_8_0_76) 1.19e-02 8.06e-02    3.769 9.62e-02   0.1
      g_prod_2__pipe_mult (VX_pipe_register_2_77) 1.17e-02 8.06e-02    3.769 9.60e-02   0.1
        g_shift_register (VX_shift_register_32_0_8_0_77) 1.17e-02 8.06e-02    3.769 9.60e-02   0.1
      g_prod_1__pipe_mult (VX_pipe_register_2_78) 1.16e-02 8.04e-02    3.769 9.58e-02   0.1
        g_shift_register (VX_shift_register_32_0_8_0_78) 1.16e-02 8.04e-02    3.769 9.58e-02   0.1
      g_prod_0__pipe_mult (VX_pipe_register_2_79) 1.16e-02 8.07e-02    3.769 9.61e-02   0.1
        g_shift_register (VX_shift_register_32_0_8_0_79) 1.16e-02 8.07e-02    3.769 9.61e-02   0.1
      g_cvt_7__pipe_cvt (VX_pipe_register_1_72) 2.74e-03 1.29e-02    0.602 1.63e-02   0.0
        g_shift_register (VX_shift_register_64_0_1_0_72) 2.74e-03 1.29e-02    0.602 1.63e-02   0.0
      g_cvt_7__cvt_col_bf16 (bf16_to_fp32_dw_144) 1.11e-04 1.56e-04    0.107 3.74e-04   0.0
      g_cvt_7__cvt_row_bf16 (bf16_to_fp32_dw_145) 5.97e-05 1.11e-04    0.107 2.78e-04   0.0
      g_cvt_7__cvt_col_fp16 (fp16_to_fp32_dw_144) 7.29e-04 5.37e-04    0.317 1.58e-03   0.0
      g_cvt_7__cvt_row_fp16 (fp16_to_fp32_dw_145) 5.62e-04 4.12e-04    0.317 1.29e-03   0.0
      g_cvt_6__pipe_cvt (VX_pipe_register_1_73) 2.74e-03 1.30e-02    0.602 1.63e-02   0.0
        g_shift_register (VX_shift_register_64_0_1_0_73) 2.74e-03 1.30e-02    0.602 1.63e-02   0.0
      g_cvt_6__cvt_col_bf16 (bf16_to_fp32_dw_146) 7.31e-05 1.54e-04    0.107 3.34e-04   0.0
      g_cvt_6__cvt_row_bf16 (bf16_to_fp32_dw_147) 5.17e-05 1.09e-04    0.107 2.68e-04   0.0
      g_cvt_6__cvt_col_fp16 (fp16_to_fp32_dw_146) 7.21e-04 5.40e-04    0.317 1.58e-03   0.0
      g_cvt_6__cvt_row_fp16 (fp16_to_fp32_dw_147) 5.49e-04 4.05e-04    0.317 1.27e-03   0.0
      g_cvt_5__pipe_cvt (VX_pipe_register_1_74) 2.81e-03 1.30e-02    0.614 1.64e-02   0.0
        g_shift_register (VX_shift_register_64_0_1_0_74) 2.73e-03 1.29e-02    0.602 1.63e-02   0.0
      g_cvt_5__cvt_col_bf16 (bf16_to_fp32_dw_148) 7.38e-05 1.55e-04    0.107 3.36e-04   0.0
      g_cvt_5__cvt_row_bf16 (bf16_to_fp32_dw_149) 5.22e-05 1.10e-04    0.107 2.69e-04   0.0
      g_cvt_5__cvt_col_fp16 (fp16_to_fp32_dw_148) 7.68e-04 5.42e-04    0.317 1.63e-03   0.0
      g_cvt_5__cvt_row_fp16 (fp16_to_fp32_dw_149) 5.61e-04 4.09e-04    0.317 1.29e-03   0.0
      g_cvt_4__pipe_cvt (VX_pipe_register_1_75) 2.58e-03 1.30e-02    0.608 1.61e-02   0.0
        g_shift_register (VX_shift_register_64_0_1_0_75) 2.52e-03 1.29e-02    0.602 1.61e-02   0.0
      g_cvt_4__cvt_col_bf16 (bf16_to_fp32_dw_150) 8.46e-05 1.55e-04    0.107 3.47e-04   0.0
      g_cvt_4__cvt_row_bf16 (bf16_to_fp32_dw_151) 4.81e-05 1.10e-04    0.107 2.65e-04   0.0
      g_cvt_4__cvt_col_fp16 (fp16_to_fp32_dw_150) 7.28e-04 5.39e-04    0.317 1.58e-03   0.0
      g_cvt_4__cvt_row_fp16 (fp16_to_fp32_dw_151) 5.52e-04 4.10e-04    0.317 1.28e-03   0.0
      g_cvt_3__pipe_cvt (VX_pipe_register_1_76) 2.78e-03 1.30e-02    0.602 1.63e-02   0.0
        g_shift_register (VX_shift_register_64_0_1_0_76) 2.78e-03 1.30e-02    0.602 1.63e-02   0.0
      g_cvt_3__cvt_col_bf16 (bf16_to_fp32_dw_152) 7.53e-05 1.55e-04    0.107 3.38e-04   0.0
      g_cvt_3__cvt_row_bf16 (bf16_to_fp32_dw_153) 6.10e-05 1.09e-04    0.107 2.78e-04   0.0
      g_cvt_3__cvt_col_fp16 (fp16_to_fp32_dw_152) 7.13e-04 5.34e-04    0.317 1.56e-03   0.0
      g_cvt_3__cvt_row_fp16 (fp16_to_fp32_dw_153) 5.64e-04 4.05e-04    0.317 1.29e-03   0.0
      g_cvt_2__pipe_cvt (VX_pipe_register_1_77) 2.73e-03 1.30e-02    0.602 1.63e-02   0.0
        g_shift_register (VX_shift_register_64_0_1_0_77) 2.73e-03 1.30e-02    0.602 1.63e-02   0.0
      g_cvt_2__cvt_col_bf16 (bf16_to_fp32_dw_154) 7.61e-05 1.55e-04    0.107 3.38e-04   0.0
      g_cvt_2__cvt_row_bf16 (bf16_to_fp32_dw_155) 5.55e-05 1.10e-04    0.107 2.73e-04   0.0
      g_cvt_2__cvt_col_fp16 (fp16_to_fp32_dw_154) 7.22e-04 5.38e-04    0.317 1.58e-03   0.0
      g_cvt_2__cvt_row_fp16 (fp16_to_fp32_dw_155) 5.97e-04 4.14e-04    0.317 1.33e-03   0.0
      g_cvt_1__pipe_cvt (VX_pipe_register_1_78) 2.78e-03 1.30e-02    0.602 1.63e-02   0.0
        g_shift_register (VX_shift_register_64_0_1_0_78) 2.78e-03 1.30e-02    0.602 1.63e-02   0.0
      g_cvt_1__cvt_col_bf16 (bf16_to_fp32_dw_156) 8.38e-05 1.55e-04    0.107 3.46e-04   0.0
      g_cvt_1__cvt_row_bf16 (bf16_to_fp32_dw_157) 5.64e-05 1.15e-04    0.107 2.79e-04   0.0
      g_cvt_1__cvt_col_fp16 (fp16_to_fp32_dw_156) 7.19e-04 5.43e-04    0.317 1.58e-03   0.0
      g_cvt_1__cvt_row_fp16 (fp16_to_fp32_dw_157) 5.90e-04 4.11e-04    0.316 1.32e-03   0.0
      g_cvt_0__pipe_cvt (VX_pipe_register_1_79) 2.77e-03 1.30e-02    0.602 1.63e-02   0.0
        g_shift_register (VX_shift_register_64_0_1_0_79) 2.77e-03 1.30e-02    0.602 1.63e-02   0.0
      g_cvt_0__cvt_col_bf16 (bf16_to_fp32_dw_158) 7.14e-05 1.55e-04    0.107 3.33e-04   0.0
      g_cvt_0__cvt_row_bf16 (bf16_to_fp32_dw_159) 5.20e-05 1.10e-04    0.107 2.69e-04   0.0
      g_cvt_0__cvt_col_fp16 (fp16_to_fp32_dw_158) 7.03e-04 5.38e-04    0.317 1.56e-03   0.0
      g_cvt_0__cvt_row_fp16 (fp16_to_fp32_dw_159) 5.79e-04 4.04e-04    0.317 1.30e-03   0.0
    g_i_5__g_j_2____buffer_ex (VX_pipe_register_50) 1.79e-02 9.54e-02    4.369    0.118   0.1
      g_shift_register (VX_shift_register_582_0_1_0_41) 1.79e-02 9.54e-02    4.369    0.118   0.1
    g_i_5__g_j_1__fedp (VX_tcu_fedp_dw_10)    0.554    2.269  174.916    2.998   2.1
      pipe_acc (VX_pipe_register_3_80) 1.85e-02    0.122    5.249    0.146   0.1
        g_shift_register (VX_shift_register_32_0_11_0_80) 1.85e-02    0.122    5.249    0.146   0.1
      pipe_c (VX_pipe_register_4_10)   5.98e-02    0.432   20.146    0.512   0.4
        g_shift_register (VX_shift_register_32_0_42_0_10) 5.98e-02    0.432   20.146    0.512   0.4
      g_red_tree_2__g_add_0__pipe_red (VX_pipe_register_3_81) 2.68e-02    0.119    5.201    0.151   0.1
        g_shift_register (VX_shift_register_32_0_11_0_81) 2.68e-02    0.119    5.201    0.151   0.1
      g_red_tree_1__g_add_1__pipe_red (VX_pipe_register_3_82) 1.61e-02    0.117    5.194    0.138   0.1
        g_shift_register (VX_shift_register_32_0_11_0_82) 1.61e-02    0.117    5.194    0.138   0.1
      g_red_tree_1__g_add_0__pipe_red (VX_pipe_register_3_83) 1.77e-02    0.115    5.188    0.137   0.1
        g_shift_register (VX_shift_register_32_0_11_0_83) 1.77e-02    0.115    5.188    0.137   0.1
      g_red_tree_0__g_add_3__pipe_red (VX_pipe_register_3_84) 1.62e-02    0.113    5.184    0.134   0.1
        g_shift_register (VX_shift_register_32_0_11_0_84) 1.62e-02    0.113    5.184    0.134   0.1
      g_red_tree_0__g_add_2__pipe_red (VX_pipe_register_3_85) 2.32e-02    0.116    5.194    0.145   0.1
        g_shift_register (VX_shift_register_32_0_11_0_85) 2.32e-02    0.116    5.194    0.145   0.1
      g_red_tree_0__g_add_1__pipe_red (VX_pipe_register_3_86) 2.30e-02    0.116    5.195    0.144   0.1
        g_shift_register (VX_shift_register_32_0_11_0_86) 2.30e-02    0.116    5.195    0.144   0.1
      g_red_tree_0__g_add_0__pipe_red (VX_pipe_register_3_87) 2.43e-02    0.117    5.196    0.146   0.1
        g_shift_register (VX_shift_register_32_0_11_0_87) 2.43e-02    0.117    5.196    0.146   0.1
      g_prod_7__pipe_mult (VX_pipe_register_2_80) 1.18e-02 7.98e-02    3.767 9.54e-02   0.1
        g_shift_register (VX_shift_register_32_0_8_0_80) 1.18e-02 7.98e-02    3.767 9.54e-02   0.1
      g_prod_6__pipe_mult (VX_pipe_register_2_81) 1.19e-02 8.00e-02    3.767 9.57e-02   0.1
        g_shift_register (VX_shift_register_32_0_8_0_81) 1.19e-02 8.00e-02    3.767 9.57e-02   0.1
      g_prod_5__pipe_mult (VX_pipe_register_2_82) 1.29e-02 8.22e-02    3.774 9.89e-02   0.1
        g_shift_register (VX_shift_register_32_0_8_0_82) 1.29e-02 8.22e-02    3.774 9.89e-02   0.1
      g_prod_4__pipe_mult (VX_pipe_register_2_83) 1.27e-02 8.18e-02    3.774 9.83e-02   0.1
        g_shift_register (VX_shift_register_32_0_8_0_83) 1.27e-02 8.18e-02    3.774 9.83e-02   0.1
      g_prod_3__pipe_mult (VX_pipe_register_2_84) 1.27e-02 8.05e-02    3.769 9.69e-02   0.1
        g_shift_register (VX_shift_register_32_0_8_0_84) 1.27e-02 8.05e-02    3.769 9.69e-02   0.1
      g_prod_2__pipe_mult (VX_pipe_register_2_85) 1.27e-02 8.05e-02    3.769 9.69e-02   0.1
        g_shift_register (VX_shift_register_32_0_8_0_85) 1.27e-02 8.05e-02    3.769 9.69e-02   0.1
      g_prod_1__pipe_mult (VX_pipe_register_2_86) 1.21e-02 8.05e-02    3.769 9.63e-02   0.1
        g_shift_register (VX_shift_register_32_0_8_0_86) 1.21e-02 8.05e-02    3.769 9.63e-02   0.1
      g_prod_0__pipe_mult (VX_pipe_register_2_87) 1.21e-02 8.07e-02    3.769 9.66e-02   0.1
        g_shift_register (VX_shift_register_32_0_8_0_87) 1.21e-02 8.07e-02    3.769 9.66e-02   0.1
      g_cvt_7__pipe_cvt (VX_pipe_register_1_80) 2.79e-03 1.29e-02    0.602 1.63e-02   0.0
        g_shift_register (VX_shift_register_64_0_1_0_80) 2.79e-03 1.29e-02    0.602 1.63e-02   0.0
      g_cvt_7__cvt_col_bf16 (bf16_to_fp32_dw_160) 7.48e-05 1.55e-04    0.107 3.37e-04   0.0
      g_cvt_7__cvt_row_bf16 (bf16_to_fp32_dw_161) 5.61e-05 1.11e-04    0.107 2.74e-04   0.0
      g_cvt_7__cvt_col_fp16 (fp16_to_fp32_dw_160) 7.04e-04 5.37e-04    0.317 1.56e-03   0.0
      g_cvt_7__cvt_row_fp16 (fp16_to_fp32_dw_161) 5.70e-04 4.12e-04    0.317 1.30e-03   0.0
      g_cvt_6__pipe_cvt (VX_pipe_register_1_81) 2.74e-03 1.29e-02    0.602 1.63e-02   0.0
        g_shift_register (VX_shift_register_64_0_1_0_81) 2.74e-03 1.29e-02    0.602 1.63e-02   0.0
      g_cvt_6__cvt_col_bf16 (bf16_to_fp32_dw_162) 7.60e-05 1.55e-04    0.107 3.38e-04   0.0
      g_cvt_6__cvt_row_bf16 (bf16_to_fp32_dw_163) 5.10e-05 1.09e-04    0.107 2.68e-04   0.0
      g_cvt_6__cvt_col_fp16 (fp16_to_fp32_dw_162) 7.40e-04 5.39e-04    0.317 1.60e-03   0.0
      g_cvt_6__cvt_row_fp16 (fp16_to_fp32_dw_163) 5.53e-04 4.06e-04    0.317 1.28e-03   0.0
      g_cvt_5__pipe_cvt (VX_pipe_register_1_82) 2.75e-03 1.29e-02    0.614 1.63e-02   0.0
        g_shift_register (VX_shift_register_64_0_1_0_82) 2.67e-03 1.29e-02    0.602 1.62e-02   0.0
      g_cvt_5__cvt_col_bf16 (bf16_to_fp32_dw_164) 7.21e-05 1.55e-04    0.107 3.35e-04   0.0
      g_cvt_5__cvt_row_bf16 (bf16_to_fp32_dw_165) 6.04e-05 1.10e-04    0.107 2.77e-04   0.0
      g_cvt_5__cvt_col_fp16 (fp16_to_fp32_dw_164) 7.33e-04 5.40e-04    0.317 1.59e-03   0.0
      g_cvt_5__cvt_row_fp16 (fp16_to_fp32_dw_165) 5.43e-04 4.08e-04    0.317 1.27e-03   0.0
      g_cvt_4__pipe_cvt (VX_pipe_register_1_83) 2.58e-03 1.30e-02    0.627 1.62e-02   0.0
        g_shift_register (VX_shift_register_64_0_1_0_83) 2.41e-03 1.29e-02    0.602 1.60e-02   0.0
      g_cvt_4__cvt_col_bf16 (bf16_to_fp32_dw_166) 8.11e-05 1.54e-04    0.107 3.43e-04   0.0
      g_cvt_4__cvt_row_bf16 (bf16_to_fp32_dw_167) 4.89e-05 1.10e-04    0.107 2.66e-04   0.0
      g_cvt_4__cvt_col_fp16 (fp16_to_fp32_dw_166) 7.04e-04 5.37e-04    0.317 1.56e-03   0.0
      g_cvt_4__cvt_row_fp16 (fp16_to_fp32_dw_167) 5.38e-04 4.08e-04    0.317 1.26e-03   0.0
      g_cvt_3__pipe_cvt (VX_pipe_register_1_84) 2.77e-03 1.30e-02    0.621 1.63e-02   0.0
        g_shift_register (VX_shift_register_64_0_1_0_84) 2.65e-03 1.29e-02    0.602 1.62e-02   0.0
      g_cvt_3__cvt_col_bf16 (bf16_to_fp32_dw_168) 7.07e-05 1.69e-04    0.107 3.47e-04   0.0
      g_cvt_3__cvt_row_bf16 (bf16_to_fp32_dw_169) 5.00e-05 1.09e-04    0.107 2.66e-04   0.0
      g_cvt_3__cvt_col_fp16 (fp16_to_fp32_dw_168) 7.53e-04 5.56e-04    0.317 1.63e-03   0.0
      g_cvt_3__cvt_row_fp16 (fp16_to_fp32_dw_169) 5.68e-04 4.04e-04    0.317 1.29e-03   0.0
      g_cvt_2__pipe_cvt (VX_pipe_register_1_85) 2.72e-03 1.29e-02    0.608 1.63e-02   0.0
        g_shift_register (VX_shift_register_64_0_1_0_85) 2.70e-03 1.29e-02    0.602 1.62e-02   0.0
      g_cvt_2__cvt_col_bf16 (bf16_to_fp32_dw_170) 7.33e-05 1.74e-04    0.107 3.55e-04   0.0
      g_cvt_2__cvt_row_bf16 (bf16_to_fp32_dw_171) 4.49e-05 1.10e-04    0.107 2.62e-04   0.0
      g_cvt_2__cvt_col_fp16 (fp16_to_fp32_dw_170) 7.16e-04 5.63e-04    0.317 1.60e-03   0.0
      g_cvt_2__cvt_row_fp16 (fp16_to_fp32_dw_171) 5.61e-04 4.15e-04    0.317 1.29e-03   0.0
      g_cvt_1__pipe_cvt (VX_pipe_register_1_86) 2.74e-03 1.29e-02    0.614 1.63e-02   0.0
        g_shift_register (VX_shift_register_64_0_1_0_86) 2.69e-03 1.29e-02    0.602 1.62e-02   0.0
      g_cvt_1__cvt_col_bf16 (bf16_to_fp32_dw_172) 6.96e-05 1.70e-04    0.107 3.47e-04   0.0
      g_cvt_1__cvt_row_bf16 (bf16_to_fp32_dw_173) 5.06e-05 1.10e-04    0.107 2.68e-04   0.0
      g_cvt_1__cvt_col_fp16 (fp16_to_fp32_dw_172) 7.35e-04 5.59e-04    0.317 1.61e-03   0.0
      g_cvt_1__cvt_row_fp16 (fp16_to_fp32_dw_173) 5.59e-04 4.05e-04    0.317 1.28e-03   0.0
      g_cvt_0__pipe_cvt (VX_pipe_register_1_87) 2.80e-03 1.30e-02    0.633 1.64e-02   0.0
        g_shift_register (VX_shift_register_64_0_1_0_87) 2.67e-03 1.29e-02    0.602 1.62e-02   0.0
      g_cvt_0__cvt_col_bf16 (bf16_to_fp32_dw_174) 7.31e-05 1.58e-04    0.107 3.39e-04   0.0
      g_cvt_0__cvt_row_bf16 (bf16_to_fp32_dw_175) 6.12e-05 1.09e-04    0.107 2.78e-04   0.0
      g_cvt_0__cvt_col_fp16 (fp16_to_fp32_dw_174) 7.21e-04 5.43e-04    0.317 1.58e-03   0.0
      g_cvt_0__cvt_row_fp16 (fp16_to_fp32_dw_175) 5.35e-04 4.03e-04    0.317 1.26e-03   0.0
    g_i_5__g_j_1____buffer_ex (VX_pipe_register_51) 2.20e-02 9.57e-02    4.469    0.122   0.1
      g_shift_register (VX_shift_register_582_0_1_0_42) 2.20e-02 9.57e-02    4.469    0.122   0.1
    g_i_5__g_j_0__fedp (VX_tcu_fedp_dw_11)    0.558    2.270  174.943    3.003   2.1
      pipe_acc (VX_pipe_register_3_88) 1.86e-02    0.123    5.249    0.147   0.1
        g_shift_register (VX_shift_register_32_0_11_0_88) 1.86e-02    0.123    5.249    0.147   0.1
      pipe_c (VX_pipe_register_4_11)   5.83e-02    0.432   20.140    0.511   0.4
        g_shift_register (VX_shift_register_32_0_42_0_11) 5.83e-02    0.432   20.140    0.511   0.4
      g_red_tree_2__g_add_0__pipe_red (VX_pipe_register_3_89) 2.67e-02    0.119    5.201    0.151   0.1
        g_shift_register (VX_shift_register_32_0_11_0_89) 2.67e-02    0.119    5.201    0.151   0.1
      g_red_tree_1__g_add_1__pipe_red (VX_pipe_register_3_90) 1.99e-02    0.117    5.196    0.142   0.1
        g_shift_register (VX_shift_register_32_0_11_0_90) 1.99e-02    0.117    5.196    0.142   0.1
      g_red_tree_1__g_add_0__pipe_red (VX_pipe_register_3_91) 2.08e-02    0.115    5.187    0.141   0.1
        g_shift_register (VX_shift_register_32_0_11_0_91) 2.08e-02    0.115    5.187    0.141   0.1
      g_red_tree_0__g_add_3__pipe_red (VX_pipe_register_3_92) 1.66e-02    0.113    5.184    0.135   0.1
        g_shift_register (VX_shift_register_32_0_11_0_92) 1.66e-02    0.113    5.184    0.135   0.1
      g_red_tree_0__g_add_2__pipe_red (VX_pipe_register_3_93) 2.19e-02    0.116    5.195    0.143   0.1
        g_shift_register (VX_shift_register_32_0_11_0_93) 2.19e-02    0.116    5.195    0.143   0.1
      g_red_tree_0__g_add_1__pipe_red (VX_pipe_register_3_94) 2.18e-02    0.115    5.192    0.142   0.1
        g_shift_register (VX_shift_register_32_0_11_0_94) 2.18e-02    0.115    5.192    0.142   0.1
      g_red_tree_0__g_add_0__pipe_red (VX_pipe_register_3_95) 2.45e-02    0.117    5.196    0.146   0.1
        g_shift_register (VX_shift_register_32_0_11_0_95) 2.45e-02    0.117    5.196    0.146   0.1
      g_prod_7__pipe_mult (VX_pipe_register_2_88) 1.21e-02 7.98e-02    3.767 9.56e-02   0.1
        g_shift_register (VX_shift_register_32_0_8_0_88) 1.21e-02 7.98e-02    3.767 9.56e-02   0.1
      g_prod_6__pipe_mult (VX_pipe_register_2_89) 1.20e-02 8.00e-02    3.767 9.58e-02   0.1
        g_shift_register (VX_shift_register_32_0_8_0_89) 1.20e-02 8.00e-02    3.767 9.58e-02   0.1
      g_prod_5__pipe_mult (VX_pipe_register_2_90) 1.28e-02 8.22e-02    3.774 9.87e-02   0.1
        g_shift_register (VX_shift_register_32_0_8_0_90) 1.28e-02 8.22e-02    3.774 9.87e-02   0.1
      g_prod_4__pipe_mult (VX_pipe_register_2_91) 1.23e-02 8.18e-02    3.773 9.79e-02   0.1
        g_shift_register (VX_shift_register_32_0_8_0_91) 1.23e-02 8.18e-02    3.773 9.79e-02   0.1
      g_prod_3__pipe_mult (VX_pipe_register_2_92) 1.14e-02 8.04e-02    3.769 9.56e-02   0.1
        g_shift_register (VX_shift_register_32_0_8_0_92) 1.14e-02 8.04e-02    3.769 9.56e-02   0.1
      g_prod_2__pipe_mult (VX_pipe_register_2_93) 1.16e-02 8.06e-02    3.769 9.59e-02   0.1
        g_shift_register (VX_shift_register_32_0_8_0_93) 1.16e-02 8.06e-02    3.769 9.59e-02   0.1
      g_prod_1__pipe_mult (VX_pipe_register_2_94) 1.13e-02 8.04e-02    3.769 9.55e-02   0.1
        g_shift_register (VX_shift_register_32_0_8_0_94) 1.13e-02 8.04e-02    3.769 9.55e-02   0.1
      g_prod_0__pipe_mult (VX_pipe_register_2_95) 1.11e-02 8.06e-02    3.769 9.55e-02   0.1
        g_shift_register (VX_shift_register_32_0_8_0_95) 1.11e-02 8.06e-02    3.769 9.55e-02   0.1
      g_cvt_7__pipe_cvt (VX_pipe_register_1_88) 2.72e-03 1.29e-02    0.602 1.62e-02   0.0
        g_shift_register (VX_shift_register_64_0_1_0_88) 2.72e-03 1.29e-02    0.602 1.62e-02   0.0
      g_cvt_7__cvt_col_bf16 (bf16_to_fp32_dw_176) 8.51e-05 1.55e-04    0.107 3.47e-04   0.0
      g_cvt_7__cvt_row_bf16 (bf16_to_fp32_dw_177) 6.16e-05 1.11e-04    0.107 2.80e-04   0.0
      g_cvt_7__cvt_col_fp16 (fp16_to_fp32_dw_176) 7.34e-04 5.43e-04    0.317 1.59e-03   0.0
      g_cvt_7__cvt_row_fp16 (fp16_to_fp32_dw_177) 5.46e-04 4.11e-04    0.317 1.27e-03   0.0
      g_cvt_6__pipe_cvt (VX_pipe_register_1_89) 2.75e-03 1.29e-02    0.608 1.63e-02   0.0
        g_shift_register (VX_shift_register_64_0_1_0_89) 2.68e-03 1.29e-02    0.602 1.62e-02   0.0
      g_cvt_6__cvt_col_bf16 (bf16_to_fp32_dw_178) 7.40e-05 1.55e-04    0.107 3.37e-04   0.0
      g_cvt_6__cvt_row_bf16 (bf16_to_fp32_dw_179) 4.91e-05 1.09e-04    0.107 2.66e-04   0.0
      g_cvt_6__cvt_col_fp16 (fp16_to_fp32_dw_178) 6.92e-04 5.37e-04    0.317 1.55e-03   0.0
      g_cvt_6__cvt_row_fp16 (fp16_to_fp32_dw_179) 5.46e-04 4.05e-04    0.317 1.27e-03   0.0
      g_cvt_5__pipe_cvt (VX_pipe_register_1_90) 2.76e-03 1.29e-02    0.614 1.63e-02   0.0
        g_shift_register (VX_shift_register_64_0_1_0_90) 2.64e-03 1.29e-02    0.602 1.62e-02   0.0
      g_cvt_5__cvt_col_bf16 (bf16_to_fp32_dw_180) 7.39e-05 1.54e-04    0.107 3.35e-04   0.0
      g_cvt_5__cvt_row_bf16 (bf16_to_fp32_dw_181) 5.04e-05 1.10e-04    0.107 2.67e-04   0.0
      g_cvt_5__cvt_col_fp16 (fp16_to_fp32_dw_180) 7.28e-04 5.40e-04    0.317 1.59e-03   0.0
      g_cvt_5__cvt_row_fp16 (fp16_to_fp32_dw_181) 5.47e-04 4.07e-04    0.317 1.27e-03   0.0
      g_cvt_4__pipe_cvt (VX_pipe_register_1_91) 2.60e-03 1.29e-02    0.602 1.61e-02   0.0
        g_shift_register (VX_shift_register_64_0_1_0_91) 2.60e-03 1.29e-02    0.602 1.61e-02   0.0
      g_cvt_4__cvt_col_bf16 (bf16_to_fp32_dw_182) 7.59e-05 1.54e-04    0.107 3.37e-04   0.0
      g_cvt_4__cvt_row_bf16 (bf16_to_fp32_dw_183) 5.79e-05 1.10e-04    0.107 2.75e-04   0.0
      g_cvt_4__cvt_col_fp16 (fp16_to_fp32_dw_182) 7.16e-04 5.43e-04    0.317 1.58e-03   0.0
      g_cvt_4__cvt_row_fp16 (fp16_to_fp32_dw_183) 5.67e-04 4.09e-04    0.317 1.29e-03   0.0
      g_cvt_3__pipe_cvt (VX_pipe_register_1_92) 2.79e-03 1.29e-02    0.602 1.63e-02   0.0
        g_shift_register (VX_shift_register_64_0_1_0_92) 2.79e-03 1.29e-02    0.602 1.63e-02   0.0
      g_cvt_3__cvt_col_bf16 (bf16_to_fp32_dw_184) 6.71e-05 1.54e-04    0.107 3.29e-04   0.0
      g_cvt_3__cvt_row_bf16 (bf16_to_fp32_dw_185) 6.02e-05 1.13e-04    0.107 2.81e-04   0.0
      g_cvt_3__cvt_col_fp16 (fp16_to_fp32_dw_184) 7.31e-04 5.44e-04    0.317 1.59e-03   0.0
      g_cvt_3__cvt_row_fp16 (fp16_to_fp32_dw_185) 6.49e-04 4.14e-04    0.321 1.38e-03   0.0
      g_cvt_2__pipe_cvt (VX_pipe_register_1_93) 2.79e-03 1.29e-02    0.602 1.63e-02   0.0
        g_shift_register (VX_shift_register_64_0_1_0_93) 2.79e-03 1.29e-02    0.602 1.63e-02   0.0
      g_cvt_2__cvt_col_bf16 (bf16_to_fp32_dw_186) 6.77e-05 1.57e-04    0.107 3.32e-04   0.0
      g_cvt_2__cvt_row_bf16 (bf16_to_fp32_dw_187) 6.51e-05 1.13e-04    0.107 2.86e-04   0.0
      g_cvt_2__cvt_col_fp16 (fp16_to_fp32_dw_186) 7.15e-04 5.40e-04    0.317 1.57e-03   0.0
      g_cvt_2__cvt_row_fp16 (fp16_to_fp32_dw_187) 6.95e-04 4.24e-04    0.321 1.44e-03   0.0
      g_cvt_1__pipe_cvt (VX_pipe_register_1_94) 2.79e-03 1.29e-02    0.602 1.63e-02   0.0
        g_shift_register (VX_shift_register_64_0_1_0_94) 2.79e-03 1.29e-02    0.602 1.63e-02   0.0
      g_cvt_1__cvt_col_bf16 (bf16_to_fp32_dw_188) 7.36e-05 1.55e-04    0.107 3.36e-04   0.0
      g_cvt_1__cvt_row_bf16 (bf16_to_fp32_dw_189) 5.19e-05 1.16e-04    0.107 2.75e-04   0.0
      g_cvt_1__cvt_col_fp16 (fp16_to_fp32_dw_188) 7.11e-04 5.40e-04    0.317 1.57e-03   0.0
      g_cvt_1__cvt_row_fp16 (fp16_to_fp32_dw_189) 5.60e-04 4.14e-04    0.316 1.29e-03   0.0
      g_cvt_0__pipe_cvt (VX_pipe_register_1_95) 2.76e-03 1.29e-02    0.602 1.63e-02   0.0
        g_shift_register (VX_shift_register_64_0_1_0_95) 2.76e-03 1.29e-02    0.602 1.63e-02   0.0
      g_cvt_0__cvt_col_bf16 (bf16_to_fp32_dw_190) 6.86e-05 1.55e-04    0.107 3.31e-04   0.0
      g_cvt_0__cvt_row_bf16 (bf16_to_fp32_dw_191) 5.70e-05 1.12e-04    0.107 2.76e-04   0.0
      g_cvt_0__cvt_col_fp16 (fp16_to_fp32_dw_190) 6.98e-04 5.33e-04    0.317 1.55e-03   0.0
      g_cvt_0__cvt_row_fp16 (fp16_to_fp32_dw_191) 5.63e-04 4.05e-04    0.316 1.29e-03   0.0
    g_i_5__g_j_0____buffer_ex (VX_pipe_register_52) 1.88e-02 9.53e-02    4.369    0.118   0.1
      g_shift_register (VX_shift_register_582_0_1_0_43) 1.88e-02 9.53e-02    4.369    0.118   0.1
    g_i_4__g_j_3__fedp (VX_tcu_fedp_dw_12)    0.565    2.272  174.897    3.012   2.2
      pipe_acc (VX_pipe_register_3_96) 1.71e-02    0.123    5.248    0.145   0.1
        g_shift_register (VX_shift_register_32_0_11_0_96) 1.71e-02    0.123    5.248    0.145   0.1
      pipe_c (VX_pipe_register_4_12)   5.77e-02    0.432   20.144    0.510   0.4
        g_shift_register (VX_shift_register_32_0_42_0_12) 5.77e-02    0.432   20.144    0.510   0.4
      g_red_tree_2__g_add_0__pipe_red (VX_pipe_register_3_97) 2.77e-02    0.119    5.201    0.152   0.1
        g_shift_register (VX_shift_register_32_0_11_0_97) 2.77e-02    0.119    5.201    0.152   0.1
      g_red_tree_1__g_add_1__pipe_red (VX_pipe_register_3_98) 2.54e-02    0.118    5.197    0.148   0.1
        g_shift_register (VX_shift_register_32_0_11_0_98) 2.54e-02    0.118    5.197    0.148   0.1
      g_red_tree_1__g_add_0__pipe_red (VX_pipe_register_3_99) 2.03e-02    0.115    5.188    0.140   0.1
        g_shift_register (VX_shift_register_32_0_11_0_99) 2.03e-02    0.115    5.188    0.140   0.1
      g_red_tree_0__g_add_3__pipe_red (VX_pipe_register_3_100) 1.69e-02    0.112    5.183    0.135   0.1
        g_shift_register (VX_shift_register_32_0_11_0_100) 1.69e-02    0.112    5.183    0.135   0.1
      g_red_tree_0__g_add_2__pipe_red (VX_pipe_register_3_101) 2.07e-02    0.116    5.194    0.142   0.1
        g_shift_register (VX_shift_register_32_0_11_0_101) 2.07e-02    0.116    5.194    0.142   0.1
      g_red_tree_0__g_add_1__pipe_red (VX_pipe_register_3_102) 2.31e-02    0.116    5.195    0.144   0.1
        g_shift_register (VX_shift_register_32_0_11_0_102) 2.31e-02    0.116    5.195    0.144   0.1
      g_red_tree_0__g_add_0__pipe_red (VX_pipe_register_3_103) 2.59e-02    0.117    5.195    0.148   0.1
        g_shift_register (VX_shift_register_32_0_11_0_103) 2.59e-02    0.117    5.195    0.148   0.1
      g_prod_7__pipe_mult (VX_pipe_register_2_96) 1.10e-02 7.98e-02    3.767 9.45e-02   0.1
        g_shift_register (VX_shift_register_32_0_8_0_96) 1.10e-02 7.98e-02    3.767 9.45e-02   0.1
      g_prod_6__pipe_mult (VX_pipe_register_2_97) 1.12e-02 8.00e-02    3.767 9.50e-02   0.1
        g_shift_register (VX_shift_register_32_0_8_0_97) 1.12e-02 8.00e-02    3.767 9.50e-02   0.1
      g_prod_5__pipe_mult (VX_pipe_register_2_98) 1.20e-02 8.22e-02    3.774 9.80e-02   0.1
        g_shift_register (VX_shift_register_32_0_8_0_98) 1.20e-02 8.22e-02    3.774 9.80e-02   0.1
      g_prod_4__pipe_mult (VX_pipe_register_2_99) 1.19e-02 8.19e-02    3.773 9.75e-02   0.1
        g_shift_register (VX_shift_register_32_0_8_0_99) 1.19e-02 8.19e-02    3.773 9.75e-02   0.1
      g_prod_3__pipe_mult (VX_pipe_register_2_100) 1.16e-02 8.04e-02    3.769 9.58e-02   0.1
        g_shift_register (VX_shift_register_32_0_8_0_100) 1.16e-02 8.04e-02    3.769 9.58e-02   0.1
      g_prod_2__pipe_mult (VX_pipe_register_2_101) 1.16e-02 8.05e-02    3.769 9.59e-02   0.1
        g_shift_register (VX_shift_register_32_0_8_0_101) 1.16e-02 8.05e-02    3.769 9.59e-02   0.1
      g_prod_1__pipe_mult (VX_pipe_register_2_102) 1.12e-02 8.04e-02    3.769 9.54e-02   0.1
        g_shift_register (VX_shift_register_32_0_8_0_102) 1.12e-02 8.04e-02    3.769 9.54e-02   0.1
      g_prod_0__pipe_mult (VX_pipe_register_2_103) 1.13e-02 8.07e-02    3.769 9.58e-02   0.1
        g_shift_register (VX_shift_register_32_0_8_0_103) 1.13e-02 8.07e-02    3.769 9.58e-02   0.1
      g_cvt_7__pipe_cvt (VX_pipe_register_1_96) 2.75e-03 1.29e-02    0.602 1.63e-02   0.0
        g_shift_register (VX_shift_register_64_0_1_0_96) 2.75e-03 1.29e-02    0.602 1.63e-02   0.0
      g_cvt_7__cvt_col_bf16 (bf16_to_fp32_dw_192) 6.89e-05 1.55e-04    0.107 3.31e-04   0.0
      g_cvt_7__cvt_row_bf16 (bf16_to_fp32_dw_193) 5.08e-05 1.11e-04    0.107 2.69e-04   0.0
      g_cvt_7__cvt_col_fp16 (fp16_to_fp32_dw_192) 7.28e-04 5.40e-04    0.317 1.58e-03   0.0
      g_cvt_7__cvt_row_fp16 (fp16_to_fp32_dw_193) 5.73e-04 4.07e-04    0.317 1.30e-03   0.0
      g_cvt_6__pipe_cvt (VX_pipe_register_1_97) 2.76e-03 1.29e-02    0.602 1.63e-02   0.0
        g_shift_register (VX_shift_register_64_0_1_0_97) 2.76e-03 1.29e-02    0.602 1.63e-02   0.0
      g_cvt_6__cvt_col_bf16 (bf16_to_fp32_dw_194) 7.63e-05 1.56e-04    0.107 3.39e-04   0.0
      g_cvt_6__cvt_row_bf16 (bf16_to_fp32_dw_195) 5.15e-05 1.10e-04    0.107 2.68e-04   0.0
      g_cvt_6__cvt_col_fp16 (fp16_to_fp32_dw_194) 7.42e-04 5.44e-04    0.317 1.60e-03   0.0
      g_cvt_6__cvt_row_fp16 (fp16_to_fp32_dw_195) 5.44e-04 4.08e-04    0.317 1.27e-03   0.0
      g_cvt_5__pipe_cvt (VX_pipe_register_1_98) 2.81e-03 1.29e-02    0.602 1.63e-02   0.0
        g_shift_register (VX_shift_register_64_0_1_0_98) 2.81e-03 1.29e-02    0.602 1.63e-02   0.0
      g_cvt_5__cvt_col_bf16 (bf16_to_fp32_dw_196) 7.46e-05 1.56e-04    0.107 3.37e-04   0.0
      g_cvt_5__cvt_row_bf16 (bf16_to_fp32_dw_197) 6.01e-05 1.09e-04    0.107 2.77e-04   0.0
      g_cvt_5__cvt_col_fp16 (fp16_to_fp32_dw_196) 7.24e-04 5.38e-04    0.317 1.58e-03   0.0
      g_cvt_5__cvt_row_fp16 (fp16_to_fp32_dw_197) 5.63e-04 4.06e-04    0.317 1.29e-03   0.0
      g_cvt_4__pipe_cvt (VX_pipe_register_1_99) 2.61e-03 1.29e-02    0.602 1.61e-02   0.0
        g_shift_register (VX_shift_register_64_0_1_0_99) 2.61e-03 1.29e-02    0.602 1.61e-02   0.0
      g_cvt_4__cvt_col_bf16 (bf16_to_fp32_dw_198) 9.13e-05 1.55e-04    0.107 3.53e-04   0.0
      g_cvt_4__cvt_row_bf16 (bf16_to_fp32_dw_199) 4.96e-05 1.10e-04    0.107 2.67e-04   0.0
      g_cvt_4__cvt_col_fp16 (fp16_to_fp32_dw_198) 8.13e-04 5.45e-04    0.320 1.68e-03   0.0
      g_cvt_4__cvt_row_fp16 (fp16_to_fp32_dw_199) 5.69e-04 4.06e-04    0.317 1.29e-03   0.0
      g_cvt_3__pipe_cvt (VX_pipe_register_1_100) 2.74e-03 1.29e-02    0.602 1.63e-02   0.0
        g_shift_register (VX_shift_register_64_0_1_0_100) 2.74e-03 1.29e-02    0.602 1.63e-02   0.0
      g_cvt_3__cvt_col_bf16 (bf16_to_fp32_dw_200) 8.31e-05 1.57e-04    0.107 3.48e-04   0.0
      g_cvt_3__cvt_row_bf16 (bf16_to_fp32_dw_201) 5.37e-05 1.10e-04    0.107 2.71e-04   0.0
      g_cvt_3__cvt_col_fp16 (fp16_to_fp32_dw_200) 8.06e-04 5.46e-04    0.320 1.67e-03   0.0
      g_cvt_3__cvt_row_fp16 (fp16_to_fp32_dw_201) 5.59e-04 4.11e-04    0.317 1.29e-03   0.0
      g_cvt_2__pipe_cvt (VX_pipe_register_1_101) 2.76e-03 1.29e-02    0.602 1.63e-02   0.0
        g_shift_register (VX_shift_register_64_0_1_0_101) 2.76e-03 1.29e-02    0.602 1.63e-02   0.0
      g_cvt_2__cvt_col_bf16 (bf16_to_fp32_dw_202) 7.89e-05 1.56e-04    0.107 3.42e-04   0.0
      g_cvt_2__cvt_row_bf16 (bf16_to_fp32_dw_203) 5.17e-05 1.11e-04    0.107 2.70e-04   0.0
      g_cvt_2__cvt_col_fp16 (fp16_to_fp32_dw_202) 8.13e-04 5.45e-04    0.320 1.68e-03   0.0
      g_cvt_2__cvt_row_fp16 (fp16_to_fp32_dw_203) 6.22e-04 4.11e-04    0.319 1.35e-03   0.0
      g_cvt_1__pipe_cvt (VX_pipe_register_1_102) 2.75e-03 1.29e-02    0.602 1.63e-02   0.0
        g_shift_register (VX_shift_register_64_0_1_0_102) 2.75e-03 1.29e-02    0.602 1.63e-02   0.0
      g_cvt_1__cvt_col_bf16 (bf16_to_fp32_dw_204) 7.32e-05 1.54e-04    0.107 3.35e-04   0.0
      g_cvt_1__cvt_row_bf16 (bf16_to_fp32_dw_205) 5.40e-05 1.09e-04    0.107 2.71e-04   0.0
      g_cvt_1__cvt_col_fp16 (fp16_to_fp32_dw_204) 7.24e-04 5.40e-04    0.317 1.58e-03   0.0
      g_cvt_1__cvt_row_fp16 (fp16_to_fp32_dw_205) 5.41e-04 4.04e-04    0.317 1.26e-03   0.0
      g_cvt_0__pipe_cvt (VX_pipe_register_1_103) 2.75e-03 1.29e-02    0.608 1.63e-02   0.0
        g_shift_register (VX_shift_register_64_0_1_0_103) 2.73e-03 1.29e-02    0.602 1.63e-02   0.0
      g_cvt_0__cvt_col_bf16 (bf16_to_fp32_dw_206) 7.98e-05 1.54e-04    0.107 3.42e-04   0.0
      g_cvt_0__cvt_row_bf16 (bf16_to_fp32_dw_207) 4.88e-05 1.10e-04    0.107 2.66e-04   0.0
      g_cvt_0__cvt_col_fp16 (fp16_to_fp32_dw_206) 7.42e-04 5.39e-04    0.317 1.60e-03   0.0
      g_cvt_0__cvt_row_fp16 (fp16_to_fp32_dw_207) 5.46e-04 4.06e-04    0.317 1.27e-03   0.0
    g_i_4__g_j_3____buffer_ex (VX_pipe_register_53) 1.84e-02 9.54e-02    4.369    0.118   0.1
      g_shift_register (VX_shift_register_582_0_1_0_44) 1.84e-02 9.54e-02    4.369    0.118   0.1
    g_i_4__g_j_2__fedp (VX_tcu_fedp_dw_13)    0.564    2.266  174.777    3.005   2.2
      pipe_acc (VX_pipe_register_3_104) 2.66e-02    0.123    5.247    0.154   0.1
        g_shift_register (VX_shift_register_32_0_11_0_104) 2.66e-02    0.123    5.247    0.154   0.1
      pipe_c (VX_pipe_register_4_13)   6.15e-02    0.433   20.153    0.514   0.4
        g_shift_register (VX_shift_register_32_0_42_0_13) 6.15e-02    0.433   20.146    0.514   0.4
      g_red_tree_2__g_add_0__pipe_red (VX_pipe_register_3_105) 2.32e-02    0.118    5.200    0.146   0.1
        g_shift_register (VX_shift_register_32_0_11_0_105) 2.32e-02    0.118    5.200    0.146   0.1
      g_red_tree_1__g_add_1__pipe_red (VX_pipe_register_3_106) 2.17e-02    0.117    5.195    0.144   0.1
        g_shift_register (VX_shift_register_32_0_11_0_106) 2.17e-02    0.117    5.195    0.144   0.1
      g_red_tree_1__g_add_0__pipe_red (VX_pipe_register_3_107) 1.64e-02    0.114    5.186    0.136   0.1
        g_shift_register (VX_shift_register_32_0_11_0_107) 1.64e-02    0.114    5.186    0.136   0.1
      g_red_tree_0__g_add_3__pipe_red (VX_pipe_register_3_108) 1.85e-02    0.113    5.184    0.136   0.1
        g_shift_register (VX_shift_register_32_0_11_0_108) 1.85e-02    0.113    5.184    0.136   0.1
      g_red_tree_0__g_add_2__pipe_red (VX_pipe_register_3_109) 2.31e-02    0.116    5.193    0.144   0.1
        g_shift_register (VX_shift_register_32_0_11_0_109) 2.31e-02    0.116    5.193    0.144   0.1
      g_red_tree_0__g_add_1__pipe_red (VX_pipe_register_3_110) 2.08e-02    0.115    5.192    0.141   0.1
        g_shift_register (VX_shift_register_32_0_11_0_110) 2.08e-02    0.115    5.192    0.141   0.1
      g_red_tree_0__g_add_0__pipe_red (VX_pipe_register_3_111) 2.17e-02    0.116    5.193    0.143   0.1
        g_shift_register (VX_shift_register_32_0_11_0_111) 2.17e-02    0.116    5.193    0.143   0.1
      g_prod_7__pipe_mult (VX_pipe_register_2_104) 1.12e-02 7.98e-02    3.767 9.48e-02   0.1
        g_shift_register (VX_shift_register_32_0_8_0_104) 1.12e-02 7.98e-02    3.767 9.48e-02   0.1
      g_prod_6__pipe_mult (VX_pipe_register_2_105) 1.15e-02 8.00e-02    3.767 9.53e-02   0.1
        g_shift_register (VX_shift_register_32_0_8_0_105) 1.15e-02 8.00e-02    3.767 9.53e-02   0.1
      g_prod_5__pipe_mult (VX_pipe_register_2_106) 1.36e-02 8.23e-02    3.775 9.97e-02   0.1
        g_shift_register (VX_shift_register_32_0_8_0_106) 1.36e-02 8.23e-02    3.775 9.97e-02   0.1
      g_prod_4__pipe_mult (VX_pipe_register_2_107) 1.31e-02 8.18e-02    3.773 9.87e-02   0.1
        g_shift_register (VX_shift_register_32_0_8_0_107) 1.31e-02 8.18e-02    3.773 9.87e-02   0.1
      g_prod_3__pipe_mult (VX_pipe_register_2_108) 1.23e-02 8.05e-02    3.769 9.66e-02   0.1
        g_shift_register (VX_shift_register_32_0_8_0_108) 1.23e-02 8.05e-02    3.769 9.66e-02   0.1
      g_prod_2__pipe_mult (VX_pipe_register_2_109) 1.21e-02 8.06e-02    3.769 9.65e-02   0.1
        g_shift_register (VX_shift_register_32_0_8_0_109) 1.21e-02 8.06e-02    3.769 9.65e-02   0.1
      g_prod_1__pipe_mult (VX_pipe_register_2_110) 1.21e-02 8.05e-02    3.769 9.64e-02   0.1
        g_shift_register (VX_shift_register_32_0_8_0_110) 1.21e-02 8.05e-02    3.769 9.64e-02   0.1
      g_prod_0__pipe_mult (VX_pipe_register_2_111) 1.23e-02 8.06e-02    3.769 9.67e-02   0.1
        g_shift_register (VX_shift_register_32_0_8_0_111) 1.23e-02 8.06e-02    3.769 9.67e-02   0.1
      g_cvt_7__pipe_cvt (VX_pipe_register_1_104) 2.73e-03 1.30e-02    0.608 1.63e-02   0.0
        g_shift_register (VX_shift_register_64_0_1_0_104) 2.68e-03 1.29e-02    0.602 1.62e-02   0.0
      g_cvt_7__cvt_col_bf16 (bf16_to_fp32_dw_208) 8.95e-05 1.56e-04    0.107 3.53e-04   0.0
      g_cvt_7__cvt_row_bf16 (bf16_to_fp32_dw_209) 4.84e-05 1.10e-04    0.107 2.65e-04   0.0
      g_cvt_7__cvt_col_fp16 (fp16_to_fp32_dw_208) 7.41e-04 5.37e-04    0.317 1.60e-03   0.0
      g_cvt_7__cvt_row_fp16 (fp16_to_fp32_dw_209) 5.57e-04 4.09e-04    0.317 1.28e-03   0.0
      g_cvt_6__pipe_cvt (VX_pipe_register_1_105) 2.71e-03 1.30e-02    0.608 1.63e-02   0.0
        g_shift_register (VX_shift_register_64_0_1_0_105) 2.66e-03 1.29e-02    0.602 1.62e-02   0.0
      g_cvt_6__cvt_col_bf16 (bf16_to_fp32_dw_210) 7.51e-05 1.54e-04    0.107 3.37e-04   0.0
      g_cvt_6__cvt_row_bf16 (bf16_to_fp32_dw_211) 4.65e-05 1.09e-04    0.107 2.63e-04   0.0
      g_cvt_6__cvt_col_fp16 (fp16_to_fp32_dw_210) 7.38e-04 5.39e-04    0.317 1.59e-03   0.0
      g_cvt_6__cvt_row_fp16 (fp16_to_fp32_dw_211) 5.68e-04 4.06e-04    0.317 1.29e-03   0.0
      g_cvt_5__pipe_cvt (VX_pipe_register_1_106) 2.79e-03 1.30e-02    0.615 1.64e-02   0.0
        g_shift_register (VX_shift_register_64_0_1_0_106) 2.67e-03 1.29e-02    0.602 1.62e-02   0.0
      g_cvt_5__cvt_col_bf16 (bf16_to_fp32_dw_212) 6.95e-05 1.55e-04    0.107 3.32e-04   0.0
      g_cvt_5__cvt_row_bf16 (bf16_to_fp32_dw_213) 4.98e-05 1.09e-04    0.107 2.66e-04   0.0
      g_cvt_5__cvt_col_fp16 (fp16_to_fp32_dw_212) 7.18e-04 5.39e-04    0.317 1.57e-03   0.0
      g_cvt_5__cvt_row_fp16 (fp16_to_fp32_dw_213) 5.51e-04 4.07e-04    0.317 1.27e-03   0.0
      g_cvt_4__pipe_cvt (VX_pipe_register_1_107) 2.57e-03 1.30e-02    0.602 1.61e-02   0.0
        g_shift_register (VX_shift_register_64_0_1_0_107) 2.57e-03 1.30e-02    0.602 1.61e-02   0.0
      g_cvt_4__cvt_col_bf16 (bf16_to_fp32_dw_214) 7.67e-05 1.55e-04    0.107 3.39e-04   0.0
      g_cvt_4__cvt_row_bf16 (bf16_to_fp32_dw_215) 4.86e-05 1.10e-04    0.107 2.66e-04   0.0
      g_cvt_4__cvt_col_fp16 (fp16_to_fp32_dw_214) 7.41e-04 5.38e-04    0.317 1.60e-03   0.0
      g_cvt_4__cvt_row_fp16 (fp16_to_fp32_dw_215) 5.56e-04 4.07e-04    0.317 1.28e-03   0.0
      g_cvt_3__pipe_cvt (VX_pipe_register_1_108) 2.77e-03 1.29e-02    0.602 1.63e-02   0.0
        g_shift_register (VX_shift_register_64_0_1_0_108) 2.77e-03 1.29e-02    0.602 1.63e-02   0.0
      g_cvt_3__cvt_col_bf16 (bf16_to_fp32_dw_216) 7.06e-05 1.55e-04    0.107 3.33e-04   0.0
      g_cvt_3__cvt_row_bf16 (bf16_to_fp32_dw_217) 5.42e-05 1.14e-04    0.107 2.76e-04   0.0
      g_cvt_3__cvt_col_fp16 (fp16_to_fp32_dw_216) 7.13e-04 5.37e-04    0.317 1.57e-03   0.0
      g_cvt_3__cvt_row_fp16 (fp16_to_fp32_dw_217) 5.76e-04 4.16e-04    0.317 1.31e-03   0.0
      g_cvt_2__pipe_cvt (VX_pipe_register_1_109) 2.77e-03 1.30e-02    0.608 1.63e-02   0.0
        g_shift_register (VX_shift_register_64_0_1_0_109) 2.74e-03 1.30e-02    0.602 1.63e-02   0.0
      g_cvt_2__cvt_col_bf16 (bf16_to_fp32_dw_218) 7.59e-05 1.55e-04    0.107 3.38e-04   0.0
      g_cvt_2__cvt_row_bf16 (bf16_to_fp32_dw_219) 6.45e-05 1.10e-04    0.107 2.82e-04   0.0
      g_cvt_2__cvt_col_fp16 (fp16_to_fp32_dw_218) 7.01e-04 5.39e-04    0.317 1.56e-03   0.0
      g_cvt_2__cvt_row_fp16 (fp16_to_fp32_dw_219) 6.18e-04 4.12e-04    0.320 1.35e-03   0.0
      g_cvt_1__pipe_cvt (VX_pipe_register_1_110) 2.75e-03 1.29e-02    0.602 1.63e-02   0.0
        g_shift_register (VX_shift_register_64_0_1_0_110) 2.75e-03 1.29e-02    0.602 1.63e-02   0.0
      g_cvt_1__cvt_col_bf16 (bf16_to_fp32_dw_220) 8.16e-05 1.55e-04    0.107 3.44e-04   0.0
      g_cvt_1__cvt_row_bf16 (bf16_to_fp32_dw_221) 5.56e-05 1.14e-04    0.107 2.77e-04   0.0
      g_cvt_1__cvt_col_fp16 (fp16_to_fp32_dw_220) 7.12e-04 5.41e-04    0.317 1.57e-03   0.0
      g_cvt_1__cvt_row_fp16 (fp16_to_fp32_dw_221) 6.16e-04 4.13e-04    0.319 1.35e-03   0.0
      g_cvt_0__pipe_cvt (VX_pipe_register_1_111) 2.77e-03 1.29e-02    0.602 1.63e-02   0.0
        g_shift_register (VX_shift_register_64_0_1_0_111) 2.77e-03 1.29e-02    0.602 1.63e-02   0.0
      g_cvt_0__cvt_col_bf16 (bf16_to_fp32_dw_222) 7.44e-05 1.55e-04    0.107 3.36e-04   0.0
      g_cvt_0__cvt_row_bf16 (bf16_to_fp32_dw_223) 5.42e-05 1.10e-04    0.107 2.71e-04   0.0
      g_cvt_0__cvt_col_fp16 (fp16_to_fp32_dw_222) 7.24e-04 5.37e-04    0.317 1.58e-03   0.0
      g_cvt_0__cvt_row_fp16 (fp16_to_fp32_dw_223) 5.81e-04 4.07e-04    0.317 1.31e-03   0.0
    g_i_4__g_j_2____buffer_ex (VX_pipe_register_54) 1.86e-02 9.55e-02    4.407    0.119   0.1
      g_shift_register (VX_shift_register_582_0_1_0_45) 1.86e-02 9.55e-02    4.407    0.119   0.1
    g_i_4__g_j_1__fedp (VX_tcu_fedp_dw_14)    0.564    2.265  174.693    3.004   2.1
      pipe_acc (VX_pipe_register_3_112) 2.24e-02    0.123    5.250    0.150   0.1
        g_shift_register (VX_shift_register_32_0_11_0_112) 2.24e-02    0.123    5.250    0.150   0.1
      pipe_c (VX_pipe_register_4_14)   6.07e-02    0.432   20.142    0.513   0.4
        g_shift_register (VX_shift_register_32_0_42_0_14) 6.07e-02    0.432   20.142    0.513   0.4
      g_red_tree_2__g_add_0__pipe_red (VX_pipe_register_3_113) 2.31e-02    0.118    5.199    0.147   0.1
        g_shift_register (VX_shift_register_32_0_11_0_113) 2.31e-02    0.118    5.199    0.147   0.1
      g_red_tree_1__g_add_1__pipe_red (VX_pipe_register_3_114) 2.28e-02    0.117    5.193    0.145   0.1
        g_shift_register (VX_shift_register_32_0_11_0_114) 2.28e-02    0.117    5.193    0.145   0.1
      g_red_tree_1__g_add_0__pipe_red (VX_pipe_register_3_115) 1.95e-02    0.114    5.186    0.139   0.1
        g_shift_register (VX_shift_register_32_0_11_0_115) 1.95e-02    0.114    5.186    0.139   0.1
      g_red_tree_0__g_add_3__pipe_red (VX_pipe_register_3_116) 1.79e-02    0.113    5.183    0.136   0.1
        g_shift_register (VX_shift_register_32_0_11_0_116) 1.79e-02    0.113    5.183    0.136   0.1
      g_red_tree_0__g_add_2__pipe_red (VX_pipe_register_3_117) 2.20e-02    0.116    5.193    0.143   0.1
        g_shift_register (VX_shift_register_32_0_11_0_117) 2.20e-02    0.116    5.193    0.143   0.1
      g_red_tree_0__g_add_1__pipe_red (VX_pipe_register_3_118) 2.73e-02    0.116    5.194    0.148   0.1
        g_shift_register (VX_shift_register_32_0_11_0_118) 2.73e-02    0.116    5.194    0.148   0.1
      g_red_tree_0__g_add_0__pipe_red (VX_pipe_register_3_119) 2.66e-02    0.116    5.193    0.148   0.1
        g_shift_register (VX_shift_register_32_0_11_0_119) 2.66e-02    0.116    5.193    0.148   0.1
      g_prod_7__pipe_mult (VX_pipe_register_2_112) 1.09e-02 7.98e-02    3.767 9.45e-02   0.1
        g_shift_register (VX_shift_register_32_0_8_0_112) 1.09e-02 7.98e-02    3.767 9.45e-02   0.1
      g_prod_6__pipe_mult (VX_pipe_register_2_113) 1.11e-02 8.00e-02    3.767 9.49e-02   0.1
        g_shift_register (VX_shift_register_32_0_8_0_113) 1.11e-02 8.00e-02    3.767 9.49e-02   0.1
      g_prod_5__pipe_mult (VX_pipe_register_2_114) 1.30e-02 8.23e-02    3.774 9.91e-02   0.1
        g_shift_register (VX_shift_register_32_0_8_0_114) 1.30e-02 8.23e-02    3.774 9.91e-02   0.1
      g_prod_4__pipe_mult (VX_pipe_register_2_115) 1.31e-02 8.18e-02    3.773 9.87e-02   0.1
        g_shift_register (VX_shift_register_32_0_8_0_115) 1.31e-02 8.18e-02    3.773 9.87e-02   0.1
      g_prod_3__pipe_mult (VX_pipe_register_2_116) 1.16e-02 8.05e-02    3.769 9.59e-02   0.1
        g_shift_register (VX_shift_register_32_0_8_0_116) 1.16e-02 8.05e-02    3.769 9.59e-02   0.1
      g_prod_2__pipe_mult (VX_pipe_register_2_117) 1.16e-02 8.06e-02    3.769 9.59e-02   0.1
        g_shift_register (VX_shift_register_32_0_8_0_117) 1.16e-02 8.06e-02    3.769 9.59e-02   0.1
      g_prod_1__pipe_mult (VX_pipe_register_2_118) 1.17e-02 8.05e-02    3.769 9.59e-02   0.1
        g_shift_register (VX_shift_register_32_0_8_0_118) 1.17e-02 8.05e-02    3.769 9.59e-02   0.1
      g_prod_0__pipe_mult (VX_pipe_register_2_119) 1.16e-02 8.06e-02    3.769 9.60e-02   0.1
        g_shift_register (VX_shift_register_32_0_8_0_119) 1.16e-02 8.06e-02    3.769 9.60e-02   0.1
      g_cvt_7__pipe_cvt (VX_pipe_register_1_112) 2.71e-03 1.29e-02    0.602 1.63e-02   0.0
        g_shift_register (VX_shift_register_64_0_1_0_112) 2.71e-03 1.29e-02    0.602 1.63e-02   0.0
      g_cvt_7__cvt_col_bf16 (bf16_to_fp32_dw_224) 8.64e-05 1.55e-04    0.107 3.49e-04   0.0
      g_cvt_7__cvt_row_bf16 (bf16_to_fp32_dw_225) 4.83e-05 1.10e-04    0.107 2.65e-04   0.0
      g_cvt_7__cvt_col_fp16 (fp16_to_fp32_dw_224) 7.31e-04 5.37e-04    0.317 1.58e-03   0.0
      g_cvt_7__cvt_row_fp16 (fp16_to_fp32_dw_225) 5.50e-04 4.07e-04    0.317 1.27e-03   0.0
      g_cvt_6__pipe_cvt (VX_pipe_register_1_113) 2.72e-03 1.30e-02    0.608 1.63e-02   0.0
        g_shift_register (VX_shift_register_64_0_1_0_113) 2.68e-03 1.29e-02    0.602 1.62e-02   0.0
      g_cvt_6__cvt_col_bf16 (bf16_to_fp32_dw_226) 8.20e-05 1.55e-04    0.107 3.44e-04   0.0
      g_cvt_6__cvt_row_bf16 (bf16_to_fp32_dw_227) 4.94e-05 1.10e-04    0.107 2.66e-04   0.0
      g_cvt_6__cvt_col_fp16 (fp16_to_fp32_dw_226) 7.20e-04 5.39e-04    0.317 1.58e-03   0.0
      g_cvt_6__cvt_row_fp16 (fp16_to_fp32_dw_227) 5.33e-04 4.04e-04    0.317 1.25e-03   0.0
      g_cvt_5__pipe_cvt (VX_pipe_register_1_114) 2.75e-03 1.29e-02    0.602 1.63e-02   0.0
        g_shift_register (VX_shift_register_64_0_1_0_114) 2.75e-03 1.29e-02    0.602 1.63e-02   0.0
      g_cvt_5__cvt_col_bf16 (bf16_to_fp32_dw_228) 7.85e-05 1.55e-04    0.107 3.41e-04   0.0
      g_cvt_5__cvt_row_bf16 (bf16_to_fp32_dw_229) 5.29e-05 1.09e-04    0.107 2.69e-04   0.0
      g_cvt_5__cvt_col_fp16 (fp16_to_fp32_dw_228) 7.20e-04 5.41e-04    0.317 1.58e-03   0.0
      g_cvt_5__cvt_row_fp16 (fp16_to_fp32_dw_229) 5.31e-04 4.06e-04    0.317 1.25e-03   0.0
      g_cvt_4__pipe_cvt (VX_pipe_register_1_115) 2.61e-03 1.29e-02    0.602 1.62e-02   0.0
        g_shift_register (VX_shift_register_64_0_1_0_115) 2.61e-03 1.29e-02    0.602 1.62e-02   0.0
      g_cvt_4__cvt_col_bf16 (bf16_to_fp32_dw_230) 7.75e-05 1.54e-04    0.107 3.39e-04   0.0
      g_cvt_4__cvt_row_bf16 (bf16_to_fp32_dw_231) 4.71e-05 1.10e-04    0.107 2.64e-04   0.0
      g_cvt_4__cvt_col_fp16 (fp16_to_fp32_dw_230) 7.23e-04 5.39e-04    0.317 1.58e-03   0.0
      g_cvt_4__cvt_row_fp16 (fp16_to_fp32_dw_231) 5.41e-04 4.06e-04    0.317 1.26e-03   0.0
      g_cvt_3__pipe_cvt (VX_pipe_register_1_116) 2.78e-03 1.29e-02    0.602 1.63e-02   0.0
        g_shift_register (VX_shift_register_64_0_1_0_116) 2.78e-03 1.29e-02    0.602 1.63e-02   0.0
      g_cvt_3__cvt_col_bf16 (bf16_to_fp32_dw_232) 8.14e-05 1.55e-04    0.107 3.43e-04   0.0
      g_cvt_3__cvt_row_bf16 (bf16_to_fp32_dw_233) 5.99e-05 1.10e-04    0.107 2.77e-04   0.0
      g_cvt_3__cvt_col_fp16 (fp16_to_fp32_dw_232) 7.28e-04 5.39e-04    0.317 1.58e-03   0.0
      g_cvt_3__cvt_row_fp16 (fp16_to_fp32_dw_233) 6.22e-04 4.14e-04    0.319 1.35e-03   0.0
      g_cvt_2__pipe_cvt (VX_pipe_register_1_117) 2.76e-03 1.30e-02    0.608 1.63e-02   0.0
        g_shift_register (VX_shift_register_64_0_1_0_117) 2.72e-03 1.29e-02    0.602 1.63e-02   0.0
      g_cvt_2__cvt_col_bf16 (bf16_to_fp32_dw_234) 7.62e-05 1.55e-04    0.107 3.38e-04   0.0
      g_cvt_2__cvt_row_bf16 (bf16_to_fp32_dw_235) 6.00e-05 1.11e-04    0.107 2.78e-04   0.0
      g_cvt_2__cvt_col_fp16 (fp16_to_fp32_dw_234) 7.37e-04 5.38e-04    0.317 1.59e-03   0.0
      g_cvt_2__cvt_row_fp16 (fp16_to_fp32_dw_235) 5.97e-04 4.10e-04    0.316 1.32e-03   0.0
      g_cvt_1__pipe_cvt (VX_pipe_register_1_118) 2.78e-03 1.30e-02    0.608 1.63e-02   0.0
        g_shift_register (VX_shift_register_64_0_1_0_118) 2.71e-03 1.29e-02    0.602 1.63e-02   0.0
      g_cvt_1__cvt_col_bf16 (bf16_to_fp32_dw_236) 7.96e-05 1.54e-04    0.107 3.41e-04   0.0
      g_cvt_1__cvt_row_bf16 (bf16_to_fp32_dw_237) 5.98e-05 1.10e-04    0.107 2.77e-04   0.0
      g_cvt_1__cvt_col_fp16 (fp16_to_fp32_dw_236) 7.22e-04 5.36e-04    0.317 1.57e-03   0.0
      g_cvt_1__cvt_row_fp16 (fp16_to_fp32_dw_237) 5.70e-04 4.04e-04    0.317 1.29e-03   0.0
      g_cvt_0__pipe_cvt (VX_pipe_register_1_119) 2.79e-03 1.29e-02    0.602 1.63e-02   0.0
        g_shift_register (VX_shift_register_64_0_1_0_119) 2.79e-03 1.29e-02    0.602 1.63e-02   0.0
      g_cvt_0__cvt_col_bf16 (bf16_to_fp32_dw_238) 7.62e-05 1.55e-04    0.107 3.39e-04   0.0
      g_cvt_0__cvt_row_bf16 (bf16_to_fp32_dw_239) 4.97e-05 1.10e-04    0.107 2.67e-04   0.0
      g_cvt_0__cvt_col_fp16 (fp16_to_fp32_dw_238) 7.17e-04 5.41e-04    0.317 1.57e-03   0.0
      g_cvt_0__cvt_row_fp16 (fp16_to_fp32_dw_239) 5.89e-04 4.09e-04    0.317 1.31e-03   0.0
    g_i_4__g_j_1____buffer_ex (VX_pipe_register_55) 1.72e-02 9.53e-02    4.369    0.117   0.1
      g_shift_register (VX_shift_register_582_0_1_0_46) 1.72e-02 9.53e-02    4.369    0.117   0.1
    g_i_4__g_j_0__fedp (VX_tcu_fedp_dw_15)    0.550    2.270  174.733    2.995   2.1
      pipe_acc (VX_pipe_register_3_120) 1.65e-02    0.123    5.249    0.145   0.1
        g_shift_register (VX_shift_register_32_0_11_0_120) 1.65e-02    0.123    5.249    0.145   0.1
      pipe_c (VX_pipe_register_4_15)   5.94e-02    0.432   20.149    0.512   0.4
        g_shift_register (VX_shift_register_32_0_42_0_15) 5.94e-02    0.432   20.149    0.512   0.4
      g_red_tree_2__g_add_0__pipe_red (VX_pipe_register_3_121) 2.47e-02    0.119    5.201    0.149   0.1
        g_shift_register (VX_shift_register_32_0_11_0_121) 2.47e-02    0.119    5.201    0.149   0.1
      g_red_tree_1__g_add_1__pipe_red (VX_pipe_register_3_122) 2.46e-02    0.117    5.194    0.147   0.1
        g_shift_register (VX_shift_register_32_0_11_0_122) 2.46e-02    0.117    5.194    0.147   0.1
      g_red_tree_1__g_add_0__pipe_red (VX_pipe_register_3_123) 2.03e-02    0.114    5.187    0.140   0.1
        g_shift_register (VX_shift_register_32_0_11_0_123) 2.03e-02    0.114    5.187    0.140   0.1
      g_red_tree_0__g_add_3__pipe_red (VX_pipe_register_3_124) 1.72e-02    0.113    5.184    0.135   0.1
        g_shift_register (VX_shift_register_32_0_11_0_124) 1.72e-02    0.113    5.184    0.135   0.1
      g_red_tree_0__g_add_2__pipe_red (VX_pipe_register_3_125) 2.08e-02    0.116    5.195    0.142   0.1
        g_shift_register (VX_shift_register_32_0_11_0_125) 2.08e-02    0.116    5.195    0.142   0.1
      g_red_tree_0__g_add_1__pipe_red (VX_pipe_register_3_126) 2.27e-02    0.116    5.194    0.144   0.1
        g_shift_register (VX_shift_register_32_0_11_0_126) 2.27e-02    0.116    5.194    0.144   0.1
      g_red_tree_0__g_add_0__pipe_red (VX_pipe_register_3_127) 2.13e-02    0.116    5.193    0.143   0.1
        g_shift_register (VX_shift_register_32_0_11_0_127) 2.13e-02    0.116    5.193    0.143   0.1
      g_prod_7__pipe_mult (VX_pipe_register_2_120) 1.11e-02 7.98e-02    3.767 9.46e-02   0.1
        g_shift_register (VX_shift_register_32_0_8_0_120) 1.11e-02 7.98e-02    3.767 9.46e-02   0.1
      g_prod_6__pipe_mult (VX_pipe_register_2_121) 1.11e-02 8.00e-02    3.767 9.49e-02   0.1
        g_shift_register (VX_shift_register_32_0_8_0_121) 1.11e-02 8.00e-02    3.767 9.49e-02   0.1
      g_prod_5__pipe_mult (VX_pipe_register_2_122) 1.17e-02 8.22e-02    3.774 9.77e-02   0.1
        g_shift_register (VX_shift_register_32_0_8_0_122) 1.17e-02 8.22e-02    3.774 9.77e-02   0.1
      g_prod_4__pipe_mult (VX_pipe_register_2_123) 1.18e-02 8.18e-02    3.773 9.73e-02   0.1
        g_shift_register (VX_shift_register_32_0_8_0_123) 1.18e-02 8.18e-02    3.773 9.73e-02   0.1
      g_prod_3__pipe_mult (VX_pipe_register_2_124) 1.12e-02 8.05e-02    3.769 9.55e-02   0.1
        g_shift_register (VX_shift_register_32_0_8_0_124) 1.12e-02 8.05e-02    3.769 9.55e-02   0.1
      g_prod_2__pipe_mult (VX_pipe_register_2_125) 1.11e-02 8.06e-02    3.769 9.55e-02   0.1
        g_shift_register (VX_shift_register_32_0_8_0_125) 1.11e-02 8.06e-02    3.769 9.55e-02   0.1
      g_prod_1__pipe_mult (VX_pipe_register_2_126) 1.11e-02 8.04e-02    3.769 9.52e-02   0.1
        g_shift_register (VX_shift_register_32_0_8_0_126) 1.11e-02 8.04e-02    3.769 9.52e-02   0.1
      g_prod_0__pipe_mult (VX_pipe_register_2_127) 1.14e-02 8.07e-02    3.769 9.59e-02   0.1
        g_shift_register (VX_shift_register_32_0_8_0_127) 1.14e-02 8.07e-02    3.769 9.59e-02   0.1
      g_cvt_7__pipe_cvt (VX_pipe_register_1_120) 2.82e-03 1.29e-02    0.602 1.64e-02   0.0
        g_shift_register (VX_shift_register_64_0_1_0_120) 2.82e-03 1.29e-02    0.602 1.64e-02   0.0
      g_cvt_7__cvt_col_bf16 (bf16_to_fp32_dw_240) 7.52e-05 1.54e-04    0.107 3.37e-04   0.0
      g_cvt_7__cvt_row_bf16 (bf16_to_fp32_dw_241) 5.41e-05 1.10e-04    0.107 2.71e-04   0.0
      g_cvt_7__cvt_col_fp16 (fp16_to_fp32_dw_240) 7.40e-04 5.43e-04    0.317 1.60e-03   0.0
      g_cvt_7__cvt_row_fp16 (fp16_to_fp32_dw_241) 5.53e-04 4.07e-04    0.317 1.28e-03   0.0
      g_cvt_6__pipe_cvt (VX_pipe_register_1_121) 2.75e-03 1.30e-02    0.621 1.63e-02   0.0
        g_shift_register (VX_shift_register_64_0_1_0_121) 2.62e-03 1.29e-02    0.602 1.62e-02   0.0
      g_cvt_6__cvt_col_bf16 (bf16_to_fp32_dw_242) 6.97e-05 1.55e-04    0.107 3.32e-04   0.0
      g_cvt_6__cvt_row_bf16 (bf16_to_fp32_dw_243) 4.75e-05 1.10e-04    0.107 2.64e-04   0.0
      g_cvt_6__cvt_col_fp16 (fp16_to_fp32_dw_242) 7.36e-04 5.39e-04    0.317 1.59e-03   0.0
      g_cvt_6__cvt_row_fp16 (fp16_to_fp32_dw_243) 5.61e-04 4.06e-04    0.317 1.28e-03   0.0
      g_cvt_5__pipe_cvt (VX_pipe_register_1_122) 2.76e-03 1.29e-02    0.608 1.63e-02   0.0
        g_shift_register (VX_shift_register_64_0_1_0_122) 2.69e-03 1.29e-02    0.602 1.62e-02   0.0
      g_cvt_5__cvt_col_bf16 (bf16_to_fp32_dw_244) 8.04e-05 1.54e-04    0.107 3.42e-04   0.0
      g_cvt_5__cvt_row_bf16 (bf16_to_fp32_dw_245) 5.50e-05 1.09e-04    0.107 2.72e-04   0.0
      g_cvt_5__cvt_col_fp16 (fp16_to_fp32_dw_244) 7.31e-04 5.39e-04    0.317 1.59e-03   0.0
      g_cvt_5__cvt_row_fp16 (fp16_to_fp32_dw_245) 5.66e-04 4.05e-04    0.317 1.29e-03   0.0
      g_cvt_4__pipe_cvt (VX_pipe_register_1_123) 2.59e-03 1.29e-02    0.602 1.61e-02   0.0
        g_shift_register (VX_shift_register_64_0_1_0_123) 2.59e-03 1.29e-02    0.602 1.61e-02   0.0
      g_cvt_4__cvt_col_bf16 (bf16_to_fp32_dw_246) 7.70e-05 1.54e-04    0.107 3.39e-04   0.0
      g_cvt_4__cvt_row_bf16 (bf16_to_fp32_dw_247) 4.98e-05 1.10e-04    0.107 2.67e-04   0.0
      g_cvt_4__cvt_col_fp16 (fp16_to_fp32_dw_246) 7.22e-04 5.42e-04    0.317 1.58e-03   0.0
      g_cvt_4__cvt_row_fp16 (fp16_to_fp32_dw_247) 5.64e-04 4.06e-04    0.317 1.29e-03   0.0
      g_cvt_3__pipe_cvt (VX_pipe_register_1_124) 2.75e-03 1.29e-02    0.602 1.63e-02   0.0
        g_shift_register (VX_shift_register_64_0_1_0_124) 2.75e-03 1.29e-02    0.602 1.63e-02   0.0
      g_cvt_3__cvt_col_bf16 (bf16_to_fp32_dw_248) 7.03e-05 1.54e-04    0.107 3.32e-04   0.0
      g_cvt_3__cvt_row_bf16 (bf16_to_fp32_dw_249) 5.71e-05 1.10e-04    0.107 2.74e-04   0.0
      g_cvt_3__cvt_col_fp16 (fp16_to_fp32_dw_248) 7.17e-04 5.41e-04    0.317 1.57e-03   0.0
      g_cvt_3__cvt_row_fp16 (fp16_to_fp32_dw_249) 5.55e-04 4.10e-04    0.317 1.28e-03   0.0
      g_cvt_2__pipe_cvt (VX_pipe_register_1_125) 2.69e-03 1.30e-02    0.608 1.62e-02   0.0
        g_shift_register (VX_shift_register_64_0_1_0_125) 2.65e-03 1.29e-02    0.602 1.62e-02   0.0
      g_cvt_2__cvt_col_bf16 (bf16_to_fp32_dw_250) 9.06e-05 1.57e-04    0.107 3.55e-04   0.0
      g_cvt_2__cvt_row_bf16 (bf16_to_fp32_dw_251) 5.48e-05 1.10e-04    0.107 2.72e-04   0.0
      g_cvt_2__cvt_col_fp16 (fp16_to_fp32_dw_250) 6.96e-04 5.41e-04    0.317 1.55e-03   0.0
      g_cvt_2__cvt_row_fp16 (fp16_to_fp32_dw_251) 5.55e-04 4.08e-04    0.317 1.28e-03   0.0
      g_cvt_1__pipe_cvt (VX_pipe_register_1_126) 2.77e-03 1.29e-02    0.602 1.63e-02   0.0
        g_shift_register (VX_shift_register_64_0_1_0_126) 2.77e-03 1.29e-02    0.602 1.63e-02   0.0
      g_cvt_1__cvt_col_bf16 (bf16_to_fp32_dw_252) 7.43e-05 1.55e-04    0.107 3.37e-04   0.0
      g_cvt_1__cvt_row_bf16 (bf16_to_fp32_dw_253) 6.12e-05 1.09e-04    0.107 2.78e-04   0.0
      g_cvt_1__cvt_col_fp16 (fp16_to_fp32_dw_252) 7.22e-04 5.40e-04    0.317 1.58e-03   0.0
      g_cvt_1__cvt_row_fp16 (fp16_to_fp32_dw_253) 5.31e-04 4.03e-04    0.317 1.25e-03   0.0
      g_cvt_0__pipe_cvt (VX_pipe_register_1_127) 2.77e-03 1.29e-02    0.602 1.63e-02   0.0
        g_shift_register (VX_shift_register_64_0_1_0_127) 2.77e-03 1.29e-02    0.602 1.63e-02   0.0
      g_cvt_0__cvt_col_bf16 (bf16_to_fp32_dw_254) 7.55e-05 1.55e-04    0.107 3.37e-04   0.0
      g_cvt_0__cvt_row_bf16 (bf16_to_fp32_dw_255) 5.62e-05 1.10e-04    0.107 2.73e-04   0.0
      g_cvt_0__cvt_col_fp16 (fp16_to_fp32_dw_254) 7.46e-04 5.35e-04    0.317 1.60e-03   0.0
      g_cvt_0__cvt_row_fp16 (fp16_to_fp32_dw_255) 5.90e-04 4.11e-04    0.318 1.32e-03   0.0
    g_i_4__g_j_0____buffer_ex (VX_pipe_register_56) 1.69e-02 9.54e-02    4.369    0.117   0.1
      g_shift_register (VX_shift_register_582_0_1_0_47) 1.69e-02 9.54e-02    4.369    0.117   0.1
    g_i_3__g_j_3__fedp (VX_tcu_fedp_dw_16)    0.560    2.269  174.934    3.004   2.1
      pipe_acc (VX_pipe_register_3_128) 2.04e-02    0.123    5.248    0.148   0.1
        g_shift_register (VX_shift_register_32_0_11_0_128) 2.04e-02    0.123    5.248    0.148   0.1
      pipe_c (VX_pipe_register_4_16)   5.95e-02    0.432   20.141    0.512   0.4
        g_shift_register (VX_shift_register_32_0_42_0_16) 5.95e-02    0.432   20.141    0.512   0.4
      g_red_tree_2__g_add_0__pipe_red (VX_pipe_register_3_129) 2.49e-02    0.118    5.199    0.148   0.1
        g_shift_register (VX_shift_register_32_0_11_0_129) 2.49e-02    0.118    5.199    0.148   0.1
      g_red_tree_1__g_add_1__pipe_red (VX_pipe_register_3_130) 2.15e-02    0.118    5.196    0.144   0.1
        g_shift_register (VX_shift_register_32_0_11_0_130) 2.15e-02    0.118    5.196    0.144   0.1
      g_red_tree_1__g_add_0__pipe_red (VX_pipe_register_3_131) 1.67e-02    0.114    5.186    0.136   0.1
        g_shift_register (VX_shift_register_32_0_11_0_131) 1.67e-02    0.114    5.186    0.136   0.1
      g_red_tree_0__g_add_3__pipe_red (VX_pipe_register_3_132) 1.69e-02    0.113    5.184    0.135   0.1
        g_shift_register (VX_shift_register_32_0_11_0_132) 1.69e-02    0.113    5.184    0.135   0.1
      g_red_tree_0__g_add_2__pipe_red (VX_pipe_register_3_133) 2.08e-02    0.116    5.194    0.142   0.1
        g_shift_register (VX_shift_register_32_0_11_0_133) 2.08e-02    0.116    5.194    0.142   0.1
      g_red_tree_0__g_add_1__pipe_red (VX_pipe_register_3_134) 2.77e-02    0.116    5.262    0.149   0.1
        g_shift_register (VX_shift_register_32_0_11_0_134) 2.77e-02    0.116    5.262    0.149   0.1
      g_red_tree_0__g_add_0__pipe_red (VX_pipe_register_3_135) 2.37e-02    0.116    5.193    0.145   0.1
        g_shift_register (VX_shift_register_32_0_11_0_135) 2.37e-02    0.116    5.193    0.145   0.1
      g_prod_7__pipe_mult (VX_pipe_register_2_128) 1.11e-02 7.98e-02    3.767 9.47e-02   0.1
        g_shift_register (VX_shift_register_32_0_8_0_128) 1.11e-02 7.98e-02    3.767 9.47e-02   0.1
      g_prod_6__pipe_mult (VX_pipe_register_2_129) 1.12e-02 8.00e-02    3.767 9.50e-02   0.1
        g_shift_register (VX_shift_register_32_0_8_0_129) 1.12e-02 8.00e-02    3.767 9.50e-02   0.1
      g_prod_5__pipe_mult (VX_pipe_register_2_130) 1.22e-02 8.23e-02    3.774 9.83e-02   0.1
        g_shift_register (VX_shift_register_32_0_8_0_130) 1.22e-02 8.23e-02    3.774 9.83e-02   0.1
      g_prod_4__pipe_mult (VX_pipe_register_2_131) 1.21e-02 8.18e-02    3.773 9.78e-02   0.1
        g_shift_register (VX_shift_register_32_0_8_0_131) 1.21e-02 8.18e-02    3.773 9.78e-02   0.1
      g_prod_3__pipe_mult (VX_pipe_register_2_132) 1.14e-02 8.04e-02    3.769 9.56e-02   0.1
        g_shift_register (VX_shift_register_32_0_8_0_132) 1.14e-02 8.04e-02    3.769 9.56e-02   0.1
      g_prod_2__pipe_mult (VX_pipe_register_2_133) 1.12e-02 8.06e-02    3.769 9.56e-02   0.1
        g_shift_register (VX_shift_register_32_0_8_0_133) 1.12e-02 8.06e-02    3.769 9.56e-02   0.1
      g_prod_1__pipe_mult (VX_pipe_register_2_134) 1.20e-02 8.04e-02    3.769 9.62e-02   0.1
        g_shift_register (VX_shift_register_32_0_8_0_134) 1.20e-02 8.04e-02    3.769 9.62e-02   0.1
      g_prod_0__pipe_mult (VX_pipe_register_2_135) 1.22e-02 8.07e-02    3.769 9.67e-02   0.1
        g_shift_register (VX_shift_register_32_0_8_0_135) 1.22e-02 8.07e-02    3.769 9.67e-02   0.1
      g_cvt_7__pipe_cvt (VX_pipe_register_1_128) 2.73e-03 1.29e-02    0.602 1.63e-02   0.0
        g_shift_register (VX_shift_register_64_0_1_0_128) 2.73e-03 1.29e-02    0.602 1.63e-02   0.0
      g_cvt_7__cvt_col_bf16 (bf16_to_fp32_dw_256) 7.11e-05 1.55e-04    0.107 3.34e-04   0.0
      g_cvt_7__cvt_row_bf16 (bf16_to_fp32_dw_257) 5.20e-05 1.10e-04    0.107 2.69e-04   0.0
      g_cvt_7__cvt_col_fp16 (fp16_to_fp32_dw_256) 7.51e-04 5.42e-04    0.317 1.61e-03   0.0
      g_cvt_7__cvt_row_fp16 (fp16_to_fp32_dw_257) 5.70e-04 4.10e-04    0.319 1.30e-03   0.0
      g_cvt_6__pipe_cvt (VX_pipe_register_1_129) 2.76e-03 1.30e-02    0.602 1.63e-02   0.0
        g_shift_register (VX_shift_register_64_0_1_0_129) 2.76e-03 1.30e-02    0.602 1.63e-02   0.0
      g_cvt_6__cvt_col_bf16 (bf16_to_fp32_dw_258) 8.02e-05 1.56e-04    0.107 3.43e-04   0.0
      g_cvt_6__cvt_row_bf16 (bf16_to_fp32_dw_259) 5.64e-05 1.10e-04    0.107 2.74e-04   0.0
      g_cvt_6__cvt_col_fp16 (fp16_to_fp32_dw_258) 7.21e-04 5.42e-04    0.317 1.58e-03   0.0
      g_cvt_6__cvt_row_fp16 (fp16_to_fp32_dw_259) 5.51e-04 4.08e-04    0.317 1.28e-03   0.0
      g_cvt_5__pipe_cvt (VX_pipe_register_1_130) 2.76e-03 1.29e-02    0.602 1.63e-02   0.0
        g_shift_register (VX_shift_register_64_0_1_0_130) 2.76e-03 1.29e-02    0.602 1.63e-02   0.0
      g_cvt_5__cvt_col_bf16 (bf16_to_fp32_dw_260) 7.52e-05 1.56e-04    0.107 3.38e-04   0.0
      g_cvt_5__cvt_row_bf16 (bf16_to_fp32_dw_261) 5.03e-05 1.11e-04    0.107 2.68e-04   0.0
      g_cvt_5__cvt_col_fp16 (fp16_to_fp32_dw_260) 7.14e-04 5.36e-04    0.317 1.57e-03   0.0
      g_cvt_5__cvt_row_fp16 (fp16_to_fp32_dw_261) 5.77e-04 4.17e-04    0.317 1.31e-03   0.0
      g_cvt_4__pipe_cvt (VX_pipe_register_1_131) 2.62e-03 1.29e-02    0.602 1.62e-02   0.0
        g_shift_register (VX_shift_register_64_0_1_0_131) 2.62e-03 1.29e-02    0.602 1.62e-02   0.0
      g_cvt_4__cvt_col_bf16 (bf16_to_fp32_dw_262) 8.86e-05 1.55e-04    0.107 3.51e-04   0.0
      g_cvt_4__cvt_row_bf16 (bf16_to_fp32_dw_263) 5.93e-05 1.10e-04    0.107 2.76e-04   0.0
      g_cvt_4__cvt_col_fp16 (fp16_to_fp32_dw_262) 7.31e-04 5.37e-04    0.317 1.59e-03   0.0
      g_cvt_4__cvt_row_fp16 (fp16_to_fp32_dw_263) 5.97e-04 4.11e-04    0.318 1.33e-03   0.0
      g_cvt_3__pipe_cvt (VX_pipe_register_1_132) 2.75e-03 1.30e-02    0.615 1.63e-02   0.0
        g_shift_register (VX_shift_register_64_0_1_0_132) 2.65e-03 1.29e-02    0.602 1.62e-02   0.0
      g_cvt_3__cvt_col_bf16 (bf16_to_fp32_dw_264) 7.63e-05 1.55e-04    0.107 3.38e-04   0.0
      g_cvt_3__cvt_row_bf16 (bf16_to_fp32_dw_265) 5.94e-05 1.09e-04    0.107 2.76e-04   0.0
      g_cvt_3__cvt_col_fp16 (fp16_to_fp32_dw_264) 7.16e-04 5.41e-04    0.317 1.57e-03   0.0
      g_cvt_3__cvt_row_fp16 (fp16_to_fp32_dw_265) 5.69e-04 4.05e-04    0.318 1.29e-03   0.0
      g_cvt_2__pipe_cvt (VX_pipe_register_1_133) 2.75e-03 1.30e-02    0.614 1.63e-02   0.0
        g_shift_register (VX_shift_register_64_0_1_0_133) 2.70e-03 1.30e-02    0.602 1.63e-02   0.0
      g_cvt_2__cvt_col_bf16 (bf16_to_fp32_dw_266) 7.40e-05 1.55e-04    0.107 3.37e-04   0.0
      g_cvt_2__cvt_row_bf16 (bf16_to_fp32_dw_267) 5.49e-05 1.11e-04    0.107 2.73e-04   0.0
      g_cvt_2__cvt_col_fp16 (fp16_to_fp32_dw_266) 7.07e-04 5.39e-04    0.317 1.56e-03   0.0
      g_cvt_2__cvt_row_fp16 (fp16_to_fp32_dw_267) 5.75e-04 4.11e-04    0.317 1.30e-03   0.0
      g_cvt_1__pipe_cvt (VX_pipe_register_1_134) 2.77e-03 1.29e-02    0.602 1.63e-02   0.0
        g_shift_register (VX_shift_register_64_0_1_0_134) 2.77e-03 1.29e-02    0.602 1.63e-02   0.0
      g_cvt_1__cvt_col_bf16 (bf16_to_fp32_dw_268) 7.65e-05 1.58e-04    0.107 3.42e-04   0.0
      g_cvt_1__cvt_row_bf16 (bf16_to_fp32_dw_269) 6.20e-05 1.11e-04    0.107 2.80e-04   0.0
      g_cvt_1__cvt_col_fp16 (fp16_to_fp32_dw_268) 7.57e-04 5.43e-04    0.314 1.61e-03   0.0
      g_cvt_1__cvt_row_fp16 (fp16_to_fp32_dw_269) 6.37e-04 4.11e-04    0.320 1.37e-03   0.0
      g_cvt_0__pipe_cvt (VX_pipe_register_1_135) 2.80e-03 1.30e-02    0.608 1.64e-02   0.0
        g_shift_register (VX_shift_register_64_0_1_0_135) 2.75e-03 1.30e-02    0.602 1.63e-02   0.0
      g_cvt_0__cvt_col_bf16 (bf16_to_fp32_dw_270) 6.90e-05 1.55e-04    0.107 3.31e-04   0.0
      g_cvt_0__cvt_row_bf16 (bf16_to_fp32_dw_271) 5.67e-05 1.17e-04    0.107 2.81e-04   0.0
      g_cvt_0__cvt_col_fp16 (fp16_to_fp32_dw_270) 7.62e-04 5.41e-04    0.317 1.62e-03   0.0
      g_cvt_0__cvt_row_fp16 (fp16_to_fp32_dw_271) 6.05e-04 4.15e-04    0.318 1.34e-03   0.0
    g_i_3__g_j_3____buffer_ex (VX_pipe_register_57) 1.78e-02 9.54e-02    4.369    0.118   0.1
      g_shift_register (VX_shift_register_582_0_1_0_48) 1.78e-02 9.54e-02    4.369    0.118   0.1
    g_i_3__g_j_2__fedp (VX_tcu_fedp_dw_17)    0.577    2.269  174.858    3.021   2.2
      pipe_acc (VX_pipe_register_3_136) 2.24e-02    0.123    5.250    0.150   0.1
        g_shift_register (VX_shift_register_32_0_11_0_136) 2.24e-02    0.123    5.250    0.150   0.1
      pipe_c (VX_pipe_register_4_17)   6.16e-02    0.432   20.147    0.514   0.4
        g_shift_register (VX_shift_register_32_0_42_0_17) 6.16e-02    0.432   20.147    0.514   0.4
      g_red_tree_2__g_add_0__pipe_red (VX_pipe_register_3_137) 2.99e-02    0.118    5.199    0.153   0.1
        g_shift_register (VX_shift_register_32_0_11_0_137) 2.99e-02    0.118    5.199    0.153   0.1
      g_red_tree_1__g_add_1__pipe_red (VX_pipe_register_3_138) 1.90e-02    0.117    5.195    0.141   0.1
        g_shift_register (VX_shift_register_32_0_11_0_138) 1.90e-02    0.117    5.195    0.141   0.1
      g_red_tree_1__g_add_0__pipe_red (VX_pipe_register_3_139) 1.76e-02    0.114    5.187    0.137   0.1
        g_shift_register (VX_shift_register_32_0_11_0_139) 1.76e-02    0.114    5.187    0.137   0.1
      g_red_tree_0__g_add_3__pipe_red (VX_pipe_register_3_140) 1.97e-02    0.113    5.183    0.138   0.1
        g_shift_register (VX_shift_register_32_0_11_0_140) 1.97e-02    0.113    5.183    0.138   0.1
      g_red_tree_0__g_add_2__pipe_red (VX_pipe_register_3_141) 2.18e-02    0.116    5.194    0.143   0.1
        g_shift_register (VX_shift_register_32_0_11_0_141) 2.18e-02    0.116    5.194    0.143   0.1
      g_red_tree_0__g_add_1__pipe_red (VX_pipe_register_3_142) 2.54e-02    0.116    5.345    0.146   0.1
        g_shift_register (VX_shift_register_32_0_11_0_142) 2.54e-02    0.116    5.345    0.146   0.1
      g_red_tree_0__g_add_0__pipe_red (VX_pipe_register_3_143) 2.40e-02    0.116    5.194    0.146   0.1
        g_shift_register (VX_shift_register_32_0_11_0_143) 2.40e-02    0.116    5.194    0.146   0.1
      g_prod_7__pipe_mult (VX_pipe_register_2_136) 1.17e-02 7.98e-02    3.767 9.53e-02   0.1
        g_shift_register (VX_shift_register_32_0_8_0_136) 1.17e-02 7.98e-02    3.767 9.53e-02   0.1
      g_prod_6__pipe_mult (VX_pipe_register_2_137) 1.20e-02 8.00e-02    3.767 9.58e-02   0.1
        g_shift_register (VX_shift_register_32_0_8_0_137) 1.20e-02 8.00e-02    3.767 9.58e-02   0.1
      g_prod_5__pipe_mult (VX_pipe_register_2_138) 1.44e-02 8.23e-02    3.774    0.100   0.1
        g_shift_register (VX_shift_register_32_0_8_0_138) 1.44e-02 8.23e-02    3.774    0.100   0.1
      g_prod_4__pipe_mult (VX_pipe_register_2_139) 1.41e-02 8.19e-02    3.773 9.97e-02   0.1
        g_shift_register (VX_shift_register_32_0_8_0_139) 1.41e-02 8.19e-02    3.773 9.97e-02   0.1
      g_prod_3__pipe_mult (VX_pipe_register_2_140) 1.19e-02 8.05e-02    3.769 9.61e-02   0.1
        g_shift_register (VX_shift_register_32_0_8_0_140) 1.19e-02 8.05e-02    3.769 9.61e-02   0.1
      g_prod_2__pipe_mult (VX_pipe_register_2_141) 1.20e-02 8.06e-02    3.769 9.63e-02   0.1
        g_shift_register (VX_shift_register_32_0_8_0_141) 1.20e-02 8.06e-02    3.769 9.63e-02   0.1
      g_prod_1__pipe_mult (VX_pipe_register_2_142) 1.31e-02 8.05e-02    3.769 9.73e-02   0.1
        g_shift_register (VX_shift_register_32_0_8_0_142) 1.31e-02 8.05e-02    3.769 9.73e-02   0.1
      g_prod_0__pipe_mult (VX_pipe_register_2_143) 1.28e-02 8.06e-02    3.769 9.72e-02   0.1
        g_shift_register (VX_shift_register_32_0_8_0_143) 1.28e-02 8.06e-02    3.769 9.72e-02   0.1
      g_cvt_7__pipe_cvt (VX_pipe_register_1_136) 2.74e-03 1.30e-02    0.608 1.63e-02   0.0
        g_shift_register (VX_shift_register_64_0_1_0_136) 2.67e-03 1.29e-02    0.602 1.62e-02   0.0
      g_cvt_7__cvt_col_bf16 (bf16_to_fp32_dw_272) 8.45e-05 1.55e-04    0.107 3.47e-04   0.0
      g_cvt_7__cvt_row_bf16 (bf16_to_fp32_dw_273) 5.94e-05 1.15e-04    0.107 2.82e-04   0.0
      g_cvt_7__cvt_col_fp16 (fp16_to_fp32_dw_272) 7.24e-04 5.38e-04    0.317 1.58e-03   0.0
      g_cvt_7__cvt_row_fp16 (fp16_to_fp32_dw_273) 6.74e-04 4.17e-04    0.319 1.41e-03   0.0
      g_cvt_6__pipe_cvt (VX_pipe_register_1_137) 2.80e-03 1.29e-02    0.602 1.64e-02   0.0
        g_shift_register (VX_shift_register_64_0_1_0_137) 2.80e-03 1.29e-02    0.602 1.64e-02   0.0
      g_cvt_6__cvt_col_bf16 (bf16_to_fp32_dw_274) 6.71e-05 1.54e-04    0.107 3.28e-04   0.0
      g_cvt_6__cvt_row_bf16 (bf16_to_fp32_dw_275) 5.42e-05 1.15e-04    0.107 2.77e-04   0.0
      g_cvt_6__cvt_col_fp16 (fp16_to_fp32_dw_274) 7.57e-04 5.41e-04    0.319 1.62e-03   0.0
      g_cvt_6__cvt_row_fp16 (fp16_to_fp32_dw_275) 6.25e-04 4.17e-04    0.317 1.36e-03   0.0
      g_cvt_5__pipe_cvt (VX_pipe_register_1_138) 2.80e-03 1.30e-02    0.621 1.64e-02   0.0
        g_shift_register (VX_shift_register_64_0_1_0_138) 2.69e-03 1.29e-02    0.602 1.62e-02   0.0
      g_cvt_5__cvt_col_bf16 (bf16_to_fp32_dw_276) 7.53e-05 1.55e-04    0.107 3.38e-04   0.0
      g_cvt_5__cvt_row_bf16 (bf16_to_fp32_dw_277) 4.93e-05 1.13e-04    0.107 2.70e-04   0.0
      g_cvt_5__cvt_col_fp16 (fp16_to_fp32_dw_276) 7.41e-04 5.41e-04    0.317 1.60e-03   0.0
      g_cvt_5__cvt_row_fp16 (fp16_to_fp32_dw_277) 6.04e-04 4.22e-04    0.319 1.34e-03   0.0
      g_cvt_4__pipe_cvt (VX_pipe_register_1_139) 2.57e-03 1.29e-02    0.602 1.61e-02   0.0
        g_shift_register (VX_shift_register_64_0_1_0_139) 2.57e-03 1.29e-02    0.602 1.61e-02   0.0
      g_cvt_4__cvt_col_bf16 (bf16_to_fp32_dw_278) 7.32e-05 1.55e-04    0.107 3.35e-04   0.0
      g_cvt_4__cvt_row_bf16 (bf16_to_fp32_dw_279) 5.00e-05 1.10e-04    0.107 2.67e-04   0.0
      g_cvt_4__cvt_col_fp16 (fp16_to_fp32_dw_278) 7.11e-04 5.39e-04    0.317 1.57e-03   0.0
      g_cvt_4__cvt_row_fp16 (fp16_to_fp32_dw_279) 6.02e-04 4.13e-04    0.320 1.33e-03   0.0
      g_cvt_3__pipe_cvt (VX_pipe_register_1_140) 2.77e-03 1.29e-02    0.602 1.63e-02   0.0
        g_shift_register (VX_shift_register_64_0_1_0_140) 2.77e-03 1.29e-02    0.602 1.63e-02   0.0
      g_cvt_3__cvt_col_bf16 (bf16_to_fp32_dw_280) 6.91e-05 1.56e-04    0.107 3.32e-04   0.0
      g_cvt_3__cvt_row_bf16 (bf16_to_fp32_dw_281) 3.80e-04 1.22e-04    0.107 6.09e-04   0.0
      g_cvt_3__cvt_col_fp16 (fp16_to_fp32_dw_280) 7.59e-04 5.36e-04    0.317 1.61e-03   0.0
      g_cvt_3__cvt_row_fp16 (fp16_to_fp32_dw_281) 7.49e-04 4.18e-04    0.315 1.48e-03   0.0
      g_cvt_2__pipe_cvt (VX_pipe_register_1_141) 2.76e-03 1.29e-02    0.602 1.63e-02   0.0
        g_shift_register (VX_shift_register_64_0_1_0_141) 2.76e-03 1.29e-02    0.602 1.63e-02   0.0
      g_cvt_2__cvt_col_bf16 (bf16_to_fp32_dw_282) 6.95e-05 1.56e-04    0.107 3.33e-04   0.0
      g_cvt_2__cvt_row_bf16 (bf16_to_fp32_dw_283) 5.20e-05 1.18e-04    0.107 2.78e-04   0.0
      g_cvt_2__cvt_col_fp16 (fp16_to_fp32_dw_282) 8.51e-04 5.51e-04    0.322 1.72e-03   0.0
      g_cvt_2__cvt_row_fp16 (fp16_to_fp32_dw_283) 6.35e-04 4.24e-04    0.319 1.38e-03   0.0
      g_cvt_1__pipe_cvt (VX_pipe_register_1_142) 2.79e-03 1.29e-02    0.614 1.64e-02   0.0
        g_shift_register (VX_shift_register_64_0_1_0_142) 2.74e-03 1.29e-02    0.602 1.63e-02   0.0
      g_cvt_1__cvt_col_bf16 (bf16_to_fp32_dw_284) 7.22e-05 1.54e-04    0.107 3.34e-04   0.0
      g_cvt_1__cvt_row_bf16 (bf16_to_fp32_dw_285) 2.19e-04 1.18e-04    0.107 4.44e-04   0.0
      g_cvt_1__cvt_col_fp16 (fp16_to_fp32_dw_284) 7.53e-04 5.38e-04    0.317 1.61e-03   0.0
      g_cvt_1__cvt_row_fp16 (fp16_to_fp32_dw_285) 8.08e-04 4.20e-04    0.318 1.55e-03   0.0
      g_cvt_0__pipe_cvt (VX_pipe_register_1_143) 2.86e-03 1.30e-02    0.614 1.64e-02   0.0
        g_shift_register (VX_shift_register_64_0_1_0_143) 2.79e-03 1.29e-02    0.602 1.63e-02   0.0
      g_cvt_0__cvt_col_bf16 (bf16_to_fp32_dw_286) 7.91e-05 1.55e-04    0.107 3.41e-04   0.0
      g_cvt_0__cvt_row_bf16 (bf16_to_fp32_dw_287) 4.99e-05 1.17e-04    0.107 2.75e-04   0.0
      g_cvt_0__cvt_col_fp16 (fp16_to_fp32_dw_286) 8.39e-04 5.39e-04    0.320 1.70e-03   0.0
      g_cvt_0__cvt_row_fp16 (fp16_to_fp32_dw_287) 6.27e-04 4.18e-04    0.317 1.36e-03   0.0
    g_i_3__g_j_2____buffer_ex (VX_pipe_register_58) 2.26e-02 9.58e-02    4.474    0.123   0.1
      g_shift_register (VX_shift_register_582_0_1_0_49) 2.26e-02 9.57e-02    4.461    0.123   0.1
    g_i_3__g_j_1__fedp (VX_tcu_fedp_dw_18)    0.544    2.267  174.440    2.986   2.1
      pipe_acc (VX_pipe_register_3_144) 1.64e-02    0.123    5.248    0.144   0.1
        g_shift_register (VX_shift_register_32_0_11_0_144) 1.64e-02    0.123    5.248    0.144   0.1
      pipe_c (VX_pipe_register_4_18)   5.84e-02    0.432   20.141    0.511   0.4
        g_shift_register (VX_shift_register_32_0_42_0_18) 5.84e-02    0.432   20.141    0.511   0.4
      g_red_tree_2__g_add_0__pipe_red (VX_pipe_register_3_145) 2.32e-02    0.118    5.200    0.147   0.1
        g_shift_register (VX_shift_register_32_0_11_0_145) 2.32e-02    0.118    5.200    0.147   0.1
      g_red_tree_1__g_add_1__pipe_red (VX_pipe_register_3_146) 2.56e-02    0.118    5.196    0.148   0.1
        g_shift_register (VX_shift_register_32_0_11_0_146) 2.56e-02    0.118    5.196    0.148   0.1
      g_red_tree_1__g_add_0__pipe_red (VX_pipe_register_3_147) 2.13e-02    0.114    5.186    0.140   0.1
        g_shift_register (VX_shift_register_32_0_11_0_147) 2.13e-02    0.114    5.186    0.140   0.1
      g_red_tree_0__g_add_3__pipe_red (VX_pipe_register_3_148) 1.76e-02    0.113    5.184    0.136   0.1
        g_shift_register (VX_shift_register_32_0_11_0_148) 1.76e-02    0.113    5.184    0.136   0.1
      g_red_tree_0__g_add_2__pipe_red (VX_pipe_register_3_149) 2.27e-02    0.116    5.196    0.144   0.1
        g_shift_register (VX_shift_register_32_0_11_0_149) 2.27e-02    0.116    5.196    0.144   0.1
      g_red_tree_0__g_add_1__pipe_red (VX_pipe_register_3_150) 1.91e-02    0.115    5.192    0.139   0.1
        g_shift_register (VX_shift_register_32_0_11_0_150) 1.91e-02    0.115    5.192    0.139   0.1
      g_red_tree_0__g_add_0__pipe_red (VX_pipe_register_3_151) 2.08e-02    0.116    5.193    0.142   0.1
        g_shift_register (VX_shift_register_32_0_11_0_151) 2.08e-02    0.116    5.193    0.142   0.1
      g_prod_7__pipe_mult (VX_pipe_register_2_144) 1.12e-02 7.98e-02    3.767 9.47e-02   0.1
        g_shift_register (VX_shift_register_32_0_8_0_144) 1.12e-02 7.98e-02    3.767 9.47e-02   0.1
      g_prod_6__pipe_mult (VX_pipe_register_2_145) 1.15e-02 8.00e-02    3.767 9.52e-02   0.1
        g_shift_register (VX_shift_register_32_0_8_0_145) 1.15e-02 8.00e-02    3.767 9.52e-02   0.1
      g_prod_5__pipe_mult (VX_pipe_register_2_146) 1.35e-02 8.23e-02    3.774 9.96e-02   0.1
        g_shift_register (VX_shift_register_32_0_8_0_146) 1.35e-02 8.23e-02    3.774 9.96e-02   0.1
      g_prod_4__pipe_mult (VX_pipe_register_2_147) 1.33e-02 8.17e-02    3.773 9.88e-02   0.1
        g_shift_register (VX_shift_register_32_0_8_0_147) 1.33e-02 8.17e-02    3.773 9.88e-02   0.1
      g_prod_3__pipe_mult (VX_pipe_register_2_148) 1.27e-02 8.05e-02    3.769 9.70e-02   0.1
        g_shift_register (VX_shift_register_32_0_8_0_148) 1.27e-02 8.05e-02    3.769 9.70e-02   0.1
      g_prod_2__pipe_mult (VX_pipe_register_2_149) 1.28e-02 8.05e-02    3.769 9.71e-02   0.1
        g_shift_register (VX_shift_register_32_0_8_0_149) 1.28e-02 8.05e-02    3.769 9.71e-02   0.1
      g_prod_1__pipe_mult (VX_pipe_register_2_150) 1.25e-02 8.04e-02    3.769 9.67e-02   0.1
        g_shift_register (VX_shift_register_32_0_8_0_150) 1.25e-02 8.04e-02    3.769 9.67e-02   0.1
      g_prod_0__pipe_mult (VX_pipe_register_2_151) 1.23e-02 8.06e-02    3.769 9.68e-02   0.1
        g_shift_register (VX_shift_register_32_0_8_0_151) 1.23e-02 8.06e-02    3.769 9.68e-02   0.1
      g_cvt_7__pipe_cvt (VX_pipe_register_1_144) 2.72e-03 1.29e-02    0.602 1.63e-02   0.0
        g_shift_register (VX_shift_register_64_0_1_0_144) 2.72e-03 1.29e-02    0.602 1.63e-02   0.0
      g_cvt_7__cvt_col_bf16 (bf16_to_fp32_dw_288) 8.18e-05 1.55e-04    0.107 3.44e-04   0.0
      g_cvt_7__cvt_row_bf16 (bf16_to_fp32_dw_289) 5.06e-05 1.10e-04    0.107 2.68e-04   0.0
      g_cvt_7__cvt_col_fp16 (fp16_to_fp32_dw_288) 7.17e-04 5.38e-04    0.317 1.57e-03   0.0
      g_cvt_7__cvt_row_fp16 (fp16_to_fp32_dw_289) 5.50e-04 4.10e-04    0.317 1.28e-03   0.0
      g_cvt_6__pipe_cvt (VX_pipe_register_1_145) 2.79e-03 1.29e-02    0.602 1.63e-02   0.0
        g_shift_register (VX_shift_register_64_0_1_0_145) 2.79e-03 1.29e-02    0.602 1.63e-02   0.0
      g_cvt_6__cvt_col_bf16 (bf16_to_fp32_dw_290) 7.43e-05 1.55e-04    0.107 3.36e-04   0.0
      g_cvt_6__cvt_row_bf16 (bf16_to_fp32_dw_291) 5.20e-05 1.10e-04    0.107 2.70e-04   0.0
      g_cvt_6__cvt_col_fp16 (fp16_to_fp32_dw_290) 7.30e-04 5.40e-04    0.317 1.59e-03   0.0
      g_cvt_6__cvt_row_fp16 (fp16_to_fp32_dw_291) 5.47e-04 4.09e-04    0.317 1.27e-03   0.0
      g_cvt_5__pipe_cvt (VX_pipe_register_1_146) 2.77e-03 1.30e-02    0.627 1.64e-02   0.0
        g_shift_register (VX_shift_register_64_0_1_0_146) 2.57e-03 1.29e-02    0.602 1.61e-02   0.0
      g_cvt_5__cvt_col_bf16 (bf16_to_fp32_dw_292) 7.47e-05 1.55e-04    0.107 3.37e-04   0.0
      g_cvt_5__cvt_row_bf16 (bf16_to_fp32_dw_293) 5.01e-05 1.11e-04    0.107 2.68e-04   0.0
      g_cvt_5__cvt_col_fp16 (fp16_to_fp32_dw_292) 7.25e-04 5.39e-04    0.317 1.58e-03   0.0
      g_cvt_5__cvt_row_fp16 (fp16_to_fp32_dw_293) 5.56e-04 4.15e-04    0.317 1.29e-03   0.0
      g_cvt_4__pipe_cvt (VX_pipe_register_1_147) 2.57e-03 1.29e-02    0.608 1.61e-02   0.0
        g_shift_register (VX_shift_register_64_0_1_0_147) 2.57e-03 1.29e-02    0.602 1.61e-02   0.0
      g_cvt_4__cvt_col_bf16 (bf16_to_fp32_dw_294) 6.93e-05 1.54e-04    0.107 3.31e-04   0.0
      g_cvt_4__cvt_row_bf16 (bf16_to_fp32_dw_295) 5.40e-05 1.10e-04    0.107 2.71e-04   0.0
      g_cvt_4__cvt_col_fp16 (fp16_to_fp32_dw_294) 7.01e-04 5.38e-04    0.317 1.56e-03   0.0
      g_cvt_4__cvt_row_fp16 (fp16_to_fp32_dw_295) 5.40e-04 4.08e-04    0.317 1.26e-03   0.0
      g_cvt_3__pipe_cvt (VX_pipe_register_1_148) 2.79e-03 1.29e-02    0.602 1.63e-02   0.0
        g_shift_register (VX_shift_register_64_0_1_0_148) 2.79e-03 1.29e-02    0.602 1.63e-02   0.0
      g_cvt_3__cvt_col_bf16 (bf16_to_fp32_dw_296) 6.63e-05 1.54e-04    0.107 3.28e-04   0.0
      g_cvt_3__cvt_row_bf16 (bf16_to_fp32_dw_297) 5.24e-05 1.09e-04    0.107 2.69e-04   0.0
      g_cvt_3__cvt_col_fp16 (fp16_to_fp32_dw_296) 7.39e-04 5.38e-04    0.317 1.59e-03   0.0
      g_cvt_3__cvt_row_fp16 (fp16_to_fp32_dw_297) 5.63e-04 4.02e-04    0.316 1.28e-03   0.0
      g_cvt_2__pipe_cvt (VX_pipe_register_1_149) 2.73e-03 1.29e-02    0.602 1.63e-02   0.0
        g_shift_register (VX_shift_register_64_0_1_0_149) 2.73e-03 1.29e-02    0.602 1.63e-02   0.0
      g_cvt_2__cvt_col_bf16 (bf16_to_fp32_dw_298) 6.70e-05 1.55e-04    0.107 3.29e-04   0.0
      g_cvt_2__cvt_row_bf16 (bf16_to_fp32_dw_299) 5.26e-05 1.12e-04    0.107 2.72e-04   0.0
      g_cvt_2__cvt_col_fp16 (fp16_to_fp32_dw_298) 6.90e-04 5.39e-04    0.317 1.54e-03   0.0
      g_cvt_2__cvt_row_fp16 (fp16_to_fp32_dw_299) 5.87e-04 4.15e-04    0.317 1.32e-03   0.0
      g_cvt_1__pipe_cvt (VX_pipe_register_1_150) 2.80e-03 1.29e-02    0.602 1.63e-02   0.0
        g_shift_register (VX_shift_register_64_0_1_0_150) 2.80e-03 1.29e-02    0.602 1.63e-02   0.0
      g_cvt_1__cvt_col_bf16 (bf16_to_fp32_dw_300) 6.55e-05 1.54e-04    0.107 3.26e-04   0.0
      g_cvt_1__cvt_row_bf16 (bf16_to_fp32_dw_301) 5.30e-05 1.11e-04    0.107 2.71e-04   0.0
      g_cvt_1__cvt_col_fp16 (fp16_to_fp32_dw_300) 7.12e-04 5.35e-04    0.317 1.56e-03   0.0
      g_cvt_1__cvt_row_fp16 (fp16_to_fp32_dw_301) 5.65e-04 4.08e-04    0.317 1.29e-03   0.0
      g_cvt_0__pipe_cvt (VX_pipe_register_1_151) 2.81e-03 1.29e-02    0.602 1.64e-02   0.0
        g_shift_register (VX_shift_register_64_0_1_0_151) 2.81e-03 1.29e-02    0.602 1.64e-02   0.0
      g_cvt_0__cvt_col_bf16 (bf16_to_fp32_dw_302) 6.76e-05 1.55e-04    0.107 3.30e-04   0.0
      g_cvt_0__cvt_row_bf16 (bf16_to_fp32_dw_303) 5.59e-05 1.11e-04    0.107 2.74e-04   0.0
      g_cvt_0__cvt_col_fp16 (fp16_to_fp32_dw_302) 7.15e-04 5.38e-04    0.317 1.57e-03   0.0
      g_cvt_0__cvt_row_fp16 (fp16_to_fp32_dw_303) 5.80e-04 4.10e-04    0.317 1.31e-03   0.0
    g_i_3__g_j_1____buffer_ex (VX_pipe_register_59) 1.76e-02 9.54e-02    4.369    0.117   0.1
      g_shift_register (VX_shift_register_582_0_1_0_50) 1.76e-02 9.54e-02    4.369    0.117   0.1
    g_i_3__g_j_0__fedp (VX_tcu_fedp_dw_19)    0.560    2.273  174.738    3.007   2.2
      pipe_acc (VX_pipe_register_3_152) 2.42e-02    0.123    5.249    0.152   0.1
        g_shift_register (VX_shift_register_32_0_11_0_152) 2.42e-02    0.123    5.249    0.152   0.1
      pipe_c (VX_pipe_register_4_19)   6.09e-02    0.433   20.141    0.514   0.4
        g_shift_register (VX_shift_register_32_0_42_0_19) 6.09e-02    0.433   20.141    0.514   0.4
      g_red_tree_2__g_add_0__pipe_red (VX_pipe_register_3_153) 1.98e-02    0.119    5.202    0.144   0.1
        g_shift_register (VX_shift_register_32_0_11_0_153) 1.98e-02    0.119    5.202    0.144   0.1
      g_red_tree_1__g_add_1__pipe_red (VX_pipe_register_3_154) 2.25e-02    0.118    5.196    0.146   0.1
        g_shift_register (VX_shift_register_32_0_11_0_154) 2.25e-02    0.118    5.196    0.146   0.1
      g_red_tree_1__g_add_0__pipe_red (VX_pipe_register_3_155) 2.25e-02    0.115    5.188    0.142   0.1
        g_shift_register (VX_shift_register_32_0_11_0_155) 2.25e-02    0.115    5.188    0.142   0.1
      g_red_tree_0__g_add_3__pipe_red (VX_pipe_register_3_156) 1.73e-02    0.113    5.184    0.135   0.1
        g_shift_register (VX_shift_register_32_0_11_0_156) 1.73e-02    0.113    5.184    0.135   0.1
      g_red_tree_0__g_add_2__pipe_red (VX_pipe_register_3_157) 1.95e-02    0.116    5.195    0.141   0.1
        g_shift_register (VX_shift_register_32_0_11_0_157) 1.95e-02    0.116    5.195    0.141   0.1
      g_red_tree_0__g_add_1__pipe_red (VX_pipe_register_3_158) 2.35e-02    0.116    5.194    0.145   0.1
        g_shift_register (VX_shift_register_32_0_11_0_158) 2.35e-02    0.116    5.194    0.145   0.1
      g_red_tree_0__g_add_0__pipe_red (VX_pipe_register_3_159) 2.38e-02    0.117    5.194    0.146   0.1
        g_shift_register (VX_shift_register_32_0_11_0_159) 2.38e-02    0.117    5.194    0.146   0.1
      g_prod_7__pipe_mult (VX_pipe_register_2_152) 1.10e-02 7.98e-02    3.767 9.46e-02   0.1
        g_shift_register (VX_shift_register_32_0_8_0_152) 1.10e-02 7.98e-02    3.767 9.46e-02   0.1
      g_prod_6__pipe_mult (VX_pipe_register_2_153) 1.10e-02 8.00e-02    3.767 9.48e-02   0.1
        g_shift_register (VX_shift_register_32_0_8_0_153) 1.10e-02 8.00e-02    3.767 9.48e-02   0.1
      g_prod_5__pipe_mult (VX_pipe_register_2_154) 1.24e-02 8.23e-02    3.774 9.85e-02   0.1
        g_shift_register (VX_shift_register_32_0_8_0_154) 1.24e-02 8.23e-02    3.774 9.85e-02   0.1
      g_prod_4__pipe_mult (VX_pipe_register_2_155) 1.21e-02 8.18e-02    3.773 9.77e-02   0.1
        g_shift_register (VX_shift_register_32_0_8_0_155) 1.21e-02 8.18e-02    3.773 9.77e-02   0.1
      g_prod_3__pipe_mult (VX_pipe_register_2_156) 1.19e-02 8.05e-02    3.769 9.61e-02   0.1
        g_shift_register (VX_shift_register_32_0_8_0_156) 1.19e-02 8.05e-02    3.769 9.61e-02   0.1
      g_prod_2__pipe_mult (VX_pipe_register_2_157) 1.20e-02 8.06e-02    3.769 9.64e-02   0.1
        g_shift_register (VX_shift_register_32_0_8_0_157) 1.20e-02 8.06e-02    3.769 9.64e-02   0.1
      g_prod_1__pipe_mult (VX_pipe_register_2_158) 1.18e-02 8.04e-02    3.769 9.59e-02   0.1
        g_shift_register (VX_shift_register_32_0_8_0_158) 1.18e-02 8.04e-02    3.769 9.59e-02   0.1
      g_prod_0__pipe_mult (VX_pipe_register_2_159) 1.16e-02 8.06e-02    3.769 9.60e-02   0.1
        g_shift_register (VX_shift_register_32_0_8_0_159) 1.16e-02 8.06e-02    3.769 9.60e-02   0.1
      g_cvt_7__pipe_cvt (VX_pipe_register_1_152) 2.80e-03 1.29e-02    0.602 1.63e-02   0.0
        g_shift_register (VX_shift_register_64_0_1_0_152) 2.80e-03 1.29e-02    0.602 1.63e-02   0.0
      g_cvt_7__cvt_col_bf16 (bf16_to_fp32_dw_304) 6.92e-05 1.54e-04    0.107 3.31e-04   0.0
      g_cvt_7__cvt_row_bf16 (bf16_to_fp32_dw_305) 5.36e-05 1.10e-04    0.107 2.71e-04   0.0
      g_cvt_7__cvt_col_fp16 (fp16_to_fp32_dw_304) 7.48e-04 5.41e-04    0.317 1.61e-03   0.0
      g_cvt_7__cvt_row_fp16 (fp16_to_fp32_dw_305) 5.44e-04 4.09e-04    0.317 1.27e-03   0.0
      g_cvt_6__pipe_cvt (VX_pipe_register_1_153) 2.75e-03 1.29e-02    0.602 1.63e-02   0.0
        g_shift_register (VX_shift_register_64_0_1_0_153) 2.75e-03 1.29e-02    0.602 1.63e-02   0.0
      g_cvt_6__cvt_col_bf16 (bf16_to_fp32_dw_306) 7.54e-05 1.55e-04    0.107 3.38e-04   0.0
      g_cvt_6__cvt_row_bf16 (bf16_to_fp32_dw_307) 5.22e-05 1.10e-04    0.107 2.70e-04   0.0
      g_cvt_6__cvt_col_fp16 (fp16_to_fp32_dw_306) 7.53e-04 5.36e-04    0.317 1.61e-03   0.0
      g_cvt_6__cvt_row_fp16 (fp16_to_fp32_dw_307) 5.79e-04 4.10e-04    0.317 1.31e-03   0.0
      g_cvt_5__pipe_cvt (VX_pipe_register_1_154) 2.78e-03 1.29e-02    0.602 1.63e-02   0.0
        g_shift_register (VX_shift_register_64_0_1_0_154) 2.78e-03 1.29e-02    0.602 1.63e-02   0.0
      g_cvt_5__cvt_col_bf16 (bf16_to_fp32_dw_308) 6.53e-05 1.54e-04    0.107 3.27e-04   0.0
      g_cvt_5__cvt_row_bf16 (bf16_to_fp32_dw_309) 5.38e-05 1.11e-04    0.107 2.72e-04   0.0
      g_cvt_5__cvt_col_fp16 (fp16_to_fp32_dw_308) 7.22e-04 5.40e-04    0.317 1.58e-03   0.0
      g_cvt_5__cvt_row_fp16 (fp16_to_fp32_dw_309) 5.88e-04 4.16e-04    0.318 1.32e-03   0.0
      g_cvt_4__pipe_cvt (VX_pipe_register_1_155) 2.66e-03 1.29e-02    0.602 1.62e-02   0.0
        g_shift_register (VX_shift_register_64_0_1_0_155) 2.66e-03 1.29e-02    0.602 1.62e-02   0.0
      g_cvt_4__cvt_col_bf16 (bf16_to_fp32_dw_310) 7.09e-05 1.54e-04    0.107 3.32e-04   0.0
      g_cvt_4__cvt_row_bf16 (bf16_to_fp32_dw_311) 5.69e-05 1.10e-04    0.107 2.74e-04   0.0
      g_cvt_4__cvt_col_fp16 (fp16_to_fp32_dw_310) 7.20e-04 5.41e-04    0.317 1.58e-03   0.0
      g_cvt_4__cvt_row_fp16 (fp16_to_fp32_dw_311) 6.78e-04 4.18e-04    0.325 1.42e-03   0.0
      g_cvt_3__pipe_cvt (VX_pipe_register_1_156) 2.75e-03 1.29e-02    0.602 1.63e-02   0.0
        g_shift_register (VX_shift_register_64_0_1_0_156) 2.75e-03 1.29e-02    0.602 1.63e-02   0.0
      g_cvt_3__cvt_col_bf16 (bf16_to_fp32_dw_312) 6.76e-05 1.55e-04    0.107 3.30e-04   0.0
      g_cvt_3__cvt_row_bf16 (bf16_to_fp32_dw_313) 5.51e-05 1.09e-04    0.107 2.71e-04   0.0
      g_cvt_3__cvt_col_fp16 (fp16_to_fp32_dw_312) 7.38e-04 5.40e-04    0.316 1.59e-03   0.0
      g_cvt_3__cvt_row_fp16 (fp16_to_fp32_dw_313) 5.24e-04 4.02e-04    0.317 1.24e-03   0.0
      g_cvt_2__pipe_cvt (VX_pipe_register_1_157) 2.72e-03 1.29e-02    0.602 1.63e-02   0.0
        g_shift_register (VX_shift_register_64_0_1_0_157) 2.72e-03 1.29e-02    0.602 1.63e-02   0.0
      g_cvt_2__cvt_col_bf16 (bf16_to_fp32_dw_314) 7.24e-05 1.57e-04    0.107 3.36e-04   0.0
      g_cvt_2__cvt_row_bf16 (bf16_to_fp32_dw_315) 4.96e-05 1.11e-04    0.107 2.68e-04   0.0
      g_cvt_2__cvt_col_fp16 (fp16_to_fp32_dw_314) 7.44e-04 5.44e-04    0.317 1.60e-03   0.0
      g_cvt_2__cvt_row_fp16 (fp16_to_fp32_dw_315) 5.72e-04 4.10e-04    0.317 1.30e-03   0.0
      g_cvt_1__pipe_cvt (VX_pipe_register_1_158) 2.74e-03 1.29e-02    0.602 1.63e-02   0.0
        g_shift_register (VX_shift_register_64_0_1_0_158) 2.74e-03 1.29e-02    0.602 1.63e-02   0.0
      g_cvt_1__cvt_col_bf16 (bf16_to_fp32_dw_316) 6.87e-05 1.57e-04    0.107 3.33e-04   0.0
      g_cvt_1__cvt_row_bf16 (bf16_to_fp32_dw_317) 5.98e-05 1.10e-04    0.107 2.77e-04   0.0
      g_cvt_1__cvt_col_fp16 (fp16_to_fp32_dw_316) 7.44e-04 5.41e-04    0.317 1.60e-03   0.0
      g_cvt_1__cvt_row_fp16 (fp16_to_fp32_dw_317) 5.42e-04 4.07e-04    0.317 1.27e-03   0.0
      g_cvt_0__pipe_cvt (VX_pipe_register_1_159) 2.77e-03 1.29e-02    0.602 1.63e-02   0.0
        g_shift_register (VX_shift_register_64_0_1_0_159) 2.77e-03 1.29e-02    0.602 1.63e-02   0.0
      g_cvt_0__cvt_col_bf16 (bf16_to_fp32_dw_318) 7.19e-05 1.60e-04    0.107 3.39e-04   0.0
      g_cvt_0__cvt_row_bf16 (bf16_to_fp32_dw_319) 7.03e-05 1.11e-04    0.107 2.88e-04   0.0
      g_cvt_0__cvt_col_fp16 (fp16_to_fp32_dw_318) 7.44e-04 5.39e-04    0.317 1.60e-03   0.0
      g_cvt_0__cvt_row_fp16 (fp16_to_fp32_dw_319) 5.47e-04 4.09e-04    0.317 1.27e-03   0.0
    g_i_3__g_j_0____buffer_ex (VX_pipe_register_60) 1.78e-02 9.54e-02    4.369    0.118   0.1
      g_shift_register (VX_shift_register_582_0_1_0_51) 1.78e-02 9.54e-02    4.369    0.118   0.1
    g_i_2__g_j_3__fedp (VX_tcu_fedp_dw_20)    0.545    2.266  174.677    2.986   2.1
      pipe_acc (VX_pipe_register_3_160) 1.92e-02    0.122    5.249    0.147   0.1
        g_shift_register (VX_shift_register_32_0_11_0_160) 1.92e-02    0.122    5.249    0.147   0.1
      pipe_c (VX_pipe_register_4_20)   5.88e-02    0.433   20.141    0.511   0.4
        g_shift_register (VX_shift_register_32_0_42_0_20) 5.88e-02    0.433   20.141    0.511   0.4
      g_red_tree_2__g_add_0__pipe_red (VX_pipe_register_3_161) 2.11e-02    0.118    5.200    0.144   0.1
        g_shift_register (VX_shift_register_32_0_11_0_161) 2.11e-02    0.118    5.200    0.144   0.1
      g_red_tree_1__g_add_1__pipe_red (VX_pipe_register_3_162) 2.41e-02    0.117    5.194    0.146   0.1
        g_shift_register (VX_shift_register_32_0_11_0_162) 2.41e-02    0.117    5.194    0.146   0.1
      g_red_tree_1__g_add_0__pipe_red (VX_pipe_register_3_163) 2.20e-02    0.114    5.187    0.141   0.1
        g_shift_register (VX_shift_register_32_0_11_0_163) 2.20e-02    0.114    5.187    0.141   0.1
      g_red_tree_0__g_add_3__pipe_red (VX_pipe_register_3_164) 1.76e-02    0.113    5.183    0.135   0.1
        g_shift_register (VX_shift_register_32_0_11_0_164) 1.76e-02    0.113    5.183    0.135   0.1
      g_red_tree_0__g_add_2__pipe_red (VX_pipe_register_3_165) 2.14e-02    0.116    5.194    0.142   0.1
        g_shift_register (VX_shift_register_32_0_11_0_165) 2.14e-02    0.116    5.194    0.142   0.1
      g_red_tree_0__g_add_1__pipe_red (VX_pipe_register_3_166) 2.14e-02    0.115    5.191    0.141   0.1
        g_shift_register (VX_shift_register_32_0_11_0_166) 2.14e-02    0.115    5.191    0.141   0.1
      g_red_tree_0__g_add_0__pipe_red (VX_pipe_register_3_167) 2.05e-02    0.117    5.196    0.143   0.1
        g_shift_register (VX_shift_register_32_0_11_0_167) 2.05e-02    0.117    5.196    0.143   0.1
      g_prod_7__pipe_mult (VX_pipe_register_2_160) 1.13e-02 7.98e-02    3.767 9.49e-02   0.1
        g_shift_register (VX_shift_register_32_0_8_0_160) 1.13e-02 7.98e-02    3.767 9.49e-02   0.1
      g_prod_6__pipe_mult (VX_pipe_register_2_161) 1.13e-02 8.00e-02    3.767 9.51e-02   0.1
        g_shift_register (VX_shift_register_32_0_8_0_161) 1.13e-02 8.00e-02    3.767 9.51e-02   0.1
      g_prod_5__pipe_mult (VX_pipe_register_2_162) 1.33e-02 8.23e-02    3.774 9.93e-02   0.1
        g_shift_register (VX_shift_register_32_0_8_0_162) 1.33e-02 8.23e-02    3.774 9.93e-02   0.1
      g_prod_4__pipe_mult (VX_pipe_register_2_163) 1.30e-02 8.18e-02    3.773 9.86e-02   0.1
        g_shift_register (VX_shift_register_32_0_8_0_163) 1.30e-02 8.18e-02    3.773 9.86e-02   0.1
      g_prod_3__pipe_mult (VX_pipe_register_2_164) 1.22e-02 8.05e-02    3.769 9.65e-02   0.1
        g_shift_register (VX_shift_register_32_0_8_0_164) 1.22e-02 8.05e-02    3.769 9.65e-02   0.1
      g_prod_2__pipe_mult (VX_pipe_register_2_165) 1.22e-02 8.05e-02    3.769 9.65e-02   0.1
        g_shift_register (VX_shift_register_32_0_8_0_165) 1.22e-02 8.05e-02    3.769 9.65e-02   0.1
      g_prod_1__pipe_mult (VX_pipe_register_2_166) 1.11e-02 8.04e-02    3.769 9.53e-02   0.1
        g_shift_register (VX_shift_register_32_0_8_0_166) 1.11e-02 8.04e-02    3.769 9.53e-02   0.1
      g_prod_0__pipe_mult (VX_pipe_register_2_167) 1.14e-02 8.06e-02    3.769 9.58e-02   0.1
        g_shift_register (VX_shift_register_32_0_8_0_167) 1.14e-02 8.06e-02    3.769 9.58e-02   0.1
      g_cvt_7__pipe_cvt (VX_pipe_register_1_160) 2.77e-03 1.30e-02    0.621 1.64e-02   0.0
        g_shift_register (VX_shift_register_64_0_1_0_160) 2.66e-03 1.29e-02    0.602 1.62e-02   0.0
      g_cvt_7__cvt_col_bf16 (bf16_to_fp32_dw_320) 8.74e-05 1.56e-04    0.107 3.51e-04   0.0
      g_cvt_7__cvt_row_bf16 (bf16_to_fp32_dw_321) 5.65e-05 1.10e-04    0.107 2.74e-04   0.0
      g_cvt_7__cvt_col_fp16 (fp16_to_fp32_dw_320) 7.05e-04 5.41e-04    0.317 1.56e-03   0.0
      g_cvt_7__cvt_row_fp16 (fp16_to_fp32_dw_321) 5.61e-04 4.06e-04    0.317 1.28e-03   0.0
      g_cvt_6__pipe_cvt (VX_pipe_register_1_161) 2.79e-03 1.30e-02    0.608 1.64e-02   0.0
        g_shift_register (VX_shift_register_64_0_1_0_161) 2.74e-03 1.29e-02    0.602 1.63e-02   0.0
      g_cvt_6__cvt_col_bf16 (bf16_to_fp32_dw_322) 8.20e-05 1.56e-04    0.107 3.45e-04   0.0
      g_cvt_6__cvt_row_bf16 (bf16_to_fp32_dw_323) 5.80e-05 1.10e-04    0.107 2.75e-04   0.0
      g_cvt_6__cvt_col_fp16 (fp16_to_fp32_dw_322) 7.33e-04 5.43e-04    0.317 1.59e-03   0.0
      g_cvt_6__cvt_row_fp16 (fp16_to_fp32_dw_323) 5.68e-04 4.09e-04    0.317 1.29e-03   0.0
      g_cvt_5__pipe_cvt (VX_pipe_register_1_162) 2.73e-03 1.30e-02    0.614 1.63e-02   0.0
        g_shift_register (VX_shift_register_64_0_1_0_162) 2.62e-03 1.29e-02    0.602 1.62e-02   0.0
      g_cvt_5__cvt_col_bf16 (bf16_to_fp32_dw_324) 7.28e-05 1.56e-04    0.107 3.36e-04   0.0
      g_cvt_5__cvt_row_bf16 (bf16_to_fp32_dw_325) 4.70e-05 1.10e-04    0.107 2.64e-04   0.0
      g_cvt_5__cvt_col_fp16 (fp16_to_fp32_dw_324) 7.04e-04 5.39e-04    0.317 1.56e-03   0.0
      g_cvt_5__cvt_row_fp16 (fp16_to_fp32_dw_325) 5.49e-04 4.10e-04    0.317 1.28e-03   0.0
      g_cvt_4__pipe_cvt (VX_pipe_register_1_163) 2.57e-03 1.29e-02    0.608 1.61e-02   0.0
        g_shift_register (VX_shift_register_64_0_1_0_163) 2.55e-03 1.29e-02    0.602 1.61e-02   0.0
      g_cvt_4__cvt_col_bf16 (bf16_to_fp32_dw_326) 7.57e-05 1.55e-04    0.107 3.38e-04   0.0
      g_cvt_4__cvt_row_bf16 (bf16_to_fp32_dw_327) 5.11e-05 1.10e-04    0.107 2.69e-04   0.0
      g_cvt_4__cvt_col_fp16 (fp16_to_fp32_dw_326) 7.01e-04 5.39e-04    0.317 1.56e-03   0.0
      g_cvt_4__cvt_row_fp16 (fp16_to_fp32_dw_327) 5.23e-04 4.03e-04    0.317 1.24e-03   0.0
      g_cvt_3__pipe_cvt (VX_pipe_register_1_164) 2.75e-03 1.29e-02    0.602 1.63e-02   0.0
        g_shift_register (VX_shift_register_64_0_1_0_164) 2.75e-03 1.29e-02    0.602 1.63e-02   0.0
      g_cvt_3__cvt_col_bf16 (bf16_to_fp32_dw_328) 7.07e-05 1.57e-04    0.107 3.35e-04   0.0
      g_cvt_3__cvt_row_bf16 (bf16_to_fp32_dw_329) 5.10e-05 1.10e-04    0.107 2.69e-04   0.0
      g_cvt_3__cvt_col_fp16 (fp16_to_fp32_dw_328) 7.57e-04 5.43e-04    0.316 1.62e-03   0.0
      g_cvt_3__cvt_row_fp16 (fp16_to_fp32_dw_329) 5.52e-04 4.12e-04    0.317 1.28e-03   0.0
      g_cvt_2__pipe_cvt (VX_pipe_register_1_165) 2.73e-03 1.29e-02    0.602 1.63e-02   0.0
        g_shift_register (VX_shift_register_64_0_1_0_165) 2.73e-03 1.29e-02    0.602 1.63e-02   0.0
      g_cvt_2__cvt_col_bf16 (bf16_to_fp32_dw_330) 7.09e-05 1.63e-04    0.107 3.41e-04   0.0
      g_cvt_2__cvt_row_bf16 (bf16_to_fp32_dw_331) 4.90e-05 1.10e-04    0.107 2.66e-04   0.0
      g_cvt_2__cvt_col_fp16 (fp16_to_fp32_dw_330) 7.25e-04 5.45e-04    0.316 1.59e-03   0.0
      g_cvt_2__cvt_row_fp16 (fp16_to_fp32_dw_331) 5.69e-04 4.13e-04    0.317 1.30e-03   0.0
      g_cvt_1__pipe_cvt (VX_pipe_register_1_166) 2.75e-03 1.29e-02    0.602 1.63e-02   0.0
        g_shift_register (VX_shift_register_64_0_1_0_166) 2.75e-03 1.29e-02    0.602 1.63e-02   0.0
      g_cvt_1__cvt_col_bf16 (bf16_to_fp32_dw_332) 6.74e-05 1.54e-04    0.107 3.29e-04   0.0
      g_cvt_1__cvt_row_bf16 (bf16_to_fp32_dw_333) 5.43e-05 1.11e-04    0.107 2.72e-04   0.0
      g_cvt_1__cvt_col_fp16 (fp16_to_fp32_dw_332) 7.12e-04 5.40e-04    0.317 1.57e-03   0.0
      g_cvt_1__cvt_row_fp16 (fp16_to_fp32_dw_333) 5.51e-04 4.09e-04    0.317 1.28e-03   0.0
      g_cvt_0__pipe_cvt (VX_pipe_register_1_167) 2.77e-03 1.29e-02    0.602 1.63e-02   0.0
        g_shift_register (VX_shift_register_64_0_1_0_167) 2.77e-03 1.29e-02    0.602 1.63e-02   0.0
      g_cvt_0__cvt_col_bf16 (bf16_to_fp32_dw_334) 6.99e-05 1.55e-04    0.107 3.32e-04   0.0
      g_cvt_0__cvt_row_bf16 (bf16_to_fp32_dw_335) 5.30e-05 1.11e-04    0.107 2.71e-04   0.0
      g_cvt_0__cvt_col_fp16 (fp16_to_fp32_dw_334) 7.07e-04 5.40e-04    0.317 1.56e-03   0.0
      g_cvt_0__cvt_row_fp16 (fp16_to_fp32_dw_335) 5.50e-04 4.11e-04    0.317 1.28e-03   0.0
    g_i_2__g_j_3____buffer_ex (VX_pipe_register_61) 1.76e-02 9.54e-02    4.369    0.117   0.1
      g_shift_register (VX_shift_register_582_0_1_0_52) 1.76e-02 9.54e-02    4.369    0.117   0.1
    g_i_2__g_j_2__fedp (VX_tcu_fedp_dw_21)    0.562    2.268  175.580    3.005   2.2
      pipe_acc (VX_pipe_register_3_168) 2.10e-02    0.123    5.250    0.149   0.1
        g_shift_register (VX_shift_register_32_0_11_0_168) 2.10e-02    0.123    5.250    0.149   0.1
      pipe_c (VX_pipe_register_4_21)   6.00e-02    0.432   20.151    0.513   0.4
        g_shift_register (VX_shift_register_32_0_42_0_21) 6.00e-02    0.432   20.151    0.513   0.4
      g_red_tree_2__g_add_0__pipe_red (VX_pipe_register_3_169) 2.81e-02    0.119    5.200    0.152   0.1
        g_shift_register (VX_shift_register_32_0_11_0_169) 2.81e-02    0.119    5.200    0.152   0.1
      g_red_tree_1__g_add_1__pipe_red (VX_pipe_register_3_170) 1.70e-02    0.117    5.193    0.139   0.1
        g_shift_register (VX_shift_register_32_0_11_0_170) 1.70e-02    0.117    5.193    0.139   0.1
      g_red_tree_1__g_add_0__pipe_red (VX_pipe_register_3_171) 1.61e-02    0.114    5.188    0.136   0.1
        g_shift_register (VX_shift_register_32_0_11_0_171) 1.61e-02    0.114    5.188    0.136   0.1
      g_red_tree_0__g_add_3__pipe_red (VX_pipe_register_3_172) 1.84e-02    0.113    5.183    0.136   0.1
        g_shift_register (VX_shift_register_32_0_11_0_172) 1.84e-02    0.113    5.183    0.136   0.1
      g_red_tree_0__g_add_2__pipe_red (VX_pipe_register_3_173) 2.04e-02    0.116    5.194    0.142   0.1
        g_shift_register (VX_shift_register_32_0_11_0_173) 2.04e-02    0.116    5.194    0.142   0.1
      g_red_tree_0__g_add_1__pipe_red (VX_pipe_register_3_174) 2.11e-02    0.115    5.192    0.142   0.1
        g_shift_register (VX_shift_register_32_0_11_0_174) 2.11e-02    0.115    5.192    0.142   0.1
      g_red_tree_0__g_add_0__pipe_red (VX_pipe_register_3_175) 1.93e-02    0.116    5.194    0.141   0.1
        g_shift_register (VX_shift_register_32_0_11_0_175) 1.93e-02    0.116    5.194    0.141   0.1
      g_prod_7__pipe_mult (VX_pipe_register_2_168) 1.11e-02 7.98e-02    3.767 9.47e-02   0.1
        g_shift_register (VX_shift_register_32_0_8_0_168) 1.11e-02 7.98e-02    3.767 9.47e-02   0.1
      g_prod_6__pipe_mult (VX_pipe_register_2_169) 1.11e-02 8.00e-02    3.767 9.49e-02   0.1
        g_shift_register (VX_shift_register_32_0_8_0_169) 1.11e-02 8.00e-02    3.767 9.49e-02   0.1
      g_prod_5__pipe_mult (VX_pipe_register_2_170) 1.22e-02 8.23e-02    3.774 9.82e-02   0.1
        g_shift_register (VX_shift_register_32_0_8_0_170) 1.22e-02 8.23e-02    3.774 9.82e-02   0.1
      g_prod_4__pipe_mult (VX_pipe_register_2_171) 1.19e-02 8.18e-02    3.773 9.75e-02   0.1
        g_shift_register (VX_shift_register_32_0_8_0_171) 1.19e-02 8.18e-02    3.773 9.75e-02   0.1
      g_prod_3__pipe_mult (VX_pipe_register_2_172) 1.17e-02 8.05e-02    3.769 9.60e-02   0.1
        g_shift_register (VX_shift_register_32_0_8_0_172) 1.17e-02 8.05e-02    3.769 9.60e-02   0.1
      g_prod_2__pipe_mult (VX_pipe_register_2_173) 1.17e-02 8.06e-02    3.769 9.60e-02   0.1
        g_shift_register (VX_shift_register_32_0_8_0_173) 1.17e-02 8.06e-02    3.769 9.60e-02   0.1
      g_prod_1__pipe_mult (VX_pipe_register_2_174) 1.17e-02 8.05e-02    3.769 9.59e-02   0.1
        g_shift_register (VX_shift_register_32_0_8_0_174) 1.17e-02 8.05e-02    3.769 9.59e-02   0.1
      g_prod_0__pipe_mult (VX_pipe_register_2_175) 1.16e-02 8.07e-02    3.769 9.61e-02   0.1
        g_shift_register (VX_shift_register_32_0_8_0_175) 1.16e-02 8.07e-02    3.769 9.61e-02   0.1
      g_cvt_7__pipe_cvt (VX_pipe_register_1_168) 2.74e-03 1.29e-02    0.602 1.63e-02   0.0
        g_shift_register (VX_shift_register_64_0_1_0_168) 2.74e-03 1.29e-02    0.602 1.63e-02   0.0
      g_cvt_7__cvt_col_bf16 (bf16_to_fp32_dw_336) 7.82e-05 1.55e-04    0.107 3.41e-04   0.0
      g_cvt_7__cvt_row_bf16 (bf16_to_fp32_dw_337) 5.42e-05 1.10e-04    0.107 2.72e-04   0.0
      g_cvt_7__cvt_col_fp16 (fp16_to_fp32_dw_336) 6.97e-04 5.36e-04    0.317 1.55e-03   0.0
      g_cvt_7__cvt_row_fp16 (fp16_to_fp32_dw_337) 5.56e-04 4.09e-04    0.317 1.28e-03   0.0
      g_cvt_6__pipe_cvt (VX_pipe_register_1_169) 2.72e-03 1.30e-02    0.621 1.63e-02   0.0
        g_shift_register (VX_shift_register_64_0_1_0_169) 2.60e-03 1.29e-02    0.602 1.61e-02   0.0
      g_cvt_6__cvt_col_bf16 (bf16_to_fp32_dw_338) 6.85e-05 1.54e-04    0.107 3.30e-04   0.0
      g_cvt_6__cvt_row_bf16 (bf16_to_fp32_dw_339) 4.90e-05 1.10e-04    0.107 2.66e-04   0.0
      g_cvt_6__cvt_col_fp16 (fp16_to_fp32_dw_338) 7.26e-04 5.40e-04    0.317 1.58e-03   0.0
      g_cvt_6__cvt_row_fp16 (fp16_to_fp32_dw_339) 5.55e-04 4.08e-04    0.317 1.28e-03   0.0
      g_cvt_5__pipe_cvt (VX_pipe_register_1_170) 2.77e-03 1.29e-02    0.602 1.63e-02   0.0
        g_shift_register (VX_shift_register_64_0_1_0_170) 2.77e-03 1.29e-02    0.602 1.63e-02   0.0
      g_cvt_5__cvt_col_bf16 (bf16_to_fp32_dw_340) 7.16e-05 1.55e-04    0.107 3.34e-04   0.0
      g_cvt_5__cvt_row_bf16 (bf16_to_fp32_dw_341) 6.22e-05 1.10e-04    0.107 2.80e-04   0.0
      g_cvt_5__cvt_col_fp16 (fp16_to_fp32_dw_340) 7.18e-04 5.38e-04    0.317 1.57e-03   0.0
      g_cvt_5__cvt_row_fp16 (fp16_to_fp32_dw_341) 5.56e-04 4.07e-04    0.317 1.28e-03   0.0
      g_cvt_4__pipe_cvt (VX_pipe_register_1_171) 2.67e-03 1.29e-02    0.602 1.62e-02   0.0
        g_shift_register (VX_shift_register_64_0_1_0_171) 2.67e-03 1.29e-02    0.602 1.62e-02   0.0
      g_cvt_4__cvt_col_bf16 (bf16_to_fp32_dw_342) 8.11e-05 1.58e-04    0.107 3.47e-04   0.0
      g_cvt_4__cvt_row_bf16 (bf16_to_fp32_dw_343) 4.91e-05 1.10e-04    0.107 2.67e-04   0.0
      g_cvt_4__cvt_col_fp16 (fp16_to_fp32_dw_342) 8.11e-04 5.47e-04    0.319 1.68e-03   0.0
      g_cvt_4__cvt_row_fp16 (fp16_to_fp32_dw_343) 5.62e-04 4.04e-04    0.317 1.28e-03   0.0
      g_cvt_3__pipe_cvt (VX_pipe_register_1_172) 2.77e-03 1.29e-02    0.602 1.63e-02   0.0
        g_shift_register (VX_shift_register_64_0_1_0_172) 2.77e-03 1.29e-02    0.602 1.63e-02   0.0
      g_cvt_3__cvt_col_bf16 (bf16_to_fp32_dw_344) 7.72e-05 1.55e-04    0.107 3.40e-04   0.0
      g_cvt_3__cvt_row_bf16 (bf16_to_fp32_dw_345) 6.31e-05 1.11e-04    0.107 2.82e-04   0.0
      g_cvt_3__cvt_col_fp16 (fp16_to_fp32_dw_344) 7.30e-04 5.35e-04    0.317 1.58e-03   0.0
      g_cvt_3__cvt_row_fp16 (fp16_to_fp32_dw_345) 6.66e-04 4.18e-04    0.320 1.40e-03   0.0
      g_cvt_2__pipe_cvt (VX_pipe_register_1_173) 2.74e-03 1.29e-02    0.602 1.63e-02   0.0
        g_shift_register (VX_shift_register_64_0_1_0_173) 2.74e-03 1.29e-02    0.602 1.63e-02   0.0
      g_cvt_2__cvt_col_bf16 (bf16_to_fp32_dw_346) 8.20e-05 1.55e-04    0.107 3.44e-04   0.0
      g_cvt_2__cvt_row_bf16 (bf16_to_fp32_dw_347) 5.86e-05 1.12e-04    0.107 2.78e-04   0.0
      g_cvt_2__cvt_col_fp16 (fp16_to_fp32_dw_346) 7.45e-04 5.39e-04    0.319 1.60e-03   0.0
      g_cvt_2__cvt_row_fp16 (fp16_to_fp32_dw_347) 6.56e-04 4.19e-04    0.319 1.39e-03   0.0
      g_cvt_1__pipe_cvt (VX_pipe_register_1_174) 2.89e-03 1.29e-02    0.602 1.64e-02   0.0
        g_shift_register (VX_shift_register_64_0_1_0_174) 2.89e-03 1.29e-02    0.602 1.64e-02   0.0
      g_cvt_1__cvt_col_bf16 (bf16_to_fp32_dw_348) 7.36e-05 1.55e-04    0.107 3.35e-04   0.0
      g_cvt_1__cvt_row_bf16 (bf16_to_fp32_dw_349) 6.89e-05 1.20e-04    0.107 2.96e-04   0.0
      g_cvt_1__cvt_col_fp16 (fp16_to_fp32_dw_348) 7.30e-04 5.42e-04    0.317 1.59e-03   0.0
      g_cvt_1__cvt_row_fp16 (fp16_to_fp32_dw_349) 6.74e-04 4.26e-04    0.320 1.42e-03   0.0
      g_cvt_0__pipe_cvt (VX_pipe_register_1_175) 2.98e-03 1.29e-02    0.602 1.65e-02   0.0
        g_shift_register (VX_shift_register_64_0_1_0_175) 2.98e-03 1.29e-02    0.602 1.65e-02   0.0
      g_cvt_0__cvt_col_bf16 (bf16_to_fp32_dw_350) 7.20e-05 1.54e-04    0.107 3.34e-04   0.0
      g_cvt_0__cvt_row_bf16 (bf16_to_fp32_dw_351) 5.65e-05 1.11e-04    0.107 2.75e-04   0.0
      g_cvt_0__cvt_col_fp16 (fp16_to_fp32_dw_350) 7.16e-04 5.38e-04    0.317 1.57e-03   0.0
      g_cvt_0__cvt_row_fp16 (fp16_to_fp32_dw_351) 6.23e-04 4.14e-04    0.320 1.36e-03   0.0
    g_i_2__g_j_2____buffer_ex (VX_pipe_register_62) 1.88e-02 9.54e-02    4.375    0.119   0.1
      g_shift_register (VX_shift_register_582_0_1_0_53) 1.85e-02 9.54e-02    4.369    0.118   0.1
    g_i_2__g_j_1__fedp (VX_tcu_fedp_dw_22)    0.541    2.268  174.518    2.983   2.1
      pipe_acc (VX_pipe_register_3_176) 1.65e-02    0.122    5.249    0.144   0.1
        g_shift_register (VX_shift_register_32_0_11_0_176) 1.65e-02    0.122    5.249    0.144   0.1
      pipe_c (VX_pipe_register_4_22)   5.85e-02    0.432   20.155    0.511   0.4
        g_shift_register (VX_shift_register_32_0_42_0_22) 5.85e-02    0.432   20.148    0.511   0.4
      g_red_tree_2__g_add_0__pipe_red (VX_pipe_register_3_177) 1.87e-02    0.119    5.200    0.142   0.1
        g_shift_register (VX_shift_register_32_0_11_0_177) 1.87e-02    0.119    5.200    0.142   0.1
      g_red_tree_1__g_add_1__pipe_red (VX_pipe_register_3_178) 2.63e-02    0.117    5.195    0.149   0.1
        g_shift_register (VX_shift_register_32_0_11_0_178) 2.63e-02    0.117    5.195    0.149   0.1
      g_red_tree_1__g_add_0__pipe_red (VX_pipe_register_3_179) 2.19e-02    0.115    5.188    0.142   0.1
        g_shift_register (VX_shift_register_32_0_11_0_179) 2.19e-02    0.115    5.188    0.142   0.1
      g_red_tree_0__g_add_3__pipe_red (VX_pipe_register_3_180) 1.68e-02    0.113    5.184    0.135   0.1
        g_shift_register (VX_shift_register_32_0_11_0_180) 1.68e-02    0.113    5.184    0.135   0.1
      g_red_tree_0__g_add_2__pipe_red (VX_pipe_register_3_181) 2.05e-02    0.116    5.193    0.141   0.1
        g_shift_register (VX_shift_register_32_0_11_0_181) 2.05e-02    0.116    5.193    0.141   0.1
      g_red_tree_0__g_add_1__pipe_red (VX_pipe_register_3_182) 2.13e-02    0.115    5.192    0.142   0.1
        g_shift_register (VX_shift_register_32_0_11_0_182) 2.13e-02    0.115    5.192    0.142   0.1
      g_red_tree_0__g_add_0__pipe_red (VX_pipe_register_3_183) 2.15e-02    0.117    5.195    0.143   0.1
        g_shift_register (VX_shift_register_32_0_11_0_183) 2.15e-02    0.117    5.195    0.143   0.1
      g_prod_7__pipe_mult (VX_pipe_register_2_176) 1.11e-02 7.98e-02    3.767 9.47e-02   0.1
        g_shift_register (VX_shift_register_32_0_8_0_176) 1.11e-02 7.98e-02    3.767 9.47e-02   0.1
      g_prod_6__pipe_mult (VX_pipe_register_2_177) 1.10e-02 8.00e-02    3.767 9.48e-02   0.1
        g_shift_register (VX_shift_register_32_0_8_0_177) 1.10e-02 8.00e-02    3.767 9.48e-02   0.1
      g_prod_5__pipe_mult (VX_pipe_register_2_178) 1.31e-02 8.23e-02    3.774 9.91e-02   0.1
        g_shift_register (VX_shift_register_32_0_8_0_178) 1.31e-02 8.23e-02    3.774 9.91e-02   0.1
      g_prod_4__pipe_mult (VX_pipe_register_2_179) 1.36e-02 8.18e-02    3.773 9.91e-02   0.1
        g_shift_register (VX_shift_register_32_0_8_0_179) 1.36e-02 8.18e-02    3.773 9.91e-02   0.1
      g_prod_3__pipe_mult (VX_pipe_register_2_180) 1.20e-02 8.05e-02    3.769 9.63e-02   0.1
        g_shift_register (VX_shift_register_32_0_8_0_180) 1.20e-02 8.05e-02    3.769 9.63e-02   0.1
      g_prod_2__pipe_mult (VX_pipe_register_2_181) 1.20e-02 8.06e-02    3.769 9.63e-02   0.1
        g_shift_register (VX_shift_register_32_0_8_0_181) 1.20e-02 8.06e-02    3.769 9.63e-02   0.1
      g_prod_1__pipe_mult (VX_pipe_register_2_182) 1.18e-02 8.04e-02    3.769 9.60e-02   0.1
        g_shift_register (VX_shift_register_32_0_8_0_182) 1.18e-02 8.04e-02    3.769 9.60e-02   0.1
      g_prod_0__pipe_mult (VX_pipe_register_2_183) 1.15e-02 8.06e-02    3.769 9.58e-02   0.1
        g_shift_register (VX_shift_register_32_0_8_0_183) 1.15e-02 8.06e-02    3.769 9.58e-02   0.1
      g_cvt_7__pipe_cvt (VX_pipe_register_1_176) 2.73e-03 1.30e-02    0.608 1.63e-02   0.0
        g_shift_register (VX_shift_register_64_0_1_0_176) 2.69e-03 1.29e-02    0.602 1.62e-02   0.0
      g_cvt_7__cvt_col_bf16 (bf16_to_fp32_dw_352) 7.01e-05 1.55e-04    0.107 3.32e-04   0.0
      g_cvt_7__cvt_row_bf16 (bf16_to_fp32_dw_353) 5.35e-05 1.10e-04    0.107 2.71e-04   0.0
      g_cvt_7__cvt_col_fp16 (fp16_to_fp32_dw_352) 7.33e-04 5.36e-04    0.317 1.59e-03   0.0
      g_cvt_7__cvt_row_fp16 (fp16_to_fp32_dw_353) 5.45e-04 4.07e-04    0.317 1.27e-03   0.0
      g_cvt_6__pipe_cvt (VX_pipe_register_1_177) 2.73e-03 1.30e-02    0.602 1.63e-02   0.0
        g_shift_register (VX_shift_register_64_0_1_0_177) 2.73e-03 1.30e-02    0.602 1.63e-02   0.0
      g_cvt_6__cvt_col_bf16 (bf16_to_fp32_dw_354) 7.49e-05 1.55e-04    0.107 3.37e-04   0.0
      g_cvt_6__cvt_row_bf16 (bf16_to_fp32_dw_355) 5.09e-05 1.10e-04    0.107 2.68e-04   0.0
      g_cvt_6__cvt_col_fp16 (fp16_to_fp32_dw_354) 7.14e-04 5.39e-04    0.317 1.57e-03   0.0
      g_cvt_6__cvt_row_fp16 (fp16_to_fp32_dw_355) 5.59e-04 4.10e-04    0.317 1.29e-03   0.0
      g_cvt_5__pipe_cvt (VX_pipe_register_1_178) 2.76e-03 1.30e-02    0.614 1.63e-02   0.0
        g_shift_register (VX_shift_register_64_0_1_0_178) 2.67e-03 1.29e-02    0.602 1.62e-02   0.0
      g_cvt_5__cvt_col_bf16 (bf16_to_fp32_dw_356) 7.45e-05 1.55e-04    0.107 3.37e-04   0.0
      g_cvt_5__cvt_row_bf16 (bf16_to_fp32_dw_357) 4.94e-05 1.10e-04    0.107 2.67e-04   0.0
      g_cvt_5__cvt_col_fp16 (fp16_to_fp32_dw_356) 7.17e-04 5.41e-04    0.317 1.57e-03   0.0
      g_cvt_5__cvt_row_fp16 (fp16_to_fp32_dw_357) 5.49e-04 4.07e-04    0.317 1.27e-03   0.0
      g_cvt_4__pipe_cvt (VX_pipe_register_1_179) 2.57e-03 1.30e-02    0.614 1.61e-02   0.0
        g_shift_register (VX_shift_register_64_0_1_0_179) 2.55e-03 1.29e-02    0.602 1.61e-02   0.0
      g_cvt_4__cvt_col_bf16 (bf16_to_fp32_dw_358) 8.13e-05 1.54e-04    0.107 3.43e-04   0.0
      g_cvt_4__cvt_row_bf16 (bf16_to_fp32_dw_359) 4.92e-05 1.10e-04    0.107 2.67e-04   0.0
      g_cvt_4__cvt_col_fp16 (fp16_to_fp32_dw_358) 7.14e-04 5.37e-04    0.317 1.57e-03   0.0
      g_cvt_4__cvt_row_fp16 (fp16_to_fp32_dw_359) 5.45e-04 4.06e-04    0.317 1.27e-03   0.0
      g_cvt_3__pipe_cvt (VX_pipe_register_1_180) 2.77e-03 1.29e-02    0.602 1.63e-02   0.0
        g_shift_register (VX_shift_register_64_0_1_0_180) 2.77e-03 1.29e-02    0.602 1.63e-02   0.0
      g_cvt_3__cvt_col_bf16 (bf16_to_fp32_dw_360) 6.62e-05 1.55e-04    0.107 3.28e-04   0.0
      g_cvt_3__cvt_row_bf16 (bf16_to_fp32_dw_361) 5.43e-05 1.13e-04    0.107 2.74e-04   0.0
      g_cvt_3__cvt_col_fp16 (fp16_to_fp32_dw_360) 7.40e-04 5.39e-04    0.317 1.60e-03   0.0
      g_cvt_3__cvt_row_fp16 (fp16_to_fp32_dw_361) 5.99e-04 4.15e-04    0.316 1.33e-03   0.0
      g_cvt_2__pipe_cvt (VX_pipe_register_1_181) 2.73e-03 1.29e-02    0.602 1.63e-02   0.0
        g_shift_register (VX_shift_register_64_0_1_0_181) 2.73e-03 1.29e-02    0.602 1.63e-02   0.0
      g_cvt_2__cvt_col_bf16 (bf16_to_fp32_dw_362) 6.66e-05 1.56e-04    0.107 3.29e-04   0.0
      g_cvt_2__cvt_row_bf16 (bf16_to_fp32_dw_363) 4.65e-05 1.11e-04    0.107 2.65e-04   0.0
      g_cvt_2__cvt_col_fp16 (fp16_to_fp32_dw_362) 7.11e-04 5.39e-04    0.317 1.57e-03   0.0
      g_cvt_2__cvt_row_fp16 (fp16_to_fp32_dw_363) 5.63e-04 4.13e-04    0.316 1.29e-03   0.0
      g_cvt_1__pipe_cvt (VX_pipe_register_1_182) 2.77e-03 1.29e-02    0.602 1.63e-02   0.0
        g_shift_register (VX_shift_register_64_0_1_0_182) 2.77e-03 1.29e-02    0.602 1.63e-02   0.0
      g_cvt_1__cvt_col_bf16 (bf16_to_fp32_dw_364) 7.07e-05 1.54e-04    0.107 3.32e-04   0.0
      g_cvt_1__cvt_row_bf16 (bf16_to_fp32_dw_365) 5.14e-05 1.16e-04    0.107 2.75e-04   0.0
      g_cvt_1__cvt_col_fp16 (fp16_to_fp32_dw_364) 7.15e-04 5.36e-04    0.317 1.57e-03   0.0
      g_cvt_1__cvt_row_fp16 (fp16_to_fp32_dw_365) 5.65e-04 4.15e-04    0.317 1.30e-03   0.0
      g_cvt_0__pipe_cvt (VX_pipe_register_1_183) 2.76e-03 1.29e-02    0.602 1.63e-02   0.0
        g_shift_register (VX_shift_register_64_0_1_0_183) 2.76e-03 1.29e-02    0.602 1.63e-02   0.0
      g_cvt_0__cvt_col_bf16 (bf16_to_fp32_dw_366) 6.75e-05 1.55e-04    0.107 3.30e-04   0.0
      g_cvt_0__cvt_row_bf16 (bf16_to_fp32_dw_367) 5.45e-05 1.17e-04    0.107 2.79e-04   0.0
      g_cvt_0__cvt_col_fp16 (fp16_to_fp32_dw_366) 7.15e-04 5.39e-04    0.317 1.57e-03   0.0
      g_cvt_0__cvt_row_fp16 (fp16_to_fp32_dw_367) 6.20e-04 4.20e-04    0.317 1.36e-03   0.0
    g_i_2__g_j_1____buffer_ex (VX_pipe_register_63) 1.88e-02 9.54e-02    4.369    0.119   0.1
      g_shift_register (VX_shift_register_582_0_1_0_54) 1.88e-02 9.54e-02    4.369    0.119   0.1
    g_i_2__g_j_0__fedp (VX_tcu_fedp_dw_23)    0.563    2.268  175.098    3.006   2.2
      pipe_acc (VX_pipe_register_3_184) 2.56e-02    0.122    5.250    0.153   0.1
        g_shift_register (VX_shift_register_32_0_11_0_184) 2.56e-02    0.122    5.250    0.153   0.1
      pipe_c (VX_pipe_register_4_23)   6.19e-02    0.432   20.147    0.514   0.4
        g_shift_register (VX_shift_register_32_0_42_0_23) 6.19e-02    0.432   20.147    0.514   0.4
      g_red_tree_2__g_add_0__pipe_red (VX_pipe_register_3_185) 2.28e-02    0.118    5.200    0.146   0.1
        g_shift_register (VX_shift_register_32_0_11_0_185) 2.28e-02    0.118    5.200    0.146   0.1
      g_red_tree_1__g_add_1__pipe_red (VX_pipe_register_3_186) 1.91e-02    0.118    5.195    0.142   0.1
        g_shift_register (VX_shift_register_32_0_11_0_186) 1.91e-02    0.118    5.195    0.142   0.1
      g_red_tree_1__g_add_0__pipe_red (VX_pipe_register_3_187) 1.82e-02    0.114    5.187    0.138   0.1
        g_shift_register (VX_shift_register_32_0_11_0_187) 1.82e-02    0.114    5.187    0.138   0.1
      g_red_tree_0__g_add_3__pipe_red (VX_pipe_register_3_188) 1.81e-02    0.113    5.183    0.136   0.1
        g_shift_register (VX_shift_register_32_0_11_0_188) 1.81e-02    0.113    5.183    0.136   0.1
      g_red_tree_0__g_add_2__pipe_red (VX_pipe_register_3_189) 2.11e-02    0.116    5.194    0.143   0.1
        g_shift_register (VX_shift_register_32_0_11_0_189) 2.11e-02    0.116    5.194    0.143   0.1
      g_red_tree_0__g_add_1__pipe_red (VX_pipe_register_3_190) 2.29e-02    0.115    5.193    0.143   0.1
        g_shift_register (VX_shift_register_32_0_11_0_190) 2.29e-02    0.115    5.193    0.143   0.1
      g_red_tree_0__g_add_0__pipe_red (VX_pipe_register_3_191) 2.06e-02    0.116    5.194    0.142   0.1
        g_shift_register (VX_shift_register_32_0_11_0_191) 2.06e-02    0.116    5.194    0.142   0.1
      g_prod_7__pipe_mult (VX_pipe_register_2_184) 1.11e-02 7.98e-02    3.767 9.46e-02   0.1
        g_shift_register (VX_shift_register_32_0_8_0_184) 1.11e-02 7.98e-02    3.767 9.46e-02   0.1
      g_prod_6__pipe_mult (VX_pipe_register_2_185) 1.11e-02 8.00e-02    3.767 9.49e-02   0.1
        g_shift_register (VX_shift_register_32_0_8_0_185) 1.11e-02 8.00e-02    3.767 9.49e-02   0.1
      g_prod_5__pipe_mult (VX_pipe_register_2_186) 1.17e-02 8.22e-02    3.774 9.77e-02   0.1
        g_shift_register (VX_shift_register_32_0_8_0_186) 1.17e-02 8.22e-02    3.774 9.77e-02   0.1
      g_prod_4__pipe_mult (VX_pipe_register_2_187) 1.19e-02 8.18e-02    3.773 9.75e-02   0.1
        g_shift_register (VX_shift_register_32_0_8_0_187) 1.19e-02 8.18e-02    3.773 9.75e-02   0.1
      g_prod_3__pipe_mult (VX_pipe_register_2_188) 1.21e-02 8.05e-02    3.769 9.64e-02   0.1
        g_shift_register (VX_shift_register_32_0_8_0_188) 1.21e-02 8.05e-02    3.769 9.64e-02   0.1
      g_prod_2__pipe_mult (VX_pipe_register_2_189) 1.23e-02 8.05e-02    3.769 9.66e-02   0.1
        g_shift_register (VX_shift_register_32_0_8_0_189) 1.23e-02 8.05e-02    3.769 9.66e-02   0.1
      g_prod_1__pipe_mult (VX_pipe_register_2_190) 1.19e-02 8.04e-02    3.769 9.61e-02   0.1
        g_shift_register (VX_shift_register_32_0_8_0_190) 1.19e-02 8.04e-02    3.769 9.61e-02   0.1
      g_prod_0__pipe_mult (VX_pipe_register_2_191) 1.18e-02 8.06e-02    3.769 9.62e-02   0.1
        g_shift_register (VX_shift_register_32_0_8_0_191) 1.18e-02 8.06e-02    3.769 9.62e-02   0.1
      g_cvt_7__pipe_cvt (VX_pipe_register_1_184) 2.77e-03 1.29e-02    0.602 1.63e-02   0.0
        g_shift_register (VX_shift_register_64_0_1_0_184) 2.77e-03 1.29e-02    0.602 1.63e-02   0.0
      g_cvt_7__cvt_col_bf16 (bf16_to_fp32_dw_368) 7.63e-05 1.55e-04    0.107 3.38e-04   0.0
      g_cvt_7__cvt_row_bf16 (bf16_to_fp32_dw_369) 5.17e-05 1.12e-04    0.107 2.71e-04   0.0
      g_cvt_7__cvt_col_fp16 (fp16_to_fp32_dw_368) 7.07e-04 5.42e-04    0.317 1.57e-03   0.0
      g_cvt_7__cvt_row_fp16 (fp16_to_fp32_dw_369) 5.64e-04 4.08e-04    0.317 1.29e-03   0.0
      g_cvt_6__pipe_cvt (VX_pipe_register_1_185) 2.78e-03 1.29e-02    0.602 1.63e-02   0.0
        g_shift_register (VX_shift_register_64_0_1_0_185) 2.78e-03 1.29e-02    0.602 1.63e-02   0.0
      g_cvt_6__cvt_col_bf16 (bf16_to_fp32_dw_370) 7.42e-05 1.55e-04    0.107 3.37e-04   0.0
      g_cvt_6__cvt_row_bf16 (bf16_to_fp32_dw_371) 5.29e-05 1.11e-04    0.107 2.71e-04   0.0
      g_cvt_6__cvt_col_fp16 (fp16_to_fp32_dw_370) 7.09e-04 5.38e-04    0.317 1.56e-03   0.0
      g_cvt_6__cvt_row_fp16 (fp16_to_fp32_dw_371) 5.85e-04 4.11e-04    0.317 1.31e-03   0.0
      g_cvt_5__pipe_cvt (VX_pipe_register_1_186) 2.76e-03 1.29e-02    0.608 1.63e-02   0.0
        g_shift_register (VX_shift_register_64_0_1_0_186) 2.70e-03 1.29e-02    0.602 1.62e-02   0.0
      g_cvt_5__cvt_col_bf16 (bf16_to_fp32_dw_372) 7.63e-05 1.54e-04    0.107 3.38e-04   0.0
      g_cvt_5__cvt_row_bf16 (bf16_to_fp32_dw_373) 7.37e-05 1.12e-04    0.107 2.93e-04   0.0
      g_cvt_5__cvt_col_fp16 (fp16_to_fp32_dw_372) 7.10e-04 5.43e-04    0.317 1.57e-03   0.0
      g_cvt_5__cvt_row_fp16 (fp16_to_fp32_dw_373) 6.50e-04 4.14e-04    0.320 1.38e-03   0.0
      g_cvt_4__pipe_cvt (VX_pipe_register_1_187) 2.70e-03 1.29e-02    0.602 1.62e-02   0.0
        g_shift_register (VX_shift_register_64_0_1_0_187) 2.70e-03 1.29e-02    0.602 1.62e-02   0.0
      g_cvt_4__cvt_col_bf16 (bf16_to_fp32_dw_374) 7.18e-05 1.54e-04    0.107 3.33e-04   0.0
      g_cvt_4__cvt_row_bf16 (bf16_to_fp32_dw_375) 4.91e-05 1.11e-04    0.107 2.68e-04   0.0
      g_cvt_4__cvt_col_fp16 (fp16_to_fp32_dw_374) 7.25e-04 5.42e-04    0.317 1.58e-03   0.0
      g_cvt_4__cvt_row_fp16 (fp16_to_fp32_dw_375) 6.28e-04 4.09e-04    0.321 1.36e-03   0.0
      g_cvt_3__pipe_cvt (VX_pipe_register_1_188) 2.77e-03 1.29e-02    0.602 1.63e-02   0.0
        g_shift_register (VX_shift_register_64_0_1_0_188) 2.77e-03 1.29e-02    0.602 1.63e-02   0.0
      g_cvt_3__cvt_col_bf16 (bf16_to_fp32_dw_376) 7.31e-05 1.65e-04    0.107 3.45e-04   0.0
      g_cvt_3__cvt_row_bf16 (bf16_to_fp32_dw_377) 5.52e-05 1.11e-04    0.107 2.73e-04   0.0
      g_cvt_3__cvt_col_fp16 (fp16_to_fp32_dw_376) 8.05e-04 5.57e-04    0.317 1.68e-03   0.0
      g_cvt_3__cvt_row_fp16 (fp16_to_fp32_dw_377) 5.59e-04 4.13e-04    0.317 1.29e-03   0.0
      g_cvt_2__pipe_cvt (VX_pipe_register_1_189) 2.71e-03 1.29e-02    0.608 1.63e-02   0.0
        g_shift_register (VX_shift_register_64_0_1_0_189) 2.69e-03 1.29e-02    0.602 1.62e-02   0.0
      g_cvt_2__cvt_col_bf16 (bf16_to_fp32_dw_378) 8.22e-05 1.57e-04    0.107 3.46e-04   0.0
      g_cvt_2__cvt_row_bf16 (bf16_to_fp32_dw_379) 4.91e-05 1.10e-04    0.107 2.66e-04   0.0
      g_cvt_2__cvt_col_fp16 (fp16_to_fp32_dw_378) 7.60e-04 5.46e-04    0.319 1.62e-03   0.0
      g_cvt_2__cvt_row_fp16 (fp16_to_fp32_dw_379) 5.54e-04 4.13e-04    0.317 1.28e-03   0.0
      g_cvt_1__pipe_cvt (VX_pipe_register_1_190) 2.81e-03 1.29e-02    0.602 1.64e-02   0.0
        g_shift_register (VX_shift_register_64_0_1_0_190) 2.81e-03 1.29e-02    0.602 1.64e-02   0.0
      g_cvt_1__cvt_col_bf16 (bf16_to_fp32_dw_380) 9.61e-05 1.59e-04    0.107 3.62e-04   0.0
      g_cvt_1__cvt_row_bf16 (bf16_to_fp32_dw_381) 5.37e-05 1.11e-04    0.107 2.72e-04   0.0
      g_cvt_1__cvt_col_fp16 (fp16_to_fp32_dw_380) 8.72e-04 5.49e-04    0.321 1.74e-03   0.0
      g_cvt_1__cvt_row_fp16 (fp16_to_fp32_dw_381) 5.56e-04 4.10e-04    0.317 1.28e-03   0.0
      g_cvt_0__pipe_cvt (VX_pipe_register_1_191) 2.77e-03 1.29e-02    0.602 1.63e-02   0.0
        g_shift_register (VX_shift_register_64_0_1_0_191) 2.77e-03 1.29e-02    0.602 1.63e-02   0.0
      g_cvt_0__cvt_col_bf16 (bf16_to_fp32_dw_382) 8.05e-05 1.56e-04    0.107 3.43e-04   0.0
      g_cvt_0__cvt_row_bf16 (bf16_to_fp32_dw_383) 6.00e-05 1.11e-04    0.107 2.78e-04   0.0
      g_cvt_0__cvt_col_fp16 (fp16_to_fp32_dw_382) 8.91e-04 5.44e-04    0.321 1.76e-03   0.0
      g_cvt_0__cvt_row_fp16 (fp16_to_fp32_dw_383) 5.59e-04 4.11e-04    0.317 1.29e-03   0.0
    g_i_2__g_j_0____buffer_ex (VX_pipe_register_64) 1.93e-02 9.54e-02    4.369    0.119   0.1
      g_shift_register (VX_shift_register_582_0_1_0_55) 1.93e-02 9.54e-02    4.369    0.119   0.1
    g_i_1__g_j_3__fedp (VX_tcu_fedp_dw_24)    0.554    2.269  175.000    2.999   2.1
      pipe_acc (VX_pipe_register_3_192) 2.11e-02    0.123    5.249    0.149   0.1
        g_shift_register (VX_shift_register_32_0_11_0_192) 2.11e-02    0.123    5.249    0.149   0.1
      pipe_c (VX_pipe_register_4_24)   6.06e-02    0.432   20.139    0.513   0.4
        g_shift_register (VX_shift_register_32_0_42_0_24) 6.06e-02    0.432   20.139    0.513   0.4
      g_red_tree_2__g_add_0__pipe_red (VX_pipe_register_3_193) 2.34e-02    0.119    5.201    0.147   0.1
        g_shift_register (VX_shift_register_32_0_11_0_193) 2.34e-02    0.119    5.201    0.147   0.1
      g_red_tree_1__g_add_1__pipe_red (VX_pipe_register_3_194) 1.99e-02    0.118    5.197    0.143   0.1
        g_shift_register (VX_shift_register_32_0_11_0_194) 1.99e-02    0.118    5.197    0.143   0.1
      g_red_tree_1__g_add_0__pipe_red (VX_pipe_register_3_195) 1.65e-02    0.114    5.186    0.136   0.1
        g_shift_register (VX_shift_register_32_0_11_0_195) 1.65e-02    0.114    5.186    0.136   0.1
      g_red_tree_0__g_add_3__pipe_red (VX_pipe_register_3_196) 1.80e-02    0.113    5.184    0.136   0.1
        g_shift_register (VX_shift_register_32_0_11_0_196) 1.80e-02    0.113    5.184    0.136   0.1
      g_red_tree_0__g_add_2__pipe_red (VX_pipe_register_3_197) 2.11e-02    0.116    5.195    0.143   0.1
        g_shift_register (VX_shift_register_32_0_11_0_197) 2.11e-02    0.116    5.195    0.143   0.1
      g_red_tree_0__g_add_1__pipe_red (VX_pipe_register_3_198) 2.31e-02    0.115    5.192    0.144   0.1
        g_shift_register (VX_shift_register_32_0_11_0_198) 2.31e-02    0.115    5.192    0.144   0.1
      g_red_tree_0__g_add_0__pipe_red (VX_pipe_register_3_199) 2.19e-02    0.116    5.193    0.143   0.1
        g_shift_register (VX_shift_register_32_0_11_0_199) 2.19e-02    0.116    5.193    0.143   0.1
      g_prod_7__pipe_mult (VX_pipe_register_2_192) 1.10e-02 7.98e-02    3.767 9.46e-02   0.1
        g_shift_register (VX_shift_register_32_0_8_0_192) 1.10e-02 7.98e-02    3.767 9.46e-02   0.1
      g_prod_6__pipe_mult (VX_pipe_register_2_193) 1.11e-02 8.00e-02    3.767 9.49e-02   0.1
        g_shift_register (VX_shift_register_32_0_8_0_193) 1.11e-02 8.00e-02    3.767 9.49e-02   0.1
      g_prod_5__pipe_mult (VX_pipe_register_2_194) 1.28e-02 8.23e-02    3.774 9.88e-02   0.1
        g_shift_register (VX_shift_register_32_0_8_0_194) 1.28e-02 8.23e-02    3.774 9.88e-02   0.1
      g_prod_4__pipe_mult (VX_pipe_register_2_195) 1.24e-02 8.19e-02    3.773 9.81e-02   0.1
        g_shift_register (VX_shift_register_32_0_8_0_195) 1.24e-02 8.19e-02    3.773 9.81e-02   0.1
      g_prod_3__pipe_mult (VX_pipe_register_2_196) 1.24e-02 8.04e-02    3.769 9.66e-02   0.1
        g_shift_register (VX_shift_register_32_0_8_0_196) 1.24e-02 8.04e-02    3.769 9.66e-02   0.1
      g_prod_2__pipe_mult (VX_pipe_register_2_197) 1.24e-02 8.06e-02    3.769 9.67e-02   0.1
        g_shift_register (VX_shift_register_32_0_8_0_197) 1.24e-02 8.06e-02    3.769 9.67e-02   0.1
      g_prod_1__pipe_mult (VX_pipe_register_2_198) 1.20e-02 8.04e-02    3.769 9.62e-02   0.1
        g_shift_register (VX_shift_register_32_0_8_0_198) 1.20e-02 8.04e-02    3.769 9.62e-02   0.1
      g_prod_0__pipe_mult (VX_pipe_register_2_199) 1.15e-02 8.06e-02    3.769 9.59e-02   0.1
        g_shift_register (VX_shift_register_32_0_8_0_199) 1.15e-02 8.06e-02    3.769 9.59e-02   0.1
      g_cvt_7__pipe_cvt (VX_pipe_register_1_192) 2.75e-03 1.30e-02    0.608 1.63e-02   0.0
        g_shift_register (VX_shift_register_64_0_1_0_192) 2.70e-03 1.29e-02    0.602 1.62e-02   0.0
      g_cvt_7__cvt_col_bf16 (bf16_to_fp32_dw_384) 7.72e-05 1.55e-04    0.107 3.40e-04   0.0
      g_cvt_7__cvt_row_bf16 (bf16_to_fp32_dw_385) 6.07e-05 1.10e-04    0.107 2.78e-04   0.0
      g_cvt_7__cvt_col_fp16 (fp16_to_fp32_dw_384) 7.16e-04 5.40e-04    0.317 1.57e-03   0.0
      g_cvt_7__cvt_row_fp16 (fp16_to_fp32_dw_385) 5.60e-04 4.09e-04    0.317 1.29e-03   0.0
      g_cvt_6__pipe_cvt (VX_pipe_register_1_193) 2.78e-03 1.29e-02    0.602 1.63e-02   0.0
        g_shift_register (VX_shift_register_64_0_1_0_193) 2.78e-03 1.29e-02    0.602 1.63e-02   0.0
      g_cvt_6__cvt_col_bf16 (bf16_to_fp32_dw_386) 7.65e-05 1.56e-04    0.107 3.40e-04   0.0
      g_cvt_6__cvt_row_bf16 (bf16_to_fp32_dw_387) 4.71e-05 1.09e-04    0.107 2.64e-04   0.0
      g_cvt_6__cvt_col_fp16 (fp16_to_fp32_dw_386) 7.16e-04 5.43e-04    0.317 1.58e-03   0.0
      g_cvt_6__cvt_row_fp16 (fp16_to_fp32_dw_387) 5.57e-04 4.07e-04    0.317 1.28e-03   0.0
      g_cvt_5__pipe_cvt (VX_pipe_register_1_194) 2.77e-03 1.30e-02    0.614 1.63e-02   0.0
        g_shift_register (VX_shift_register_64_0_1_0_194) 2.64e-03 1.29e-02    0.602 1.62e-02   0.0
      g_cvt_5__cvt_col_bf16 (bf16_to_fp32_dw_388) 7.58e-05 1.56e-04    0.107 3.39e-04   0.0
      g_cvt_5__cvt_row_bf16 (bf16_to_fp32_dw_389) 5.38e-05 1.10e-04    0.107 2.71e-04   0.0
      g_cvt_5__cvt_col_fp16 (fp16_to_fp32_dw_388) 7.20e-04 5.40e-04    0.317 1.58e-03   0.0
      g_cvt_5__cvt_row_fp16 (fp16_to_fp32_dw_389) 5.46e-04 4.09e-04    0.317 1.27e-03   0.0
      g_cvt_4__pipe_cvt (VX_pipe_register_1_195) 2.59e-03 1.29e-02    0.602 1.61e-02   0.0
        g_shift_register (VX_shift_register_64_0_1_0_195) 2.59e-03 1.29e-02    0.602 1.61e-02   0.0
      g_cvt_4__cvt_col_bf16 (bf16_to_fp32_dw_390) 8.30e-05 1.55e-04    0.107 3.45e-04   0.0
      g_cvt_4__cvt_row_bf16 (bf16_to_fp32_dw_391) 5.96e-05 1.10e-04    0.107 2.77e-04   0.0
      g_cvt_4__cvt_col_fp16 (fp16_to_fp32_dw_390) 7.05e-04 5.37e-04    0.317 1.56e-03   0.0
      g_cvt_4__cvt_row_fp16 (fp16_to_fp32_dw_391) 5.56e-04 4.14e-04    0.317 1.29e-03   0.0
      g_cvt_3__pipe_cvt (VX_pipe_register_1_196) 2.75e-03 1.30e-02    0.608 1.63e-02   0.0
        g_shift_register (VX_shift_register_64_0_1_0_196) 2.70e-03 1.29e-02    0.602 1.62e-02   0.0
      g_cvt_3__cvt_col_bf16 (bf16_to_fp32_dw_392) 1.11e-04 1.55e-04    0.107 3.73e-04   0.0
      g_cvt_3__cvt_row_bf16 (bf16_to_fp32_dw_393) 6.26e-05 1.11e-04    0.107 2.80e-04   0.0
      g_cvt_3__cvt_col_fp16 (fp16_to_fp32_dw_392) 7.25e-04 5.40e-04    0.317 1.58e-03   0.0
      g_cvt_3__cvt_row_fp16 (fp16_to_fp32_dw_393) 5.62e-04 4.04e-04    0.317 1.28e-03   0.0
      g_cvt_2__pipe_cvt (VX_pipe_register_1_197) 2.73e-03 1.30e-02    0.608 1.63e-02   0.0
        g_shift_register (VX_shift_register_64_0_1_0_197) 2.68e-03 1.29e-02    0.602 1.62e-02   0.0
      g_cvt_2__cvt_col_bf16 (bf16_to_fp32_dw_394) 7.10e-05 1.55e-04    0.107 3.33e-04   0.0
      g_cvt_2__cvt_row_bf16 (bf16_to_fp32_dw_395) 4.99e-05 1.10e-04    0.107 2.67e-04   0.0
      g_cvt_2__cvt_col_fp16 (fp16_to_fp32_dw_394) 7.07e-04 5.40e-04    0.317 1.56e-03   0.0
      g_cvt_2__cvt_row_fp16 (fp16_to_fp32_dw_395) 5.58e-04 4.12e-04    0.317 1.29e-03   0.0
      g_cvt_1__pipe_cvt (VX_pipe_register_1_198) 2.74e-03 1.29e-02    0.602 1.63e-02   0.0
        g_shift_register (VX_shift_register_64_0_1_0_198) 2.74e-03 1.29e-02    0.602 1.63e-02   0.0
      g_cvt_1__cvt_col_bf16 (bf16_to_fp32_dw_396) 7.88e-05 1.55e-04    0.107 3.41e-04   0.0
      g_cvt_1__cvt_row_bf16 (bf16_to_fp32_dw_397) 6.48e-05 1.10e-04    0.107 2.82e-04   0.0
      g_cvt_1__cvt_col_fp16 (fp16_to_fp32_dw_396) 7.06e-04 5.39e-04    0.317 1.56e-03   0.0
      g_cvt_1__cvt_row_fp16 (fp16_to_fp32_dw_397) 5.80e-04 4.08e-04    0.317 1.30e-03   0.0
      g_cvt_0__pipe_cvt (VX_pipe_register_1_199) 2.76e-03 1.30e-02    0.608 1.63e-02   0.0
        g_shift_register (VX_shift_register_64_0_1_0_199) 2.71e-03 1.29e-02    0.602 1.63e-02   0.0
      g_cvt_0__cvt_col_bf16 (bf16_to_fp32_dw_398) 7.63e-05 1.55e-04    0.107 3.38e-04   0.0
      g_cvt_0__cvt_row_bf16 (bf16_to_fp32_dw_399) 5.32e-05 1.10e-04    0.107 2.71e-04   0.0
      g_cvt_0__cvt_col_fp16 (fp16_to_fp32_dw_398) 7.21e-04 5.41e-04    0.317 1.58e-03   0.0
      g_cvt_0__cvt_row_fp16 (fp16_to_fp32_dw_399) 5.84e-04 4.07e-04    0.317 1.31e-03   0.0
    g_i_1__g_j_3____buffer_ex (VX_pipe_register_65) 1.66e-02 9.54e-02    4.369    0.116   0.1
      g_shift_register (VX_shift_register_582_0_1_0_56) 1.66e-02 9.54e-02    4.369    0.116   0.1
    g_i_1__g_j_2__fedp (VX_tcu_fedp_dw_25)    0.546    2.264  174.586    2.984   2.1
      pipe_acc (VX_pipe_register_3_200) 1.99e-02    0.122    5.250    0.148   0.1
        g_shift_register (VX_shift_register_32_0_11_0_200) 1.99e-02    0.122    5.250    0.148   0.1
      pipe_c (VX_pipe_register_4_25)   6.02e-02    0.432   20.140    0.513   0.4
        g_shift_register (VX_shift_register_32_0_42_0_25) 6.02e-02    0.432   20.140    0.513   0.4
      g_red_tree_2__g_add_0__pipe_red (VX_pipe_register_3_201) 2.37e-02    0.118    5.199    0.147   0.1
        g_shift_register (VX_shift_register_32_0_11_0_201) 2.37e-02    0.118    5.199    0.147   0.1
      g_red_tree_1__g_add_1__pipe_red (VX_pipe_register_3_202) 2.10e-02    0.117    5.195    0.143   0.1
        g_shift_register (VX_shift_register_32_0_11_0_202) 2.10e-02    0.117    5.195    0.143   0.1
      g_red_tree_1__g_add_0__pipe_red (VX_pipe_register_3_203) 1.69e-02    0.114    5.186    0.136   0.1
        g_shift_register (VX_shift_register_32_0_11_0_203) 1.69e-02    0.114    5.186    0.136   0.1
      g_red_tree_0__g_add_3__pipe_red (VX_pipe_register_3_204) 1.89e-02    0.113    5.184    0.137   0.1
        g_shift_register (VX_shift_register_32_0_11_0_204) 1.89e-02    0.113    5.184    0.137   0.1
      g_red_tree_0__g_add_2__pipe_red (VX_pipe_register_3_205) 2.14e-02    0.116    5.195    0.143   0.1
        g_shift_register (VX_shift_register_32_0_11_0_205) 2.14e-02    0.116    5.195    0.143   0.1
      g_red_tree_0__g_add_1__pipe_red (VX_pipe_register_3_206) 2.31e-02    0.115    5.192    0.144   0.1
        g_shift_register (VX_shift_register_32_0_11_0_206) 2.31e-02    0.115    5.192    0.144   0.1
      g_red_tree_0__g_add_0__pipe_red (VX_pipe_register_3_207) 2.23e-02    0.116    5.192    0.143   0.1
        g_shift_register (VX_shift_register_32_0_11_0_207) 2.23e-02    0.116    5.192    0.143   0.1
      g_prod_7__pipe_mult (VX_pipe_register_2_200) 1.19e-02 7.98e-02    3.767 9.55e-02   0.1
        g_shift_register (VX_shift_register_32_0_8_0_200) 1.19e-02 7.98e-02    3.767 9.55e-02   0.1
      g_prod_6__pipe_mult (VX_pipe_register_2_201) 1.20e-02 8.00e-02    3.767 9.57e-02   0.1
        g_shift_register (VX_shift_register_32_0_8_0_201) 1.20e-02 8.00e-02    3.767 9.57e-02   0.1
      g_prod_5__pipe_mult (VX_pipe_register_2_202) 1.35e-02 8.22e-02    3.774 9.95e-02   0.1
        g_shift_register (VX_shift_register_32_0_8_0_202) 1.35e-02 8.22e-02    3.774 9.95e-02   0.1
      g_prod_4__pipe_mult (VX_pipe_register_2_203) 1.34e-02 8.19e-02    3.773 9.91e-02   0.1
        g_shift_register (VX_shift_register_32_0_8_0_203) 1.34e-02 8.19e-02    3.773 9.91e-02   0.1
      g_prod_3__pipe_mult (VX_pipe_register_2_204) 1.25e-02 8.05e-02    3.769 9.68e-02   0.1
        g_shift_register (VX_shift_register_32_0_8_0_204) 1.25e-02 8.05e-02    3.769 9.68e-02   0.1
      g_prod_2__pipe_mult (VX_pipe_register_2_205) 1.24e-02 8.05e-02    3.769 9.67e-02   0.1
        g_shift_register (VX_shift_register_32_0_8_0_205) 1.24e-02 8.05e-02    3.769 9.67e-02   0.1
      g_prod_1__pipe_mult (VX_pipe_register_2_206) 1.20e-02 8.04e-02    3.769 9.62e-02   0.1
        g_shift_register (VX_shift_register_32_0_8_0_206) 1.20e-02 8.04e-02    3.769 9.62e-02   0.1
      g_prod_0__pipe_mult (VX_pipe_register_2_207) 1.17e-02 8.06e-02    3.769 9.61e-02   0.1
        g_shift_register (VX_shift_register_32_0_8_0_207) 1.17e-02 8.06e-02    3.769 9.61e-02   0.1
      g_cvt_7__pipe_cvt (VX_pipe_register_1_200) 2.72e-03 1.29e-02    0.614 1.63e-02   0.0
        g_shift_register (VX_shift_register_64_0_1_0_200) 2.64e-03 1.29e-02    0.602 1.62e-02   0.0
      g_cvt_7__cvt_col_bf16 (bf16_to_fp32_dw_400) 8.34e-05 1.55e-04    0.107 3.46e-04   0.0
      g_cvt_7__cvt_row_bf16 (bf16_to_fp32_dw_401) 4.88e-05 1.11e-04    0.107 2.67e-04   0.0
      g_cvt_7__cvt_col_fp16 (fp16_to_fp32_dw_400) 7.31e-04 5.39e-04    0.317 1.59e-03   0.0
      g_cvt_7__cvt_row_fp16 (fp16_to_fp32_dw_401) 5.56e-04 4.08e-04    0.317 1.28e-03   0.0
      g_cvt_6__pipe_cvt (VX_pipe_register_1_201) 2.73e-03 1.29e-02    0.608 1.63e-02   0.0
        g_shift_register (VX_shift_register_64_0_1_0_201) 2.69e-03 1.29e-02    0.602 1.62e-02   0.0
      g_cvt_6__cvt_col_bf16 (bf16_to_fp32_dw_402) 7.20e-05 1.54e-04    0.107 3.33e-04   0.0
      g_cvt_6__cvt_row_bf16 (bf16_to_fp32_dw_403) 5.37e-05 1.09e-04    0.107 2.70e-04   0.0
      g_cvt_6__cvt_col_fp16 (fp16_to_fp32_dw_402) 7.20e-04 5.40e-04    0.317 1.58e-03   0.0
      g_cvt_6__cvt_row_fp16 (fp16_to_fp32_dw_403) 5.75e-04 4.07e-04    0.317 1.30e-03   0.0
      g_cvt_5__pipe_cvt (VX_pipe_register_1_202) 2.75e-03 1.29e-02    0.608 1.63e-02   0.0
        g_shift_register (VX_shift_register_64_0_1_0_202) 2.68e-03 1.29e-02    0.602 1.62e-02   0.0
      g_cvt_5__cvt_col_bf16 (bf16_to_fp32_dw_404) 6.99e-05 1.55e-04    0.107 3.32e-04   0.0
      g_cvt_5__cvt_row_bf16 (bf16_to_fp32_dw_405) 5.59e-05 1.10e-04    0.107 2.73e-04   0.0
      g_cvt_5__cvt_col_fp16 (fp16_to_fp32_dw_404) 7.16e-04 5.42e-04    0.317 1.57e-03   0.0
      g_cvt_5__cvt_row_fp16 (fp16_to_fp32_dw_405) 5.59e-04 4.11e-04    0.317 1.29e-03   0.0
      g_cvt_4__pipe_cvt (VX_pipe_register_1_203) 2.58e-03 1.29e-02    0.602 1.61e-02   0.0
        g_shift_register (VX_shift_register_64_0_1_0_203) 2.58e-03 1.29e-02    0.602 1.61e-02   0.0
      g_cvt_4__cvt_col_bf16 (bf16_to_fp32_dw_406) 8.08e-05 1.55e-04    0.107 3.43e-04   0.0
      g_cvt_4__cvt_row_bf16 (bf16_to_fp32_dw_407) 4.67e-05 1.10e-04    0.107 2.64e-04   0.0
      g_cvt_4__cvt_col_fp16 (fp16_to_fp32_dw_406) 7.13e-04 5.39e-04    0.317 1.57e-03   0.0
      g_cvt_4__cvt_row_fp16 (fp16_to_fp32_dw_407) 5.87e-04 4.13e-04    0.317 1.32e-03   0.0
      g_cvt_3__pipe_cvt (VX_pipe_register_1_204) 2.71e-03 1.30e-02    0.621 1.63e-02   0.0
        g_shift_register (VX_shift_register_64_0_1_0_204) 2.57e-03 1.29e-02    0.602 1.61e-02   0.0
      g_cvt_3__cvt_col_bf16 (bf16_to_fp32_dw_408) 7.65e-05 1.55e-04    0.107 3.39e-04   0.0
      g_cvt_3__cvt_row_bf16 (bf16_to_fp32_dw_409) 4.76e-05 1.10e-04    0.107 2.65e-04   0.0
      g_cvt_3__cvt_col_fp16 (fp16_to_fp32_dw_408) 7.07e-04 5.36e-04    0.317 1.56e-03   0.0
      g_cvt_3__cvt_row_fp16 (fp16_to_fp32_dw_409) 5.50e-04 4.05e-04    0.317 1.27e-03   0.0
      g_cvt_2__pipe_cvt (VX_pipe_register_1_205) 2.70e-03 1.30e-02    0.620 1.63e-02   0.0
        g_shift_register (VX_shift_register_64_0_1_0_205) 2.59e-03 1.29e-02    0.602 1.61e-02   0.0
      g_cvt_2__cvt_col_bf16 (bf16_to_fp32_dw_410) 7.15e-05 1.55e-04    0.107 3.33e-04   0.0
      g_cvt_2__cvt_row_bf16 (bf16_to_fp32_dw_411) 5.30e-05 1.10e-04    0.107 2.71e-04   0.0
      g_cvt_2__cvt_col_fp16 (fp16_to_fp32_dw_410) 7.23e-04 5.40e-04    0.317 1.58e-03   0.0
      g_cvt_2__cvt_row_fp16 (fp16_to_fp32_dw_411) 5.59e-04 4.10e-04    0.317 1.29e-03   0.0
      g_cvt_1__pipe_cvt (VX_pipe_register_1_206) 2.77e-03 1.29e-02    0.608 1.63e-02   0.0
        g_shift_register (VX_shift_register_64_0_1_0_206) 2.73e-03 1.29e-02    0.602 1.63e-02   0.0
      g_cvt_1__cvt_col_bf16 (bf16_to_fp32_dw_412) 7.58e-05 1.55e-04    0.107 3.38e-04   0.0
      g_cvt_1__cvt_row_bf16 (bf16_to_fp32_dw_413) 6.80e-05 1.11e-04    0.107 2.86e-04   0.0
      g_cvt_1__cvt_col_fp16 (fp16_to_fp32_dw_412) 7.13e-04 5.40e-04    0.317 1.57e-03   0.0
      g_cvt_1__cvt_row_fp16 (fp16_to_fp32_dw_413) 5.71e-04 4.09e-04    0.316 1.30e-03   0.0
      g_cvt_0__pipe_cvt (VX_pipe_register_1_207) 2.76e-03 1.29e-02    0.608 1.63e-02   0.0
        g_shift_register (VX_shift_register_64_0_1_0_207) 2.70e-03 1.29e-02    0.602 1.62e-02   0.0
      g_cvt_0__cvt_col_bf16 (bf16_to_fp32_dw_414) 8.28e-05 1.55e-04    0.107 3.45e-04   0.0
      g_cvt_0__cvt_row_bf16 (bf16_to_fp32_dw_415) 5.56e-05 1.11e-04    0.107 2.74e-04   0.0
      g_cvt_0__cvt_col_fp16 (fp16_to_fp32_dw_414) 7.23e-04 5.37e-04    0.317 1.58e-03   0.0
      g_cvt_0__cvt_row_fp16 (fp16_to_fp32_dw_415) 5.84e-04 4.10e-04    0.317 1.31e-03   0.0
    g_i_1__g_j_2____buffer_ex (VX_pipe_register_66) 1.72e-02 9.54e-02    4.369    0.117   0.1
      g_shift_register (VX_shift_register_582_0_1_0_57) 1.72e-02 9.54e-02    4.369    0.117   0.1
    g_i_1__g_j_1__fedp (VX_tcu_fedp_dw_26)    0.567    2.268  174.908    3.010   2.2
      pipe_acc (VX_pipe_register_3_208) 1.98e-02    0.122    5.249    0.147   0.1
        g_shift_register (VX_shift_register_32_0_11_0_208) 1.98e-02    0.122    5.249    0.147   0.1
      pipe_c (VX_pipe_register_4_26)   6.06e-02    0.432   20.147    0.513   0.4
        g_shift_register (VX_shift_register_32_0_42_0_26) 6.06e-02    0.432   20.147    0.513   0.4
      g_red_tree_2__g_add_0__pipe_red (VX_pipe_register_3_209) 2.68e-02    0.119    5.199    0.151   0.1
        g_shift_register (VX_shift_register_32_0_11_0_209) 2.68e-02    0.119    5.199    0.151   0.1
      g_red_tree_1__g_add_1__pipe_red (VX_pipe_register_3_210) 2.03e-02    0.117    5.194    0.142   0.1
        g_shift_register (VX_shift_register_32_0_11_0_210) 2.03e-02    0.117    5.194    0.142   0.1
      g_red_tree_1__g_add_0__pipe_red (VX_pipe_register_3_211) 1.75e-02    0.114    5.187    0.137   0.1
        g_shift_register (VX_shift_register_32_0_11_0_211) 1.75e-02    0.114    5.187    0.137   0.1
      g_red_tree_0__g_add_3__pipe_red (VX_pipe_register_3_212) 1.75e-02    0.113    5.184    0.136   0.1
        g_shift_register (VX_shift_register_32_0_11_0_212) 1.75e-02    0.113    5.184    0.136   0.1
      g_red_tree_0__g_add_2__pipe_red (VX_pipe_register_3_213) 2.23e-02    0.116    5.193    0.143   0.1
        g_shift_register (VX_shift_register_32_0_11_0_213) 2.23e-02    0.116    5.193    0.143   0.1
      g_red_tree_0__g_add_1__pipe_red (VX_pipe_register_3_214) 3.05e-02    0.116    5.193    0.151   0.1
        g_shift_register (VX_shift_register_32_0_11_0_214) 3.05e-02    0.116    5.193    0.151   0.1
      g_red_tree_0__g_add_0__pipe_red (VX_pipe_register_3_215) 2.57e-02    0.116    5.193    0.147   0.1
        g_shift_register (VX_shift_register_32_0_11_0_215) 2.57e-02    0.116    5.193    0.147   0.1
      g_prod_7__pipe_mult (VX_pipe_register_2_208) 1.11e-02 7.98e-02    3.767 9.46e-02   0.1
        g_shift_register (VX_shift_register_32_0_8_0_208) 1.11e-02 7.98e-02    3.767 9.46e-02   0.1
      g_prod_6__pipe_mult (VX_pipe_register_2_209) 1.12e-02 8.00e-02    3.767 9.50e-02   0.1
        g_shift_register (VX_shift_register_32_0_8_0_209) 1.12e-02 8.00e-02    3.767 9.50e-02   0.1
      g_prod_5__pipe_mult (VX_pipe_register_2_210) 1.18e-02 8.22e-02    3.774 9.78e-02   0.1
        g_shift_register (VX_shift_register_32_0_8_0_210) 1.18e-02 8.22e-02    3.774 9.78e-02   0.1
      g_prod_4__pipe_mult (VX_pipe_register_2_211) 1.20e-02 8.18e-02    3.773 9.76e-02   0.1
        g_shift_register (VX_shift_register_32_0_8_0_211) 1.20e-02 8.18e-02    3.773 9.76e-02   0.1
      g_prod_3__pipe_mult (VX_pipe_register_2_212) 1.15e-02 8.04e-02    3.769 9.57e-02   0.1
        g_shift_register (VX_shift_register_32_0_8_0_212) 1.15e-02 8.04e-02    3.769 9.57e-02   0.1
      g_prod_2__pipe_mult (VX_pipe_register_2_213) 1.12e-02 8.06e-02    3.769 9.55e-02   0.1
        g_shift_register (VX_shift_register_32_0_8_0_213) 1.12e-02 8.06e-02    3.769 9.55e-02   0.1
      g_prod_1__pipe_mult (VX_pipe_register_2_214) 1.20e-02 8.04e-02    3.769 9.61e-02   0.1
        g_shift_register (VX_shift_register_32_0_8_0_214) 1.20e-02 8.04e-02    3.769 9.61e-02   0.1
      g_prod_0__pipe_mult (VX_pipe_register_2_215) 1.13e-02 8.06e-02    3.769 9.57e-02   0.1
        g_shift_register (VX_shift_register_32_0_8_0_215) 1.13e-02 8.06e-02    3.769 9.57e-02   0.1
      g_cvt_7__pipe_cvt (VX_pipe_register_1_208) 2.83e-03 1.29e-02    0.602 1.64e-02   0.0
        g_shift_register (VX_shift_register_64_0_1_0_208) 2.83e-03 1.29e-02    0.602 1.64e-02   0.0
      g_cvt_7__cvt_col_bf16 (bf16_to_fp32_dw_416) 6.71e-05 1.55e-04    0.107 3.29e-04   0.0
      g_cvt_7__cvt_row_bf16 (bf16_to_fp32_dw_417) 6.01e-05 1.12e-04    0.107 2.79e-04   0.0
      g_cvt_7__cvt_col_fp16 (fp16_to_fp32_dw_416) 7.09e-04 5.34e-04    0.317 1.56e-03   0.0
      g_cvt_7__cvt_row_fp16 (fp16_to_fp32_dw_417) 5.68e-04 4.08e-04    0.317 1.29e-03   0.0
      g_cvt_6__pipe_cvt (VX_pipe_register_1_209) 2.82e-03 1.29e-02    0.602 1.64e-02   0.0
        g_shift_register (VX_shift_register_64_0_1_0_209) 2.82e-03 1.29e-02    0.602 1.64e-02   0.0
      g_cvt_6__cvt_col_bf16 (bf16_to_fp32_dw_418) 7.08e-05 1.55e-04    0.107 3.33e-04   0.0
      g_cvt_6__cvt_row_bf16 (bf16_to_fp32_dw_419) 6.10e-05 1.09e-04    0.107 2.78e-04   0.0
      g_cvt_6__cvt_col_fp16 (fp16_to_fp32_dw_418) 7.12e-04 5.39e-04    0.317 1.57e-03   0.0
      g_cvt_6__cvt_row_fp16 (fp16_to_fp32_dw_419) 5.60e-04 4.08e-04    0.317 1.28e-03   0.0
      g_cvt_5__pipe_cvt (VX_pipe_register_1_210) 2.77e-03 1.29e-02    0.602 1.63e-02   0.0
        g_shift_register (VX_shift_register_64_0_1_0_210) 2.77e-03 1.29e-02    0.602 1.63e-02   0.0
      g_cvt_5__cvt_col_bf16 (bf16_to_fp32_dw_420) 1.02e-04 1.56e-04    0.107 3.65e-04   0.0
      g_cvt_5__cvt_row_bf16 (bf16_to_fp32_dw_421) 5.15e-05 1.10e-04    0.107 2.69e-04   0.0
      g_cvt_5__cvt_col_fp16 (fp16_to_fp32_dw_420) 7.22e-04 5.41e-04    0.317 1.58e-03   0.0
      g_cvt_5__cvt_row_fp16 (fp16_to_fp32_dw_421) 5.56e-04 4.06e-04    0.317 1.28e-03   0.0
      g_cvt_4__pipe_cvt (VX_pipe_register_1_211) 2.64e-03 1.29e-02    0.602 1.62e-02   0.0
        g_shift_register (VX_shift_register_64_0_1_0_211) 2.64e-03 1.29e-02    0.602 1.62e-02   0.0
      g_cvt_4__cvt_col_bf16 (bf16_to_fp32_dw_422) 8.02e-05 1.54e-04    0.107 3.42e-04   0.0
      g_cvt_4__cvt_row_bf16 (bf16_to_fp32_dw_423) 5.20e-05 1.10e-04    0.107 2.70e-04   0.0
      g_cvt_4__cvt_col_fp16 (fp16_to_fp32_dw_422) 7.26e-04 5.36e-04    0.317 1.58e-03   0.0
      g_cvt_4__cvt_row_fp16 (fp16_to_fp32_dw_423) 5.57e-04 4.13e-04    0.317 1.29e-03   0.0
      g_cvt_3__pipe_cvt (VX_pipe_register_1_212) 2.72e-03 1.30e-02    0.621 1.63e-02   0.0
        g_shift_register (VX_shift_register_64_0_1_0_212) 2.55e-03 1.29e-02    0.602 1.61e-02   0.0
      g_cvt_3__cvt_col_bf16 (bf16_to_fp32_dw_424) 8.17e-05 1.55e-04    0.107 3.44e-04   0.0
      g_cvt_3__cvt_row_bf16 (bf16_to_fp32_dw_425) 5.19e-05 1.10e-04    0.107 2.69e-04   0.0
      g_cvt_3__cvt_col_fp16 (fp16_to_fp32_dw_424) 7.06e-04 5.36e-04    0.317 1.56e-03   0.0
      g_cvt_3__cvt_row_fp16 (fp16_to_fp32_dw_425) 5.49e-04 4.04e-04    0.317 1.27e-03   0.0
      g_cvt_2__pipe_cvt (VX_pipe_register_1_213) 2.72e-03 1.29e-02    0.608 1.63e-02   0.0
        g_shift_register (VX_shift_register_64_0_1_0_213) 2.65e-03 1.29e-02    0.602 1.62e-02   0.0
      g_cvt_2__cvt_col_bf16 (bf16_to_fp32_dw_426) 7.58e-05 1.55e-04    0.107 3.38e-04   0.0
      g_cvt_2__cvt_row_bf16 (bf16_to_fp32_dw_427) 5.51e-05 1.11e-04    0.107 2.73e-04   0.0
      g_cvt_2__cvt_col_fp16 (fp16_to_fp32_dw_426) 7.20e-04 5.40e-04    0.319 1.58e-03   0.0
      g_cvt_2__cvt_row_fp16 (fp16_to_fp32_dw_427) 5.56e-04 4.12e-04    0.317 1.28e-03   0.0
      g_cvt_1__pipe_cvt (VX_pipe_register_1_214) 2.75e-03 1.29e-02    0.602 1.63e-02   0.0
        g_shift_register (VX_shift_register_64_0_1_0_214) 2.75e-03 1.29e-02    0.602 1.63e-02   0.0
      g_cvt_1__cvt_col_bf16 (bf16_to_fp32_dw_428) 7.58e-05 1.54e-04    0.107 3.37e-04   0.0
      g_cvt_1__cvt_row_bf16 (bf16_to_fp32_dw_429) 4.91e-05 1.10e-04    0.107 2.66e-04   0.0
      g_cvt_1__cvt_col_fp16 (fp16_to_fp32_dw_428) 7.21e-04 5.37e-04    0.317 1.58e-03   0.0
      g_cvt_1__cvt_row_fp16 (fp16_to_fp32_dw_429) 5.33e-04 4.07e-04    0.317 1.26e-03   0.0
      g_cvt_0__pipe_cvt (VX_pipe_register_1_215) 2.72e-03 1.29e-02    0.608 1.63e-02   0.0
        g_shift_register (VX_shift_register_64_0_1_0_215) 2.72e-03 1.29e-02    0.602 1.63e-02   0.0
      g_cvt_0__cvt_col_bf16 (bf16_to_fp32_dw_430) 9.50e-05 1.55e-04    0.107 3.58e-04   0.0
      g_cvt_0__cvt_row_bf16 (bf16_to_fp32_dw_431) 5.65e-05 1.11e-04    0.107 2.75e-04   0.0
      g_cvt_0__cvt_col_fp16 (fp16_to_fp32_dw_430) 7.28e-04 5.40e-04    0.317 1.58e-03   0.0
      g_cvt_0__cvt_row_fp16 (fp16_to_fp32_dw_431) 5.68e-04 4.08e-04    0.317 1.29e-03   0.0
    g_i_1__g_j_1____buffer_ex (VX_pipe_register_67) 1.66e-02 9.53e-02    4.369    0.116   0.1
      g_shift_register (VX_shift_register_582_0_1_0_58) 1.66e-02 9.53e-02    4.369    0.116   0.1
    g_i_1__g_j_0__fedp (VX_tcu_fedp_dw_27)    0.571    2.271  175.158    3.017   2.2
      pipe_acc (VX_pipe_register_3_216) 2.14e-02    0.123    5.250    0.149   0.1
        g_shift_register (VX_shift_register_32_0_11_0_216) 2.14e-02    0.123    5.250    0.149   0.1
      pipe_c (VX_pipe_register_4_27)   6.08e-02    0.432   20.145    0.513   0.4
        g_shift_register (VX_shift_register_32_0_42_0_27) 6.08e-02    0.432   20.145    0.513   0.4
      g_red_tree_2__g_add_0__pipe_red (VX_pipe_register_3_217) 2.58e-02    0.119    5.202    0.150   0.1
        g_shift_register (VX_shift_register_32_0_11_0_217) 2.58e-02    0.119    5.202    0.150   0.1
      g_red_tree_1__g_add_1__pipe_red (VX_pipe_register_3_218) 2.13e-02    0.118    5.196    0.144   0.1
        g_shift_register (VX_shift_register_32_0_11_0_218) 2.13e-02    0.118    5.196    0.144   0.1
      g_red_tree_1__g_add_0__pipe_red (VX_pipe_register_3_219) 1.72e-02    0.115    5.189    0.137   0.1
        g_shift_register (VX_shift_register_32_0_11_0_219) 1.72e-02    0.115    5.189    0.137   0.1
      g_red_tree_0__g_add_3__pipe_red (VX_pipe_register_3_220) 1.89e-02    0.113    5.184    0.137   0.1
        g_shift_register (VX_shift_register_32_0_11_0_220) 1.89e-02    0.113    5.184    0.137   0.1
      g_red_tree_0__g_add_2__pipe_red (VX_pipe_register_3_221) 1.92e-02    0.116    5.195    0.141   0.1
        g_shift_register (VX_shift_register_32_0_11_0_221) 1.92e-02    0.116    5.195    0.141   0.1
      g_red_tree_0__g_add_1__pipe_red (VX_pipe_register_3_222) 2.09e-02    0.116    5.193    0.142   0.1
        g_shift_register (VX_shift_register_32_0_11_0_222) 2.09e-02    0.116    5.193    0.142   0.1
      g_red_tree_0__g_add_0__pipe_red (VX_pipe_register_3_223) 2.42e-02    0.116    5.192    0.145   0.1
        g_shift_register (VX_shift_register_32_0_11_0_223) 2.42e-02    0.116    5.192    0.145   0.1
      g_prod_7__pipe_mult (VX_pipe_register_2_216) 1.11e-02 7.98e-02    3.767 9.47e-02   0.1
        g_shift_register (VX_shift_register_32_0_8_0_216) 1.11e-02 7.98e-02    3.767 9.47e-02   0.1
      g_prod_6__pipe_mult (VX_pipe_register_2_217) 1.12e-02 8.00e-02    3.767 9.50e-02   0.1
        g_shift_register (VX_shift_register_32_0_8_0_217) 1.12e-02 8.00e-02    3.767 9.50e-02   0.1
      g_prod_5__pipe_mult (VX_pipe_register_2_218) 1.20e-02 8.22e-02    3.774 9.81e-02   0.1
        g_shift_register (VX_shift_register_32_0_8_0_218) 1.20e-02 8.22e-02    3.774 9.81e-02   0.1
      g_prod_4__pipe_mult (VX_pipe_register_2_219) 1.23e-02 8.19e-02    3.773 9.79e-02   0.1
        g_shift_register (VX_shift_register_32_0_8_0_219) 1.23e-02 8.19e-02    3.773 9.79e-02   0.1
      g_prod_3__pipe_mult (VX_pipe_register_2_220) 1.18e-02 8.04e-02    3.769 9.60e-02   0.1
        g_shift_register (VX_shift_register_32_0_8_0_220) 1.18e-02 8.04e-02    3.769 9.60e-02   0.1
      g_prod_2__pipe_mult (VX_pipe_register_2_221) 1.20e-02 8.05e-02    3.769 9.63e-02   0.1
        g_shift_register (VX_shift_register_32_0_8_0_221) 1.20e-02 8.05e-02    3.769 9.63e-02   0.1
      g_prod_1__pipe_mult (VX_pipe_register_2_222) 1.20e-02 8.04e-02    3.769 9.61e-02   0.1
        g_shift_register (VX_shift_register_32_0_8_0_222) 1.20e-02 8.04e-02    3.769 9.61e-02   0.1
      g_prod_0__pipe_mult (VX_pipe_register_2_223) 1.19e-02 8.06e-02    3.769 9.63e-02   0.1
        g_shift_register (VX_shift_register_32_0_8_0_223) 1.19e-02 8.06e-02    3.769 9.63e-02   0.1
      g_cvt_7__pipe_cvt (VX_pipe_register_1_216) 2.76e-03 1.29e-02    0.608 1.63e-02   0.0
        g_shift_register (VX_shift_register_64_0_1_0_216) 2.70e-03 1.29e-02    0.602 1.62e-02   0.0
      g_cvt_7__cvt_col_bf16 (bf16_to_fp32_dw_432) 8.53e-05 1.55e-04    0.107 3.47e-04   0.0
      g_cvt_7__cvt_row_bf16 (bf16_to_fp32_dw_433) 6.16e-05 1.10e-04    0.107 2.79e-04   0.0
      g_cvt_7__cvt_col_fp16 (fp16_to_fp32_dw_432) 7.04e-04 5.42e-04    0.317 1.56e-03   0.0
      g_cvt_7__cvt_row_fp16 (fp16_to_fp32_dw_433) 5.71e-04 4.09e-04    0.317 1.30e-03   0.0
      g_cvt_6__pipe_cvt (VX_pipe_register_1_217) 2.75e-03 1.29e-02    0.608 1.63e-02   0.0
        g_shift_register (VX_shift_register_64_0_1_0_217) 2.73e-03 1.29e-02    0.602 1.63e-02   0.0
      g_cvt_6__cvt_col_bf16 (bf16_to_fp32_dw_434) 7.29e-05 1.55e-04    0.107 3.36e-04   0.0
      g_cvt_6__cvt_row_bf16 (bf16_to_fp32_dw_435) 5.95e-05 1.09e-04    0.107 2.76e-04   0.0
      g_cvt_6__cvt_col_fp16 (fp16_to_fp32_dw_434) 7.21e-04 5.38e-04    0.317 1.58e-03   0.0
      g_cvt_6__cvt_row_fp16 (fp16_to_fp32_dw_435) 5.66e-04 4.07e-04    0.317 1.29e-03   0.0
      g_cvt_5__pipe_cvt (VX_pipe_register_1_218) 2.81e-03 1.29e-02    0.608 1.64e-02   0.0
        g_shift_register (VX_shift_register_64_0_1_0_218) 2.74e-03 1.29e-02    0.602 1.63e-02   0.0
      g_cvt_5__cvt_col_bf16 (bf16_to_fp32_dw_436) 7.33e-05 1.54e-04    0.107 3.35e-04   0.0
      g_cvt_5__cvt_row_bf16 (bf16_to_fp32_dw_437) 6.00e-05 1.13e-04    0.107 2.80e-04   0.0
      g_cvt_5__cvt_col_fp16 (fp16_to_fp32_dw_436) 6.99e-04 5.40e-04    0.317 1.56e-03   0.0
      g_cvt_5__cvt_row_fp16 (fp16_to_fp32_dw_437) 5.79e-04 4.14e-04    0.317 1.31e-03   0.0
      g_cvt_4__pipe_cvt (VX_pipe_register_1_219) 2.70e-03 1.29e-02    0.602 1.62e-02   0.0
        g_shift_register (VX_shift_register_64_0_1_0_219) 2.70e-03 1.29e-02    0.602 1.62e-02   0.0
      g_cvt_4__cvt_col_bf16 (bf16_to_fp32_dw_438) 7.05e-05 1.54e-04    0.107 3.32e-04   0.0
      g_cvt_4__cvt_row_bf16 (bf16_to_fp32_dw_439) 5.63e-05 1.15e-04    0.107 2.79e-04   0.0
      g_cvt_4__cvt_col_fp16 (fp16_to_fp32_dw_438) 7.31e-04 5.43e-04    0.317 1.59e-03   0.0
      g_cvt_4__cvt_row_fp16 (fp16_to_fp32_dw_439) 6.81e-04 4.28e-04    0.326 1.43e-03   0.0
      g_cvt_3__pipe_cvt (VX_pipe_register_1_220) 2.81e-03 1.29e-02    0.602 1.64e-02   0.0
        g_shift_register (VX_shift_register_64_0_1_0_220) 2.81e-03 1.29e-02    0.602 1.64e-02   0.0
      g_cvt_3__cvt_col_bf16 (bf16_to_fp32_dw_440) 6.94e-05 1.55e-04    0.107 3.31e-04   0.0
      g_cvt_3__cvt_row_bf16 (bf16_to_fp32_dw_441) 5.83e-05 1.13e-04    0.107 2.79e-04   0.0
      g_cvt_3__cvt_col_fp16 (fp16_to_fp32_dw_440) 7.97e-04 5.46e-04    0.320 1.66e-03   0.0
      g_cvt_3__cvt_row_fp16 (fp16_to_fp32_dw_441) 6.80e-04 4.18e-04    0.325 1.42e-03   0.0
      g_cvt_2__pipe_cvt (VX_pipe_register_1_221) 2.79e-03 1.29e-02    0.602 1.63e-02   0.0
        g_shift_register (VX_shift_register_64_0_1_0_221) 2.79e-03 1.29e-02    0.602 1.63e-02   0.0
      g_cvt_2__cvt_col_bf16 (bf16_to_fp32_dw_442) 7.95e-05 1.57e-04    0.107 3.44e-04   0.0
      g_cvt_2__cvt_row_bf16 (bf16_to_fp32_dw_443) 5.58e-05 1.14e-04    0.107 2.77e-04   0.0
      g_cvt_2__cvt_col_fp16 (fp16_to_fp32_dw_442) 7.62e-04 5.44e-04    0.319 1.62e-03   0.0
      g_cvt_2__cvt_row_fp16 (fp16_to_fp32_dw_443) 6.59e-04 4.18e-04    0.319 1.40e-03   0.0
      g_cvt_1__pipe_cvt (VX_pipe_register_1_222) 2.99e-03 1.29e-02    0.602 1.65e-02   0.0
        g_shift_register (VX_shift_register_64_0_1_0_222) 2.99e-03 1.29e-02    0.602 1.65e-02   0.0
      g_cvt_1__cvt_col_bf16 (bf16_to_fp32_dw_444) 6.78e-05 1.55e-04    0.107 3.30e-04   0.0
      g_cvt_1__cvt_row_bf16 (bf16_to_fp32_dw_445) 5.13e-05 1.10e-04    0.107 2.69e-04   0.0
      g_cvt_1__cvt_col_fp16 (fp16_to_fp32_dw_444) 7.70e-04 5.44e-04    0.320 1.63e-03   0.0
      g_cvt_1__cvt_row_fp16 (fp16_to_fp32_dw_445) 6.29e-04 4.12e-04    0.320 1.36e-03   0.0
      g_cvt_0__pipe_cvt (VX_pipe_register_1_223) 2.82e-03 1.29e-02    0.602 1.64e-02   0.0
        g_shift_register (VX_shift_register_64_0_1_0_223) 2.82e-03 1.29e-02    0.602 1.64e-02   0.0
      g_cvt_0__cvt_col_bf16 (bf16_to_fp32_dw_446) 8.11e-05 1.55e-04    0.107 3.43e-04   0.0
      g_cvt_0__cvt_row_bf16 (bf16_to_fp32_dw_447) 6.97e-05 1.14e-04    0.107 2.91e-04   0.0
      g_cvt_0__cvt_col_fp16 (fp16_to_fp32_dw_446) 7.34e-04 5.35e-04    0.317 1.59e-03   0.0
      g_cvt_0__cvt_row_fp16 (fp16_to_fp32_dw_447) 6.85e-04 4.16e-04    0.321 1.42e-03   0.0
    g_i_1__g_j_0____buffer_ex (VX_pipe_register_68) 1.96e-02 9.54e-02    4.369    0.119   0.1
      g_shift_register (VX_shift_register_582_0_1_0_59) 1.96e-02 9.54e-02    4.369    0.119   0.1
    g_i_0__g_j_3__fedp (VX_tcu_fedp_dw_28)    0.568    2.270  175.076    3.013   2.2
      pipe_acc (VX_pipe_register_3_224) 2.43e-02    0.123    5.247    0.153   0.1
        g_shift_register (VX_shift_register_32_0_11_0_224) 2.43e-02    0.123    5.247    0.153   0.1
      pipe_c (VX_pipe_register_4_28)   6.17e-02    0.432   20.145    0.514   0.4
        g_shift_register (VX_shift_register_32_0_42_0_28) 6.17e-02    0.432   20.145    0.514   0.4
      g_red_tree_2__g_add_0__pipe_red (VX_pipe_register_3_225) 2.84e-02    0.119    5.202    0.153   0.1
        g_shift_register (VX_shift_register_32_0_11_0_225) 2.84e-02    0.119    5.202    0.153   0.1
      g_red_tree_1__g_add_1__pipe_red (VX_pipe_register_3_226) 1.82e-02    0.117    5.195    0.141   0.1
        g_shift_register (VX_shift_register_32_0_11_0_226) 1.82e-02    0.117    5.195    0.141   0.1
      g_red_tree_1__g_add_0__pipe_red (VX_pipe_register_3_227) 1.66e-02    0.114    5.187    0.136   0.1
        g_shift_register (VX_shift_register_32_0_11_0_227) 1.66e-02    0.114    5.187    0.136   0.1
      g_red_tree_0__g_add_3__pipe_red (VX_pipe_register_3_228) 1.97e-02    0.113    5.185    0.138   0.1
        g_shift_register (VX_shift_register_32_0_11_0_228) 1.97e-02    0.113    5.185    0.138   0.1
      g_red_tree_0__g_add_2__pipe_red (VX_pipe_register_3_229) 2.43e-02    0.116    5.195    0.146   0.1
        g_shift_register (VX_shift_register_32_0_11_0_229) 2.43e-02    0.116    5.195    0.146   0.1
      g_red_tree_0__g_add_1__pipe_red (VX_pipe_register_3_230) 2.22e-02    0.116    5.194    0.143   0.1
        g_shift_register (VX_shift_register_32_0_11_0_230) 2.22e-02    0.116    5.194    0.143   0.1
      g_red_tree_0__g_add_0__pipe_red (VX_pipe_register_3_231) 2.02e-02    0.116    5.192    0.141   0.1
        g_shift_register (VX_shift_register_32_0_11_0_231) 2.02e-02    0.116    5.192    0.141   0.1
      g_prod_7__pipe_mult (VX_pipe_register_2_224) 1.14e-02 7.97e-02    3.767 9.49e-02   0.1
        g_shift_register (VX_shift_register_32_0_8_0_224) 1.14e-02 7.97e-02    3.767 9.49e-02   0.1
      g_prod_6__pipe_mult (VX_pipe_register_2_225) 1.16e-02 8.00e-02    3.767 9.53e-02   0.1
        g_shift_register (VX_shift_register_32_0_8_0_225) 1.16e-02 8.00e-02    3.767 9.53e-02   0.1
      g_prod_5__pipe_mult (VX_pipe_register_2_226) 1.31e-02 8.21e-02    3.774 9.90e-02   0.1
        g_shift_register (VX_shift_register_32_0_8_0_226) 1.31e-02 8.21e-02    3.774 9.90e-02   0.1
      g_prod_4__pipe_mult (VX_pipe_register_2_227) 1.26e-02 8.18e-02    3.773 9.82e-02   0.1
        g_shift_register (VX_shift_register_32_0_8_0_227) 1.26e-02 8.18e-02    3.773 9.82e-02   0.1
      g_prod_3__pipe_mult (VX_pipe_register_2_228) 1.19e-02 8.04e-02    3.769 9.61e-02   0.1
        g_shift_register (VX_shift_register_32_0_8_0_228) 1.19e-02 8.04e-02    3.769 9.61e-02   0.1
      g_prod_2__pipe_mult (VX_pipe_register_2_229) 1.19e-02 8.05e-02    3.769 9.62e-02   0.1
        g_shift_register (VX_shift_register_32_0_8_0_229) 1.19e-02 8.05e-02    3.769 9.62e-02   0.1
      g_prod_1__pipe_mult (VX_pipe_register_2_230) 1.22e-02 8.05e-02    3.769 9.64e-02   0.1
        g_shift_register (VX_shift_register_32_0_8_0_230) 1.22e-02 8.05e-02    3.769 9.64e-02   0.1
      g_prod_0__pipe_mult (VX_pipe_register_2_231) 1.18e-02 8.07e-02    3.769 9.63e-02   0.1
        g_shift_register (VX_shift_register_32_0_8_0_231) 1.18e-02 8.07e-02    3.769 9.63e-02   0.1
      g_cvt_7__pipe_cvt (VX_pipe_register_1_224) 2.73e-03 1.29e-02    0.608 1.63e-02   0.0
        g_shift_register (VX_shift_register_64_0_1_0_224) 2.67e-03 1.29e-02    0.602 1.62e-02   0.0
      g_cvt_7__cvt_col_bf16 (bf16_to_fp32_dw_448) 9.00e-05 1.56e-04    0.107 3.53e-04   0.0
      g_cvt_7__cvt_row_bf16 (bf16_to_fp32_dw_449) 5.08e-05 1.10e-04    0.107 2.68e-04   0.0
      g_cvt_7__cvt_col_fp16 (fp16_to_fp32_dw_448) 7.38e-04 5.42e-04    0.317 1.60e-03   0.0
      g_cvt_7__cvt_row_fp16 (fp16_to_fp32_dw_449) 5.44e-04 4.10e-04    0.317 1.27e-03   0.0
      g_cvt_6__pipe_cvt (VX_pipe_register_1_225) 2.74e-03 1.30e-02    0.614 1.63e-02   0.0
        g_shift_register (VX_shift_register_64_0_1_0_225) 2.65e-03 1.29e-02    0.602 1.62e-02   0.0
      g_cvt_6__cvt_col_bf16 (bf16_to_fp32_dw_450) 6.62e-05 1.55e-04    0.107 3.29e-04   0.0
      g_cvt_6__cvt_row_bf16 (bf16_to_fp32_dw_451) 4.78e-05 1.10e-04    0.107 2.65e-04   0.0
      g_cvt_6__cvt_col_fp16 (fp16_to_fp32_dw_450) 7.21e-04 5.42e-04    0.317 1.58e-03   0.0
      g_cvt_6__cvt_row_fp16 (fp16_to_fp32_dw_451) 5.53e-04 4.11e-04    0.317 1.28e-03   0.0
      g_cvt_5__pipe_cvt (VX_pipe_register_1_226) 2.77e-03 1.29e-02    0.602 1.63e-02   0.0
        g_shift_register (VX_shift_register_64_0_1_0_226) 2.77e-03 1.29e-02    0.602 1.63e-02   0.0
      g_cvt_5__cvt_col_bf16 (bf16_to_fp32_dw_452) 6.79e-05 1.56e-04    0.107 3.31e-04   0.0
      g_cvt_5__cvt_row_bf16 (bf16_to_fp32_dw_453) 5.13e-05 1.09e-04    0.107 2.68e-04   0.0
      g_cvt_5__cvt_col_fp16 (fp16_to_fp32_dw_452) 6.99e-04 5.39e-04    0.317 1.55e-03   0.0
      g_cvt_5__cvt_row_fp16 (fp16_to_fp32_dw_453) 5.86e-04 4.10e-04    0.318 1.31e-03   0.0
      g_cvt_4__pipe_cvt (VX_pipe_register_1_227) 2.62e-03 1.29e-02    0.614 1.62e-02   0.0
        g_shift_register (VX_shift_register_64_0_1_0_227) 2.57e-03 1.29e-02    0.602 1.61e-02   0.0
      g_cvt_4__cvt_col_bf16 (bf16_to_fp32_dw_454) 6.98e-05 1.54e-04    0.107 3.32e-04   0.0
      g_cvt_4__cvt_row_bf16 (bf16_to_fp32_dw_455) 5.24e-05 1.11e-04    0.107 2.71e-04   0.0
      g_cvt_4__cvt_col_fp16 (fp16_to_fp32_dw_454) 7.05e-04 5.34e-04    0.317 1.56e-03   0.0
      g_cvt_4__cvt_row_fp16 (fp16_to_fp32_dw_455) 5.69e-04 4.10e-04    0.317 1.30e-03   0.0
      g_cvt_3__pipe_cvt (VX_pipe_register_1_228) 2.74e-03 1.29e-02    0.602 1.63e-02   0.0
        g_shift_register (VX_shift_register_64_0_1_0_228) 2.74e-03 1.29e-02    0.602 1.63e-02   0.0
      g_cvt_3__cvt_col_bf16 (bf16_to_fp32_dw_456) 8.73e-05 1.55e-04    0.107 3.49e-04   0.0
      g_cvt_3__cvt_row_bf16 (bf16_to_fp32_dw_457) 6.61e-05 1.11e-04    0.107 2.84e-04   0.0
      g_cvt_3__cvt_col_fp16 (fp16_to_fp32_dw_456) 7.35e-04 5.40e-04    0.317 1.59e-03   0.0
      g_cvt_3__cvt_row_fp16 (fp16_to_fp32_dw_457) 5.77e-04 4.11e-04    0.317 1.31e-03   0.0
      g_cvt_2__pipe_cvt (VX_pipe_register_1_229) 2.71e-03 1.29e-02    0.602 1.63e-02   0.0
        g_shift_register (VX_shift_register_64_0_1_0_229) 2.71e-03 1.29e-02    0.602 1.63e-02   0.0
      g_cvt_2__cvt_col_bf16 (bf16_to_fp32_dw_458) 6.97e-05 1.55e-04    0.107 3.32e-04   0.0
      g_cvt_2__cvt_row_bf16 (bf16_to_fp32_dw_459) 5.21e-05 1.10e-04    0.107 2.70e-04   0.0
      g_cvt_2__cvt_col_fp16 (fp16_to_fp32_dw_458) 7.49e-04 5.40e-04    0.319 1.61e-03   0.0
      g_cvt_2__cvt_row_fp16 (fp16_to_fp32_dw_459) 5.57e-04 4.10e-04    0.317 1.28e-03   0.0
      g_cvt_1__pipe_cvt (VX_pipe_register_1_230) 2.76e-03 1.29e-02    0.602 1.63e-02   0.0
        g_shift_register (VX_shift_register_64_0_1_0_230) 2.76e-03 1.29e-02    0.602 1.63e-02   0.0
      g_cvt_1__cvt_col_bf16 (bf16_to_fp32_dw_460) 7.43e-05 1.55e-04    0.107 3.36e-04   0.0
      g_cvt_1__cvt_row_bf16 (bf16_to_fp32_dw_461) 6.25e-05 1.09e-04    0.107 2.79e-04   0.0
      g_cvt_1__cvt_col_fp16 (fp16_to_fp32_dw_460) 7.67e-04 5.40e-04    0.317 1.62e-03   0.0
      g_cvt_1__cvt_row_fp16 (fp16_to_fp32_dw_461) 6.08e-04 4.11e-04    0.320 1.34e-03   0.0
      g_cvt_0__pipe_cvt (VX_pipe_register_1_231) 2.78e-03 1.29e-02    0.608 1.63e-02   0.0
        g_shift_register (VX_shift_register_64_0_1_0_231) 2.76e-03 1.29e-02    0.602 1.63e-02   0.0
      g_cvt_0__cvt_col_bf16 (bf16_to_fp32_dw_462) 8.00e-05 1.55e-04    0.107 3.42e-04   0.0
      g_cvt_0__cvt_row_bf16 (bf16_to_fp32_dw_463) 6.03e-05 1.10e-04    0.107 2.78e-04   0.0
      g_cvt_0__cvt_col_fp16 (fp16_to_fp32_dw_462) 7.13e-04 5.39e-04    0.317 1.57e-03   0.0
      g_cvt_0__cvt_row_fp16 (fp16_to_fp32_dw_463) 5.91e-04 4.11e-04    0.317 1.32e-03   0.0
    g_i_0__g_j_3____buffer_ex (VX_pipe_register_69) 1.69e-02 9.54e-02    4.369    0.117   0.1
      g_shift_register (VX_shift_register_582_0_1_0_60) 1.69e-02 9.54e-02    4.369    0.117   0.1
    g_i_0__g_j_2__fedp (VX_tcu_fedp_dw_29)    0.553    2.263  174.553    2.991   2.1
      pipe_acc (VX_pipe_register_3_232) 2.30e-02    0.122    5.249    0.151   0.1
        g_shift_register (VX_shift_register_32_0_11_0_232) 2.30e-02    0.122    5.249    0.151   0.1
      pipe_c (VX_pipe_register_4_29)   6.19e-02    0.433   20.151    0.515   0.4
        g_shift_register (VX_shift_register_32_0_42_0_29) 6.19e-02    0.433   20.143    0.515   0.4
      g_red_tree_2__g_add_0__pipe_red (VX_pipe_register_3_233) 2.32e-02    0.117    5.197    0.146   0.1
        g_shift_register (VX_shift_register_32_0_11_0_233) 2.32e-02    0.117    5.197    0.146   0.1
      g_red_tree_1__g_add_1__pipe_red (VX_pipe_register_3_234) 1.98e-02    0.117    5.193    0.142   0.1
        g_shift_register (VX_shift_register_32_0_11_0_234) 1.98e-02    0.117    5.193    0.142   0.1
      g_red_tree_1__g_add_0__pipe_red (VX_pipe_register_3_235) 1.75e-02    0.114    5.186    0.136   0.1
        g_shift_register (VX_shift_register_32_0_11_0_235) 1.75e-02    0.114    5.186    0.136   0.1
      g_red_tree_0__g_add_3__pipe_red (VX_pipe_register_3_236) 1.94e-02    0.113    5.184    0.137   0.1
        g_shift_register (VX_shift_register_32_0_11_0_236) 1.94e-02    0.113    5.184    0.137   0.1
      g_red_tree_0__g_add_2__pipe_red (VX_pipe_register_3_237) 2.49e-02    0.116    5.195    0.146   0.1
        g_shift_register (VX_shift_register_32_0_11_0_237) 2.49e-02    0.116    5.195    0.146   0.1
      g_red_tree_0__g_add_1__pipe_red (VX_pipe_register_3_238) 2.41e-02    0.116    5.193    0.145   0.1
        g_shift_register (VX_shift_register_32_0_11_0_238) 2.41e-02    0.116    5.193    0.145   0.1
      g_red_tree_0__g_add_0__pipe_red (VX_pipe_register_3_239) 2.41e-02    0.116    5.193    0.145   0.1
        g_shift_register (VX_shift_register_32_0_11_0_239) 2.41e-02    0.116    5.193    0.145   0.1
      g_prod_7__pipe_mult (VX_pipe_register_2_232) 1.15e-02 7.98e-02    3.767 9.51e-02   0.1
        g_shift_register (VX_shift_register_32_0_8_0_232) 1.15e-02 7.98e-02    3.767 9.51e-02   0.1
      g_prod_6__pipe_mult (VX_pipe_register_2_233) 1.17e-02 8.00e-02    3.767 9.55e-02   0.1
        g_shift_register (VX_shift_register_32_0_8_0_233) 1.17e-02 8.00e-02    3.767 9.55e-02   0.1
      g_prod_5__pipe_mult (VX_pipe_register_2_234) 1.38e-02 8.23e-02    3.774 9.98e-02   0.1
        g_shift_register (VX_shift_register_32_0_8_0_234) 1.38e-02 8.23e-02    3.774 9.98e-02   0.1
      g_prod_4__pipe_mult (VX_pipe_register_2_235) 1.31e-02 8.18e-02    3.773 9.87e-02   0.1
        g_shift_register (VX_shift_register_32_0_8_0_235) 1.31e-02 8.18e-02    3.773 9.87e-02   0.1
      g_prod_3__pipe_mult (VX_pipe_register_2_236) 1.23e-02 8.04e-02    3.769 9.64e-02   0.1
        g_shift_register (VX_shift_register_32_0_8_0_236) 1.23e-02 8.04e-02    3.769 9.64e-02   0.1
      g_prod_2__pipe_mult (VX_pipe_register_2_237) 1.21e-02 8.05e-02    3.769 9.64e-02   0.1
        g_shift_register (VX_shift_register_32_0_8_0_237) 1.21e-02 8.05e-02    3.769 9.64e-02   0.1
      g_prod_1__pipe_mult (VX_pipe_register_2_238) 1.21e-02 8.05e-02    3.769 9.64e-02   0.1
        g_shift_register (VX_shift_register_32_0_8_0_238) 1.21e-02 8.05e-02    3.769 9.64e-02   0.1
      g_prod_0__pipe_mult (VX_pipe_register_2_239) 1.24e-02 8.06e-02    3.769 9.68e-02   0.1
        g_shift_register (VX_shift_register_32_0_8_0_239) 1.24e-02 8.06e-02    3.769 9.68e-02   0.1
      g_cvt_7__pipe_cvt (VX_pipe_register_1_232) 2.74e-03 1.29e-02    0.608 1.63e-02   0.0
        g_shift_register (VX_shift_register_64_0_1_0_232) 2.71e-03 1.29e-02    0.602 1.63e-02   0.0
      g_cvt_7__cvt_col_bf16 (bf16_to_fp32_dw_464) 8.73e-05 1.56e-04    0.107 3.50e-04   0.0
      g_cvt_7__cvt_row_bf16 (bf16_to_fp32_dw_465) 5.03e-05 1.12e-04    0.107 2.70e-04   0.0
      g_cvt_7__cvt_col_fp16 (fp16_to_fp32_dw_464) 7.10e-04 5.36e-04    0.317 1.56e-03   0.0
      g_cvt_7__cvt_row_fp16 (fp16_to_fp32_dw_465) 5.61e-04 4.09e-04    0.316 1.29e-03   0.0
      g_cvt_6__pipe_cvt (VX_pipe_register_1_233) 2.74e-03 1.29e-02    0.608 1.63e-02   0.0
        g_shift_register (VX_shift_register_64_0_1_0_233) 2.68e-03 1.29e-02    0.602 1.62e-02   0.0
      g_cvt_6__cvt_col_bf16 (bf16_to_fp32_dw_466) 7.91e-05 1.54e-04    0.107 3.40e-04   0.0
      g_cvt_6__cvt_row_bf16 (bf16_to_fp32_dw_467) 4.88e-05 1.11e-04    0.107 2.67e-04   0.0
      g_cvt_6__cvt_col_fp16 (fp16_to_fp32_dw_466) 7.14e-04 5.40e-04    0.317 1.57e-03   0.0
      g_cvt_6__cvt_row_fp16 (fp16_to_fp32_dw_467) 5.76e-04 4.13e-04    0.317 1.31e-03   0.0
      g_cvt_5__pipe_cvt (VX_pipe_register_1_234) 2.73e-03 1.29e-02    0.608 1.63e-02   0.0
        g_shift_register (VX_shift_register_64_0_1_0_234) 2.71e-03 1.29e-02    0.602 1.62e-02   0.0
      g_cvt_5__cvt_col_bf16 (bf16_to_fp32_dw_468) 7.56e-05 1.55e-04    0.107 3.38e-04   0.0
      g_cvt_5__cvt_row_bf16 (bf16_to_fp32_dw_469) 5.33e-05 1.09e-04    0.107 2.70e-04   0.0
      g_cvt_5__cvt_col_fp16 (fp16_to_fp32_dw_468) 7.22e-04 5.40e-04    0.317 1.58e-03   0.0
      g_cvt_5__cvt_row_fp16 (fp16_to_fp32_dw_469) 5.81e-04 4.10e-04    0.317 1.31e-03   0.0
      g_cvt_4__pipe_cvt (VX_pipe_register_1_235) 2.57e-03 1.30e-02    0.614 1.61e-02   0.0
        g_shift_register (VX_shift_register_64_0_1_0_235) 2.48e-03 1.29e-02    0.602 1.60e-02   0.0
      g_cvt_4__cvt_col_bf16 (bf16_to_fp32_dw_470) 9.78e-05 1.55e-04    0.107 3.60e-04   0.0
      g_cvt_4__cvt_row_bf16 (bf16_to_fp32_dw_471) 5.15e-05 1.11e-04    0.107 2.70e-04   0.0
      g_cvt_4__cvt_col_fp16 (fp16_to_fp32_dw_470) 7.27e-04 5.39e-04    0.317 1.58e-03   0.0
      g_cvt_4__cvt_row_fp16 (fp16_to_fp32_dw_471) 5.58e-04 4.10e-04    0.317 1.28e-03   0.0
      g_cvt_3__pipe_cvt (VX_pipe_register_1_236) 2.75e-03 1.30e-02    0.633 1.63e-02   0.0
        g_shift_register (VX_shift_register_64_0_1_0_236) 2.63e-03 1.29e-02    0.602 1.62e-02   0.0
      g_cvt_3__cvt_col_bf16 (bf16_to_fp32_dw_472) 6.57e-05 1.55e-04    0.107 3.28e-04   0.0
      g_cvt_3__cvt_row_bf16 (bf16_to_fp32_dw_473) 5.50e-05 1.12e-04    0.107 2.75e-04   0.0
      g_cvt_3__cvt_col_fp16 (fp16_to_fp32_dw_472) 6.87e-04 5.37e-04    0.317 1.54e-03   0.0
      g_cvt_3__cvt_row_fp16 (fp16_to_fp32_dw_473) 5.80e-04 4.13e-04    0.317 1.31e-03   0.0
      g_cvt_2__pipe_cvt (VX_pipe_register_1_237) 2.70e-03 1.30e-02    0.658 1.64e-02   0.0
        g_shift_register (VX_shift_register_64_0_1_0_237) 2.28e-03 1.29e-02    0.602 1.58e-02   0.0
      g_cvt_2__cvt_col_bf16 (bf16_to_fp32_dw_474) 7.33e-05 1.55e-04    0.107 3.35e-04   0.0
      g_cvt_2__cvt_row_bf16 (bf16_to_fp32_dw_475) 4.86e-05 1.12e-04    0.107 2.68e-04   0.0
      g_cvt_2__cvt_col_fp16 (fp16_to_fp32_dw_474) 7.25e-04 5.41e-04    0.317 1.58e-03   0.0
      g_cvt_2__cvt_row_fp16 (fp16_to_fp32_dw_475) 5.79e-04 4.11e-04    0.316 1.31e-03   0.0
      g_cvt_1__pipe_cvt (VX_pipe_register_1_238) 2.74e-03 1.29e-02    0.602 1.63e-02   0.0
        g_shift_register (VX_shift_register_64_0_1_0_238) 2.74e-03 1.29e-02    0.602 1.63e-02   0.0
      g_cvt_1__cvt_col_bf16 (bf16_to_fp32_dw_476) 7.35e-05 1.55e-04    0.107 3.35e-04   0.0
      g_cvt_1__cvt_row_bf16 (bf16_to_fp32_dw_477) 5.51e-05 1.09e-04    0.107 2.72e-04   0.0
      g_cvt_1__cvt_col_fp16 (fp16_to_fp32_dw_476) 7.23e-04 5.42e-04    0.317 1.58e-03   0.0
      g_cvt_1__cvt_row_fp16 (fp16_to_fp32_dw_477) 5.55e-04 4.06e-04    0.317 1.28e-03   0.0
      g_cvt_0__pipe_cvt (VX_pipe_register_1_239) 2.75e-03 1.30e-02    0.614 1.63e-02   0.0
        g_shift_register (VX_shift_register_64_0_1_0_239) 2.65e-03 1.29e-02    0.602 1.62e-02   0.0
      g_cvt_0__cvt_col_bf16 (bf16_to_fp32_dw_478) 7.26e-05 1.55e-04    0.107 3.35e-04   0.0
      g_cvt_0__cvt_row_bf16 (bf16_to_fp32_dw_479) 4.63e-05 1.11e-04    0.107 2.64e-04   0.0
      g_cvt_0__cvt_col_fp16 (fp16_to_fp32_dw_478) 7.21e-04 5.38e-04    0.317 1.58e-03   0.0
      g_cvt_0__cvt_row_fp16 (fp16_to_fp32_dw_479) 5.63e-04 4.09e-04    0.317 1.29e-03   0.0
    g_i_0__g_j_2____buffer_ex (VX_pipe_register_70) 1.81e-02 9.54e-02    4.369    0.118   0.1
      g_shift_register (VX_shift_register_582_0_1_0_61) 1.81e-02 9.54e-02    4.369    0.118   0.1
    g_i_0__g_j_1__fedp (VX_tcu_fedp_dw_30)    0.567    2.268  174.744    3.010   2.2
      pipe_acc (VX_pipe_register_3_240) 2.61e-02    0.122    5.249    0.154   0.1
        g_shift_register (VX_shift_register_32_0_11_0_240) 2.61e-02    0.122    5.249    0.154   0.1
      pipe_c (VX_pipe_register_4_30)   6.24e-02    0.432   20.143    0.515   0.4
        g_shift_register (VX_shift_register_32_0_42_0_30) 6.24e-02    0.432   20.143    0.515   0.4
      g_red_tree_2__g_add_0__pipe_red (VX_pipe_register_3_241) 2.03e-02    0.118    5.199    0.144   0.1
        g_shift_register (VX_shift_register_32_0_11_0_241) 2.03e-02    0.118    5.199    0.144   0.1
      g_red_tree_1__g_add_1__pipe_red (VX_pipe_register_3_242) 2.08e-02    0.117    5.194    0.143   0.1
        g_shift_register (VX_shift_register_32_0_11_0_242) 2.08e-02    0.117    5.194    0.143   0.1
      g_red_tree_1__g_add_0__pipe_red (VX_pipe_register_3_243) 1.97e-02    0.114    5.186    0.139   0.1
        g_shift_register (VX_shift_register_32_0_11_0_243) 1.97e-02    0.114    5.186    0.139   0.1
      g_red_tree_0__g_add_3__pipe_red (VX_pipe_register_3_244) 1.78e-02    0.113    5.185    0.136   0.1
        g_shift_register (VX_shift_register_32_0_11_0_244) 1.78e-02    0.113    5.185    0.136   0.1
      g_red_tree_0__g_add_2__pipe_red (VX_pipe_register_3_245) 1.99e-02    0.116    5.194    0.141   0.1
        g_shift_register (VX_shift_register_32_0_11_0_245) 1.99e-02    0.116    5.194    0.141   0.1
      g_red_tree_0__g_add_1__pipe_red (VX_pipe_register_3_246) 2.56e-02    0.115    5.192    0.146   0.1
        g_shift_register (VX_shift_register_32_0_11_0_246) 2.56e-02    0.115    5.192    0.146   0.1
      g_red_tree_0__g_add_0__pipe_red (VX_pipe_register_3_247) 2.86e-02    0.117    5.194    0.150   0.1
        g_shift_register (VX_shift_register_32_0_11_0_247) 2.86e-02    0.117    5.194    0.150   0.1
      g_prod_7__pipe_mult (VX_pipe_register_2_240) 1.10e-02 7.98e-02    3.767 9.45e-02   0.1
        g_shift_register (VX_shift_register_32_0_8_0_240) 1.10e-02 7.98e-02    3.767 9.45e-02   0.1
      g_prod_6__pipe_mult (VX_pipe_register_2_241) 1.12e-02 8.00e-02    3.767 9.50e-02   0.1
        g_shift_register (VX_shift_register_32_0_8_0_241) 1.12e-02 8.00e-02    3.767 9.50e-02   0.1
      g_prod_5__pipe_mult (VX_pipe_register_2_242) 1.18e-02 8.23e-02    3.774 9.79e-02   0.1
        g_shift_register (VX_shift_register_32_0_8_0_242) 1.18e-02 8.23e-02    3.774 9.79e-02   0.1
      g_prod_4__pipe_mult (VX_pipe_register_2_243) 1.21e-02 8.18e-02    3.773 9.77e-02   0.1
        g_shift_register (VX_shift_register_32_0_8_0_243) 1.21e-02 8.18e-02    3.773 9.77e-02   0.1
      g_prod_3__pipe_mult (VX_pipe_register_2_244) 1.13e-02 8.04e-02    3.769 9.55e-02   0.1
        g_shift_register (VX_shift_register_32_0_8_0_244) 1.13e-02 8.04e-02    3.769 9.55e-02   0.1
      g_prod_2__pipe_mult (VX_pipe_register_2_245) 1.15e-02 8.05e-02    3.769 9.58e-02   0.1
        g_shift_register (VX_shift_register_32_0_8_0_245) 1.15e-02 8.05e-02    3.769 9.58e-02   0.1
      g_prod_1__pipe_mult (VX_pipe_register_2_246) 1.14e-02 8.05e-02    3.769 9.56e-02   0.1
        g_shift_register (VX_shift_register_32_0_8_0_246) 1.14e-02 8.05e-02    3.769 9.56e-02   0.1
      g_prod_0__pipe_mult (VX_pipe_register_2_247) 1.14e-02 8.06e-02    3.769 9.58e-02   0.1
        g_shift_register (VX_shift_register_32_0_8_0_247) 1.14e-02 8.06e-02    3.769 9.58e-02   0.1
      g_cvt_7__pipe_cvt (VX_pipe_register_1_240) 2.75e-03 1.29e-02    0.602 1.63e-02   0.0
        g_shift_register (VX_shift_register_64_0_1_0_240) 2.75e-03 1.29e-02    0.602 1.63e-02   0.0
      g_cvt_7__cvt_col_bf16 (bf16_to_fp32_dw_480) 7.00e-05 1.55e-04    0.107 3.32e-04   0.0
      g_cvt_7__cvt_row_bf16 (bf16_to_fp32_dw_481) 5.24e-05 1.10e-04    0.107 2.70e-04   0.0
      g_cvt_7__cvt_col_fp16 (fp16_to_fp32_dw_480) 7.44e-04 5.38e-04    0.317 1.60e-03   0.0
      g_cvt_7__cvt_row_fp16 (fp16_to_fp32_dw_481) 5.58e-04 4.10e-04    0.317 1.28e-03   0.0
      g_cvt_6__pipe_cvt (VX_pipe_register_1_241) 2.74e-03 1.29e-02    0.602 1.63e-02   0.0
        g_shift_register (VX_shift_register_64_0_1_0_241) 2.74e-03 1.29e-02    0.602 1.63e-02   0.0
      g_cvt_6__cvt_col_bf16 (bf16_to_fp32_dw_482) 7.72e-05 1.55e-04    0.107 3.39e-04   0.0
      g_cvt_6__cvt_row_bf16 (bf16_to_fp32_dw_483) 5.16e-05 1.10e-04    0.107 2.69e-04   0.0
      g_cvt_6__cvt_col_fp16 (fp16_to_fp32_dw_482) 7.23e-04 5.36e-04    0.317 1.58e-03   0.0
      g_cvt_6__cvt_row_fp16 (fp16_to_fp32_dw_483) 5.55e-04 4.09e-04    0.317 1.28e-03   0.0
      g_cvt_5__pipe_cvt (VX_pipe_register_1_242) 2.75e-03 1.30e-02    0.614 1.63e-02   0.0
        g_shift_register (VX_shift_register_64_0_1_0_242) 2.64e-03 1.29e-02    0.602 1.62e-02   0.0
      g_cvt_5__cvt_col_bf16 (bf16_to_fp32_dw_484) 7.35e-05 1.59e-04    0.107 3.40e-04   0.0
      g_cvt_5__cvt_row_bf16 (bf16_to_fp32_dw_485) 5.52e-05 1.09e-04    0.107 2.72e-04   0.0
      g_cvt_5__cvt_col_fp16 (fp16_to_fp32_dw_484) 7.47e-04 5.45e-04    0.316 1.61e-03   0.0
      g_cvt_5__cvt_row_fp16 (fp16_to_fp32_dw_485) 5.40e-04 4.08e-04    0.317 1.26e-03   0.0
      g_cvt_4__pipe_cvt (VX_pipe_register_1_243) 2.66e-03 1.29e-02    0.602 1.62e-02   0.0
        g_shift_register (VX_shift_register_64_0_1_0_243) 2.66e-03 1.29e-02    0.602 1.62e-02   0.0
      g_cvt_4__cvt_col_bf16 (bf16_to_fp32_dw_486) 1.05e-04 1.54e-04    0.107 3.67e-04   0.0
      g_cvt_4__cvt_row_bf16 (bf16_to_fp32_dw_487) 4.84e-05 1.11e-04    0.107 2.67e-04   0.0
      g_cvt_4__cvt_col_fp16 (fp16_to_fp32_dw_486) 8.14e-04 5.41e-04    0.320 1.68e-03   0.0
      g_cvt_4__cvt_row_fp16 (fp16_to_fp32_dw_487) 5.39e-04 4.10e-04    0.317 1.27e-03   0.0
      g_cvt_3__pipe_cvt (VX_pipe_register_1_244) 2.76e-03 1.29e-02    0.602 1.63e-02   0.0
        g_shift_register (VX_shift_register_64_0_1_0_244) 2.76e-03 1.29e-02    0.602 1.63e-02   0.0
      g_cvt_3__cvt_col_bf16 (bf16_to_fp32_dw_488) 7.61e-05 1.55e-04    0.107 3.38e-04   0.0
      g_cvt_3__cvt_row_bf16 (bf16_to_fp32_dw_489) 5.91e-05 1.14e-04    0.107 2.81e-04   0.0
      g_cvt_3__cvt_col_fp16 (fp16_to_fp32_dw_488) 7.15e-04 5.39e-04    0.317 1.57e-03   0.0
      g_cvt_3__cvt_row_fp16 (fp16_to_fp32_dw_489) 5.94e-04 4.16e-04    0.317 1.33e-03   0.0
      g_cvt_2__pipe_cvt (VX_pipe_register_1_245) 2.71e-03 1.29e-02    0.602 1.63e-02   0.0
        g_shift_register (VX_shift_register_64_0_1_0_245) 2.71e-03 1.29e-02    0.602 1.63e-02   0.0
      g_cvt_2__cvt_col_bf16 (bf16_to_fp32_dw_490) 7.41e-05 1.55e-04    0.107 3.36e-04   0.0
      g_cvt_2__cvt_row_bf16 (bf16_to_fp32_dw_491) 5.43e-05 1.13e-04    0.107 2.74e-04   0.0
      g_cvt_2__cvt_col_fp16 (fp16_to_fp32_dw_490) 7.26e-04 5.38e-04    0.317 1.58e-03   0.0
      g_cvt_2__cvt_row_fp16 (fp16_to_fp32_dw_491) 5.90e-04 4.10e-04    0.316 1.32e-03   0.0
      g_cvt_1__pipe_cvt (VX_pipe_register_1_246) 2.75e-03 1.29e-02    0.608 1.63e-02   0.0
        g_shift_register (VX_shift_register_64_0_1_0_246) 2.71e-03 1.29e-02    0.602 1.63e-02   0.0
      g_cvt_1__cvt_col_bf16 (bf16_to_fp32_dw_492) 7.22e-05 1.54e-04    0.107 3.33e-04   0.0
      g_cvt_1__cvt_row_bf16 (bf16_to_fp32_dw_493) 5.40e-05 1.14e-04    0.107 2.76e-04   0.0
      g_cvt_1__cvt_col_fp16 (fp16_to_fp32_dw_492) 7.19e-04 5.38e-04    0.317 1.57e-03   0.0
      g_cvt_1__cvt_row_fp16 (fp16_to_fp32_dw_493) 5.52e-04 4.11e-04    0.316 1.28e-03   0.0
      g_cvt_0__pipe_cvt (VX_pipe_register_1_247) 2.78e-03 1.30e-02    0.614 1.64e-02   0.0
        g_shift_register (VX_shift_register_64_0_1_0_247) 2.68e-03 1.29e-02    0.602 1.62e-02   0.0
      g_cvt_0__cvt_col_bf16 (bf16_to_fp32_dw_494) 7.41e-05 1.55e-04    0.107 3.37e-04   0.0
      g_cvt_0__cvt_row_bf16 (bf16_to_fp32_dw_495) 5.29e-05 1.14e-04    0.107 2.75e-04   0.0
      g_cvt_0__cvt_col_fp16 (fp16_to_fp32_dw_494) 6.98e-04 5.41e-04    0.317 1.56e-03   0.0
      g_cvt_0__cvt_row_fp16 (fp16_to_fp32_dw_495) 5.49e-04 4.13e-04    0.316 1.28e-03   0.0
    g_i_0__g_j_1____buffer_ex (VX_pipe_register_71) 1.97e-02 9.54e-02    4.384    0.119   0.1
      g_shift_register (VX_shift_register_582_0_1_0_62) 1.97e-02 9.54e-02    4.384    0.119   0.1
    g_i_0__g_j_0__fedp (VX_tcu_fedp_dw_31)    0.568    2.270  175.208    3.014   2.2
      pipe_acc (VX_pipe_register_3_248) 2.18e-02    0.123    5.248    0.150   0.1
        g_shift_register (VX_shift_register_32_0_11_0_248) 2.18e-02    0.123    5.248    0.150   0.1
      pipe_c (VX_pipe_register_4_31)   6.14e-02    0.432   20.156    0.514   0.4
        g_shift_register (VX_shift_register_32_0_42_0_31) 6.14e-02    0.432   20.149    0.514   0.4
      g_red_tree_2__g_add_0__pipe_red (VX_pipe_register_3_249) 2.71e-02    0.119    5.200    0.151   0.1
        g_shift_register (VX_shift_register_32_0_11_0_249) 2.71e-02    0.119    5.200    0.151   0.1
      g_red_tree_1__g_add_1__pipe_red (VX_pipe_register_3_250) 1.90e-02    0.117    5.194    0.141   0.1
        g_shift_register (VX_shift_register_32_0_11_0_250) 1.90e-02    0.117    5.194    0.141   0.1
      g_red_tree_1__g_add_0__pipe_red (VX_pipe_register_3_251) 1.69e-02    0.115    5.188    0.137   0.1
        g_shift_register (VX_shift_register_32_0_11_0_251) 1.69e-02    0.115    5.188    0.137   0.1
      g_red_tree_0__g_add_3__pipe_red (VX_pipe_register_3_252) 1.81e-02    0.113    5.184    0.136   0.1
        g_shift_register (VX_shift_register_32_0_11_0_252) 1.81e-02    0.113    5.184    0.136   0.1
      g_red_tree_0__g_add_2__pipe_red (VX_pipe_register_3_253) 1.82e-02    0.116    5.194    0.139   0.1
        g_shift_register (VX_shift_register_32_0_11_0_253) 1.82e-02    0.116    5.194    0.139   0.1
      g_red_tree_0__g_add_1__pipe_red (VX_pipe_register_3_254) 1.85e-02    0.115    5.192    0.139   0.1
        g_shift_register (VX_shift_register_32_0_11_0_254) 1.85e-02    0.115    5.192    0.139   0.1
      g_red_tree_0__g_add_0__pipe_red (VX_pipe_register_3_255) 2.90e-02    0.117    5.214    0.151   0.1
        g_shift_register (VX_shift_register_32_0_11_0_255) 2.90e-02    0.117    5.214    0.151   0.1
      g_prod_7__pipe_mult (VX_pipe_register_2_248) 1.11e-02 7.98e-02    3.767 9.46e-02   0.1
        g_shift_register (VX_shift_register_32_0_8_0_248) 1.11e-02 7.98e-02    3.767 9.46e-02   0.1
      g_prod_6__pipe_mult (VX_pipe_register_2_249) 1.13e-02 8.00e-02    3.767 9.51e-02   0.1
        g_shift_register (VX_shift_register_32_0_8_0_249) 1.13e-02 8.00e-02    3.767 9.51e-02   0.1
      g_prod_5__pipe_mult (VX_pipe_register_2_250) 1.20e-02 8.23e-02    3.774 9.81e-02   0.1
        g_shift_register (VX_shift_register_32_0_8_0_250) 1.20e-02 8.23e-02    3.774 9.81e-02   0.1
      g_prod_4__pipe_mult (VX_pipe_register_2_251) 1.20e-02 8.19e-02    3.773 9.76e-02   0.1
        g_shift_register (VX_shift_register_32_0_8_0_251) 1.20e-02 8.19e-02    3.773 9.76e-02   0.1
      g_prod_3__pipe_mult (VX_pipe_register_2_252) 1.19e-02 8.05e-02    3.769 9.62e-02   0.1
        g_shift_register (VX_shift_register_32_0_8_0_252) 1.19e-02 8.05e-02    3.769 9.62e-02   0.1
      g_prod_2__pipe_mult (VX_pipe_register_2_253) 1.16e-02 8.06e-02    3.769 9.60e-02   0.1
        g_shift_register (VX_shift_register_32_0_8_0_253) 1.16e-02 8.06e-02    3.769 9.60e-02   0.1
      g_prod_1__pipe_mult (VX_pipe_register_2_254) 1.15e-02 8.04e-02    3.769 9.57e-02   0.1
        g_shift_register (VX_shift_register_32_0_8_0_254) 1.15e-02 8.04e-02    3.769 9.57e-02   0.1
      g_prod_0__pipe_mult (VX_pipe_register_2_255) 1.14e-02 8.07e-02    3.769 9.59e-02   0.1
        g_shift_register (VX_shift_register_32_0_8_0_255) 1.14e-02 8.07e-02    3.769 9.59e-02   0.1
      g_cvt_7__pipe_cvt (VX_pipe_register_1_248) 2.80e-03 1.30e-02    0.602 1.64e-02   0.0
        g_shift_register (VX_shift_register_64_0_1_0_248) 2.80e-03 1.30e-02    0.602 1.64e-02   0.0
      g_cvt_7__cvt_col_bf16 (bf16_to_fp32_dw_496) 6.95e-05 1.54e-04    0.107 3.31e-04   0.0
      g_cvt_7__cvt_row_bf16 (bf16_to_fp32_dw_497) 5.12e-05 1.10e-04    0.107 2.68e-04   0.0
      g_cvt_7__cvt_col_fp16 (fp16_to_fp32_dw_496) 7.45e-04 5.43e-04    0.317 1.61e-03   0.0
      g_cvt_7__cvt_row_fp16 (fp16_to_fp32_dw_497) 5.65e-04 4.11e-04    0.317 1.29e-03   0.0
      g_cvt_6__pipe_cvt (VX_pipe_register_1_249) 2.80e-03 1.30e-02    0.602 1.64e-02   0.0
        g_shift_register (VX_shift_register_64_0_1_0_249) 2.80e-03 1.30e-02    0.602 1.64e-02   0.0
      g_cvt_6__cvt_col_bf16 (bf16_to_fp32_dw_498) 7.91e-05 1.55e-04    0.107 3.42e-04   0.0
      g_cvt_6__cvt_row_bf16 (bf16_to_fp32_dw_499) 6.82e-05 1.10e-04    0.107 2.85e-04   0.0
      g_cvt_6__cvt_col_fp16 (fp16_to_fp32_dw_498) 7.68e-04 5.36e-04    0.317 1.62e-03   0.0
      g_cvt_6__cvt_row_fp16 (fp16_to_fp32_dw_499) 5.74e-04 4.12e-04    0.317 1.30e-03   0.0
      g_cvt_5__pipe_cvt (VX_pipe_register_1_250) 2.85e-03 1.30e-02    0.602 1.64e-02   0.0
        g_shift_register (VX_shift_register_64_0_1_0_250) 2.85e-03 1.30e-02    0.602 1.64e-02   0.0
      g_cvt_5__cvt_col_bf16 (bf16_to_fp32_dw_500) 6.84e-05 1.54e-04    0.107 3.30e-04   0.0
      g_cvt_5__cvt_row_bf16 (bf16_to_fp32_dw_501) 6.45e-05 1.11e-04    0.107 2.83e-04   0.0
      g_cvt_5__cvt_col_fp16 (fp16_to_fp32_dw_500) 7.75e-04 5.43e-04    0.319 1.64e-03   0.0
      g_cvt_5__cvt_row_fp16 (fp16_to_fp32_dw_501) 5.77e-04 4.10e-04    0.317 1.30e-03   0.0
      g_cvt_4__pipe_cvt (VX_pipe_register_1_251) 2.67e-03 1.30e-02    0.602 1.62e-02   0.0
        g_shift_register (VX_shift_register_64_0_1_0_251) 2.67e-03 1.30e-02    0.602 1.62e-02   0.0
      g_cvt_4__cvt_col_bf16 (bf16_to_fp32_dw_502) 7.16e-05 1.54e-04    0.107 3.33e-04   0.0
      g_cvt_4__cvt_row_bf16 (bf16_to_fp32_dw_503) 4.89e-05 1.12e-04    0.107 2.68e-04   0.0
      g_cvt_4__cvt_col_fp16 (fp16_to_fp32_dw_502) 7.22e-04 5.40e-04    0.317 1.58e-03   0.0
      g_cvt_4__cvt_row_fp16 (fp16_to_fp32_dw_503) 6.81e-04 4.18e-04    0.325 1.42e-03   0.0
      g_cvt_3__pipe_cvt (VX_pipe_register_1_252) 3.36e-03 1.30e-02    0.602 1.69e-02   0.0
        g_shift_register (VX_shift_register_64_0_1_0_252) 3.36e-03 1.30e-02    0.602 1.69e-02   0.0
      g_cvt_3__cvt_col_bf16 (bf16_to_fp32_dw_504) 7.31e-05 1.54e-04    0.107 3.34e-04   0.0
      g_cvt_3__cvt_row_bf16 (bf16_to_fp32_dw_505) 6.09e-05 1.15e-04    0.107 2.83e-04   0.0
      g_cvt_3__cvt_col_fp16 (fp16_to_fp32_dw_504) 8.32e-04 5.41e-04    0.318 1.69e-03   0.0
      g_cvt_3__cvt_row_fp16 (fp16_to_fp32_dw_505) 5.84e-04 4.15e-04    0.316 1.32e-03   0.0
      g_cvt_2__pipe_cvt (VX_pipe_register_1_253) 2.74e-03 1.30e-02    0.608 1.63e-02   0.0
        g_shift_register (VX_shift_register_64_0_1_0_253) 2.68e-03 1.30e-02    0.602 1.62e-02   0.0
      g_cvt_2__cvt_col_bf16 (bf16_to_fp32_dw_506) 8.10e-05 1.57e-04    0.107 3.45e-04   0.0
      g_cvt_2__cvt_row_bf16 (bf16_to_fp32_dw_507) 5.02e-05 1.11e-04    0.107 2.68e-04   0.0
      g_cvt_2__cvt_col_fp16 (fp16_to_fp32_dw_506) 7.67e-04 5.44e-04    0.319 1.63e-03   0.0
      g_cvt_2__cvt_row_fp16 (fp16_to_fp32_dw_507) 5.94e-04 4.11e-04    0.318 1.32e-03   0.0
      g_cvt_1__pipe_cvt (VX_pipe_register_1_254) 2.78e-03 1.30e-02    0.602 1.63e-02   0.0
        g_shift_register (VX_shift_register_64_0_1_0_254) 2.78e-03 1.30e-02    0.602 1.63e-02   0.0
      g_cvt_1__cvt_col_bf16 (bf16_to_fp32_dw_508) 8.91e-05 1.55e-04    0.107 3.52e-04   0.0
      g_cvt_1__cvt_row_bf16 (bf16_to_fp32_dw_509) 5.96e-05 1.10e-04    0.107 2.76e-04   0.0
      g_cvt_1__cvt_col_fp16 (fp16_to_fp32_dw_508) 7.37e-04 5.41e-04    0.317 1.59e-03   0.0
      g_cvt_1__cvt_row_fp16 (fp16_to_fp32_dw_509) 6.03e-04 4.11e-04    0.320 1.33e-03   0.0
      g_cvt_0__pipe_cvt (VX_pipe_register_1_255) 2.79e-03 1.29e-02    0.602 1.63e-02   0.0
        g_shift_register (VX_shift_register_64_0_1_0_255) 2.79e-03 1.29e-02    0.602 1.63e-02   0.0
      g_cvt_0__cvt_col_bf16 (bf16_to_fp32_dw_510) 8.14e-05 1.55e-04    0.107 3.44e-04   0.0
      g_cvt_0__cvt_row_bf16 (bf16_to_fp32_dw_511) 5.12e-05 1.10e-04    0.107 2.69e-04   0.0
      g_cvt_0__cvt_col_fp16 (fp16_to_fp32_dw_510) 7.29e-04 5.34e-04    0.317 1.58e-03   0.0
      g_cvt_0__cvt_row_fp16 (fp16_to_fp32_dw_511) 5.50e-04 4.08e-04    0.317 1.27e-03   0.0
    g_i_0__g_j_0____buffer_ex (VX_pipe_register_72) 1.81e-02 9.54e-02    4.369    0.118   0.1
      g_shift_register (VX_shift_register_582_0_1_0_63) 1.81e-02 9.54e-02    4.369    0.118   0.1
    mdata_queue (VX_fifo_queue)        4.02e-03 6.49e-02   82.104    0.151   0.1
      g_depth_n_dp_ram (VX_dp_ram)     9.19e-06 5.77e-02   79.900    0.138   0.1
      pending_size (VX_pending_size)   4.95e-04 2.96e-03    0.290 3.74e-03   0.0
  g_blocks_0__pe_switch (VX_pe_switch_h_698_242_133)    0.515    0.511  102.985    1.129   0.8
    rsp_arb (VX_stream_arb)               0.154    0.463   59.961    0.678   0.5
      g_input_select_g_arbiter_g_out_buf_0__out_buf (VX_elastic_buffer_2156_2_1_0)    0.131    0.442   49.187    0.622   0.4
        g_eb2_out_buf (VX_pipe_buffer_2) 3.53e-02 1.54e-02    7.235 5.79e-02   0.0
        g_eb2_stream_buffer (VX_stream_buffer_2156_1) 9.58e-02    0.427   41.952    0.564   0.4
      g_input_select_g_arbiter_arbiter (VX_generic_arbiter) 1.11e-07 6.08e-04 9.11e-02 6.99e-04   0.0
        g_round_robin_rr_arbiter (VX_rr_arbiter) 1.11e-07 6.08e-04 8.50e-02 6.93e-04   0.0
          g_model1_onehot_encoder (VX_onehot_encoder)    0.000    0.000 1.23e-02 1.23e-05   0.0
    req_switch (VX_stream_switch)         0.360 4.78e-02   43.011    0.451   0.3
      g_out_buf_1__out_buf (VX_elastic_buffer_2_0)    0.167 2.38e-02   21.266    0.212   0.2
      g_out_buf_0__out_buf (VX_elastic_buffer_2_1)    0.193 2.39e-02   21.583    0.239   0.2
  dispatch_unit (VX_dispatch_unit_h_511_242_619)    0.736    1.617  148.200    2.501   1.8
    g_blocks_0__buf_out (VX_elastic_buffer)    0.734    1.617  148.140    2.500   1.8
      g_eb2_out_buf (VX_pipe_buffer)      0.359 2.38e-02   22.671    0.406   0.3
      g_eb2_stream_buffer (VX_stream_buffer_6324_1)    0.375    1.594  125.469    2.094   1.5
1
