 
****************************************
Report : timing
        -path full
        -delay max
        -nets
        -max_paths 10
        -transition_time
Design : VX_gemm_unit_top
Scenario(s): mode_norm.OC_rvt_ss_0p900v_125c
Version: V-2023.12-SP5-3
Date   : Tue May 19 08:06:17 2026
****************************************

 * Some/all delay information is back-annotated.
Wire Load Model Mode: Inactive.

  Startpoint: gemm_unit/u_in_scaler_vec/g_lane_9__u_mul/input_buffer/g_eb1_pipe_buffer/g_register_g_pipe_regs_0__pipe_register/g_shift_register/g_shift_pipe_reg_0__17_
              (rising edge-triggered flip-flop clocked by CLK)
  Endpoint: gemm_unit/u_in_scaler_vec/g_lane_9__u_mul/result_buffer/g_eb1_pipe_buffer/g_register_g_pipe_regs_0__pipe_register/g_shift_register/g_shift_pipe_reg_0__2_
            (rising edge-triggered flip-flop clocked by CLK)
  Scenario: mode_norm.OC_rvt_ss_0p900v_125c
  Path Group: CLK
  Path Type: max

Attributes:
    d - dont_touch
    u - dont_use
   mo - map_only
   so - size_only
    i - ideal_net or ideal_network
  inf - infeasible path

  Point                                                                                                                                                                                                                                                         Fanout     Trans      Incr       Path      Attributes     Voltage
  -------------------------------------------------------------------------------------------------------------------------------------------------------------------------------------------------------------------------------------------------------------------------------------------------------------------------------------
  clock CLK (rise edge)                                                                                                                                                                                                                                                               0.00       0.00                     
  clock network delay (ideal)                                                                                                                                                                                                                                                         0.00       0.00                     
  gemm_unit/u_in_scaler_vec/g_lane_9__u_mul/input_buffer/g_eb1_pipe_buffer/g_register_g_pipe_regs_0__pipe_register/g_shift_register/g_shift_pipe_reg_0__17_/CK (DFFQ_X4M_A9TR)                                                                                              0.00      0.00       0.00 r    i              0.90
  gemm_unit/u_in_scaler_vec/g_lane_9__u_mul/input_buffer/g_eb1_pipe_buffer/g_register_g_pipe_regs_0__pipe_register/g_shift_register/g_shift_pipe_reg_0__17_/Q (DFFQ_X4M_A9TR)                                                                                               0.06      0.12       0.12 r                   0.90
  gemm_unit/u_in_scaler_vec/g_lane_9__u_mul/input_buffer/g_eb1_pipe_buffer/g_register_g_pipe_regs_0__pipe_register/g_shift_register/data_out[17] (net)                                                                                                            9                   0.00       0.12 r                   
  gemm_unit/u_in_scaler_vec/g_lane_9__u_mul/input_buffer/g_eb1_pipe_buffer/g_register_g_pipe_regs_0__pipe_register/g_shift_register/data_out[17] (VX_shift_register_33_1_1_0_118)                                                                                                     0.00       0.12 r                   
  gemm_unit/u_in_scaler_vec/g_lane_9__u_mul/input_buffer/g_eb1_pipe_buffer/g_register_g_pipe_regs_0__pipe_register/data_out[17] (net)                                                                                                                                                 0.00       0.12 r                   
  gemm_unit/u_in_scaler_vec/g_lane_9__u_mul/input_buffer/g_eb1_pipe_buffer/g_register_g_pipe_regs_0__pipe_register/data_out[17] (VX_pipe_register_12_118)                                                                                                                             0.00       0.12 r                   
  gemm_unit/u_in_scaler_vec/g_lane_9__u_mul/input_buffer/g_eb1_pipe_buffer/data_out[17] (net)                                                                                                                                                                                         0.00       0.12 r                   
  gemm_unit/u_in_scaler_vec/g_lane_9__u_mul/input_buffer/g_eb1_pipe_buffer/data_out[17] (VX_pipe_buffer_16_118)                                                                                                                                                                       0.00       0.12 r                   
  gemm_unit/u_in_scaler_vec/g_lane_9__u_mul/input_buffer/data_out[17] (net)                                                                                                                                                                                                           0.00       0.12 r                   
  gemm_unit/u_in_scaler_vec/g_lane_9__u_mul/input_buffer/data_out[17] (VX_elastic_buffer_5_22)                                                                                                                                                                                        0.00       0.12 r                   
  gemm_unit/u_in_scaler_vec/g_lane_9__u_mul/fpnew_inputs_data[17] (net)                                                                                                                                                                                                               0.00       0.12 r                   
  gemm_unit/u_in_scaler_vec/g_lane_9__u_mul/fpnew_mul/operands_i[17] (fpnew_top_00000008042__logic_Z_1yB__566949_22)                                                                                                                                                                  0.00       0.12 r                   
  gemm_unit/u_in_scaler_vec/g_lane_9__u_mul/fpnew_mul/operands_i[17] (net)                                                                                                                                                                                                            0.00       0.12 r                   
  gemm_unit/u_in_scaler_vec/g_lane_9__u_mul/fpnew_mul/gen_operation_groups_0__i_opgroup_block/operands_i[17] (fpnew_opgroup_block_0_00000010_0_2_04_2_155_3__logic_Z_1yB__00000000_388949_22)                                                                                         0.00       0.12 r                   
  gemm_unit/u_in_scaler_vec/g_lane_9__u_mul/fpnew_mul/gen_operation_groups_0__i_opgroup_block/operands_i[17] (net)                                                                                                                                                                    0.00       0.12 r                   
  gemm_unit/u_in_scaler_vec/g_lane_9__u_mul/fpnew_mul/gen_operation_groups_0__i_opgroup_block/gen_parallel_slices_2__active_format_i_fmt_slice/operands_i[17] (fpnew_opgroup_fmt_slice_0_2_00000010_0_00000000_3__logic_Z_1yB__00000000_22)                                           0.00       0.12 r                   
  gemm_unit/u_in_scaler_vec/g_lane_9__u_mul/fpnew_mul/gen_operation_groups_0__i_opgroup_block/gen_parallel_slices_2__active_format_i_fmt_slice/operands_i[17] (net)                                                                                                                   0.00       0.12 r                   
  gemm_unit/u_in_scaler_vec/g_lane_9__u_mul/fpnew_mul/gen_operation_groups_0__i_opgroup_block/gen_parallel_slices_2__active_format_i_fmt_slice/gen_num_lanes_0__active_lane_lane_instance_i_fma/operands_i[17] (fpnew_fma_2_00000000_3__logic_Z_1yB___logic_Z_1yB__22)                0.00       0.12 r                   
  gemm_unit/u_in_scaler_vec/g_lane_9__u_mul/fpnew_mul/gen_operation_groups_0__i_opgroup_block/gen_parallel_slices_2__active_format_i_fmt_slice/gen_num_lanes_0__active_lane_lane_instance_i_fma/operands_i[17] (net)                                                                  0.00       0.12 r                   
  gemm_unit/u_in_scaler_vec/g_lane_9__u_mul/fpnew_mul/gen_operation_groups_0__i_opgroup_block/gen_parallel_slices_2__active_format_i_fmt_slice/gen_num_lanes_0__active_lane_lane_instance_i_fma/U628/Y (BUFH_X6M_A9TR)                                                      0.03      0.05 *     0.17 r                   0.90
  gemm_unit/u_in_scaler_vec/g_lane_9__u_mul/fpnew_mul/gen_operation_groups_0__i_opgroup_block/gen_parallel_slices_2__active_format_i_fmt_slice/gen_num_lanes_0__active_lane_lane_instance_i_fma/n1615 (net)                                                       8                   0.00       0.17 r                   
  gemm_unit/u_in_scaler_vec/g_lane_9__u_mul/fpnew_mul/gen_operation_groups_0__i_opgroup_block/gen_parallel_slices_2__active_format_i_fmt_slice/gen_num_lanes_0__active_lane_lane_instance_i_fma/U196/Y (XNOR2_X0P7M_A9TR)                                                   0.07      0.06 *     0.23 r                   0.90
  gemm_unit/u_in_scaler_vec/g_lane_9__u_mul/fpnew_mul/gen_operation_groups_0__i_opgroup_block/gen_parallel_slices_2__active_format_i_fmt_slice/gen_num_lanes_0__active_lane_lane_instance_i_fma/n548 (net)                                                        2                   0.00       0.23 r                   
  gemm_unit/u_in_scaler_vec/g_lane_9__u_mul/fpnew_mul/gen_operation_groups_0__i_opgroup_block/gen_parallel_slices_2__active_format_i_fmt_slice/gen_num_lanes_0__active_lane_lane_instance_i_fma/U197/Y (OAI22_X1M_A9TR)                                                     0.05      0.05 *     0.28 f                   0.90
  gemm_unit/u_in_scaler_vec/g_lane_9__u_mul/fpnew_mul/gen_operation_groups_0__i_opgroup_block/gen_parallel_slices_2__active_format_i_fmt_slice/gen_num_lanes_0__active_lane_lane_instance_i_fma/n542 (net)                                                        2                   0.00       0.28 f                   
  gemm_unit/u_in_scaler_vec/g_lane_9__u_mul/fpnew_mul/gen_operation_groups_0__i_opgroup_block/gen_parallel_slices_2__active_format_i_fmt_slice/gen_num_lanes_0__active_lane_lane_instance_i_fma/U208/Y (XOR2_X1M_A9TR)                                                      0.07      0.06 *     0.34 r                   0.90
  gemm_unit/u_in_scaler_vec/g_lane_9__u_mul/fpnew_mul/gen_operation_groups_0__i_opgroup_block/gen_parallel_slices_2__active_format_i_fmt_slice/gen_num_lanes_0__active_lane_lane_instance_i_fma/n544 (net)                                                        1                   0.00       0.34 r                   
  gemm_unit/u_in_scaler_vec/g_lane_9__u_mul/fpnew_mul/gen_operation_groups_0__i_opgroup_block/gen_parallel_slices_2__active_format_i_fmt_slice/gen_num_lanes_0__active_lane_lane_instance_i_fma/U210/SUM (ADDFH_X1M_A9TR)                                                   0.03      0.09 *     0.43 f                   0.90
  gemm_unit/u_in_scaler_vec/g_lane_9__u_mul/fpnew_mul/gen_operation_groups_0__i_opgroup_block/gen_parallel_slices_2__active_format_i_fmt_slice/gen_num_lanes_0__active_lane_lane_instance_i_fma/n581 (net)                                                        2                   0.00       0.43 f                   
  gemm_unit/u_in_scaler_vec/g_lane_9__u_mul/fpnew_mul/gen_operation_groups_0__i_opgroup_block/gen_parallel_slices_2__active_format_i_fmt_slice/gen_num_lanes_0__active_lane_lane_instance_i_fma/U967/Y (OR2_X1P4M_A9TR)                                                     0.03      0.06 *     0.49 f                   0.90
  gemm_unit/u_in_scaler_vec/g_lane_9__u_mul/fpnew_mul/gen_operation_groups_0__i_opgroup_block/gen_parallel_slices_2__active_format_i_fmt_slice/gen_num_lanes_0__active_lane_lane_instance_i_fma/n740 (net)                                                        2                   0.00       0.49 f                   
  gemm_unit/u_in_scaler_vec/g_lane_9__u_mul/fpnew_mul/gen_operation_groups_0__i_opgroup_block/gen_parallel_slices_2__active_format_i_fmt_slice/gen_num_lanes_0__active_lane_lane_instance_i_fma/U1158/Y (AOI21_X4M_A9TR)                                                    0.05      0.05 *     0.54 r                   0.90
  gemm_unit/u_in_scaler_vec/g_lane_9__u_mul/fpnew_mul/gen_operation_groups_0__i_opgroup_block/gen_parallel_slices_2__active_format_i_fmt_slice/gen_num_lanes_0__active_lane_lane_instance_i_fma/n746 (net)                                                        2                   0.00       0.54 r                   
  gemm_unit/u_in_scaler_vec/g_lane_9__u_mul/fpnew_mul/gen_operation_groups_0__i_opgroup_block/gen_parallel_slices_2__active_format_i_fmt_slice/gen_num_lanes_0__active_lane_lane_instance_i_fma/U554/Y (OAI21_X4M_A9TR)                                                     0.04      0.04 *     0.58 f                   0.90
  gemm_unit/u_in_scaler_vec/g_lane_9__u_mul/fpnew_mul/gen_operation_groups_0__i_opgroup_block/gen_parallel_slices_2__active_format_i_fmt_slice/gen_num_lanes_0__active_lane_lane_instance_i_fma/n680 (net)                                                        2                   0.00       0.58 f                   
  gemm_unit/u_in_scaler_vec/g_lane_9__u_mul/fpnew_mul/gen_operation_groups_0__i_opgroup_block/gen_parallel_slices_2__active_format_i_fmt_slice/gen_num_lanes_0__active_lane_lane_instance_i_fma/U270/Y (AOI21_X8M_A9TR)                                                     0.04      0.04 *     0.62 r                   0.90
  gemm_unit/u_in_scaler_vec/g_lane_9__u_mul/fpnew_mul/gen_operation_groups_0__i_opgroup_block/gen_parallel_slices_2__active_format_i_fmt_slice/gen_num_lanes_0__active_lane_lane_instance_i_fma/n725 (net)                                                        2                   0.00       0.62 r                   
  gemm_unit/u_in_scaler_vec/g_lane_9__u_mul/fpnew_mul/gen_operation_groups_0__i_opgroup_block/gen_parallel_slices_2__active_format_i_fmt_slice/gen_num_lanes_0__active_lane_lane_instance_i_fma/U492/Y (OAI21_X8M_A9TR)                                                     0.04      0.03 *     0.65 f                   0.90
  gemm_unit/u_in_scaler_vec/g_lane_9__u_mul/fpnew_mul/gen_operation_groups_0__i_opgroup_block/gen_parallel_slices_2__active_format_i_fmt_slice/gen_num_lanes_0__active_lane_lane_instance_i_fma/n731 (net)                                                        3                   0.00       0.65 f                   
  gemm_unit/u_in_scaler_vec/g_lane_9__u_mul/fpnew_mul/gen_operation_groups_0__i_opgroup_block/gen_parallel_slices_2__active_format_i_fmt_slice/gen_num_lanes_0__active_lane_lane_instance_i_fma/U1103/Y (AOI21_X8M_A9TR)                                                    0.08      0.06 *     0.72 r                   0.90
  gemm_unit/u_in_scaler_vec/g_lane_9__u_mul/fpnew_mul/gen_operation_groups_0__i_opgroup_block/gen_parallel_slices_2__active_format_i_fmt_slice/gen_num_lanes_0__active_lane_lane_instance_i_fma/n1621 (net)                                                       6                   0.00       0.72 r                   
  gemm_unit/u_in_scaler_vec/g_lane_9__u_mul/fpnew_mul/gen_operation_groups_0__i_opgroup_block/gen_parallel_slices_2__active_format_i_fmt_slice/gen_num_lanes_0__active_lane_lane_instance_i_fma/U1102/Y (OAI21_X3M_A9TR)                                                    0.04      0.05 *     0.76 f                   0.90
  gemm_unit/u_in_scaler_vec/g_lane_9__u_mul/fpnew_mul/gen_operation_groups_0__i_opgroup_block/gen_parallel_slices_2__active_format_i_fmt_slice/gen_num_lanes_0__active_lane_lane_instance_i_fma/n807 (net)                                                        1                   0.00       0.76 f                   
  gemm_unit/u_in_scaler_vec/g_lane_9__u_mul/fpnew_mul/gen_operation_groups_0__i_opgroup_block/gen_parallel_slices_2__active_format_i_fmt_slice/gen_num_lanes_0__active_lane_lane_instance_i_fma/U422/Y (XOR2_X4M_A9TR)                                                      0.06      0.05 *     0.81 f                   0.90
  gemm_unit/u_in_scaler_vec/g_lane_9__u_mul/fpnew_mul/gen_operation_groups_0__i_opgroup_block/gen_parallel_slices_2__active_format_i_fmt_slice/gen_num_lanes_0__active_lane_lane_instance_i_fma/sum_pos[17] (net)                                                 7                   0.00       0.81 f                   
  gemm_unit/u_in_scaler_vec/g_lane_9__u_mul/fpnew_mul/gen_operation_groups_0__i_opgroup_block/gen_parallel_slices_2__active_format_i_fmt_slice/gen_num_lanes_0__active_lane_lane_instance_i_fma/i_lzc/in_i[17] (lzc_00000019_1_22)                                                    0.00       0.81 f                   
  gemm_unit/u_in_scaler_vec/g_lane_9__u_mul/fpnew_mul/gen_operation_groups_0__i_opgroup_block/gen_parallel_slices_2__active_format_i_fmt_slice/gen_num_lanes_0__active_lane_lane_instance_i_fma/i_lzc/in_i[17] (net)                                                                  0.00       0.81 f                   
  gemm_unit/u_in_scaler_vec/g_lane_9__u_mul/fpnew_mul/gen_operation_groups_0__i_opgroup_block/gen_parallel_slices_2__active_format_i_fmt_slice/gen_num_lanes_0__active_lane_lane_instance_i_fma/i_lzc/U21/Y (NOR2_X3A_A9TR)                                                 0.04      0.04 *     0.85 r                   0.90
  gemm_unit/u_in_scaler_vec/g_lane_9__u_mul/fpnew_mul/gen_operation_groups_0__i_opgroup_block/gen_parallel_slices_2__active_format_i_fmt_slice/gen_num_lanes_0__active_lane_lane_instance_i_fma/i_lzc/n81 (net)                                                   1                   0.00       0.85 r                   
  gemm_unit/u_in_scaler_vec/g_lane_9__u_mul/fpnew_mul/gen_operation_groups_0__i_opgroup_block/gen_parallel_slices_2__active_format_i_fmt_slice/gen_num_lanes_0__active_lane_lane_instance_i_fma/i_lzc/U88/Y (NAND2_X2B_A9TR)                                                0.02      0.02 *     0.87 f                   0.90
  gemm_unit/u_in_scaler_vec/g_lane_9__u_mul/fpnew_mul/gen_operation_groups_0__i_opgroup_block/gen_parallel_slices_2__active_format_i_fmt_slice/gen_num_lanes_0__active_lane_lane_instance_i_fma/i_lzc/n173 (net)                                                  1                   0.00       0.87 f                   
  gemm_unit/u_in_scaler_vec/g_lane_9__u_mul/fpnew_mul/gen_operation_groups_0__i_opgroup_block/gen_parallel_slices_2__active_format_i_fmt_slice/gen_num_lanes_0__active_lane_lane_instance_i_fma/i_lzc/U86/Y (INV_X4B_A9TR)                                                  0.02      0.02 *     0.89 r                   0.90
  gemm_unit/u_in_scaler_vec/g_lane_9__u_mul/fpnew_mul/gen_operation_groups_0__i_opgroup_block/gen_parallel_slices_2__active_format_i_fmt_slice/gen_num_lanes_0__active_lane_lane_instance_i_fma/i_lzc/n90 (net)                                                   2                   0.00       0.89 r                   
  gemm_unit/u_in_scaler_vec/g_lane_9__u_mul/fpnew_mul/gen_operation_groups_0__i_opgroup_block/gen_parallel_slices_2__active_format_i_fmt_slice/gen_num_lanes_0__active_lane_lane_instance_i_fma/i_lzc/U14/Y (NAND3_X2A_A9TR)                                                0.04      0.04 *     0.93 f                   0.90
  gemm_unit/u_in_scaler_vec/g_lane_9__u_mul/fpnew_mul/gen_operation_groups_0__i_opgroup_block/gen_parallel_slices_2__active_format_i_fmt_slice/gen_num_lanes_0__active_lane_lane_instance_i_fma/i_lzc/n167 (net)                                                  1                   0.00       0.93 f                   
  gemm_unit/u_in_scaler_vec/g_lane_9__u_mul/fpnew_mul/gen_operation_groups_0__i_opgroup_block/gen_parallel_slices_2__active_format_i_fmt_slice/gen_num_lanes_0__active_lane_lane_instance_i_fma/i_lzc/U13/Y (NOR2_X6M_A9TR)                                                 0.04      0.04 *     0.97 r                   0.90
  gemm_unit/u_in_scaler_vec/g_lane_9__u_mul/fpnew_mul/gen_operation_groups_0__i_opgroup_block/gen_parallel_slices_2__active_format_i_fmt_slice/gen_num_lanes_0__active_lane_lane_instance_i_fma/i_lzc/cnt_o[4] (net)                                              5                   0.00       0.97 r                   
  gemm_unit/u_in_scaler_vec/g_lane_9__u_mul/fpnew_mul/gen_operation_groups_0__i_opgroup_block/gen_parallel_slices_2__active_format_i_fmt_slice/gen_num_lanes_0__active_lane_lane_instance_i_fma/i_lzc/cnt_o[4] (lzc_00000019_1_22)                                                    0.00       0.97 r                   
  gemm_unit/u_in_scaler_vec/g_lane_9__u_mul/fpnew_mul/gen_operation_groups_0__i_opgroup_block/gen_parallel_slices_2__active_format_i_fmt_slice/gen_num_lanes_0__active_lane_lane_instance_i_fma/leading_zero_count[4] (net)                                                           0.00       0.97 r                   
  gemm_unit/u_in_scaler_vec/g_lane_9__u_mul/fpnew_mul/gen_operation_groups_0__i_opgroup_block/gen_parallel_slices_2__active_format_i_fmt_slice/gen_num_lanes_0__active_lane_lane_instance_i_fma/U468/Y (INV_X1M_A9TR)                                                       0.03      0.03 *     1.00 f                   0.90
  gemm_unit/u_in_scaler_vec/g_lane_9__u_mul/fpnew_mul/gen_operation_groups_0__i_opgroup_block/gen_parallel_slices_2__active_format_i_fmt_slice/gen_num_lanes_0__active_lane_lane_instance_i_fma/n1153 (net)                                                       2                   0.00       1.00 f                   
  gemm_unit/u_in_scaler_vec/g_lane_9__u_mul/fpnew_mul/gen_operation_groups_0__i_opgroup_block/gen_parallel_slices_2__active_format_i_fmt_slice/gen_num_lanes_0__active_lane_lane_instance_i_fma/U476/Y (AOI21_X4M_A9TR)                                                     0.04      0.04 *     1.04 r                   0.90
  gemm_unit/u_in_scaler_vec/g_lane_9__u_mul/fpnew_mul/gen_operation_groups_0__i_opgroup_block/gen_parallel_slices_2__active_format_i_fmt_slice/gen_num_lanes_0__active_lane_lane_instance_i_fma/n865 (net)                                                        1                   0.00       1.04 r                   
  gemm_unit/u_in_scaler_vec/g_lane_9__u_mul/fpnew_mul/gen_operation_groups_0__i_opgroup_block/gen_parallel_slices_2__active_format_i_fmt_slice/gen_num_lanes_0__active_lane_lane_instance_i_fma/U481/Y (OAI211_X4M_A9TR)                                                    0.04      0.04 *     1.08 f                   0.90
  gemm_unit/u_in_scaler_vec/g_lane_9__u_mul/fpnew_mul/gen_operation_groups_0__i_opgroup_block/gen_parallel_slices_2__active_format_i_fmt_slice/gen_num_lanes_0__active_lane_lane_instance_i_fma/n867 (net)                                                        1                   0.00       1.08 f                   
  gemm_unit/u_in_scaler_vec/g_lane_9__u_mul/fpnew_mul/gen_operation_groups_0__i_opgroup_block/gen_parallel_slices_2__active_format_i_fmt_slice/gen_num_lanes_0__active_lane_lane_instance_i_fma/U491/Y (AOI21_X6M_A9TR)                                                     0.06      0.05 *     1.13 r                   0.90
  gemm_unit/u_in_scaler_vec/g_lane_9__u_mul/fpnew_mul/gen_operation_groups_0__i_opgroup_block/gen_parallel_slices_2__active_format_i_fmt_slice/gen_num_lanes_0__active_lane_lane_instance_i_fma/n887 (net)                                                        2                   0.00       1.13 r                   
  gemm_unit/u_in_scaler_vec/g_lane_9__u_mul/fpnew_mul/gen_operation_groups_0__i_opgroup_block/gen_parallel_slices_2__active_format_i_fmt_slice/gen_num_lanes_0__active_lane_lane_instance_i_fma/U634/Y (NAND2_X8B_A9TR)                                                     0.03      0.04 *     1.16 f                   0.90
  gemm_unit/u_in_scaler_vec/g_lane_9__u_mul/fpnew_mul/gen_operation_groups_0__i_opgroup_block/gen_parallel_slices_2__active_format_i_fmt_slice/gen_num_lanes_0__active_lane_lane_instance_i_fma/n997 (net)                                                        4                   0.00       1.16 f                   
  gemm_unit/u_in_scaler_vec/g_lane_9__u_mul/fpnew_mul/gen_operation_groups_0__i_opgroup_block/gen_parallel_slices_2__active_format_i_fmt_slice/gen_num_lanes_0__active_lane_lane_instance_i_fma/U623/Y (AOI2XB1_X6M_A9TR)                                                   0.06      0.05 *     1.21 r                   0.90
  gemm_unit/u_in_scaler_vec/g_lane_9__u_mul/fpnew_mul/gen_operation_groups_0__i_opgroup_block/gen_parallel_slices_2__active_format_i_fmt_slice/gen_num_lanes_0__active_lane_lane_instance_i_fma/n985 (net)                                                        2                   0.00       1.21 r                   
  gemm_unit/u_in_scaler_vec/g_lane_9__u_mul/fpnew_mul/gen_operation_groups_0__i_opgroup_block/gen_parallel_slices_2__active_format_i_fmt_slice/gen_num_lanes_0__active_lane_lane_instance_i_fma/U142/Y (NAND2_X8B_A9TR)                                                     0.03      0.03 *     1.24 f                   0.90
  gemm_unit/u_in_scaler_vec/g_lane_9__u_mul/fpnew_mul/gen_operation_groups_0__i_opgroup_block/gen_parallel_slices_2__active_format_i_fmt_slice/gen_num_lanes_0__active_lane_lane_instance_i_fma/n1557 (net)                                                       3                   0.00       1.24 f                   
  gemm_unit/u_in_scaler_vec/g_lane_9__u_mul/fpnew_mul/gen_operation_groups_0__i_opgroup_block/gen_parallel_slices_2__active_format_i_fmt_slice/gen_num_lanes_0__active_lane_lane_instance_i_fma/U643/Y (NOR2_X8A_A9TR)                                                      0.07      0.05 *     1.29 r                   0.90
  gemm_unit/u_in_scaler_vec/g_lane_9__u_mul/fpnew_mul/gen_operation_groups_0__i_opgroup_block/gen_parallel_slices_2__active_format_i_fmt_slice/gen_num_lanes_0__active_lane_lane_instance_i_fma/n1248 (net)                                                      20                   0.00       1.29 r                   
  gemm_unit/u_in_scaler_vec/g_lane_9__u_mul/fpnew_mul/gen_operation_groups_0__i_opgroup_block/gen_parallel_slices_2__active_format_i_fmt_slice/gen_num_lanes_0__active_lane_lane_instance_i_fma/U16/Y (NAND2_X2A_A9TR)                                                      0.03      0.03 *     1.32 f                   0.90
  gemm_unit/u_in_scaler_vec/g_lane_9__u_mul/fpnew_mul/gen_operation_groups_0__i_opgroup_block/gen_parallel_slices_2__active_format_i_fmt_slice/gen_num_lanes_0__active_lane_lane_instance_i_fma/n1273 (net)                                                       2                   0.00       1.32 f                   
  gemm_unit/u_in_scaler_vec/g_lane_9__u_mul/fpnew_mul/gen_operation_groups_0__i_opgroup_block/gen_parallel_slices_2__active_format_i_fmt_slice/gen_num_lanes_0__active_lane_lane_instance_i_fma/U721/Y (NAND3_X1A_A9TR)                                                     0.03      0.03 *     1.35 r                   0.90
  gemm_unit/u_in_scaler_vec/g_lane_9__u_mul/fpnew_mul/gen_operation_groups_0__i_opgroup_block/gen_parallel_slices_2__active_format_i_fmt_slice/gen_num_lanes_0__active_lane_lane_instance_i_fma/n1053 (net)                                                       1                   0.00       1.35 r                   
  gemm_unit/u_in_scaler_vec/g_lane_9__u_mul/fpnew_mul/gen_operation_groups_0__i_opgroup_block/gen_parallel_slices_2__active_format_i_fmt_slice/gen_num_lanes_0__active_lane_lane_instance_i_fma/U722/Y (INV_X1M_A9TR)                                                       0.02      0.02 *     1.37 f                   0.90
  gemm_unit/u_in_scaler_vec/g_lane_9__u_mul/fpnew_mul/gen_operation_groups_0__i_opgroup_block/gen_parallel_slices_2__active_format_i_fmt_slice/gen_num_lanes_0__active_lane_lane_instance_i_fma/n1062 (net)                                                       1                   0.00       1.37 f                   
  gemm_unit/u_in_scaler_vec/g_lane_9__u_mul/fpnew_mul/gen_operation_groups_0__i_opgroup_block/gen_parallel_slices_2__active_format_i_fmt_slice/gen_num_lanes_0__active_lane_lane_instance_i_fma/U733/Y (AOI31_X2M_A9TR)                                                     0.05      0.04 *     1.41 r                   0.90
  gemm_unit/u_in_scaler_vec/g_lane_9__u_mul/fpnew_mul/gen_operation_groups_0__i_opgroup_block/gen_parallel_slices_2__active_format_i_fmt_slice/gen_num_lanes_0__active_lane_lane_instance_i_fma/n1063 (net)                                                       1                   0.00       1.41 r                   
  gemm_unit/u_in_scaler_vec/g_lane_9__u_mul/fpnew_mul/gen_operation_groups_0__i_opgroup_block/gen_parallel_slices_2__active_format_i_fmt_slice/gen_num_lanes_0__active_lane_lane_instance_i_fma/U734/Y (OAI21_X2M_A9TR)                                                     0.03      0.03 *     1.44 f                   0.90
  gemm_unit/u_in_scaler_vec/g_lane_9__u_mul/fpnew_mul/gen_operation_groups_0__i_opgroup_block/gen_parallel_slices_2__active_format_i_fmt_slice/gen_num_lanes_0__active_lane_lane_instance_i_fma/n1064 (net)                                                       1                   0.00       1.44 f                   
  gemm_unit/u_in_scaler_vec/g_lane_9__u_mul/fpnew_mul/gen_operation_groups_0__i_opgroup_block/gen_parallel_slices_2__active_format_i_fmt_slice/gen_num_lanes_0__active_lane_lane_instance_i_fma/U1213/Y (NAND2_X2B_A9TR)                                                    0.04      0.03 *     1.47 r                   0.90
  gemm_unit/u_in_scaler_vec/g_lane_9__u_mul/fpnew_mul/gen_operation_groups_0__i_opgroup_block/gen_parallel_slices_2__active_format_i_fmt_slice/gen_num_lanes_0__active_lane_lane_instance_i_fma/n1312 (net)                                                       2                   0.00       1.47 r                   
  gemm_unit/u_in_scaler_vec/g_lane_9__u_mul/fpnew_mul/gen_operation_groups_0__i_opgroup_block/gen_parallel_slices_2__active_format_i_fmt_slice/gen_num_lanes_0__active_lane_lane_instance_i_fma/U736/Y (NAND2_X4B_A9TR)                                                     0.03      0.03 *     1.50 f                   0.90
  gemm_unit/u_in_scaler_vec/g_lane_9__u_mul/fpnew_mul/gen_operation_groups_0__i_opgroup_block/gen_parallel_slices_2__active_format_i_fmt_slice/gen_num_lanes_0__active_lane_lane_instance_i_fma/n1097 (net)                                                       3                   0.00       1.50 f                   
  gemm_unit/u_in_scaler_vec/g_lane_9__u_mul/fpnew_mul/gen_operation_groups_0__i_opgroup_block/gen_parallel_slices_2__active_format_i_fmt_slice/gen_num_lanes_0__active_lane_lane_instance_i_fma/U649/Y (NAND2_X3A_A9TR)                                                     0.04      0.03 *     1.53 r                   0.90
  gemm_unit/u_in_scaler_vec/g_lane_9__u_mul/fpnew_mul/gen_operation_groups_0__i_opgroup_block/gen_parallel_slices_2__active_format_i_fmt_slice/gen_num_lanes_0__active_lane_lane_instance_i_fma/n1201 (net)                                                       2                   0.00       1.53 r                   
  gemm_unit/u_in_scaler_vec/g_lane_9__u_mul/fpnew_mul/gen_operation_groups_0__i_opgroup_block/gen_parallel_slices_2__active_format_i_fmt_slice/gen_num_lanes_0__active_lane_lane_instance_i_fma/U775/Y (INV_X6B_A9TR)                                                       0.02      0.02 *     1.56 f                   0.90
  gemm_unit/u_in_scaler_vec/g_lane_9__u_mul/fpnew_mul/gen_operation_groups_0__i_opgroup_block/gen_parallel_slices_2__active_format_i_fmt_slice/gen_num_lanes_0__active_lane_lane_instance_i_fma/n1107 (net)                                                       3                   0.00       1.56 f                   
  gemm_unit/u_in_scaler_vec/g_lane_9__u_mul/fpnew_mul/gen_operation_groups_0__i_opgroup_block/gen_parallel_slices_2__active_format_i_fmt_slice/gen_num_lanes_0__active_lane_lane_instance_i_fma/U1163/Y (AOI31_X3M_A9TR)                                                    0.06      0.04 *     1.60 r                   0.90
  gemm_unit/u_in_scaler_vec/g_lane_9__u_mul/fpnew_mul/gen_operation_groups_0__i_opgroup_block/gen_parallel_slices_2__active_format_i_fmt_slice/gen_num_lanes_0__active_lane_lane_instance_i_fma/n1648 (net)                                                       1                   0.00       1.60 r                   
  gemm_unit/u_in_scaler_vec/g_lane_9__u_mul/fpnew_mul/gen_operation_groups_0__i_opgroup_block/gen_parallel_slices_2__active_format_i_fmt_slice/gen_num_lanes_0__active_lane_lane_instance_i_fma/U264/Y (NAND2_X4B_A9TR)                                                     0.03      0.03 *     1.63 f                   0.90
  gemm_unit/u_in_scaler_vec/g_lane_9__u_mul/fpnew_mul/gen_operation_groups_0__i_opgroup_block/gen_parallel_slices_2__active_format_i_fmt_slice/gen_num_lanes_0__active_lane_lane_instance_i_fma/n1303 (net)                                                       3                   0.00       1.63 f                   
  gemm_unit/u_in_scaler_vec/g_lane_9__u_mul/fpnew_mul/gen_operation_groups_0__i_opgroup_block/gen_parallel_slices_2__active_format_i_fmt_slice/gen_num_lanes_0__active_lane_lane_instance_i_fma/U985/Y (NAND2_X4B_A9TR)                                                     0.03      0.03 *     1.66 r                   0.90
  gemm_unit/u_in_scaler_vec/g_lane_9__u_mul/fpnew_mul/gen_operation_groups_0__i_opgroup_block/gen_parallel_slices_2__active_format_i_fmt_slice/gen_num_lanes_0__active_lane_lane_instance_i_fma/n1647 (net)                                                       1                   0.00       1.66 r                   
  gemm_unit/u_in_scaler_vec/g_lane_9__u_mul/fpnew_mul/gen_operation_groups_0__i_opgroup_block/gen_parallel_slices_2__active_format_i_fmt_slice/gen_num_lanes_0__active_lane_lane_instance_i_fma/U662/Y (OAI21_X6M_A9TR)                                                     0.03      0.03 *     1.69 f                   0.90
  gemm_unit/u_in_scaler_vec/g_lane_9__u_mul/fpnew_mul/gen_operation_groups_0__i_opgroup_block/gen_parallel_slices_2__active_format_i_fmt_slice/gen_num_lanes_0__active_lane_lane_instance_i_fma/n1176 (net)                                                       1                   0.00       1.69 f                   
  gemm_unit/u_in_scaler_vec/g_lane_9__u_mul/fpnew_mul/gen_operation_groups_0__i_opgroup_block/gen_parallel_slices_2__active_format_i_fmt_slice/gen_num_lanes_0__active_lane_lane_instance_i_fma/U828/Y (INV_X11M_A9TR)                                                      0.04      0.03 *     1.72 r                   0.90
  gemm_unit/u_in_scaler_vec/g_lane_9__u_mul/fpnew_mul/gen_operation_groups_0__i_opgroup_block/gen_parallel_slices_2__active_format_i_fmt_slice/gen_num_lanes_0__active_lane_lane_instance_i_fma/n1486 (net)                                                       9                   0.00       1.72 r                   
  gemm_unit/u_in_scaler_vec/g_lane_9__u_mul/fpnew_mul/gen_operation_groups_0__i_opgroup_block/gen_parallel_slices_2__active_format_i_fmt_slice/gen_num_lanes_0__active_lane_lane_instance_i_fma/U1108/Y (NAND3_X6A_A9TR)                                                    0.05      0.03 *     1.76 f                   0.90
  gemm_unit/u_in_scaler_vec/g_lane_9__u_mul/fpnew_mul/gen_operation_groups_0__i_opgroup_block/gen_parallel_slices_2__active_format_i_fmt_slice/gen_num_lanes_0__active_lane_lane_instance_i_fma/round_sticky_bits[1] (net)                                        6                   0.00       1.76 f                   
  gemm_unit/u_in_scaler_vec/g_lane_9__u_mul/fpnew_mul/gen_operation_groups_0__i_opgroup_block/gen_parallel_slices_2__active_format_i_fmt_slice/gen_num_lanes_0__active_lane_lane_instance_i_fma/i_fpnew_rounding/round_sticky_bits_i[1] (fpnew_rounding_0000000f_22)                  0.00       1.76 f                   
  gemm_unit/u_in_scaler_vec/g_lane_9__u_mul/fpnew_mul/gen_operation_groups_0__i_opgroup_block/gen_parallel_slices_2__active_format_i_fmt_slice/gen_num_lanes_0__active_lane_lane_instance_i_fma/i_fpnew_rounding/round_sticky_bits_i[1] (net)                                         0.00       1.76 f                   
  gemm_unit/u_in_scaler_vec/g_lane_9__u_mul/fpnew_mul/gen_operation_groups_0__i_opgroup_block/gen_parallel_slices_2__active_format_i_fmt_slice/gen_num_lanes_0__active_lane_lane_instance_i_fma/i_fpnew_rounding/U3/Y (NAND3_X2A_A9TR)                                      0.04      0.04 *     1.80 r                   0.90
  gemm_unit/u_in_scaler_vec/g_lane_9__u_mul/fpnew_mul/gen_operation_groups_0__i_opgroup_block/gen_parallel_slices_2__active_format_i_fmt_slice/gen_num_lanes_0__active_lane_lane_instance_i_fma/i_fpnew_rounding/n138 (net)                                       3                   0.00       1.80 r                   
  gemm_unit/u_in_scaler_vec/g_lane_9__u_mul/fpnew_mul/gen_operation_groups_0__i_opgroup_block/gen_parallel_slices_2__active_format_i_fmt_slice/gen_num_lanes_0__active_lane_lane_instance_i_fma/i_fpnew_rounding/U4/Y (INV_X4B_A9TR)                                        0.02      0.03 *     1.83 f                   0.90
  gemm_unit/u_in_scaler_vec/g_lane_9__u_mul/fpnew_mul/gen_operation_groups_0__i_opgroup_block/gen_parallel_slices_2__active_format_i_fmt_slice/gen_num_lanes_0__active_lane_lane_instance_i_fma/i_fpnew_rounding/n145 (net)                                       4                   0.00       1.83 f                   
  gemm_unit/u_in_scaler_vec/g_lane_9__u_mul/fpnew_mul/gen_operation_groups_0__i_opgroup_block/gen_parallel_slices_2__active_format_i_fmt_slice/gen_num_lanes_0__active_lane_lane_instance_i_fma/i_fpnew_rounding/U72/Y (NAND2_X1A_A9TR)                                     0.04      0.03 *     1.86 r                   0.90
  gemm_unit/u_in_scaler_vec/g_lane_9__u_mul/fpnew_mul/gen_operation_groups_0__i_opgroup_block/gen_parallel_slices_2__active_format_i_fmt_slice/gen_num_lanes_0__active_lane_lane_instance_i_fma/i_fpnew_rounding/n151 (net)                                       2                   0.00       1.86 r                   
  gemm_unit/u_in_scaler_vec/g_lane_9__u_mul/fpnew_mul/gen_operation_groups_0__i_opgroup_block/gen_parallel_slices_2__active_format_i_fmt_slice/gen_num_lanes_0__active_lane_lane_instance_i_fma/i_fpnew_rounding/U88/Y (NAND2_X1B_A9TR)                                     0.02      0.02 *     1.88 f                   0.90
  gemm_unit/u_in_scaler_vec/g_lane_9__u_mul/fpnew_mul/gen_operation_groups_0__i_opgroup_block/gen_parallel_slices_2__active_format_i_fmt_slice/gen_num_lanes_0__active_lane_lane_instance_i_fma/i_fpnew_rounding/n141 (net)                                       1                   0.00       1.88 f                   
  gemm_unit/u_in_scaler_vec/g_lane_9__u_mul/fpnew_mul/gen_operation_groups_0__i_opgroup_block/gen_parallel_slices_2__active_format_i_fmt_slice/gen_num_lanes_0__active_lane_lane_instance_i_fma/i_fpnew_rounding/U89/Y (INV_X1M_A9TR)                                       0.02      0.02 *     1.90 r                   0.90
  gemm_unit/u_in_scaler_vec/g_lane_9__u_mul/fpnew_mul/gen_operation_groups_0__i_opgroup_block/gen_parallel_slices_2__active_format_i_fmt_slice/gen_num_lanes_0__active_lane_lane_instance_i_fma/i_fpnew_rounding/abs_rounded_o[2] (net)                           1                   0.00       1.90 r                   
  gemm_unit/u_in_scaler_vec/g_lane_9__u_mul/fpnew_mul/gen_operation_groups_0__i_opgroup_block/gen_parallel_slices_2__active_format_i_fmt_slice/gen_num_lanes_0__active_lane_lane_instance_i_fma/i_fpnew_rounding/abs_rounded_o[2] (fpnew_rounding_0000000f_22)                        0.00       1.90 r                   
  gemm_unit/u_in_scaler_vec/g_lane_9__u_mul/fpnew_mul/gen_operation_groups_0__i_opgroup_block/gen_parallel_slices_2__active_format_i_fmt_slice/gen_num_lanes_0__active_lane_lane_instance_i_fma/rounded_abs[2] (net)                                                                  0.00       1.90 r                   
  gemm_unit/u_in_scaler_vec/g_lane_9__u_mul/fpnew_mul/gen_operation_groups_0__i_opgroup_block/gen_parallel_slices_2__active_format_i_fmt_slice/gen_num_lanes_0__active_lane_lane_instance_i_fma/U117/Y (NOR2XB_X0P7M_A9TR)                                                  0.06      0.05 *     1.95 r                   0.90
  gemm_unit/u_in_scaler_vec/g_lane_9__u_mul/fpnew_mul/gen_operation_groups_0__i_opgroup_block/gen_parallel_slices_2__active_format_i_fmt_slice/gen_num_lanes_0__active_lane_lane_instance_i_fma/result_o[2] (net)                                                 1                   0.00       1.95 r                   
  gemm_unit/u_in_scaler_vec/g_lane_9__u_mul/fpnew_mul/gen_operation_groups_0__i_opgroup_block/gen_parallel_slices_2__active_format_i_fmt_slice/gen_num_lanes_0__active_lane_lane_instance_i_fma/result_o[2] (fpnew_fma_2_00000000_3__logic_Z_1yB___logic_Z_1yB__22)                   0.00       1.95 r                   
  gemm_unit/u_in_scaler_vec/g_lane_9__u_mul/fpnew_mul/gen_operation_groups_0__i_opgroup_block/gen_parallel_slices_2__active_format_i_fmt_slice/gen_num_lanes_0__active_lane_op_result[2] (net)                                                                                        0.00       1.95 r                   
  gemm_unit/u_in_scaler_vec/g_lane_9__u_mul/fpnew_mul/gen_operation_groups_0__i_opgroup_block/gen_parallel_slices_2__active_format_i_fmt_slice/U20/Y (INV_X1M_A9TR)                                                                                                         0.02      0.02 *     1.98 f                   0.90
  gemm_unit/u_in_scaler_vec/g_lane_9__u_mul/fpnew_mul/gen_operation_groups_0__i_opgroup_block/gen_parallel_slices_2__active_format_i_fmt_slice/n43 (net)                                                                                                          1                   0.00       1.98 f                   
  gemm_unit/u_in_scaler_vec/g_lane_9__u_mul/fpnew_mul/gen_operation_groups_0__i_opgroup_block/gen_parallel_slices_2__active_format_i_fmt_slice/U21/Y (NAND2_X1B_A9TR)                                                                                                       0.04      0.02 *     2.00 r                   0.90
  gemm_unit/u_in_scaler_vec/g_lane_9__u_mul/fpnew_mul/gen_operation_groups_0__i_opgroup_block/gen_parallel_slices_2__active_format_i_fmt_slice/result_o[2] (net)                                                                                                  1                   0.00       2.00 r                   
  gemm_unit/u_in_scaler_vec/g_lane_9__u_mul/fpnew_mul/gen_operation_groups_0__i_opgroup_block/gen_parallel_slices_2__active_format_i_fmt_slice/result_o[2] (fpnew_opgroup_fmt_slice_0_2_00000010_0_00000000_3__logic_Z_1yB__00000000_22)                                              0.00       2.00 r                   
  gemm_unit/u_in_scaler_vec/g_lane_9__u_mul/fpnew_mul/gen_operation_groups_0__i_opgroup_block/fmt_outputs_2__result__2_ (net)                                                                                                                                                         0.00       2.00 r                   
  gemm_unit/u_in_scaler_vec/g_lane_9__u_mul/fpnew_mul/gen_operation_groups_0__i_opgroup_block/i_arbiter/data_i[55] (rr_arb_tree_00000005_1_496242_22)                                                                                                                                 0.00       2.00 r                   
  gemm_unit/u_in_scaler_vec/g_lane_9__u_mul/fpnew_mul/gen_operation_groups_0__i_opgroup_block/i_arbiter/data_i[55] (net)                                                                                                                                                              0.00       2.00 r                   
  gemm_unit/u_in_scaler_vec/g_lane_9__u_mul/fpnew_mul/gen_operation_groups_0__i_opgroup_block/i_arbiter/U20/Y (AND2_X2M_A9TR)                                                                                                                                               0.02      0.04 *     2.04 r                   0.90
  gemm_unit/u_in_scaler_vec/g_lane_9__u_mul/fpnew_mul/gen_operation_groups_0__i_opgroup_block/i_arbiter/data_o[9] (net)                                                                                                                                           1                   0.00       2.04 r                   
  gemm_unit/u_in_scaler_vec/g_lane_9__u_mul/fpnew_mul/gen_operation_groups_0__i_opgroup_block/i_arbiter/data_o[9] (rr_arb_tree_00000005_1_496242_22)                                                                                                                                  0.00       2.04 r                   
  gemm_unit/u_in_scaler_vec/g_lane_9__u_mul/fpnew_mul/gen_operation_groups_0__i_opgroup_block/result_o[2] (net)                                                                                                                                                                       0.00       2.04 r                   
  gemm_unit/u_in_scaler_vec/g_lane_9__u_mul/fpnew_mul/gen_operation_groups_0__i_opgroup_block/result_o[2] (fpnew_opgroup_block_0_00000010_0_2_04_2_155_3__logic_Z_1yB__00000000_388949_22)                                                                                            0.00       2.04 r                   
  gemm_unit/u_in_scaler_vec/g_lane_9__u_mul/fpnew_mul/opgrp_outputs[2] (net)                                                                                                                                                                                                          0.00       2.04 r                   
  gemm_unit/u_in_scaler_vec/g_lane_9__u_mul/fpnew_mul/i_arbiter/data_i[8] (rr_arb_tree_00000004_1_840242_22)                                                                                                                                                                          0.00       2.04 r                   
  gemm_unit/u_in_scaler_vec/g_lane_9__u_mul/fpnew_mul/i_arbiter/data_i[8] (net)                                                                                                                                                                                                       0.00       2.04 r                   
  gemm_unit/u_in_scaler_vec/g_lane_9__u_mul/fpnew_mul/i_arbiter/U14/Y (AND2_X2M_A9TR)                                                                                                                                                                                       0.03      0.03 *     2.07 r                   0.90
  gemm_unit/u_in_scaler_vec/g_lane_9__u_mul/fpnew_mul/i_arbiter/data_o[8] (net)                                                                                                                                                                                   1                   0.00       2.07 r                   
  gemm_unit/u_in_scaler_vec/g_lane_9__u_mul/fpnew_mul/i_arbiter/data_o[8] (rr_arb_tree_00000004_1_840242_22)                                                                                                                                                                          0.00       2.07 r                   
  gemm_unit/u_in_scaler_vec/g_lane_9__u_mul/fpnew_mul/result_o[2] (net)                                                                                                                                                                                                               0.00       2.07 r                   
  gemm_unit/u_in_scaler_vec/g_lane_9__u_mul/fpnew_mul/result_o[2] (fpnew_top_00000008042__logic_Z_1yB__566949_22)                                                                                                                                                                     0.00       2.07 r                   
  gemm_unit/u_in_scaler_vec/g_lane_9__u_mul/fpnew_result[2] (net)                                                                                                                                                                                                                     0.00       2.07 r                   
  gemm_unit/u_in_scaler_vec/g_lane_9__u_mul/result_buffer/data_in[2] (VX_elastic_buffer_6_22)                                                                                                                                                                                         0.00       2.07 r                   
  gemm_unit/u_in_scaler_vec/g_lane_9__u_mul/result_buffer/data_in[2] (net)                                                                                                                                                                                                            0.00       2.07 r                   
  gemm_unit/u_in_scaler_vec/g_lane_9__u_mul/result_buffer/g_eb1_pipe_buffer/data_in[2] (VX_pipe_buffer_17_22)                                                                                                                                                                         0.00       2.07 r                   
  gemm_unit/u_in_scaler_vec/g_lane_9__u_mul/result_buffer/g_eb1_pipe_buffer/data_in[2] (net)                                                                                                                                                                                          0.00       2.07 r                   
  gemm_unit/u_in_scaler_vec/g_lane_9__u_mul/result_buffer/g_eb1_pipe_buffer/g_register_g_pipe_regs_0__pipe_register/data_in[2] (VX_pipe_register_13_22)                                                                                                                               0.00       2.07 r                   
  gemm_unit/u_in_scaler_vec/g_lane_9__u_mul/result_buffer/g_eb1_pipe_buffer/g_register_g_pipe_regs_0__pipe_register/data_in[2] (net)                                                                                                                                                  0.00       2.07 r                   
  gemm_unit/u_in_scaler_vec/g_lane_9__u_mul/result_buffer/g_eb1_pipe_buffer/g_register_g_pipe_regs_0__pipe_register/g_shift_register/data_in[2] (VX_shift_register_17_1_1_0_22)                                                                                                       0.00       2.07 r                   
  gemm_unit/u_in_scaler_vec/g_lane_9__u_mul/result_buffer/g_eb1_pipe_buffer/g_register_g_pipe_regs_0__pipe_register/g_shift_register/data_in[2] (net)                                                                                                                                 0.00       2.07 r                   
  gemm_unit/u_in_scaler_vec/g_lane_9__u_mul/result_buffer/g_eb1_pipe_buffer/g_register_g_pipe_regs_0__pipe_register/g_shift_register/g_shift_pipe_reg_0__2_/D (DFFQ_X3M_A9TR)                                                                                               0.03      0.00 *     2.07 r                   0.90
  data arrival time                                                                                                                                                                                                                                                                              2.07                     

  clock CLK (rise edge)                                                                                                                                                                                                                                                               1.00       1.00                     
  clock network delay (ideal)                                                                                                                                                                                                                                                         0.00       1.00                     
  gemm_unit/u_in_scaler_vec/g_lane_9__u_mul/result_buffer/g_eb1_pipe_buffer/g_register_g_pipe_regs_0__pipe_register/g_shift_register/g_shift_pipe_reg_0__2_/CK (DFFQ_X3M_A9TR)                                                                                                        0.00       1.00 r                   
  library setup time                                                                                                                                                                                                                                                                 -0.02       0.98                     
  data required time                                                                                                                                                                                                                                                                             0.98                     
  -------------------------------------------------------------------------------------------------------------------------------------------------------------------------------------------------------------------------------------------------------------------------------------------------------------------------------------
  data required time                                                                                                                                                                                                                                                                             0.98                     
  data arrival time                                                                                                                                                                                                                                                                             -2.07                     
  -------------------------------------------------------------------------------------------------------------------------------------------------------------------------------------------------------------------------------------------------------------------------------------------------------------------------------------
  slack (VIOLATED)                                                                                                                                                                                                                                                                              -1.09                     


  Startpoint: gemm_unit/u_in_scaler_vec/g_lane_4__u_mul/input_buffer/g_eb1_pipe_buffer/g_register_g_pipe_regs_0__pipe_register/g_shift_register/g_shift_pipe_reg_0__19_
              (rising edge-triggered flip-flop clocked by CLK)
  Endpoint: gemm_unit/u_in_scaler_vec/g_lane_4__u_mul/result_buffer/g_eb1_pipe_buffer/g_register_g_pipe_regs_0__pipe_register/g_shift_register/g_shift_pipe_reg_0__13_
            (rising edge-triggered flip-flop clocked by CLK)
  Scenario: mode_norm.OC_rvt_ss_0p900v_125c
  Path Group: CLK
  Path Type: max

Attributes:
    d - dont_touch
    u - dont_use
   mo - map_only
   so - size_only
    i - ideal_net or ideal_network
  inf - infeasible path

  Point                                                                                                                                                                                                                                                         Fanout     Trans      Incr       Path      Attributes     Voltage
  -------------------------------------------------------------------------------------------------------------------------------------------------------------------------------------------------------------------------------------------------------------------------------------------------------------------------------------
  clock CLK (rise edge)                                                                                                                                                                                                                                                               0.00       0.00                     
  clock network delay (ideal)                                                                                                                                                                                                                                                         0.00       0.00                     
  gemm_unit/u_in_scaler_vec/g_lane_4__u_mul/input_buffer/g_eb1_pipe_buffer/g_register_g_pipe_regs_0__pipe_register/g_shift_register/g_shift_pipe_reg_0__19_/CK (DFFQ_X4M_A9TR)                                                                                              0.00      0.00       0.00 r    i              0.90
  gemm_unit/u_in_scaler_vec/g_lane_4__u_mul/input_buffer/g_eb1_pipe_buffer/g_register_g_pipe_regs_0__pipe_register/g_shift_register/g_shift_pipe_reg_0__19_/Q (DFFQ_X4M_A9TR)                                                                                               0.01      0.09       0.09 f                   0.90
  gemm_unit/u_in_scaler_vec/g_lane_4__u_mul/input_buffer/g_eb1_pipe_buffer/g_register_g_pipe_regs_0__pipe_register/g_shift_register/data_out[19] (net)                                                                                                            1                   0.00       0.09 f                   
  gemm_unit/u_in_scaler_vec/g_lane_4__u_mul/input_buffer/g_eb1_pipe_buffer/g_register_g_pipe_regs_0__pipe_register/g_shift_register/data_out[19] (VX_shift_register_33_1_1_0_123)                                                                                                     0.00       0.09 f                   
  gemm_unit/u_in_scaler_vec/g_lane_4__u_mul/input_buffer/g_eb1_pipe_buffer/g_register_g_pipe_regs_0__pipe_register/data_out[19] (net)                                                                                                                                                 0.00       0.09 f                   
  gemm_unit/u_in_scaler_vec/g_lane_4__u_mul/input_buffer/g_eb1_pipe_buffer/g_register_g_pipe_regs_0__pipe_register/data_out[19] (VX_pipe_register_12_123)                                                                                                                             0.00       0.09 f                   
  gemm_unit/u_in_scaler_vec/g_lane_4__u_mul/input_buffer/g_eb1_pipe_buffer/data_out[19] (net)                                                                                                                                                                                         0.00       0.09 f                   
  gemm_unit/u_in_scaler_vec/g_lane_4__u_mul/input_buffer/g_eb1_pipe_buffer/data_out[19] (VX_pipe_buffer_16_123)                                                                                                                                                                       0.00       0.09 f                   
  gemm_unit/u_in_scaler_vec/g_lane_4__u_mul/input_buffer/data_out[19] (net)                                                                                                                                                                                                           0.00       0.09 f                   
  gemm_unit/u_in_scaler_vec/g_lane_4__u_mul/input_buffer/data_out[19] (VX_elastic_buffer_5_27)                                                                                                                                                                                        0.00       0.09 f                   
  gemm_unit/u_in_scaler_vec/g_lane_4__u_mul/fpnew_inputs_data[19] (net)                                                                                                                                                                                                               0.00       0.09 f                   
  gemm_unit/u_in_scaler_vec/g_lane_4__u_mul/fpnew_mul/operands_i[19] (fpnew_top_00000008042__logic_Z_1yB__566949_27)                                                                                                                                                                  0.00       0.09 f                   
  gemm_unit/u_in_scaler_vec/g_lane_4__u_mul/fpnew_mul/operands_i[19] (net)                                                                                                                                                                                                            0.00       0.09 f                   
  gemm_unit/u_in_scaler_vec/g_lane_4__u_mul/fpnew_mul/gen_operation_groups_0__i_opgroup_block/operands_i[19] (fpnew_opgroup_block_0_00000010_0_2_04_2_155_3__logic_Z_1yB__00000000_388949_27)                                                                                         0.00       0.09 f                   
  gemm_unit/u_in_scaler_vec/g_lane_4__u_mul/fpnew_mul/gen_operation_groups_0__i_opgroup_block/operands_i[19] (net)                                                                                                                                                                    0.00       0.09 f                   
  gemm_unit/u_in_scaler_vec/g_lane_4__u_mul/fpnew_mul/gen_operation_groups_0__i_opgroup_block/U6/Y (BUF_X13M_A9TR)                                                                                                                                                          0.03      0.04 *     0.14 f                   0.90
  gemm_unit/u_in_scaler_vec/g_lane_4__u_mul/fpnew_mul/gen_operation_groups_0__i_opgroup_block/n50 (net)                                                                                                                                                          18                   0.00       0.14 f                   
  gemm_unit/u_in_scaler_vec/g_lane_4__u_mul/fpnew_mul/gen_operation_groups_0__i_opgroup_block/gen_parallel_slices_2__active_format_i_fmt_slice/operands_i[19] (fpnew_opgroup_fmt_slice_0_2_00000010_0_00000000_3__logic_Z_1yB__00000000_27)                                           0.00       0.14 f                   
  gemm_unit/u_in_scaler_vec/g_lane_4__u_mul/fpnew_mul/gen_operation_groups_0__i_opgroup_block/gen_parallel_slices_2__active_format_i_fmt_slice/operands_i[19] (net)                                                                                                                   0.00       0.14 f                   
  gemm_unit/u_in_scaler_vec/g_lane_4__u_mul/fpnew_mul/gen_operation_groups_0__i_opgroup_block/gen_parallel_slices_2__active_format_i_fmt_slice/gen_num_lanes_0__active_lane_lane_instance_i_fma/operands_i[19] (fpnew_fma_2_00000000_3__logic_Z_1yB___logic_Z_1yB__27)                0.00       0.14 f                   
  gemm_unit/u_in_scaler_vec/g_lane_4__u_mul/fpnew_mul/gen_operation_groups_0__i_opgroup_block/gen_parallel_slices_2__active_format_i_fmt_slice/gen_num_lanes_0__active_lane_lane_instance_i_fma/operands_i[19] (net)                                                                  0.00       0.14 f                   
  gemm_unit/u_in_scaler_vec/g_lane_4__u_mul/fpnew_mul/gen_operation_groups_0__i_opgroup_block/gen_parallel_slices_2__active_format_i_fmt_slice/gen_num_lanes_0__active_lane_lane_instance_i_fma/U1190/Y (XNOR2_X4M_A9TR)                                                    0.04      0.04 *     0.18 f                   0.90
  gemm_unit/u_in_scaler_vec/g_lane_4__u_mul/fpnew_mul/gen_operation_groups_0__i_opgroup_block/gen_parallel_slices_2__active_format_i_fmt_slice/gen_num_lanes_0__active_lane_lane_instance_i_fma/n576 (net)                                                        3                   0.00       0.18 f                   
  gemm_unit/u_in_scaler_vec/g_lane_4__u_mul/fpnew_mul/gen_operation_groups_0__i_opgroup_block/gen_parallel_slices_2__active_format_i_fmt_slice/gen_num_lanes_0__active_lane_lane_instance_i_fma/U466/Y (BUFH_X6M_A9TR)                                                      0.02      0.04 *     0.23 f                   0.90
  gemm_unit/u_in_scaler_vec/g_lane_4__u_mul/fpnew_mul/gen_operation_groups_0__i_opgroup_block/gen_parallel_slices_2__active_format_i_fmt_slice/gen_num_lanes_0__active_lane_lane_instance_i_fma/n1570 (net)                                                      12                   0.00       0.23 f                   
  gemm_unit/u_in_scaler_vec/g_lane_4__u_mul/fpnew_mul/gen_operation_groups_0__i_opgroup_block/gen_parallel_slices_2__active_format_i_fmt_slice/gen_num_lanes_0__active_lane_lane_instance_i_fma/U71/Y (OAI22_X1M_A9TR)                                                      0.14      0.09 *     0.32 r                   0.90
  gemm_unit/u_in_scaler_vec/g_lane_4__u_mul/fpnew_mul/gen_operation_groups_0__i_opgroup_block/gen_parallel_slices_2__active_format_i_fmt_slice/gen_num_lanes_0__active_lane_lane_instance_i_fma/n451 (net)                                                        3                   0.00       0.32 r                   
  gemm_unit/u_in_scaler_vec/g_lane_4__u_mul/fpnew_mul/gen_operation_groups_0__i_opgroup_block/gen_parallel_slices_2__active_format_i_fmt_slice/gen_num_lanes_0__active_lane_lane_instance_i_fma/U1154/Y (XNOR2_X1P4M_A9TR)                                                  0.07      0.06 *     0.37 r                   0.90
  gemm_unit/u_in_scaler_vec/g_lane_4__u_mul/fpnew_mul/gen_operation_groups_0__i_opgroup_block/gen_parallel_slices_2__active_format_i_fmt_slice/gen_num_lanes_0__active_lane_lane_instance_i_fma/n1607 (net)                                                       1                   0.00       0.37 r                   
  gemm_unit/u_in_scaler_vec/g_lane_4__u_mul/fpnew_mul/gen_operation_groups_0__i_opgroup_block/gen_parallel_slices_2__active_format_i_fmt_slice/gen_num_lanes_0__active_lane_lane_instance_i_fma/U1153/Y (XNOR2_X1P4M_A9TR)                                                  0.07      0.06 *     0.43 r                   0.90
  gemm_unit/u_in_scaler_vec/g_lane_4__u_mul/fpnew_mul/gen_operation_groups_0__i_opgroup_block/gen_parallel_slices_2__active_format_i_fmt_slice/gen_num_lanes_0__active_lane_lane_instance_i_fma/n445 (net)                                                        2                   0.00       0.43 r                   
  gemm_unit/u_in_scaler_vec/g_lane_4__u_mul/fpnew_mul/gen_operation_groups_0__i_opgroup_block/gen_parallel_slices_2__active_format_i_fmt_slice/gen_num_lanes_0__active_lane_lane_instance_i_fma/U499/Y (OR2_X1P4B_A9TR)                                                     0.03      0.07 *     0.50 r                   0.90
  gemm_unit/u_in_scaler_vec/g_lane_4__u_mul/fpnew_mul/gen_operation_groups_0__i_opgroup_block/gen_parallel_slices_2__active_format_i_fmt_slice/gen_num_lanes_0__active_lane_lane_instance_i_fma/n667 (net)                                                        2                   0.00       0.50 r                   
  gemm_unit/u_in_scaler_vec/g_lane_4__u_mul/fpnew_mul/gen_operation_groups_0__i_opgroup_block/gen_parallel_slices_2__active_format_i_fmt_slice/gen_num_lanes_0__active_lane_lane_instance_i_fma/U112/Y (AOI21_X3M_A9TR)                                                     0.04      0.03 *     0.54 f                   0.90
  gemm_unit/u_in_scaler_vec/g_lane_4__u_mul/fpnew_mul/gen_operation_groups_0__i_opgroup_block/gen_parallel_slices_2__active_format_i_fmt_slice/gen_num_lanes_0__active_lane_lane_instance_i_fma/n673 (net)                                                        2                   0.00       0.54 f                   
  gemm_unit/u_in_scaler_vec/g_lane_4__u_mul/fpnew_mul/gen_operation_groups_0__i_opgroup_block/gen_parallel_slices_2__active_format_i_fmt_slice/gen_num_lanes_0__active_lane_lane_instance_i_fma/U117/Y (OAI21_X4M_A9TR)                                                     0.05      0.04 *     0.58 r                   0.90
  gemm_unit/u_in_scaler_vec/g_lane_4__u_mul/fpnew_mul/gen_operation_groups_0__i_opgroup_block/gen_parallel_slices_2__active_format_i_fmt_slice/gen_num_lanes_0__active_lane_lane_instance_i_fma/n527 (net)                                                        2                   0.00       0.58 r                   
  gemm_unit/u_in_scaler_vec/g_lane_4__u_mul/fpnew_mul/gen_operation_groups_0__i_opgroup_block/gen_parallel_slices_2__active_format_i_fmt_slice/gen_num_lanes_0__active_lane_lane_instance_i_fma/U1222/Y (AOI21_X4M_A9TR)                                                    0.03      0.04 *     0.62 f                   0.90
  gemm_unit/u_in_scaler_vec/g_lane_4__u_mul/fpnew_mul/gen_operation_groups_0__i_opgroup_block/gen_parallel_slices_2__active_format_i_fmt_slice/gen_num_lanes_0__active_lane_lane_instance_i_fma/n678 (net)                                                        2                   0.00       0.62 f                   
  gemm_unit/u_in_scaler_vec/g_lane_4__u_mul/fpnew_mul/gen_operation_groups_0__i_opgroup_block/gen_parallel_slices_2__active_format_i_fmt_slice/gen_num_lanes_0__active_lane_lane_instance_i_fma/U146/Y (OAI21_X6M_A9TR)                                                     0.05      0.05 *     0.67 r                   0.90
  gemm_unit/u_in_scaler_vec/g_lane_4__u_mul/fpnew_mul/gen_operation_groups_0__i_opgroup_block/gen_parallel_slices_2__active_format_i_fmt_slice/gen_num_lanes_0__active_lane_lane_instance_i_fma/n680 (net)                                                        4                   0.00       0.67 r                   
  gemm_unit/u_in_scaler_vec/g_lane_4__u_mul/fpnew_mul/gen_operation_groups_0__i_opgroup_block/gen_parallel_slices_2__active_format_i_fmt_slice/gen_num_lanes_0__active_lane_lane_instance_i_fma/U322/Y (INV_X0P7M_A9TR)                                                     0.03      0.03 *     0.70 f                   0.90
  gemm_unit/u_in_scaler_vec/g_lane_4__u_mul/fpnew_mul/gen_operation_groups_0__i_opgroup_block/gen_parallel_slices_2__active_format_i_fmt_slice/gen_num_lanes_0__active_lane_lane_instance_i_fma/n685 (net)                                                        1                   0.00       0.70 f                   
  gemm_unit/u_in_scaler_vec/g_lane_4__u_mul/fpnew_mul/gen_operation_groups_0__i_opgroup_block/gen_parallel_slices_2__active_format_i_fmt_slice/gen_num_lanes_0__active_lane_lane_instance_i_fma/U325/Y (XOR2_X2M_A9TR)                                                      0.06      0.05 *     0.75 f                   0.90
  gemm_unit/u_in_scaler_vec/g_lane_4__u_mul/fpnew_mul/gen_operation_groups_0__i_opgroup_block/gen_parallel_slices_2__active_format_i_fmt_slice/gen_num_lanes_0__active_lane_lane_instance_i_fma/sum_pos[12] (net)                                                 5                   0.00       0.75 f                   
  gemm_unit/u_in_scaler_vec/g_lane_4__u_mul/fpnew_mul/gen_operation_groups_0__i_opgroup_block/gen_parallel_slices_2__active_format_i_fmt_slice/gen_num_lanes_0__active_lane_lane_instance_i_fma/i_lzc/in_i[12] (lzc_00000019_1_27)                                                    0.00       0.75 f                   
  gemm_unit/u_in_scaler_vec/g_lane_4__u_mul/fpnew_mul/gen_operation_groups_0__i_opgroup_block/gen_parallel_slices_2__active_format_i_fmt_slice/gen_num_lanes_0__active_lane_lane_instance_i_fma/i_lzc/in_i[12] (net)                                                                  0.00       0.75 f                   
  gemm_unit/u_in_scaler_vec/g_lane_4__u_mul/fpnew_mul/gen_operation_groups_0__i_opgroup_block/gen_parallel_slices_2__active_format_i_fmt_slice/gen_num_lanes_0__active_lane_lane_instance_i_fma/i_lzc/U3/Y (OR2_X2M_A9TR)                                                   0.02      0.06 *     0.82 f                   0.90
  gemm_unit/u_in_scaler_vec/g_lane_4__u_mul/fpnew_mul/gen_operation_groups_0__i_opgroup_block/gen_parallel_slices_2__active_format_i_fmt_slice/gen_num_lanes_0__active_lane_lane_instance_i_fma/i_lzc/n101 (net)                                                  2                   0.00       0.82 f                   
  gemm_unit/u_in_scaler_vec/g_lane_4__u_mul/fpnew_mul/gen_operation_groups_0__i_opgroup_block/gen_parallel_slices_2__active_format_i_fmt_slice/gen_num_lanes_0__active_lane_lane_instance_i_fma/i_lzc/U41/Y (NOR3_X4M_A9TR)                                                 0.04      0.03 *     0.85 r                   0.90
  gemm_unit/u_in_scaler_vec/g_lane_4__u_mul/fpnew_mul/gen_operation_groups_0__i_opgroup_block/gen_parallel_slices_2__active_format_i_fmt_slice/gen_num_lanes_0__active_lane_lane_instance_i_fma/i_lzc/n158 (net)                                                  1                   0.00       0.85 r                   
  gemm_unit/u_in_scaler_vec/g_lane_4__u_mul/fpnew_mul/gen_operation_groups_0__i_opgroup_block/gen_parallel_slices_2__active_format_i_fmt_slice/gen_num_lanes_0__active_lane_lane_instance_i_fma/i_lzc/U9/Y (NAND3_X2A_A9TR)                                                 0.04      0.04 *     0.88 f                   0.90
  gemm_unit/u_in_scaler_vec/g_lane_4__u_mul/fpnew_mul/gen_operation_groups_0__i_opgroup_block/gen_parallel_slices_2__active_format_i_fmt_slice/gen_num_lanes_0__active_lane_lane_instance_i_fma/i_lzc/n80 (net)                                                   1                   0.00       0.88 f                   
  gemm_unit/u_in_scaler_vec/g_lane_4__u_mul/fpnew_mul/gen_operation_groups_0__i_opgroup_block/gen_parallel_slices_2__active_format_i_fmt_slice/gen_num_lanes_0__active_lane_lane_instance_i_fma/i_lzc/U74/Y (NOR2_X4A_A9TR)                                                 0.05      0.04 *     0.93 r                   0.90
  gemm_unit/u_in_scaler_vec/g_lane_4__u_mul/fpnew_mul/gen_operation_groups_0__i_opgroup_block/gen_parallel_slices_2__active_format_i_fmt_slice/gen_num_lanes_0__active_lane_lane_instance_i_fma/i_lzc/n162 (net)                                                  2                   0.00       0.93 r                   
  gemm_unit/u_in_scaler_vec/g_lane_4__u_mul/fpnew_mul/gen_operation_groups_0__i_opgroup_block/gen_parallel_slices_2__active_format_i_fmt_slice/gen_num_lanes_0__active_lane_lane_instance_i_fma/i_lzc/U33/Y (NAND3_X6A_A9TR)                                                0.04      0.04 *     0.96 f                   0.90
  gemm_unit/u_in_scaler_vec/g_lane_4__u_mul/fpnew_mul/gen_operation_groups_0__i_opgroup_block/gen_parallel_slices_2__active_format_i_fmt_slice/gen_num_lanes_0__active_lane_lane_instance_i_fma/i_lzc/n157 (net)                                                  4                   0.00       0.96 f                   
  gemm_unit/u_in_scaler_vec/g_lane_4__u_mul/fpnew_mul/gen_operation_groups_0__i_opgroup_block/gen_parallel_slices_2__active_format_i_fmt_slice/gen_num_lanes_0__active_lane_lane_instance_i_fma/i_lzc/U52/Y (NOR2_X6M_A9TR)                                                 0.04      0.04 *     1.00 r                   0.90
  gemm_unit/u_in_scaler_vec/g_lane_4__u_mul/fpnew_mul/gen_operation_groups_0__i_opgroup_block/gen_parallel_slices_2__active_format_i_fmt_slice/gen_num_lanes_0__active_lane_lane_instance_i_fma/i_lzc/cnt_o[4] (net)                                              5                   0.00       1.00 r                   
  gemm_unit/u_in_scaler_vec/g_lane_4__u_mul/fpnew_mul/gen_operation_groups_0__i_opgroup_block/gen_parallel_slices_2__active_format_i_fmt_slice/gen_num_lanes_0__active_lane_lane_instance_i_fma/i_lzc/cnt_o[4] (lzc_00000019_1_27)                                                    0.00       1.00 r                   
  gemm_unit/u_in_scaler_vec/g_lane_4__u_mul/fpnew_mul/gen_operation_groups_0__i_opgroup_block/gen_parallel_slices_2__active_format_i_fmt_slice/gen_num_lanes_0__active_lane_lane_instance_i_fma/leading_zero_count[4] (net)                                                           0.00       1.00 r                   
  gemm_unit/u_in_scaler_vec/g_lane_4__u_mul/fpnew_mul/gen_operation_groups_0__i_opgroup_block/gen_parallel_slices_2__active_format_i_fmt_slice/gen_num_lanes_0__active_lane_lane_instance_i_fma/U448/Y (INV_X2M_A9TR)                                                       0.02      0.02 *     1.02 f                   0.90
  gemm_unit/u_in_scaler_vec/g_lane_4__u_mul/fpnew_mul/gen_operation_groups_0__i_opgroup_block/gen_parallel_slices_2__active_format_i_fmt_slice/gen_num_lanes_0__active_lane_lane_instance_i_fma/n881 (net)                                                        2                   0.00       1.02 f                   
  gemm_unit/u_in_scaler_vec/g_lane_4__u_mul/fpnew_mul/gen_operation_groups_0__i_opgroup_block/gen_parallel_slices_2__active_format_i_fmt_slice/gen_num_lanes_0__active_lane_lane_instance_i_fma/U1195/Y (NAND2_X2B_A9TR)                                                    0.02      0.02 *     1.04 r                   0.90
  gemm_unit/u_in_scaler_vec/g_lane_4__u_mul/fpnew_mul/gen_operation_groups_0__i_opgroup_block/gen_parallel_slices_2__active_format_i_fmt_slice/gen_num_lanes_0__active_lane_lane_instance_i_fma/n1672 (net)                                                       1                   0.00       1.04 r                   
  gemm_unit/u_in_scaler_vec/g_lane_4__u_mul/fpnew_mul/gen_operation_groups_0__i_opgroup_block/gen_parallel_slices_2__active_format_i_fmt_slice/gen_num_lanes_0__active_lane_lane_instance_i_fma/U230/Y (NAND2_X2B_A9TR)                                                     0.02      0.02 *     1.06 f                   0.90
  gemm_unit/u_in_scaler_vec/g_lane_4__u_mul/fpnew_mul/gen_operation_groups_0__i_opgroup_block/gen_parallel_slices_2__active_format_i_fmt_slice/gen_num_lanes_0__active_lane_lane_instance_i_fma/n1546 (net)                                                       1                   0.00       1.06 f                   
  gemm_unit/u_in_scaler_vec/g_lane_4__u_mul/fpnew_mul/gen_operation_groups_0__i_opgroup_block/gen_parallel_slices_2__active_format_i_fmt_slice/gen_num_lanes_0__active_lane_lane_instance_i_fma/U227/Y (INV_X1P7B_A9TR)                                                     0.02      0.02 *     1.08 r                   0.90
  gemm_unit/u_in_scaler_vec/g_lane_4__u_mul/fpnew_mul/gen_operation_groups_0__i_opgroup_block/gen_parallel_slices_2__active_format_i_fmt_slice/gen_num_lanes_0__active_lane_lane_instance_i_fma/n1576 (net)                                                       1                   0.00       1.08 r                   
  gemm_unit/u_in_scaler_vec/g_lane_4__u_mul/fpnew_mul/gen_operation_groups_0__i_opgroup_block/gen_parallel_slices_2__active_format_i_fmt_slice/gen_num_lanes_0__active_lane_lane_instance_i_fma/U244/Y (NAND2_X2B_A9TR)                                                     0.03      0.02 *     1.10 f                   0.90
  gemm_unit/u_in_scaler_vec/g_lane_4__u_mul/fpnew_mul/gen_operation_groups_0__i_opgroup_block/gen_parallel_slices_2__active_format_i_fmt_slice/gen_num_lanes_0__active_lane_lane_instance_i_fma/n1548 (net)                                                       1                   0.00       1.10 f                   
  gemm_unit/u_in_scaler_vec/g_lane_4__u_mul/fpnew_mul/gen_operation_groups_0__i_opgroup_block/gen_parallel_slices_2__active_format_i_fmt_slice/gen_num_lanes_0__active_lane_lane_instance_i_fma/U243/Y (NOR2_X6M_A9TR)                                                      0.05      0.04 *     1.14 r                   0.90
  gemm_unit/u_in_scaler_vec/g_lane_4__u_mul/fpnew_mul/gen_operation_groups_0__i_opgroup_block/gen_parallel_slices_2__active_format_i_fmt_slice/gen_num_lanes_0__active_lane_lane_instance_i_fma/n1685 (net)                                                       2                   0.00       1.14 r                   
  gemm_unit/u_in_scaler_vec/g_lane_4__u_mul/fpnew_mul/gen_operation_groups_0__i_opgroup_block/gen_parallel_slices_2__active_format_i_fmt_slice/gen_num_lanes_0__active_lane_lane_instance_i_fma/U269/Y (NAND2_X6B_A9TR)                                                     0.03      0.03 *     1.18 f                   0.90
  gemm_unit/u_in_scaler_vec/g_lane_4__u_mul/fpnew_mul/gen_operation_groups_0__i_opgroup_block/gen_parallel_slices_2__active_format_i_fmt_slice/gen_num_lanes_0__active_lane_lane_instance_i_fma/n983 (net)                                                        3                   0.00       1.18 f                   
  gemm_unit/u_in_scaler_vec/g_lane_4__u_mul/fpnew_mul/gen_operation_groups_0__i_opgroup_block/gen_parallel_slices_2__active_format_i_fmt_slice/gen_num_lanes_0__active_lane_lane_instance_i_fma/U1131/Y (OA21_X6M_A9TR)                                                     0.03      0.06 *     1.24 f                   0.90
  gemm_unit/u_in_scaler_vec/g_lane_4__u_mul/fpnew_mul/gen_operation_groups_0__i_opgroup_block/gen_parallel_slices_2__active_format_i_fmt_slice/gen_num_lanes_0__active_lane_lane_instance_i_fma/n1612 (net)                                                       2                   0.00       1.24 f                   
  gemm_unit/u_in_scaler_vec/g_lane_4__u_mul/fpnew_mul/gen_operation_groups_0__i_opgroup_block/gen_parallel_slices_2__active_format_i_fmt_slice/gen_num_lanes_0__active_lane_lane_instance_i_fma/U222/Y (NAND2_X8B_A9TR)                                                     0.03      0.03 *     1.26 r                   0.90
  gemm_unit/u_in_scaler_vec/g_lane_4__u_mul/fpnew_mul/gen_operation_groups_0__i_opgroup_block/gen_parallel_slices_2__active_format_i_fmt_slice/gen_num_lanes_0__active_lane_lane_instance_i_fma/n1545 (net)                                                       4                   0.00       1.26 r                   
  gemm_unit/u_in_scaler_vec/g_lane_4__u_mul/fpnew_mul/gen_operation_groups_0__i_opgroup_block/gen_parallel_slices_2__active_format_i_fmt_slice/gen_num_lanes_0__active_lane_lane_instance_i_fma/U467/Y (INV_X6M_A9TR)                                                       0.02      0.02 *     1.28 f                   0.90
  gemm_unit/u_in_scaler_vec/g_lane_4__u_mul/fpnew_mul/gen_operation_groups_0__i_opgroup_block/gen_parallel_slices_2__active_format_i_fmt_slice/gen_num_lanes_0__active_lane_lane_instance_i_fma/n999 (net)                                                        3                   0.00       1.28 f                   
  gemm_unit/u_in_scaler_vec/g_lane_4__u_mul/fpnew_mul/gen_operation_groups_0__i_opgroup_block/gen_parallel_slices_2__active_format_i_fmt_slice/gen_num_lanes_0__active_lane_lane_instance_i_fma/U397/Y (NOR2_X8A_A9TR)                                                      0.04      0.04 *     1.32 r                   0.90
  gemm_unit/u_in_scaler_vec/g_lane_4__u_mul/fpnew_mul/gen_operation_groups_0__i_opgroup_block/gen_parallel_slices_2__active_format_i_fmt_slice/gen_num_lanes_0__active_lane_lane_instance_i_fma/n1563 (net)                                                       6                   0.00       1.32 r                   
  gemm_unit/u_in_scaler_vec/g_lane_4__u_mul/fpnew_mul/gen_operation_groups_0__i_opgroup_block/gen_parallel_slices_2__active_format_i_fmt_slice/gen_num_lanes_0__active_lane_lane_instance_i_fma/U571/Y (BUF_X2M_A9TR)                                                       0.06      0.06 *     1.38 r                   0.90
  gemm_unit/u_in_scaler_vec/g_lane_4__u_mul/fpnew_mul/gen_operation_groups_0__i_opgroup_block/gen_parallel_slices_2__active_format_i_fmt_slice/gen_num_lanes_0__active_lane_lane_instance_i_fma/n1609 (net)                                                       9                   0.00       1.38 r                   
  gemm_unit/u_in_scaler_vec/g_lane_4__u_mul/fpnew_mul/gen_operation_groups_0__i_opgroup_block/gen_parallel_slices_2__active_format_i_fmt_slice/gen_num_lanes_0__active_lane_lane_instance_i_fma/U828/Y (NAND2_X1B_A9TR)                                                     0.04      0.03 *     1.41 f                   0.90
  gemm_unit/u_in_scaler_vec/g_lane_4__u_mul/fpnew_mul/gen_operation_groups_0__i_opgroup_block/gen_parallel_slices_2__active_format_i_fmt_slice/gen_num_lanes_0__active_lane_lane_instance_i_fma/n1185 (net)                                                       1                   0.00       1.41 f                   
  gemm_unit/u_in_scaler_vec/g_lane_4__u_mul/fpnew_mul/gen_operation_groups_0__i_opgroup_block/gen_parallel_slices_2__active_format_i_fmt_slice/gen_num_lanes_0__active_lane_lane_instance_i_fma/U832/Y (NAND4_X2A_A9TR)                                                     0.06      0.04 *     1.45 r                   0.90
  gemm_unit/u_in_scaler_vec/g_lane_4__u_mul/fpnew_mul/gen_operation_groups_0__i_opgroup_block/gen_parallel_slices_2__active_format_i_fmt_slice/gen_num_lanes_0__active_lane_lane_instance_i_fma/n1413 (net)                                                       4                   0.00       1.45 r                   
  gemm_unit/u_in_scaler_vec/g_lane_4__u_mul/fpnew_mul/gen_operation_groups_0__i_opgroup_block/gen_parallel_slices_2__active_format_i_fmt_slice/gen_num_lanes_0__active_lane_lane_instance_i_fma/U947/Y (OR2_X1M_A9TR)                                                       0.03      0.06 *     1.51 r                   0.90
  gemm_unit/u_in_scaler_vec/g_lane_4__u_mul/fpnew_mul/gen_operation_groups_0__i_opgroup_block/gen_parallel_slices_2__active_format_i_fmt_slice/gen_num_lanes_0__active_lane_lane_instance_i_fma/n1281 (net)                                                       1                   0.00       1.51 r                   
  gemm_unit/u_in_scaler_vec/g_lane_4__u_mul/fpnew_mul/gen_operation_groups_0__i_opgroup_block/gen_parallel_slices_2__active_format_i_fmt_slice/gen_num_lanes_0__active_lane_lane_instance_i_fma/U951/Y (NAND4_X2A_A9TR)                                                     0.05      0.04 *     1.55 f                   0.90
  gemm_unit/u_in_scaler_vec/g_lane_4__u_mul/fpnew_mul/gen_operation_groups_0__i_opgroup_block/gen_parallel_slices_2__active_format_i_fmt_slice/gen_num_lanes_0__active_lane_lane_instance_i_fma/n1397 (net)                                                       2                   0.00       1.55 f                   
  gemm_unit/u_in_scaler_vec/g_lane_4__u_mul/fpnew_mul/gen_operation_groups_0__i_opgroup_block/gen_parallel_slices_2__active_format_i_fmt_slice/gen_num_lanes_0__active_lane_lane_instance_i_fma/U953/Y (OAI21_X2M_A9TR)                                                     0.05      0.06 *     1.60 r                   0.90
  gemm_unit/u_in_scaler_vec/g_lane_4__u_mul/fpnew_mul/gen_operation_groups_0__i_opgroup_block/gen_parallel_slices_2__active_format_i_fmt_slice/gen_num_lanes_0__active_lane_lane_instance_i_fma/n1364 (net)                                                       2                   0.00       1.60 r                   
  gemm_unit/u_in_scaler_vec/g_lane_4__u_mul/fpnew_mul/gen_operation_groups_0__i_opgroup_block/gen_parallel_slices_2__active_format_i_fmt_slice/gen_num_lanes_0__active_lane_lane_instance_i_fma/U954/Y (INV_X2M_A9TR)                                                       0.02      0.02 *     1.62 f                   0.90
  gemm_unit/u_in_scaler_vec/g_lane_4__u_mul/fpnew_mul/gen_operation_groups_0__i_opgroup_block/gen_parallel_slices_2__active_format_i_fmt_slice/gen_num_lanes_0__active_lane_lane_instance_i_fma/n1349 (net)                                                       2                   0.00       1.62 f                   
  gemm_unit/u_in_scaler_vec/g_lane_4__u_mul/fpnew_mul/gen_operation_groups_0__i_opgroup_block/gen_parallel_slices_2__active_format_i_fmt_slice/gen_num_lanes_0__active_lane_lane_instance_i_fma/U960/Y (OAI22_X1M_A9TR)                                                     0.06      0.05 *     1.67 r                   0.90
  gemm_unit/u_in_scaler_vec/g_lane_4__u_mul/fpnew_mul/gen_operation_groups_0__i_opgroup_block/gen_parallel_slices_2__active_format_i_fmt_slice/gen_num_lanes_0__active_lane_lane_instance_i_fma/n1303 (net)                                                       1                   0.00       1.67 r                   
  gemm_unit/u_in_scaler_vec/g_lane_4__u_mul/fpnew_mul/gen_operation_groups_0__i_opgroup_block/gen_parallel_slices_2__active_format_i_fmt_slice/gen_num_lanes_0__active_lane_lane_instance_i_fma/U969/Y (OR2_X1P4M_A9TR)                                                     0.03      0.06 *     1.73 r                   0.90
  gemm_unit/u_in_scaler_vec/g_lane_4__u_mul/fpnew_mul/gen_operation_groups_0__i_opgroup_block/gen_parallel_slices_2__active_format_i_fmt_slice/gen_num_lanes_0__active_lane_lane_instance_i_fma/n1304 (net)                                                       1                   0.00       1.73 r                   
  gemm_unit/u_in_scaler_vec/g_lane_4__u_mul/fpnew_mul/gen_operation_groups_0__i_opgroup_block/gen_parallel_slices_2__active_format_i_fmt_slice/gen_num_lanes_0__active_lane_lane_instance_i_fma/U970/Y (OR2_X6M_A9TR)                                                       0.02      0.05 *     1.78 r                   0.90
  gemm_unit/u_in_scaler_vec/g_lane_4__u_mul/fpnew_mul/gen_operation_groups_0__i_opgroup_block/gen_parallel_slices_2__active_format_i_fmt_slice/gen_num_lanes_0__active_lane_lane_instance_i_fma/pre_round_mantissa[7] (net)                                       6                   0.00       1.78 r                   
  gemm_unit/u_in_scaler_vec/g_lane_4__u_mul/fpnew_mul/gen_operation_groups_0__i_opgroup_block/gen_parallel_slices_2__active_format_i_fmt_slice/gen_num_lanes_0__active_lane_lane_instance_i_fma/i_fpnew_rounding/abs_value_i[7] (fpnew_rounding_0000000f_27)                          0.00       1.78 r                   
  gemm_unit/u_in_scaler_vec/g_lane_4__u_mul/fpnew_mul/gen_operation_groups_0__i_opgroup_block/gen_parallel_slices_2__active_format_i_fmt_slice/gen_num_lanes_0__active_lane_lane_instance_i_fma/i_fpnew_rounding/abs_value_i[7] (net)                                                 0.00       1.78 r                   
  gemm_unit/u_in_scaler_vec/g_lane_4__u_mul/fpnew_mul/gen_operation_groups_0__i_opgroup_block/gen_parallel_slices_2__active_format_i_fmt_slice/gen_num_lanes_0__active_lane_lane_instance_i_fma/i_fpnew_rounding/U20/Y (NAND3_X3A_A9TR)                                     0.03      0.03 *     1.81 f                   0.90
  gemm_unit/u_in_scaler_vec/g_lane_4__u_mul/fpnew_mul/gen_operation_groups_0__i_opgroup_block/gen_parallel_slices_2__active_format_i_fmt_slice/gen_num_lanes_0__active_lane_lane_instance_i_fma/i_fpnew_rounding/n150 (net)                                       1                   0.00       1.81 f                   
  gemm_unit/u_in_scaler_vec/g_lane_4__u_mul/fpnew_mul/gen_operation_groups_0__i_opgroup_block/gen_parallel_slices_2__active_format_i_fmt_slice/gen_num_lanes_0__active_lane_lane_instance_i_fma/i_fpnew_rounding/U14/Y (INV_X6B_A9TR)                                       0.02      0.02 *     1.83 r                   0.90
  gemm_unit/u_in_scaler_vec/g_lane_4__u_mul/fpnew_mul/gen_operation_groups_0__i_opgroup_block/gen_parallel_slices_2__active_format_i_fmt_slice/gen_num_lanes_0__active_lane_lane_instance_i_fma/i_fpnew_rounding/n122 (net)                                       5                   0.00       1.83 r                   
  gemm_unit/u_in_scaler_vec/g_lane_4__u_mul/fpnew_mul/gen_operation_groups_0__i_opgroup_block/gen_parallel_slices_2__active_format_i_fmt_slice/gen_num_lanes_0__active_lane_lane_instance_i_fma/i_fpnew_rounding/U73/Y (NAND4BB_X3M_A9TR)                                   0.03      0.03 *     1.86 f                   0.90
  gemm_unit/u_in_scaler_vec/g_lane_4__u_mul/fpnew_mul/gen_operation_groups_0__i_opgroup_block/gen_parallel_slices_2__active_format_i_fmt_slice/gen_num_lanes_0__active_lane_lane_instance_i_fma/i_fpnew_rounding/n126 (net)                                       1                   0.00       1.86 f                   
  gemm_unit/u_in_scaler_vec/g_lane_4__u_mul/fpnew_mul/gen_operation_groups_0__i_opgroup_block/gen_parallel_slices_2__active_format_i_fmt_slice/gen_num_lanes_0__active_lane_lane_instance_i_fma/i_fpnew_rounding/U21/Y (NOR2_X4M_A9TR)                                      0.04      0.03 *     1.89 r                   0.90
  gemm_unit/u_in_scaler_vec/g_lane_4__u_mul/fpnew_mul/gen_operation_groups_0__i_opgroup_block/gen_parallel_slices_2__active_format_i_fmt_slice/gen_num_lanes_0__active_lane_lane_instance_i_fma/i_fpnew_rounding/n129 (net)                                       2                   0.00       1.89 r                   
  gemm_unit/u_in_scaler_vec/g_lane_4__u_mul/fpnew_mul/gen_operation_groups_0__i_opgroup_block/gen_parallel_slices_2__active_format_i_fmt_slice/gen_num_lanes_0__active_lane_lane_instance_i_fma/i_fpnew_rounding/U75/Y (OA21A1OI2_X4M_A9TR)                                 0.03      0.02 *     1.91 f                   0.90
  gemm_unit/u_in_scaler_vec/g_lane_4__u_mul/fpnew_mul/gen_operation_groups_0__i_opgroup_block/gen_parallel_slices_2__active_format_i_fmt_slice/gen_num_lanes_0__active_lane_lane_instance_i_fma/i_fpnew_rounding/abs_rounded_o[13] (net)                          1                   0.00       1.91 f                   
  gemm_unit/u_in_scaler_vec/g_lane_4__u_mul/fpnew_mul/gen_operation_groups_0__i_opgroup_block/gen_parallel_slices_2__active_format_i_fmt_slice/gen_num_lanes_0__active_lane_lane_instance_i_fma/i_fpnew_rounding/abs_rounded_o[13] (fpnew_rounding_0000000f_27)                       0.00       1.91 f                   
  gemm_unit/u_in_scaler_vec/g_lane_4__u_mul/fpnew_mul/gen_operation_groups_0__i_opgroup_block/gen_parallel_slices_2__active_format_i_fmt_slice/gen_num_lanes_0__active_lane_lane_instance_i_fma/rounded_abs[13] (net)                                                                 0.00       1.91 f                   
  gemm_unit/u_in_scaler_vec/g_lane_4__u_mul/fpnew_mul/gen_operation_groups_0__i_opgroup_block/gen_parallel_slices_2__active_format_i_fmt_slice/gen_num_lanes_0__active_lane_lane_instance_i_fma/U1042/Y (NAND2B_X2M_A9TR)                                                   0.02      0.04 *     1.96 f                   0.90
  gemm_unit/u_in_scaler_vec/g_lane_4__u_mul/fpnew_mul/gen_operation_groups_0__i_opgroup_block/gen_parallel_slices_2__active_format_i_fmt_slice/gen_num_lanes_0__active_lane_lane_instance_i_fma/result_o[13] (net)                                                1                   0.00       1.96 f                   
  gemm_unit/u_in_scaler_vec/g_lane_4__u_mul/fpnew_mul/gen_operation_groups_0__i_opgroup_block/gen_parallel_slices_2__active_format_i_fmt_slice/gen_num_lanes_0__active_lane_lane_instance_i_fma/result_o[13] (fpnew_fma_2_00000000_3__logic_Z_1yB___logic_Z_1yB__27)                  0.00       1.96 f                   
  gemm_unit/u_in_scaler_vec/g_lane_4__u_mul/fpnew_mul/gen_operation_groups_0__i_opgroup_block/gen_parallel_slices_2__active_format_i_fmt_slice/gen_num_lanes_0__active_lane_op_result[13] (net)                                                                                       0.00       1.96 f                   
  gemm_unit/u_in_scaler_vec/g_lane_4__u_mul/fpnew_mul/gen_operation_groups_0__i_opgroup_block/gen_parallel_slices_2__active_format_i_fmt_slice/U8/Y (INV_X2M_A9TR)                                                                                                          0.02      0.02 *     1.97 r                   0.90
  gemm_unit/u_in_scaler_vec/g_lane_4__u_mul/fpnew_mul/gen_operation_groups_0__i_opgroup_block/gen_parallel_slices_2__active_format_i_fmt_slice/n36 (net)                                                                                                          1                   0.00       1.97 r                   
  gemm_unit/u_in_scaler_vec/g_lane_4__u_mul/fpnew_mul/gen_operation_groups_0__i_opgroup_block/gen_parallel_slices_2__active_format_i_fmt_slice/U9/Y (NAND2_X2B_A9TR)                                                                                                        0.03      0.02 *     1.99 f                   0.90
  gemm_unit/u_in_scaler_vec/g_lane_4__u_mul/fpnew_mul/gen_operation_groups_0__i_opgroup_block/gen_parallel_slices_2__active_format_i_fmt_slice/result_o[13] (net)                                                                                                 1                   0.00       1.99 f                   
  gemm_unit/u_in_scaler_vec/g_lane_4__u_mul/fpnew_mul/gen_operation_groups_0__i_opgroup_block/gen_parallel_slices_2__active_format_i_fmt_slice/result_o[13] (fpnew_opgroup_fmt_slice_0_2_00000010_0_00000000_3__logic_Z_1yB__00000000_27)                                             0.00       1.99 f                   
  gemm_unit/u_in_scaler_vec/g_lane_4__u_mul/fpnew_mul/gen_operation_groups_0__i_opgroup_block/fmt_outputs_2__result__13_ (net)                                                                                                                                                        0.00       1.99 f                   
  gemm_unit/u_in_scaler_vec/g_lane_4__u_mul/fpnew_mul/gen_operation_groups_0__i_opgroup_block/i_arbiter/data_i[66] (rr_arb_tree_00000005_1_496242_27)                                                                                                                                 0.00       1.99 f                   
  gemm_unit/u_in_scaler_vec/g_lane_4__u_mul/fpnew_mul/gen_operation_groups_0__i_opgroup_block/i_arbiter/data_i[66] (net)                                                                                                                                                              0.00       1.99 f                   
  gemm_unit/u_in_scaler_vec/g_lane_4__u_mul/fpnew_mul/gen_operation_groups_0__i_opgroup_block/i_arbiter/U32/Y (AND2_X3M_A9TR)                                                                                                                                               0.02      0.04 *     2.03 f                   0.90
  gemm_unit/u_in_scaler_vec/g_lane_4__u_mul/fpnew_mul/gen_operation_groups_0__i_opgroup_block/i_arbiter/data_o[20] (net)                                                                                                                                          1                   0.00       2.03 f                   
  gemm_unit/u_in_scaler_vec/g_lane_4__u_mul/fpnew_mul/gen_operation_groups_0__i_opgroup_block/i_arbiter/data_o[20] (rr_arb_tree_00000005_1_496242_27)                                                                                                                                 0.00       2.03 f                   
  gemm_unit/u_in_scaler_vec/g_lane_4__u_mul/fpnew_mul/gen_operation_groups_0__i_opgroup_block/result_o[13] (net)                                                                                                                                                                      0.00       2.03 f                   
  gemm_unit/u_in_scaler_vec/g_lane_4__u_mul/fpnew_mul/gen_operation_groups_0__i_opgroup_block/result_o[13] (fpnew_opgroup_block_0_00000010_0_2_04_2_155_3__logic_Z_1yB__00000000_388949_27)                                                                                           0.00       2.03 f                   
  gemm_unit/u_in_scaler_vec/g_lane_4__u_mul/fpnew_mul/opgrp_outputs[13] (net)                                                                                                                                                                                                         0.00       2.03 f                   
  gemm_unit/u_in_scaler_vec/g_lane_4__u_mul/fpnew_mul/i_arbiter/data_i[19] (rr_arb_tree_00000004_1_840242_27)                                                                                                                                                                         0.00       2.03 f                   
  gemm_unit/u_in_scaler_vec/g_lane_4__u_mul/fpnew_mul/i_arbiter/data_i[19] (net)                                                                                                                                                                                                      0.00       2.03 f                   
  gemm_unit/u_in_scaler_vec/g_lane_4__u_mul/fpnew_mul/i_arbiter/U23/Y (AND2_X3M_A9TR)                                                                                                                                                                                       0.02      0.04 *     2.07 f                   0.90
  gemm_unit/u_in_scaler_vec/g_lane_4__u_mul/fpnew_mul/i_arbiter/data_o[19] (net)                                                                                                                                                                                  1                   0.00       2.07 f                   
  gemm_unit/u_in_scaler_vec/g_lane_4__u_mul/fpnew_mul/i_arbiter/data_o[19] (rr_arb_tree_00000004_1_840242_27)                                                                                                                                                                         0.00       2.07 f                   
  gemm_unit/u_in_scaler_vec/g_lane_4__u_mul/fpnew_mul/result_o[13] (net)                                                                                                                                                                                                              0.00       2.07 f                   
  gemm_unit/u_in_scaler_vec/g_lane_4__u_mul/fpnew_mul/result_o[13] (fpnew_top_00000008042__logic_Z_1yB__566949_27)                                                                                                                                                                    0.00       2.07 f                   
  gemm_unit/u_in_scaler_vec/g_lane_4__u_mul/fpnew_result[13] (net)                                                                                                                                                                                                                    0.00       2.07 f                   
  gemm_unit/u_in_scaler_vec/g_lane_4__u_mul/result_buffer/data_in[13] (VX_elastic_buffer_6_27)                                                                                                                                                                                        0.00       2.07 f                   
  gemm_unit/u_in_scaler_vec/g_lane_4__u_mul/result_buffer/data_in[13] (net)                                                                                                                                                                                                           0.00       2.07 f                   
  gemm_unit/u_in_scaler_vec/g_lane_4__u_mul/result_buffer/g_eb1_pipe_buffer/data_in[13] (VX_pipe_buffer_17_27)                                                                                                                                                                        0.00       2.07 f                   
  gemm_unit/u_in_scaler_vec/g_lane_4__u_mul/result_buffer/g_eb1_pipe_buffer/data_in[13] (net)                                                                                                                                                                                         0.00       2.07 f                   
  gemm_unit/u_in_scaler_vec/g_lane_4__u_mul/result_buffer/g_eb1_pipe_buffer/g_register_g_pipe_regs_0__pipe_register/data_in[13] (VX_pipe_register_13_27)                                                                                                                              0.00       2.07 f                   
  gemm_unit/u_in_scaler_vec/g_lane_4__u_mul/result_buffer/g_eb1_pipe_buffer/g_register_g_pipe_regs_0__pipe_register/data_in[13] (net)                                                                                                                                                 0.00       2.07 f                   
  gemm_unit/u_in_scaler_vec/g_lane_4__u_mul/result_buffer/g_eb1_pipe_buffer/g_register_g_pipe_regs_0__pipe_register/g_shift_register/data_in[13] (VX_shift_register_17_1_1_0_27)                                                                                                      0.00       2.07 f                   
  gemm_unit/u_in_scaler_vec/g_lane_4__u_mul/result_buffer/g_eb1_pipe_buffer/g_register_g_pipe_regs_0__pipe_register/g_shift_register/data_in[13] (net)                                                                                                                                0.00       2.07 f                   
  gemm_unit/u_in_scaler_vec/g_lane_4__u_mul/result_buffer/g_eb1_pipe_buffer/g_register_g_pipe_regs_0__pipe_register/g_shift_register/g_shift_pipe_reg_0__13_/D (DFFQ_X3M_A9TR)                                                                                              0.02      0.00 *     2.07 f                   0.90
  data arrival time                                                                                                                                                                                                                                                                              2.07                     

  clock CLK (rise edge)                                                                                                                                                                                                                                                               1.00       1.00                     
  clock network delay (ideal)                                                                                                                                                                                                                                                         0.00       1.00                     
  gemm_unit/u_in_scaler_vec/g_lane_4__u_mul/result_buffer/g_eb1_pipe_buffer/g_register_g_pipe_regs_0__pipe_register/g_shift_register/g_shift_pipe_reg_0__13_/CK (DFFQ_X3M_A9TR)                                                                                                       0.00       1.00 r                   
  library setup time                                                                                                                                                                                                                                                                 -0.03       0.97                     
  data required time                                                                                                                                                                                                                                                                             0.97                     
  -------------------------------------------------------------------------------------------------------------------------------------------------------------------------------------------------------------------------------------------------------------------------------------------------------------------------------------
  data required time                                                                                                                                                                                                                                                                             0.97                     
  data arrival time                                                                                                                                                                                                                                                                             -2.07                     
  -------------------------------------------------------------------------------------------------------------------------------------------------------------------------------------------------------------------------------------------------------------------------------------------------------------------------------------
  slack (VIOLATED)                                                                                                                                                                                                                                                                              -1.09                     


  Startpoint: gemm_unit/u_in_scaler_vec/g_lane_4__u_mul/input_buffer/g_eb1_pipe_buffer/g_register_g_pipe_regs_0__pipe_register/g_shift_register/g_shift_pipe_reg_0__19_
              (rising edge-triggered flip-flop clocked by CLK)
  Endpoint: gemm_unit/u_in_scaler_vec/g_lane_4__u_mul/result_buffer/g_eb1_pipe_buffer/g_register_g_pipe_regs_0__pipe_register/g_shift_register/g_shift_pipe_reg_0__10_
            (rising edge-triggered flip-flop clocked by CLK)
  Scenario: mode_norm.OC_rvt_ss_0p900v_125c
  Path Group: CLK
  Path Type: max

Attributes:
    d - dont_touch
    u - dont_use
   mo - map_only
   so - size_only
    i - ideal_net or ideal_network
  inf - infeasible path

  Point                                                                                                                                                                                                                                                         Fanout     Trans      Incr       Path      Attributes     Voltage
  -------------------------------------------------------------------------------------------------------------------------------------------------------------------------------------------------------------------------------------------------------------------------------------------------------------------------------------
  clock CLK (rise edge)                                                                                                                                                                                                                                                               0.00       0.00                     
  clock network delay (ideal)                                                                                                                                                                                                                                                         0.00       0.00                     
  gemm_unit/u_in_scaler_vec/g_lane_4__u_mul/input_buffer/g_eb1_pipe_buffer/g_register_g_pipe_regs_0__pipe_register/g_shift_register/g_shift_pipe_reg_0__19_/CK (DFFQ_X4M_A9TR)                                                                                              0.00      0.00       0.00 r    i              0.90
  gemm_unit/u_in_scaler_vec/g_lane_4__u_mul/input_buffer/g_eb1_pipe_buffer/g_register_g_pipe_regs_0__pipe_register/g_shift_register/g_shift_pipe_reg_0__19_/Q (DFFQ_X4M_A9TR)                                                                                               0.01      0.09       0.09 f                   0.90
  gemm_unit/u_in_scaler_vec/g_lane_4__u_mul/input_buffer/g_eb1_pipe_buffer/g_register_g_pipe_regs_0__pipe_register/g_shift_register/data_out[19] (net)                                                                                                            1                   0.00       0.09 f                   
  gemm_unit/u_in_scaler_vec/g_lane_4__u_mul/input_buffer/g_eb1_pipe_buffer/g_register_g_pipe_regs_0__pipe_register/g_shift_register/data_out[19] (VX_shift_register_33_1_1_0_123)                                                                                                     0.00       0.09 f                   
  gemm_unit/u_in_scaler_vec/g_lane_4__u_mul/input_buffer/g_eb1_pipe_buffer/g_register_g_pipe_regs_0__pipe_register/data_out[19] (net)                                                                                                                                                 0.00       0.09 f                   
  gemm_unit/u_in_scaler_vec/g_lane_4__u_mul/input_buffer/g_eb1_pipe_buffer/g_register_g_pipe_regs_0__pipe_register/data_out[19] (VX_pipe_register_12_123)                                                                                                                             0.00       0.09 f                   
  gemm_unit/u_in_scaler_vec/g_lane_4__u_mul/input_buffer/g_eb1_pipe_buffer/data_out[19] (net)                                                                                                                                                                                         0.00       0.09 f                   
  gemm_unit/u_in_scaler_vec/g_lane_4__u_mul/input_buffer/g_eb1_pipe_buffer/data_out[19] (VX_pipe_buffer_16_123)                                                                                                                                                                       0.00       0.09 f                   
  gemm_unit/u_in_scaler_vec/g_lane_4__u_mul/input_buffer/data_out[19] (net)                                                                                                                                                                                                           0.00       0.09 f                   
  gemm_unit/u_in_scaler_vec/g_lane_4__u_mul/input_buffer/data_out[19] (VX_elastic_buffer_5_27)                                                                                                                                                                                        0.00       0.09 f                   
  gemm_unit/u_in_scaler_vec/g_lane_4__u_mul/fpnew_inputs_data[19] (net)                                                                                                                                                                                                               0.00       0.09 f                   
  gemm_unit/u_in_scaler_vec/g_lane_4__u_mul/fpnew_mul/operands_i[19] (fpnew_top_00000008042__logic_Z_1yB__566949_27)                                                                                                                                                                  0.00       0.09 f                   
  gemm_unit/u_in_scaler_vec/g_lane_4__u_mul/fpnew_mul/operands_i[19] (net)                                                                                                                                                                                                            0.00       0.09 f                   
  gemm_unit/u_in_scaler_vec/g_lane_4__u_mul/fpnew_mul/gen_operation_groups_0__i_opgroup_block/operands_i[19] (fpnew_opgroup_block_0_00000010_0_2_04_2_155_3__logic_Z_1yB__00000000_388949_27)                                                                                         0.00       0.09 f                   
  gemm_unit/u_in_scaler_vec/g_lane_4__u_mul/fpnew_mul/gen_operation_groups_0__i_opgroup_block/operands_i[19] (net)                                                                                                                                                                    0.00       0.09 f                   
  gemm_unit/u_in_scaler_vec/g_lane_4__u_mul/fpnew_mul/gen_operation_groups_0__i_opgroup_block/U6/Y (BUF_X13M_A9TR)                                                                                                                                                          0.03      0.04 *     0.14 f                   0.90
  gemm_unit/u_in_scaler_vec/g_lane_4__u_mul/fpnew_mul/gen_operation_groups_0__i_opgroup_block/n50 (net)                                                                                                                                                          18                   0.00       0.14 f                   
  gemm_unit/u_in_scaler_vec/g_lane_4__u_mul/fpnew_mul/gen_operation_groups_0__i_opgroup_block/gen_parallel_slices_2__active_format_i_fmt_slice/operands_i[19] (fpnew_opgroup_fmt_slice_0_2_00000010_0_00000000_3__logic_Z_1yB__00000000_27)                                           0.00       0.14 f                   
  gemm_unit/u_in_scaler_vec/g_lane_4__u_mul/fpnew_mul/gen_operation_groups_0__i_opgroup_block/gen_parallel_slices_2__active_format_i_fmt_slice/operands_i[19] (net)                                                                                                                   0.00       0.14 f                   
  gemm_unit/u_in_scaler_vec/g_lane_4__u_mul/fpnew_mul/gen_operation_groups_0__i_opgroup_block/gen_parallel_slices_2__active_format_i_fmt_slice/gen_num_lanes_0__active_lane_lane_instance_i_fma/operands_i[19] (fpnew_fma_2_00000000_3__logic_Z_1yB___logic_Z_1yB__27)                0.00       0.14 f                   
  gemm_unit/u_in_scaler_vec/g_lane_4__u_mul/fpnew_mul/gen_operation_groups_0__i_opgroup_block/gen_parallel_slices_2__active_format_i_fmt_slice/gen_num_lanes_0__active_lane_lane_instance_i_fma/operands_i[19] (net)                                                                  0.00       0.14 f                   
  gemm_unit/u_in_scaler_vec/g_lane_4__u_mul/fpnew_mul/gen_operation_groups_0__i_opgroup_block/gen_parallel_slices_2__active_format_i_fmt_slice/gen_num_lanes_0__active_lane_lane_instance_i_fma/U1190/Y (XNOR2_X4M_A9TR)                                                    0.09      0.05 *     0.18 r                   0.90
  gemm_unit/u_in_scaler_vec/g_lane_4__u_mul/fpnew_mul/gen_operation_groups_0__i_opgroup_block/gen_parallel_slices_2__active_format_i_fmt_slice/gen_num_lanes_0__active_lane_lane_instance_i_fma/n576 (net)                                                        3                   0.00       0.18 r                   
  gemm_unit/u_in_scaler_vec/g_lane_4__u_mul/fpnew_mul/gen_operation_groups_0__i_opgroup_block/gen_parallel_slices_2__active_format_i_fmt_slice/gen_num_lanes_0__active_lane_lane_instance_i_fma/U761/Y (NAND2_X6A_A9TR)                                                     0.04      0.04 *     0.23 f                   0.90
  gemm_unit/u_in_scaler_vec/g_lane_4__u_mul/fpnew_mul/gen_operation_groups_0__i_opgroup_block/gen_parallel_slices_2__active_format_i_fmt_slice/gen_num_lanes_0__active_lane_lane_instance_i_fma/n637 (net)                                                       13                   0.00       0.23 f                   
  gemm_unit/u_in_scaler_vec/g_lane_4__u_mul/fpnew_mul/gen_operation_groups_0__i_opgroup_block/gen_parallel_slices_2__active_format_i_fmt_slice/gen_num_lanes_0__active_lane_lane_instance_i_fma/U283/Y (AO21_X1M_A9TR)                                                      0.03      0.07 *     0.30 f                   0.90
  gemm_unit/u_in_scaler_vec/g_lane_4__u_mul/fpnew_mul/gen_operation_groups_0__i_opgroup_block/gen_parallel_slices_2__active_format_i_fmt_slice/gen_num_lanes_0__active_lane_lane_instance_i_fma/n691 (net)                                                        1                   0.00       0.30 f                   
  gemm_unit/u_in_scaler_vec/g_lane_4__u_mul/fpnew_mul/gen_operation_groups_0__i_opgroup_block/gen_parallel_slices_2__active_format_i_fmt_slice/gen_num_lanes_0__active_lane_lane_instance_i_fma/U327/S (ADDF_X1M_A9TR)                                                      0.03      0.12 *     0.42 f                   0.90
  gemm_unit/u_in_scaler_vec/g_lane_4__u_mul/fpnew_mul/gen_operation_groups_0__i_opgroup_block/gen_parallel_slices_2__active_format_i_fmt_slice/gen_num_lanes_0__active_lane_lane_instance_i_fma/n696 (net)                                                        1                   0.00       0.42 f                   
  gemm_unit/u_in_scaler_vec/g_lane_4__u_mul/fpnew_mul/gen_operation_groups_0__i_opgroup_block/gen_parallel_slices_2__active_format_i_fmt_slice/gen_num_lanes_0__active_lane_lane_instance_i_fma/U334/CO (ADDFH_X1M_A9TR)                                                    0.04      0.09 *     0.50 f                   0.90
  gemm_unit/u_in_scaler_vec/g_lane_4__u_mul/fpnew_mul/gen_operation_groups_0__i_opgroup_block/gen_parallel_slices_2__active_format_i_fmt_slice/gen_num_lanes_0__active_lane_lane_instance_i_fma/n700 (net)                                                        2                   0.00       0.50 f                   
  gemm_unit/u_in_scaler_vec/g_lane_4__u_mul/fpnew_mul/gen_operation_groups_0__i_opgroup_block/gen_parallel_slices_2__active_format_i_fmt_slice/gen_num_lanes_0__active_lane_lane_instance_i_fma/U1199/Y (XNOR2_X1P4M_A9TR)                                                  0.03      0.04 *     0.54 f                   0.90
  gemm_unit/u_in_scaler_vec/g_lane_4__u_mul/fpnew_mul/gen_operation_groups_0__i_opgroup_block/gen_parallel_slices_2__active_format_i_fmt_slice/gen_num_lanes_0__active_lane_lane_instance_i_fma/n1675 (net)                                                       1                   0.00       0.54 f                   
  gemm_unit/u_in_scaler_vec/g_lane_4__u_mul/fpnew_mul/gen_operation_groups_0__i_opgroup_block/gen_parallel_slices_2__active_format_i_fmt_slice/gen_num_lanes_0__active_lane_lane_instance_i_fma/U1198/Y (XNOR2_X1P4M_A9TR)                                                  0.04      0.04 *     0.59 f                   0.90
  gemm_unit/u_in_scaler_vec/g_lane_4__u_mul/fpnew_mul/gen_operation_groups_0__i_opgroup_block/gen_parallel_slices_2__active_format_i_fmt_slice/gen_num_lanes_0__active_lane_lane_instance_i_fma/n730 (net)                                                        2                   0.00       0.59 f                   
  gemm_unit/u_in_scaler_vec/g_lane_4__u_mul/fpnew_mul/gen_operation_groups_0__i_opgroup_block/gen_parallel_slices_2__active_format_i_fmt_slice/gen_num_lanes_0__active_lane_lane_instance_i_fma/U335/Y (NOR2_X2A_A9TR)                                                      0.08      0.06 *     0.64 r                   0.90
  gemm_unit/u_in_scaler_vec/g_lane_4__u_mul/fpnew_mul/gen_operation_groups_0__i_opgroup_block/gen_parallel_slices_2__active_format_i_fmt_slice/gen_num_lanes_0__active_lane_lane_instance_i_fma/n776 (net)                                                        3                   0.00       0.64 r                   
  gemm_unit/u_in_scaler_vec/g_lane_4__u_mul/fpnew_mul/gen_operation_groups_0__i_opgroup_block/gen_parallel_slices_2__active_format_i_fmt_slice/gen_num_lanes_0__active_lane_lane_instance_i_fma/U336/Y (NOR2_X3A_A9TR)                                                      0.03      0.03 *     0.68 f                   0.90
  gemm_unit/u_in_scaler_vec/g_lane_4__u_mul/fpnew_mul/gen_operation_groups_0__i_opgroup_block/gen_parallel_slices_2__active_format_i_fmt_slice/gen_num_lanes_0__active_lane_lane_instance_i_fma/n782 (net)                                                        3                   0.00       0.68 f                   
  gemm_unit/u_in_scaler_vec/g_lane_4__u_mul/fpnew_mul/gen_operation_groups_0__i_opgroup_block/gen_parallel_slices_2__active_format_i_fmt_slice/gen_num_lanes_0__active_lane_lane_instance_i_fma/U353/Y (NAND2_X0P7M_A9TR)                                                   0.07      0.05 *     0.73 r                   0.90
  gemm_unit/u_in_scaler_vec/g_lane_4__u_mul/fpnew_mul/gen_operation_groups_0__i_opgroup_block/gen_parallel_slices_2__active_format_i_fmt_slice/gen_num_lanes_0__active_lane_lane_instance_i_fma/n755 (net)                                                        2                   0.00       0.73 r                   
  gemm_unit/u_in_scaler_vec/g_lane_4__u_mul/fpnew_mul/gen_operation_groups_0__i_opgroup_block/gen_parallel_slices_2__active_format_i_fmt_slice/gen_num_lanes_0__active_lane_lane_instance_i_fma/U361/Y (NOR2_X2M_A9TR)                                                      0.04      0.04 *     0.77 f                   0.90
  gemm_unit/u_in_scaler_vec/g_lane_4__u_mul/fpnew_mul/gen_operation_groups_0__i_opgroup_block/gen_parallel_slices_2__active_format_i_fmt_slice/gen_num_lanes_0__active_lane_lane_instance_i_fma/n741 (net)                                                        1                   0.00       0.77 f                   
  gemm_unit/u_in_scaler_vec/g_lane_4__u_mul/fpnew_mul/gen_operation_groups_0__i_opgroup_block/gen_parallel_slices_2__active_format_i_fmt_slice/gen_num_lanes_0__active_lane_lane_instance_i_fma/U427/Y (AOI21_X4M_A9TR)                                                     0.04      0.05 *     0.82 r                   0.90
  gemm_unit/u_in_scaler_vec/g_lane_4__u_mul/fpnew_mul/gen_operation_groups_0__i_opgroup_block/gen_parallel_slices_2__active_format_i_fmt_slice/gen_num_lanes_0__active_lane_lane_instance_i_fma/n754 (net)                                                        1                   0.00       0.82 r                   
  gemm_unit/u_in_scaler_vec/g_lane_4__u_mul/fpnew_mul/gen_operation_groups_0__i_opgroup_block/gen_parallel_slices_2__active_format_i_fmt_slice/gen_num_lanes_0__active_lane_lane_instance_i_fma/U378/Y (XOR2_X3M_A9TR)                                                      0.12      0.06 *     0.88 r                   0.90
  gemm_unit/u_in_scaler_vec/g_lane_4__u_mul/fpnew_mul/gen_operation_groups_0__i_opgroup_block/gen_parallel_slices_2__active_format_i_fmt_slice/gen_num_lanes_0__active_lane_lane_instance_i_fma/sum_pos[23] (net)                                                 6                   0.00       0.88 r                   
  gemm_unit/u_in_scaler_vec/g_lane_4__u_mul/fpnew_mul/gen_operation_groups_0__i_opgroup_block/gen_parallel_slices_2__active_format_i_fmt_slice/gen_num_lanes_0__active_lane_lane_instance_i_fma/i_lzc/in_i[23] (lzc_00000019_1_27)                                                    0.00       0.88 r                   
  gemm_unit/u_in_scaler_vec/g_lane_4__u_mul/fpnew_mul/gen_operation_groups_0__i_opgroup_block/gen_parallel_slices_2__active_format_i_fmt_slice/gen_num_lanes_0__active_lane_lane_instance_i_fma/i_lzc/in_i[23] (net)                                                                  0.00       0.88 r                   
  gemm_unit/u_in_scaler_vec/g_lane_4__u_mul/fpnew_mul/gen_operation_groups_0__i_opgroup_block/gen_parallel_slices_2__active_format_i_fmt_slice/gen_num_lanes_0__active_lane_lane_instance_i_fma/i_lzc/U12/Y (NOR2_X8A_A9TR)                                                 0.04      0.03 *     0.92 f                   0.90
  gemm_unit/u_in_scaler_vec/g_lane_4__u_mul/fpnew_mul/gen_operation_groups_0__i_opgroup_block/gen_parallel_slices_2__active_format_i_fmt_slice/gen_num_lanes_0__active_lane_lane_instance_i_fma/i_lzc/n100 (net)                                                  3                   0.00       0.92 f                   
  gemm_unit/u_in_scaler_vec/g_lane_4__u_mul/fpnew_mul/gen_operation_groups_0__i_opgroup_block/gen_parallel_slices_2__active_format_i_fmt_slice/gen_num_lanes_0__active_lane_lane_instance_i_fma/i_lzc/U46/Y (NAND2_X2B_A9TR)                                                0.03      0.03 *     0.94 r                   0.90
  gemm_unit/u_in_scaler_vec/g_lane_4__u_mul/fpnew_mul/gen_operation_groups_0__i_opgroup_block/gen_parallel_slices_2__active_format_i_fmt_slice/gen_num_lanes_0__active_lane_lane_instance_i_fma/i_lzc/n137 (net)                                                  1                   0.00       0.94 r                   
  gemm_unit/u_in_scaler_vec/g_lane_4__u_mul/fpnew_mul/gen_operation_groups_0__i_opgroup_block/gen_parallel_slices_2__active_format_i_fmt_slice/gen_num_lanes_0__active_lane_lane_instance_i_fma/i_lzc/U51/Y (NOR2_X3M_A9TR)                                                 0.03      0.03 *     0.97 f                   0.90
  gemm_unit/u_in_scaler_vec/g_lane_4__u_mul/fpnew_mul/gen_operation_groups_0__i_opgroup_block/gen_parallel_slices_2__active_format_i_fmt_slice/gen_num_lanes_0__active_lane_lane_instance_i_fma/i_lzc/n110 (net)                                                  3                   0.00       0.97 f                   
  gemm_unit/u_in_scaler_vec/g_lane_4__u_mul/fpnew_mul/gen_operation_groups_0__i_opgroup_block/gen_parallel_slices_2__active_format_i_fmt_slice/gen_num_lanes_0__active_lane_lane_instance_i_fma/i_lzc/U85/Y (AND2_X6B_A9TR)                                                 0.02      0.05 *     1.02 f                   0.90
  gemm_unit/u_in_scaler_vec/g_lane_4__u_mul/fpnew_mul/gen_operation_groups_0__i_opgroup_block/gen_parallel_slices_2__active_format_i_fmt_slice/gen_num_lanes_0__active_lane_lane_instance_i_fma/i_lzc/cnt_o[3] (net)                                              6                   0.00       1.02 f                   
  gemm_unit/u_in_scaler_vec/g_lane_4__u_mul/fpnew_mul/gen_operation_groups_0__i_opgroup_block/gen_parallel_slices_2__active_format_i_fmt_slice/gen_num_lanes_0__active_lane_lane_instance_i_fma/i_lzc/cnt_o[3] (lzc_00000019_1_27)                                                    0.00       1.02 f                   
  gemm_unit/u_in_scaler_vec/g_lane_4__u_mul/fpnew_mul/gen_operation_groups_0__i_opgroup_block/gen_parallel_slices_2__active_format_i_fmt_slice/gen_num_lanes_0__active_lane_lane_instance_i_fma/leading_zero_count[3] (net)                                                           0.00       1.02 f                   
  gemm_unit/u_in_scaler_vec/g_lane_4__u_mul/fpnew_mul/gen_operation_groups_0__i_opgroup_block/gen_parallel_slices_2__active_format_i_fmt_slice/gen_num_lanes_0__active_lane_lane_instance_i_fma/U485/Y (NAND2_X3B_A9TR)                                                     0.02      0.02 *     1.04 r                   0.90
  gemm_unit/u_in_scaler_vec/g_lane_4__u_mul/fpnew_mul/gen_operation_groups_0__i_opgroup_block/gen_parallel_slices_2__active_format_i_fmt_slice/gen_num_lanes_0__active_lane_lane_instance_i_fma/n898 (net)                                                        2                   0.00       1.04 r                   
  gemm_unit/u_in_scaler_vec/g_lane_4__u_mul/fpnew_mul/gen_operation_groups_0__i_opgroup_block/gen_parallel_slices_2__active_format_i_fmt_slice/gen_num_lanes_0__active_lane_lane_instance_i_fma/U490/Y (NAND3_X1A_A9TR)                                                     0.04      0.03 *     1.07 f                   0.90
  gemm_unit/u_in_scaler_vec/g_lane_4__u_mul/fpnew_mul/gen_operation_groups_0__i_opgroup_block/gen_parallel_slices_2__active_format_i_fmt_slice/gen_num_lanes_0__active_lane_lane_instance_i_fma/n874 (net)                                                        1                   0.00       1.07 f                   
  gemm_unit/u_in_scaler_vec/g_lane_4__u_mul/fpnew_mul/gen_operation_groups_0__i_opgroup_block/gen_parallel_slices_2__active_format_i_fmt_slice/gen_num_lanes_0__active_lane_lane_instance_i_fma/U491/Y (INV_X2M_A9TR)                                                       0.03      0.03 *     1.11 r                   0.90
  gemm_unit/u_in_scaler_vec/g_lane_4__u_mul/fpnew_mul/gen_operation_groups_0__i_opgroup_block/gen_parallel_slices_2__active_format_i_fmt_slice/gen_num_lanes_0__active_lane_lane_instance_i_fma/n875 (net)                                                        1                   0.00       1.11 r                   
  gemm_unit/u_in_scaler_vec/g_lane_4__u_mul/fpnew_mul/gen_operation_groups_0__i_opgroup_block/gen_parallel_slices_2__active_format_i_fmt_slice/gen_num_lanes_0__active_lane_lane_instance_i_fma/U276/Y (NAND3_X6A_A9TR)                                                     0.04      0.04 *     1.14 f                   0.90
  gemm_unit/u_in_scaler_vec/g_lane_4__u_mul/fpnew_mul/gen_operation_groups_0__i_opgroup_block/gen_parallel_slices_2__active_format_i_fmt_slice/gen_num_lanes_0__active_lane_lane_instance_i_fma/n1555 (net)                                                       2                   0.00       1.14 f                   
  gemm_unit/u_in_scaler_vec/g_lane_4__u_mul/fpnew_mul/gen_operation_groups_0__i_opgroup_block/gen_parallel_slices_2__active_format_i_fmt_slice/gen_num_lanes_0__active_lane_lane_instance_i_fma/U269/Y (NAND2_X6B_A9TR)                                                     0.04      0.03 *     1.18 r                   0.90
  gemm_unit/u_in_scaler_vec/g_lane_4__u_mul/fpnew_mul/gen_operation_groups_0__i_opgroup_block/gen_parallel_slices_2__active_format_i_fmt_slice/gen_num_lanes_0__active_lane_lane_instance_i_fma/n983 (net)                                                        3                   0.00       1.18 r                   
  gemm_unit/u_in_scaler_vec/g_lane_4__u_mul/fpnew_mul/gen_operation_groups_0__i_opgroup_block/gen_parallel_slices_2__active_format_i_fmt_slice/gen_num_lanes_0__active_lane_lane_instance_i_fma/U1131/Y (OA21_X6M_A9TR)                                                     0.03      0.05 *     1.23 r                   0.90
  gemm_unit/u_in_scaler_vec/g_lane_4__u_mul/fpnew_mul/gen_operation_groups_0__i_opgroup_block/gen_parallel_slices_2__active_format_i_fmt_slice/gen_num_lanes_0__active_lane_lane_instance_i_fma/n1612 (net)                                                       2                   0.00       1.23 r                   
  gemm_unit/u_in_scaler_vec/g_lane_4__u_mul/fpnew_mul/gen_operation_groups_0__i_opgroup_block/gen_parallel_slices_2__active_format_i_fmt_slice/gen_num_lanes_0__active_lane_lane_instance_i_fma/U222/Y (NAND2_X8B_A9TR)                                                     0.03      0.02 *     1.25 f                   0.90
  gemm_unit/u_in_scaler_vec/g_lane_4__u_mul/fpnew_mul/gen_operation_groups_0__i_opgroup_block/gen_parallel_slices_2__active_format_i_fmt_slice/gen_num_lanes_0__active_lane_lane_instance_i_fma/n1545 (net)                                                       4                   0.00       1.25 f                   
  gemm_unit/u_in_scaler_vec/g_lane_4__u_mul/fpnew_mul/gen_operation_groups_0__i_opgroup_block/gen_parallel_slices_2__active_format_i_fmt_slice/gen_num_lanes_0__active_lane_lane_instance_i_fma/U467/Y (INV_X6M_A9TR)                                                       0.03      0.03 *     1.28 r                   0.90
  gemm_unit/u_in_scaler_vec/g_lane_4__u_mul/fpnew_mul/gen_operation_groups_0__i_opgroup_block/gen_parallel_slices_2__active_format_i_fmt_slice/gen_num_lanes_0__active_lane_lane_instance_i_fma/n999 (net)                                                        3                   0.00       1.28 r                   
  gemm_unit/u_in_scaler_vec/g_lane_4__u_mul/fpnew_mul/gen_operation_groups_0__i_opgroup_block/gen_parallel_slices_2__active_format_i_fmt_slice/gen_num_lanes_0__active_lane_lane_instance_i_fma/U564/Y (NOR2_X6M_A9TR)                                                      0.03      0.03 *     1.30 f                   0.90
  gemm_unit/u_in_scaler_vec/g_lane_4__u_mul/fpnew_mul/gen_operation_groups_0__i_opgroup_block/gen_parallel_slices_2__active_format_i_fmt_slice/gen_num_lanes_0__active_lane_lane_instance_i_fma/n1331 (net)                                                       6                   0.00       1.30 f                   
  gemm_unit/u_in_scaler_vec/g_lane_4__u_mul/fpnew_mul/gen_operation_groups_0__i_opgroup_block/gen_parallel_slices_2__active_format_i_fmt_slice/gen_num_lanes_0__active_lane_lane_instance_i_fma/U682/Y (NAND2_X1B_A9TR)                                                     0.04      0.03 *     1.34 r                   0.90
  gemm_unit/u_in_scaler_vec/g_lane_4__u_mul/fpnew_mul/gen_operation_groups_0__i_opgroup_block/gen_parallel_slices_2__active_format_i_fmt_slice/gen_num_lanes_0__active_lane_lane_instance_i_fma/n1025 (net)                                                       1                   0.00       1.34 r                   
  gemm_unit/u_in_scaler_vec/g_lane_4__u_mul/fpnew_mul/gen_operation_groups_0__i_opgroup_block/gen_parallel_slices_2__active_format_i_fmt_slice/gen_num_lanes_0__active_lane_lane_instance_i_fma/U684/Y (NAND4_X3A_A9TR)                                                     0.05      0.05 *     1.39 f                   0.90
  gemm_unit/u_in_scaler_vec/g_lane_4__u_mul/fpnew_mul/gen_operation_groups_0__i_opgroup_block/gen_parallel_slices_2__active_format_i_fmt_slice/gen_num_lanes_0__active_lane_lane_instance_i_fma/n1293 (net)                                                       4                   0.00       1.39 f                   
  gemm_unit/u_in_scaler_vec/g_lane_4__u_mul/fpnew_mul/gen_operation_groups_0__i_opgroup_block/gen_parallel_slices_2__active_format_i_fmt_slice/gen_num_lanes_0__active_lane_lane_instance_i_fma/U563/Y (AOI22_X2M_A9TR)                                                     0.06      0.05 *     1.44 r                   0.90
  gemm_unit/u_in_scaler_vec/g_lane_4__u_mul/fpnew_mul/gen_operation_groups_0__i_opgroup_block/gen_parallel_slices_2__active_format_i_fmt_slice/gen_num_lanes_0__active_lane_lane_instance_i_fma/n1601 (net)                                                       1                   0.00       1.44 r                   
  gemm_unit/u_in_scaler_vec/g_lane_4__u_mul/fpnew_mul/gen_operation_groups_0__i_opgroup_block/gen_parallel_slices_2__active_format_i_fmt_slice/gen_num_lanes_0__active_lane_lane_instance_i_fma/U492/Y (NAND2_X3A_A9TR)                                                     0.03      0.03 *     1.47 f                   0.90
  gemm_unit/u_in_scaler_vec/g_lane_4__u_mul/fpnew_mul/gen_operation_groups_0__i_opgroup_block/gen_parallel_slices_2__active_format_i_fmt_slice/gen_num_lanes_0__active_lane_lane_instance_i_fma/n1390 (net)                                                       2                   0.00       1.47 f                   
  gemm_unit/u_in_scaler_vec/g_lane_4__u_mul/fpnew_mul/gen_operation_groups_0__i_opgroup_block/gen_parallel_slices_2__active_format_i_fmt_slice/gen_num_lanes_0__active_lane_lane_instance_i_fma/U687/Y (NAND2_X6B_A9TR)                                                     0.04      0.03 *     1.51 r                   0.90
  gemm_unit/u_in_scaler_vec/g_lane_4__u_mul/fpnew_mul/gen_operation_groups_0__i_opgroup_block/gen_parallel_slices_2__active_format_i_fmt_slice/gen_num_lanes_0__active_lane_lane_instance_i_fma/n1101 (net)                                                       3                   0.00       1.51 r                   
  gemm_unit/u_in_scaler_vec/g_lane_4__u_mul/fpnew_mul/gen_operation_groups_0__i_opgroup_block/gen_parallel_slices_2__active_format_i_fmt_slice/gen_num_lanes_0__active_lane_lane_instance_i_fma/U702/Y (NAND2_X6B_A9TR)                                                     0.03      0.03 *     1.53 f                   0.90
  gemm_unit/u_in_scaler_vec/g_lane_4__u_mul/fpnew_mul/gen_operation_groups_0__i_opgroup_block/gen_parallel_slices_2__active_format_i_fmt_slice/gen_num_lanes_0__active_lane_lane_instance_i_fma/n1365 (net)                                                       4                   0.00       1.53 f                   
  gemm_unit/u_in_scaler_vec/g_lane_4__u_mul/fpnew_mul/gen_operation_groups_0__i_opgroup_block/gen_parallel_slices_2__active_format_i_fmt_slice/gen_num_lanes_0__active_lane_lane_instance_i_fma/U56/Y (NAND2_X8B_A9TR)                                                      0.03      0.03 *     1.56 r                   0.90
  gemm_unit/u_in_scaler_vec/g_lane_4__u_mul/fpnew_mul/gen_operation_groups_0__i_opgroup_block/gen_parallel_slices_2__active_format_i_fmt_slice/gen_num_lanes_0__active_lane_lane_instance_i_fma/n1640 (net)                                                       2                   0.00       1.56 r                   
  gemm_unit/u_in_scaler_vec/g_lane_4__u_mul/fpnew_mul/gen_operation_groups_0__i_opgroup_block/gen_parallel_slices_2__active_format_i_fmt_slice/gen_num_lanes_0__active_lane_lane_instance_i_fma/U44/Y (INV_X11M_A9TR)                                                       0.01      0.01 *     1.58 f                   0.90
  gemm_unit/u_in_scaler_vec/g_lane_4__u_mul/fpnew_mul/gen_operation_groups_0__i_opgroup_block/gen_parallel_slices_2__active_format_i_fmt_slice/gen_num_lanes_0__active_lane_lane_instance_i_fma/n1167 (net)                                                       3                   0.00       1.58 f                   
  gemm_unit/u_in_scaler_vec/g_lane_4__u_mul/fpnew_mul/gen_operation_groups_0__i_opgroup_block/gen_parallel_slices_2__active_format_i_fmt_slice/gen_num_lanes_0__active_lane_lane_instance_i_fma/U801/Y (NAND2_X2M_A9TR)                                                     0.03      0.02 *     1.60 r                   0.90
  gemm_unit/u_in_scaler_vec/g_lane_4__u_mul/fpnew_mul/gen_operation_groups_0__i_opgroup_block/gen_parallel_slices_2__active_format_i_fmt_slice/gen_num_lanes_0__active_lane_lane_instance_i_fma/n1151 (net)                                                       2                   0.00       1.60 r                   
  gemm_unit/u_in_scaler_vec/g_lane_4__u_mul/fpnew_mul/gen_operation_groups_0__i_opgroup_block/gen_parallel_slices_2__active_format_i_fmt_slice/gen_num_lanes_0__active_lane_lane_instance_i_fma/U434/Y (NAND2_X2B_A9TR)                                                     0.03      0.03 *     1.63 f                   0.90
  gemm_unit/u_in_scaler_vec/g_lane_4__u_mul/fpnew_mul/gen_operation_groups_0__i_opgroup_block/gen_parallel_slices_2__active_format_i_fmt_slice/gen_num_lanes_0__active_lane_lane_instance_i_fma/n1569 (net)                                                       2                   0.00       1.63 f                   
  gemm_unit/u_in_scaler_vec/g_lane_4__u_mul/fpnew_mul/gen_operation_groups_0__i_opgroup_block/gen_parallel_slices_2__active_format_i_fmt_slice/gen_num_lanes_0__active_lane_lane_instance_i_fma/U535/Y (NAND4_X4A_A9TR)                                                     0.05      0.03 *     1.66 r                   0.90
  gemm_unit/u_in_scaler_vec/g_lane_4__u_mul/fpnew_mul/gen_operation_groups_0__i_opgroup_block/gen_parallel_slices_2__active_format_i_fmt_slice/gen_num_lanes_0__active_lane_lane_instance_i_fma/n1275 (net)                                                       1                   0.00       1.66 r                   
  gemm_unit/u_in_scaler_vec/g_lane_4__u_mul/fpnew_mul/gen_operation_groups_0__i_opgroup_block/gen_parallel_slices_2__active_format_i_fmt_slice/gen_num_lanes_0__active_lane_lane_instance_i_fma/U946/Y (OAI22_X8M_A9TR)                                                     0.05      0.04 *     1.70 f                   0.90
  gemm_unit/u_in_scaler_vec/g_lane_4__u_mul/fpnew_mul/gen_operation_groups_0__i_opgroup_block/gen_parallel_slices_2__active_format_i_fmt_slice/gen_num_lanes_0__active_lane_lane_instance_i_fma/n1495 (net)                                                       8                   0.00       1.70 f                   
  gemm_unit/u_in_scaler_vec/g_lane_4__u_mul/fpnew_mul/gen_operation_groups_0__i_opgroup_block/gen_parallel_slices_2__active_format_i_fmt_slice/gen_num_lanes_0__active_lane_lane_instance_i_fma/U1119/Y (NOR2_X2A_A9TR)                                                     0.07      0.06 *     1.76 r                   0.90
  gemm_unit/u_in_scaler_vec/g_lane_4__u_mul/fpnew_mul/gen_operation_groups_0__i_opgroup_block/gen_parallel_slices_2__active_format_i_fmt_slice/gen_num_lanes_0__active_lane_lane_instance_i_fma/pre_round_exponent[0] (net)                                       4                   0.00       1.76 r                   
  gemm_unit/u_in_scaler_vec/g_lane_4__u_mul/fpnew_mul/gen_operation_groups_0__i_opgroup_block/gen_parallel_slices_2__active_format_i_fmt_slice/gen_num_lanes_0__active_lane_lane_instance_i_fma/i_fpnew_rounding/abs_value_i[10] (fpnew_rounding_0000000f_27)                         0.00       1.76 r                   
  gemm_unit/u_in_scaler_vec/g_lane_4__u_mul/fpnew_mul/gen_operation_groups_0__i_opgroup_block/gen_parallel_slices_2__active_format_i_fmt_slice/gen_num_lanes_0__active_lane_lane_instance_i_fma/i_fpnew_rounding/abs_value_i[10] (net)                                                0.00       1.76 r                   
  gemm_unit/u_in_scaler_vec/g_lane_4__u_mul/fpnew_mul/gen_operation_groups_0__i_opgroup_block/gen_parallel_slices_2__active_format_i_fmt_slice/gen_num_lanes_0__active_lane_lane_instance_i_fma/i_fpnew_rounding/U16/Y (NAND2_X1B_A9TR)                                     0.03      0.04 *     1.80 f                   0.90
  gemm_unit/u_in_scaler_vec/g_lane_4__u_mul/fpnew_mul/gen_operation_groups_0__i_opgroup_block/gen_parallel_slices_2__active_format_i_fmt_slice/gen_num_lanes_0__active_lane_lane_instance_i_fma/i_fpnew_rounding/n78 (net)                                        1                   0.00       1.80 f                   
  gemm_unit/u_in_scaler_vec/g_lane_4__u_mul/fpnew_mul/gen_operation_groups_0__i_opgroup_block/gen_parallel_slices_2__active_format_i_fmt_slice/gen_num_lanes_0__active_lane_lane_instance_i_fma/i_fpnew_rounding/U17/Y (NOR2_X2M_A9TR)                                      0.03      0.03 *     1.83 r                   0.90
  gemm_unit/u_in_scaler_vec/g_lane_4__u_mul/fpnew_mul/gen_operation_groups_0__i_opgroup_block/gen_parallel_slices_2__active_format_i_fmt_slice/gen_num_lanes_0__active_lane_lane_instance_i_fma/i_fpnew_rounding/n80 (net)                                        1                   0.00       1.83 r                   
  gemm_unit/u_in_scaler_vec/g_lane_4__u_mul/fpnew_mul/gen_operation_groups_0__i_opgroup_block/gen_parallel_slices_2__active_format_i_fmt_slice/gen_num_lanes_0__active_lane_lane_instance_i_fma/i_fpnew_rounding/U18/Y (NAND2_X2B_A9TR)                                     0.02      0.02 *     1.85 f                   0.90
  gemm_unit/u_in_scaler_vec/g_lane_4__u_mul/fpnew_mul/gen_operation_groups_0__i_opgroup_block/gen_parallel_slices_2__active_format_i_fmt_slice/gen_num_lanes_0__active_lane_lane_instance_i_fma/i_fpnew_rounding/n84 (net)                                        1                   0.00       1.85 f                   
  gemm_unit/u_in_scaler_vec/g_lane_4__u_mul/fpnew_mul/gen_operation_groups_0__i_opgroup_block/gen_parallel_slices_2__active_format_i_fmt_slice/gen_num_lanes_0__active_lane_lane_instance_i_fma/i_fpnew_rounding/U74/Y (NOR3_X4M_A9TR)                                      0.05      0.04 *     1.89 r                   0.90
  gemm_unit/u_in_scaler_vec/g_lane_4__u_mul/fpnew_mul/gen_operation_groups_0__i_opgroup_block/gen_parallel_slices_2__active_format_i_fmt_slice/gen_num_lanes_0__active_lane_lane_instance_i_fma/i_fpnew_rounding/n105 (net)                                       2                   0.00       1.89 r                   
  gemm_unit/u_in_scaler_vec/g_lane_4__u_mul/fpnew_mul/gen_operation_groups_0__i_opgroup_block/gen_parallel_slices_2__active_format_i_fmt_slice/gen_num_lanes_0__active_lane_lane_instance_i_fma/i_fpnew_rounding/U22/Y (NOR2_X3A_A9TR)                                      0.02      0.02 *     1.91 f                   0.90
  gemm_unit/u_in_scaler_vec/g_lane_4__u_mul/fpnew_mul/gen_operation_groups_0__i_opgroup_block/gen_parallel_slices_2__active_format_i_fmt_slice/gen_num_lanes_0__active_lane_lane_instance_i_fma/i_fpnew_rounding/abs_rounded_o[10] (net)                          1                   0.00       1.91 f                   
  gemm_unit/u_in_scaler_vec/g_lane_4__u_mul/fpnew_mul/gen_operation_groups_0__i_opgroup_block/gen_parallel_slices_2__active_format_i_fmt_slice/gen_num_lanes_0__active_lane_lane_instance_i_fma/i_fpnew_rounding/abs_rounded_o[10] (fpnew_rounding_0000000f_27)                       0.00       1.91 f                   
  gemm_unit/u_in_scaler_vec/g_lane_4__u_mul/fpnew_mul/gen_operation_groups_0__i_opgroup_block/gen_parallel_slices_2__active_format_i_fmt_slice/gen_num_lanes_0__active_lane_lane_instance_i_fma/rounded_abs[10] (net)                                                                 0.00       1.91 f                   
  gemm_unit/u_in_scaler_vec/g_lane_4__u_mul/fpnew_mul/gen_operation_groups_0__i_opgroup_block/gen_parallel_slices_2__active_format_i_fmt_slice/gen_num_lanes_0__active_lane_lane_instance_i_fma/U1221/Y (OR2_X2B_A9TR)                                                      0.02      0.04 *     1.95 f                   0.90
  gemm_unit/u_in_scaler_vec/g_lane_4__u_mul/fpnew_mul/gen_operation_groups_0__i_opgroup_block/gen_parallel_slices_2__active_format_i_fmt_slice/gen_num_lanes_0__active_lane_lane_instance_i_fma/result_o[10] (net)                                                1                   0.00       1.95 f                   
  gemm_unit/u_in_scaler_vec/g_lane_4__u_mul/fpnew_mul/gen_operation_groups_0__i_opgroup_block/gen_parallel_slices_2__active_format_i_fmt_slice/gen_num_lanes_0__active_lane_lane_instance_i_fma/result_o[10] (fpnew_fma_2_00000000_3__logic_Z_1yB___logic_Z_1yB__27)                  0.00       1.95 f                   
  gemm_unit/u_in_scaler_vec/g_lane_4__u_mul/fpnew_mul/gen_operation_groups_0__i_opgroup_block/gen_parallel_slices_2__active_format_i_fmt_slice/gen_num_lanes_0__active_lane_op_result[10] (net)                                                                                       0.00       1.95 f                   
  gemm_unit/u_in_scaler_vec/g_lane_4__u_mul/fpnew_mul/gen_operation_groups_0__i_opgroup_block/gen_parallel_slices_2__active_format_i_fmt_slice/U3/Y (INV_X2M_A9TR)                                                                                                          0.02      0.02 *     1.97 r                   0.90
  gemm_unit/u_in_scaler_vec/g_lane_4__u_mul/fpnew_mul/gen_operation_groups_0__i_opgroup_block/gen_parallel_slices_2__active_format_i_fmt_slice/n34 (net)                                                                                                          1                   0.00       1.97 r                   
  gemm_unit/u_in_scaler_vec/g_lane_4__u_mul/fpnew_mul/gen_operation_groups_0__i_opgroup_block/gen_parallel_slices_2__active_format_i_fmt_slice/U4/Y (NAND2_X2B_A9TR)                                                                                                        0.03      0.02 *     1.99 f                   0.90
  gemm_unit/u_in_scaler_vec/g_lane_4__u_mul/fpnew_mul/gen_operation_groups_0__i_opgroup_block/gen_parallel_slices_2__active_format_i_fmt_slice/result_o[10] (net)                                                                                                 1                   0.00       1.99 f                   
  gemm_unit/u_in_scaler_vec/g_lane_4__u_mul/fpnew_mul/gen_operation_groups_0__i_opgroup_block/gen_parallel_slices_2__active_format_i_fmt_slice/result_o[10] (fpnew_opgroup_fmt_slice_0_2_00000010_0_00000000_3__logic_Z_1yB__00000000_27)                                             0.00       1.99 f                   
  gemm_unit/u_in_scaler_vec/g_lane_4__u_mul/fpnew_mul/gen_operation_groups_0__i_opgroup_block/fmt_outputs_2__result__10_ (net)                                                                                                                                                        0.00       1.99 f                   
  gemm_unit/u_in_scaler_vec/g_lane_4__u_mul/fpnew_mul/gen_operation_groups_0__i_opgroup_block/i_arbiter/data_i[63] (rr_arb_tree_00000005_1_496242_27)                                                                                                                                 0.00       1.99 f                   
  gemm_unit/u_in_scaler_vec/g_lane_4__u_mul/fpnew_mul/gen_operation_groups_0__i_opgroup_block/i_arbiter/data_i[63] (net)                                                                                                                                                              0.00       1.99 f                   
  gemm_unit/u_in_scaler_vec/g_lane_4__u_mul/fpnew_mul/gen_operation_groups_0__i_opgroup_block/i_arbiter/U6/Y (AND2_X4M_A9TR)                                                                                                                                                0.02      0.04 *     2.03 f                   0.90
  gemm_unit/u_in_scaler_vec/g_lane_4__u_mul/fpnew_mul/gen_operation_groups_0__i_opgroup_block/i_arbiter/data_o[17] (net)                                                                                                                                          1                   0.00       2.03 f                   
  gemm_unit/u_in_scaler_vec/g_lane_4__u_mul/fpnew_mul/gen_operation_groups_0__i_opgroup_block/i_arbiter/data_o[17] (rr_arb_tree_00000005_1_496242_27)                                                                                                                                 0.00       2.03 f                   
  gemm_unit/u_in_scaler_vec/g_lane_4__u_mul/fpnew_mul/gen_operation_groups_0__i_opgroup_block/result_o[10] (net)                                                                                                                                                                      0.00       2.03 f                   
  gemm_unit/u_in_scaler_vec/g_lane_4__u_mul/fpnew_mul/gen_operation_groups_0__i_opgroup_block/result_o[10] (fpnew_opgroup_block_0_00000010_0_2_04_2_155_3__logic_Z_1yB__00000000_388949_27)                                                                                           0.00       2.03 f                   
  gemm_unit/u_in_scaler_vec/g_lane_4__u_mul/fpnew_mul/opgrp_outputs[10] (net)                                                                                                                                                                                                         0.00       2.03 f                   
  gemm_unit/u_in_scaler_vec/g_lane_4__u_mul/fpnew_mul/i_arbiter/data_i[16] (rr_arb_tree_00000004_1_840242_27)                                                                                                                                                                         0.00       2.03 f                   
  gemm_unit/u_in_scaler_vec/g_lane_4__u_mul/fpnew_mul/i_arbiter/data_i[16] (net)                                                                                                                                                                                                      0.00       2.03 f                   
  gemm_unit/u_in_scaler_vec/g_lane_4__u_mul/fpnew_mul/i_arbiter/U22/Y (AND2_X4M_A9TR)                                                                                                                                                                                       0.02      0.04 *     2.07 f                   0.90
  gemm_unit/u_in_scaler_vec/g_lane_4__u_mul/fpnew_mul/i_arbiter/data_o[16] (net)                                                                                                                                                                                  1                   0.00       2.07 f                   
  gemm_unit/u_in_scaler_vec/g_lane_4__u_mul/fpnew_mul/i_arbiter/data_o[16] (rr_arb_tree_00000004_1_840242_27)                                                                                                                                                                         0.00       2.07 f                   
  gemm_unit/u_in_scaler_vec/g_lane_4__u_mul/fpnew_mul/result_o[10] (net)                                                                                                                                                                                                              0.00       2.07 f                   
  gemm_unit/u_in_scaler_vec/g_lane_4__u_mul/fpnew_mul/result_o[10] (fpnew_top_00000008042__logic_Z_1yB__566949_27)                                                                                                                                                                    0.00       2.07 f                   
  gemm_unit/u_in_scaler_vec/g_lane_4__u_mul/fpnew_result[10] (net)                                                                                                                                                                                                                    0.00       2.07 f                   
  gemm_unit/u_in_scaler_vec/g_lane_4__u_mul/result_buffer/data_in[10] (VX_elastic_buffer_6_27)                                                                                                                                                                                        0.00       2.07 f                   
  gemm_unit/u_in_scaler_vec/g_lane_4__u_mul/result_buffer/data_in[10] (net)                                                                                                                                                                                                           0.00       2.07 f                   
  gemm_unit/u_in_scaler_vec/g_lane_4__u_mul/result_buffer/g_eb1_pipe_buffer/data_in[10] (VX_pipe_buffer_17_27)                                                                                                                                                                        0.00       2.07 f                   
  gemm_unit/u_in_scaler_vec/g_lane_4__u_mul/result_buffer/g_eb1_pipe_buffer/data_in[10] (net)                                                                                                                                                                                         0.00       2.07 f                   
  gemm_unit/u_in_scaler_vec/g_lane_4__u_mul/result_buffer/g_eb1_pipe_buffer/g_register_g_pipe_regs_0__pipe_register/data_in[10] (VX_pipe_register_13_27)                                                                                                                              0.00       2.07 f                   
  gemm_unit/u_in_scaler_vec/g_lane_4__u_mul/result_buffer/g_eb1_pipe_buffer/g_register_g_pipe_regs_0__pipe_register/data_in[10] (net)                                                                                                                                                 0.00       2.07 f                   
  gemm_unit/u_in_scaler_vec/g_lane_4__u_mul/result_buffer/g_eb1_pipe_buffer/g_register_g_pipe_regs_0__pipe_register/g_shift_register/data_in[10] (VX_shift_register_17_1_1_0_27)                                                                                                      0.00       2.07 f                   
  gemm_unit/u_in_scaler_vec/g_lane_4__u_mul/result_buffer/g_eb1_pipe_buffer/g_register_g_pipe_regs_0__pipe_register/g_shift_register/data_in[10] (net)                                                                                                                                0.00       2.07 f                   
  gemm_unit/u_in_scaler_vec/g_lane_4__u_mul/result_buffer/g_eb1_pipe_buffer/g_register_g_pipe_regs_0__pipe_register/g_shift_register/g_shift_pipe_reg_0__10_/D (DFFQ_X4M_A9TR)                                                                                              0.02      0.00 *     2.07 f                   0.90
  data arrival time                                                                                                                                                                                                                                                                              2.07                     

  clock CLK (rise edge)                                                                                                                                                                                                                                                               1.00       1.00                     
  clock network delay (ideal)                                                                                                                                                                                                                                                         0.00       1.00                     
  gemm_unit/u_in_scaler_vec/g_lane_4__u_mul/result_buffer/g_eb1_pipe_buffer/g_register_g_pipe_regs_0__pipe_register/g_shift_register/g_shift_pipe_reg_0__10_/CK (DFFQ_X4M_A9TR)                                                                                                       0.00       1.00 r                   
  library setup time                                                                                                                                                                                                                                                                 -0.03       0.97                     
  data required time                                                                                                                                                                                                                                                                             0.97                     
  -------------------------------------------------------------------------------------------------------------------------------------------------------------------------------------------------------------------------------------------------------------------------------------------------------------------------------------
  data required time                                                                                                                                                                                                                                                                             0.97                     
  data arrival time                                                                                                                                                                                                                                                                             -2.07                     
  -------------------------------------------------------------------------------------------------------------------------------------------------------------------------------------------------------------------------------------------------------------------------------------------------------------------------------------
  slack (VIOLATED)                                                                                                                                                                                                                                                                              -1.09                     


  Startpoint: gemm_unit/u_in_scaler_vec/g_lane_4__u_mul/input_buffer/g_eb1_pipe_buffer/g_register_g_pipe_regs_0__pipe_register/g_shift_register/g_shift_pipe_reg_0__19_
              (rising edge-triggered flip-flop clocked by CLK)
  Endpoint: gemm_unit/u_in_scaler_vec/g_lane_4__u_mul/result_buffer/g_eb1_pipe_buffer/g_register_g_pipe_regs_0__pipe_register/g_shift_register/g_shift_pipe_reg_0__5_
            (rising edge-triggered flip-flop clocked by CLK)
  Scenario: mode_norm.OC_rvt_ss_0p900v_125c
  Path Group: CLK
  Path Type: max

Attributes:
    d - dont_touch
    u - dont_use
   mo - map_only
   so - size_only
    i - ideal_net or ideal_network
  inf - infeasible path

  Point                                                                                                                                                                                                                                                         Fanout     Trans      Incr       Path      Attributes     Voltage
  -------------------------------------------------------------------------------------------------------------------------------------------------------------------------------------------------------------------------------------------------------------------------------------------------------------------------------------
  clock CLK (rise edge)                                                                                                                                                                                                                                                               0.00       0.00                     
  clock network delay (ideal)                                                                                                                                                                                                                                                         0.00       0.00                     
  gemm_unit/u_in_scaler_vec/g_lane_4__u_mul/input_buffer/g_eb1_pipe_buffer/g_register_g_pipe_regs_0__pipe_register/g_shift_register/g_shift_pipe_reg_0__19_/CK (DFFQ_X4M_A9TR)                                                                                              0.00      0.00       0.00 r    i              0.90
  gemm_unit/u_in_scaler_vec/g_lane_4__u_mul/input_buffer/g_eb1_pipe_buffer/g_register_g_pipe_regs_0__pipe_register/g_shift_register/g_shift_pipe_reg_0__19_/Q (DFFQ_X4M_A9TR)                                                                                               0.01      0.09       0.09 f                   0.90
  gemm_unit/u_in_scaler_vec/g_lane_4__u_mul/input_buffer/g_eb1_pipe_buffer/g_register_g_pipe_regs_0__pipe_register/g_shift_register/data_out[19] (net)                                                                                                            1                   0.00       0.09 f                   
  gemm_unit/u_in_scaler_vec/g_lane_4__u_mul/input_buffer/g_eb1_pipe_buffer/g_register_g_pipe_regs_0__pipe_register/g_shift_register/data_out[19] (VX_shift_register_33_1_1_0_123)                                                                                                     0.00       0.09 f                   
  gemm_unit/u_in_scaler_vec/g_lane_4__u_mul/input_buffer/g_eb1_pipe_buffer/g_register_g_pipe_regs_0__pipe_register/data_out[19] (net)                                                                                                                                                 0.00       0.09 f                   
  gemm_unit/u_in_scaler_vec/g_lane_4__u_mul/input_buffer/g_eb1_pipe_buffer/g_register_g_pipe_regs_0__pipe_register/data_out[19] (VX_pipe_register_12_123)                                                                                                                             0.00       0.09 f                   
  gemm_unit/u_in_scaler_vec/g_lane_4__u_mul/input_buffer/g_eb1_pipe_buffer/data_out[19] (net)                                                                                                                                                                                         0.00       0.09 f                   
  gemm_unit/u_in_scaler_vec/g_lane_4__u_mul/input_buffer/g_eb1_pipe_buffer/data_out[19] (VX_pipe_buffer_16_123)                                                                                                                                                                       0.00       0.09 f                   
  gemm_unit/u_in_scaler_vec/g_lane_4__u_mul/input_buffer/data_out[19] (net)                                                                                                                                                                                                           0.00       0.09 f                   
  gemm_unit/u_in_scaler_vec/g_lane_4__u_mul/input_buffer/data_out[19] (VX_elastic_buffer_5_27)                                                                                                                                                                                        0.00       0.09 f                   
  gemm_unit/u_in_scaler_vec/g_lane_4__u_mul/fpnew_inputs_data[19] (net)                                                                                                                                                                                                               0.00       0.09 f                   
  gemm_unit/u_in_scaler_vec/g_lane_4__u_mul/fpnew_mul/operands_i[19] (fpnew_top_00000008042__logic_Z_1yB__566949_27)                                                                                                                                                                  0.00       0.09 f                   
  gemm_unit/u_in_scaler_vec/g_lane_4__u_mul/fpnew_mul/operands_i[19] (net)                                                                                                                                                                                                            0.00       0.09 f                   
  gemm_unit/u_in_scaler_vec/g_lane_4__u_mul/fpnew_mul/gen_operation_groups_0__i_opgroup_block/operands_i[19] (fpnew_opgroup_block_0_00000010_0_2_04_2_155_3__logic_Z_1yB__00000000_388949_27)                                                                                         0.00       0.09 f                   
  gemm_unit/u_in_scaler_vec/g_lane_4__u_mul/fpnew_mul/gen_operation_groups_0__i_opgroup_block/operands_i[19] (net)                                                                                                                                                                    0.00       0.09 f                   
  gemm_unit/u_in_scaler_vec/g_lane_4__u_mul/fpnew_mul/gen_operation_groups_0__i_opgroup_block/U6/Y (BUF_X13M_A9TR)                                                                                                                                                          0.03      0.04 *     0.14 f                   0.90
  gemm_unit/u_in_scaler_vec/g_lane_4__u_mul/fpnew_mul/gen_operation_groups_0__i_opgroup_block/n50 (net)                                                                                                                                                          18                   0.00       0.14 f                   
  gemm_unit/u_in_scaler_vec/g_lane_4__u_mul/fpnew_mul/gen_operation_groups_0__i_opgroup_block/gen_parallel_slices_2__active_format_i_fmt_slice/operands_i[19] (fpnew_opgroup_fmt_slice_0_2_00000010_0_00000000_3__logic_Z_1yB__00000000_27)                                           0.00       0.14 f                   
  gemm_unit/u_in_scaler_vec/g_lane_4__u_mul/fpnew_mul/gen_operation_groups_0__i_opgroup_block/gen_parallel_slices_2__active_format_i_fmt_slice/operands_i[19] (net)                                                                                                                   0.00       0.14 f                   
  gemm_unit/u_in_scaler_vec/g_lane_4__u_mul/fpnew_mul/gen_operation_groups_0__i_opgroup_block/gen_parallel_slices_2__active_format_i_fmt_slice/gen_num_lanes_0__active_lane_lane_instance_i_fma/operands_i[19] (fpnew_fma_2_00000000_3__logic_Z_1yB___logic_Z_1yB__27)                0.00       0.14 f                   
  gemm_unit/u_in_scaler_vec/g_lane_4__u_mul/fpnew_mul/gen_operation_groups_0__i_opgroup_block/gen_parallel_slices_2__active_format_i_fmt_slice/gen_num_lanes_0__active_lane_lane_instance_i_fma/operands_i[19] (net)                                                                  0.00       0.14 f                   
  gemm_unit/u_in_scaler_vec/g_lane_4__u_mul/fpnew_mul/gen_operation_groups_0__i_opgroup_block/gen_parallel_slices_2__active_format_i_fmt_slice/gen_num_lanes_0__active_lane_lane_instance_i_fma/U1190/Y (XNOR2_X4M_A9TR)                                                    0.09      0.05 *     0.18 r                   0.90
  gemm_unit/u_in_scaler_vec/g_lane_4__u_mul/fpnew_mul/gen_operation_groups_0__i_opgroup_block/gen_parallel_slices_2__active_format_i_fmt_slice/gen_num_lanes_0__active_lane_lane_instance_i_fma/n576 (net)                                                        3                   0.00       0.18 r                   
  gemm_unit/u_in_scaler_vec/g_lane_4__u_mul/fpnew_mul/gen_operation_groups_0__i_opgroup_block/gen_parallel_slices_2__active_format_i_fmt_slice/gen_num_lanes_0__active_lane_lane_instance_i_fma/U761/Y (NAND2_X6A_A9TR)                                                     0.04      0.04 *     0.23 f                   0.90
  gemm_unit/u_in_scaler_vec/g_lane_4__u_mul/fpnew_mul/gen_operation_groups_0__i_opgroup_block/gen_parallel_slices_2__active_format_i_fmt_slice/gen_num_lanes_0__active_lane_lane_instance_i_fma/n637 (net)                                                       13                   0.00       0.23 f                   
  gemm_unit/u_in_scaler_vec/g_lane_4__u_mul/fpnew_mul/gen_operation_groups_0__i_opgroup_block/gen_parallel_slices_2__active_format_i_fmt_slice/gen_num_lanes_0__active_lane_lane_instance_i_fma/U283/Y (AO21_X1M_A9TR)                                                      0.03      0.07 *     0.30 f                   0.90
  gemm_unit/u_in_scaler_vec/g_lane_4__u_mul/fpnew_mul/gen_operation_groups_0__i_opgroup_block/gen_parallel_slices_2__active_format_i_fmt_slice/gen_num_lanes_0__active_lane_lane_instance_i_fma/n691 (net)                                                        1                   0.00       0.30 f                   
  gemm_unit/u_in_scaler_vec/g_lane_4__u_mul/fpnew_mul/gen_operation_groups_0__i_opgroup_block/gen_parallel_slices_2__active_format_i_fmt_slice/gen_num_lanes_0__active_lane_lane_instance_i_fma/U327/S (ADDF_X1M_A9TR)                                                      0.03      0.12 *     0.42 f                   0.90
  gemm_unit/u_in_scaler_vec/g_lane_4__u_mul/fpnew_mul/gen_operation_groups_0__i_opgroup_block/gen_parallel_slices_2__active_format_i_fmt_slice/gen_num_lanes_0__active_lane_lane_instance_i_fma/n696 (net)                                                        1                   0.00       0.42 f                   
  gemm_unit/u_in_scaler_vec/g_lane_4__u_mul/fpnew_mul/gen_operation_groups_0__i_opgroup_block/gen_parallel_slices_2__active_format_i_fmt_slice/gen_num_lanes_0__active_lane_lane_instance_i_fma/U334/CO (ADDFH_X1M_A9TR)                                                    0.04      0.09 *     0.50 f                   0.90
  gemm_unit/u_in_scaler_vec/g_lane_4__u_mul/fpnew_mul/gen_operation_groups_0__i_opgroup_block/gen_parallel_slices_2__active_format_i_fmt_slice/gen_num_lanes_0__active_lane_lane_instance_i_fma/n700 (net)                                                        2                   0.00       0.50 f                   
  gemm_unit/u_in_scaler_vec/g_lane_4__u_mul/fpnew_mul/gen_operation_groups_0__i_opgroup_block/gen_parallel_slices_2__active_format_i_fmt_slice/gen_num_lanes_0__active_lane_lane_instance_i_fma/U1199/Y (XNOR2_X1P4M_A9TR)                                                  0.03      0.04 *     0.54 f                   0.90
  gemm_unit/u_in_scaler_vec/g_lane_4__u_mul/fpnew_mul/gen_operation_groups_0__i_opgroup_block/gen_parallel_slices_2__active_format_i_fmt_slice/gen_num_lanes_0__active_lane_lane_instance_i_fma/n1675 (net)                                                       1                   0.00       0.54 f                   
  gemm_unit/u_in_scaler_vec/g_lane_4__u_mul/fpnew_mul/gen_operation_groups_0__i_opgroup_block/gen_parallel_slices_2__active_format_i_fmt_slice/gen_num_lanes_0__active_lane_lane_instance_i_fma/U1198/Y (XNOR2_X1P4M_A9TR)                                                  0.04      0.04 *     0.59 f                   0.90
  gemm_unit/u_in_scaler_vec/g_lane_4__u_mul/fpnew_mul/gen_operation_groups_0__i_opgroup_block/gen_parallel_slices_2__active_format_i_fmt_slice/gen_num_lanes_0__active_lane_lane_instance_i_fma/n730 (net)                                                        2                   0.00       0.59 f                   
  gemm_unit/u_in_scaler_vec/g_lane_4__u_mul/fpnew_mul/gen_operation_groups_0__i_opgroup_block/gen_parallel_slices_2__active_format_i_fmt_slice/gen_num_lanes_0__active_lane_lane_instance_i_fma/U335/Y (NOR2_X2A_A9TR)                                                      0.08      0.06 *     0.64 r                   0.90
  gemm_unit/u_in_scaler_vec/g_lane_4__u_mul/fpnew_mul/gen_operation_groups_0__i_opgroup_block/gen_parallel_slices_2__active_format_i_fmt_slice/gen_num_lanes_0__active_lane_lane_instance_i_fma/n776 (net)                                                        3                   0.00       0.64 r                   
  gemm_unit/u_in_scaler_vec/g_lane_4__u_mul/fpnew_mul/gen_operation_groups_0__i_opgroup_block/gen_parallel_slices_2__active_format_i_fmt_slice/gen_num_lanes_0__active_lane_lane_instance_i_fma/U336/Y (NOR2_X3A_A9TR)                                                      0.03      0.03 *     0.68 f                   0.90
  gemm_unit/u_in_scaler_vec/g_lane_4__u_mul/fpnew_mul/gen_operation_groups_0__i_opgroup_block/gen_parallel_slices_2__active_format_i_fmt_slice/gen_num_lanes_0__active_lane_lane_instance_i_fma/n782 (net)                                                        3                   0.00       0.68 f                   
  gemm_unit/u_in_scaler_vec/g_lane_4__u_mul/fpnew_mul/gen_operation_groups_0__i_opgroup_block/gen_parallel_slices_2__active_format_i_fmt_slice/gen_num_lanes_0__active_lane_lane_instance_i_fma/U353/Y (NAND2_X0P7M_A9TR)                                                   0.07      0.05 *     0.73 r                   0.90
  gemm_unit/u_in_scaler_vec/g_lane_4__u_mul/fpnew_mul/gen_operation_groups_0__i_opgroup_block/gen_parallel_slices_2__active_format_i_fmt_slice/gen_num_lanes_0__active_lane_lane_instance_i_fma/n755 (net)                                                        2                   0.00       0.73 r                   
  gemm_unit/u_in_scaler_vec/g_lane_4__u_mul/fpnew_mul/gen_operation_groups_0__i_opgroup_block/gen_parallel_slices_2__active_format_i_fmt_slice/gen_num_lanes_0__active_lane_lane_instance_i_fma/U361/Y (NOR2_X2M_A9TR)                                                      0.04      0.04 *     0.77 f                   0.90
  gemm_unit/u_in_scaler_vec/g_lane_4__u_mul/fpnew_mul/gen_operation_groups_0__i_opgroup_block/gen_parallel_slices_2__active_format_i_fmt_slice/gen_num_lanes_0__active_lane_lane_instance_i_fma/n741 (net)                                                        1                   0.00       0.77 f                   
  gemm_unit/u_in_scaler_vec/g_lane_4__u_mul/fpnew_mul/gen_operation_groups_0__i_opgroup_block/gen_parallel_slices_2__active_format_i_fmt_slice/gen_num_lanes_0__active_lane_lane_instance_i_fma/U427/Y (AOI21_X4M_A9TR)                                                     0.04      0.05 *     0.82 r                   0.90
  gemm_unit/u_in_scaler_vec/g_lane_4__u_mul/fpnew_mul/gen_operation_groups_0__i_opgroup_block/gen_parallel_slices_2__active_format_i_fmt_slice/gen_num_lanes_0__active_lane_lane_instance_i_fma/n754 (net)                                                        1                   0.00       0.82 r                   
  gemm_unit/u_in_scaler_vec/g_lane_4__u_mul/fpnew_mul/gen_operation_groups_0__i_opgroup_block/gen_parallel_slices_2__active_format_i_fmt_slice/gen_num_lanes_0__active_lane_lane_instance_i_fma/U378/Y (XOR2_X3M_A9TR)                                                      0.12      0.06 *     0.88 r                   0.90
  gemm_unit/u_in_scaler_vec/g_lane_4__u_mul/fpnew_mul/gen_operation_groups_0__i_opgroup_block/gen_parallel_slices_2__active_format_i_fmt_slice/gen_num_lanes_0__active_lane_lane_instance_i_fma/sum_pos[23] (net)                                                 6                   0.00       0.88 r                   
  gemm_unit/u_in_scaler_vec/g_lane_4__u_mul/fpnew_mul/gen_operation_groups_0__i_opgroup_block/gen_parallel_slices_2__active_format_i_fmt_slice/gen_num_lanes_0__active_lane_lane_instance_i_fma/i_lzc/in_i[23] (lzc_00000019_1_27)                                                    0.00       0.88 r                   
  gemm_unit/u_in_scaler_vec/g_lane_4__u_mul/fpnew_mul/gen_operation_groups_0__i_opgroup_block/gen_parallel_slices_2__active_format_i_fmt_slice/gen_num_lanes_0__active_lane_lane_instance_i_fma/i_lzc/in_i[23] (net)                                                                  0.00       0.88 r                   
  gemm_unit/u_in_scaler_vec/g_lane_4__u_mul/fpnew_mul/gen_operation_groups_0__i_opgroup_block/gen_parallel_slices_2__active_format_i_fmt_slice/gen_num_lanes_0__active_lane_lane_instance_i_fma/i_lzc/U12/Y (NOR2_X8A_A9TR)                                                 0.04      0.03 *     0.92 f                   0.90
  gemm_unit/u_in_scaler_vec/g_lane_4__u_mul/fpnew_mul/gen_operation_groups_0__i_opgroup_block/gen_parallel_slices_2__active_format_i_fmt_slice/gen_num_lanes_0__active_lane_lane_instance_i_fma/i_lzc/n100 (net)                                                  3                   0.00       0.92 f                   
  gemm_unit/u_in_scaler_vec/g_lane_4__u_mul/fpnew_mul/gen_operation_groups_0__i_opgroup_block/gen_parallel_slices_2__active_format_i_fmt_slice/gen_num_lanes_0__active_lane_lane_instance_i_fma/i_lzc/U46/Y (NAND2_X2B_A9TR)                                                0.03      0.03 *     0.94 r                   0.90
  gemm_unit/u_in_scaler_vec/g_lane_4__u_mul/fpnew_mul/gen_operation_groups_0__i_opgroup_block/gen_parallel_slices_2__active_format_i_fmt_slice/gen_num_lanes_0__active_lane_lane_instance_i_fma/i_lzc/n137 (net)                                                  1                   0.00       0.94 r                   
  gemm_unit/u_in_scaler_vec/g_lane_4__u_mul/fpnew_mul/gen_operation_groups_0__i_opgroup_block/gen_parallel_slices_2__active_format_i_fmt_slice/gen_num_lanes_0__active_lane_lane_instance_i_fma/i_lzc/U51/Y (NOR2_X3M_A9TR)                                                 0.03      0.03 *     0.97 f                   0.90
  gemm_unit/u_in_scaler_vec/g_lane_4__u_mul/fpnew_mul/gen_operation_groups_0__i_opgroup_block/gen_parallel_slices_2__active_format_i_fmt_slice/gen_num_lanes_0__active_lane_lane_instance_i_fma/i_lzc/n110 (net)                                                  3                   0.00       0.97 f                   
  gemm_unit/u_in_scaler_vec/g_lane_4__u_mul/fpnew_mul/gen_operation_groups_0__i_opgroup_block/gen_parallel_slices_2__active_format_i_fmt_slice/gen_num_lanes_0__active_lane_lane_instance_i_fma/i_lzc/U85/Y (AND2_X6B_A9TR)                                                 0.02      0.05 *     1.02 f                   0.90
  gemm_unit/u_in_scaler_vec/g_lane_4__u_mul/fpnew_mul/gen_operation_groups_0__i_opgroup_block/gen_parallel_slices_2__active_format_i_fmt_slice/gen_num_lanes_0__active_lane_lane_instance_i_fma/i_lzc/cnt_o[3] (net)                                              6                   0.00       1.02 f                   
  gemm_unit/u_in_scaler_vec/g_lane_4__u_mul/fpnew_mul/gen_operation_groups_0__i_opgroup_block/gen_parallel_slices_2__active_format_i_fmt_slice/gen_num_lanes_0__active_lane_lane_instance_i_fma/i_lzc/cnt_o[3] (lzc_00000019_1_27)                                                    0.00       1.02 f                   
  gemm_unit/u_in_scaler_vec/g_lane_4__u_mul/fpnew_mul/gen_operation_groups_0__i_opgroup_block/gen_parallel_slices_2__active_format_i_fmt_slice/gen_num_lanes_0__active_lane_lane_instance_i_fma/leading_zero_count[3] (net)                                                           0.00       1.02 f                   
  gemm_unit/u_in_scaler_vec/g_lane_4__u_mul/fpnew_mul/gen_operation_groups_0__i_opgroup_block/gen_parallel_slices_2__active_format_i_fmt_slice/gen_num_lanes_0__active_lane_lane_instance_i_fma/U485/Y (NAND2_X3B_A9TR)                                                     0.02      0.02 *     1.04 r                   0.90
  gemm_unit/u_in_scaler_vec/g_lane_4__u_mul/fpnew_mul/gen_operation_groups_0__i_opgroup_block/gen_parallel_slices_2__active_format_i_fmt_slice/gen_num_lanes_0__active_lane_lane_instance_i_fma/n898 (net)                                                        2                   0.00       1.04 r                   
  gemm_unit/u_in_scaler_vec/g_lane_4__u_mul/fpnew_mul/gen_operation_groups_0__i_opgroup_block/gen_parallel_slices_2__active_format_i_fmt_slice/gen_num_lanes_0__active_lane_lane_instance_i_fma/U490/Y (NAND3_X1A_A9TR)                                                     0.04      0.03 *     1.07 f                   0.90
  gemm_unit/u_in_scaler_vec/g_lane_4__u_mul/fpnew_mul/gen_operation_groups_0__i_opgroup_block/gen_parallel_slices_2__active_format_i_fmt_slice/gen_num_lanes_0__active_lane_lane_instance_i_fma/n874 (net)                                                        1                   0.00       1.07 f                   
  gemm_unit/u_in_scaler_vec/g_lane_4__u_mul/fpnew_mul/gen_operation_groups_0__i_opgroup_block/gen_parallel_slices_2__active_format_i_fmt_slice/gen_num_lanes_0__active_lane_lane_instance_i_fma/U491/Y (INV_X2M_A9TR)                                                       0.03      0.03 *     1.11 r                   0.90
  gemm_unit/u_in_scaler_vec/g_lane_4__u_mul/fpnew_mul/gen_operation_groups_0__i_opgroup_block/gen_parallel_slices_2__active_format_i_fmt_slice/gen_num_lanes_0__active_lane_lane_instance_i_fma/n875 (net)                                                        1                   0.00       1.11 r                   
  gemm_unit/u_in_scaler_vec/g_lane_4__u_mul/fpnew_mul/gen_operation_groups_0__i_opgroup_block/gen_parallel_slices_2__active_format_i_fmt_slice/gen_num_lanes_0__active_lane_lane_instance_i_fma/U276/Y (NAND3_X6A_A9TR)                                                     0.04      0.04 *     1.14 f                   0.90
  gemm_unit/u_in_scaler_vec/g_lane_4__u_mul/fpnew_mul/gen_operation_groups_0__i_opgroup_block/gen_parallel_slices_2__active_format_i_fmt_slice/gen_num_lanes_0__active_lane_lane_instance_i_fma/n1555 (net)                                                       2                   0.00       1.14 f                   
  gemm_unit/u_in_scaler_vec/g_lane_4__u_mul/fpnew_mul/gen_operation_groups_0__i_opgroup_block/gen_parallel_slices_2__active_format_i_fmt_slice/gen_num_lanes_0__active_lane_lane_instance_i_fma/U269/Y (NAND2_X6B_A9TR)                                                     0.04      0.03 *     1.18 r                   0.90
  gemm_unit/u_in_scaler_vec/g_lane_4__u_mul/fpnew_mul/gen_operation_groups_0__i_opgroup_block/gen_parallel_slices_2__active_format_i_fmt_slice/gen_num_lanes_0__active_lane_lane_instance_i_fma/n983 (net)                                                        3                   0.00       1.18 r                   
  gemm_unit/u_in_scaler_vec/g_lane_4__u_mul/fpnew_mul/gen_operation_groups_0__i_opgroup_block/gen_parallel_slices_2__active_format_i_fmt_slice/gen_num_lanes_0__active_lane_lane_instance_i_fma/U1131/Y (OA21_X6M_A9TR)                                                     0.03      0.05 *     1.23 r                   0.90
  gemm_unit/u_in_scaler_vec/g_lane_4__u_mul/fpnew_mul/gen_operation_groups_0__i_opgroup_block/gen_parallel_slices_2__active_format_i_fmt_slice/gen_num_lanes_0__active_lane_lane_instance_i_fma/n1612 (net)                                                       2                   0.00       1.23 r                   
  gemm_unit/u_in_scaler_vec/g_lane_4__u_mul/fpnew_mul/gen_operation_groups_0__i_opgroup_block/gen_parallel_slices_2__active_format_i_fmt_slice/gen_num_lanes_0__active_lane_lane_instance_i_fma/U222/Y (NAND2_X8B_A9TR)                                                     0.03      0.02 *     1.25 f                   0.90
  gemm_unit/u_in_scaler_vec/g_lane_4__u_mul/fpnew_mul/gen_operation_groups_0__i_opgroup_block/gen_parallel_slices_2__active_format_i_fmt_slice/gen_num_lanes_0__active_lane_lane_instance_i_fma/n1545 (net)                                                       4                   0.00       1.25 f                   
  gemm_unit/u_in_scaler_vec/g_lane_4__u_mul/fpnew_mul/gen_operation_groups_0__i_opgroup_block/gen_parallel_slices_2__active_format_i_fmt_slice/gen_num_lanes_0__active_lane_lane_instance_i_fma/U467/Y (INV_X6M_A9TR)                                                       0.03      0.03 *     1.28 r                   0.90
  gemm_unit/u_in_scaler_vec/g_lane_4__u_mul/fpnew_mul/gen_operation_groups_0__i_opgroup_block/gen_parallel_slices_2__active_format_i_fmt_slice/gen_num_lanes_0__active_lane_lane_instance_i_fma/n999 (net)                                                        3                   0.00       1.28 r                   
  gemm_unit/u_in_scaler_vec/g_lane_4__u_mul/fpnew_mul/gen_operation_groups_0__i_opgroup_block/gen_parallel_slices_2__active_format_i_fmt_slice/gen_num_lanes_0__active_lane_lane_instance_i_fma/U564/Y (NOR2_X6M_A9TR)                                                      0.03      0.03 *     1.30 f                   0.90
  gemm_unit/u_in_scaler_vec/g_lane_4__u_mul/fpnew_mul/gen_operation_groups_0__i_opgroup_block/gen_parallel_slices_2__active_format_i_fmt_slice/gen_num_lanes_0__active_lane_lane_instance_i_fma/n1331 (net)                                                       6                   0.00       1.30 f                   
  gemm_unit/u_in_scaler_vec/g_lane_4__u_mul/fpnew_mul/gen_operation_groups_0__i_opgroup_block/gen_parallel_slices_2__active_format_i_fmt_slice/gen_num_lanes_0__active_lane_lane_instance_i_fma/U653/Y (NAND2_X1A_A9TR)                                                     0.05      0.04 *     1.34 r                   0.90
  gemm_unit/u_in_scaler_vec/g_lane_4__u_mul/fpnew_mul/gen_operation_groups_0__i_opgroup_block/gen_parallel_slices_2__active_format_i_fmt_slice/gen_num_lanes_0__active_lane_lane_instance_i_fma/n1011 (net)                                                       1                   0.00       1.34 r                   
  gemm_unit/u_in_scaler_vec/g_lane_4__u_mul/fpnew_mul/gen_operation_groups_0__i_opgroup_block/gen_parallel_slices_2__active_format_i_fmt_slice/gen_num_lanes_0__active_lane_lane_instance_i_fma/U658/Y (NAND4_X4A_A9TR)                                                     0.06      0.06 *     1.40 f                   0.90
  gemm_unit/u_in_scaler_vec/g_lane_4__u_mul/fpnew_mul/gen_operation_groups_0__i_opgroup_block/gen_parallel_slices_2__active_format_i_fmt_slice/gen_num_lanes_0__active_lane_lane_instance_i_fma/n1427 (net)                                                       6                   0.00       1.40 f                   
  gemm_unit/u_in_scaler_vec/g_lane_4__u_mul/fpnew_mul/gen_operation_groups_0__i_opgroup_block/gen_parallel_slices_2__active_format_i_fmt_slice/gen_num_lanes_0__active_lane_lane_instance_i_fma/U1140/Y (NAND2_X2B_A9TR)                                                    0.03      0.03 *     1.43 r                   0.90
  gemm_unit/u_in_scaler_vec/g_lane_4__u_mul/fpnew_mul/gen_operation_groups_0__i_opgroup_block/gen_parallel_slices_2__active_format_i_fmt_slice/gen_num_lanes_0__active_lane_lane_instance_i_fma/n1596 (net)                                                       1                   0.00       1.43 r                   
  gemm_unit/u_in_scaler_vec/g_lane_4__u_mul/fpnew_mul/gen_operation_groups_0__i_opgroup_block/gen_parallel_slices_2__active_format_i_fmt_slice/gen_num_lanes_0__active_lane_lane_instance_i_fma/U142/Y (NAND2_X2B_A9TR)                                                     0.02      0.02 *     1.45 f                   0.90
  gemm_unit/u_in_scaler_vec/g_lane_4__u_mul/fpnew_mul/gen_operation_groups_0__i_opgroup_block/gen_parallel_slices_2__active_format_i_fmt_slice/gen_num_lanes_0__active_lane_lane_instance_i_fma/n1679 (net)                                                       1                   0.00       1.45 f                   
  gemm_unit/u_in_scaler_vec/g_lane_4__u_mul/fpnew_mul/gen_operation_groups_0__i_opgroup_block/gen_parallel_slices_2__active_format_i_fmt_slice/gen_num_lanes_0__active_lane_lane_instance_i_fma/U30/Y (INV_X4B_A9TR)                                                        0.02      0.02 *     1.47 r                   0.90
  gemm_unit/u_in_scaler_vec/g_lane_4__u_mul/fpnew_mul/gen_operation_groups_0__i_opgroup_block/gen_parallel_slices_2__active_format_i_fmt_slice/gen_num_lanes_0__active_lane_lane_instance_i_fma/n1702 (net)                                                       1                   0.00       1.47 r                   
  gemm_unit/u_in_scaler_vec/g_lane_4__u_mul/fpnew_mul/gen_operation_groups_0__i_opgroup_block/gen_parallel_slices_2__active_format_i_fmt_slice/gen_num_lanes_0__active_lane_lane_instance_i_fma/U1152/Y (NAND2_X6A_A9TR)                                                    0.04      0.03 *     1.50 f                   0.90
  gemm_unit/u_in_scaler_vec/g_lane_4__u_mul/fpnew_mul/gen_operation_groups_0__i_opgroup_block/gen_parallel_slices_2__active_format_i_fmt_slice/gen_num_lanes_0__active_lane_lane_instance_i_fma/n1455 (net)                                                       9                   0.00       1.50 f                   
  gemm_unit/u_in_scaler_vec/g_lane_4__u_mul/fpnew_mul/gen_operation_groups_0__i_opgroup_block/gen_parallel_slices_2__active_format_i_fmt_slice/gen_num_lanes_0__active_lane_lane_instance_i_fma/U808/Y (NOR2_X1A_A9TR)                                                      0.05      0.04 *     1.54 r                   0.90
  gemm_unit/u_in_scaler_vec/g_lane_4__u_mul/fpnew_mul/gen_operation_groups_0__i_opgroup_block/gen_parallel_slices_2__active_format_i_fmt_slice/gen_num_lanes_0__active_lane_lane_instance_i_fma/n1161 (net)                                                       1                   0.00       1.54 r                   
  gemm_unit/u_in_scaler_vec/g_lane_4__u_mul/fpnew_mul/gen_operation_groups_0__i_opgroup_block/gen_parallel_slices_2__active_format_i_fmt_slice/gen_num_lanes_0__active_lane_lane_instance_i_fma/U1147/Y (NAND2_X1M_A9TR)                                                    0.03      0.03 *     1.58 f                   0.90
  gemm_unit/u_in_scaler_vec/g_lane_4__u_mul/fpnew_mul/gen_operation_groups_0__i_opgroup_block/gen_parallel_slices_2__active_format_i_fmt_slice/gen_num_lanes_0__active_lane_lane_instance_i_fma/n1602 (net)                                                       1                   0.00       1.58 f                   
  gemm_unit/u_in_scaler_vec/g_lane_4__u_mul/fpnew_mul/gen_operation_groups_0__i_opgroup_block/gen_parallel_slices_2__active_format_i_fmt_slice/gen_num_lanes_0__active_lane_lane_instance_i_fma/U1138/Y (OAI211_X4M_A9TR)                                                   0.06      0.04 *     1.61 r                   0.90
  gemm_unit/u_in_scaler_vec/g_lane_4__u_mul/fpnew_mul/gen_operation_groups_0__i_opgroup_block/gen_parallel_slices_2__active_format_i_fmt_slice/gen_num_lanes_0__active_lane_lane_instance_i_fma/n1490 (net)                                                       3                   0.00       1.61 r                   
  gemm_unit/u_in_scaler_vec/g_lane_4__u_mul/fpnew_mul/gen_operation_groups_0__i_opgroup_block/gen_parallel_slices_2__active_format_i_fmt_slice/gen_num_lanes_0__active_lane_lane_instance_i_fma/U174/Y (NAND2_X3B_A9TR)                                                     0.03      0.03 *     1.64 f                   0.90
  gemm_unit/u_in_scaler_vec/g_lane_4__u_mul/fpnew_mul/gen_operation_groups_0__i_opgroup_block/gen_parallel_slices_2__active_format_i_fmt_slice/gen_num_lanes_0__active_lane_lane_instance_i_fma/n1170 (net)                                                       1                   0.00       1.64 f                   
  gemm_unit/u_in_scaler_vec/g_lane_4__u_mul/fpnew_mul/gen_operation_groups_0__i_opgroup_block/gen_parallel_slices_2__active_format_i_fmt_slice/gen_num_lanes_0__active_lane_lane_instance_i_fma/U817/Y (OAI22_X6M_A9TR)                                                     0.07      0.05 *     1.69 r                   0.90
  gemm_unit/u_in_scaler_vec/g_lane_4__u_mul/fpnew_mul/gen_operation_groups_0__i_opgroup_block/gen_parallel_slices_2__active_format_i_fmt_slice/gen_num_lanes_0__active_lane_lane_instance_i_fma/n1173 (net)                                                       3                   0.00       1.69 r                   
  gemm_unit/u_in_scaler_vec/g_lane_4__u_mul/fpnew_mul/gen_operation_groups_0__i_opgroup_block/gen_parallel_slices_2__active_format_i_fmt_slice/gen_num_lanes_0__active_lane_lane_instance_i_fma/U508/Y (INV_X7P5M_A9TR)                                                     0.03      0.03 *     1.72 f                   0.90
  gemm_unit/u_in_scaler_vec/g_lane_4__u_mul/fpnew_mul/gen_operation_groups_0__i_opgroup_block/gen_parallel_slices_2__active_format_i_fmt_slice/gen_num_lanes_0__active_lane_lane_instance_i_fma/n1635 (net)                                                       7                   0.00       1.72 f                   
  gemm_unit/u_in_scaler_vec/g_lane_4__u_mul/fpnew_mul/gen_operation_groups_0__i_opgroup_block/gen_parallel_slices_2__active_format_i_fmt_slice/gen_num_lanes_0__active_lane_lane_instance_i_fma/U902/Y (NAND3_X4A_A9TR)                                                     0.05      0.03 *     1.76 r                   0.90
  gemm_unit/u_in_scaler_vec/g_lane_4__u_mul/fpnew_mul/gen_operation_groups_0__i_opgroup_block/gen_parallel_slices_2__active_format_i_fmt_slice/gen_num_lanes_0__active_lane_lane_instance_i_fma/round_sticky_bits[1] (net)                                        4                   0.00       1.76 r                   
  gemm_unit/u_in_scaler_vec/g_lane_4__u_mul/fpnew_mul/gen_operation_groups_0__i_opgroup_block/gen_parallel_slices_2__active_format_i_fmt_slice/gen_num_lanes_0__active_lane_lane_instance_i_fma/i_fpnew_rounding/round_sticky_bits_i[1] (fpnew_rounding_0000000f_27)                  0.00       1.76 r                   
  gemm_unit/u_in_scaler_vec/g_lane_4__u_mul/fpnew_mul/gen_operation_groups_0__i_opgroup_block/gen_parallel_slices_2__active_format_i_fmt_slice/gen_num_lanes_0__active_lane_lane_instance_i_fma/i_fpnew_rounding/round_sticky_bits_i[1] (net)                                         0.00       1.76 r                   
  gemm_unit/u_in_scaler_vec/g_lane_4__u_mul/fpnew_mul/gen_operation_groups_0__i_opgroup_block/gen_parallel_slices_2__active_format_i_fmt_slice/gen_num_lanes_0__active_lane_lane_instance_i_fma/i_fpnew_rounding/U23/Y (NAND2_X3M_A9TR)                                     0.03      0.03 *     1.79 f                   0.90
  gemm_unit/u_in_scaler_vec/g_lane_4__u_mul/fpnew_mul/gen_operation_groups_0__i_opgroup_block/gen_parallel_slices_2__active_format_i_fmt_slice/gen_num_lanes_0__active_lane_lane_instance_i_fma/i_fpnew_rounding/n93 (net)                                        3                   0.00       1.79 f                   
  gemm_unit/u_in_scaler_vec/g_lane_4__u_mul/fpnew_mul/gen_operation_groups_0__i_opgroup_block/gen_parallel_slices_2__active_format_i_fmt_slice/gen_num_lanes_0__active_lane_lane_instance_i_fma/i_fpnew_rounding/U25/Y (NOR2_X4M_A9TR)                                      0.05      0.04 *     1.83 r                   0.90
  gemm_unit/u_in_scaler_vec/g_lane_4__u_mul/fpnew_mul/gen_operation_groups_0__i_opgroup_block/gen_parallel_slices_2__active_format_i_fmt_slice/gen_num_lanes_0__active_lane_lane_instance_i_fma/i_fpnew_rounding/n133 (net)                                       6                   0.00       1.83 r                   
  gemm_unit/u_in_scaler_vec/g_lane_4__u_mul/fpnew_mul/gen_operation_groups_0__i_opgroup_block/gen_parallel_slices_2__active_format_i_fmt_slice/gen_num_lanes_0__active_lane_lane_instance_i_fma/i_fpnew_rounding/U34/Y (NAND2_X2A_A9TR)                                     0.04      0.04 *     1.86 f                   0.90
  gemm_unit/u_in_scaler_vec/g_lane_4__u_mul/fpnew_mul/gen_operation_groups_0__i_opgroup_block/gen_parallel_slices_2__active_format_i_fmt_slice/gen_num_lanes_0__active_lane_lane_instance_i_fma/i_fpnew_rounding/n130 (net)                                       3                   0.00       1.86 f                   
  gemm_unit/u_in_scaler_vec/g_lane_4__u_mul/fpnew_mul/gen_operation_groups_0__i_opgroup_block/gen_parallel_slices_2__active_format_i_fmt_slice/gen_num_lanes_0__active_lane_lane_instance_i_fma/i_fpnew_rounding/U78/Y (AOI21B_X2M_A9TR)                                    0.02      0.05 *     1.92 f                   0.90
  gemm_unit/u_in_scaler_vec/g_lane_4__u_mul/fpnew_mul/gen_operation_groups_0__i_opgroup_block/gen_parallel_slices_2__active_format_i_fmt_slice/gen_num_lanes_0__active_lane_lane_instance_i_fma/i_fpnew_rounding/abs_rounded_o[5] (net)                           1                   0.00       1.92 f                   
  gemm_unit/u_in_scaler_vec/g_lane_4__u_mul/fpnew_mul/gen_operation_groups_0__i_opgroup_block/gen_parallel_slices_2__active_format_i_fmt_slice/gen_num_lanes_0__active_lane_lane_instance_i_fma/i_fpnew_rounding/abs_rounded_o[5] (fpnew_rounding_0000000f_27)                        0.00       1.92 f                   
  gemm_unit/u_in_scaler_vec/g_lane_4__u_mul/fpnew_mul/gen_operation_groups_0__i_opgroup_block/gen_parallel_slices_2__active_format_i_fmt_slice/gen_num_lanes_0__active_lane_lane_instance_i_fma/rounded_abs[5] (net)                                                                  0.00       1.92 f                   
  gemm_unit/u_in_scaler_vec/g_lane_4__u_mul/fpnew_mul/gen_operation_groups_0__i_opgroup_block/gen_parallel_slices_2__active_format_i_fmt_slice/gen_num_lanes_0__active_lane_lane_instance_i_fma/U1116/Y (AND2_X2M_A9TR)                                                     0.02      0.04 *     1.96 f                   0.90
  gemm_unit/u_in_scaler_vec/g_lane_4__u_mul/fpnew_mul/gen_operation_groups_0__i_opgroup_block/gen_parallel_slices_2__active_format_i_fmt_slice/gen_num_lanes_0__active_lane_lane_instance_i_fma/result_o[5] (net)                                                 1                   0.00       1.96 f                   
  gemm_unit/u_in_scaler_vec/g_lane_4__u_mul/fpnew_mul/gen_operation_groups_0__i_opgroup_block/gen_parallel_slices_2__active_format_i_fmt_slice/gen_num_lanes_0__active_lane_lane_instance_i_fma/result_o[5] (fpnew_fma_2_00000000_3__logic_Z_1yB___logic_Z_1yB__27)                   0.00       1.96 f                   
  gemm_unit/u_in_scaler_vec/g_lane_4__u_mul/fpnew_mul/gen_operation_groups_0__i_opgroup_block/gen_parallel_slices_2__active_format_i_fmt_slice/gen_num_lanes_0__active_lane_op_result[5] (net)                                                                                        0.00       1.96 f                   
  gemm_unit/u_in_scaler_vec/g_lane_4__u_mul/fpnew_mul/gen_operation_groups_0__i_opgroup_block/gen_parallel_slices_2__active_format_i_fmt_slice/U10/Y (INV_X2M_A9TR)                                                                                                         0.01      0.01 *     1.97 r                   0.90
  gemm_unit/u_in_scaler_vec/g_lane_4__u_mul/fpnew_mul/gen_operation_groups_0__i_opgroup_block/gen_parallel_slices_2__active_format_i_fmt_slice/n37 (net)                                                                                                          1                   0.00       1.97 r                   
  gemm_unit/u_in_scaler_vec/g_lane_4__u_mul/fpnew_mul/gen_operation_groups_0__i_opgroup_block/gen_parallel_slices_2__active_format_i_fmt_slice/U11/Y (NAND2_X2B_A9TR)                                                                                                       0.03      0.01 *     1.99 f                   0.90
  gemm_unit/u_in_scaler_vec/g_lane_4__u_mul/fpnew_mul/gen_operation_groups_0__i_opgroup_block/gen_parallel_slices_2__active_format_i_fmt_slice/result_o[5] (net)                                                                                                  1                   0.00       1.99 f                   
  gemm_unit/u_in_scaler_vec/g_lane_4__u_mul/fpnew_mul/gen_operation_groups_0__i_opgroup_block/gen_parallel_slices_2__active_format_i_fmt_slice/result_o[5] (fpnew_opgroup_fmt_slice_0_2_00000010_0_00000000_3__logic_Z_1yB__00000000_27)                                              0.00       1.99 f                   
  gemm_unit/u_in_scaler_vec/g_lane_4__u_mul/fpnew_mul/gen_operation_groups_0__i_opgroup_block/fmt_outputs_2__result__5_ (net)                                                                                                                                                         0.00       1.99 f                   
  gemm_unit/u_in_scaler_vec/g_lane_4__u_mul/fpnew_mul/gen_operation_groups_0__i_opgroup_block/i_arbiter/data_i[58] (rr_arb_tree_00000005_1_496242_27)                                                                                                                                 0.00       1.99 f                   
  gemm_unit/u_in_scaler_vec/g_lane_4__u_mul/fpnew_mul/gen_operation_groups_0__i_opgroup_block/i_arbiter/data_i[58] (net)                                                                                                                                                              0.00       1.99 f                   
  gemm_unit/u_in_scaler_vec/g_lane_4__u_mul/fpnew_mul/gen_operation_groups_0__i_opgroup_block/i_arbiter/U22/Y (AND2_X2M_A9TR)                                                                                                                                               0.02      0.04 *     2.03 f                   0.90
  gemm_unit/u_in_scaler_vec/g_lane_4__u_mul/fpnew_mul/gen_operation_groups_0__i_opgroup_block/i_arbiter/data_o[12] (net)                                                                                                                                          1                   0.00       2.03 f                   
  gemm_unit/u_in_scaler_vec/g_lane_4__u_mul/fpnew_mul/gen_operation_groups_0__i_opgroup_block/i_arbiter/data_o[12] (rr_arb_tree_00000005_1_496242_27)                                                                                                                                 0.00       2.03 f                   
  gemm_unit/u_in_scaler_vec/g_lane_4__u_mul/fpnew_mul/gen_operation_groups_0__i_opgroup_block/result_o[5] (net)                                                                                                                                                                       0.00       2.03 f                   
  gemm_unit/u_in_scaler_vec/g_lane_4__u_mul/fpnew_mul/gen_operation_groups_0__i_opgroup_block/result_o[5] (fpnew_opgroup_block_0_00000010_0_2_04_2_155_3__logic_Z_1yB__00000000_388949_27)                                                                                            0.00       2.03 f                   
  gemm_unit/u_in_scaler_vec/g_lane_4__u_mul/fpnew_mul/opgrp_outputs[5] (net)                                                                                                                                                                                                          0.00       2.03 f                   
  gemm_unit/u_in_scaler_vec/g_lane_4__u_mul/fpnew_mul/i_arbiter/data_i[11] (rr_arb_tree_00000004_1_840242_27)                                                                                                                                                                         0.00       2.03 f                   
  gemm_unit/u_in_scaler_vec/g_lane_4__u_mul/fpnew_mul/i_arbiter/data_i[11] (net)                                                                                                                                                                                                      0.00       2.03 f                   
  gemm_unit/u_in_scaler_vec/g_lane_4__u_mul/fpnew_mul/i_arbiter/U21/Y (AND2_X2M_A9TR)                                                                                                                                                                                       0.02      0.04 *     2.07 f                   0.90
  gemm_unit/u_in_scaler_vec/g_lane_4__u_mul/fpnew_mul/i_arbiter/data_o[11] (net)                                                                                                                                                                                  1                   0.00       2.07 f                   
  gemm_unit/u_in_scaler_vec/g_lane_4__u_mul/fpnew_mul/i_arbiter/data_o[11] (rr_arb_tree_00000004_1_840242_27)                                                                                                                                                                         0.00       2.07 f                   
  gemm_unit/u_in_scaler_vec/g_lane_4__u_mul/fpnew_mul/result_o[5] (net)                                                                                                                                                                                                               0.00       2.07 f                   
  gemm_unit/u_in_scaler_vec/g_lane_4__u_mul/fpnew_mul/result_o[5] (fpnew_top_00000008042__logic_Z_1yB__566949_27)                                                                                                                                                                     0.00       2.07 f                   
  gemm_unit/u_in_scaler_vec/g_lane_4__u_mul/fpnew_result[5] (net)                                                                                                                                                                                                                     0.00       2.07 f                   
  gemm_unit/u_in_scaler_vec/g_lane_4__u_mul/result_buffer/data_in[5] (VX_elastic_buffer_6_27)                                                                                                                                                                                         0.00       2.07 f                   
  gemm_unit/u_in_scaler_vec/g_lane_4__u_mul/result_buffer/data_in[5] (net)                                                                                                                                                                                                            0.00       2.07 f                   
  gemm_unit/u_in_scaler_vec/g_lane_4__u_mul/result_buffer/g_eb1_pipe_buffer/data_in[5] (VX_pipe_buffer_17_27)                                                                                                                                                                         0.00       2.07 f                   
  gemm_unit/u_in_scaler_vec/g_lane_4__u_mul/result_buffer/g_eb1_pipe_buffer/data_in[5] (net)                                                                                                                                                                                          0.00       2.07 f                   
  gemm_unit/u_in_scaler_vec/g_lane_4__u_mul/result_buffer/g_eb1_pipe_buffer/g_register_g_pipe_regs_0__pipe_register/data_in[5] (VX_pipe_register_13_27)                                                                                                                               0.00       2.07 f                   
  gemm_unit/u_in_scaler_vec/g_lane_4__u_mul/result_buffer/g_eb1_pipe_buffer/g_register_g_pipe_regs_0__pipe_register/data_in[5] (net)                                                                                                                                                  0.00       2.07 f                   
  gemm_unit/u_in_scaler_vec/g_lane_4__u_mul/result_buffer/g_eb1_pipe_buffer/g_register_g_pipe_regs_0__pipe_register/g_shift_register/data_in[5] (VX_shift_register_17_1_1_0_27)                                                                                                       0.00       2.07 f                   
  gemm_unit/u_in_scaler_vec/g_lane_4__u_mul/result_buffer/g_eb1_pipe_buffer/g_register_g_pipe_regs_0__pipe_register/g_shift_register/data_in[5] (net)                                                                                                                                 0.00       2.07 f                   
  gemm_unit/u_in_scaler_vec/g_lane_4__u_mul/result_buffer/g_eb1_pipe_buffer/g_register_g_pipe_regs_0__pipe_register/g_shift_register/g_shift_pipe_reg_0__5_/D (DFFQ_X3M_A9TR)                                                                                               0.02      0.00 *     2.07 f                   0.90
  data arrival time                                                                                                                                                                                                                                                                              2.07                     

  clock CLK (rise edge)                                                                                                                                                                                                                                                               1.00       1.00                     
  clock network delay (ideal)                                                                                                                                                                                                                                                         0.00       1.00                     
  gemm_unit/u_in_scaler_vec/g_lane_4__u_mul/result_buffer/g_eb1_pipe_buffer/g_register_g_pipe_regs_0__pipe_register/g_shift_register/g_shift_pipe_reg_0__5_/CK (DFFQ_X3M_A9TR)                                                                                                        0.00       1.00 r                   
  library setup time                                                                                                                                                                                                                                                                 -0.03       0.97                     
  data required time                                                                                                                                                                                                                                                                             0.97                     
  -------------------------------------------------------------------------------------------------------------------------------------------------------------------------------------------------------------------------------------------------------------------------------------------------------------------------------------
  data required time                                                                                                                                                                                                                                                                             0.97                     
  data arrival time                                                                                                                                                                                                                                                                             -2.07                     
  -------------------------------------------------------------------------------------------------------------------------------------------------------------------------------------------------------------------------------------------------------------------------------------------------------------------------------------
  slack (VIOLATED)                                                                                                                                                                                                                                                                              -1.09                     


  Startpoint: gemm_unit/u_in_scaler_vec/g_lane_27__u_mul/input_buffer/g_eb1_pipe_buffer/g_register_g_pipe_regs_0__pipe_register/g_shift_register/g_shift_pipe_reg_0__17_
              (rising edge-triggered flip-flop clocked by CLK)
  Endpoint: gemm_unit/u_in_scaler_vec/g_lane_27__u_mul/result_buffer/g_eb1_pipe_buffer/g_register_g_pipe_regs_0__pipe_register/g_shift_register/g_shift_pipe_reg_0__11_
            (rising edge-triggered flip-flop clocked by CLK)
  Scenario: mode_norm.OC_rvt_ss_0p900v_125c
  Path Group: CLK
  Path Type: max

Attributes:
    d - dont_touch
    u - dont_use
   mo - map_only
   so - size_only
    i - ideal_net or ideal_network
  inf - infeasible path

  Point                                                                                                                                                                                                                                                         Fanout     Trans      Incr       Path      Attributes     Voltage
  -------------------------------------------------------------------------------------------------------------------------------------------------------------------------------------------------------------------------------------------------------------------------------------------------------------------------------------
  clock CLK (rise edge)                                                                                                                                                                                                                                                               0.00       0.00                     
  clock network delay (ideal)                                                                                                                                                                                                                                                         0.00       0.00                     
  gemm_unit/u_in_scaler_vec/g_lane_27__u_mul/input_buffer/g_eb1_pipe_buffer/g_register_g_pipe_regs_0__pipe_register/g_shift_register/g_shift_pipe_reg_0__17_/CK (DFFQ_X4M_A9TR)                                                                                             0.00      0.00       0.00 r    i              0.90
  gemm_unit/u_in_scaler_vec/g_lane_27__u_mul/input_buffer/g_eb1_pipe_buffer/g_register_g_pipe_regs_0__pipe_register/g_shift_register/g_shift_pipe_reg_0__17_/Q (DFFQ_X4M_A9TR)                                                                                              0.02      0.09       0.09 r                   0.90
  gemm_unit/u_in_scaler_vec/g_lane_27__u_mul/input_buffer/g_eb1_pipe_buffer/g_register_g_pipe_regs_0__pipe_register/g_shift_register/data_out[17] (net)                                                                                                           1                   0.00       0.09 r                   
  gemm_unit/u_in_scaler_vec/g_lane_27__u_mul/input_buffer/g_eb1_pipe_buffer/g_register_g_pipe_regs_0__pipe_register/g_shift_register/data_out[17] (VX_shift_register_33_1_1_0_100)                                                                                                    0.00       0.09 r                   
  gemm_unit/u_in_scaler_vec/g_lane_27__u_mul/input_buffer/g_eb1_pipe_buffer/g_register_g_pipe_regs_0__pipe_register/data_out[17] (net)                                                                                                                                                0.00       0.09 r                   
  gemm_unit/u_in_scaler_vec/g_lane_27__u_mul/input_buffer/g_eb1_pipe_buffer/g_register_g_pipe_regs_0__pipe_register/data_out[17] (VX_pipe_register_12_100)                                                                                                                            0.00       0.09 r                   
  gemm_unit/u_in_scaler_vec/g_lane_27__u_mul/input_buffer/g_eb1_pipe_buffer/data_out[17] (net)                                                                                                                                                                                        0.00       0.09 r                   
  gemm_unit/u_in_scaler_vec/g_lane_27__u_mul/input_buffer/g_eb1_pipe_buffer/data_out[17] (VX_pipe_buffer_16_100)                                                                                                                                                                      0.00       0.09 r                   
  gemm_unit/u_in_scaler_vec/g_lane_27__u_mul/input_buffer/data_out[17] (net)                                                                                                                                                                                                          0.00       0.09 r                   
  gemm_unit/u_in_scaler_vec/g_lane_27__u_mul/input_buffer/data_out[17] (VX_elastic_buffer_5_4)                                                                                                                                                                                        0.00       0.09 r                   
  gemm_unit/u_in_scaler_vec/g_lane_27__u_mul/fpnew_inputs_data[17] (net)                                                                                                                                                                                                              0.00       0.09 r                   
  gemm_unit/u_in_scaler_vec/g_lane_27__u_mul/fpnew_mul/operands_i[17] (fpnew_top_00000008042__logic_Z_1yB__566949_4)                                                                                                                                                                  0.00       0.09 r                   
  gemm_unit/u_in_scaler_vec/g_lane_27__u_mul/fpnew_mul/operands_i[17] (net)                                                                                                                                                                                                           0.00       0.09 r                   
  gemm_unit/u_in_scaler_vec/g_lane_27__u_mul/fpnew_mul/gen_operation_groups_0__i_opgroup_block/operands_i[17] (fpnew_opgroup_block_0_00000010_0_2_04_2_155_3__logic_Z_1yB__00000000_388949_4)                                                                                         0.00       0.09 r                   
  gemm_unit/u_in_scaler_vec/g_lane_27__u_mul/fpnew_mul/gen_operation_groups_0__i_opgroup_block/operands_i[17] (net)                                                                                                                                                                   0.00       0.09 r                   
  gemm_unit/u_in_scaler_vec/g_lane_27__u_mul/fpnew_mul/gen_operation_groups_0__i_opgroup_block/U8/Y (BUF_X16M_A9TR)                                                                                                                                                         0.03      0.04 *     0.13 r                   0.90
  gemm_unit/u_in_scaler_vec/g_lane_27__u_mul/fpnew_mul/gen_operation_groups_0__i_opgroup_block/n51 (net)                                                                                                                                                         17                   0.00       0.13 r                   
  gemm_unit/u_in_scaler_vec/g_lane_27__u_mul/fpnew_mul/gen_operation_groups_0__i_opgroup_block/gen_parallel_slices_2__active_format_i_fmt_slice/operands_i[17] (fpnew_opgroup_fmt_slice_0_2_00000010_0_00000000_3__logic_Z_1yB__00000000_4)                                           0.00       0.13 r                   
  gemm_unit/u_in_scaler_vec/g_lane_27__u_mul/fpnew_mul/gen_operation_groups_0__i_opgroup_block/gen_parallel_slices_2__active_format_i_fmt_slice/operands_i[17] (net)                                                                                                                  0.00       0.13 r                   
  gemm_unit/u_in_scaler_vec/g_lane_27__u_mul/fpnew_mul/gen_operation_groups_0__i_opgroup_block/gen_parallel_slices_2__active_format_i_fmt_slice/gen_num_lanes_0__active_lane_lane_instance_i_fma/operands_i[17] (fpnew_fma_2_00000000_3__logic_Z_1yB___logic_Z_1yB__4)                0.00       0.13 r                   
  gemm_unit/u_in_scaler_vec/g_lane_27__u_mul/fpnew_mul/gen_operation_groups_0__i_opgroup_block/gen_parallel_slices_2__active_format_i_fmt_slice/gen_num_lanes_0__active_lane_lane_instance_i_fma/operands_i[17] (net)                                                                 0.00       0.13 r                   
  gemm_unit/u_in_scaler_vec/g_lane_27__u_mul/fpnew_mul/gen_operation_groups_0__i_opgroup_block/gen_parallel_slices_2__active_format_i_fmt_slice/gen_num_lanes_0__active_lane_lane_instance_i_fma/U193/Y (XNOR2_X0P5M_A9TR)                                                  0.08      0.07 *     0.21 r                   0.90
  gemm_unit/u_in_scaler_vec/g_lane_27__u_mul/fpnew_mul/gen_operation_groups_0__i_opgroup_block/gen_parallel_slices_2__active_format_i_fmt_slice/gen_num_lanes_0__active_lane_lane_instance_i_fma/n507 (net)                                                       2                   0.00       0.21 r                   
  gemm_unit/u_in_scaler_vec/g_lane_27__u_mul/fpnew_mul/gen_operation_groups_0__i_opgroup_block/gen_parallel_slices_2__active_format_i_fmt_slice/gen_num_lanes_0__active_lane_lane_instance_i_fma/U194/Y (OAI22_X0P7M_A9TR)                                                  0.07      0.07 *     0.28 f                   0.90
  gemm_unit/u_in_scaler_vec/g_lane_27__u_mul/fpnew_mul/gen_operation_groups_0__i_opgroup_block/gen_parallel_slices_2__active_format_i_fmt_slice/gen_num_lanes_0__active_lane_lane_instance_i_fma/n533 (net)                                                       1                   0.00       0.28 f                   
  gemm_unit/u_in_scaler_vec/g_lane_27__u_mul/fpnew_mul/gen_operation_groups_0__i_opgroup_block/gen_parallel_slices_2__active_format_i_fmt_slice/gen_num_lanes_0__active_lane_lane_instance_i_fma/U225/SUM (ADDFH_X1P4M_A9TR)                                                0.03      0.13 *     0.40 f                   0.90
  gemm_unit/u_in_scaler_vec/g_lane_27__u_mul/fpnew_mul/gen_operation_groups_0__i_opgroup_block/gen_parallel_slices_2__active_format_i_fmt_slice/gen_num_lanes_0__active_lane_lane_instance_i_fma/n528 (net)                                                       2                   0.00       0.40 f                   
  gemm_unit/u_in_scaler_vec/g_lane_27__u_mul/fpnew_mul/gen_operation_groups_0__i_opgroup_block/gen_parallel_slices_2__active_format_i_fmt_slice/gen_num_lanes_0__active_lane_lane_instance_i_fma/U568/Y (INV_X2B_A9TR)                                                      0.02      0.02 *     0.42 r                   0.90
  gemm_unit/u_in_scaler_vec/g_lane_27__u_mul/fpnew_mul/gen_operation_groups_0__i_opgroup_block/gen_parallel_slices_2__active_format_i_fmt_slice/gen_num_lanes_0__active_lane_lane_instance_i_fma/n1673 (net)                                                      1                   0.00       0.42 r                   
  gemm_unit/u_in_scaler_vec/g_lane_27__u_mul/fpnew_mul/gen_operation_groups_0__i_opgroup_block/gen_parallel_slices_2__active_format_i_fmt_slice/gen_num_lanes_0__active_lane_lane_instance_i_fma/U304/Y (NAND2_X2B_A9TR)                                                    0.02      0.02 *     0.44 f                   0.90
  gemm_unit/u_in_scaler_vec/g_lane_27__u_mul/fpnew_mul/gen_operation_groups_0__i_opgroup_block/gen_parallel_slices_2__active_format_i_fmt_slice/gen_num_lanes_0__active_lane_lane_instance_i_fma/n1678 (net)                                                      2                   0.00       0.44 f                   
  gemm_unit/u_in_scaler_vec/g_lane_27__u_mul/fpnew_mul/gen_operation_groups_0__i_opgroup_block/gen_parallel_slices_2__active_format_i_fmt_slice/gen_num_lanes_0__active_lane_lane_instance_i_fma/U877/Y (INV_X2B_A9TR)                                                      0.02      0.02 *     0.46 r                   0.90
  gemm_unit/u_in_scaler_vec/g_lane_27__u_mul/fpnew_mul/gen_operation_groups_0__i_opgroup_block/gen_parallel_slices_2__active_format_i_fmt_slice/gen_num_lanes_0__active_lane_lane_instance_i_fma/n1672 (net)                                                      1                   0.00       0.46 r                   
  gemm_unit/u_in_scaler_vec/g_lane_27__u_mul/fpnew_mul/gen_operation_groups_0__i_opgroup_block/gen_parallel_slices_2__active_format_i_fmt_slice/gen_num_lanes_0__active_lane_lane_instance_i_fma/U60/Y (OAI21_X4M_A9TR)                                                     0.03      0.03 *     0.49 f                   0.90
  gemm_unit/u_in_scaler_vec/g_lane_27__u_mul/fpnew_mul/gen_operation_groups_0__i_opgroup_block/gen_parallel_slices_2__active_format_i_fmt_slice/gen_num_lanes_0__active_lane_lane_instance_i_fma/n749 (net)                                                       2                   0.00       0.49 f                   
  gemm_unit/u_in_scaler_vec/g_lane_27__u_mul/fpnew_mul/gen_operation_groups_0__i_opgroup_block/gen_parallel_slices_2__active_format_i_fmt_slice/gen_num_lanes_0__active_lane_lane_instance_i_fma/U822/Y (AOI21_X4M_A9TR)                                                    0.05      0.04 *     0.53 r                   0.90
  gemm_unit/u_in_scaler_vec/g_lane_27__u_mul/fpnew_mul/gen_operation_groups_0__i_opgroup_block/gen_parallel_slices_2__active_format_i_fmt_slice/gen_num_lanes_0__active_lane_lane_instance_i_fma/n745 (net)                                                       2                   0.00       0.53 r                   
  gemm_unit/u_in_scaler_vec/g_lane_27__u_mul/fpnew_mul/gen_operation_groups_0__i_opgroup_block/gen_parallel_slices_2__active_format_i_fmt_slice/gen_num_lanes_0__active_lane_lane_instance_i_fma/U1126/Y (OAI21_X4M_A9TR)                                                   0.03      0.03 *     0.56 f                   0.90
  gemm_unit/u_in_scaler_vec/g_lane_27__u_mul/fpnew_mul/gen_operation_groups_0__i_opgroup_block/gen_parallel_slices_2__active_format_i_fmt_slice/gen_num_lanes_0__active_lane_lane_instance_i_fma/n711 (net)                                                       2                   0.00       0.56 f                   
  gemm_unit/u_in_scaler_vec/g_lane_27__u_mul/fpnew_mul/gen_operation_groups_0__i_opgroup_block/gen_parallel_slices_2__active_format_i_fmt_slice/gen_num_lanes_0__active_lane_lane_instance_i_fma/U244/Y (AOI21_X4M_A9TR)                                                    0.05      0.05 *     0.61 r                   0.90
  gemm_unit/u_in_scaler_vec/g_lane_27__u_mul/fpnew_mul/gen_operation_groups_0__i_opgroup_block/gen_parallel_slices_2__active_format_i_fmt_slice/gen_num_lanes_0__active_lane_lane_instance_i_fma/n730 (net)                                                       2                   0.00       0.61 r                   
  gemm_unit/u_in_scaler_vec/g_lane_27__u_mul/fpnew_mul/gen_operation_groups_0__i_opgroup_block/gen_parallel_slices_2__active_format_i_fmt_slice/gen_num_lanes_0__active_lane_lane_instance_i_fma/U246/Y (OAI21_X6M_A9TR)                                                    0.04      0.04 *     0.65 f                   0.90
  gemm_unit/u_in_scaler_vec/g_lane_27__u_mul/fpnew_mul/gen_operation_groups_0__i_opgroup_block/gen_parallel_slices_2__active_format_i_fmt_slice/gen_num_lanes_0__active_lane_lane_instance_i_fma/n722 (net)                                                       3                   0.00       0.65 f                   
  gemm_unit/u_in_scaler_vec/g_lane_27__u_mul/fpnew_mul/gen_operation_groups_0__i_opgroup_block/gen_parallel_slices_2__active_format_i_fmt_slice/gen_num_lanes_0__active_lane_lane_instance_i_fma/U259/Y (AOI21_X8M_A9TR)                                                    0.07      0.06 *     0.71 r                   0.90
  gemm_unit/u_in_scaler_vec/g_lane_27__u_mul/fpnew_mul/gen_operation_groups_0__i_opgroup_block/gen_parallel_slices_2__active_format_i_fmt_slice/gen_num_lanes_0__active_lane_lane_instance_i_fma/n626 (net)                                                       5                   0.00       0.71 r                   
  gemm_unit/u_in_scaler_vec/g_lane_27__u_mul/fpnew_mul/gen_operation_groups_0__i_opgroup_block/gen_parallel_slices_2__active_format_i_fmt_slice/gen_num_lanes_0__active_lane_lane_instance_i_fma/U623/Y (OA1B2_X4M_A9TR)                                                    0.04      0.07 *     0.77 r                   0.90
  gemm_unit/u_in_scaler_vec/g_lane_27__u_mul/fpnew_mul/gen_operation_groups_0__i_opgroup_block/gen_parallel_slices_2__active_format_i_fmt_slice/gen_num_lanes_0__active_lane_lane_instance_i_fma/n1830 (net)                                                      1                   0.00       0.77 r                   
  gemm_unit/u_in_scaler_vec/g_lane_27__u_mul/fpnew_mul/gen_operation_groups_0__i_opgroup_block/gen_parallel_slices_2__active_format_i_fmt_slice/gen_num_lanes_0__active_lane_lane_instance_i_fma/U1289/Y (XOR2_X4M_A9TR)                                                    0.10      0.05 *     0.82 r                   0.90
  gemm_unit/u_in_scaler_vec/g_lane_27__u_mul/fpnew_mul/gen_operation_groups_0__i_opgroup_block/gen_parallel_slices_2__active_format_i_fmt_slice/gen_num_lanes_0__active_lane_lane_instance_i_fma/sum_pos[16] (net)                                                7                   0.00       0.82 r                   
  gemm_unit/u_in_scaler_vec/g_lane_27__u_mul/fpnew_mul/gen_operation_groups_0__i_opgroup_block/gen_parallel_slices_2__active_format_i_fmt_slice/gen_num_lanes_0__active_lane_lane_instance_i_fma/i_lzc/in_i[16] (lzc_00000019_1_4)                                                    0.00       0.82 r                   
  gemm_unit/u_in_scaler_vec/g_lane_27__u_mul/fpnew_mul/gen_operation_groups_0__i_opgroup_block/gen_parallel_slices_2__active_format_i_fmt_slice/gen_num_lanes_0__active_lane_lane_instance_i_fma/i_lzc/in_i[16] (net)                                                                 0.00       0.82 r                   
  gemm_unit/u_in_scaler_vec/g_lane_27__u_mul/fpnew_mul/gen_operation_groups_0__i_opgroup_block/gen_parallel_slices_2__active_format_i_fmt_slice/gen_num_lanes_0__active_lane_lane_instance_i_fma/i_lzc/U55/Y (INV_X2M_A9TR)                                                 0.03      0.03 *     0.85 f                   0.90
  gemm_unit/u_in_scaler_vec/g_lane_27__u_mul/fpnew_mul/gen_operation_groups_0__i_opgroup_block/gen_parallel_slices_2__active_format_i_fmt_slice/gen_num_lanes_0__active_lane_lane_instance_i_fma/i_lzc/n119 (net)                                                 2                   0.00       0.85 f                   
  gemm_unit/u_in_scaler_vec/g_lane_27__u_mul/fpnew_mul/gen_operation_groups_0__i_opgroup_block/gen_parallel_slices_2__active_format_i_fmt_slice/gen_num_lanes_0__active_lane_lane_instance_i_fma/i_lzc/U56/Y (AOI31_X1M_A9TR)                                               0.06      0.05 *     0.90 r                   0.90
  gemm_unit/u_in_scaler_vec/g_lane_27__u_mul/fpnew_mul/gen_operation_groups_0__i_opgroup_block/gen_parallel_slices_2__active_format_i_fmt_slice/gen_num_lanes_0__active_lane_lane_instance_i_fma/i_lzc/n110 (net)                                                 1                   0.00       0.90 r                   
  gemm_unit/u_in_scaler_vec/g_lane_27__u_mul/fpnew_mul/gen_operation_groups_0__i_opgroup_block/gen_parallel_slices_2__active_format_i_fmt_slice/gen_num_lanes_0__active_lane_lane_instance_i_fma/i_lzc/U57/Y (NAND4_X1A_A9TR)                                               0.06      0.06 *     0.96 f                   0.90
  gemm_unit/u_in_scaler_vec/g_lane_27__u_mul/fpnew_mul/gen_operation_groups_0__i_opgroup_block/gen_parallel_slices_2__active_format_i_fmt_slice/gen_num_lanes_0__active_lane_lane_instance_i_fma/i_lzc/n113 (net)                                                 1                   0.00       0.96 f                   
  gemm_unit/u_in_scaler_vec/g_lane_27__u_mul/fpnew_mul/gen_operation_groups_0__i_opgroup_block/gen_parallel_slices_2__active_format_i_fmt_slice/gen_num_lanes_0__active_lane_lane_instance_i_fma/i_lzc/U72/Y (NAND4_X2A_A9TR)                                               0.05      0.05 *     1.01 r                   0.90
  gemm_unit/u_in_scaler_vec/g_lane_27__u_mul/fpnew_mul/gen_operation_groups_0__i_opgroup_block/gen_parallel_slices_2__active_format_i_fmt_slice/gen_num_lanes_0__active_lane_lane_instance_i_fma/i_lzc/n118 (net)                                                 1                   0.00       1.01 r                   
  gemm_unit/u_in_scaler_vec/g_lane_27__u_mul/fpnew_mul/gen_operation_groups_0__i_opgroup_block/gen_parallel_slices_2__active_format_i_fmt_slice/gen_num_lanes_0__active_lane_lane_instance_i_fma/i_lzc/U54/Y (NAND2_X4B_A9TR)                                               0.04      0.04 *     1.05 f                   0.90
  gemm_unit/u_in_scaler_vec/g_lane_27__u_mul/fpnew_mul/gen_operation_groups_0__i_opgroup_block/gen_parallel_slices_2__active_format_i_fmt_slice/gen_num_lanes_0__active_lane_lane_instance_i_fma/i_lzc/cnt_o[2] (net)                                             7                   0.00       1.05 f                   
  gemm_unit/u_in_scaler_vec/g_lane_27__u_mul/fpnew_mul/gen_operation_groups_0__i_opgroup_block/gen_parallel_slices_2__active_format_i_fmt_slice/gen_num_lanes_0__active_lane_lane_instance_i_fma/i_lzc/cnt_o[2] (lzc_00000019_1_4)                                                    0.00       1.05 f                   
  gemm_unit/u_in_scaler_vec/g_lane_27__u_mul/fpnew_mul/gen_operation_groups_0__i_opgroup_block/gen_parallel_slices_2__active_format_i_fmt_slice/gen_num_lanes_0__active_lane_lane_instance_i_fma/leading_zero_count[2] (net)                                                          0.00       1.05 f                   
  gemm_unit/u_in_scaler_vec/g_lane_27__u_mul/fpnew_mul/gen_operation_groups_0__i_opgroup_block/gen_parallel_slices_2__active_format_i_fmt_slice/gen_num_lanes_0__active_lane_lane_instance_i_fma/U58/Y (AOI2XB1_X6M_A9TR)                                                   0.04      0.04 *     1.09 r                   0.90
  gemm_unit/u_in_scaler_vec/g_lane_27__u_mul/fpnew_mul/gen_operation_groups_0__i_opgroup_block/gen_parallel_slices_2__active_format_i_fmt_slice/gen_num_lanes_0__active_lane_lane_instance_i_fma/n1684 (net)                                                      2                   0.00       1.09 r                   
  gemm_unit/u_in_scaler_vec/g_lane_27__u_mul/fpnew_mul/gen_operation_groups_0__i_opgroup_block/gen_parallel_slices_2__active_format_i_fmt_slice/gen_num_lanes_0__active_lane_lane_instance_i_fma/U239/Y (NAND3_X3A_A9TR)                                                    0.04      0.04 *     1.13 f                   0.90
  gemm_unit/u_in_scaler_vec/g_lane_27__u_mul/fpnew_mul/gen_operation_groups_0__i_opgroup_block/gen_parallel_slices_2__active_format_i_fmt_slice/gen_num_lanes_0__active_lane_lane_instance_i_fma/n886 (net)                                                       2                   0.00       1.13 f                   
  gemm_unit/u_in_scaler_vec/g_lane_27__u_mul/fpnew_mul/gen_operation_groups_0__i_opgroup_block/gen_parallel_slices_2__active_format_i_fmt_slice/gen_num_lanes_0__active_lane_lane_instance_i_fma/U290/Y (NAND2_X3A_A9TR)                                                    0.03      0.03 *     1.16 r                   0.90
  gemm_unit/u_in_scaler_vec/g_lane_27__u_mul/fpnew_mul/gen_operation_groups_0__i_opgroup_block/gen_parallel_slices_2__active_format_i_fmt_slice/gen_num_lanes_0__active_lane_lane_instance_i_fma/n958 (net)                                                       2                   0.00       1.16 r                   
  gemm_unit/u_in_scaler_vec/g_lane_27__u_mul/fpnew_mul/gen_operation_groups_0__i_opgroup_block/gen_parallel_slices_2__active_format_i_fmt_slice/gen_num_lanes_0__active_lane_lane_instance_i_fma/U1262/Y (AOI21_X4M_A9TR)                                                   0.04      0.03 *     1.19 f                   0.90
  gemm_unit/u_in_scaler_vec/g_lane_27__u_mul/fpnew_mul/gen_operation_groups_0__i_opgroup_block/gen_parallel_slices_2__active_format_i_fmt_slice/gen_num_lanes_0__active_lane_lane_instance_i_fma/n1794 (net)                                                      1                   0.00       1.19 f                   
  gemm_unit/u_in_scaler_vec/g_lane_27__u_mul/fpnew_mul/gen_operation_groups_0__i_opgroup_block/gen_parallel_slices_2__active_format_i_fmt_slice/gen_num_lanes_0__active_lane_lane_instance_i_fma/U1036/Y (NAND2_X4B_A9TR)                                                   0.04      0.04 *     1.22 r                   0.90
  gemm_unit/u_in_scaler_vec/g_lane_27__u_mul/fpnew_mul/gen_operation_groups_0__i_opgroup_block/gen_parallel_slices_2__active_format_i_fmt_slice/gen_num_lanes_0__active_lane_lane_instance_i_fma/n1741 (net)                                                      2                   0.00       1.22 r                   
  gemm_unit/u_in_scaler_vec/g_lane_27__u_mul/fpnew_mul/gen_operation_groups_0__i_opgroup_block/gen_parallel_slices_2__active_format_i_fmt_slice/gen_num_lanes_0__active_lane_lane_instance_i_fma/U497/Y (INV_X7P5M_A9TR)                                                    0.03      0.03 *     1.25 f                   0.90
  gemm_unit/u_in_scaler_vec/g_lane_27__u_mul/fpnew_mul/gen_operation_groups_0__i_opgroup_block/gen_parallel_slices_2__active_format_i_fmt_slice/gen_num_lanes_0__active_lane_lane_instance_i_fma/n1867 (net)                                                      6                   0.00       1.25 f                   
  gemm_unit/u_in_scaler_vec/g_lane_27__u_mul/fpnew_mul/gen_operation_groups_0__i_opgroup_block/gen_parallel_slices_2__active_format_i_fmt_slice/gen_num_lanes_0__active_lane_lane_instance_i_fma/U537/Y (NAND2_X6A_A9TR)                                                    0.03      0.03 *     1.28 r                   0.90
  gemm_unit/u_in_scaler_vec/g_lane_27__u_mul/fpnew_mul/gen_operation_groups_0__i_opgroup_block/gen_parallel_slices_2__active_format_i_fmt_slice/gen_num_lanes_0__active_lane_lane_instance_i_fma/n927 (net)                                                       3                   0.00       1.28 r                   
  gemm_unit/u_in_scaler_vec/g_lane_27__u_mul/fpnew_mul/gen_operation_groups_0__i_opgroup_block/gen_parallel_slices_2__active_format_i_fmt_slice/gen_num_lanes_0__active_lane_lane_instance_i_fma/U66/Y (INV_X11M_A9TR)                                                      0.02      0.02 *     1.30 f                   0.90
  gemm_unit/u_in_scaler_vec/g_lane_27__u_mul/fpnew_mul/gen_operation_groups_0__i_opgroup_block/gen_parallel_slices_2__active_format_i_fmt_slice/gen_num_lanes_0__active_lane_lane_instance_i_fma/n1577 (net)                                                     18                   0.00       1.30 f                   
  gemm_unit/u_in_scaler_vec/g_lane_27__u_mul/fpnew_mul/gen_operation_groups_0__i_opgroup_block/gen_parallel_slices_2__active_format_i_fmt_slice/gen_num_lanes_0__active_lane_lane_instance_i_fma/U696/Y (AOI22_X2M_A9TR)                                                    0.06      0.05 *     1.35 r                   0.90
  gemm_unit/u_in_scaler_vec/g_lane_27__u_mul/fpnew_mul/gen_operation_groups_0__i_opgroup_block/gen_parallel_slices_2__active_format_i_fmt_slice/gen_num_lanes_0__active_lane_lane_instance_i_fma/n1295 (net)                                                      2                   0.00       1.35 r                   
  gemm_unit/u_in_scaler_vec/g_lane_27__u_mul/fpnew_mul/gen_operation_groups_0__i_opgroup_block/gen_parallel_slices_2__active_format_i_fmt_slice/gen_num_lanes_0__active_lane_lane_instance_i_fma/U456/Y (NAND2_X1M_A9TR)                                                    0.03      0.03 *     1.38 f                   0.90
  gemm_unit/u_in_scaler_vec/g_lane_27__u_mul/fpnew_mul/gen_operation_groups_0__i_opgroup_block/gen_parallel_slices_2__active_format_i_fmt_slice/gen_num_lanes_0__active_lane_lane_instance_i_fma/n1042 (net)                                                      1                   0.00       1.38 f                   
  gemm_unit/u_in_scaler_vec/g_lane_27__u_mul/fpnew_mul/gen_operation_groups_0__i_opgroup_block/gen_parallel_slices_2__active_format_i_fmt_slice/gen_num_lanes_0__active_lane_lane_instance_i_fma/U698/Y (NAND2XB_X2M_A9TR)                                                  0.06      0.05 *     1.43 r                   0.90
  gemm_unit/u_in_scaler_vec/g_lane_27__u_mul/fpnew_mul/gen_operation_groups_0__i_opgroup_block/gen_parallel_slices_2__active_format_i_fmt_slice/gen_num_lanes_0__active_lane_lane_instance_i_fma/n1044 (net)                                                      4                   0.00       1.43 r                   
  gemm_unit/u_in_scaler_vec/g_lane_27__u_mul/fpnew_mul/gen_operation_groups_0__i_opgroup_block/gen_parallel_slices_2__active_format_i_fmt_slice/gen_num_lanes_0__active_lane_lane_instance_i_fma/U105/Y (NAND4_X4A_A9TR)                                                    0.05      0.06 *     1.49 f                   0.90
  gemm_unit/u_in_scaler_vec/g_lane_27__u_mul/fpnew_mul/gen_operation_groups_0__i_opgroup_block/gen_parallel_slices_2__active_format_i_fmt_slice/gen_num_lanes_0__active_lane_lane_instance_i_fma/n1594 (net)                                                      2                   0.00       1.49 f                   
  gemm_unit/u_in_scaler_vec/g_lane_27__u_mul/fpnew_mul/gen_operation_groups_0__i_opgroup_block/gen_parallel_slices_2__active_format_i_fmt_slice/gen_num_lanes_0__active_lane_lane_instance_i_fma/U134/Y (INV_X9M_A9TR)                                                      0.04      0.04 *     1.53 r                   0.90
  gemm_unit/u_in_scaler_vec/g_lane_27__u_mul/fpnew_mul/gen_operation_groups_0__i_opgroup_block/gen_parallel_slices_2__active_format_i_fmt_slice/gen_num_lanes_0__active_lane_lane_instance_i_fma/n1584 (net)                                                     16                   0.00       1.53 r                   
  gemm_unit/u_in_scaler_vec/g_lane_27__u_mul/fpnew_mul/gen_operation_groups_0__i_opgroup_block/gen_parallel_slices_2__active_format_i_fmt_slice/gen_num_lanes_0__active_lane_lane_instance_i_fma/U791/Y (NAND2_X2B_A9TR)                                                    0.02      0.02 *     1.55 f                   0.90
  gemm_unit/u_in_scaler_vec/g_lane_27__u_mul/fpnew_mul/gen_operation_groups_0__i_opgroup_block/gen_parallel_slices_2__active_format_i_fmt_slice/gen_num_lanes_0__active_lane_lane_instance_i_fma/n1135 (net)                                                      1                   0.00       1.55 f                   
  gemm_unit/u_in_scaler_vec/g_lane_27__u_mul/fpnew_mul/gen_operation_groups_0__i_opgroup_block/gen_parallel_slices_2__active_format_i_fmt_slice/gen_num_lanes_0__active_lane_lane_instance_i_fma/U792/Y (INV_X2B_A9TR)                                                      0.01      0.01 *     1.57 r                   0.90
  gemm_unit/u_in_scaler_vec/g_lane_27__u_mul/fpnew_mul/gen_operation_groups_0__i_opgroup_block/gen_parallel_slices_2__active_format_i_fmt_slice/gen_num_lanes_0__active_lane_lane_instance_i_fma/n1137 (net)                                                      1                   0.00       1.57 r                   
  gemm_unit/u_in_scaler_vec/g_lane_27__u_mul/fpnew_mul/gen_operation_groups_0__i_opgroup_block/gen_parallel_slices_2__active_format_i_fmt_slice/gen_num_lanes_0__active_lane_lane_instance_i_fma/U794/Y (NAND2_X1M_A9TR)                                                    0.03      0.02 *     1.59 f                   0.90
  gemm_unit/u_in_scaler_vec/g_lane_27__u_mul/fpnew_mul/gen_operation_groups_0__i_opgroup_block/gen_parallel_slices_2__active_format_i_fmt_slice/gen_num_lanes_0__active_lane_lane_instance_i_fma/n1138 (net)                                                      1                   0.00       1.59 f                   
  gemm_unit/u_in_scaler_vec/g_lane_27__u_mul/fpnew_mul/gen_operation_groups_0__i_opgroup_block/gen_parallel_slices_2__active_format_i_fmt_slice/gen_num_lanes_0__active_lane_lane_instance_i_fma/U795/Y (NAND2_X3A_A9TR)                                                    0.04      0.03 *     1.62 r                   0.90
  gemm_unit/u_in_scaler_vec/g_lane_27__u_mul/fpnew_mul/gen_operation_groups_0__i_opgroup_block/gen_parallel_slices_2__active_format_i_fmt_slice/gen_num_lanes_0__active_lane_lane_instance_i_fma/n1378 (net)                                                      3                   0.00       1.62 r                   
  gemm_unit/u_in_scaler_vec/g_lane_27__u_mul/fpnew_mul/gen_operation_groups_0__i_opgroup_block/gen_parallel_slices_2__active_format_i_fmt_slice/gen_num_lanes_0__active_lane_lane_instance_i_fma/U335/Y (BUFH_X1M_A9TR)                                                     0.04      0.04 *     1.66 r                   0.90
  gemm_unit/u_in_scaler_vec/g_lane_27__u_mul/fpnew_mul/gen_operation_groups_0__i_opgroup_block/gen_parallel_slices_2__active_format_i_fmt_slice/gen_num_lanes_0__active_lane_lane_instance_i_fma/n1784 (net)                                                      2                   0.00       1.66 r                   
  gemm_unit/u_in_scaler_vec/g_lane_27__u_mul/fpnew_mul/gen_operation_groups_0__i_opgroup_block/gen_parallel_slices_2__active_format_i_fmt_slice/gen_num_lanes_0__active_lane_lane_instance_i_fma/U618/Y (NAND2_X1B_A9TR)                                                    0.03      0.03 *     1.69 f                   0.90
  gemm_unit/u_in_scaler_vec/g_lane_27__u_mul/fpnew_mul/gen_operation_groups_0__i_opgroup_block/gen_parallel_slices_2__active_format_i_fmt_slice/gen_num_lanes_0__active_lane_lane_instance_i_fma/n1140 (net)                                                      1                   0.00       1.69 f                   
  gemm_unit/u_in_scaler_vec/g_lane_27__u_mul/fpnew_mul/gen_operation_groups_0__i_opgroup_block/gen_parallel_slices_2__active_format_i_fmt_slice/gen_num_lanes_0__active_lane_lane_instance_i_fma/U798/Y (INV_X1M_A9TR)                                                      0.03      0.03 *     1.72 r                   0.90
  gemm_unit/u_in_scaler_vec/g_lane_27__u_mul/fpnew_mul/gen_operation_groups_0__i_opgroup_block/gen_parallel_slices_2__active_format_i_fmt_slice/gen_num_lanes_0__active_lane_lane_instance_i_fma/n1196 (net)                                                      1                   0.00       1.72 r                   
  gemm_unit/u_in_scaler_vec/g_lane_27__u_mul/fpnew_mul/gen_operation_groups_0__i_opgroup_block/gen_parallel_slices_2__active_format_i_fmt_slice/gen_num_lanes_0__active_lane_lane_instance_i_fma/U157/Y (NAND2_X2B_A9TR)                                                    0.03      0.02 *     1.74 f                   0.90
  gemm_unit/u_in_scaler_vec/g_lane_27__u_mul/fpnew_mul/gen_operation_groups_0__i_opgroup_block/gen_parallel_slices_2__active_format_i_fmt_slice/gen_num_lanes_0__active_lane_lane_instance_i_fma/n1602 (net)                                                      1                   0.00       1.74 f                   
  gemm_unit/u_in_scaler_vec/g_lane_27__u_mul/fpnew_mul/gen_operation_groups_0__i_opgroup_block/gen_parallel_slices_2__active_format_i_fmt_slice/gen_num_lanes_0__active_lane_lane_instance_i_fma/U152/Y (NAND2_X4B_A9TR)                                                    0.04      0.03 *     1.77 r                   0.90
  gemm_unit/u_in_scaler_vec/g_lane_27__u_mul/fpnew_mul/gen_operation_groups_0__i_opgroup_block/gen_parallel_slices_2__active_format_i_fmt_slice/gen_num_lanes_0__active_lane_lane_instance_i_fma/pre_round_mantissa[4] (net)                                      4                   0.00       1.77 r                   
  gemm_unit/u_in_scaler_vec/g_lane_27__u_mul/fpnew_mul/gen_operation_groups_0__i_opgroup_block/gen_parallel_slices_2__active_format_i_fmt_slice/gen_num_lanes_0__active_lane_lane_instance_i_fma/i_fpnew_rounding/abs_value_i[4] (fpnew_rounding_0000000f_4)                          0.00       1.77 r                   
  gemm_unit/u_in_scaler_vec/g_lane_27__u_mul/fpnew_mul/gen_operation_groups_0__i_opgroup_block/gen_parallel_slices_2__active_format_i_fmt_slice/gen_num_lanes_0__active_lane_lane_instance_i_fma/i_fpnew_rounding/abs_value_i[4] (net)                                                0.00       1.77 r                   
  gemm_unit/u_in_scaler_vec/g_lane_27__u_mul/fpnew_mul/gen_operation_groups_0__i_opgroup_block/gen_parallel_slices_2__active_format_i_fmt_slice/gen_num_lanes_0__active_lane_lane_instance_i_fma/i_fpnew_rounding/U76/Y (NAND2_X4B_A9TR)                                    0.03      0.03 *     1.79 f                   0.90
  gemm_unit/u_in_scaler_vec/g_lane_27__u_mul/fpnew_mul/gen_operation_groups_0__i_opgroup_block/gen_parallel_slices_2__active_format_i_fmt_slice/gen_num_lanes_0__active_lane_lane_instance_i_fma/i_fpnew_rounding/n97 (net)                                       2                   0.00       1.79 f                   
  gemm_unit/u_in_scaler_vec/g_lane_27__u_mul/fpnew_mul/gen_operation_groups_0__i_opgroup_block/gen_parallel_slices_2__active_format_i_fmt_slice/gen_num_lanes_0__active_lane_lane_instance_i_fma/i_fpnew_rounding/U73/Y (NOR2_X6M_A9TR)                                     0.04      0.03 *     1.83 r                   0.90
  gemm_unit/u_in_scaler_vec/g_lane_27__u_mul/fpnew_mul/gen_operation_groups_0__i_opgroup_block/gen_parallel_slices_2__active_format_i_fmt_slice/gen_num_lanes_0__active_lane_lane_instance_i_fma/i_fpnew_rounding/n163 (net)                                      3                   0.00       1.83 r                   
  gemm_unit/u_in_scaler_vec/g_lane_27__u_mul/fpnew_mul/gen_operation_groups_0__i_opgroup_block/gen_parallel_slices_2__active_format_i_fmt_slice/gen_num_lanes_0__active_lane_lane_instance_i_fma/i_fpnew_rounding/U80/Y (NAND3_X4A_A9TR)                                    0.03      0.03 *     1.86 f                   0.90
  gemm_unit/u_in_scaler_vec/g_lane_27__u_mul/fpnew_mul/gen_operation_groups_0__i_opgroup_block/gen_parallel_slices_2__active_format_i_fmt_slice/gen_num_lanes_0__active_lane_lane_instance_i_fma/i_fpnew_rounding/n162 (net)                                      2                   0.00       1.86 f                   
  gemm_unit/u_in_scaler_vec/g_lane_27__u_mul/fpnew_mul/gen_operation_groups_0__i_opgroup_block/gen_parallel_slices_2__active_format_i_fmt_slice/gen_num_lanes_0__active_lane_lane_instance_i_fma/i_fpnew_rounding/U79/Y (NOR2_X3B_A9TR)                                     0.04      0.03 *     1.89 r                   0.90
  gemm_unit/u_in_scaler_vec/g_lane_27__u_mul/fpnew_mul/gen_operation_groups_0__i_opgroup_block/gen_parallel_slices_2__active_format_i_fmt_slice/gen_num_lanes_0__active_lane_lane_instance_i_fma/i_fpnew_rounding/n113 (net)                                      2                   0.00       1.89 r                   
  gemm_unit/u_in_scaler_vec/g_lane_27__u_mul/fpnew_mul/gen_operation_groups_0__i_opgroup_block/gen_parallel_slices_2__active_format_i_fmt_slice/gen_num_lanes_0__active_lane_lane_instance_i_fma/i_fpnew_rounding/U100/Y (NOR2_X2A_A9TR)                                    0.02      0.02 *     1.91 f                   0.90
  gemm_unit/u_in_scaler_vec/g_lane_27__u_mul/fpnew_mul/gen_operation_groups_0__i_opgroup_block/gen_parallel_slices_2__active_format_i_fmt_slice/gen_num_lanes_0__active_lane_lane_instance_i_fma/i_fpnew_rounding/n85 (net)                                       1                   0.00       1.91 f                   
  gemm_unit/u_in_scaler_vec/g_lane_27__u_mul/fpnew_mul/gen_operation_groups_0__i_opgroup_block/gen_parallel_slices_2__active_format_i_fmt_slice/gen_num_lanes_0__active_lane_lane_instance_i_fma/i_fpnew_rounding/U62/Y (NOR2_X2A_A9TR)                                     0.04      0.03 *     1.94 r                   0.90
  gemm_unit/u_in_scaler_vec/g_lane_27__u_mul/fpnew_mul/gen_operation_groups_0__i_opgroup_block/gen_parallel_slices_2__active_format_i_fmt_slice/gen_num_lanes_0__active_lane_lane_instance_i_fma/i_fpnew_rounding/abs_rounded_o[11] (net)                         1                   0.00       1.94 r                   
  gemm_unit/u_in_scaler_vec/g_lane_27__u_mul/fpnew_mul/gen_operation_groups_0__i_opgroup_block/gen_parallel_slices_2__active_format_i_fmt_slice/gen_num_lanes_0__active_lane_lane_instance_i_fma/i_fpnew_rounding/abs_rounded_o[11] (fpnew_rounding_0000000f_4)                       0.00       1.94 r                   
  gemm_unit/u_in_scaler_vec/g_lane_27__u_mul/fpnew_mul/gen_operation_groups_0__i_opgroup_block/gen_parallel_slices_2__active_format_i_fmt_slice/gen_num_lanes_0__active_lane_lane_instance_i_fma/rounded_abs[11] (net)                                                                0.00       1.94 r                   
  gemm_unit/u_in_scaler_vec/g_lane_27__u_mul/fpnew_mul/gen_operation_groups_0__i_opgroup_block/gen_parallel_slices_2__active_format_i_fmt_slice/gen_num_lanes_0__active_lane_lane_instance_i_fma/U1012/Y (INV_X2M_A9TR)                                                     0.01      0.01 *     1.95 f                   0.90
  gemm_unit/u_in_scaler_vec/g_lane_27__u_mul/fpnew_mul/gen_operation_groups_0__i_opgroup_block/gen_parallel_slices_2__active_format_i_fmt_slice/gen_num_lanes_0__active_lane_lane_instance_i_fma/n1648 (net)                                                      1                   0.00       1.95 f                   
  gemm_unit/u_in_scaler_vec/g_lane_27__u_mul/fpnew_mul/gen_operation_groups_0__i_opgroup_block/gen_parallel_slices_2__active_format_i_fmt_slice/gen_num_lanes_0__active_lane_lane_instance_i_fma/U1055/Y (NAND2_X2B_A9TR)                                                   0.03      0.02 *     1.97 r                   0.90
  gemm_unit/u_in_scaler_vec/g_lane_27__u_mul/fpnew_mul/gen_operation_groups_0__i_opgroup_block/gen_parallel_slices_2__active_format_i_fmt_slice/gen_num_lanes_0__active_lane_lane_instance_i_fma/result_o[11] (net)                                               1                   0.00       1.97 r                   
  gemm_unit/u_in_scaler_vec/g_lane_27__u_mul/fpnew_mul/gen_operation_groups_0__i_opgroup_block/gen_parallel_slices_2__active_format_i_fmt_slice/gen_num_lanes_0__active_lane_lane_instance_i_fma/result_o[11] (fpnew_fma_2_00000000_3__logic_Z_1yB___logic_Z_1yB__4)                  0.00       1.97 r                   
  gemm_unit/u_in_scaler_vec/g_lane_27__u_mul/fpnew_mul/gen_operation_groups_0__i_opgroup_block/gen_parallel_slices_2__active_format_i_fmt_slice/gen_num_lanes_0__active_lane_op_result[11] (net)                                                                                      0.00       1.97 r                   
  gemm_unit/u_in_scaler_vec/g_lane_27__u_mul/fpnew_mul/gen_operation_groups_0__i_opgroup_block/gen_parallel_slices_2__active_format_i_fmt_slice/U35/Y (INV_X2M_A9TR)                                                                                                        0.01      0.01 *     1.98 f                   0.90
  gemm_unit/u_in_scaler_vec/g_lane_27__u_mul/fpnew_mul/gen_operation_groups_0__i_opgroup_block/gen_parallel_slices_2__active_format_i_fmt_slice/n53 (net)                                                                                                         1                   0.00       1.98 f                   
  gemm_unit/u_in_scaler_vec/g_lane_27__u_mul/fpnew_mul/gen_operation_groups_0__i_opgroup_block/gen_parallel_slices_2__active_format_i_fmt_slice/U36/Y (NAND2_X2B_A9TR)                                                                                                      0.05      0.02 *     2.00 r                   0.90
  gemm_unit/u_in_scaler_vec/g_lane_27__u_mul/fpnew_mul/gen_operation_groups_0__i_opgroup_block/gen_parallel_slices_2__active_format_i_fmt_slice/result_o[11] (net)                                                                                                1                   0.00       2.00 r                   
  gemm_unit/u_in_scaler_vec/g_lane_27__u_mul/fpnew_mul/gen_operation_groups_0__i_opgroup_block/gen_parallel_slices_2__active_format_i_fmt_slice/result_o[11] (fpnew_opgroup_fmt_slice_0_2_00000010_0_00000000_3__logic_Z_1yB__00000000_4)                                             0.00       2.00 r                   
  gemm_unit/u_in_scaler_vec/g_lane_27__u_mul/fpnew_mul/gen_operation_groups_0__i_opgroup_block/fmt_outputs_2__result__11_ (net)                                                                                                                                                       0.00       2.00 r                   
  gemm_unit/u_in_scaler_vec/g_lane_27__u_mul/fpnew_mul/gen_operation_groups_0__i_opgroup_block/i_arbiter/data_i[64] (rr_arb_tree_00000005_1_496242_4)                                                                                                                                 0.00       2.00 r                   
  gemm_unit/u_in_scaler_vec/g_lane_27__u_mul/fpnew_mul/gen_operation_groups_0__i_opgroup_block/i_arbiter/data_i[64] (net)                                                                                                                                                             0.00       2.00 r                   
  gemm_unit/u_in_scaler_vec/g_lane_27__u_mul/fpnew_mul/gen_operation_groups_0__i_opgroup_block/i_arbiter/U6/Y (AND2_X4M_A9TR)                                                                                                                                               0.02      0.04 *     2.04 r                   0.90
  gemm_unit/u_in_scaler_vec/g_lane_27__u_mul/fpnew_mul/gen_operation_groups_0__i_opgroup_block/i_arbiter/data_o[18] (net)                                                                                                                                         1                   0.00       2.04 r                   
  gemm_unit/u_in_scaler_vec/g_lane_27__u_mul/fpnew_mul/gen_operation_groups_0__i_opgroup_block/i_arbiter/data_o[18] (rr_arb_tree_00000005_1_496242_4)                                                                                                                                 0.00       2.04 r                   
  gemm_unit/u_in_scaler_vec/g_lane_27__u_mul/fpnew_mul/gen_operation_groups_0__i_opgroup_block/result_o[11] (net)                                                                                                                                                                     0.00       2.04 r                   
  gemm_unit/u_in_scaler_vec/g_lane_27__u_mul/fpnew_mul/gen_operation_groups_0__i_opgroup_block/result_o[11] (fpnew_opgroup_block_0_00000010_0_2_04_2_155_3__logic_Z_1yB__00000000_388949_4)                                                                                           0.00       2.04 r                   
  gemm_unit/u_in_scaler_vec/g_lane_27__u_mul/fpnew_mul/opgrp_outputs[11] (net)                                                                                                                                                                                                        0.00       2.04 r                   
  gemm_unit/u_in_scaler_vec/g_lane_27__u_mul/fpnew_mul/i_arbiter/data_i[17] (rr_arb_tree_00000004_1_840242_4)                                                                                                                                                                         0.00       2.04 r                   
  gemm_unit/u_in_scaler_vec/g_lane_27__u_mul/fpnew_mul/i_arbiter/data_i[17] (net)                                                                                                                                                                                                     0.00       2.04 r                   
  gemm_unit/u_in_scaler_vec/g_lane_27__u_mul/fpnew_mul/i_arbiter/U33/Y (NAND2_X2B_A9TR)                                                                                                                                                                                     0.03      0.02 *     2.05 f                   0.90
  gemm_unit/u_in_scaler_vec/g_lane_27__u_mul/fpnew_mul/i_arbiter/n22 (net)                                                                                                                                                                                        1                   0.00       2.05 f                   
  gemm_unit/u_in_scaler_vec/g_lane_27__u_mul/fpnew_mul/i_arbiter/U11/Y (INV_X2M_A9TR)                                                                                                                                                                                       0.02      0.02 *     2.07 r                   0.90
  gemm_unit/u_in_scaler_vec/g_lane_27__u_mul/fpnew_mul/i_arbiter/data_o[17] (net)                                                                                                                                                                                 1                   0.00       2.07 r                   
  gemm_unit/u_in_scaler_vec/g_lane_27__u_mul/fpnew_mul/i_arbiter/data_o[17] (rr_arb_tree_00000004_1_840242_4)                                                                                                                                                                         0.00       2.07 r                   
  gemm_unit/u_in_scaler_vec/g_lane_27__u_mul/fpnew_mul/result_o[11] (net)                                                                                                                                                                                                             0.00       2.07 r                   
  gemm_unit/u_in_scaler_vec/g_lane_27__u_mul/fpnew_mul/result_o[11] (fpnew_top_00000008042__logic_Z_1yB__566949_4)                                                                                                                                                                    0.00       2.07 r                   
  gemm_unit/u_in_scaler_vec/g_lane_27__u_mul/fpnew_result[11] (net)                                                                                                                                                                                                                   0.00       2.07 r                   
  gemm_unit/u_in_scaler_vec/g_lane_27__u_mul/result_buffer/data_in[11] (VX_elastic_buffer_6_4)                                                                                                                                                                                        0.00       2.07 r                   
  gemm_unit/u_in_scaler_vec/g_lane_27__u_mul/result_buffer/data_in[11] (net)                                                                                                                                                                                                          0.00       2.07 r                   
  gemm_unit/u_in_scaler_vec/g_lane_27__u_mul/result_buffer/g_eb1_pipe_buffer/data_in[11] (VX_pipe_buffer_17_4)                                                                                                                                                                        0.00       2.07 r                   
  gemm_unit/u_in_scaler_vec/g_lane_27__u_mul/result_buffer/g_eb1_pipe_buffer/data_in[11] (net)                                                                                                                                                                                        0.00       2.07 r                   
  gemm_unit/u_in_scaler_vec/g_lane_27__u_mul/result_buffer/g_eb1_pipe_buffer/g_register_g_pipe_regs_0__pipe_register/data_in[11] (VX_pipe_register_13_4)                                                                                                                              0.00       2.07 r                   
  gemm_unit/u_in_scaler_vec/g_lane_27__u_mul/result_buffer/g_eb1_pipe_buffer/g_register_g_pipe_regs_0__pipe_register/data_in[11] (net)                                                                                                                                                0.00       2.07 r                   
  gemm_unit/u_in_scaler_vec/g_lane_27__u_mul/result_buffer/g_eb1_pipe_buffer/g_register_g_pipe_regs_0__pipe_register/g_shift_register/data_in[11] (VX_shift_register_17_1_1_0_4)                                                                                                      0.00       2.07 r                   
  gemm_unit/u_in_scaler_vec/g_lane_27__u_mul/result_buffer/g_eb1_pipe_buffer/g_register_g_pipe_regs_0__pipe_register/g_shift_register/data_in[11] (net)                                                                                                                               0.00       2.07 r                   
  gemm_unit/u_in_scaler_vec/g_lane_27__u_mul/result_buffer/g_eb1_pipe_buffer/g_register_g_pipe_regs_0__pipe_register/g_shift_register/g_shift_pipe_reg_0__11_/D (DFFQ_X4M_A9TR)                                                                                             0.02      0.00 *     2.07 r                   0.90
  data arrival time                                                                                                                                                                                                                                                                              2.07                     

  clock CLK (rise edge)                                                                                                                                                                                                                                                               1.00       1.00                     
  clock network delay (ideal)                                                                                                                                                                                                                                                         0.00       1.00                     
  gemm_unit/u_in_scaler_vec/g_lane_27__u_mul/result_buffer/g_eb1_pipe_buffer/g_register_g_pipe_regs_0__pipe_register/g_shift_register/g_shift_pipe_reg_0__11_/CK (DFFQ_X4M_A9TR)                                                                                                      0.00       1.00 r                   
  library setup time                                                                                                                                                                                                                                                                 -0.02       0.98                     
  data required time                                                                                                                                                                                                                                                                             0.98                     
  -------------------------------------------------------------------------------------------------------------------------------------------------------------------------------------------------------------------------------------------------------------------------------------------------------------------------------------
  data required time                                                                                                                                                                                                                                                                             0.98                     
  data arrival time                                                                                                                                                                                                                                                                             -2.07                     
  -------------------------------------------------------------------------------------------------------------------------------------------------------------------------------------------------------------------------------------------------------------------------------------------------------------------------------------
  slack (VIOLATED)                                                                                                                                                                                                                                                                              -1.09                     


  Startpoint: gemm_unit/u_in_scaler_vec/g_lane_4__u_mul/input_buffer/g_eb1_pipe_buffer/g_register_g_pipe_regs_0__pipe_register/g_shift_register/g_shift_pipe_reg_0__19_
              (rising edge-triggered flip-flop clocked by CLK)
  Endpoint: gemm_unit/u_in_scaler_vec/g_lane_4__u_mul/result_buffer/g_eb1_pipe_buffer/g_register_g_pipe_regs_0__pipe_register/g_shift_register/g_shift_pipe_reg_0__11_
            (rising edge-triggered flip-flop clocked by CLK)
  Scenario: mode_norm.OC_rvt_ss_0p900v_125c
  Path Group: CLK
  Path Type: max

Attributes:
    d - dont_touch
    u - dont_use
   mo - map_only
   so - size_only
    i - ideal_net or ideal_network
  inf - infeasible path

  Point                                                                                                                                                                                                                                                         Fanout     Trans      Incr       Path      Attributes     Voltage
  -------------------------------------------------------------------------------------------------------------------------------------------------------------------------------------------------------------------------------------------------------------------------------------------------------------------------------------
  clock CLK (rise edge)                                                                                                                                                                                                                                                               0.00       0.00                     
  clock network delay (ideal)                                                                                                                                                                                                                                                         0.00       0.00                     
  gemm_unit/u_in_scaler_vec/g_lane_4__u_mul/input_buffer/g_eb1_pipe_buffer/g_register_g_pipe_regs_0__pipe_register/g_shift_register/g_shift_pipe_reg_0__19_/CK (DFFQ_X4M_A9TR)                                                                                              0.00      0.00       0.00 r    i              0.90
  gemm_unit/u_in_scaler_vec/g_lane_4__u_mul/input_buffer/g_eb1_pipe_buffer/g_register_g_pipe_regs_0__pipe_register/g_shift_register/g_shift_pipe_reg_0__19_/Q (DFFQ_X4M_A9TR)                                                                                               0.01      0.09       0.09 f                   0.90
  gemm_unit/u_in_scaler_vec/g_lane_4__u_mul/input_buffer/g_eb1_pipe_buffer/g_register_g_pipe_regs_0__pipe_register/g_shift_register/data_out[19] (net)                                                                                                            1                   0.00       0.09 f                   
  gemm_unit/u_in_scaler_vec/g_lane_4__u_mul/input_buffer/g_eb1_pipe_buffer/g_register_g_pipe_regs_0__pipe_register/g_shift_register/data_out[19] (VX_shift_register_33_1_1_0_123)                                                                                                     0.00       0.09 f                   
  gemm_unit/u_in_scaler_vec/g_lane_4__u_mul/input_buffer/g_eb1_pipe_buffer/g_register_g_pipe_regs_0__pipe_register/data_out[19] (net)                                                                                                                                                 0.00       0.09 f                   
  gemm_unit/u_in_scaler_vec/g_lane_4__u_mul/input_buffer/g_eb1_pipe_buffer/g_register_g_pipe_regs_0__pipe_register/data_out[19] (VX_pipe_register_12_123)                                                                                                                             0.00       0.09 f                   
  gemm_unit/u_in_scaler_vec/g_lane_4__u_mul/input_buffer/g_eb1_pipe_buffer/data_out[19] (net)                                                                                                                                                                                         0.00       0.09 f                   
  gemm_unit/u_in_scaler_vec/g_lane_4__u_mul/input_buffer/g_eb1_pipe_buffer/data_out[19] (VX_pipe_buffer_16_123)                                                                                                                                                                       0.00       0.09 f                   
  gemm_unit/u_in_scaler_vec/g_lane_4__u_mul/input_buffer/data_out[19] (net)                                                                                                                                                                                                           0.00       0.09 f                   
  gemm_unit/u_in_scaler_vec/g_lane_4__u_mul/input_buffer/data_out[19] (VX_elastic_buffer_5_27)                                                                                                                                                                                        0.00       0.09 f                   
  gemm_unit/u_in_scaler_vec/g_lane_4__u_mul/fpnew_inputs_data[19] (net)                                                                                                                                                                                                               0.00       0.09 f                   
  gemm_unit/u_in_scaler_vec/g_lane_4__u_mul/fpnew_mul/operands_i[19] (fpnew_top_00000008042__logic_Z_1yB__566949_27)                                                                                                                                                                  0.00       0.09 f                   
  gemm_unit/u_in_scaler_vec/g_lane_4__u_mul/fpnew_mul/operands_i[19] (net)                                                                                                                                                                                                            0.00       0.09 f                   
  gemm_unit/u_in_scaler_vec/g_lane_4__u_mul/fpnew_mul/gen_operation_groups_0__i_opgroup_block/operands_i[19] (fpnew_opgroup_block_0_00000010_0_2_04_2_155_3__logic_Z_1yB__00000000_388949_27)                                                                                         0.00       0.09 f                   
  gemm_unit/u_in_scaler_vec/g_lane_4__u_mul/fpnew_mul/gen_operation_groups_0__i_opgroup_block/operands_i[19] (net)                                                                                                                                                                    0.00       0.09 f                   
  gemm_unit/u_in_scaler_vec/g_lane_4__u_mul/fpnew_mul/gen_operation_groups_0__i_opgroup_block/U6/Y (BUF_X13M_A9TR)                                                                                                                                                          0.03      0.04 *     0.14 f                   0.90
  gemm_unit/u_in_scaler_vec/g_lane_4__u_mul/fpnew_mul/gen_operation_groups_0__i_opgroup_block/n50 (net)                                                                                                                                                          18                   0.00       0.14 f                   
  gemm_unit/u_in_scaler_vec/g_lane_4__u_mul/fpnew_mul/gen_operation_groups_0__i_opgroup_block/gen_parallel_slices_2__active_format_i_fmt_slice/operands_i[19] (fpnew_opgroup_fmt_slice_0_2_00000010_0_00000000_3__logic_Z_1yB__00000000_27)                                           0.00       0.14 f                   
  gemm_unit/u_in_scaler_vec/g_lane_4__u_mul/fpnew_mul/gen_operation_groups_0__i_opgroup_block/gen_parallel_slices_2__active_format_i_fmt_slice/operands_i[19] (net)                                                                                                                   0.00       0.14 f                   
  gemm_unit/u_in_scaler_vec/g_lane_4__u_mul/fpnew_mul/gen_operation_groups_0__i_opgroup_block/gen_parallel_slices_2__active_format_i_fmt_slice/gen_num_lanes_0__active_lane_lane_instance_i_fma/operands_i[19] (fpnew_fma_2_00000000_3__logic_Z_1yB___logic_Z_1yB__27)                0.00       0.14 f                   
  gemm_unit/u_in_scaler_vec/g_lane_4__u_mul/fpnew_mul/gen_operation_groups_0__i_opgroup_block/gen_parallel_slices_2__active_format_i_fmt_slice/gen_num_lanes_0__active_lane_lane_instance_i_fma/operands_i[19] (net)                                                                  0.00       0.14 f                   
  gemm_unit/u_in_scaler_vec/g_lane_4__u_mul/fpnew_mul/gen_operation_groups_0__i_opgroup_block/gen_parallel_slices_2__active_format_i_fmt_slice/gen_num_lanes_0__active_lane_lane_instance_i_fma/U1190/Y (XNOR2_X4M_A9TR)                                                    0.09      0.05 *     0.18 r                   0.90
  gemm_unit/u_in_scaler_vec/g_lane_4__u_mul/fpnew_mul/gen_operation_groups_0__i_opgroup_block/gen_parallel_slices_2__active_format_i_fmt_slice/gen_num_lanes_0__active_lane_lane_instance_i_fma/n576 (net)                                                        3                   0.00       0.18 r                   
  gemm_unit/u_in_scaler_vec/g_lane_4__u_mul/fpnew_mul/gen_operation_groups_0__i_opgroup_block/gen_parallel_slices_2__active_format_i_fmt_slice/gen_num_lanes_0__active_lane_lane_instance_i_fma/U761/Y (NAND2_X6A_A9TR)                                                     0.04      0.04 *     0.23 f                   0.90
  gemm_unit/u_in_scaler_vec/g_lane_4__u_mul/fpnew_mul/gen_operation_groups_0__i_opgroup_block/gen_parallel_slices_2__active_format_i_fmt_slice/gen_num_lanes_0__active_lane_lane_instance_i_fma/n637 (net)                                                       13                   0.00       0.23 f                   
  gemm_unit/u_in_scaler_vec/g_lane_4__u_mul/fpnew_mul/gen_operation_groups_0__i_opgroup_block/gen_parallel_slices_2__active_format_i_fmt_slice/gen_num_lanes_0__active_lane_lane_instance_i_fma/U283/Y (AO21_X1M_A9TR)                                                      0.03      0.07 *     0.30 f                   0.90
  gemm_unit/u_in_scaler_vec/g_lane_4__u_mul/fpnew_mul/gen_operation_groups_0__i_opgroup_block/gen_parallel_slices_2__active_format_i_fmt_slice/gen_num_lanes_0__active_lane_lane_instance_i_fma/n691 (net)                                                        1                   0.00       0.30 f                   
  gemm_unit/u_in_scaler_vec/g_lane_4__u_mul/fpnew_mul/gen_operation_groups_0__i_opgroup_block/gen_parallel_slices_2__active_format_i_fmt_slice/gen_num_lanes_0__active_lane_lane_instance_i_fma/U327/S (ADDF_X1M_A9TR)                                                      0.03      0.12 *     0.42 f                   0.90
  gemm_unit/u_in_scaler_vec/g_lane_4__u_mul/fpnew_mul/gen_operation_groups_0__i_opgroup_block/gen_parallel_slices_2__active_format_i_fmt_slice/gen_num_lanes_0__active_lane_lane_instance_i_fma/n696 (net)                                                        1                   0.00       0.42 f                   
  gemm_unit/u_in_scaler_vec/g_lane_4__u_mul/fpnew_mul/gen_operation_groups_0__i_opgroup_block/gen_parallel_slices_2__active_format_i_fmt_slice/gen_num_lanes_0__active_lane_lane_instance_i_fma/U334/CO (ADDFH_X1M_A9TR)                                                    0.04      0.09 *     0.50 f                   0.90
  gemm_unit/u_in_scaler_vec/g_lane_4__u_mul/fpnew_mul/gen_operation_groups_0__i_opgroup_block/gen_parallel_slices_2__active_format_i_fmt_slice/gen_num_lanes_0__active_lane_lane_instance_i_fma/n700 (net)                                                        2                   0.00       0.50 f                   
  gemm_unit/u_in_scaler_vec/g_lane_4__u_mul/fpnew_mul/gen_operation_groups_0__i_opgroup_block/gen_parallel_slices_2__active_format_i_fmt_slice/gen_num_lanes_0__active_lane_lane_instance_i_fma/U1199/Y (XNOR2_X1P4M_A9TR)                                                  0.03      0.04 *     0.54 f                   0.90
  gemm_unit/u_in_scaler_vec/g_lane_4__u_mul/fpnew_mul/gen_operation_groups_0__i_opgroup_block/gen_parallel_slices_2__active_format_i_fmt_slice/gen_num_lanes_0__active_lane_lane_instance_i_fma/n1675 (net)                                                       1                   0.00       0.54 f                   
  gemm_unit/u_in_scaler_vec/g_lane_4__u_mul/fpnew_mul/gen_operation_groups_0__i_opgroup_block/gen_parallel_slices_2__active_format_i_fmt_slice/gen_num_lanes_0__active_lane_lane_instance_i_fma/U1198/Y (XNOR2_X1P4M_A9TR)                                                  0.04      0.04 *     0.59 f                   0.90
  gemm_unit/u_in_scaler_vec/g_lane_4__u_mul/fpnew_mul/gen_operation_groups_0__i_opgroup_block/gen_parallel_slices_2__active_format_i_fmt_slice/gen_num_lanes_0__active_lane_lane_instance_i_fma/n730 (net)                                                        2                   0.00       0.59 f                   
  gemm_unit/u_in_scaler_vec/g_lane_4__u_mul/fpnew_mul/gen_operation_groups_0__i_opgroup_block/gen_parallel_slices_2__active_format_i_fmt_slice/gen_num_lanes_0__active_lane_lane_instance_i_fma/U335/Y (NOR2_X2A_A9TR)                                                      0.08      0.06 *     0.64 r                   0.90
  gemm_unit/u_in_scaler_vec/g_lane_4__u_mul/fpnew_mul/gen_operation_groups_0__i_opgroup_block/gen_parallel_slices_2__active_format_i_fmt_slice/gen_num_lanes_0__active_lane_lane_instance_i_fma/n776 (net)                                                        3                   0.00       0.64 r                   
  gemm_unit/u_in_scaler_vec/g_lane_4__u_mul/fpnew_mul/gen_operation_groups_0__i_opgroup_block/gen_parallel_slices_2__active_format_i_fmt_slice/gen_num_lanes_0__active_lane_lane_instance_i_fma/U336/Y (NOR2_X3A_A9TR)                                                      0.03      0.03 *     0.68 f                   0.90
  gemm_unit/u_in_scaler_vec/g_lane_4__u_mul/fpnew_mul/gen_operation_groups_0__i_opgroup_block/gen_parallel_slices_2__active_format_i_fmt_slice/gen_num_lanes_0__active_lane_lane_instance_i_fma/n782 (net)                                                        3                   0.00       0.68 f                   
  gemm_unit/u_in_scaler_vec/g_lane_4__u_mul/fpnew_mul/gen_operation_groups_0__i_opgroup_block/gen_parallel_slices_2__active_format_i_fmt_slice/gen_num_lanes_0__active_lane_lane_instance_i_fma/U353/Y (NAND2_X0P7M_A9TR)                                                   0.07      0.05 *     0.73 r                   0.90
  gemm_unit/u_in_scaler_vec/g_lane_4__u_mul/fpnew_mul/gen_operation_groups_0__i_opgroup_block/gen_parallel_slices_2__active_format_i_fmt_slice/gen_num_lanes_0__active_lane_lane_instance_i_fma/n755 (net)                                                        2                   0.00       0.73 r                   
  gemm_unit/u_in_scaler_vec/g_lane_4__u_mul/fpnew_mul/gen_operation_groups_0__i_opgroup_block/gen_parallel_slices_2__active_format_i_fmt_slice/gen_num_lanes_0__active_lane_lane_instance_i_fma/U361/Y (NOR2_X2M_A9TR)                                                      0.04      0.04 *     0.77 f                   0.90
  gemm_unit/u_in_scaler_vec/g_lane_4__u_mul/fpnew_mul/gen_operation_groups_0__i_opgroup_block/gen_parallel_slices_2__active_format_i_fmt_slice/gen_num_lanes_0__active_lane_lane_instance_i_fma/n741 (net)                                                        1                   0.00       0.77 f                   
  gemm_unit/u_in_scaler_vec/g_lane_4__u_mul/fpnew_mul/gen_operation_groups_0__i_opgroup_block/gen_parallel_slices_2__active_format_i_fmt_slice/gen_num_lanes_0__active_lane_lane_instance_i_fma/U427/Y (AOI21_X4M_A9TR)                                                     0.04      0.05 *     0.82 r                   0.90
  gemm_unit/u_in_scaler_vec/g_lane_4__u_mul/fpnew_mul/gen_operation_groups_0__i_opgroup_block/gen_parallel_slices_2__active_format_i_fmt_slice/gen_num_lanes_0__active_lane_lane_instance_i_fma/n754 (net)                                                        1                   0.00       0.82 r                   
  gemm_unit/u_in_scaler_vec/g_lane_4__u_mul/fpnew_mul/gen_operation_groups_0__i_opgroup_block/gen_parallel_slices_2__active_format_i_fmt_slice/gen_num_lanes_0__active_lane_lane_instance_i_fma/U378/Y (XOR2_X3M_A9TR)                                                      0.12      0.06 *     0.88 r                   0.90
  gemm_unit/u_in_scaler_vec/g_lane_4__u_mul/fpnew_mul/gen_operation_groups_0__i_opgroup_block/gen_parallel_slices_2__active_format_i_fmt_slice/gen_num_lanes_0__active_lane_lane_instance_i_fma/sum_pos[23] (net)                                                 6                   0.00       0.88 r                   
  gemm_unit/u_in_scaler_vec/g_lane_4__u_mul/fpnew_mul/gen_operation_groups_0__i_opgroup_block/gen_parallel_slices_2__active_format_i_fmt_slice/gen_num_lanes_0__active_lane_lane_instance_i_fma/i_lzc/in_i[23] (lzc_00000019_1_27)                                                    0.00       0.88 r                   
  gemm_unit/u_in_scaler_vec/g_lane_4__u_mul/fpnew_mul/gen_operation_groups_0__i_opgroup_block/gen_parallel_slices_2__active_format_i_fmt_slice/gen_num_lanes_0__active_lane_lane_instance_i_fma/i_lzc/in_i[23] (net)                                                                  0.00       0.88 r                   
  gemm_unit/u_in_scaler_vec/g_lane_4__u_mul/fpnew_mul/gen_operation_groups_0__i_opgroup_block/gen_parallel_slices_2__active_format_i_fmt_slice/gen_num_lanes_0__active_lane_lane_instance_i_fma/i_lzc/U12/Y (NOR2_X8A_A9TR)                                                 0.04      0.03 *     0.92 f                   0.90
  gemm_unit/u_in_scaler_vec/g_lane_4__u_mul/fpnew_mul/gen_operation_groups_0__i_opgroup_block/gen_parallel_slices_2__active_format_i_fmt_slice/gen_num_lanes_0__active_lane_lane_instance_i_fma/i_lzc/n100 (net)                                                  3                   0.00       0.92 f                   
  gemm_unit/u_in_scaler_vec/g_lane_4__u_mul/fpnew_mul/gen_operation_groups_0__i_opgroup_block/gen_parallel_slices_2__active_format_i_fmt_slice/gen_num_lanes_0__active_lane_lane_instance_i_fma/i_lzc/U46/Y (NAND2_X2B_A9TR)                                                0.03      0.03 *     0.94 r                   0.90
  gemm_unit/u_in_scaler_vec/g_lane_4__u_mul/fpnew_mul/gen_operation_groups_0__i_opgroup_block/gen_parallel_slices_2__active_format_i_fmt_slice/gen_num_lanes_0__active_lane_lane_instance_i_fma/i_lzc/n137 (net)                                                  1                   0.00       0.94 r                   
  gemm_unit/u_in_scaler_vec/g_lane_4__u_mul/fpnew_mul/gen_operation_groups_0__i_opgroup_block/gen_parallel_slices_2__active_format_i_fmt_slice/gen_num_lanes_0__active_lane_lane_instance_i_fma/i_lzc/U51/Y (NOR2_X3M_A9TR)                                                 0.03      0.03 *     0.97 f                   0.90
  gemm_unit/u_in_scaler_vec/g_lane_4__u_mul/fpnew_mul/gen_operation_groups_0__i_opgroup_block/gen_parallel_slices_2__active_format_i_fmt_slice/gen_num_lanes_0__active_lane_lane_instance_i_fma/i_lzc/n110 (net)                                                  3                   0.00       0.97 f                   
  gemm_unit/u_in_scaler_vec/g_lane_4__u_mul/fpnew_mul/gen_operation_groups_0__i_opgroup_block/gen_parallel_slices_2__active_format_i_fmt_slice/gen_num_lanes_0__active_lane_lane_instance_i_fma/i_lzc/U85/Y (AND2_X6B_A9TR)                                                 0.02      0.05 *     1.02 f                   0.90
  gemm_unit/u_in_scaler_vec/g_lane_4__u_mul/fpnew_mul/gen_operation_groups_0__i_opgroup_block/gen_parallel_slices_2__active_format_i_fmt_slice/gen_num_lanes_0__active_lane_lane_instance_i_fma/i_lzc/cnt_o[3] (net)                                              6                   0.00       1.02 f                   
  gemm_unit/u_in_scaler_vec/g_lane_4__u_mul/fpnew_mul/gen_operation_groups_0__i_opgroup_block/gen_parallel_slices_2__active_format_i_fmt_slice/gen_num_lanes_0__active_lane_lane_instance_i_fma/i_lzc/cnt_o[3] (lzc_00000019_1_27)                                                    0.00       1.02 f                   
  gemm_unit/u_in_scaler_vec/g_lane_4__u_mul/fpnew_mul/gen_operation_groups_0__i_opgroup_block/gen_parallel_slices_2__active_format_i_fmt_slice/gen_num_lanes_0__active_lane_lane_instance_i_fma/leading_zero_count[3] (net)                                                           0.00       1.02 f                   
  gemm_unit/u_in_scaler_vec/g_lane_4__u_mul/fpnew_mul/gen_operation_groups_0__i_opgroup_block/gen_parallel_slices_2__active_format_i_fmt_slice/gen_num_lanes_0__active_lane_lane_instance_i_fma/U485/Y (NAND2_X3B_A9TR)                                                     0.02      0.02 *     1.04 r                   0.90
  gemm_unit/u_in_scaler_vec/g_lane_4__u_mul/fpnew_mul/gen_operation_groups_0__i_opgroup_block/gen_parallel_slices_2__active_format_i_fmt_slice/gen_num_lanes_0__active_lane_lane_instance_i_fma/n898 (net)                                                        2                   0.00       1.04 r                   
  gemm_unit/u_in_scaler_vec/g_lane_4__u_mul/fpnew_mul/gen_operation_groups_0__i_opgroup_block/gen_parallel_slices_2__active_format_i_fmt_slice/gen_num_lanes_0__active_lane_lane_instance_i_fma/U490/Y (NAND3_X1A_A9TR)                                                     0.04      0.03 *     1.07 f                   0.90
  gemm_unit/u_in_scaler_vec/g_lane_4__u_mul/fpnew_mul/gen_operation_groups_0__i_opgroup_block/gen_parallel_slices_2__active_format_i_fmt_slice/gen_num_lanes_0__active_lane_lane_instance_i_fma/n874 (net)                                                        1                   0.00       1.07 f                   
  gemm_unit/u_in_scaler_vec/g_lane_4__u_mul/fpnew_mul/gen_operation_groups_0__i_opgroup_block/gen_parallel_slices_2__active_format_i_fmt_slice/gen_num_lanes_0__active_lane_lane_instance_i_fma/U491/Y (INV_X2M_A9TR)                                                       0.03      0.03 *     1.11 r                   0.90
  gemm_unit/u_in_scaler_vec/g_lane_4__u_mul/fpnew_mul/gen_operation_groups_0__i_opgroup_block/gen_parallel_slices_2__active_format_i_fmt_slice/gen_num_lanes_0__active_lane_lane_instance_i_fma/n875 (net)                                                        1                   0.00       1.11 r                   
  gemm_unit/u_in_scaler_vec/g_lane_4__u_mul/fpnew_mul/gen_operation_groups_0__i_opgroup_block/gen_parallel_slices_2__active_format_i_fmt_slice/gen_num_lanes_0__active_lane_lane_instance_i_fma/U276/Y (NAND3_X6A_A9TR)                                                     0.04      0.04 *     1.14 f                   0.90
  gemm_unit/u_in_scaler_vec/g_lane_4__u_mul/fpnew_mul/gen_operation_groups_0__i_opgroup_block/gen_parallel_slices_2__active_format_i_fmt_slice/gen_num_lanes_0__active_lane_lane_instance_i_fma/n1555 (net)                                                       2                   0.00       1.14 f                   
  gemm_unit/u_in_scaler_vec/g_lane_4__u_mul/fpnew_mul/gen_operation_groups_0__i_opgroup_block/gen_parallel_slices_2__active_format_i_fmt_slice/gen_num_lanes_0__active_lane_lane_instance_i_fma/U269/Y (NAND2_X6B_A9TR)                                                     0.04      0.03 *     1.18 r                   0.90
  gemm_unit/u_in_scaler_vec/g_lane_4__u_mul/fpnew_mul/gen_operation_groups_0__i_opgroup_block/gen_parallel_slices_2__active_format_i_fmt_slice/gen_num_lanes_0__active_lane_lane_instance_i_fma/n983 (net)                                                        3                   0.00       1.18 r                   
  gemm_unit/u_in_scaler_vec/g_lane_4__u_mul/fpnew_mul/gen_operation_groups_0__i_opgroup_block/gen_parallel_slices_2__active_format_i_fmt_slice/gen_num_lanes_0__active_lane_lane_instance_i_fma/U1131/Y (OA21_X6M_A9TR)                                                     0.03      0.05 *     1.23 r                   0.90
  gemm_unit/u_in_scaler_vec/g_lane_4__u_mul/fpnew_mul/gen_operation_groups_0__i_opgroup_block/gen_parallel_slices_2__active_format_i_fmt_slice/gen_num_lanes_0__active_lane_lane_instance_i_fma/n1612 (net)                                                       2                   0.00       1.23 r                   
  gemm_unit/u_in_scaler_vec/g_lane_4__u_mul/fpnew_mul/gen_operation_groups_0__i_opgroup_block/gen_parallel_slices_2__active_format_i_fmt_slice/gen_num_lanes_0__active_lane_lane_instance_i_fma/U222/Y (NAND2_X8B_A9TR)                                                     0.03      0.02 *     1.25 f                   0.90
  gemm_unit/u_in_scaler_vec/g_lane_4__u_mul/fpnew_mul/gen_operation_groups_0__i_opgroup_block/gen_parallel_slices_2__active_format_i_fmt_slice/gen_num_lanes_0__active_lane_lane_instance_i_fma/n1545 (net)                                                       4                   0.00       1.25 f                   
  gemm_unit/u_in_scaler_vec/g_lane_4__u_mul/fpnew_mul/gen_operation_groups_0__i_opgroup_block/gen_parallel_slices_2__active_format_i_fmt_slice/gen_num_lanes_0__active_lane_lane_instance_i_fma/U467/Y (INV_X6M_A9TR)                                                       0.03      0.03 *     1.28 r                   0.90
  gemm_unit/u_in_scaler_vec/g_lane_4__u_mul/fpnew_mul/gen_operation_groups_0__i_opgroup_block/gen_parallel_slices_2__active_format_i_fmt_slice/gen_num_lanes_0__active_lane_lane_instance_i_fma/n999 (net)                                                        3                   0.00       1.28 r                   
  gemm_unit/u_in_scaler_vec/g_lane_4__u_mul/fpnew_mul/gen_operation_groups_0__i_opgroup_block/gen_parallel_slices_2__active_format_i_fmt_slice/gen_num_lanes_0__active_lane_lane_instance_i_fma/U564/Y (NOR2_X6M_A9TR)                                                      0.03      0.03 *     1.30 f                   0.90
  gemm_unit/u_in_scaler_vec/g_lane_4__u_mul/fpnew_mul/gen_operation_groups_0__i_opgroup_block/gen_parallel_slices_2__active_format_i_fmt_slice/gen_num_lanes_0__active_lane_lane_instance_i_fma/n1331 (net)                                                       6                   0.00       1.30 f                   
  gemm_unit/u_in_scaler_vec/g_lane_4__u_mul/fpnew_mul/gen_operation_groups_0__i_opgroup_block/gen_parallel_slices_2__active_format_i_fmt_slice/gen_num_lanes_0__active_lane_lane_instance_i_fma/U682/Y (NAND2_X1B_A9TR)                                                     0.04      0.03 *     1.34 r                   0.90
  gemm_unit/u_in_scaler_vec/g_lane_4__u_mul/fpnew_mul/gen_operation_groups_0__i_opgroup_block/gen_parallel_slices_2__active_format_i_fmt_slice/gen_num_lanes_0__active_lane_lane_instance_i_fma/n1025 (net)                                                       1                   0.00       1.34 r                   
  gemm_unit/u_in_scaler_vec/g_lane_4__u_mul/fpnew_mul/gen_operation_groups_0__i_opgroup_block/gen_parallel_slices_2__active_format_i_fmt_slice/gen_num_lanes_0__active_lane_lane_instance_i_fma/U684/Y (NAND4_X3A_A9TR)                                                     0.05      0.05 *     1.39 f                   0.90
  gemm_unit/u_in_scaler_vec/g_lane_4__u_mul/fpnew_mul/gen_operation_groups_0__i_opgroup_block/gen_parallel_slices_2__active_format_i_fmt_slice/gen_num_lanes_0__active_lane_lane_instance_i_fma/n1293 (net)                                                       4                   0.00       1.39 f                   
  gemm_unit/u_in_scaler_vec/g_lane_4__u_mul/fpnew_mul/gen_operation_groups_0__i_opgroup_block/gen_parallel_slices_2__active_format_i_fmt_slice/gen_num_lanes_0__active_lane_lane_instance_i_fma/U563/Y (AOI22_X2M_A9TR)                                                     0.06      0.05 *     1.44 r                   0.90
  gemm_unit/u_in_scaler_vec/g_lane_4__u_mul/fpnew_mul/gen_operation_groups_0__i_opgroup_block/gen_parallel_slices_2__active_format_i_fmt_slice/gen_num_lanes_0__active_lane_lane_instance_i_fma/n1601 (net)                                                       1                   0.00       1.44 r                   
  gemm_unit/u_in_scaler_vec/g_lane_4__u_mul/fpnew_mul/gen_operation_groups_0__i_opgroup_block/gen_parallel_slices_2__active_format_i_fmt_slice/gen_num_lanes_0__active_lane_lane_instance_i_fma/U492/Y (NAND2_X3A_A9TR)                                                     0.03      0.03 *     1.47 f                   0.90
  gemm_unit/u_in_scaler_vec/g_lane_4__u_mul/fpnew_mul/gen_operation_groups_0__i_opgroup_block/gen_parallel_slices_2__active_format_i_fmt_slice/gen_num_lanes_0__active_lane_lane_instance_i_fma/n1390 (net)                                                       2                   0.00       1.47 f                   
  gemm_unit/u_in_scaler_vec/g_lane_4__u_mul/fpnew_mul/gen_operation_groups_0__i_opgroup_block/gen_parallel_slices_2__active_format_i_fmt_slice/gen_num_lanes_0__active_lane_lane_instance_i_fma/U687/Y (NAND2_X6B_A9TR)                                                     0.04      0.03 *     1.51 r                   0.90
  gemm_unit/u_in_scaler_vec/g_lane_4__u_mul/fpnew_mul/gen_operation_groups_0__i_opgroup_block/gen_parallel_slices_2__active_format_i_fmt_slice/gen_num_lanes_0__active_lane_lane_instance_i_fma/n1101 (net)                                                       3                   0.00       1.51 r                   
  gemm_unit/u_in_scaler_vec/g_lane_4__u_mul/fpnew_mul/gen_operation_groups_0__i_opgroup_block/gen_parallel_slices_2__active_format_i_fmt_slice/gen_num_lanes_0__active_lane_lane_instance_i_fma/U702/Y (NAND2_X6B_A9TR)                                                     0.03      0.03 *     1.53 f                   0.90
  gemm_unit/u_in_scaler_vec/g_lane_4__u_mul/fpnew_mul/gen_operation_groups_0__i_opgroup_block/gen_parallel_slices_2__active_format_i_fmt_slice/gen_num_lanes_0__active_lane_lane_instance_i_fma/n1365 (net)                                                       4                   0.00       1.53 f                   
  gemm_unit/u_in_scaler_vec/g_lane_4__u_mul/fpnew_mul/gen_operation_groups_0__i_opgroup_block/gen_parallel_slices_2__active_format_i_fmt_slice/gen_num_lanes_0__active_lane_lane_instance_i_fma/U56/Y (NAND2_X8B_A9TR)                                                      0.03      0.03 *     1.56 r                   0.90
  gemm_unit/u_in_scaler_vec/g_lane_4__u_mul/fpnew_mul/gen_operation_groups_0__i_opgroup_block/gen_parallel_slices_2__active_format_i_fmt_slice/gen_num_lanes_0__active_lane_lane_instance_i_fma/n1640 (net)                                                       2                   0.00       1.56 r                   
  gemm_unit/u_in_scaler_vec/g_lane_4__u_mul/fpnew_mul/gen_operation_groups_0__i_opgroup_block/gen_parallel_slices_2__active_format_i_fmt_slice/gen_num_lanes_0__active_lane_lane_instance_i_fma/U44/Y (INV_X11M_A9TR)                                                       0.01      0.01 *     1.58 f                   0.90
  gemm_unit/u_in_scaler_vec/g_lane_4__u_mul/fpnew_mul/gen_operation_groups_0__i_opgroup_block/gen_parallel_slices_2__active_format_i_fmt_slice/gen_num_lanes_0__active_lane_lane_instance_i_fma/n1167 (net)                                                       3                   0.00       1.58 f                   
  gemm_unit/u_in_scaler_vec/g_lane_4__u_mul/fpnew_mul/gen_operation_groups_0__i_opgroup_block/gen_parallel_slices_2__active_format_i_fmt_slice/gen_num_lanes_0__active_lane_lane_instance_i_fma/U801/Y (NAND2_X2M_A9TR)                                                     0.03      0.02 *     1.60 r                   0.90
  gemm_unit/u_in_scaler_vec/g_lane_4__u_mul/fpnew_mul/gen_operation_groups_0__i_opgroup_block/gen_parallel_slices_2__active_format_i_fmt_slice/gen_num_lanes_0__active_lane_lane_instance_i_fma/n1151 (net)                                                       2                   0.00       1.60 r                   
  gemm_unit/u_in_scaler_vec/g_lane_4__u_mul/fpnew_mul/gen_operation_groups_0__i_opgroup_block/gen_parallel_slices_2__active_format_i_fmt_slice/gen_num_lanes_0__active_lane_lane_instance_i_fma/U434/Y (NAND2_X2B_A9TR)                                                     0.03      0.03 *     1.63 f                   0.90
  gemm_unit/u_in_scaler_vec/g_lane_4__u_mul/fpnew_mul/gen_operation_groups_0__i_opgroup_block/gen_parallel_slices_2__active_format_i_fmt_slice/gen_num_lanes_0__active_lane_lane_instance_i_fma/n1569 (net)                                                       2                   0.00       1.63 f                   
  gemm_unit/u_in_scaler_vec/g_lane_4__u_mul/fpnew_mul/gen_operation_groups_0__i_opgroup_block/gen_parallel_slices_2__active_format_i_fmt_slice/gen_num_lanes_0__active_lane_lane_instance_i_fma/U535/Y (NAND4_X4A_A9TR)                                                     0.05      0.03 *     1.66 r                   0.90
  gemm_unit/u_in_scaler_vec/g_lane_4__u_mul/fpnew_mul/gen_operation_groups_0__i_opgroup_block/gen_parallel_slices_2__active_format_i_fmt_slice/gen_num_lanes_0__active_lane_lane_instance_i_fma/n1275 (net)                                                       1                   0.00       1.66 r                   
  gemm_unit/u_in_scaler_vec/g_lane_4__u_mul/fpnew_mul/gen_operation_groups_0__i_opgroup_block/gen_parallel_slices_2__active_format_i_fmt_slice/gen_num_lanes_0__active_lane_lane_instance_i_fma/U946/Y (OAI22_X8M_A9TR)                                                     0.05      0.04 *     1.70 f                   0.90
  gemm_unit/u_in_scaler_vec/g_lane_4__u_mul/fpnew_mul/gen_operation_groups_0__i_opgroup_block/gen_parallel_slices_2__active_format_i_fmt_slice/gen_num_lanes_0__active_lane_lane_instance_i_fma/n1495 (net)                                                       8                   0.00       1.70 f                   
  gemm_unit/u_in_scaler_vec/g_lane_4__u_mul/fpnew_mul/gen_operation_groups_0__i_opgroup_block/gen_parallel_slices_2__active_format_i_fmt_slice/gen_num_lanes_0__active_lane_lane_instance_i_fma/U1119/Y (NOR2_X2A_A9TR)                                                     0.07      0.06 *     1.76 r                   0.90
  gemm_unit/u_in_scaler_vec/g_lane_4__u_mul/fpnew_mul/gen_operation_groups_0__i_opgroup_block/gen_parallel_slices_2__active_format_i_fmt_slice/gen_num_lanes_0__active_lane_lane_instance_i_fma/pre_round_exponent[0] (net)                                       4                   0.00       1.76 r                   
  gemm_unit/u_in_scaler_vec/g_lane_4__u_mul/fpnew_mul/gen_operation_groups_0__i_opgroup_block/gen_parallel_slices_2__active_format_i_fmt_slice/gen_num_lanes_0__active_lane_lane_instance_i_fma/i_fpnew_rounding/abs_value_i[10] (fpnew_rounding_0000000f_27)                         0.00       1.76 r                   
  gemm_unit/u_in_scaler_vec/g_lane_4__u_mul/fpnew_mul/gen_operation_groups_0__i_opgroup_block/gen_parallel_slices_2__active_format_i_fmt_slice/gen_num_lanes_0__active_lane_lane_instance_i_fma/i_fpnew_rounding/abs_value_i[10] (net)                                                0.00       1.76 r                   
  gemm_unit/u_in_scaler_vec/g_lane_4__u_mul/fpnew_mul/gen_operation_groups_0__i_opgroup_block/gen_parallel_slices_2__active_format_i_fmt_slice/gen_num_lanes_0__active_lane_lane_instance_i_fma/i_fpnew_rounding/U16/Y (NAND2_X1B_A9TR)                                     0.03      0.04 *     1.80 f                   0.90
  gemm_unit/u_in_scaler_vec/g_lane_4__u_mul/fpnew_mul/gen_operation_groups_0__i_opgroup_block/gen_parallel_slices_2__active_format_i_fmt_slice/gen_num_lanes_0__active_lane_lane_instance_i_fma/i_fpnew_rounding/n78 (net)                                        1                   0.00       1.80 f                   
  gemm_unit/u_in_scaler_vec/g_lane_4__u_mul/fpnew_mul/gen_operation_groups_0__i_opgroup_block/gen_parallel_slices_2__active_format_i_fmt_slice/gen_num_lanes_0__active_lane_lane_instance_i_fma/i_fpnew_rounding/U17/Y (NOR2_X2M_A9TR)                                      0.03      0.03 *     1.83 r                   0.90
  gemm_unit/u_in_scaler_vec/g_lane_4__u_mul/fpnew_mul/gen_operation_groups_0__i_opgroup_block/gen_parallel_slices_2__active_format_i_fmt_slice/gen_num_lanes_0__active_lane_lane_instance_i_fma/i_fpnew_rounding/n80 (net)                                        1                   0.00       1.83 r                   
  gemm_unit/u_in_scaler_vec/g_lane_4__u_mul/fpnew_mul/gen_operation_groups_0__i_opgroup_block/gen_parallel_slices_2__active_format_i_fmt_slice/gen_num_lanes_0__active_lane_lane_instance_i_fma/i_fpnew_rounding/U18/Y (NAND2_X2B_A9TR)                                     0.02      0.02 *     1.85 f                   0.90
  gemm_unit/u_in_scaler_vec/g_lane_4__u_mul/fpnew_mul/gen_operation_groups_0__i_opgroup_block/gen_parallel_slices_2__active_format_i_fmt_slice/gen_num_lanes_0__active_lane_lane_instance_i_fma/i_fpnew_rounding/n84 (net)                                        1                   0.00       1.85 f                   
  gemm_unit/u_in_scaler_vec/g_lane_4__u_mul/fpnew_mul/gen_operation_groups_0__i_opgroup_block/gen_parallel_slices_2__active_format_i_fmt_slice/gen_num_lanes_0__active_lane_lane_instance_i_fma/i_fpnew_rounding/U74/Y (NOR3_X4M_A9TR)                                      0.05      0.04 *     1.89 r                   0.90
  gemm_unit/u_in_scaler_vec/g_lane_4__u_mul/fpnew_mul/gen_operation_groups_0__i_opgroup_block/gen_parallel_slices_2__active_format_i_fmt_slice/gen_num_lanes_0__active_lane_lane_instance_i_fma/i_fpnew_rounding/n105 (net)                                       2                   0.00       1.89 r                   
  gemm_unit/u_in_scaler_vec/g_lane_4__u_mul/fpnew_mul/gen_operation_groups_0__i_opgroup_block/gen_parallel_slices_2__active_format_i_fmt_slice/gen_num_lanes_0__active_lane_lane_instance_i_fma/i_fpnew_rounding/U48/Y (NOR2_X2A_A9TR)                                      0.02      0.02 *     1.91 f                   0.90
  gemm_unit/u_in_scaler_vec/g_lane_4__u_mul/fpnew_mul/gen_operation_groups_0__i_opgroup_block/gen_parallel_slices_2__active_format_i_fmt_slice/gen_num_lanes_0__active_lane_lane_instance_i_fma/i_fpnew_rounding/n149 (net)                                       1                   0.00       1.91 f                   
  gemm_unit/u_in_scaler_vec/g_lane_4__u_mul/fpnew_mul/gen_operation_groups_0__i_opgroup_block/gen_parallel_slices_2__active_format_i_fmt_slice/gen_num_lanes_0__active_lane_lane_instance_i_fma/i_fpnew_rounding/U12/Y (NOR2_X2M_A9TR)                                      0.03      0.03 *     1.94 r                   0.90
  gemm_unit/u_in_scaler_vec/g_lane_4__u_mul/fpnew_mul/gen_operation_groups_0__i_opgroup_block/gen_parallel_slices_2__active_format_i_fmt_slice/gen_num_lanes_0__active_lane_lane_instance_i_fma/i_fpnew_rounding/abs_rounded_o[11] (net)                          1                   0.00       1.94 r                   
  gemm_unit/u_in_scaler_vec/g_lane_4__u_mul/fpnew_mul/gen_operation_groups_0__i_opgroup_block/gen_parallel_slices_2__active_format_i_fmt_slice/gen_num_lanes_0__active_lane_lane_instance_i_fma/i_fpnew_rounding/abs_rounded_o[11] (fpnew_rounding_0000000f_27)                       0.00       1.94 r                   
  gemm_unit/u_in_scaler_vec/g_lane_4__u_mul/fpnew_mul/gen_operation_groups_0__i_opgroup_block/gen_parallel_slices_2__active_format_i_fmt_slice/gen_num_lanes_0__active_lane_lane_instance_i_fma/rounded_abs[11] (net)                                                                 0.00       1.94 r                   
  gemm_unit/u_in_scaler_vec/g_lane_4__u_mul/fpnew_mul/gen_operation_groups_0__i_opgroup_block/gen_parallel_slices_2__active_format_i_fmt_slice/gen_num_lanes_0__active_lane_lane_instance_i_fma/U1186/Y (INV_X2M_A9TR)                                                      0.01      0.01 *     1.95 f                   0.90
  gemm_unit/u_in_scaler_vec/g_lane_4__u_mul/fpnew_mul/gen_operation_groups_0__i_opgroup_block/gen_parallel_slices_2__active_format_i_fmt_slice/gen_num_lanes_0__active_lane_lane_instance_i_fma/n1698 (net)                                                       1                   0.00       1.95 f                   
  gemm_unit/u_in_scaler_vec/g_lane_4__u_mul/fpnew_mul/gen_operation_groups_0__i_opgroup_block/gen_parallel_slices_2__active_format_i_fmt_slice/gen_num_lanes_0__active_lane_lane_instance_i_fma/U1216/Y (NAND2_X2B_A9TR)                                                    0.03      0.02 *     1.97 r                   0.90
  gemm_unit/u_in_scaler_vec/g_lane_4__u_mul/fpnew_mul/gen_operation_groups_0__i_opgroup_block/gen_parallel_slices_2__active_format_i_fmt_slice/gen_num_lanes_0__active_lane_lane_instance_i_fma/result_o[11] (net)                                                1                   0.00       1.97 r                   
  gemm_unit/u_in_scaler_vec/g_lane_4__u_mul/fpnew_mul/gen_operation_groups_0__i_opgroup_block/gen_parallel_slices_2__active_format_i_fmt_slice/gen_num_lanes_0__active_lane_lane_instance_i_fma/result_o[11] (fpnew_fma_2_00000000_3__logic_Z_1yB___logic_Z_1yB__27)                  0.00       1.97 r                   
  gemm_unit/u_in_scaler_vec/g_lane_4__u_mul/fpnew_mul/gen_operation_groups_0__i_opgroup_block/gen_parallel_slices_2__active_format_i_fmt_slice/gen_num_lanes_0__active_lane_op_result[11] (net)                                                                                       0.00       1.97 r                   
  gemm_unit/u_in_scaler_vec/g_lane_4__u_mul/fpnew_mul/gen_operation_groups_0__i_opgroup_block/gen_parallel_slices_2__active_format_i_fmt_slice/U20/Y (INV_X2M_A9TR)                                                                                                         0.01      0.01 *     1.98 f                   0.90
  gemm_unit/u_in_scaler_vec/g_lane_4__u_mul/fpnew_mul/gen_operation_groups_0__i_opgroup_block/gen_parallel_slices_2__active_format_i_fmt_slice/n52 (net)                                                                                                          1                   0.00       1.98 f                   
  gemm_unit/u_in_scaler_vec/g_lane_4__u_mul/fpnew_mul/gen_operation_groups_0__i_opgroup_block/gen_parallel_slices_2__active_format_i_fmt_slice/U39/Y (NAND2_X2B_A9TR)                                                                                                       0.03      0.02 *     2.00 r                   0.90
  gemm_unit/u_in_scaler_vec/g_lane_4__u_mul/fpnew_mul/gen_operation_groups_0__i_opgroup_block/gen_parallel_slices_2__active_format_i_fmt_slice/result_o[11] (net)                                                                                                 1                   0.00       2.00 r                   
  gemm_unit/u_in_scaler_vec/g_lane_4__u_mul/fpnew_mul/gen_operation_groups_0__i_opgroup_block/gen_parallel_slices_2__active_format_i_fmt_slice/result_o[11] (fpnew_opgroup_fmt_slice_0_2_00000010_0_00000000_3__logic_Z_1yB__00000000_27)                                             0.00       2.00 r                   
  gemm_unit/u_in_scaler_vec/g_lane_4__u_mul/fpnew_mul/gen_operation_groups_0__i_opgroup_block/fmt_outputs_2__result__11_ (net)                                                                                                                                                        0.00       2.00 r                   
  gemm_unit/u_in_scaler_vec/g_lane_4__u_mul/fpnew_mul/gen_operation_groups_0__i_opgroup_block/i_arbiter/data_i[64] (rr_arb_tree_00000005_1_496242_27)                                                                                                                                 0.00       2.00 r                   
  gemm_unit/u_in_scaler_vec/g_lane_4__u_mul/fpnew_mul/gen_operation_groups_0__i_opgroup_block/i_arbiter/data_i[64] (net)                                                                                                                                                              0.00       2.00 r                   
  gemm_unit/u_in_scaler_vec/g_lane_4__u_mul/fpnew_mul/gen_operation_groups_0__i_opgroup_block/i_arbiter/U31/Y (AND2_X4M_A9TR)                                                                                                                                               0.02      0.04 *     2.04 r                   0.90
  gemm_unit/u_in_scaler_vec/g_lane_4__u_mul/fpnew_mul/gen_operation_groups_0__i_opgroup_block/i_arbiter/data_o[18] (net)                                                                                                                                          1                   0.00       2.04 r                   
  gemm_unit/u_in_scaler_vec/g_lane_4__u_mul/fpnew_mul/gen_operation_groups_0__i_opgroup_block/i_arbiter/data_o[18] (rr_arb_tree_00000005_1_496242_27)                                                                                                                                 0.00       2.04 r                   
  gemm_unit/u_in_scaler_vec/g_lane_4__u_mul/fpnew_mul/gen_operation_groups_0__i_opgroup_block/result_o[11] (net)                                                                                                                                                                      0.00       2.04 r                   
  gemm_unit/u_in_scaler_vec/g_lane_4__u_mul/fpnew_mul/gen_operation_groups_0__i_opgroup_block/result_o[11] (fpnew_opgroup_block_0_00000010_0_2_04_2_155_3__logic_Z_1yB__00000000_388949_27)                                                                                           0.00       2.04 r                   
  gemm_unit/u_in_scaler_vec/g_lane_4__u_mul/fpnew_mul/opgrp_outputs[11] (net)                                                                                                                                                                                                         0.00       2.04 r                   
  gemm_unit/u_in_scaler_vec/g_lane_4__u_mul/fpnew_mul/i_arbiter/data_i[17] (rr_arb_tree_00000004_1_840242_27)                                                                                                                                                                         0.00       2.04 r                   
  gemm_unit/u_in_scaler_vec/g_lane_4__u_mul/fpnew_mul/i_arbiter/data_i[17] (net)                                                                                                                                                                                                      0.00       2.04 r                   
  gemm_unit/u_in_scaler_vec/g_lane_4__u_mul/fpnew_mul/i_arbiter/U5/Y (AND2_X4M_A9TR)                                                                                                                                                                                        0.02      0.03 *     2.07 r                   0.90
  gemm_unit/u_in_scaler_vec/g_lane_4__u_mul/fpnew_mul/i_arbiter/data_o[17] (net)                                                                                                                                                                                  1                   0.00       2.07 r                   
  gemm_unit/u_in_scaler_vec/g_lane_4__u_mul/fpnew_mul/i_arbiter/data_o[17] (rr_arb_tree_00000004_1_840242_27)                                                                                                                                                                         0.00       2.07 r                   
  gemm_unit/u_in_scaler_vec/g_lane_4__u_mul/fpnew_mul/result_o[11] (net)                                                                                                                                                                                                              0.00       2.07 r                   
  gemm_unit/u_in_scaler_vec/g_lane_4__u_mul/fpnew_mul/result_o[11] (fpnew_top_00000008042__logic_Z_1yB__566949_27)                                                                                                                                                                    0.00       2.07 r                   
  gemm_unit/u_in_scaler_vec/g_lane_4__u_mul/fpnew_result[11] (net)                                                                                                                                                                                                                    0.00       2.07 r                   
  gemm_unit/u_in_scaler_vec/g_lane_4__u_mul/result_buffer/data_in[11] (VX_elastic_buffer_6_27)                                                                                                                                                                                        0.00       2.07 r                   
  gemm_unit/u_in_scaler_vec/g_lane_4__u_mul/result_buffer/data_in[11] (net)                                                                                                                                                                                                           0.00       2.07 r                   
  gemm_unit/u_in_scaler_vec/g_lane_4__u_mul/result_buffer/g_eb1_pipe_buffer/data_in[11] (VX_pipe_buffer_17_27)                                                                                                                                                                        0.00       2.07 r                   
  gemm_unit/u_in_scaler_vec/g_lane_4__u_mul/result_buffer/g_eb1_pipe_buffer/data_in[11] (net)                                                                                                                                                                                         0.00       2.07 r                   
  gemm_unit/u_in_scaler_vec/g_lane_4__u_mul/result_buffer/g_eb1_pipe_buffer/g_register_g_pipe_regs_0__pipe_register/data_in[11] (VX_pipe_register_13_27)                                                                                                                              0.00       2.07 r                   
  gemm_unit/u_in_scaler_vec/g_lane_4__u_mul/result_buffer/g_eb1_pipe_buffer/g_register_g_pipe_regs_0__pipe_register/data_in[11] (net)                                                                                                                                                 0.00       2.07 r                   
  gemm_unit/u_in_scaler_vec/g_lane_4__u_mul/result_buffer/g_eb1_pipe_buffer/g_register_g_pipe_regs_0__pipe_register/g_shift_register/data_in[11] (VX_shift_register_17_1_1_0_27)                                                                                                      0.00       2.07 r                   
  gemm_unit/u_in_scaler_vec/g_lane_4__u_mul/result_buffer/g_eb1_pipe_buffer/g_register_g_pipe_regs_0__pipe_register/g_shift_register/data_in[11] (net)                                                                                                                                0.00       2.07 r                   
  gemm_unit/u_in_scaler_vec/g_lane_4__u_mul/result_buffer/g_eb1_pipe_buffer/g_register_g_pipe_regs_0__pipe_register/g_shift_register/g_shift_pipe_reg_0__11_/D (DFFQ_X3M_A9TR)                                                                                              0.02      0.00 *     2.07 r                   0.90
  data arrival time                                                                                                                                                                                                                                                                              2.07                     

  clock CLK (rise edge)                                                                                                                                                                                                                                                               1.00       1.00                     
  clock network delay (ideal)                                                                                                                                                                                                                                                         0.00       1.00                     
  gemm_unit/u_in_scaler_vec/g_lane_4__u_mul/result_buffer/g_eb1_pipe_buffer/g_register_g_pipe_regs_0__pipe_register/g_shift_register/g_shift_pipe_reg_0__11_/CK (DFFQ_X3M_A9TR)                                                                                                       0.00       1.00 r                   
  library setup time                                                                                                                                                                                                                                                                 -0.02       0.98                     
  data required time                                                                                                                                                                                                                                                                             0.98                     
  -------------------------------------------------------------------------------------------------------------------------------------------------------------------------------------------------------------------------------------------------------------------------------------------------------------------------------------
  data required time                                                                                                                                                                                                                                                                             0.98                     
  data arrival time                                                                                                                                                                                                                                                                             -2.07                     
  -------------------------------------------------------------------------------------------------------------------------------------------------------------------------------------------------------------------------------------------------------------------------------------------------------------------------------------
  slack (VIOLATED)                                                                                                                                                                                                                                                                              -1.09                     


  Startpoint: gemm_unit/u_in_scaler_vec/g_lane_4__u_mul/input_buffer/g_eb1_pipe_buffer/g_register_g_pipe_regs_0__pipe_register/g_shift_register/g_shift_pipe_reg_0__19_
              (rising edge-triggered flip-flop clocked by CLK)
  Endpoint: gemm_unit/u_in_scaler_vec/g_lane_4__u_mul/result_buffer/g_eb1_pipe_buffer/g_register_g_pipe_regs_0__pipe_register/g_shift_register/g_shift_pipe_reg_0__12_
            (rising edge-triggered flip-flop clocked by CLK)
  Scenario: mode_norm.OC_rvt_ss_0p900v_125c
  Path Group: CLK
  Path Type: max

Attributes:
    d - dont_touch
    u - dont_use
   mo - map_only
   so - size_only
    i - ideal_net or ideal_network
  inf - infeasible path

  Point                                                                                                                                                                                                                                                         Fanout     Trans      Incr       Path      Attributes     Voltage
  -------------------------------------------------------------------------------------------------------------------------------------------------------------------------------------------------------------------------------------------------------------------------------------------------------------------------------------
  clock CLK (rise edge)                                                                                                                                                                                                                                                               0.00       0.00                     
  clock network delay (ideal)                                                                                                                                                                                                                                                         0.00       0.00                     
  gemm_unit/u_in_scaler_vec/g_lane_4__u_mul/input_buffer/g_eb1_pipe_buffer/g_register_g_pipe_regs_0__pipe_register/g_shift_register/g_shift_pipe_reg_0__19_/CK (DFFQ_X4M_A9TR)                                                                                              0.00      0.00       0.00 r    i              0.90
  gemm_unit/u_in_scaler_vec/g_lane_4__u_mul/input_buffer/g_eb1_pipe_buffer/g_register_g_pipe_regs_0__pipe_register/g_shift_register/g_shift_pipe_reg_0__19_/Q (DFFQ_X4M_A9TR)                                                                                               0.01      0.09       0.09 f                   0.90
  gemm_unit/u_in_scaler_vec/g_lane_4__u_mul/input_buffer/g_eb1_pipe_buffer/g_register_g_pipe_regs_0__pipe_register/g_shift_register/data_out[19] (net)                                                                                                            1                   0.00       0.09 f                   
  gemm_unit/u_in_scaler_vec/g_lane_4__u_mul/input_buffer/g_eb1_pipe_buffer/g_register_g_pipe_regs_0__pipe_register/g_shift_register/data_out[19] (VX_shift_register_33_1_1_0_123)                                                                                                     0.00       0.09 f                   
  gemm_unit/u_in_scaler_vec/g_lane_4__u_mul/input_buffer/g_eb1_pipe_buffer/g_register_g_pipe_regs_0__pipe_register/data_out[19] (net)                                                                                                                                                 0.00       0.09 f                   
  gemm_unit/u_in_scaler_vec/g_lane_4__u_mul/input_buffer/g_eb1_pipe_buffer/g_register_g_pipe_regs_0__pipe_register/data_out[19] (VX_pipe_register_12_123)                                                                                                                             0.00       0.09 f                   
  gemm_unit/u_in_scaler_vec/g_lane_4__u_mul/input_buffer/g_eb1_pipe_buffer/data_out[19] (net)                                                                                                                                                                                         0.00       0.09 f                   
  gemm_unit/u_in_scaler_vec/g_lane_4__u_mul/input_buffer/g_eb1_pipe_buffer/data_out[19] (VX_pipe_buffer_16_123)                                                                                                                                                                       0.00       0.09 f                   
  gemm_unit/u_in_scaler_vec/g_lane_4__u_mul/input_buffer/data_out[19] (net)                                                                                                                                                                                                           0.00       0.09 f                   
  gemm_unit/u_in_scaler_vec/g_lane_4__u_mul/input_buffer/data_out[19] (VX_elastic_buffer_5_27)                                                                                                                                                                                        0.00       0.09 f                   
  gemm_unit/u_in_scaler_vec/g_lane_4__u_mul/fpnew_inputs_data[19] (net)                                                                                                                                                                                                               0.00       0.09 f                   
  gemm_unit/u_in_scaler_vec/g_lane_4__u_mul/fpnew_mul/operands_i[19] (fpnew_top_00000008042__logic_Z_1yB__566949_27)                                                                                                                                                                  0.00       0.09 f                   
  gemm_unit/u_in_scaler_vec/g_lane_4__u_mul/fpnew_mul/operands_i[19] (net)                                                                                                                                                                                                            0.00       0.09 f                   
  gemm_unit/u_in_scaler_vec/g_lane_4__u_mul/fpnew_mul/gen_operation_groups_0__i_opgroup_block/operands_i[19] (fpnew_opgroup_block_0_00000010_0_2_04_2_155_3__logic_Z_1yB__00000000_388949_27)                                                                                         0.00       0.09 f                   
  gemm_unit/u_in_scaler_vec/g_lane_4__u_mul/fpnew_mul/gen_operation_groups_0__i_opgroup_block/operands_i[19] (net)                                                                                                                                                                    0.00       0.09 f                   
  gemm_unit/u_in_scaler_vec/g_lane_4__u_mul/fpnew_mul/gen_operation_groups_0__i_opgroup_block/U6/Y (BUF_X13M_A9TR)                                                                                                                                                          0.03      0.04 *     0.14 f                   0.90
  gemm_unit/u_in_scaler_vec/g_lane_4__u_mul/fpnew_mul/gen_operation_groups_0__i_opgroup_block/n50 (net)                                                                                                                                                          18                   0.00       0.14 f                   
  gemm_unit/u_in_scaler_vec/g_lane_4__u_mul/fpnew_mul/gen_operation_groups_0__i_opgroup_block/gen_parallel_slices_2__active_format_i_fmt_slice/operands_i[19] (fpnew_opgroup_fmt_slice_0_2_00000010_0_00000000_3__logic_Z_1yB__00000000_27)                                           0.00       0.14 f                   
  gemm_unit/u_in_scaler_vec/g_lane_4__u_mul/fpnew_mul/gen_operation_groups_0__i_opgroup_block/gen_parallel_slices_2__active_format_i_fmt_slice/operands_i[19] (net)                                                                                                                   0.00       0.14 f                   
  gemm_unit/u_in_scaler_vec/g_lane_4__u_mul/fpnew_mul/gen_operation_groups_0__i_opgroup_block/gen_parallel_slices_2__active_format_i_fmt_slice/gen_num_lanes_0__active_lane_lane_instance_i_fma/operands_i[19] (fpnew_fma_2_00000000_3__logic_Z_1yB___logic_Z_1yB__27)                0.00       0.14 f                   
  gemm_unit/u_in_scaler_vec/g_lane_4__u_mul/fpnew_mul/gen_operation_groups_0__i_opgroup_block/gen_parallel_slices_2__active_format_i_fmt_slice/gen_num_lanes_0__active_lane_lane_instance_i_fma/operands_i[19] (net)                                                                  0.00       0.14 f                   
  gemm_unit/u_in_scaler_vec/g_lane_4__u_mul/fpnew_mul/gen_operation_groups_0__i_opgroup_block/gen_parallel_slices_2__active_format_i_fmt_slice/gen_num_lanes_0__active_lane_lane_instance_i_fma/U1190/Y (XNOR2_X4M_A9TR)                                                    0.09      0.05 *     0.18 r                   0.90
  gemm_unit/u_in_scaler_vec/g_lane_4__u_mul/fpnew_mul/gen_operation_groups_0__i_opgroup_block/gen_parallel_slices_2__active_format_i_fmt_slice/gen_num_lanes_0__active_lane_lane_instance_i_fma/n576 (net)                                                        3                   0.00       0.18 r                   
  gemm_unit/u_in_scaler_vec/g_lane_4__u_mul/fpnew_mul/gen_operation_groups_0__i_opgroup_block/gen_parallel_slices_2__active_format_i_fmt_slice/gen_num_lanes_0__active_lane_lane_instance_i_fma/U761/Y (NAND2_X6A_A9TR)                                                     0.04      0.04 *     0.23 f                   0.90
  gemm_unit/u_in_scaler_vec/g_lane_4__u_mul/fpnew_mul/gen_operation_groups_0__i_opgroup_block/gen_parallel_slices_2__active_format_i_fmt_slice/gen_num_lanes_0__active_lane_lane_instance_i_fma/n637 (net)                                                       13                   0.00       0.23 f                   
  gemm_unit/u_in_scaler_vec/g_lane_4__u_mul/fpnew_mul/gen_operation_groups_0__i_opgroup_block/gen_parallel_slices_2__active_format_i_fmt_slice/gen_num_lanes_0__active_lane_lane_instance_i_fma/U283/Y (AO21_X1M_A9TR)                                                      0.03      0.07 *     0.30 f                   0.90
  gemm_unit/u_in_scaler_vec/g_lane_4__u_mul/fpnew_mul/gen_operation_groups_0__i_opgroup_block/gen_parallel_slices_2__active_format_i_fmt_slice/gen_num_lanes_0__active_lane_lane_instance_i_fma/n691 (net)                                                        1                   0.00       0.30 f                   
  gemm_unit/u_in_scaler_vec/g_lane_4__u_mul/fpnew_mul/gen_operation_groups_0__i_opgroup_block/gen_parallel_slices_2__active_format_i_fmt_slice/gen_num_lanes_0__active_lane_lane_instance_i_fma/U327/S (ADDF_X1M_A9TR)                                                      0.03      0.12 *     0.42 f                   0.90
  gemm_unit/u_in_scaler_vec/g_lane_4__u_mul/fpnew_mul/gen_operation_groups_0__i_opgroup_block/gen_parallel_slices_2__active_format_i_fmt_slice/gen_num_lanes_0__active_lane_lane_instance_i_fma/n696 (net)                                                        1                   0.00       0.42 f                   
  gemm_unit/u_in_scaler_vec/g_lane_4__u_mul/fpnew_mul/gen_operation_groups_0__i_opgroup_block/gen_parallel_slices_2__active_format_i_fmt_slice/gen_num_lanes_0__active_lane_lane_instance_i_fma/U334/CO (ADDFH_X1M_A9TR)                                                    0.04      0.09 *     0.50 f                   0.90
  gemm_unit/u_in_scaler_vec/g_lane_4__u_mul/fpnew_mul/gen_operation_groups_0__i_opgroup_block/gen_parallel_slices_2__active_format_i_fmt_slice/gen_num_lanes_0__active_lane_lane_instance_i_fma/n700 (net)                                                        2                   0.00       0.50 f                   
  gemm_unit/u_in_scaler_vec/g_lane_4__u_mul/fpnew_mul/gen_operation_groups_0__i_opgroup_block/gen_parallel_slices_2__active_format_i_fmt_slice/gen_num_lanes_0__active_lane_lane_instance_i_fma/U1199/Y (XNOR2_X1P4M_A9TR)                                                  0.03      0.04 *     0.54 f                   0.90
  gemm_unit/u_in_scaler_vec/g_lane_4__u_mul/fpnew_mul/gen_operation_groups_0__i_opgroup_block/gen_parallel_slices_2__active_format_i_fmt_slice/gen_num_lanes_0__active_lane_lane_instance_i_fma/n1675 (net)                                                       1                   0.00       0.54 f                   
  gemm_unit/u_in_scaler_vec/g_lane_4__u_mul/fpnew_mul/gen_operation_groups_0__i_opgroup_block/gen_parallel_slices_2__active_format_i_fmt_slice/gen_num_lanes_0__active_lane_lane_instance_i_fma/U1198/Y (XNOR2_X1P4M_A9TR)                                                  0.04      0.04 *     0.59 f                   0.90
  gemm_unit/u_in_scaler_vec/g_lane_4__u_mul/fpnew_mul/gen_operation_groups_0__i_opgroup_block/gen_parallel_slices_2__active_format_i_fmt_slice/gen_num_lanes_0__active_lane_lane_instance_i_fma/n730 (net)                                                        2                   0.00       0.59 f                   
  gemm_unit/u_in_scaler_vec/g_lane_4__u_mul/fpnew_mul/gen_operation_groups_0__i_opgroup_block/gen_parallel_slices_2__active_format_i_fmt_slice/gen_num_lanes_0__active_lane_lane_instance_i_fma/U335/Y (NOR2_X2A_A9TR)                                                      0.08      0.06 *     0.64 r                   0.90
  gemm_unit/u_in_scaler_vec/g_lane_4__u_mul/fpnew_mul/gen_operation_groups_0__i_opgroup_block/gen_parallel_slices_2__active_format_i_fmt_slice/gen_num_lanes_0__active_lane_lane_instance_i_fma/n776 (net)                                                        3                   0.00       0.64 r                   
  gemm_unit/u_in_scaler_vec/g_lane_4__u_mul/fpnew_mul/gen_operation_groups_0__i_opgroup_block/gen_parallel_slices_2__active_format_i_fmt_slice/gen_num_lanes_0__active_lane_lane_instance_i_fma/U336/Y (NOR2_X3A_A9TR)                                                      0.03      0.03 *     0.68 f                   0.90
  gemm_unit/u_in_scaler_vec/g_lane_4__u_mul/fpnew_mul/gen_operation_groups_0__i_opgroup_block/gen_parallel_slices_2__active_format_i_fmt_slice/gen_num_lanes_0__active_lane_lane_instance_i_fma/n782 (net)                                                        3                   0.00       0.68 f                   
  gemm_unit/u_in_scaler_vec/g_lane_4__u_mul/fpnew_mul/gen_operation_groups_0__i_opgroup_block/gen_parallel_slices_2__active_format_i_fmt_slice/gen_num_lanes_0__active_lane_lane_instance_i_fma/U353/Y (NAND2_X0P7M_A9TR)                                                   0.07      0.05 *     0.73 r                   0.90
  gemm_unit/u_in_scaler_vec/g_lane_4__u_mul/fpnew_mul/gen_operation_groups_0__i_opgroup_block/gen_parallel_slices_2__active_format_i_fmt_slice/gen_num_lanes_0__active_lane_lane_instance_i_fma/n755 (net)                                                        2                   0.00       0.73 r                   
  gemm_unit/u_in_scaler_vec/g_lane_4__u_mul/fpnew_mul/gen_operation_groups_0__i_opgroup_block/gen_parallel_slices_2__active_format_i_fmt_slice/gen_num_lanes_0__active_lane_lane_instance_i_fma/U361/Y (NOR2_X2M_A9TR)                                                      0.04      0.04 *     0.77 f                   0.90
  gemm_unit/u_in_scaler_vec/g_lane_4__u_mul/fpnew_mul/gen_operation_groups_0__i_opgroup_block/gen_parallel_slices_2__active_format_i_fmt_slice/gen_num_lanes_0__active_lane_lane_instance_i_fma/n741 (net)                                                        1                   0.00       0.77 f                   
  gemm_unit/u_in_scaler_vec/g_lane_4__u_mul/fpnew_mul/gen_operation_groups_0__i_opgroup_block/gen_parallel_slices_2__active_format_i_fmt_slice/gen_num_lanes_0__active_lane_lane_instance_i_fma/U427/Y (AOI21_X4M_A9TR)                                                     0.04      0.05 *     0.82 r                   0.90
  gemm_unit/u_in_scaler_vec/g_lane_4__u_mul/fpnew_mul/gen_operation_groups_0__i_opgroup_block/gen_parallel_slices_2__active_format_i_fmt_slice/gen_num_lanes_0__active_lane_lane_instance_i_fma/n754 (net)                                                        1                   0.00       0.82 r                   
  gemm_unit/u_in_scaler_vec/g_lane_4__u_mul/fpnew_mul/gen_operation_groups_0__i_opgroup_block/gen_parallel_slices_2__active_format_i_fmt_slice/gen_num_lanes_0__active_lane_lane_instance_i_fma/U378/Y (XOR2_X3M_A9TR)                                                      0.12      0.06 *     0.88 r                   0.90
  gemm_unit/u_in_scaler_vec/g_lane_4__u_mul/fpnew_mul/gen_operation_groups_0__i_opgroup_block/gen_parallel_slices_2__active_format_i_fmt_slice/gen_num_lanes_0__active_lane_lane_instance_i_fma/sum_pos[23] (net)                                                 6                   0.00       0.88 r                   
  gemm_unit/u_in_scaler_vec/g_lane_4__u_mul/fpnew_mul/gen_operation_groups_0__i_opgroup_block/gen_parallel_slices_2__active_format_i_fmt_slice/gen_num_lanes_0__active_lane_lane_instance_i_fma/i_lzc/in_i[23] (lzc_00000019_1_27)                                                    0.00       0.88 r                   
  gemm_unit/u_in_scaler_vec/g_lane_4__u_mul/fpnew_mul/gen_operation_groups_0__i_opgroup_block/gen_parallel_slices_2__active_format_i_fmt_slice/gen_num_lanes_0__active_lane_lane_instance_i_fma/i_lzc/in_i[23] (net)                                                                  0.00       0.88 r                   
  gemm_unit/u_in_scaler_vec/g_lane_4__u_mul/fpnew_mul/gen_operation_groups_0__i_opgroup_block/gen_parallel_slices_2__active_format_i_fmt_slice/gen_num_lanes_0__active_lane_lane_instance_i_fma/i_lzc/U12/Y (NOR2_X8A_A9TR)                                                 0.04      0.03 *     0.92 f                   0.90
  gemm_unit/u_in_scaler_vec/g_lane_4__u_mul/fpnew_mul/gen_operation_groups_0__i_opgroup_block/gen_parallel_slices_2__active_format_i_fmt_slice/gen_num_lanes_0__active_lane_lane_instance_i_fma/i_lzc/n100 (net)                                                  3                   0.00       0.92 f                   
  gemm_unit/u_in_scaler_vec/g_lane_4__u_mul/fpnew_mul/gen_operation_groups_0__i_opgroup_block/gen_parallel_slices_2__active_format_i_fmt_slice/gen_num_lanes_0__active_lane_lane_instance_i_fma/i_lzc/U46/Y (NAND2_X2B_A9TR)                                                0.03      0.03 *     0.94 r                   0.90
  gemm_unit/u_in_scaler_vec/g_lane_4__u_mul/fpnew_mul/gen_operation_groups_0__i_opgroup_block/gen_parallel_slices_2__active_format_i_fmt_slice/gen_num_lanes_0__active_lane_lane_instance_i_fma/i_lzc/n137 (net)                                                  1                   0.00       0.94 r                   
  gemm_unit/u_in_scaler_vec/g_lane_4__u_mul/fpnew_mul/gen_operation_groups_0__i_opgroup_block/gen_parallel_slices_2__active_format_i_fmt_slice/gen_num_lanes_0__active_lane_lane_instance_i_fma/i_lzc/U51/Y (NOR2_X3M_A9TR)                                                 0.03      0.03 *     0.97 f                   0.90
  gemm_unit/u_in_scaler_vec/g_lane_4__u_mul/fpnew_mul/gen_operation_groups_0__i_opgroup_block/gen_parallel_slices_2__active_format_i_fmt_slice/gen_num_lanes_0__active_lane_lane_instance_i_fma/i_lzc/n110 (net)                                                  3                   0.00       0.97 f                   
  gemm_unit/u_in_scaler_vec/g_lane_4__u_mul/fpnew_mul/gen_operation_groups_0__i_opgroup_block/gen_parallel_slices_2__active_format_i_fmt_slice/gen_num_lanes_0__active_lane_lane_instance_i_fma/i_lzc/U85/Y (AND2_X6B_A9TR)                                                 0.02      0.05 *     1.02 f                   0.90
  gemm_unit/u_in_scaler_vec/g_lane_4__u_mul/fpnew_mul/gen_operation_groups_0__i_opgroup_block/gen_parallel_slices_2__active_format_i_fmt_slice/gen_num_lanes_0__active_lane_lane_instance_i_fma/i_lzc/cnt_o[3] (net)                                              6                   0.00       1.02 f                   
  gemm_unit/u_in_scaler_vec/g_lane_4__u_mul/fpnew_mul/gen_operation_groups_0__i_opgroup_block/gen_parallel_slices_2__active_format_i_fmt_slice/gen_num_lanes_0__active_lane_lane_instance_i_fma/i_lzc/cnt_o[3] (lzc_00000019_1_27)                                                    0.00       1.02 f                   
  gemm_unit/u_in_scaler_vec/g_lane_4__u_mul/fpnew_mul/gen_operation_groups_0__i_opgroup_block/gen_parallel_slices_2__active_format_i_fmt_slice/gen_num_lanes_0__active_lane_lane_instance_i_fma/leading_zero_count[3] (net)                                                           0.00       1.02 f                   
  gemm_unit/u_in_scaler_vec/g_lane_4__u_mul/fpnew_mul/gen_operation_groups_0__i_opgroup_block/gen_parallel_slices_2__active_format_i_fmt_slice/gen_num_lanes_0__active_lane_lane_instance_i_fma/U485/Y (NAND2_X3B_A9TR)                                                     0.02      0.02 *     1.04 r                   0.90
  gemm_unit/u_in_scaler_vec/g_lane_4__u_mul/fpnew_mul/gen_operation_groups_0__i_opgroup_block/gen_parallel_slices_2__active_format_i_fmt_slice/gen_num_lanes_0__active_lane_lane_instance_i_fma/n898 (net)                                                        2                   0.00       1.04 r                   
  gemm_unit/u_in_scaler_vec/g_lane_4__u_mul/fpnew_mul/gen_operation_groups_0__i_opgroup_block/gen_parallel_slices_2__active_format_i_fmt_slice/gen_num_lanes_0__active_lane_lane_instance_i_fma/U490/Y (NAND3_X1A_A9TR)                                                     0.04      0.03 *     1.07 f                   0.90
  gemm_unit/u_in_scaler_vec/g_lane_4__u_mul/fpnew_mul/gen_operation_groups_0__i_opgroup_block/gen_parallel_slices_2__active_format_i_fmt_slice/gen_num_lanes_0__active_lane_lane_instance_i_fma/n874 (net)                                                        1                   0.00       1.07 f                   
  gemm_unit/u_in_scaler_vec/g_lane_4__u_mul/fpnew_mul/gen_operation_groups_0__i_opgroup_block/gen_parallel_slices_2__active_format_i_fmt_slice/gen_num_lanes_0__active_lane_lane_instance_i_fma/U491/Y (INV_X2M_A9TR)                                                       0.03      0.03 *     1.11 r                   0.90
  gemm_unit/u_in_scaler_vec/g_lane_4__u_mul/fpnew_mul/gen_operation_groups_0__i_opgroup_block/gen_parallel_slices_2__active_format_i_fmt_slice/gen_num_lanes_0__active_lane_lane_instance_i_fma/n875 (net)                                                        1                   0.00       1.11 r                   
  gemm_unit/u_in_scaler_vec/g_lane_4__u_mul/fpnew_mul/gen_operation_groups_0__i_opgroup_block/gen_parallel_slices_2__active_format_i_fmt_slice/gen_num_lanes_0__active_lane_lane_instance_i_fma/U276/Y (NAND3_X6A_A9TR)                                                     0.04      0.04 *     1.14 f                   0.90
  gemm_unit/u_in_scaler_vec/g_lane_4__u_mul/fpnew_mul/gen_operation_groups_0__i_opgroup_block/gen_parallel_slices_2__active_format_i_fmt_slice/gen_num_lanes_0__active_lane_lane_instance_i_fma/n1555 (net)                                                       2                   0.00       1.14 f                   
  gemm_unit/u_in_scaler_vec/g_lane_4__u_mul/fpnew_mul/gen_operation_groups_0__i_opgroup_block/gen_parallel_slices_2__active_format_i_fmt_slice/gen_num_lanes_0__active_lane_lane_instance_i_fma/U269/Y (NAND2_X6B_A9TR)                                                     0.04      0.03 *     1.18 r                   0.90
  gemm_unit/u_in_scaler_vec/g_lane_4__u_mul/fpnew_mul/gen_operation_groups_0__i_opgroup_block/gen_parallel_slices_2__active_format_i_fmt_slice/gen_num_lanes_0__active_lane_lane_instance_i_fma/n983 (net)                                                        3                   0.00       1.18 r                   
  gemm_unit/u_in_scaler_vec/g_lane_4__u_mul/fpnew_mul/gen_operation_groups_0__i_opgroup_block/gen_parallel_slices_2__active_format_i_fmt_slice/gen_num_lanes_0__active_lane_lane_instance_i_fma/U1131/Y (OA21_X6M_A9TR)                                                     0.03      0.05 *     1.23 r                   0.90
  gemm_unit/u_in_scaler_vec/g_lane_4__u_mul/fpnew_mul/gen_operation_groups_0__i_opgroup_block/gen_parallel_slices_2__active_format_i_fmt_slice/gen_num_lanes_0__active_lane_lane_instance_i_fma/n1612 (net)                                                       2                   0.00       1.23 r                   
  gemm_unit/u_in_scaler_vec/g_lane_4__u_mul/fpnew_mul/gen_operation_groups_0__i_opgroup_block/gen_parallel_slices_2__active_format_i_fmt_slice/gen_num_lanes_0__active_lane_lane_instance_i_fma/U222/Y (NAND2_X8B_A9TR)                                                     0.03      0.02 *     1.25 f                   0.90
  gemm_unit/u_in_scaler_vec/g_lane_4__u_mul/fpnew_mul/gen_operation_groups_0__i_opgroup_block/gen_parallel_slices_2__active_format_i_fmt_slice/gen_num_lanes_0__active_lane_lane_instance_i_fma/n1545 (net)                                                       4                   0.00       1.25 f                   
  gemm_unit/u_in_scaler_vec/g_lane_4__u_mul/fpnew_mul/gen_operation_groups_0__i_opgroup_block/gen_parallel_slices_2__active_format_i_fmt_slice/gen_num_lanes_0__active_lane_lane_instance_i_fma/U467/Y (INV_X6M_A9TR)                                                       0.03      0.03 *     1.28 r                   0.90
  gemm_unit/u_in_scaler_vec/g_lane_4__u_mul/fpnew_mul/gen_operation_groups_0__i_opgroup_block/gen_parallel_slices_2__active_format_i_fmt_slice/gen_num_lanes_0__active_lane_lane_instance_i_fma/n999 (net)                                                        3                   0.00       1.28 r                   
  gemm_unit/u_in_scaler_vec/g_lane_4__u_mul/fpnew_mul/gen_operation_groups_0__i_opgroup_block/gen_parallel_slices_2__active_format_i_fmt_slice/gen_num_lanes_0__active_lane_lane_instance_i_fma/U564/Y (NOR2_X6M_A9TR)                                                      0.03      0.03 *     1.30 f                   0.90
  gemm_unit/u_in_scaler_vec/g_lane_4__u_mul/fpnew_mul/gen_operation_groups_0__i_opgroup_block/gen_parallel_slices_2__active_format_i_fmt_slice/gen_num_lanes_0__active_lane_lane_instance_i_fma/n1331 (net)                                                       6                   0.00       1.30 f                   
  gemm_unit/u_in_scaler_vec/g_lane_4__u_mul/fpnew_mul/gen_operation_groups_0__i_opgroup_block/gen_parallel_slices_2__active_format_i_fmt_slice/gen_num_lanes_0__active_lane_lane_instance_i_fma/U682/Y (NAND2_X1B_A9TR)                                                     0.04      0.03 *     1.34 r                   0.90
  gemm_unit/u_in_scaler_vec/g_lane_4__u_mul/fpnew_mul/gen_operation_groups_0__i_opgroup_block/gen_parallel_slices_2__active_format_i_fmt_slice/gen_num_lanes_0__active_lane_lane_instance_i_fma/n1025 (net)                                                       1                   0.00       1.34 r                   
  gemm_unit/u_in_scaler_vec/g_lane_4__u_mul/fpnew_mul/gen_operation_groups_0__i_opgroup_block/gen_parallel_slices_2__active_format_i_fmt_slice/gen_num_lanes_0__active_lane_lane_instance_i_fma/U684/Y (NAND4_X3A_A9TR)                                                     0.05      0.05 *     1.39 f                   0.90
  gemm_unit/u_in_scaler_vec/g_lane_4__u_mul/fpnew_mul/gen_operation_groups_0__i_opgroup_block/gen_parallel_slices_2__active_format_i_fmt_slice/gen_num_lanes_0__active_lane_lane_instance_i_fma/n1293 (net)                                                       4                   0.00       1.39 f                   
  gemm_unit/u_in_scaler_vec/g_lane_4__u_mul/fpnew_mul/gen_operation_groups_0__i_opgroup_block/gen_parallel_slices_2__active_format_i_fmt_slice/gen_num_lanes_0__active_lane_lane_instance_i_fma/U563/Y (AOI22_X2M_A9TR)                                                     0.06      0.05 *     1.44 r                   0.90
  gemm_unit/u_in_scaler_vec/g_lane_4__u_mul/fpnew_mul/gen_operation_groups_0__i_opgroup_block/gen_parallel_slices_2__active_format_i_fmt_slice/gen_num_lanes_0__active_lane_lane_instance_i_fma/n1601 (net)                                                       1                   0.00       1.44 r                   
  gemm_unit/u_in_scaler_vec/g_lane_4__u_mul/fpnew_mul/gen_operation_groups_0__i_opgroup_block/gen_parallel_slices_2__active_format_i_fmt_slice/gen_num_lanes_0__active_lane_lane_instance_i_fma/U492/Y (NAND2_X3A_A9TR)                                                     0.03      0.03 *     1.47 f                   0.90
  gemm_unit/u_in_scaler_vec/g_lane_4__u_mul/fpnew_mul/gen_operation_groups_0__i_opgroup_block/gen_parallel_slices_2__active_format_i_fmt_slice/gen_num_lanes_0__active_lane_lane_instance_i_fma/n1390 (net)                                                       2                   0.00       1.47 f                   
  gemm_unit/u_in_scaler_vec/g_lane_4__u_mul/fpnew_mul/gen_operation_groups_0__i_opgroup_block/gen_parallel_slices_2__active_format_i_fmt_slice/gen_num_lanes_0__active_lane_lane_instance_i_fma/U687/Y (NAND2_X6B_A9TR)                                                     0.04      0.03 *     1.51 r                   0.90
  gemm_unit/u_in_scaler_vec/g_lane_4__u_mul/fpnew_mul/gen_operation_groups_0__i_opgroup_block/gen_parallel_slices_2__active_format_i_fmt_slice/gen_num_lanes_0__active_lane_lane_instance_i_fma/n1101 (net)                                                       3                   0.00       1.51 r                   
  gemm_unit/u_in_scaler_vec/g_lane_4__u_mul/fpnew_mul/gen_operation_groups_0__i_opgroup_block/gen_parallel_slices_2__active_format_i_fmt_slice/gen_num_lanes_0__active_lane_lane_instance_i_fma/U754/Y (NAND2_X6B_A9TR)                                                     0.03      0.03 *     1.53 f                   0.90
  gemm_unit/u_in_scaler_vec/g_lane_4__u_mul/fpnew_mul/gen_operation_groups_0__i_opgroup_block/gen_parallel_slices_2__active_format_i_fmt_slice/gen_num_lanes_0__active_lane_lane_instance_i_fma/n1213 (net)                                                       3                   0.00       1.53 f                   
  gemm_unit/u_in_scaler_vec/g_lane_4__u_mul/fpnew_mul/gen_operation_groups_0__i_opgroup_block/gen_parallel_slices_2__active_format_i_fmt_slice/gen_num_lanes_0__active_lane_lane_instance_i_fma/U691/Y (OAI21B_X4M_A9TR)                                                    0.04      0.03 *     1.56 r                   0.90
  gemm_unit/u_in_scaler_vec/g_lane_4__u_mul/fpnew_mul/gen_operation_groups_0__i_opgroup_block/gen_parallel_slices_2__active_format_i_fmt_slice/gen_num_lanes_0__active_lane_lane_instance_i_fma/n1620 (net)                                                       1                   0.00       1.56 r                   
  gemm_unit/u_in_scaler_vec/g_lane_4__u_mul/fpnew_mul/gen_operation_groups_0__i_opgroup_block/gen_parallel_slices_2__active_format_i_fmt_slice/gen_num_lanes_0__active_lane_lane_instance_i_fma/U619/Y (AO1B2_X2M_A9TR)                                                     0.03      0.03 *     1.59 f                   0.90
  gemm_unit/u_in_scaler_vec/g_lane_4__u_mul/fpnew_mul/gen_operation_groups_0__i_opgroup_block/gen_parallel_slices_2__active_format_i_fmt_slice/gen_num_lanes_0__active_lane_lane_instance_i_fma/n1137 (net)                                                       1                   0.00       1.59 f                   
  gemm_unit/u_in_scaler_vec/g_lane_4__u_mul/fpnew_mul/gen_operation_groups_0__i_opgroup_block/gen_parallel_slices_2__active_format_i_fmt_slice/gen_num_lanes_0__active_lane_lane_instance_i_fma/U792/Y (NAND2_X4B_A9TR)                                                     0.03      0.03 *     1.62 r                   0.90
  gemm_unit/u_in_scaler_vec/g_lane_4__u_mul/fpnew_mul/gen_operation_groups_0__i_opgroup_block/gen_parallel_slices_2__active_format_i_fmt_slice/gen_num_lanes_0__active_lane_lane_instance_i_fma/n1648 (net)                                                       3                   0.00       1.62 r                   
  gemm_unit/u_in_scaler_vec/g_lane_4__u_mul/fpnew_mul/gen_operation_groups_0__i_opgroup_block/gen_parallel_slices_2__active_format_i_fmt_slice/gen_num_lanes_0__active_lane_lane_instance_i_fma/U535/Y (NAND4_X4A_A9TR)                                                     0.05      0.04 *     1.66 f                   0.90
  gemm_unit/u_in_scaler_vec/g_lane_4__u_mul/fpnew_mul/gen_operation_groups_0__i_opgroup_block/gen_parallel_slices_2__active_format_i_fmt_slice/gen_num_lanes_0__active_lane_lane_instance_i_fma/n1275 (net)                                                       1                   0.00       1.66 f                   
  gemm_unit/u_in_scaler_vec/g_lane_4__u_mul/fpnew_mul/gen_operation_groups_0__i_opgroup_block/gen_parallel_slices_2__active_format_i_fmt_slice/gen_num_lanes_0__active_lane_lane_instance_i_fma/U946/Y (OAI22_X8M_A9TR)                                                     0.08      0.05 *     1.71 r                   0.90
  gemm_unit/u_in_scaler_vec/g_lane_4__u_mul/fpnew_mul/gen_operation_groups_0__i_opgroup_block/gen_parallel_slices_2__active_format_i_fmt_slice/gen_num_lanes_0__active_lane_lane_instance_i_fma/n1495 (net)                                                       8                   0.00       1.71 r                   
  gemm_unit/u_in_scaler_vec/g_lane_4__u_mul/fpnew_mul/gen_operation_groups_0__i_opgroup_block/gen_parallel_slices_2__active_format_i_fmt_slice/gen_num_lanes_0__active_lane_lane_instance_i_fma/U790/Y (INV_X1M_A9TR)                                                       0.04      0.04 *     1.75 f                   0.90
  gemm_unit/u_in_scaler_vec/g_lane_4__u_mul/fpnew_mul/gen_operation_groups_0__i_opgroup_block/gen_parallel_slices_2__active_format_i_fmt_slice/gen_num_lanes_0__active_lane_lane_instance_i_fma/n1654 (net)                                                       1                   0.00       1.75 f                   
  gemm_unit/u_in_scaler_vec/g_lane_4__u_mul/fpnew_mul/gen_operation_groups_0__i_opgroup_block/gen_parallel_slices_2__active_format_i_fmt_slice/gen_num_lanes_0__active_lane_lane_instance_i_fma/U526/Y (NAND2_X4B_A9TR)                                                     0.03      0.03 *     1.78 r                   0.90
  gemm_unit/u_in_scaler_vec/g_lane_4__u_mul/fpnew_mul/gen_operation_groups_0__i_opgroup_block/gen_parallel_slices_2__active_format_i_fmt_slice/gen_num_lanes_0__active_lane_lane_instance_i_fma/pre_round_exponent[1] (net)                                       3                   0.00       1.78 r                   
  gemm_unit/u_in_scaler_vec/g_lane_4__u_mul/fpnew_mul/gen_operation_groups_0__i_opgroup_block/gen_parallel_slices_2__active_format_i_fmt_slice/gen_num_lanes_0__active_lane_lane_instance_i_fma/i_fpnew_rounding/abs_value_i[11] (fpnew_rounding_0000000f_27)                         0.00       1.78 r                   
  gemm_unit/u_in_scaler_vec/g_lane_4__u_mul/fpnew_mul/gen_operation_groups_0__i_opgroup_block/gen_parallel_slices_2__active_format_i_fmt_slice/gen_num_lanes_0__active_lane_lane_instance_i_fma/i_fpnew_rounding/abs_value_i[11] (net)                                                0.00       1.78 r                   
  gemm_unit/u_in_scaler_vec/g_lane_4__u_mul/fpnew_mul/gen_operation_groups_0__i_opgroup_block/gen_parallel_slices_2__active_format_i_fmt_slice/gen_num_lanes_0__active_lane_lane_instance_i_fma/i_fpnew_rounding/U42/Y (NAND2_X2M_A9TR)                                     0.03      0.02 *     1.80 f                   0.90
  gemm_unit/u_in_scaler_vec/g_lane_4__u_mul/fpnew_mul/gen_operation_groups_0__i_opgroup_block/gen_parallel_slices_2__active_format_i_fmt_slice/gen_num_lanes_0__active_lane_lane_instance_i_fma/i_fpnew_rounding/n124 (net)                                       3                   0.00       1.80 f                   
  gemm_unit/u_in_scaler_vec/g_lane_4__u_mul/fpnew_mul/gen_operation_groups_0__i_opgroup_block/gen_parallel_slices_2__active_format_i_fmt_slice/gen_num_lanes_0__active_lane_lane_instance_i_fma/i_fpnew_rounding/U43/Y (NAND3BB_X1P4M_A9TR)                                 0.03      0.06 *     1.86 f                   0.90
  gemm_unit/u_in_scaler_vec/g_lane_4__u_mul/fpnew_mul/gen_operation_groups_0__i_opgroup_block/gen_parallel_slices_2__active_format_i_fmt_slice/gen_num_lanes_0__active_lane_lane_instance_i_fma/i_fpnew_rounding/n104 (net)                                       1                   0.00       1.86 f                   
  gemm_unit/u_in_scaler_vec/g_lane_4__u_mul/fpnew_mul/gen_operation_groups_0__i_opgroup_block/gen_parallel_slices_2__active_format_i_fmt_slice/gen_num_lanes_0__active_lane_lane_instance_i_fma/i_fpnew_rounding/U47/Y (NOR2_X3M_A9TR)                                      0.04      0.03 *     1.89 r                   0.90
  gemm_unit/u_in_scaler_vec/g_lane_4__u_mul/fpnew_mul/gen_operation_groups_0__i_opgroup_block/gen_parallel_slices_2__active_format_i_fmt_slice/gen_num_lanes_0__active_lane_lane_instance_i_fma/i_fpnew_rounding/n112 (net)                                       2                   0.00       1.89 r                   
  gemm_unit/u_in_scaler_vec/g_lane_4__u_mul/fpnew_mul/gen_operation_groups_0__i_opgroup_block/gen_parallel_slices_2__active_format_i_fmt_slice/gen_num_lanes_0__active_lane_lane_instance_i_fma/i_fpnew_rounding/U57/Y (MXIT2_X1P4M_A9TR)                                   0.05      0.04 *     1.93 r                   0.90
  gemm_unit/u_in_scaler_vec/g_lane_4__u_mul/fpnew_mul/gen_operation_groups_0__i_opgroup_block/gen_parallel_slices_2__active_format_i_fmt_slice/gen_num_lanes_0__active_lane_lane_instance_i_fma/i_fpnew_rounding/abs_rounded_o[12] (net)                          1                   0.00       1.93 r                   
  gemm_unit/u_in_scaler_vec/g_lane_4__u_mul/fpnew_mul/gen_operation_groups_0__i_opgroup_block/gen_parallel_slices_2__active_format_i_fmt_slice/gen_num_lanes_0__active_lane_lane_instance_i_fma/i_fpnew_rounding/abs_rounded_o[12] (fpnew_rounding_0000000f_27)                       0.00       1.93 r                   
  gemm_unit/u_in_scaler_vec/g_lane_4__u_mul/fpnew_mul/gen_operation_groups_0__i_opgroup_block/gen_parallel_slices_2__active_format_i_fmt_slice/gen_num_lanes_0__active_lane_lane_instance_i_fma/rounded_abs[12] (net)                                                                 0.00       1.93 r                   
  gemm_unit/u_in_scaler_vec/g_lane_4__u_mul/fpnew_mul/gen_operation_groups_0__i_opgroup_block/gen_parallel_slices_2__active_format_i_fmt_slice/gen_num_lanes_0__active_lane_lane_instance_i_fma/U419/Y (INV_X2M_A9TR)                                                       0.02      0.02 *     1.95 f                   0.90
  gemm_unit/u_in_scaler_vec/g_lane_4__u_mul/fpnew_mul/gen_operation_groups_0__i_opgroup_block/gen_parallel_slices_2__active_format_i_fmt_slice/gen_num_lanes_0__active_lane_lane_instance_i_fma/n1567 (net)                                                       1                   0.00       1.95 f                   
  gemm_unit/u_in_scaler_vec/g_lane_4__u_mul/fpnew_mul/gen_operation_groups_0__i_opgroup_block/gen_parallel_slices_2__active_format_i_fmt_slice/gen_num_lanes_0__active_lane_lane_instance_i_fma/U420/Y (NAND2_X2B_A9TR)                                                     0.03      0.02 *     1.96 r                   0.90
  gemm_unit/u_in_scaler_vec/g_lane_4__u_mul/fpnew_mul/gen_operation_groups_0__i_opgroup_block/gen_parallel_slices_2__active_format_i_fmt_slice/gen_num_lanes_0__active_lane_lane_instance_i_fma/result_o[12] (net)                                                1                   0.00       1.96 r                   
  gemm_unit/u_in_scaler_vec/g_lane_4__u_mul/fpnew_mul/gen_operation_groups_0__i_opgroup_block/gen_parallel_slices_2__active_format_i_fmt_slice/gen_num_lanes_0__active_lane_lane_instance_i_fma/result_o[12] (fpnew_fma_2_00000000_3__logic_Z_1yB___logic_Z_1yB__27)                  0.00       1.96 r                   
  gemm_unit/u_in_scaler_vec/g_lane_4__u_mul/fpnew_mul/gen_operation_groups_0__i_opgroup_block/gen_parallel_slices_2__active_format_i_fmt_slice/gen_num_lanes_0__active_lane_op_result[12] (net)                                                                                       0.00       1.96 r                   
  gemm_unit/u_in_scaler_vec/g_lane_4__u_mul/fpnew_mul/gen_operation_groups_0__i_opgroup_block/gen_parallel_slices_2__active_format_i_fmt_slice/U6/Y (OR2_X2B_A9TR)                                                                                                          0.01      0.04 *     2.00 r                   0.90
  gemm_unit/u_in_scaler_vec/g_lane_4__u_mul/fpnew_mul/gen_operation_groups_0__i_opgroup_block/gen_parallel_slices_2__active_format_i_fmt_slice/result_o[12] (net)                                                                                                 1                   0.00       2.00 r                   
  gemm_unit/u_in_scaler_vec/g_lane_4__u_mul/fpnew_mul/gen_operation_groups_0__i_opgroup_block/gen_parallel_slices_2__active_format_i_fmt_slice/result_o[12] (fpnew_opgroup_fmt_slice_0_2_00000010_0_00000000_3__logic_Z_1yB__00000000_27)                                             0.00       2.00 r                   
  gemm_unit/u_in_scaler_vec/g_lane_4__u_mul/fpnew_mul/gen_operation_groups_0__i_opgroup_block/fmt_outputs_2__result__12_ (net)                                                                                                                                                        0.00       2.00 r                   
  gemm_unit/u_in_scaler_vec/g_lane_4__u_mul/fpnew_mul/gen_operation_groups_0__i_opgroup_block/i_arbiter/data_i[65] (rr_arb_tree_00000005_1_496242_27)                                                                                                                                 0.00       2.00 r                   
  gemm_unit/u_in_scaler_vec/g_lane_4__u_mul/fpnew_mul/gen_operation_groups_0__i_opgroup_block/i_arbiter/data_i[65] (net)                                                                                                                                                              0.00       2.00 r                   
  gemm_unit/u_in_scaler_vec/g_lane_4__u_mul/fpnew_mul/gen_operation_groups_0__i_opgroup_block/i_arbiter/U23/Y (AND2_X3B_A9TR)                                                                                                                                               0.02      0.04 *     2.04 r                   0.90
  gemm_unit/u_in_scaler_vec/g_lane_4__u_mul/fpnew_mul/gen_operation_groups_0__i_opgroup_block/i_arbiter/data_o[19] (net)                                                                                                                                          1                   0.00       2.04 r                   
  gemm_unit/u_in_scaler_vec/g_lane_4__u_mul/fpnew_mul/gen_operation_groups_0__i_opgroup_block/i_arbiter/data_o[19] (rr_arb_tree_00000005_1_496242_27)                                                                                                                                 0.00       2.04 r                   
  gemm_unit/u_in_scaler_vec/g_lane_4__u_mul/fpnew_mul/gen_operation_groups_0__i_opgroup_block/result_o[12] (net)                                                                                                                                                                      0.00       2.04 r                   
  gemm_unit/u_in_scaler_vec/g_lane_4__u_mul/fpnew_mul/gen_operation_groups_0__i_opgroup_block/result_o[12] (fpnew_opgroup_block_0_00000010_0_2_04_2_155_3__logic_Z_1yB__00000000_388949_27)                                                                                           0.00       2.04 r                   
  gemm_unit/u_in_scaler_vec/g_lane_4__u_mul/fpnew_mul/opgrp_outputs[12] (net)                                                                                                                                                                                                         0.00       2.04 r                   
  gemm_unit/u_in_scaler_vec/g_lane_4__u_mul/fpnew_mul/i_arbiter/data_i[18] (rr_arb_tree_00000004_1_840242_27)                                                                                                                                                                         0.00       2.04 r                   
  gemm_unit/u_in_scaler_vec/g_lane_4__u_mul/fpnew_mul/i_arbiter/data_i[18] (net)                                                                                                                                                                                                      0.00       2.04 r                   
  gemm_unit/u_in_scaler_vec/g_lane_4__u_mul/fpnew_mul/i_arbiter/U25/Y (AND2_X3M_A9TR)                                                                                                                                                                                       0.02      0.03 *     2.07 r                   0.90
  gemm_unit/u_in_scaler_vec/g_lane_4__u_mul/fpnew_mul/i_arbiter/data_o[18] (net)                                                                                                                                                                                  1                   0.00       2.07 r                   
  gemm_unit/u_in_scaler_vec/g_lane_4__u_mul/fpnew_mul/i_arbiter/data_o[18] (rr_arb_tree_00000004_1_840242_27)                                                                                                                                                                         0.00       2.07 r                   
  gemm_unit/u_in_scaler_vec/g_lane_4__u_mul/fpnew_mul/result_o[12] (net)                                                                                                                                                                                                              0.00       2.07 r                   
  gemm_unit/u_in_scaler_vec/g_lane_4__u_mul/fpnew_mul/result_o[12] (fpnew_top_00000008042__logic_Z_1yB__566949_27)                                                                                                                                                                    0.00       2.07 r                   
  gemm_unit/u_in_scaler_vec/g_lane_4__u_mul/fpnew_result[12] (net)                                                                                                                                                                                                                    0.00       2.07 r                   
  gemm_unit/u_in_scaler_vec/g_lane_4__u_mul/result_buffer/data_in[12] (VX_elastic_buffer_6_27)                                                                                                                                                                                        0.00       2.07 r                   
  gemm_unit/u_in_scaler_vec/g_lane_4__u_mul/result_buffer/data_in[12] (net)                                                                                                                                                                                                           0.00       2.07 r                   
  gemm_unit/u_in_scaler_vec/g_lane_4__u_mul/result_buffer/g_eb1_pipe_buffer/data_in[12] (VX_pipe_buffer_17_27)                                                                                                                                                                        0.00       2.07 r                   
  gemm_unit/u_in_scaler_vec/g_lane_4__u_mul/result_buffer/g_eb1_pipe_buffer/data_in[12] (net)                                                                                                                                                                                         0.00       2.07 r                   
  gemm_unit/u_in_scaler_vec/g_lane_4__u_mul/result_buffer/g_eb1_pipe_buffer/g_register_g_pipe_regs_0__pipe_register/data_in[12] (VX_pipe_register_13_27)                                                                                                                              0.00       2.07 r                   
  gemm_unit/u_in_scaler_vec/g_lane_4__u_mul/result_buffer/g_eb1_pipe_buffer/g_register_g_pipe_regs_0__pipe_register/data_in[12] (net)                                                                                                                                                 0.00       2.07 r                   
  gemm_unit/u_in_scaler_vec/g_lane_4__u_mul/result_buffer/g_eb1_pipe_buffer/g_register_g_pipe_regs_0__pipe_register/g_shift_register/data_in[12] (VX_shift_register_17_1_1_0_27)                                                                                                      0.00       2.07 r                   
  gemm_unit/u_in_scaler_vec/g_lane_4__u_mul/result_buffer/g_eb1_pipe_buffer/g_register_g_pipe_regs_0__pipe_register/g_shift_register/data_in[12] (net)                                                                                                                                0.00       2.07 r                   
  gemm_unit/u_in_scaler_vec/g_lane_4__u_mul/result_buffer/g_eb1_pipe_buffer/g_register_g_pipe_regs_0__pipe_register/g_shift_register/g_shift_pipe_reg_0__12_/D (DFFQ_X3M_A9TR)                                                                                              0.02      0.00 *     2.07 r                   0.90
  data arrival time                                                                                                                                                                                                                                                                              2.07                     

  clock CLK (rise edge)                                                                                                                                                                                                                                                               1.00       1.00                     
  clock network delay (ideal)                                                                                                                                                                                                                                                         0.00       1.00                     
  gemm_unit/u_in_scaler_vec/g_lane_4__u_mul/result_buffer/g_eb1_pipe_buffer/g_register_g_pipe_regs_0__pipe_register/g_shift_register/g_shift_pipe_reg_0__12_/CK (DFFQ_X3M_A9TR)                                                                                                       0.00       1.00 r                   
  library setup time                                                                                                                                                                                                                                                                 -0.02       0.98                     
  data required time                                                                                                                                                                                                                                                                             0.98                     
  -------------------------------------------------------------------------------------------------------------------------------------------------------------------------------------------------------------------------------------------------------------------------------------------------------------------------------------
  data required time                                                                                                                                                                                                                                                                             0.98                     
  data arrival time                                                                                                                                                                                                                                                                             -2.07                     
  -------------------------------------------------------------------------------------------------------------------------------------------------------------------------------------------------------------------------------------------------------------------------------------------------------------------------------------
  slack (VIOLATED)                                                                                                                                                                                                                                                                              -1.09                     


  Startpoint: gemm_unit/u_in_scaler_vec/g_lane_27__u_mul/input_buffer/g_eb1_pipe_buffer/g_register_g_pipe_regs_0__pipe_register/g_shift_register/g_shift_pipe_reg_0__17_
              (rising edge-triggered flip-flop clocked by CLK)
  Endpoint: gemm_unit/u_in_scaler_vec/g_lane_27__u_mul/result_buffer/g_eb1_pipe_buffer/g_register_g_pipe_regs_0__pipe_register/g_shift_register/g_shift_pipe_reg_0__9_
            (rising edge-triggered flip-flop clocked by CLK)
  Scenario: mode_norm.OC_rvt_ss_0p900v_125c
  Path Group: CLK
  Path Type: max

Attributes:
    d - dont_touch
    u - dont_use
   mo - map_only
   so - size_only
    i - ideal_net or ideal_network
  inf - infeasible path

  Point                                                                                                                                                                                                                                                         Fanout     Trans      Incr       Path      Attributes     Voltage
  -------------------------------------------------------------------------------------------------------------------------------------------------------------------------------------------------------------------------------------------------------------------------------------------------------------------------------------
  clock CLK (rise edge)                                                                                                                                                                                                                                                               0.00       0.00                     
  clock network delay (ideal)                                                                                                                                                                                                                                                         0.00       0.00                     
  gemm_unit/u_in_scaler_vec/g_lane_27__u_mul/input_buffer/g_eb1_pipe_buffer/g_register_g_pipe_regs_0__pipe_register/g_shift_register/g_shift_pipe_reg_0__17_/CK (DFFQ_X4M_A9TR)                                                                                             0.00      0.00       0.00 r    i              0.90
  gemm_unit/u_in_scaler_vec/g_lane_27__u_mul/input_buffer/g_eb1_pipe_buffer/g_register_g_pipe_regs_0__pipe_register/g_shift_register/g_shift_pipe_reg_0__17_/Q (DFFQ_X4M_A9TR)                                                                                              0.02      0.09       0.09 r                   0.90
  gemm_unit/u_in_scaler_vec/g_lane_27__u_mul/input_buffer/g_eb1_pipe_buffer/g_register_g_pipe_regs_0__pipe_register/g_shift_register/data_out[17] (net)                                                                                                           1                   0.00       0.09 r                   
  gemm_unit/u_in_scaler_vec/g_lane_27__u_mul/input_buffer/g_eb1_pipe_buffer/g_register_g_pipe_regs_0__pipe_register/g_shift_register/data_out[17] (VX_shift_register_33_1_1_0_100)                                                                                                    0.00       0.09 r                   
  gemm_unit/u_in_scaler_vec/g_lane_27__u_mul/input_buffer/g_eb1_pipe_buffer/g_register_g_pipe_regs_0__pipe_register/data_out[17] (net)                                                                                                                                                0.00       0.09 r                   
  gemm_unit/u_in_scaler_vec/g_lane_27__u_mul/input_buffer/g_eb1_pipe_buffer/g_register_g_pipe_regs_0__pipe_register/data_out[17] (VX_pipe_register_12_100)                                                                                                                            0.00       0.09 r                   
  gemm_unit/u_in_scaler_vec/g_lane_27__u_mul/input_buffer/g_eb1_pipe_buffer/data_out[17] (net)                                                                                                                                                                                        0.00       0.09 r                   
  gemm_unit/u_in_scaler_vec/g_lane_27__u_mul/input_buffer/g_eb1_pipe_buffer/data_out[17] (VX_pipe_buffer_16_100)                                                                                                                                                                      0.00       0.09 r                   
  gemm_unit/u_in_scaler_vec/g_lane_27__u_mul/input_buffer/data_out[17] (net)                                                                                                                                                                                                          0.00       0.09 r                   
  gemm_unit/u_in_scaler_vec/g_lane_27__u_mul/input_buffer/data_out[17] (VX_elastic_buffer_5_4)                                                                                                                                                                                        0.00       0.09 r                   
  gemm_unit/u_in_scaler_vec/g_lane_27__u_mul/fpnew_inputs_data[17] (net)                                                                                                                                                                                                              0.00       0.09 r                   
  gemm_unit/u_in_scaler_vec/g_lane_27__u_mul/fpnew_mul/operands_i[17] (fpnew_top_00000008042__logic_Z_1yB__566949_4)                                                                                                                                                                  0.00       0.09 r                   
  gemm_unit/u_in_scaler_vec/g_lane_27__u_mul/fpnew_mul/operands_i[17] (net)                                                                                                                                                                                                           0.00       0.09 r                   
  gemm_unit/u_in_scaler_vec/g_lane_27__u_mul/fpnew_mul/gen_operation_groups_0__i_opgroup_block/operands_i[17] (fpnew_opgroup_block_0_00000010_0_2_04_2_155_3__logic_Z_1yB__00000000_388949_4)                                                                                         0.00       0.09 r                   
  gemm_unit/u_in_scaler_vec/g_lane_27__u_mul/fpnew_mul/gen_operation_groups_0__i_opgroup_block/operands_i[17] (net)                                                                                                                                                                   0.00       0.09 r                   
  gemm_unit/u_in_scaler_vec/g_lane_27__u_mul/fpnew_mul/gen_operation_groups_0__i_opgroup_block/U8/Y (BUF_X16M_A9TR)                                                                                                                                                         0.03      0.04 *     0.13 r                   0.90
  gemm_unit/u_in_scaler_vec/g_lane_27__u_mul/fpnew_mul/gen_operation_groups_0__i_opgroup_block/n51 (net)                                                                                                                                                         17                   0.00       0.13 r                   
  gemm_unit/u_in_scaler_vec/g_lane_27__u_mul/fpnew_mul/gen_operation_groups_0__i_opgroup_block/gen_parallel_slices_2__active_format_i_fmt_slice/operands_i[17] (fpnew_opgroup_fmt_slice_0_2_00000010_0_00000000_3__logic_Z_1yB__00000000_4)                                           0.00       0.13 r                   
  gemm_unit/u_in_scaler_vec/g_lane_27__u_mul/fpnew_mul/gen_operation_groups_0__i_opgroup_block/gen_parallel_slices_2__active_format_i_fmt_slice/operands_i[17] (net)                                                                                                                  0.00       0.13 r                   
  gemm_unit/u_in_scaler_vec/g_lane_27__u_mul/fpnew_mul/gen_operation_groups_0__i_opgroup_block/gen_parallel_slices_2__active_format_i_fmt_slice/gen_num_lanes_0__active_lane_lane_instance_i_fma/operands_i[17] (fpnew_fma_2_00000000_3__logic_Z_1yB___logic_Z_1yB__4)                0.00       0.13 r                   
  gemm_unit/u_in_scaler_vec/g_lane_27__u_mul/fpnew_mul/gen_operation_groups_0__i_opgroup_block/gen_parallel_slices_2__active_format_i_fmt_slice/gen_num_lanes_0__active_lane_lane_instance_i_fma/operands_i[17] (net)                                                                 0.00       0.13 r                   
  gemm_unit/u_in_scaler_vec/g_lane_27__u_mul/fpnew_mul/gen_operation_groups_0__i_opgroup_block/gen_parallel_slices_2__active_format_i_fmt_slice/gen_num_lanes_0__active_lane_lane_instance_i_fma/U193/Y (XNOR2_X0P5M_A9TR)                                                  0.08      0.07 *     0.21 r                   0.90
  gemm_unit/u_in_scaler_vec/g_lane_27__u_mul/fpnew_mul/gen_operation_groups_0__i_opgroup_block/gen_parallel_slices_2__active_format_i_fmt_slice/gen_num_lanes_0__active_lane_lane_instance_i_fma/n507 (net)                                                       2                   0.00       0.21 r                   
  gemm_unit/u_in_scaler_vec/g_lane_27__u_mul/fpnew_mul/gen_operation_groups_0__i_opgroup_block/gen_parallel_slices_2__active_format_i_fmt_slice/gen_num_lanes_0__active_lane_lane_instance_i_fma/U194/Y (OAI22_X0P7M_A9TR)                                                  0.07      0.07 *     0.28 f                   0.90
  gemm_unit/u_in_scaler_vec/g_lane_27__u_mul/fpnew_mul/gen_operation_groups_0__i_opgroup_block/gen_parallel_slices_2__active_format_i_fmt_slice/gen_num_lanes_0__active_lane_lane_instance_i_fma/n533 (net)                                                       1                   0.00       0.28 f                   
  gemm_unit/u_in_scaler_vec/g_lane_27__u_mul/fpnew_mul/gen_operation_groups_0__i_opgroup_block/gen_parallel_slices_2__active_format_i_fmt_slice/gen_num_lanes_0__active_lane_lane_instance_i_fma/U225/SUM (ADDFH_X1P4M_A9TR)                                                0.03      0.13 *     0.40 f                   0.90
  gemm_unit/u_in_scaler_vec/g_lane_27__u_mul/fpnew_mul/gen_operation_groups_0__i_opgroup_block/gen_parallel_slices_2__active_format_i_fmt_slice/gen_num_lanes_0__active_lane_lane_instance_i_fma/n528 (net)                                                       2                   0.00       0.40 f                   
  gemm_unit/u_in_scaler_vec/g_lane_27__u_mul/fpnew_mul/gen_operation_groups_0__i_opgroup_block/gen_parallel_slices_2__active_format_i_fmt_slice/gen_num_lanes_0__active_lane_lane_instance_i_fma/U568/Y (INV_X2B_A9TR)                                                      0.02      0.02 *     0.42 r                   0.90
  gemm_unit/u_in_scaler_vec/g_lane_27__u_mul/fpnew_mul/gen_operation_groups_0__i_opgroup_block/gen_parallel_slices_2__active_format_i_fmt_slice/gen_num_lanes_0__active_lane_lane_instance_i_fma/n1673 (net)                                                      1                   0.00       0.42 r                   
  gemm_unit/u_in_scaler_vec/g_lane_27__u_mul/fpnew_mul/gen_operation_groups_0__i_opgroup_block/gen_parallel_slices_2__active_format_i_fmt_slice/gen_num_lanes_0__active_lane_lane_instance_i_fma/U304/Y (NAND2_X2B_A9TR)                                                    0.02      0.02 *     0.44 f                   0.90
  gemm_unit/u_in_scaler_vec/g_lane_27__u_mul/fpnew_mul/gen_operation_groups_0__i_opgroup_block/gen_parallel_slices_2__active_format_i_fmt_slice/gen_num_lanes_0__active_lane_lane_instance_i_fma/n1678 (net)                                                      2                   0.00       0.44 f                   
  gemm_unit/u_in_scaler_vec/g_lane_27__u_mul/fpnew_mul/gen_operation_groups_0__i_opgroup_block/gen_parallel_slices_2__active_format_i_fmt_slice/gen_num_lanes_0__active_lane_lane_instance_i_fma/U877/Y (INV_X2B_A9TR)                                                      0.02      0.02 *     0.46 r                   0.90
  gemm_unit/u_in_scaler_vec/g_lane_27__u_mul/fpnew_mul/gen_operation_groups_0__i_opgroup_block/gen_parallel_slices_2__active_format_i_fmt_slice/gen_num_lanes_0__active_lane_lane_instance_i_fma/n1672 (net)                                                      1                   0.00       0.46 r                   
  gemm_unit/u_in_scaler_vec/g_lane_27__u_mul/fpnew_mul/gen_operation_groups_0__i_opgroup_block/gen_parallel_slices_2__active_format_i_fmt_slice/gen_num_lanes_0__active_lane_lane_instance_i_fma/U60/Y (OAI21_X4M_A9TR)                                                     0.03      0.03 *     0.49 f                   0.90
  gemm_unit/u_in_scaler_vec/g_lane_27__u_mul/fpnew_mul/gen_operation_groups_0__i_opgroup_block/gen_parallel_slices_2__active_format_i_fmt_slice/gen_num_lanes_0__active_lane_lane_instance_i_fma/n749 (net)                                                       2                   0.00       0.49 f                   
  gemm_unit/u_in_scaler_vec/g_lane_27__u_mul/fpnew_mul/gen_operation_groups_0__i_opgroup_block/gen_parallel_slices_2__active_format_i_fmt_slice/gen_num_lanes_0__active_lane_lane_instance_i_fma/U822/Y (AOI21_X4M_A9TR)                                                    0.05      0.04 *     0.53 r                   0.90
  gemm_unit/u_in_scaler_vec/g_lane_27__u_mul/fpnew_mul/gen_operation_groups_0__i_opgroup_block/gen_parallel_slices_2__active_format_i_fmt_slice/gen_num_lanes_0__active_lane_lane_instance_i_fma/n745 (net)                                                       2                   0.00       0.53 r                   
  gemm_unit/u_in_scaler_vec/g_lane_27__u_mul/fpnew_mul/gen_operation_groups_0__i_opgroup_block/gen_parallel_slices_2__active_format_i_fmt_slice/gen_num_lanes_0__active_lane_lane_instance_i_fma/U1126/Y (OAI21_X4M_A9TR)                                                   0.03      0.03 *     0.56 f                   0.90
  gemm_unit/u_in_scaler_vec/g_lane_27__u_mul/fpnew_mul/gen_operation_groups_0__i_opgroup_block/gen_parallel_slices_2__active_format_i_fmt_slice/gen_num_lanes_0__active_lane_lane_instance_i_fma/n711 (net)                                                       2                   0.00       0.56 f                   
  gemm_unit/u_in_scaler_vec/g_lane_27__u_mul/fpnew_mul/gen_operation_groups_0__i_opgroup_block/gen_parallel_slices_2__active_format_i_fmt_slice/gen_num_lanes_0__active_lane_lane_instance_i_fma/U244/Y (AOI21_X4M_A9TR)                                                    0.05      0.05 *     0.61 r                   0.90
  gemm_unit/u_in_scaler_vec/g_lane_27__u_mul/fpnew_mul/gen_operation_groups_0__i_opgroup_block/gen_parallel_slices_2__active_format_i_fmt_slice/gen_num_lanes_0__active_lane_lane_instance_i_fma/n730 (net)                                                       2                   0.00       0.61 r                   
  gemm_unit/u_in_scaler_vec/g_lane_27__u_mul/fpnew_mul/gen_operation_groups_0__i_opgroup_block/gen_parallel_slices_2__active_format_i_fmt_slice/gen_num_lanes_0__active_lane_lane_instance_i_fma/U246/Y (OAI21_X6M_A9TR)                                                    0.04      0.04 *     0.65 f                   0.90
  gemm_unit/u_in_scaler_vec/g_lane_27__u_mul/fpnew_mul/gen_operation_groups_0__i_opgroup_block/gen_parallel_slices_2__active_format_i_fmt_slice/gen_num_lanes_0__active_lane_lane_instance_i_fma/n722 (net)                                                       3                   0.00       0.65 f                   
  gemm_unit/u_in_scaler_vec/g_lane_27__u_mul/fpnew_mul/gen_operation_groups_0__i_opgroup_block/gen_parallel_slices_2__active_format_i_fmt_slice/gen_num_lanes_0__active_lane_lane_instance_i_fma/U259/Y (AOI21_X8M_A9TR)                                                    0.07      0.06 *     0.71 r                   0.90
  gemm_unit/u_in_scaler_vec/g_lane_27__u_mul/fpnew_mul/gen_operation_groups_0__i_opgroup_block/gen_parallel_slices_2__active_format_i_fmt_slice/gen_num_lanes_0__active_lane_lane_instance_i_fma/n626 (net)                                                       5                   0.00       0.71 r                   
  gemm_unit/u_in_scaler_vec/g_lane_27__u_mul/fpnew_mul/gen_operation_groups_0__i_opgroup_block/gen_parallel_slices_2__active_format_i_fmt_slice/gen_num_lanes_0__active_lane_lane_instance_i_fma/U623/Y (OA1B2_X4M_A9TR)                                                    0.04      0.07 *     0.77 r                   0.90
  gemm_unit/u_in_scaler_vec/g_lane_27__u_mul/fpnew_mul/gen_operation_groups_0__i_opgroup_block/gen_parallel_slices_2__active_format_i_fmt_slice/gen_num_lanes_0__active_lane_lane_instance_i_fma/n1830 (net)                                                      1                   0.00       0.77 r                   
  gemm_unit/u_in_scaler_vec/g_lane_27__u_mul/fpnew_mul/gen_operation_groups_0__i_opgroup_block/gen_parallel_slices_2__active_format_i_fmt_slice/gen_num_lanes_0__active_lane_lane_instance_i_fma/U1289/Y (XOR2_X4M_A9TR)                                                    0.10      0.05 *     0.82 r                   0.90
  gemm_unit/u_in_scaler_vec/g_lane_27__u_mul/fpnew_mul/gen_operation_groups_0__i_opgroup_block/gen_parallel_slices_2__active_format_i_fmt_slice/gen_num_lanes_0__active_lane_lane_instance_i_fma/sum_pos[16] (net)                                                7                   0.00       0.82 r                   
  gemm_unit/u_in_scaler_vec/g_lane_27__u_mul/fpnew_mul/gen_operation_groups_0__i_opgroup_block/gen_parallel_slices_2__active_format_i_fmt_slice/gen_num_lanes_0__active_lane_lane_instance_i_fma/i_lzc/in_i[16] (lzc_00000019_1_4)                                                    0.00       0.82 r                   
  gemm_unit/u_in_scaler_vec/g_lane_27__u_mul/fpnew_mul/gen_operation_groups_0__i_opgroup_block/gen_parallel_slices_2__active_format_i_fmt_slice/gen_num_lanes_0__active_lane_lane_instance_i_fma/i_lzc/in_i[16] (net)                                                                 0.00       0.82 r                   
  gemm_unit/u_in_scaler_vec/g_lane_27__u_mul/fpnew_mul/gen_operation_groups_0__i_opgroup_block/gen_parallel_slices_2__active_format_i_fmt_slice/gen_num_lanes_0__active_lane_lane_instance_i_fma/i_lzc/U55/Y (INV_X2M_A9TR)                                                 0.03      0.03 *     0.85 f                   0.90
  gemm_unit/u_in_scaler_vec/g_lane_27__u_mul/fpnew_mul/gen_operation_groups_0__i_opgroup_block/gen_parallel_slices_2__active_format_i_fmt_slice/gen_num_lanes_0__active_lane_lane_instance_i_fma/i_lzc/n119 (net)                                                 2                   0.00       0.85 f                   
  gemm_unit/u_in_scaler_vec/g_lane_27__u_mul/fpnew_mul/gen_operation_groups_0__i_opgroup_block/gen_parallel_slices_2__active_format_i_fmt_slice/gen_num_lanes_0__active_lane_lane_instance_i_fma/i_lzc/U56/Y (AOI31_X1M_A9TR)                                               0.06      0.05 *     0.90 r                   0.90
  gemm_unit/u_in_scaler_vec/g_lane_27__u_mul/fpnew_mul/gen_operation_groups_0__i_opgroup_block/gen_parallel_slices_2__active_format_i_fmt_slice/gen_num_lanes_0__active_lane_lane_instance_i_fma/i_lzc/n110 (net)                                                 1                   0.00       0.90 r                   
  gemm_unit/u_in_scaler_vec/g_lane_27__u_mul/fpnew_mul/gen_operation_groups_0__i_opgroup_block/gen_parallel_slices_2__active_format_i_fmt_slice/gen_num_lanes_0__active_lane_lane_instance_i_fma/i_lzc/U57/Y (NAND4_X1A_A9TR)                                               0.06      0.06 *     0.96 f                   0.90
  gemm_unit/u_in_scaler_vec/g_lane_27__u_mul/fpnew_mul/gen_operation_groups_0__i_opgroup_block/gen_parallel_slices_2__active_format_i_fmt_slice/gen_num_lanes_0__active_lane_lane_instance_i_fma/i_lzc/n113 (net)                                                 1                   0.00       0.96 f                   
  gemm_unit/u_in_scaler_vec/g_lane_27__u_mul/fpnew_mul/gen_operation_groups_0__i_opgroup_block/gen_parallel_slices_2__active_format_i_fmt_slice/gen_num_lanes_0__active_lane_lane_instance_i_fma/i_lzc/U72/Y (NAND4_X2A_A9TR)                                               0.05      0.05 *     1.01 r                   0.90
  gemm_unit/u_in_scaler_vec/g_lane_27__u_mul/fpnew_mul/gen_operation_groups_0__i_opgroup_block/gen_parallel_slices_2__active_format_i_fmt_slice/gen_num_lanes_0__active_lane_lane_instance_i_fma/i_lzc/n118 (net)                                                 1                   0.00       1.01 r                   
  gemm_unit/u_in_scaler_vec/g_lane_27__u_mul/fpnew_mul/gen_operation_groups_0__i_opgroup_block/gen_parallel_slices_2__active_format_i_fmt_slice/gen_num_lanes_0__active_lane_lane_instance_i_fma/i_lzc/U54/Y (NAND2_X4B_A9TR)                                               0.04      0.04 *     1.05 f                   0.90
  gemm_unit/u_in_scaler_vec/g_lane_27__u_mul/fpnew_mul/gen_operation_groups_0__i_opgroup_block/gen_parallel_slices_2__active_format_i_fmt_slice/gen_num_lanes_0__active_lane_lane_instance_i_fma/i_lzc/cnt_o[2] (net)                                             7                   0.00       1.05 f                   
  gemm_unit/u_in_scaler_vec/g_lane_27__u_mul/fpnew_mul/gen_operation_groups_0__i_opgroup_block/gen_parallel_slices_2__active_format_i_fmt_slice/gen_num_lanes_0__active_lane_lane_instance_i_fma/i_lzc/cnt_o[2] (lzc_00000019_1_4)                                                    0.00       1.05 f                   
  gemm_unit/u_in_scaler_vec/g_lane_27__u_mul/fpnew_mul/gen_operation_groups_0__i_opgroup_block/gen_parallel_slices_2__active_format_i_fmt_slice/gen_num_lanes_0__active_lane_lane_instance_i_fma/leading_zero_count[2] (net)                                                          0.00       1.05 f                   
  gemm_unit/u_in_scaler_vec/g_lane_27__u_mul/fpnew_mul/gen_operation_groups_0__i_opgroup_block/gen_parallel_slices_2__active_format_i_fmt_slice/gen_num_lanes_0__active_lane_lane_instance_i_fma/U58/Y (AOI2XB1_X6M_A9TR)                                                   0.04      0.04 *     1.09 r                   0.90
  gemm_unit/u_in_scaler_vec/g_lane_27__u_mul/fpnew_mul/gen_operation_groups_0__i_opgroup_block/gen_parallel_slices_2__active_format_i_fmt_slice/gen_num_lanes_0__active_lane_lane_instance_i_fma/n1684 (net)                                                      2                   0.00       1.09 r                   
  gemm_unit/u_in_scaler_vec/g_lane_27__u_mul/fpnew_mul/gen_operation_groups_0__i_opgroup_block/gen_parallel_slices_2__active_format_i_fmt_slice/gen_num_lanes_0__active_lane_lane_instance_i_fma/U239/Y (NAND3_X3A_A9TR)                                                    0.04      0.04 *     1.13 f                   0.90
  gemm_unit/u_in_scaler_vec/g_lane_27__u_mul/fpnew_mul/gen_operation_groups_0__i_opgroup_block/gen_parallel_slices_2__active_format_i_fmt_slice/gen_num_lanes_0__active_lane_lane_instance_i_fma/n886 (net)                                                       2                   0.00       1.13 f                   
  gemm_unit/u_in_scaler_vec/g_lane_27__u_mul/fpnew_mul/gen_operation_groups_0__i_opgroup_block/gen_parallel_slices_2__active_format_i_fmt_slice/gen_num_lanes_0__active_lane_lane_instance_i_fma/U290/Y (NAND2_X3A_A9TR)                                                    0.03      0.03 *     1.16 r                   0.90
  gemm_unit/u_in_scaler_vec/g_lane_27__u_mul/fpnew_mul/gen_operation_groups_0__i_opgroup_block/gen_parallel_slices_2__active_format_i_fmt_slice/gen_num_lanes_0__active_lane_lane_instance_i_fma/n958 (net)                                                       2                   0.00       1.16 r                   
  gemm_unit/u_in_scaler_vec/g_lane_27__u_mul/fpnew_mul/gen_operation_groups_0__i_opgroup_block/gen_parallel_slices_2__active_format_i_fmt_slice/gen_num_lanes_0__active_lane_lane_instance_i_fma/U1262/Y (AOI21_X4M_A9TR)                                                   0.04      0.03 *     1.19 f                   0.90
  gemm_unit/u_in_scaler_vec/g_lane_27__u_mul/fpnew_mul/gen_operation_groups_0__i_opgroup_block/gen_parallel_slices_2__active_format_i_fmt_slice/gen_num_lanes_0__active_lane_lane_instance_i_fma/n1794 (net)                                                      1                   0.00       1.19 f                   
  gemm_unit/u_in_scaler_vec/g_lane_27__u_mul/fpnew_mul/gen_operation_groups_0__i_opgroup_block/gen_parallel_slices_2__active_format_i_fmt_slice/gen_num_lanes_0__active_lane_lane_instance_i_fma/U1036/Y (NAND2_X4B_A9TR)                                                   0.04      0.04 *     1.22 r                   0.90
  gemm_unit/u_in_scaler_vec/g_lane_27__u_mul/fpnew_mul/gen_operation_groups_0__i_opgroup_block/gen_parallel_slices_2__active_format_i_fmt_slice/gen_num_lanes_0__active_lane_lane_instance_i_fma/n1741 (net)                                                      2                   0.00       1.22 r                   
  gemm_unit/u_in_scaler_vec/g_lane_27__u_mul/fpnew_mul/gen_operation_groups_0__i_opgroup_block/gen_parallel_slices_2__active_format_i_fmt_slice/gen_num_lanes_0__active_lane_lane_instance_i_fma/U497/Y (INV_X7P5M_A9TR)                                                    0.03      0.03 *     1.25 f                   0.90
  gemm_unit/u_in_scaler_vec/g_lane_27__u_mul/fpnew_mul/gen_operation_groups_0__i_opgroup_block/gen_parallel_slices_2__active_format_i_fmt_slice/gen_num_lanes_0__active_lane_lane_instance_i_fma/n1867 (net)                                                      6                   0.00       1.25 f                   
  gemm_unit/u_in_scaler_vec/g_lane_27__u_mul/fpnew_mul/gen_operation_groups_0__i_opgroup_block/gen_parallel_slices_2__active_format_i_fmt_slice/gen_num_lanes_0__active_lane_lane_instance_i_fma/U537/Y (NAND2_X6A_A9TR)                                                    0.03      0.03 *     1.28 r                   0.90
  gemm_unit/u_in_scaler_vec/g_lane_27__u_mul/fpnew_mul/gen_operation_groups_0__i_opgroup_block/gen_parallel_slices_2__active_format_i_fmt_slice/gen_num_lanes_0__active_lane_lane_instance_i_fma/n927 (net)                                                       3                   0.00       1.28 r                   
  gemm_unit/u_in_scaler_vec/g_lane_27__u_mul/fpnew_mul/gen_operation_groups_0__i_opgroup_block/gen_parallel_slices_2__active_format_i_fmt_slice/gen_num_lanes_0__active_lane_lane_instance_i_fma/U66/Y (INV_X11M_A9TR)                                                      0.02      0.02 *     1.30 f                   0.90
  gemm_unit/u_in_scaler_vec/g_lane_27__u_mul/fpnew_mul/gen_operation_groups_0__i_opgroup_block/gen_parallel_slices_2__active_format_i_fmt_slice/gen_num_lanes_0__active_lane_lane_instance_i_fma/n1577 (net)                                                     18                   0.00       1.30 f                   
  gemm_unit/u_in_scaler_vec/g_lane_27__u_mul/fpnew_mul/gen_operation_groups_0__i_opgroup_block/gen_parallel_slices_2__active_format_i_fmt_slice/gen_num_lanes_0__active_lane_lane_instance_i_fma/U696/Y (AOI22_X2M_A9TR)                                                    0.06      0.05 *     1.35 r                   0.90
  gemm_unit/u_in_scaler_vec/g_lane_27__u_mul/fpnew_mul/gen_operation_groups_0__i_opgroup_block/gen_parallel_slices_2__active_format_i_fmt_slice/gen_num_lanes_0__active_lane_lane_instance_i_fma/n1295 (net)                                                      2                   0.00       1.35 r                   
  gemm_unit/u_in_scaler_vec/g_lane_27__u_mul/fpnew_mul/gen_operation_groups_0__i_opgroup_block/gen_parallel_slices_2__active_format_i_fmt_slice/gen_num_lanes_0__active_lane_lane_instance_i_fma/U456/Y (NAND2_X1M_A9TR)                                                    0.03      0.03 *     1.38 f                   0.90
  gemm_unit/u_in_scaler_vec/g_lane_27__u_mul/fpnew_mul/gen_operation_groups_0__i_opgroup_block/gen_parallel_slices_2__active_format_i_fmt_slice/gen_num_lanes_0__active_lane_lane_instance_i_fma/n1042 (net)                                                      1                   0.00       1.38 f                   
  gemm_unit/u_in_scaler_vec/g_lane_27__u_mul/fpnew_mul/gen_operation_groups_0__i_opgroup_block/gen_parallel_slices_2__active_format_i_fmt_slice/gen_num_lanes_0__active_lane_lane_instance_i_fma/U698/Y (NAND2XB_X2M_A9TR)                                                  0.06      0.05 *     1.43 r                   0.90
  gemm_unit/u_in_scaler_vec/g_lane_27__u_mul/fpnew_mul/gen_operation_groups_0__i_opgroup_block/gen_parallel_slices_2__active_format_i_fmt_slice/gen_num_lanes_0__active_lane_lane_instance_i_fma/n1044 (net)                                                      4                   0.00       1.43 r                   
  gemm_unit/u_in_scaler_vec/g_lane_27__u_mul/fpnew_mul/gen_operation_groups_0__i_opgroup_block/gen_parallel_slices_2__active_format_i_fmt_slice/gen_num_lanes_0__active_lane_lane_instance_i_fma/U105/Y (NAND4_X4A_A9TR)                                                    0.05      0.06 *     1.49 f                   0.90
  gemm_unit/u_in_scaler_vec/g_lane_27__u_mul/fpnew_mul/gen_operation_groups_0__i_opgroup_block/gen_parallel_slices_2__active_format_i_fmt_slice/gen_num_lanes_0__active_lane_lane_instance_i_fma/n1594 (net)                                                      2                   0.00       1.49 f                   
  gemm_unit/u_in_scaler_vec/g_lane_27__u_mul/fpnew_mul/gen_operation_groups_0__i_opgroup_block/gen_parallel_slices_2__active_format_i_fmt_slice/gen_num_lanes_0__active_lane_lane_instance_i_fma/U134/Y (INV_X9M_A9TR)                                                      0.04      0.04 *     1.53 r                   0.90
  gemm_unit/u_in_scaler_vec/g_lane_27__u_mul/fpnew_mul/gen_operation_groups_0__i_opgroup_block/gen_parallel_slices_2__active_format_i_fmt_slice/gen_num_lanes_0__active_lane_lane_instance_i_fma/n1584 (net)                                                     16                   0.00       1.53 r                   
  gemm_unit/u_in_scaler_vec/g_lane_27__u_mul/fpnew_mul/gen_operation_groups_0__i_opgroup_block/gen_parallel_slices_2__active_format_i_fmt_slice/gen_num_lanes_0__active_lane_lane_instance_i_fma/U791/Y (NAND2_X2B_A9TR)                                                    0.02      0.02 *     1.55 f                   0.90
  gemm_unit/u_in_scaler_vec/g_lane_27__u_mul/fpnew_mul/gen_operation_groups_0__i_opgroup_block/gen_parallel_slices_2__active_format_i_fmt_slice/gen_num_lanes_0__active_lane_lane_instance_i_fma/n1135 (net)                                                      1                   0.00       1.55 f                   
  gemm_unit/u_in_scaler_vec/g_lane_27__u_mul/fpnew_mul/gen_operation_groups_0__i_opgroup_block/gen_parallel_slices_2__active_format_i_fmt_slice/gen_num_lanes_0__active_lane_lane_instance_i_fma/U792/Y (INV_X2B_A9TR)                                                      0.01      0.01 *     1.57 r                   0.90
  gemm_unit/u_in_scaler_vec/g_lane_27__u_mul/fpnew_mul/gen_operation_groups_0__i_opgroup_block/gen_parallel_slices_2__active_format_i_fmt_slice/gen_num_lanes_0__active_lane_lane_instance_i_fma/n1137 (net)                                                      1                   0.00       1.57 r                   
  gemm_unit/u_in_scaler_vec/g_lane_27__u_mul/fpnew_mul/gen_operation_groups_0__i_opgroup_block/gen_parallel_slices_2__active_format_i_fmt_slice/gen_num_lanes_0__active_lane_lane_instance_i_fma/U794/Y (NAND2_X1M_A9TR)                                                    0.03      0.02 *     1.59 f                   0.90
  gemm_unit/u_in_scaler_vec/g_lane_27__u_mul/fpnew_mul/gen_operation_groups_0__i_opgroup_block/gen_parallel_slices_2__active_format_i_fmt_slice/gen_num_lanes_0__active_lane_lane_instance_i_fma/n1138 (net)                                                      1                   0.00       1.59 f                   
  gemm_unit/u_in_scaler_vec/g_lane_27__u_mul/fpnew_mul/gen_operation_groups_0__i_opgroup_block/gen_parallel_slices_2__active_format_i_fmt_slice/gen_num_lanes_0__active_lane_lane_instance_i_fma/U795/Y (NAND2_X3A_A9TR)                                                    0.04      0.03 *     1.62 r                   0.90
  gemm_unit/u_in_scaler_vec/g_lane_27__u_mul/fpnew_mul/gen_operation_groups_0__i_opgroup_block/gen_parallel_slices_2__active_format_i_fmt_slice/gen_num_lanes_0__active_lane_lane_instance_i_fma/n1378 (net)                                                      3                   0.00       1.62 r                   
  gemm_unit/u_in_scaler_vec/g_lane_27__u_mul/fpnew_mul/gen_operation_groups_0__i_opgroup_block/gen_parallel_slices_2__active_format_i_fmt_slice/gen_num_lanes_0__active_lane_lane_instance_i_fma/U335/Y (BUFH_X1M_A9TR)                                                     0.04      0.04 *     1.66 r                   0.90
  gemm_unit/u_in_scaler_vec/g_lane_27__u_mul/fpnew_mul/gen_operation_groups_0__i_opgroup_block/gen_parallel_slices_2__active_format_i_fmt_slice/gen_num_lanes_0__active_lane_lane_instance_i_fma/n1784 (net)                                                      2                   0.00       1.66 r                   
  gemm_unit/u_in_scaler_vec/g_lane_27__u_mul/fpnew_mul/gen_operation_groups_0__i_opgroup_block/gen_parallel_slices_2__active_format_i_fmt_slice/gen_num_lanes_0__active_lane_lane_instance_i_fma/U618/Y (NAND2_X1B_A9TR)                                                    0.03      0.03 *     1.69 f                   0.90
  gemm_unit/u_in_scaler_vec/g_lane_27__u_mul/fpnew_mul/gen_operation_groups_0__i_opgroup_block/gen_parallel_slices_2__active_format_i_fmt_slice/gen_num_lanes_0__active_lane_lane_instance_i_fma/n1140 (net)                                                      1                   0.00       1.69 f                   
  gemm_unit/u_in_scaler_vec/g_lane_27__u_mul/fpnew_mul/gen_operation_groups_0__i_opgroup_block/gen_parallel_slices_2__active_format_i_fmt_slice/gen_num_lanes_0__active_lane_lane_instance_i_fma/U798/Y (INV_X1M_A9TR)                                                      0.03      0.03 *     1.72 r                   0.90
  gemm_unit/u_in_scaler_vec/g_lane_27__u_mul/fpnew_mul/gen_operation_groups_0__i_opgroup_block/gen_parallel_slices_2__active_format_i_fmt_slice/gen_num_lanes_0__active_lane_lane_instance_i_fma/n1196 (net)                                                      1                   0.00       1.72 r                   
  gemm_unit/u_in_scaler_vec/g_lane_27__u_mul/fpnew_mul/gen_operation_groups_0__i_opgroup_block/gen_parallel_slices_2__active_format_i_fmt_slice/gen_num_lanes_0__active_lane_lane_instance_i_fma/U157/Y (NAND2_X2B_A9TR)                                                    0.03      0.02 *     1.74 f                   0.90
  gemm_unit/u_in_scaler_vec/g_lane_27__u_mul/fpnew_mul/gen_operation_groups_0__i_opgroup_block/gen_parallel_slices_2__active_format_i_fmt_slice/gen_num_lanes_0__active_lane_lane_instance_i_fma/n1602 (net)                                                      1                   0.00       1.74 f                   
  gemm_unit/u_in_scaler_vec/g_lane_27__u_mul/fpnew_mul/gen_operation_groups_0__i_opgroup_block/gen_parallel_slices_2__active_format_i_fmt_slice/gen_num_lanes_0__active_lane_lane_instance_i_fma/U152/Y (NAND2_X4B_A9TR)                                                    0.04      0.03 *     1.77 r                   0.90
  gemm_unit/u_in_scaler_vec/g_lane_27__u_mul/fpnew_mul/gen_operation_groups_0__i_opgroup_block/gen_parallel_slices_2__active_format_i_fmt_slice/gen_num_lanes_0__active_lane_lane_instance_i_fma/pre_round_mantissa[4] (net)                                      4                   0.00       1.77 r                   
  gemm_unit/u_in_scaler_vec/g_lane_27__u_mul/fpnew_mul/gen_operation_groups_0__i_opgroup_block/gen_parallel_slices_2__active_format_i_fmt_slice/gen_num_lanes_0__active_lane_lane_instance_i_fma/i_fpnew_rounding/abs_value_i[4] (fpnew_rounding_0000000f_4)                          0.00       1.77 r                   
  gemm_unit/u_in_scaler_vec/g_lane_27__u_mul/fpnew_mul/gen_operation_groups_0__i_opgroup_block/gen_parallel_slices_2__active_format_i_fmt_slice/gen_num_lanes_0__active_lane_lane_instance_i_fma/i_fpnew_rounding/abs_value_i[4] (net)                                                0.00       1.77 r                   
  gemm_unit/u_in_scaler_vec/g_lane_27__u_mul/fpnew_mul/gen_operation_groups_0__i_opgroup_block/gen_parallel_slices_2__active_format_i_fmt_slice/gen_num_lanes_0__active_lane_lane_instance_i_fma/i_fpnew_rounding/U76/Y (NAND2_X4B_A9TR)                                    0.03      0.03 *     1.79 f                   0.90
  gemm_unit/u_in_scaler_vec/g_lane_27__u_mul/fpnew_mul/gen_operation_groups_0__i_opgroup_block/gen_parallel_slices_2__active_format_i_fmt_slice/gen_num_lanes_0__active_lane_lane_instance_i_fma/i_fpnew_rounding/n97 (net)                                       2                   0.00       1.79 f                   
  gemm_unit/u_in_scaler_vec/g_lane_27__u_mul/fpnew_mul/gen_operation_groups_0__i_opgroup_block/gen_parallel_slices_2__active_format_i_fmt_slice/gen_num_lanes_0__active_lane_lane_instance_i_fma/i_fpnew_rounding/U73/Y (NOR2_X6M_A9TR)                                     0.04      0.03 *     1.83 r                   0.90
  gemm_unit/u_in_scaler_vec/g_lane_27__u_mul/fpnew_mul/gen_operation_groups_0__i_opgroup_block/gen_parallel_slices_2__active_format_i_fmt_slice/gen_num_lanes_0__active_lane_lane_instance_i_fma/i_fpnew_rounding/n163 (net)                                      3                   0.00       1.83 r                   
  gemm_unit/u_in_scaler_vec/g_lane_27__u_mul/fpnew_mul/gen_operation_groups_0__i_opgroup_block/gen_parallel_slices_2__active_format_i_fmt_slice/gen_num_lanes_0__active_lane_lane_instance_i_fma/i_fpnew_rounding/U84/Y (NAND2_X2B_A9TR)                                    0.02      0.02 *     1.85 f                   0.90
  gemm_unit/u_in_scaler_vec/g_lane_27__u_mul/fpnew_mul/gen_operation_groups_0__i_opgroup_block/gen_parallel_slices_2__active_format_i_fmt_slice/gen_num_lanes_0__active_lane_lane_instance_i_fma/i_fpnew_rounding/n111 (net)                                      1                   0.00       1.85 f                   
  gemm_unit/u_in_scaler_vec/g_lane_27__u_mul/fpnew_mul/gen_operation_groups_0__i_opgroup_block/gen_parallel_slices_2__active_format_i_fmt_slice/gen_num_lanes_0__active_lane_lane_instance_i_fma/i_fpnew_rounding/U54/Y (NOR2_X3B_A9TR)                                     0.03      0.03 *     1.88 r                   0.90
  gemm_unit/u_in_scaler_vec/g_lane_27__u_mul/fpnew_mul/gen_operation_groups_0__i_opgroup_block/gen_parallel_slices_2__active_format_i_fmt_slice/gen_num_lanes_0__active_lane_lane_instance_i_fma/i_fpnew_rounding/n129 (net)                                      2                   0.00       1.88 r                   
  gemm_unit/u_in_scaler_vec/g_lane_27__u_mul/fpnew_mul/gen_operation_groups_0__i_opgroup_block/gen_parallel_slices_2__active_format_i_fmt_slice/gen_num_lanes_0__active_lane_lane_instance_i_fma/i_fpnew_rounding/U98/Y (AOI2XB1_X0P7M_A9TR)                                0.04      0.03 *     1.91 f                   0.90
  gemm_unit/u_in_scaler_vec/g_lane_27__u_mul/fpnew_mul/gen_operation_groups_0__i_opgroup_block/gen_parallel_slices_2__active_format_i_fmt_slice/gen_num_lanes_0__active_lane_lane_instance_i_fma/i_fpnew_rounding/abs_rounded_o[9] (net)                          1                   0.00       1.91 f                   
  gemm_unit/u_in_scaler_vec/g_lane_27__u_mul/fpnew_mul/gen_operation_groups_0__i_opgroup_block/gen_parallel_slices_2__active_format_i_fmt_slice/gen_num_lanes_0__active_lane_lane_instance_i_fma/i_fpnew_rounding/abs_rounded_o[9] (fpnew_rounding_0000000f_4)                        0.00       1.91 f                   
  gemm_unit/u_in_scaler_vec/g_lane_27__u_mul/fpnew_mul/gen_operation_groups_0__i_opgroup_block/gen_parallel_slices_2__active_format_i_fmt_slice/gen_num_lanes_0__active_lane_lane_instance_i_fma/rounded_abs[9] (net)                                                                 0.00       1.91 f                   
  gemm_unit/u_in_scaler_vec/g_lane_27__u_mul/fpnew_mul/gen_operation_groups_0__i_opgroup_block/gen_parallel_slices_2__active_format_i_fmt_slice/gen_num_lanes_0__active_lane_lane_instance_i_fma/U1179/Y (AO1B2_X2M_A9TR)                                                   0.02      0.05 *     1.95 f                   0.90
  gemm_unit/u_in_scaler_vec/g_lane_27__u_mul/fpnew_mul/gen_operation_groups_0__i_opgroup_block/gen_parallel_slices_2__active_format_i_fmt_slice/gen_num_lanes_0__active_lane_lane_instance_i_fma/result_o[9] (net)                                                1                   0.00       1.95 f                   
  gemm_unit/u_in_scaler_vec/g_lane_27__u_mul/fpnew_mul/gen_operation_groups_0__i_opgroup_block/gen_parallel_slices_2__active_format_i_fmt_slice/gen_num_lanes_0__active_lane_lane_instance_i_fma/result_o[9] (fpnew_fma_2_00000000_3__logic_Z_1yB___logic_Z_1yB__4)                   0.00       1.95 f                   
  gemm_unit/u_in_scaler_vec/g_lane_27__u_mul/fpnew_mul/gen_operation_groups_0__i_opgroup_block/gen_parallel_slices_2__active_format_i_fmt_slice/gen_num_lanes_0__active_lane_op_result[9] (net)                                                                                       0.00       1.95 f                   
  gemm_unit/u_in_scaler_vec/g_lane_27__u_mul/fpnew_mul/gen_operation_groups_0__i_opgroup_block/gen_parallel_slices_2__active_format_i_fmt_slice/U9/Y (INV_X2M_A9TR)                                                                                                         0.02      0.02 *     1.97 r                   0.90
  gemm_unit/u_in_scaler_vec/g_lane_27__u_mul/fpnew_mul/gen_operation_groups_0__i_opgroup_block/gen_parallel_slices_2__active_format_i_fmt_slice/n51 (net)                                                                                                         1                   0.00       1.97 r                   
  gemm_unit/u_in_scaler_vec/g_lane_27__u_mul/fpnew_mul/gen_operation_groups_0__i_opgroup_block/gen_parallel_slices_2__active_format_i_fmt_slice/U12/Y (NAND2_X2B_A9TR)                                                                                                      0.04      0.01 *     1.98 f                   0.90
  gemm_unit/u_in_scaler_vec/g_lane_27__u_mul/fpnew_mul/gen_operation_groups_0__i_opgroup_block/gen_parallel_slices_2__active_format_i_fmt_slice/result_o[9] (net)                                                                                                 1                   0.00       1.98 f                   
  gemm_unit/u_in_scaler_vec/g_lane_27__u_mul/fpnew_mul/gen_operation_groups_0__i_opgroup_block/gen_parallel_slices_2__active_format_i_fmt_slice/result_o[9] (fpnew_opgroup_fmt_slice_0_2_00000010_0_00000000_3__logic_Z_1yB__00000000_4)                                              0.00       1.98 f                   
  gemm_unit/u_in_scaler_vec/g_lane_27__u_mul/fpnew_mul/gen_operation_groups_0__i_opgroup_block/fmt_outputs_2__result__9_ (net)                                                                                                                                                        0.00       1.98 f                   
  gemm_unit/u_in_scaler_vec/g_lane_27__u_mul/fpnew_mul/gen_operation_groups_0__i_opgroup_block/i_arbiter/data_i[62] (rr_arb_tree_00000005_1_496242_4)                                                                                                                                 0.00       1.98 f                   
  gemm_unit/u_in_scaler_vec/g_lane_27__u_mul/fpnew_mul/gen_operation_groups_0__i_opgroup_block/i_arbiter/data_i[62] (net)                                                                                                                                                             0.00       1.98 f                   
  gemm_unit/u_in_scaler_vec/g_lane_27__u_mul/fpnew_mul/gen_operation_groups_0__i_opgroup_block/i_arbiter/U22/Y (AND2_X2M_A9TR)                                                                                                                                              0.02      0.05 *     2.03 f                   0.90
  gemm_unit/u_in_scaler_vec/g_lane_27__u_mul/fpnew_mul/gen_operation_groups_0__i_opgroup_block/i_arbiter/data_o[16] (net)                                                                                                                                         1                   0.00       2.03 f                   
  gemm_unit/u_in_scaler_vec/g_lane_27__u_mul/fpnew_mul/gen_operation_groups_0__i_opgroup_block/i_arbiter/data_o[16] (rr_arb_tree_00000005_1_496242_4)                                                                                                                                 0.00       2.03 f                   
  gemm_unit/u_in_scaler_vec/g_lane_27__u_mul/fpnew_mul/gen_operation_groups_0__i_opgroup_block/result_o[9] (net)                                                                                                                                                                      0.00       2.03 f                   
  gemm_unit/u_in_scaler_vec/g_lane_27__u_mul/fpnew_mul/gen_operation_groups_0__i_opgroup_block/result_o[9] (fpnew_opgroup_block_0_00000010_0_2_04_2_155_3__logic_Z_1yB__00000000_388949_4)                                                                                            0.00       2.03 f                   
  gemm_unit/u_in_scaler_vec/g_lane_27__u_mul/fpnew_mul/opgrp_outputs[9] (net)                                                                                                                                                                                                         0.00       2.03 f                   
  gemm_unit/u_in_scaler_vec/g_lane_27__u_mul/fpnew_mul/i_arbiter/data_i[15] (rr_arb_tree_00000004_1_840242_4)                                                                                                                                                                         0.00       2.03 f                   
  gemm_unit/u_in_scaler_vec/g_lane_27__u_mul/fpnew_mul/i_arbiter/data_i[15] (net)                                                                                                                                                                                                     0.00       2.03 f                   
  gemm_unit/u_in_scaler_vec/g_lane_27__u_mul/fpnew_mul/i_arbiter/U21/Y (AND2_X2M_A9TR)                                                                                                                                                                                      0.01      0.04 *     2.07 f                   0.90
  gemm_unit/u_in_scaler_vec/g_lane_27__u_mul/fpnew_mul/i_arbiter/data_o[15] (net)                                                                                                                                                                                 1                   0.00       2.07 f                   
  gemm_unit/u_in_scaler_vec/g_lane_27__u_mul/fpnew_mul/i_arbiter/data_o[15] (rr_arb_tree_00000004_1_840242_4)                                                                                                                                                                         0.00       2.07 f                   
  gemm_unit/u_in_scaler_vec/g_lane_27__u_mul/fpnew_mul/result_o[9] (net)                                                                                                                                                                                                              0.00       2.07 f                   
  gemm_unit/u_in_scaler_vec/g_lane_27__u_mul/fpnew_mul/result_o[9] (fpnew_top_00000008042__logic_Z_1yB__566949_4)                                                                                                                                                                     0.00       2.07 f                   
  gemm_unit/u_in_scaler_vec/g_lane_27__u_mul/fpnew_result[9] (net)                                                                                                                                                                                                                    0.00       2.07 f                   
  gemm_unit/u_in_scaler_vec/g_lane_27__u_mul/result_buffer/data_in[9] (VX_elastic_buffer_6_4)                                                                                                                                                                                         0.00       2.07 f                   
  gemm_unit/u_in_scaler_vec/g_lane_27__u_mul/result_buffer/data_in[9] (net)                                                                                                                                                                                                           0.00       2.07 f                   
  gemm_unit/u_in_scaler_vec/g_lane_27__u_mul/result_buffer/g_eb1_pipe_buffer/data_in[9] (VX_pipe_buffer_17_4)                                                                                                                                                                         0.00       2.07 f                   
  gemm_unit/u_in_scaler_vec/g_lane_27__u_mul/result_buffer/g_eb1_pipe_buffer/data_in[9] (net)                                                                                                                                                                                         0.00       2.07 f                   
  gemm_unit/u_in_scaler_vec/g_lane_27__u_mul/result_buffer/g_eb1_pipe_buffer/g_register_g_pipe_regs_0__pipe_register/data_in[9] (VX_pipe_register_13_4)                                                                                                                               0.00       2.07 f                   
  gemm_unit/u_in_scaler_vec/g_lane_27__u_mul/result_buffer/g_eb1_pipe_buffer/g_register_g_pipe_regs_0__pipe_register/data_in[9] (net)                                                                                                                                                 0.00       2.07 f                   
  gemm_unit/u_in_scaler_vec/g_lane_27__u_mul/result_buffer/g_eb1_pipe_buffer/g_register_g_pipe_regs_0__pipe_register/g_shift_register/data_in[9] (VX_shift_register_17_1_1_0_4)                                                                                                       0.00       2.07 f                   
  gemm_unit/u_in_scaler_vec/g_lane_27__u_mul/result_buffer/g_eb1_pipe_buffer/g_register_g_pipe_regs_0__pipe_register/g_shift_register/data_in[9] (net)                                                                                                                                0.00       2.07 f                   
  gemm_unit/u_in_scaler_vec/g_lane_27__u_mul/result_buffer/g_eb1_pipe_buffer/g_register_g_pipe_regs_0__pipe_register/g_shift_register/g_shift_pipe_reg_0__9_/D (DFFQ_X3M_A9TR)                                                                                              0.01      0.00 *     2.07 f                   0.90
  data arrival time                                                                                                                                                                                                                                                                              2.07                     

  clock CLK (rise edge)                                                                                                                                                                                                                                                               1.00       1.00                     
  clock network delay (ideal)                                                                                                                                                                                                                                                         0.00       1.00                     
  gemm_unit/u_in_scaler_vec/g_lane_27__u_mul/result_buffer/g_eb1_pipe_buffer/g_register_g_pipe_regs_0__pipe_register/g_shift_register/g_shift_pipe_reg_0__9_/CK (DFFQ_X3M_A9TR)                                                                                                       0.00       1.00 r                   
  library setup time                                                                                                                                                                                                                                                                 -0.02       0.98                     
  data required time                                                                                                                                                                                                                                                                             0.98                     
  -------------------------------------------------------------------------------------------------------------------------------------------------------------------------------------------------------------------------------------------------------------------------------------------------------------------------------------
  data required time                                                                                                                                                                                                                                                                             0.98                     
  data arrival time                                                                                                                                                                                                                                                                             -2.07                     
  -------------------------------------------------------------------------------------------------------------------------------------------------------------------------------------------------------------------------------------------------------------------------------------------------------------------------------------
  slack (VIOLATED)                                                                                                                                                                                                                                                                              -1.09                     


  Startpoint: gemm_unit/u_in_scaler_vec/g_lane_31__u_mul/input_buffer/g_eb1_pipe_buffer/g_register_g_pipe_regs_0__pipe_register/g_shift_register/g_shift_pipe_reg_0__10_
              (rising edge-triggered flip-flop clocked by CLK)
  Endpoint: gemm_unit/u_in_scaler_vec/g_lane_31__u_mul/result_buffer/g_eb1_pipe_buffer/g_register_g_pipe_regs_0__pipe_register/g_shift_register/g_shift_pipe_reg_0__10_
            (rising edge-triggered flip-flop clocked by CLK)
  Scenario: mode_norm.OC_rvt_ss_0p900v_125c
  Path Group: CLK
  Path Type: max

Attributes:
    d - dont_touch
    u - dont_use
   mo - map_only
   so - size_only
    i - ideal_net or ideal_network
  inf - infeasible path

  Point                                                                                                                                                                                                                                                         Fanout     Trans      Incr       Path      Attributes     Voltage
  -------------------------------------------------------------------------------------------------------------------------------------------------------------------------------------------------------------------------------------------------------------------------------------------------------------------------------------
  clock CLK (rise edge)                                                                                                                                                                                                                                                               0.00       0.00                     
  clock network delay (ideal)                                                                                                                                                                                                                                                         0.00       0.00                     
  gemm_unit/u_in_scaler_vec/g_lane_31__u_mul/input_buffer/g_eb1_pipe_buffer/g_register_g_pipe_regs_0__pipe_register/g_shift_register/g_shift_pipe_reg_0__10_/CK (DFFQ_X4M_A9TR)                                                                                             0.00      0.00       0.00 r    i              0.90
  gemm_unit/u_in_scaler_vec/g_lane_31__u_mul/input_buffer/g_eb1_pipe_buffer/g_register_g_pipe_regs_0__pipe_register/g_shift_register/g_shift_pipe_reg_0__10_/Q (DFFQ_X4M_A9TR)                                                                                              0.02      0.10       0.10 r                   0.90
  gemm_unit/u_in_scaler_vec/g_lane_31__u_mul/input_buffer/g_eb1_pipe_buffer/g_register_g_pipe_regs_0__pipe_register/g_shift_register/data_out[10] (net)                                                                                                           4                   0.00       0.10 r                   
  gemm_unit/u_in_scaler_vec/g_lane_31__u_mul/input_buffer/g_eb1_pipe_buffer/g_register_g_pipe_regs_0__pipe_register/g_shift_register/data_out[10] (VX_shift_register_33_1_1_0_96)                                                                                                     0.00       0.10 r                   
  gemm_unit/u_in_scaler_vec/g_lane_31__u_mul/input_buffer/g_eb1_pipe_buffer/g_register_g_pipe_regs_0__pipe_register/data_out[10] (net)                                                                                                                                                0.00       0.10 r                   
  gemm_unit/u_in_scaler_vec/g_lane_31__u_mul/input_buffer/g_eb1_pipe_buffer/g_register_g_pipe_regs_0__pipe_register/data_out[10] (VX_pipe_register_12_96)                                                                                                                             0.00       0.10 r                   
  gemm_unit/u_in_scaler_vec/g_lane_31__u_mul/input_buffer/g_eb1_pipe_buffer/data_out[10] (net)                                                                                                                                                                                        0.00       0.10 r                   
  gemm_unit/u_in_scaler_vec/g_lane_31__u_mul/input_buffer/g_eb1_pipe_buffer/data_out[10] (VX_pipe_buffer_16_96)                                                                                                                                                                       0.00       0.10 r                   
  gemm_unit/u_in_scaler_vec/g_lane_31__u_mul/input_buffer/data_out[10] (net)                                                                                                                                                                                                          0.00       0.10 r                   
  gemm_unit/u_in_scaler_vec/g_lane_31__u_mul/input_buffer/data_out[10] (VX_elastic_buffer_5_0)                                                                                                                                                                                        0.00       0.10 r                   
  gemm_unit/u_in_scaler_vec/g_lane_31__u_mul/fpnew_inputs_data[10] (net)                                                                                                                                                                                                              0.00       0.10 r                   
  gemm_unit/u_in_scaler_vec/g_lane_31__u_mul/fpnew_mul/operands_i[10] (fpnew_top_00000008042__logic_Z_1yB__566949_0)                                                                                                                                                                  0.00       0.10 r                   
  gemm_unit/u_in_scaler_vec/g_lane_31__u_mul/fpnew_mul/operands_i[10] (net)                                                                                                                                                                                                           0.00       0.10 r                   
  gemm_unit/u_in_scaler_vec/g_lane_31__u_mul/fpnew_mul/gen_operation_groups_0__i_opgroup_block/operands_i[10] (fpnew_opgroup_block_0_00000010_0_2_04_2_155_3__logic_Z_1yB__00000000_388949_0)                                                                                         0.00       0.10 r                   
  gemm_unit/u_in_scaler_vec/g_lane_31__u_mul/fpnew_mul/gen_operation_groups_0__i_opgroup_block/operands_i[10] (net)                                                                                                                                                                   0.00       0.10 r                   
  gemm_unit/u_in_scaler_vec/g_lane_31__u_mul/fpnew_mul/gen_operation_groups_0__i_opgroup_block/gen_parallel_slices_2__active_format_i_fmt_slice/operands_i[10] (fpnew_opgroup_fmt_slice_0_2_00000010_0_00000000_3__logic_Z_1yB__00000000_0)                                           0.00       0.10 r                   
  gemm_unit/u_in_scaler_vec/g_lane_31__u_mul/fpnew_mul/gen_operation_groups_0__i_opgroup_block/gen_parallel_slices_2__active_format_i_fmt_slice/operands_i[10] (net)                                                                                                                  0.00       0.10 r                   
  gemm_unit/u_in_scaler_vec/g_lane_31__u_mul/fpnew_mul/gen_operation_groups_0__i_opgroup_block/gen_parallel_slices_2__active_format_i_fmt_slice/gen_num_lanes_0__active_lane_lane_instance_i_fma/operands_i[10] (fpnew_fma_2_00000000_3__logic_Z_1yB___logic_Z_1yB__0)                0.00       0.10 r                   
  gemm_unit/u_in_scaler_vec/g_lane_31__u_mul/fpnew_mul/gen_operation_groups_0__i_opgroup_block/gen_parallel_slices_2__active_format_i_fmt_slice/gen_num_lanes_0__active_lane_lane_instance_i_fma/operands_i[10] (net)                                                                 0.00       0.10 r                   
  gemm_unit/u_in_scaler_vec/g_lane_31__u_mul/fpnew_mul/gen_operation_groups_0__i_opgroup_block/gen_parallel_slices_2__active_format_i_fmt_slice/gen_num_lanes_0__active_lane_lane_instance_i_fma/i_class_inputs/operands_i[10] (fpnew_classifier_2_3_0)                               0.00       0.10 r                   
  gemm_unit/u_in_scaler_vec/g_lane_31__u_mul/fpnew_mul/gen_operation_groups_0__i_opgroup_block/gen_parallel_slices_2__active_format_i_fmt_slice/gen_num_lanes_0__active_lane_lane_instance_i_fma/i_class_inputs/operands_i[10] (net)                                                  0.00       0.10 r                   
  gemm_unit/u_in_scaler_vec/g_lane_31__u_mul/fpnew_mul/gen_operation_groups_0__i_opgroup_block/gen_parallel_slices_2__active_format_i_fmt_slice/gen_num_lanes_0__active_lane_lane_instance_i_fma/i_class_inputs/U1/Y (NAND2_X1B_A9TR)                                       0.02      0.02 *     0.12 f                   0.90
  gemm_unit/u_in_scaler_vec/g_lane_31__u_mul/fpnew_mul/gen_operation_groups_0__i_opgroup_block/gen_parallel_slices_2__active_format_i_fmt_slice/gen_num_lanes_0__active_lane_lane_instance_i_fma/i_class_inputs/n43 (net)                                         1                   0.00       0.12 f                   
  gemm_unit/u_in_scaler_vec/g_lane_31__u_mul/fpnew_mul/gen_operation_groups_0__i_opgroup_block/gen_parallel_slices_2__active_format_i_fmt_slice/gen_num_lanes_0__active_lane_lane_instance_i_fma/i_class_inputs/U3/Y (NOR2_X2M_A9TR)                                        0.03      0.03 *     0.14 r                   0.90
  gemm_unit/u_in_scaler_vec/g_lane_31__u_mul/fpnew_mul/gen_operation_groups_0__i_opgroup_block/gen_parallel_slices_2__active_format_i_fmt_slice/gen_num_lanes_0__active_lane_lane_instance_i_fma/i_class_inputs/n46 (net)                                         1                   0.00       0.14 r                   
  gemm_unit/u_in_scaler_vec/g_lane_31__u_mul/fpnew_mul/gen_operation_groups_0__i_opgroup_block/gen_parallel_slices_2__active_format_i_fmt_slice/gen_num_lanes_0__active_lane_lane_instance_i_fma/i_class_inputs/U6/Y (NAND2_X2B_A9TR)                                       0.02      0.02 *     0.17 f                   0.90
  gemm_unit/u_in_scaler_vec/g_lane_31__u_mul/fpnew_mul/gen_operation_groups_0__i_opgroup_block/gen_parallel_slices_2__active_format_i_fmt_slice/gen_num_lanes_0__active_lane_lane_instance_i_fma/i_class_inputs/n82 (net)                                         3                   0.00       0.17 f                   
  gemm_unit/u_in_scaler_vec/g_lane_31__u_mul/fpnew_mul/gen_operation_groups_0__i_opgroup_block/gen_parallel_slices_2__active_format_i_fmt_slice/gen_num_lanes_0__active_lane_lane_instance_i_fma/i_class_inputs/U53/Y (NAND2_X2B_A9TR)                                      0.03      0.03 *     0.19 r                   0.90
  gemm_unit/u_in_scaler_vec/g_lane_31__u_mul/fpnew_mul/gen_operation_groups_0__i_opgroup_block/gen_parallel_slices_2__active_format_i_fmt_slice/gen_num_lanes_0__active_lane_lane_instance_i_fma/i_class_inputs/n87 (net)                                         1                   0.00       0.19 r                   
  gemm_unit/u_in_scaler_vec/g_lane_31__u_mul/fpnew_mul/gen_operation_groups_0__i_opgroup_block/gen_parallel_slices_2__active_format_i_fmt_slice/gen_num_lanes_0__active_lane_lane_instance_i_fma/i_class_inputs/U15/Y (INV_X6B_A9TR)                                        0.02      0.02 *     0.22 f                   0.90
  gemm_unit/u_in_scaler_vec/g_lane_31__u_mul/fpnew_mul/gen_operation_groups_0__i_opgroup_block/gen_parallel_slices_2__active_format_i_fmt_slice/gen_num_lanes_0__active_lane_lane_instance_i_fma/i_class_inputs/info_o[7] (net)                                   6                   0.00       0.22 f                   
  gemm_unit/u_in_scaler_vec/g_lane_31__u_mul/fpnew_mul/gen_operation_groups_0__i_opgroup_block/gen_parallel_slices_2__active_format_i_fmt_slice/gen_num_lanes_0__active_lane_lane_instance_i_fma/i_class_inputs/info_o[7] (fpnew_classifier_2_3_0)                                    0.00       0.22 f                   
  gemm_unit/u_in_scaler_vec/g_lane_31__u_mul/fpnew_mul/gen_operation_groups_0__i_opgroup_block/gen_parallel_slices_2__active_format_i_fmt_slice/gen_num_lanes_0__active_lane_lane_instance_i_fma/info_q[4] (net)                                                                      0.00       0.22 f                   
  gemm_unit/u_in_scaler_vec/g_lane_31__u_mul/fpnew_mul/gen_operation_groups_0__i_opgroup_block/gen_parallel_slices_2__active_format_i_fmt_slice/gen_num_lanes_0__active_lane_lane_instance_i_fma/U1110/Y (XNOR2_X1P4M_A9TR)                                                 0.07      0.04 *     0.26 r                   0.90
  gemm_unit/u_in_scaler_vec/g_lane_31__u_mul/fpnew_mul/gen_operation_groups_0__i_opgroup_block/gen_parallel_slices_2__active_format_i_fmt_slice/gen_num_lanes_0__active_lane_lane_instance_i_fma/n418 (net)                                                       2                   0.00       0.26 r                   
  gemm_unit/u_in_scaler_vec/g_lane_31__u_mul/fpnew_mul/gen_operation_groups_0__i_opgroup_block/gen_parallel_slices_2__active_format_i_fmt_slice/gen_num_lanes_0__active_lane_lane_instance_i_fma/U92/Y (OAI22_X2M_A9TR)                                                     0.04      0.04 *     0.30 f                   0.90
  gemm_unit/u_in_scaler_vec/g_lane_31__u_mul/fpnew_mul/gen_operation_groups_0__i_opgroup_block/gen_parallel_slices_2__active_format_i_fmt_slice/gen_num_lanes_0__active_lane_lane_instance_i_fma/n442 (net)                                                       1                   0.00       0.30 f                   
  gemm_unit/u_in_scaler_vec/g_lane_31__u_mul/fpnew_mul/gen_operation_groups_0__i_opgroup_block/gen_parallel_slices_2__active_format_i_fmt_slice/gen_num_lanes_0__active_lane_lane_instance_i_fma/U111/CO (ADDF_X1M_A9TR)                                                    0.04      0.09 *     0.39 f                   0.90
  gemm_unit/u_in_scaler_vec/g_lane_31__u_mul/fpnew_mul/gen_operation_groups_0__i_opgroup_block/gen_parallel_slices_2__active_format_i_fmt_slice/gen_num_lanes_0__active_lane_lane_instance_i_fma/n436 (net)                                                       1                   0.00       0.39 f                   
  gemm_unit/u_in_scaler_vec/g_lane_31__u_mul/fpnew_mul/gen_operation_groups_0__i_opgroup_block/gen_parallel_slices_2__active_format_i_fmt_slice/gen_num_lanes_0__active_lane_lane_instance_i_fma/U107/CO (ADDF_X1M_A9TR)                                                    0.04      0.10 *     0.49 f                   0.90
  gemm_unit/u_in_scaler_vec/g_lane_31__u_mul/fpnew_mul/gen_operation_groups_0__i_opgroup_block/gen_parallel_slices_2__active_format_i_fmt_slice/gen_num_lanes_0__active_lane_lane_instance_i_fma/n424 (net)                                                       1                   0.00       0.49 f                   
  gemm_unit/u_in_scaler_vec/g_lane_31__u_mul/fpnew_mul/gen_operation_groups_0__i_opgroup_block/gen_parallel_slices_2__active_format_i_fmt_slice/gen_num_lanes_0__active_lane_lane_instance_i_fma/U95/CO (ADDFH_X2M_A9TR)                                                    0.04      0.12 *     0.61 f                   0.90
  gemm_unit/u_in_scaler_vec/g_lane_31__u_mul/fpnew_mul/gen_operation_groups_0__i_opgroup_block/gen_parallel_slices_2__active_format_i_fmt_slice/gen_num_lanes_0__active_lane_lane_instance_i_fma/n558 (net)                                                       2                   0.00       0.61 f                   
  gemm_unit/u_in_scaler_vec/g_lane_31__u_mul/fpnew_mul/gen_operation_groups_0__i_opgroup_block/gen_parallel_slices_2__active_format_i_fmt_slice/gen_num_lanes_0__active_lane_lane_instance_i_fma/U638/Y (NAND2_X1P4B_A9TR)                                                  0.05      0.04 *     0.65 r                   0.90
  gemm_unit/u_in_scaler_vec/g_lane_31__u_mul/fpnew_mul/gen_operation_groups_0__i_opgroup_block/gen_parallel_slices_2__active_format_i_fmt_slice/gen_num_lanes_0__active_lane_lane_instance_i_fma/n687 (net)                                                       2                   0.00       0.65 r                   
  gemm_unit/u_in_scaler_vec/g_lane_31__u_mul/fpnew_mul/gen_operation_groups_0__i_opgroup_block/gen_parallel_slices_2__active_format_i_fmt_slice/gen_num_lanes_0__active_lane_lane_instance_i_fma/U1048/Y (OAI21_X6M_A9TR)                                                   0.03      0.04 *     0.69 f                   0.90
  gemm_unit/u_in_scaler_vec/g_lane_31__u_mul/fpnew_mul/gen_operation_groups_0__i_opgroup_block/gen_parallel_slices_2__active_format_i_fmt_slice/gen_num_lanes_0__active_lane_lane_instance_i_fma/n618 (net)                                                       2                   0.00       0.69 f                   
  gemm_unit/u_in_scaler_vec/g_lane_31__u_mul/fpnew_mul/gen_operation_groups_0__i_opgroup_block/gen_parallel_slices_2__active_format_i_fmt_slice/gen_num_lanes_0__active_lane_lane_instance_i_fma/U24/Y (AOI21_X8M_A9TR)                                                     0.04      0.04 *     0.73 r                   0.90
  gemm_unit/u_in_scaler_vec/g_lane_31__u_mul/fpnew_mul/gen_operation_groups_0__i_opgroup_block/gen_parallel_slices_2__active_format_i_fmt_slice/gen_num_lanes_0__active_lane_lane_instance_i_fma/n1560 (net)                                                      2                   0.00       0.73 r                   
  gemm_unit/u_in_scaler_vec/g_lane_31__u_mul/fpnew_mul/gen_operation_groups_0__i_opgroup_block/gen_parallel_slices_2__active_format_i_fmt_slice/gen_num_lanes_0__active_lane_lane_instance_i_fma/U296/Y (OAI21_X8M_A9TR)                                                    0.04      0.03 *     0.76 f                   0.90
  gemm_unit/u_in_scaler_vec/g_lane_31__u_mul/fpnew_mul/gen_operation_groups_0__i_opgroup_block/gen_parallel_slices_2__active_format_i_fmt_slice/gen_num_lanes_0__active_lane_lane_instance_i_fma/n1539 (net)                                                      4                   0.00       0.76 f                   
  gemm_unit/u_in_scaler_vec/g_lane_31__u_mul/fpnew_mul/gen_operation_groups_0__i_opgroup_block/gen_parallel_slices_2__active_format_i_fmt_slice/gen_num_lanes_0__active_lane_lane_instance_i_fma/U226/Y (AOI21_X6M_A9TR)                                                    0.04      0.04 *     0.80 r                   0.90
  gemm_unit/u_in_scaler_vec/g_lane_31__u_mul/fpnew_mul/gen_operation_groups_0__i_opgroup_block/gen_parallel_slices_2__active_format_i_fmt_slice/gen_num_lanes_0__active_lane_lane_instance_i_fma/n1582 (net)                                                      1                   0.00       0.80 r                   
  gemm_unit/u_in_scaler_vec/g_lane_31__u_mul/fpnew_mul/gen_operation_groups_0__i_opgroup_block/gen_parallel_slices_2__active_format_i_fmt_slice/gen_num_lanes_0__active_lane_lane_instance_i_fma/U1131/Y (XNOR2_X4M_A9TR)                                                   0.09      0.05 *     0.84 r                   0.90
  gemm_unit/u_in_scaler_vec/g_lane_31__u_mul/fpnew_mul/gen_operation_groups_0__i_opgroup_block/gen_parallel_slices_2__active_format_i_fmt_slice/gen_num_lanes_0__active_lane_lane_instance_i_fma/sum_pos[20] (net)                                                6                   0.00       0.84 r                   
  gemm_unit/u_in_scaler_vec/g_lane_31__u_mul/fpnew_mul/gen_operation_groups_0__i_opgroup_block/gen_parallel_slices_2__active_format_i_fmt_slice/gen_num_lanes_0__active_lane_lane_instance_i_fma/i_lzc/in_i[20] (lzc_00000019_1_0)                                                    0.00       0.84 r                   
  gemm_unit/u_in_scaler_vec/g_lane_31__u_mul/fpnew_mul/gen_operation_groups_0__i_opgroup_block/gen_parallel_slices_2__active_format_i_fmt_slice/gen_num_lanes_0__active_lane_lane_instance_i_fma/i_lzc/in_i[20] (net)                                                                 0.00       0.84 r                   
  gemm_unit/u_in_scaler_vec/g_lane_31__u_mul/fpnew_mul/gen_operation_groups_0__i_opgroup_block/gen_parallel_slices_2__active_format_i_fmt_slice/gen_num_lanes_0__active_lane_lane_instance_i_fma/i_lzc/U39/Y (INV_X3M_A9TR)                                                 0.02      0.02 *     0.86 f                   0.90
  gemm_unit/u_in_scaler_vec/g_lane_31__u_mul/fpnew_mul/gen_operation_groups_0__i_opgroup_block/gen_parallel_slices_2__active_format_i_fmt_slice/gen_num_lanes_0__active_lane_lane_instance_i_fma/i_lzc/n162 (net)                                                 1                   0.00       0.86 f                   
  gemm_unit/u_in_scaler_vec/g_lane_31__u_mul/fpnew_mul/gen_operation_groups_0__i_opgroup_block/gen_parallel_slices_2__active_format_i_fmt_slice/gen_num_lanes_0__active_lane_lane_instance_i_fma/i_lzc/U85/Y (NAND2_X2B_A9TR)                                               0.03      0.03 *     0.89 r                   0.90
  gemm_unit/u_in_scaler_vec/g_lane_31__u_mul/fpnew_mul/gen_operation_groups_0__i_opgroup_block/gen_parallel_slices_2__active_format_i_fmt_slice/gen_num_lanes_0__active_lane_lane_instance_i_fma/i_lzc/n160 (net)                                                 1                   0.00       0.89 r                   
  gemm_unit/u_in_scaler_vec/g_lane_31__u_mul/fpnew_mul/gen_operation_groups_0__i_opgroup_block/gen_parallel_slices_2__active_format_i_fmt_slice/gen_num_lanes_0__active_lane_lane_instance_i_fma/i_lzc/U14/Y (NOR2_X6M_A9TR)                                                0.02      0.02 *     0.92 f                   0.90
  gemm_unit/u_in_scaler_vec/g_lane_31__u_mul/fpnew_mul/gen_operation_groups_0__i_opgroup_block/gen_parallel_slices_2__active_format_i_fmt_slice/gen_num_lanes_0__active_lane_lane_instance_i_fma/i_lzc/n159 (net)                                                 2                   0.00       0.92 f                   
  gemm_unit/u_in_scaler_vec/g_lane_31__u_mul/fpnew_mul/gen_operation_groups_0__i_opgroup_block/gen_parallel_slices_2__active_format_i_fmt_slice/gen_num_lanes_0__active_lane_lane_instance_i_fma/i_lzc/U12/Y (NAND3_X6A_A9TR)                                               0.05      0.03 *     0.95 r                   0.90
  gemm_unit/u_in_scaler_vec/g_lane_31__u_mul/fpnew_mul/gen_operation_groups_0__i_opgroup_block/gen_parallel_slices_2__active_format_i_fmt_slice/gen_num_lanes_0__active_lane_lane_instance_i_fma/i_lzc/n139 (net)                                                 5                   0.00       0.95 r                   
  gemm_unit/u_in_scaler_vec/g_lane_31__u_mul/fpnew_mul/gen_operation_groups_0__i_opgroup_block/gen_parallel_slices_2__active_format_i_fmt_slice/gen_num_lanes_0__active_lane_lane_instance_i_fma/i_lzc/U40/Y (INV_X3M_A9TR)                                                 0.02      0.02 *     0.97 f                   0.90
  gemm_unit/u_in_scaler_vec/g_lane_31__u_mul/fpnew_mul/gen_operation_groups_0__i_opgroup_block/gen_parallel_slices_2__active_format_i_fmt_slice/gen_num_lanes_0__active_lane_lane_instance_i_fma/i_lzc/n149 (net)                                                 2                   0.00       0.97 f                   
  gemm_unit/u_in_scaler_vec/g_lane_31__u_mul/fpnew_mul/gen_operation_groups_0__i_opgroup_block/gen_parallel_slices_2__active_format_i_fmt_slice/gen_num_lanes_0__active_lane_lane_instance_i_fma/i_lzc/U72/Y (NAND3_X2A_A9TR)                                               0.04      0.03 *     1.00 r                   0.90
  gemm_unit/u_in_scaler_vec/g_lane_31__u_mul/fpnew_mul/gen_operation_groups_0__i_opgroup_block/gen_parallel_slices_2__active_format_i_fmt_slice/gen_num_lanes_0__active_lane_lane_instance_i_fma/i_lzc/n137 (net)                                                 1                   0.00       1.00 r                   
  gemm_unit/u_in_scaler_vec/g_lane_31__u_mul/fpnew_mul/gen_operation_groups_0__i_opgroup_block/gen_parallel_slices_2__active_format_i_fmt_slice/gen_num_lanes_0__active_lane_lane_instance_i_fma/i_lzc/U71/Y (NAND3_X4A_A9TR)                                               0.04      0.04 *     1.05 f                   0.90
  gemm_unit/u_in_scaler_vec/g_lane_31__u_mul/fpnew_mul/gen_operation_groups_0__i_opgroup_block/gen_parallel_slices_2__active_format_i_fmt_slice/gen_num_lanes_0__active_lane_lane_instance_i_fma/i_lzc/cnt_o[0] (net)                                             5                   0.00       1.05 f                   
  gemm_unit/u_in_scaler_vec/g_lane_31__u_mul/fpnew_mul/gen_operation_groups_0__i_opgroup_block/gen_parallel_slices_2__active_format_i_fmt_slice/gen_num_lanes_0__active_lane_lane_instance_i_fma/i_lzc/cnt_o[0] (lzc_00000019_1_0)                                                    0.00       1.05 f                   
  gemm_unit/u_in_scaler_vec/g_lane_31__u_mul/fpnew_mul/gen_operation_groups_0__i_opgroup_block/gen_parallel_slices_2__active_format_i_fmt_slice/gen_num_lanes_0__active_lane_lane_instance_i_fma/leading_zero_count[0] (net)                                                          0.00       1.05 f                   
  gemm_unit/u_in_scaler_vec/g_lane_31__u_mul/fpnew_mul/gen_operation_groups_0__i_opgroup_block/gen_parallel_slices_2__active_format_i_fmt_slice/gen_num_lanes_0__active_lane_lane_instance_i_fma/U624/Y (OAI21_X3M_A9TR)                                                    0.05      0.04 *     1.08 r                   0.90
  gemm_unit/u_in_scaler_vec/g_lane_31__u_mul/fpnew_mul/gen_operation_groups_0__i_opgroup_block/gen_parallel_slices_2__active_format_i_fmt_slice/gen_num_lanes_0__active_lane_lane_instance_i_fma/n844 (net)                                                       1                   0.00       1.08 r                   
  gemm_unit/u_in_scaler_vec/g_lane_31__u_mul/fpnew_mul/gen_operation_groups_0__i_opgroup_block/gen_parallel_slices_2__active_format_i_fmt_slice/gen_num_lanes_0__active_lane_lane_instance_i_fma/U623/Y (NAND4_X4A_A9TR)                                                    0.05      0.04 *     1.12 f                   0.90
  gemm_unit/u_in_scaler_vec/g_lane_31__u_mul/fpnew_mul/gen_operation_groups_0__i_opgroup_block/gen_parallel_slices_2__active_format_i_fmt_slice/gen_num_lanes_0__active_lane_lane_instance_i_fma/n1651 (net)                                                      1                   0.00       1.12 f                   
  gemm_unit/u_in_scaler_vec/g_lane_31__u_mul/fpnew_mul/gen_operation_groups_0__i_opgroup_block/gen_parallel_slices_2__active_format_i_fmt_slice/gen_num_lanes_0__active_lane_lane_instance_i_fma/U295/Y (NAND2_X8B_A9TR)                                                    0.04      0.04 *     1.16 r                   0.90
  gemm_unit/u_in_scaler_vec/g_lane_31__u_mul/fpnew_mul/gen_operation_groups_0__i_opgroup_block/gen_parallel_slices_2__active_format_i_fmt_slice/gen_num_lanes_0__active_lane_lane_instance_i_fma/n942 (net)                                                       7                   0.00       1.16 r                   
  gemm_unit/u_in_scaler_vec/g_lane_31__u_mul/fpnew_mul/gen_operation_groups_0__i_opgroup_block/gen_parallel_slices_2__active_format_i_fmt_slice/gen_num_lanes_0__active_lane_lane_instance_i_fma/U524/Y (NAND2_X4B_A9TR)                                                    0.02      0.02 *     1.18 f                   0.90
  gemm_unit/u_in_scaler_vec/g_lane_31__u_mul/fpnew_mul/gen_operation_groups_0__i_opgroup_block/gen_parallel_slices_2__active_format_i_fmt_slice/gen_num_lanes_0__active_lane_lane_instance_i_fma/n898 (net)                                                       1                   0.00       1.18 f                   
  gemm_unit/u_in_scaler_vec/g_lane_31__u_mul/fpnew_mul/gen_operation_groups_0__i_opgroup_block/gen_parallel_slices_2__active_format_i_fmt_slice/gen_num_lanes_0__active_lane_lane_instance_i_fma/U141/Y (NAND2_X4B_A9TR)                                                    0.03      0.02 *     1.20 r                   0.90
  gemm_unit/u_in_scaler_vec/g_lane_31__u_mul/fpnew_mul/gen_operation_groups_0__i_opgroup_block/gen_parallel_slices_2__active_format_i_fmt_slice/gen_num_lanes_0__active_lane_lane_instance_i_fma/n1569 (net)                                                      1                   0.00       1.20 r                   
  gemm_unit/u_in_scaler_vec/g_lane_31__u_mul/fpnew_mul/gen_operation_groups_0__i_opgroup_block/gen_parallel_slices_2__active_format_i_fmt_slice/gen_num_lanes_0__active_lane_lane_instance_i_fma/U152/Y (INV_X5B_A9TR)                                                      0.02      0.02 *     1.23 f                   0.90
  gemm_unit/u_in_scaler_vec/g_lane_31__u_mul/fpnew_mul/gen_operation_groups_0__i_opgroup_block/gen_parallel_slices_2__active_format_i_fmt_slice/gen_num_lanes_0__active_lane_lane_instance_i_fma/n903 (net)                                                       2                   0.00       1.23 f                   
  gemm_unit/u_in_scaler_vec/g_lane_31__u_mul/fpnew_mul/gen_operation_groups_0__i_opgroup_block/gen_parallel_slices_2__active_format_i_fmt_slice/gen_num_lanes_0__active_lane_lane_instance_i_fma/U511/Y (NAND2_X4B_A9TR)                                                    0.03      0.03 *     1.25 r                   0.90
  gemm_unit/u_in_scaler_vec/g_lane_31__u_mul/fpnew_mul/gen_operation_groups_0__i_opgroup_block/gen_parallel_slices_2__active_format_i_fmt_slice/gen_num_lanes_0__active_lane_lane_instance_i_fma/n1017 (net)                                                      3                   0.00       1.25 r                   
  gemm_unit/u_in_scaler_vec/g_lane_31__u_mul/fpnew_mul/gen_operation_groups_0__i_opgroup_block/gen_parallel_slices_2__active_format_i_fmt_slice/gen_num_lanes_0__active_lane_lane_instance_i_fma/U512/Y (NAND2_X6B_A9TR)                                                    0.03      0.03 *     1.28 f                   0.90
  gemm_unit/u_in_scaler_vec/g_lane_31__u_mul/fpnew_mul/gen_operation_groups_0__i_opgroup_block/gen_parallel_slices_2__active_format_i_fmt_slice/gen_num_lanes_0__active_lane_lane_instance_i_fma/n904 (net)                                                       7                   0.00       1.28 f                   
  gemm_unit/u_in_scaler_vec/g_lane_31__u_mul/fpnew_mul/gen_operation_groups_0__i_opgroup_block/gen_parallel_slices_2__active_format_i_fmt_slice/gen_num_lanes_0__active_lane_lane_instance_i_fma/U614/Y (AOI22BB_X1P4M_A9TR)                                                0.05      0.07 *     1.35 f                   0.90
  gemm_unit/u_in_scaler_vec/g_lane_31__u_mul/fpnew_mul/gen_operation_groups_0__i_opgroup_block/gen_parallel_slices_2__active_format_i_fmt_slice/gen_num_lanes_0__active_lane_lane_instance_i_fma/n975 (net)                                                       1                   0.00       1.35 f                   
  gemm_unit/u_in_scaler_vec/g_lane_31__u_mul/fpnew_mul/gen_operation_groups_0__i_opgroup_block/gen_parallel_slices_2__active_format_i_fmt_slice/gen_num_lanes_0__active_lane_lane_instance_i_fma/U617/Y (NAND3_X3M_A9TR)                                                    0.06      0.06 *     1.40 r                   0.90
  gemm_unit/u_in_scaler_vec/g_lane_31__u_mul/fpnew_mul/gen_operation_groups_0__i_opgroup_block/gen_parallel_slices_2__active_format_i_fmt_slice/gen_num_lanes_0__active_lane_lane_instance_i_fma/n1398 (net)                                                      5                   0.00       1.40 r                   
  gemm_unit/u_in_scaler_vec/g_lane_31__u_mul/fpnew_mul/gen_operation_groups_0__i_opgroup_block/gen_parallel_slices_2__active_format_i_fmt_slice/gen_num_lanes_0__active_lane_lane_instance_i_fma/U1044/Y (NAND2_X1A_A9TR)                                                   0.03      0.03 *     1.43 f                   0.90
  gemm_unit/u_in_scaler_vec/g_lane_31__u_mul/fpnew_mul/gen_operation_groups_0__i_opgroup_block/gen_parallel_slices_2__active_format_i_fmt_slice/gen_num_lanes_0__active_lane_lane_instance_i_fma/n1564 (net)                                                      1                   0.00       1.43 f                   
  gemm_unit/u_in_scaler_vec/g_lane_31__u_mul/fpnew_mul/gen_operation_groups_0__i_opgroup_block/gen_parallel_slices_2__active_format_i_fmt_slice/gen_num_lanes_0__active_lane_lane_instance_i_fma/U1043/Y (INV_X2M_A9TR)                                                     0.03      0.03 *     1.46 r                   0.90
  gemm_unit/u_in_scaler_vec/g_lane_31__u_mul/fpnew_mul/gen_operation_groups_0__i_opgroup_block/gen_parallel_slices_2__active_format_i_fmt_slice/gen_num_lanes_0__active_lane_lane_instance_i_fma/n979 (net)                                                       1                   0.00       1.46 r                   
  gemm_unit/u_in_scaler_vec/g_lane_31__u_mul/fpnew_mul/gen_operation_groups_0__i_opgroup_block/gen_parallel_slices_2__active_format_i_fmt_slice/gen_num_lanes_0__active_lane_lane_instance_i_fma/U309/Y (NOR2_X6M_A9TR)                                                     0.02      0.03 *     1.49 f                   0.90
  gemm_unit/u_in_scaler_vec/g_lane_31__u_mul/fpnew_mul/gen_operation_groups_0__i_opgroup_block/gen_parallel_slices_2__active_format_i_fmt_slice/gen_num_lanes_0__active_lane_lane_instance_i_fma/n1653 (net)                                                      1                   0.00       1.49 f                   
  gemm_unit/u_in_scaler_vec/g_lane_31__u_mul/fpnew_mul/gen_operation_groups_0__i_opgroup_block/gen_parallel_slices_2__active_format_i_fmt_slice/gen_num_lanes_0__active_lane_lane_instance_i_fma/U808/Y (NAND2_X8B_A9TR)                                                    0.04      0.03 *     1.52 r                   0.90
  gemm_unit/u_in_scaler_vec/g_lane_31__u_mul/fpnew_mul/gen_operation_groups_0__i_opgroup_block/gen_parallel_slices_2__active_format_i_fmt_slice/gen_num_lanes_0__active_lane_lane_instance_i_fma/n1447 (net)                                                     11                   0.00       1.52 r                   
  gemm_unit/u_in_scaler_vec/g_lane_31__u_mul/fpnew_mul/gen_operation_groups_0__i_opgroup_block/gen_parallel_slices_2__active_format_i_fmt_slice/gen_num_lanes_0__active_lane_lane_instance_i_fma/U98/Y (INV_X9M_A9TR)                                                       0.02      0.02 *     1.54 f                   0.90
  gemm_unit/u_in_scaler_vec/g_lane_31__u_mul/fpnew_mul/gen_operation_groups_0__i_opgroup_block/gen_parallel_slices_2__active_format_i_fmt_slice/gen_num_lanes_0__active_lane_lane_instance_i_fma/n1514 (net)                                                      8                   0.00       1.54 f                   
  gemm_unit/u_in_scaler_vec/g_lane_31__u_mul/fpnew_mul/gen_operation_groups_0__i_opgroup_block/gen_parallel_slices_2__active_format_i_fmt_slice/gen_num_lanes_0__active_lane_lane_instance_i_fma/U711/Y (NAND2_X3M_A9TR)                                                    0.04      0.03 *     1.57 r                   0.90
  gemm_unit/u_in_scaler_vec/g_lane_31__u_mul/fpnew_mul/gen_operation_groups_0__i_opgroup_block/gen_parallel_slices_2__active_format_i_fmt_slice/gen_num_lanes_0__active_lane_lane_instance_i_fma/n1086 (net)                                                      1                   0.00       1.57 r                   
  gemm_unit/u_in_scaler_vec/g_lane_31__u_mul/fpnew_mul/gen_operation_groups_0__i_opgroup_block/gen_parallel_slices_2__active_format_i_fmt_slice/gen_num_lanes_0__active_lane_lane_instance_i_fma/U748/Y (OAI21_X6M_A9TR)                                                    0.03      0.03 *     1.60 f                   0.90
  gemm_unit/u_in_scaler_vec/g_lane_31__u_mul/fpnew_mul/gen_operation_groups_0__i_opgroup_block/gen_parallel_slices_2__active_format_i_fmt_slice/gen_num_lanes_0__active_lane_lane_instance_i_fma/n1271 (net)                                                      2                   0.00       1.60 f                   
  gemm_unit/u_in_scaler_vec/g_lane_31__u_mul/fpnew_mul/gen_operation_groups_0__i_opgroup_block/gen_parallel_slices_2__active_format_i_fmt_slice/gen_num_lanes_0__active_lane_lane_instance_i_fma/U947/Y (INV_X1P4M_A9TR)                                                    0.03      0.03 *     1.63 r                   0.90
  gemm_unit/u_in_scaler_vec/g_lane_31__u_mul/fpnew_mul/gen_operation_groups_0__i_opgroup_block/gen_parallel_slices_2__active_format_i_fmt_slice/gen_num_lanes_0__active_lane_lane_instance_i_fma/n1273 (net)                                                      1                   0.00       1.63 r                   
  gemm_unit/u_in_scaler_vec/g_lane_31__u_mul/fpnew_mul/gen_operation_groups_0__i_opgroup_block/gen_parallel_slices_2__active_format_i_fmt_slice/gen_num_lanes_0__active_lane_lane_instance_i_fma/U169/Y (NAND2_X4B_A9TR)                                                    0.02      0.02 *     1.65 f                   0.90
  gemm_unit/u_in_scaler_vec/g_lane_31__u_mul/fpnew_mul/gen_operation_groups_0__i_opgroup_block/gen_parallel_slices_2__active_format_i_fmt_slice/gen_num_lanes_0__active_lane_lane_instance_i_fma/n1617 (net)                                                      2                   0.00       1.65 f                   
  gemm_unit/u_in_scaler_vec/g_lane_31__u_mul/fpnew_mul/gen_operation_groups_0__i_opgroup_block/gen_parallel_slices_2__active_format_i_fmt_slice/gen_num_lanes_0__active_lane_lane_instance_i_fma/U567/Y (NAND3_X4A_A9TR)                                                    0.05      0.03 *     1.68 r                   0.90
  gemm_unit/u_in_scaler_vec/g_lane_31__u_mul/fpnew_mul/gen_operation_groups_0__i_opgroup_block/gen_parallel_slices_2__active_format_i_fmt_slice/gen_num_lanes_0__active_lane_lane_instance_i_fma/n1274 (net)                                                      2                   0.00       1.68 r                   
  gemm_unit/u_in_scaler_vec/g_lane_31__u_mul/fpnew_mul/gen_operation_groups_0__i_opgroup_block/gen_parallel_slices_2__active_format_i_fmt_slice/gen_num_lanes_0__active_lane_lane_instance_i_fma/U158/Y (OAI22_X4M_A9TR)                                                    0.04      0.04 *     1.72 f                   0.90
  gemm_unit/u_in_scaler_vec/g_lane_31__u_mul/fpnew_mul/gen_operation_groups_0__i_opgroup_block/gen_parallel_slices_2__active_format_i_fmt_slice/gen_num_lanes_0__active_lane_lane_instance_i_fma/n1525 (net)                                                      3                   0.00       1.72 f                   
  gemm_unit/u_in_scaler_vec/g_lane_31__u_mul/fpnew_mul/gen_operation_groups_0__i_opgroup_block/gen_parallel_slices_2__active_format_i_fmt_slice/gen_num_lanes_0__active_lane_lane_instance_i_fma/U1037/Y (OR3_X4M_A9TR)                                                     0.03      0.07 *     1.78 f                   0.90
  gemm_unit/u_in_scaler_vec/g_lane_31__u_mul/fpnew_mul/gen_operation_groups_0__i_opgroup_block/gen_parallel_slices_2__active_format_i_fmt_slice/gen_num_lanes_0__active_lane_lane_instance_i_fma/pre_round_mantissa[8] (net)                                      4                   0.00       1.78 f                   
  gemm_unit/u_in_scaler_vec/g_lane_31__u_mul/fpnew_mul/gen_operation_groups_0__i_opgroup_block/gen_parallel_slices_2__active_format_i_fmt_slice/gen_num_lanes_0__active_lane_lane_instance_i_fma/i_fpnew_rounding/abs_value_i[8] (fpnew_rounding_0000000f_0)                          0.00       1.78 f                   
  gemm_unit/u_in_scaler_vec/g_lane_31__u_mul/fpnew_mul/gen_operation_groups_0__i_opgroup_block/gen_parallel_slices_2__active_format_i_fmt_slice/gen_num_lanes_0__active_lane_lane_instance_i_fma/i_fpnew_rounding/abs_value_i[8] (net)                                                0.00       1.78 f                   
  gemm_unit/u_in_scaler_vec/g_lane_31__u_mul/fpnew_mul/gen_operation_groups_0__i_opgroup_block/gen_parallel_slices_2__active_format_i_fmt_slice/gen_num_lanes_0__active_lane_lane_instance_i_fma/i_fpnew_rounding/U50/Y (NAND3_X4A_A9TR)                                    0.03      0.02 *     1.81 r                   0.90
  gemm_unit/u_in_scaler_vec/g_lane_31__u_mul/fpnew_mul/gen_operation_groups_0__i_opgroup_block/gen_parallel_slices_2__active_format_i_fmt_slice/gen_num_lanes_0__active_lane_lane_instance_i_fma/i_fpnew_rounding/n153 (net)                                      1                   0.00       1.81 r                   
  gemm_unit/u_in_scaler_vec/g_lane_31__u_mul/fpnew_mul/gen_operation_groups_0__i_opgroup_block/gen_parallel_slices_2__active_format_i_fmt_slice/gen_num_lanes_0__active_lane_lane_instance_i_fma/i_fpnew_rounding/U62/Y (INV_X5B_A9TR)                                      0.02      0.02 *     1.83 f                   0.90
  gemm_unit/u_in_scaler_vec/g_lane_31__u_mul/fpnew_mul/gen_operation_groups_0__i_opgroup_block/gen_parallel_slices_2__active_format_i_fmt_slice/gen_num_lanes_0__active_lane_lane_instance_i_fma/i_fpnew_rounding/n154 (net)                                      5                   0.00       1.83 f                   
  gemm_unit/u_in_scaler_vec/g_lane_31__u_mul/fpnew_mul/gen_operation_groups_0__i_opgroup_block/gen_parallel_slices_2__active_format_i_fmt_slice/gen_num_lanes_0__active_lane_lane_instance_i_fma/i_fpnew_rounding/U29/Y (NAND2_X2B_A9TR)                                    0.03      0.02 *     1.85 r                   0.90
  gemm_unit/u_in_scaler_vec/g_lane_31__u_mul/fpnew_mul/gen_operation_groups_0__i_opgroup_block/gen_parallel_slices_2__active_format_i_fmt_slice/gen_num_lanes_0__active_lane_lane_instance_i_fma/i_fpnew_rounding/n88 (net)                                       1                   0.00       1.85 r                   
  gemm_unit/u_in_scaler_vec/g_lane_31__u_mul/fpnew_mul/gen_operation_groups_0__i_opgroup_block/gen_parallel_slices_2__active_format_i_fmt_slice/gen_num_lanes_0__active_lane_lane_instance_i_fma/i_fpnew_rounding/U36/Y (NOR2_X3M_A9TR)                                     0.02      0.02 *     1.87 f                   0.90
  gemm_unit/u_in_scaler_vec/g_lane_31__u_mul/fpnew_mul/gen_operation_groups_0__i_opgroup_block/gen_parallel_slices_2__active_format_i_fmt_slice/gen_num_lanes_0__active_lane_lane_instance_i_fma/i_fpnew_rounding/n152 (net)                                      2                   0.00       1.87 f                   
  gemm_unit/u_in_scaler_vec/g_lane_31__u_mul/fpnew_mul/gen_operation_groups_0__i_opgroup_block/gen_parallel_slices_2__active_format_i_fmt_slice/gen_num_lanes_0__active_lane_lane_instance_i_fma/i_fpnew_rounding/U25/Y (NOR2_X2A_A9TR)                                     0.03      0.03 *     1.90 r                   0.90
  gemm_unit/u_in_scaler_vec/g_lane_31__u_mul/fpnew_mul/gen_operation_groups_0__i_opgroup_block/gen_parallel_slices_2__active_format_i_fmt_slice/gen_num_lanes_0__active_lane_lane_instance_i_fma/i_fpnew_rounding/n151 (net)                                      1                   0.00       1.90 r                   
  gemm_unit/u_in_scaler_vec/g_lane_31__u_mul/fpnew_mul/gen_operation_groups_0__i_opgroup_block/gen_parallel_slices_2__active_format_i_fmt_slice/gen_num_lanes_0__active_lane_lane_instance_i_fma/i_fpnew_rounding/U22/Y (NOR2_X2M_A9TR)                                     0.02      0.02 *     1.93 f                   0.90
  gemm_unit/u_in_scaler_vec/g_lane_31__u_mul/fpnew_mul/gen_operation_groups_0__i_opgroup_block/gen_parallel_slices_2__active_format_i_fmt_slice/gen_num_lanes_0__active_lane_lane_instance_i_fma/i_fpnew_rounding/abs_rounded_o[10] (net)                         1                   0.00       1.93 f                   
  gemm_unit/u_in_scaler_vec/g_lane_31__u_mul/fpnew_mul/gen_operation_groups_0__i_opgroup_block/gen_parallel_slices_2__active_format_i_fmt_slice/gen_num_lanes_0__active_lane_lane_instance_i_fma/i_fpnew_rounding/abs_rounded_o[10] (fpnew_rounding_0000000f_0)                       0.00       1.93 f                   
  gemm_unit/u_in_scaler_vec/g_lane_31__u_mul/fpnew_mul/gen_operation_groups_0__i_opgroup_block/gen_parallel_slices_2__active_format_i_fmt_slice/gen_num_lanes_0__active_lane_lane_instance_i_fma/rounded_abs[10] (net)                                                                0.00       1.93 f                   
  gemm_unit/u_in_scaler_vec/g_lane_31__u_mul/fpnew_mul/gen_operation_groups_0__i_opgroup_block/gen_parallel_slices_2__active_format_i_fmt_slice/gen_num_lanes_0__active_lane_lane_instance_i_fma/U938/Y (INV_X2M_A9TR)                                                      0.02      0.02 *     1.94 r                   0.90
  gemm_unit/u_in_scaler_vec/g_lane_31__u_mul/fpnew_mul/gen_operation_groups_0__i_opgroup_block/gen_parallel_slices_2__active_format_i_fmt_slice/gen_num_lanes_0__active_lane_lane_instance_i_fma/n1267 (net)                                                      1                   0.00       1.94 r                   
  gemm_unit/u_in_scaler_vec/g_lane_31__u_mul/fpnew_mul/gen_operation_groups_0__i_opgroup_block/gen_parallel_slices_2__active_format_i_fmt_slice/gen_num_lanes_0__active_lane_lane_instance_i_fma/U940/Y (NAND2_X2B_A9TR)                                                    0.05      0.02 *     1.96 f                   0.90
  gemm_unit/u_in_scaler_vec/g_lane_31__u_mul/fpnew_mul/gen_operation_groups_0__i_opgroup_block/gen_parallel_slices_2__active_format_i_fmt_slice/gen_num_lanes_0__active_lane_lane_instance_i_fma/result_o[10] (net)                                               1                   0.00       1.96 f                   
  gemm_unit/u_in_scaler_vec/g_lane_31__u_mul/fpnew_mul/gen_operation_groups_0__i_opgroup_block/gen_parallel_slices_2__active_format_i_fmt_slice/gen_num_lanes_0__active_lane_lane_instance_i_fma/result_o[10] (fpnew_fma_2_00000000_3__logic_Z_1yB___logic_Z_1yB__0)                  0.00       1.96 f                   
  gemm_unit/u_in_scaler_vec/g_lane_31__u_mul/fpnew_mul/gen_operation_groups_0__i_opgroup_block/gen_parallel_slices_2__active_format_i_fmt_slice/gen_num_lanes_0__active_lane_op_result[10] (net)                                                                                      0.00       1.96 f                   
  gemm_unit/u_in_scaler_vec/g_lane_31__u_mul/fpnew_mul/gen_operation_groups_0__i_opgroup_block/gen_parallel_slices_2__active_format_i_fmt_slice/U17/Y (INV_X2M_A9TR)                                                                                                        0.02      0.02 *     1.98 r                   0.90
  gemm_unit/u_in_scaler_vec/g_lane_31__u_mul/fpnew_mul/gen_operation_groups_0__i_opgroup_block/gen_parallel_slices_2__active_format_i_fmt_slice/n45 (net)                                                                                                         1                   0.00       1.98 r                   
  gemm_unit/u_in_scaler_vec/g_lane_31__u_mul/fpnew_mul/gen_operation_groups_0__i_opgroup_block/gen_parallel_slices_2__active_format_i_fmt_slice/U16/Y (NAND2_X2B_A9TR)                                                                                                      0.03      0.02 *     2.00 f                   0.90
  gemm_unit/u_in_scaler_vec/g_lane_31__u_mul/fpnew_mul/gen_operation_groups_0__i_opgroup_block/gen_parallel_slices_2__active_format_i_fmt_slice/result_o[10] (net)                                                                                                1                   0.00       2.00 f                   
  gemm_unit/u_in_scaler_vec/g_lane_31__u_mul/fpnew_mul/gen_operation_groups_0__i_opgroup_block/gen_parallel_slices_2__active_format_i_fmt_slice/result_o[10] (fpnew_opgroup_fmt_slice_0_2_00000010_0_00000000_3__logic_Z_1yB__00000000_0)                                             0.00       2.00 f                   
  gemm_unit/u_in_scaler_vec/g_lane_31__u_mul/fpnew_mul/gen_operation_groups_0__i_opgroup_block/fmt_outputs_2__result__10_ (net)                                                                                                                                                       0.00       2.00 f                   
  gemm_unit/u_in_scaler_vec/g_lane_31__u_mul/fpnew_mul/gen_operation_groups_0__i_opgroup_block/i_arbiter/data_i[63] (rr_arb_tree_00000005_1_496242_0)                                                                                                                                 0.00       2.00 f                   
  gemm_unit/u_in_scaler_vec/g_lane_31__u_mul/fpnew_mul/gen_operation_groups_0__i_opgroup_block/i_arbiter/data_i[63] (net)                                                                                                                                                             0.00       2.00 f                   
  gemm_unit/u_in_scaler_vec/g_lane_31__u_mul/fpnew_mul/gen_operation_groups_0__i_opgroup_block/i_arbiter/U11/Y (NAND2_X2B_A9TR)                                                                                                                                             0.04      0.02 *     2.02 r                   0.90
  gemm_unit/u_in_scaler_vec/g_lane_31__u_mul/fpnew_mul/gen_operation_groups_0__i_opgroup_block/i_arbiter/n164 (net)                                                                                                                                               1                   0.00       2.02 r                   
  gemm_unit/u_in_scaler_vec/g_lane_31__u_mul/fpnew_mul/gen_operation_groups_0__i_opgroup_block/i_arbiter/U10/Y (INV_X2M_A9TR)                                                                                                                                               0.01      0.01 *     2.03 f                   0.90
  gemm_unit/u_in_scaler_vec/g_lane_31__u_mul/fpnew_mul/gen_operation_groups_0__i_opgroup_block/i_arbiter/data_o[17] (net)                                                                                                                                         1                   0.00       2.03 f                   
  gemm_unit/u_in_scaler_vec/g_lane_31__u_mul/fpnew_mul/gen_operation_groups_0__i_opgroup_block/i_arbiter/data_o[17] (rr_arb_tree_00000005_1_496242_0)                                                                                                                                 0.00       2.03 f                   
  gemm_unit/u_in_scaler_vec/g_lane_31__u_mul/fpnew_mul/gen_operation_groups_0__i_opgroup_block/result_o[10] (net)                                                                                                                                                                     0.00       2.03 f                   
  gemm_unit/u_in_scaler_vec/g_lane_31__u_mul/fpnew_mul/gen_operation_groups_0__i_opgroup_block/result_o[10] (fpnew_opgroup_block_0_00000010_0_2_04_2_155_3__logic_Z_1yB__00000000_388949_0)                                                                                           0.00       2.03 f                   
  gemm_unit/u_in_scaler_vec/g_lane_31__u_mul/fpnew_mul/opgrp_outputs[10] (net)                                                                                                                                                                                                        0.00       2.03 f                   
  gemm_unit/u_in_scaler_vec/g_lane_31__u_mul/fpnew_mul/i_arbiter/data_i[16] (rr_arb_tree_00000004_1_840242_0)                                                                                                                                                                         0.00       2.03 f                   
  gemm_unit/u_in_scaler_vec/g_lane_31__u_mul/fpnew_mul/i_arbiter/data_i[16] (net)                                                                                                                                                                                                     0.00       2.03 f                   
  gemm_unit/u_in_scaler_vec/g_lane_31__u_mul/fpnew_mul/i_arbiter/U8/Y (AND2_X2M_A9TR)                                                                                                                                                                                       0.01      0.04 *     2.07 f                   0.90
  gemm_unit/u_in_scaler_vec/g_lane_31__u_mul/fpnew_mul/i_arbiter/data_o[16] (net)                                                                                                                                                                                 1                   0.00       2.07 f                   
  gemm_unit/u_in_scaler_vec/g_lane_31__u_mul/fpnew_mul/i_arbiter/data_o[16] (rr_arb_tree_00000004_1_840242_0)                                                                                                                                                                         0.00       2.07 f                   
  gemm_unit/u_in_scaler_vec/g_lane_31__u_mul/fpnew_mul/result_o[10] (net)                                                                                                                                                                                                             0.00       2.07 f                   
  gemm_unit/u_in_scaler_vec/g_lane_31__u_mul/fpnew_mul/result_o[10] (fpnew_top_00000008042__logic_Z_1yB__566949_0)                                                                                                                                                                    0.00       2.07 f                   
  gemm_unit/u_in_scaler_vec/g_lane_31__u_mul/fpnew_result[10] (net)                                                                                                                                                                                                                   0.00       2.07 f                   
  gemm_unit/u_in_scaler_vec/g_lane_31__u_mul/result_buffer/data_in[10] (VX_elastic_buffer_6_0)                                                                                                                                                                                        0.00       2.07 f                   
  gemm_unit/u_in_scaler_vec/g_lane_31__u_mul/result_buffer/data_in[10] (net)                                                                                                                                                                                                          0.00       2.07 f                   
  gemm_unit/u_in_scaler_vec/g_lane_31__u_mul/result_buffer/g_eb1_pipe_buffer/data_in[10] (VX_pipe_buffer_17_0)                                                                                                                                                                        0.00       2.07 f                   
  gemm_unit/u_in_scaler_vec/g_lane_31__u_mul/result_buffer/g_eb1_pipe_buffer/data_in[10] (net)                                                                                                                                                                                        0.00       2.07 f                   
  gemm_unit/u_in_scaler_vec/g_lane_31__u_mul/result_buffer/g_eb1_pipe_buffer/g_register_g_pipe_regs_0__pipe_register/data_in[10] (VX_pipe_register_13_0)                                                                                                                              0.00       2.07 f                   
  gemm_unit/u_in_scaler_vec/g_lane_31__u_mul/result_buffer/g_eb1_pipe_buffer/g_register_g_pipe_regs_0__pipe_register/data_in[10] (net)                                                                                                                                                0.00       2.07 f                   
  gemm_unit/u_in_scaler_vec/g_lane_31__u_mul/result_buffer/g_eb1_pipe_buffer/g_register_g_pipe_regs_0__pipe_register/g_shift_register/data_in[10] (VX_shift_register_17_1_1_0_0)                                                                                                      0.00       2.07 f                   
  gemm_unit/u_in_scaler_vec/g_lane_31__u_mul/result_buffer/g_eb1_pipe_buffer/g_register_g_pipe_regs_0__pipe_register/g_shift_register/data_in[10] (net)                                                                                                                               0.00       2.07 f                   
  gemm_unit/u_in_scaler_vec/g_lane_31__u_mul/result_buffer/g_eb1_pipe_buffer/g_register_g_pipe_regs_0__pipe_register/g_shift_register/g_shift_pipe_reg_0__10_/D (DFFQ_X3M_A9TR)                                                                                             0.01      0.00 *     2.07 f                   0.90
  data arrival time                                                                                                                                                                                                                                                                              2.07                     

  clock CLK (rise edge)                                                                                                                                                                                                                                                               1.00       1.00                     
  clock network delay (ideal)                                                                                                                                                                                                                                                         0.00       1.00                     
  gemm_unit/u_in_scaler_vec/g_lane_31__u_mul/result_buffer/g_eb1_pipe_buffer/g_register_g_pipe_regs_0__pipe_register/g_shift_register/g_shift_pipe_reg_0__10_/CK (DFFQ_X3M_A9TR)                                                                                                      0.00       1.00 r                   
  library setup time                                                                                                                                                                                                                                                                 -0.02       0.98                     
  data required time                                                                                                                                                                                                                                                                             0.98                     
  -------------------------------------------------------------------------------------------------------------------------------------------------------------------------------------------------------------------------------------------------------------------------------------------------------------------------------------
  data required time                                                                                                                                                                                                                                                                             0.98                     
  data arrival time                                                                                                                                                                                                                                                                             -2.07                     
  -------------------------------------------------------------------------------------------------------------------------------------------------------------------------------------------------------------------------------------------------------------------------------------------------------------------------------------
  slack (VIOLATED)                                                                                                                                                                                                                                                                              -1.09                     


  Startpoint: gemm_unit/u_in_scaler_vec/g_lane_4__u_mul/input_buffer/g_eb1_pipe_buffer/g_register_g_pipe_regs_0__pipe_register/g_shift_register/g_shift_pipe_reg_0__19_
              (rising edge-triggered flip-flop clocked by CLK)
  Endpoint: gemm_unit/u_in_scaler_vec/g_lane_4__u_mul/result_buffer/g_eb1_pipe_buffer/g_register_g_pipe_regs_0__pipe_register/g_shift_register/g_shift_pipe_reg_0__9_
            (rising edge-triggered flip-flop clocked by CLK)
  Scenario: mode_norm.OC_rvt_ss_0p900v_125c
  Path Group: CLK
  Path Type: max

Attributes:
    d - dont_touch
    u - dont_use
   mo - map_only
   so - size_only
    i - ideal_net or ideal_network
  inf - infeasible path

  Point                                                                                                                                                                                                                                                         Fanout     Trans      Incr       Path      Attributes     Voltage
  -------------------------------------------------------------------------------------------------------------------------------------------------------------------------------------------------------------------------------------------------------------------------------------------------------------------------------------
  clock CLK (rise edge)                                                                                                                                                                                                                                                               0.00       0.00                     
  clock network delay (ideal)                                                                                                                                                                                                                                                         0.00       0.00                     
  gemm_unit/u_in_scaler_vec/g_lane_4__u_mul/input_buffer/g_eb1_pipe_buffer/g_register_g_pipe_regs_0__pipe_register/g_shift_register/g_shift_pipe_reg_0__19_/CK (DFFQ_X4M_A9TR)                                                                                              0.00      0.00       0.00 r    i              0.90
  gemm_unit/u_in_scaler_vec/g_lane_4__u_mul/input_buffer/g_eb1_pipe_buffer/g_register_g_pipe_regs_0__pipe_register/g_shift_register/g_shift_pipe_reg_0__19_/Q (DFFQ_X4M_A9TR)                                                                                               0.01      0.09       0.09 f                   0.90
  gemm_unit/u_in_scaler_vec/g_lane_4__u_mul/input_buffer/g_eb1_pipe_buffer/g_register_g_pipe_regs_0__pipe_register/g_shift_register/data_out[19] (net)                                                                                                            1                   0.00       0.09 f                   
  gemm_unit/u_in_scaler_vec/g_lane_4__u_mul/input_buffer/g_eb1_pipe_buffer/g_register_g_pipe_regs_0__pipe_register/g_shift_register/data_out[19] (VX_shift_register_33_1_1_0_123)                                                                                                     0.00       0.09 f                   
  gemm_unit/u_in_scaler_vec/g_lane_4__u_mul/input_buffer/g_eb1_pipe_buffer/g_register_g_pipe_regs_0__pipe_register/data_out[19] (net)                                                                                                                                                 0.00       0.09 f                   
  gemm_unit/u_in_scaler_vec/g_lane_4__u_mul/input_buffer/g_eb1_pipe_buffer/g_register_g_pipe_regs_0__pipe_register/data_out[19] (VX_pipe_register_12_123)                                                                                                                             0.00       0.09 f                   
  gemm_unit/u_in_scaler_vec/g_lane_4__u_mul/input_buffer/g_eb1_pipe_buffer/data_out[19] (net)                                                                                                                                                                                         0.00       0.09 f                   
  gemm_unit/u_in_scaler_vec/g_lane_4__u_mul/input_buffer/g_eb1_pipe_buffer/data_out[19] (VX_pipe_buffer_16_123)                                                                                                                                                                       0.00       0.09 f                   
  gemm_unit/u_in_scaler_vec/g_lane_4__u_mul/input_buffer/data_out[19] (net)                                                                                                                                                                                                           0.00       0.09 f                   
  gemm_unit/u_in_scaler_vec/g_lane_4__u_mul/input_buffer/data_out[19] (VX_elastic_buffer_5_27)                                                                                                                                                                                        0.00       0.09 f                   
  gemm_unit/u_in_scaler_vec/g_lane_4__u_mul/fpnew_inputs_data[19] (net)                                                                                                                                                                                                               0.00       0.09 f                   
  gemm_unit/u_in_scaler_vec/g_lane_4__u_mul/fpnew_mul/operands_i[19] (fpnew_top_00000008042__logic_Z_1yB__566949_27)                                                                                                                                                                  0.00       0.09 f                   
  gemm_unit/u_in_scaler_vec/g_lane_4__u_mul/fpnew_mul/operands_i[19] (net)                                                                                                                                                                                                            0.00       0.09 f                   
  gemm_unit/u_in_scaler_vec/g_lane_4__u_mul/fpnew_mul/gen_operation_groups_0__i_opgroup_block/operands_i[19] (fpnew_opgroup_block_0_00000010_0_2_04_2_155_3__logic_Z_1yB__00000000_388949_27)                                                                                         0.00       0.09 f                   
  gemm_unit/u_in_scaler_vec/g_lane_4__u_mul/fpnew_mul/gen_operation_groups_0__i_opgroup_block/operands_i[19] (net)                                                                                                                                                                    0.00       0.09 f                   
  gemm_unit/u_in_scaler_vec/g_lane_4__u_mul/fpnew_mul/gen_operation_groups_0__i_opgroup_block/U6/Y (BUF_X13M_A9TR)                                                                                                                                                          0.03      0.04 *     0.14 f                   0.90
  gemm_unit/u_in_scaler_vec/g_lane_4__u_mul/fpnew_mul/gen_operation_groups_0__i_opgroup_block/n50 (net)                                                                                                                                                          18                   0.00       0.14 f                   
  gemm_unit/u_in_scaler_vec/g_lane_4__u_mul/fpnew_mul/gen_operation_groups_0__i_opgroup_block/gen_parallel_slices_2__active_format_i_fmt_slice/operands_i[19] (fpnew_opgroup_fmt_slice_0_2_00000010_0_00000000_3__logic_Z_1yB__00000000_27)                                           0.00       0.14 f                   
  gemm_unit/u_in_scaler_vec/g_lane_4__u_mul/fpnew_mul/gen_operation_groups_0__i_opgroup_block/gen_parallel_slices_2__active_format_i_fmt_slice/operands_i[19] (net)                                                                                                                   0.00       0.14 f                   
  gemm_unit/u_in_scaler_vec/g_lane_4__u_mul/fpnew_mul/gen_operation_groups_0__i_opgroup_block/gen_parallel_slices_2__active_format_i_fmt_slice/gen_num_lanes_0__active_lane_lane_instance_i_fma/operands_i[19] (fpnew_fma_2_00000000_3__logic_Z_1yB___logic_Z_1yB__27)                0.00       0.14 f                   
  gemm_unit/u_in_scaler_vec/g_lane_4__u_mul/fpnew_mul/gen_operation_groups_0__i_opgroup_block/gen_parallel_slices_2__active_format_i_fmt_slice/gen_num_lanes_0__active_lane_lane_instance_i_fma/operands_i[19] (net)                                                                  0.00       0.14 f                   
  gemm_unit/u_in_scaler_vec/g_lane_4__u_mul/fpnew_mul/gen_operation_groups_0__i_opgroup_block/gen_parallel_slices_2__active_format_i_fmt_slice/gen_num_lanes_0__active_lane_lane_instance_i_fma/U1190/Y (XNOR2_X4M_A9TR)                                                    0.04      0.04 *     0.18 f                   0.90
  gemm_unit/u_in_scaler_vec/g_lane_4__u_mul/fpnew_mul/gen_operation_groups_0__i_opgroup_block/gen_parallel_slices_2__active_format_i_fmt_slice/gen_num_lanes_0__active_lane_lane_instance_i_fma/n576 (net)                                                        3                   0.00       0.18 f                   
  gemm_unit/u_in_scaler_vec/g_lane_4__u_mul/fpnew_mul/gen_operation_groups_0__i_opgroup_block/gen_parallel_slices_2__active_format_i_fmt_slice/gen_num_lanes_0__active_lane_lane_instance_i_fma/U466/Y (BUFH_X6M_A9TR)                                                      0.02      0.04 *     0.23 f                   0.90
  gemm_unit/u_in_scaler_vec/g_lane_4__u_mul/fpnew_mul/gen_operation_groups_0__i_opgroup_block/gen_parallel_slices_2__active_format_i_fmt_slice/gen_num_lanes_0__active_lane_lane_instance_i_fma/n1570 (net)                                                      12                   0.00       0.23 f                   
  gemm_unit/u_in_scaler_vec/g_lane_4__u_mul/fpnew_mul/gen_operation_groups_0__i_opgroup_block/gen_parallel_slices_2__active_format_i_fmt_slice/gen_num_lanes_0__active_lane_lane_instance_i_fma/U71/Y (OAI22_X1M_A9TR)                                                      0.14      0.09 *     0.32 r                   0.90
  gemm_unit/u_in_scaler_vec/g_lane_4__u_mul/fpnew_mul/gen_operation_groups_0__i_opgroup_block/gen_parallel_slices_2__active_format_i_fmt_slice/gen_num_lanes_0__active_lane_lane_instance_i_fma/n451 (net)                                                        3                   0.00       0.32 r                   
  gemm_unit/u_in_scaler_vec/g_lane_4__u_mul/fpnew_mul/gen_operation_groups_0__i_opgroup_block/gen_parallel_slices_2__active_format_i_fmt_slice/gen_num_lanes_0__active_lane_lane_instance_i_fma/U1154/Y (XNOR2_X1P4M_A9TR)                                                  0.07      0.06 *     0.37 r                   0.90
  gemm_unit/u_in_scaler_vec/g_lane_4__u_mul/fpnew_mul/gen_operation_groups_0__i_opgroup_block/gen_parallel_slices_2__active_format_i_fmt_slice/gen_num_lanes_0__active_lane_lane_instance_i_fma/n1607 (net)                                                       1                   0.00       0.37 r                   
  gemm_unit/u_in_scaler_vec/g_lane_4__u_mul/fpnew_mul/gen_operation_groups_0__i_opgroup_block/gen_parallel_slices_2__active_format_i_fmt_slice/gen_num_lanes_0__active_lane_lane_instance_i_fma/U1153/Y (XNOR2_X1P4M_A9TR)                                                  0.07      0.06 *     0.43 r                   0.90
  gemm_unit/u_in_scaler_vec/g_lane_4__u_mul/fpnew_mul/gen_operation_groups_0__i_opgroup_block/gen_parallel_slices_2__active_format_i_fmt_slice/gen_num_lanes_0__active_lane_lane_instance_i_fma/n445 (net)                                                        2                   0.00       0.43 r                   
  gemm_unit/u_in_scaler_vec/g_lane_4__u_mul/fpnew_mul/gen_operation_groups_0__i_opgroup_block/gen_parallel_slices_2__active_format_i_fmt_slice/gen_num_lanes_0__active_lane_lane_instance_i_fma/U499/Y (OR2_X1P4B_A9TR)                                                     0.03      0.07 *     0.50 r                   0.90
  gemm_unit/u_in_scaler_vec/g_lane_4__u_mul/fpnew_mul/gen_operation_groups_0__i_opgroup_block/gen_parallel_slices_2__active_format_i_fmt_slice/gen_num_lanes_0__active_lane_lane_instance_i_fma/n667 (net)                                                        2                   0.00       0.50 r                   
  gemm_unit/u_in_scaler_vec/g_lane_4__u_mul/fpnew_mul/gen_operation_groups_0__i_opgroup_block/gen_parallel_slices_2__active_format_i_fmt_slice/gen_num_lanes_0__active_lane_lane_instance_i_fma/U112/Y (AOI21_X3M_A9TR)                                                     0.04      0.03 *     0.54 f                   0.90
  gemm_unit/u_in_scaler_vec/g_lane_4__u_mul/fpnew_mul/gen_operation_groups_0__i_opgroup_block/gen_parallel_slices_2__active_format_i_fmt_slice/gen_num_lanes_0__active_lane_lane_instance_i_fma/n673 (net)                                                        2                   0.00       0.54 f                   
  gemm_unit/u_in_scaler_vec/g_lane_4__u_mul/fpnew_mul/gen_operation_groups_0__i_opgroup_block/gen_parallel_slices_2__active_format_i_fmt_slice/gen_num_lanes_0__active_lane_lane_instance_i_fma/U117/Y (OAI21_X4M_A9TR)                                                     0.05      0.04 *     0.58 r                   0.90
  gemm_unit/u_in_scaler_vec/g_lane_4__u_mul/fpnew_mul/gen_operation_groups_0__i_opgroup_block/gen_parallel_slices_2__active_format_i_fmt_slice/gen_num_lanes_0__active_lane_lane_instance_i_fma/n527 (net)                                                        2                   0.00       0.58 r                   
  gemm_unit/u_in_scaler_vec/g_lane_4__u_mul/fpnew_mul/gen_operation_groups_0__i_opgroup_block/gen_parallel_slices_2__active_format_i_fmt_slice/gen_num_lanes_0__active_lane_lane_instance_i_fma/U1222/Y (AOI21_X4M_A9TR)                                                    0.03      0.04 *     0.62 f                   0.90
  gemm_unit/u_in_scaler_vec/g_lane_4__u_mul/fpnew_mul/gen_operation_groups_0__i_opgroup_block/gen_parallel_slices_2__active_format_i_fmt_slice/gen_num_lanes_0__active_lane_lane_instance_i_fma/n678 (net)                                                        2                   0.00       0.62 f                   
  gemm_unit/u_in_scaler_vec/g_lane_4__u_mul/fpnew_mul/gen_operation_groups_0__i_opgroup_block/gen_parallel_slices_2__active_format_i_fmt_slice/gen_num_lanes_0__active_lane_lane_instance_i_fma/U146/Y (OAI21_X6M_A9TR)                                                     0.05      0.05 *     0.67 r                   0.90
  gemm_unit/u_in_scaler_vec/g_lane_4__u_mul/fpnew_mul/gen_operation_groups_0__i_opgroup_block/gen_parallel_slices_2__active_format_i_fmt_slice/gen_num_lanes_0__active_lane_lane_instance_i_fma/n680 (net)                                                        4                   0.00       0.67 r                   
  gemm_unit/u_in_scaler_vec/g_lane_4__u_mul/fpnew_mul/gen_operation_groups_0__i_opgroup_block/gen_parallel_slices_2__active_format_i_fmt_slice/gen_num_lanes_0__active_lane_lane_instance_i_fma/U322/Y (INV_X0P7M_A9TR)                                                     0.03      0.03 *     0.70 f                   0.90
  gemm_unit/u_in_scaler_vec/g_lane_4__u_mul/fpnew_mul/gen_operation_groups_0__i_opgroup_block/gen_parallel_slices_2__active_format_i_fmt_slice/gen_num_lanes_0__active_lane_lane_instance_i_fma/n685 (net)                                                        1                   0.00       0.70 f                   
  gemm_unit/u_in_scaler_vec/g_lane_4__u_mul/fpnew_mul/gen_operation_groups_0__i_opgroup_block/gen_parallel_slices_2__active_format_i_fmt_slice/gen_num_lanes_0__active_lane_lane_instance_i_fma/U325/Y (XOR2_X2M_A9TR)                                                      0.06      0.05 *     0.75 f                   0.90
  gemm_unit/u_in_scaler_vec/g_lane_4__u_mul/fpnew_mul/gen_operation_groups_0__i_opgroup_block/gen_parallel_slices_2__active_format_i_fmt_slice/gen_num_lanes_0__active_lane_lane_instance_i_fma/sum_pos[12] (net)                                                 5                   0.00       0.75 f                   
  gemm_unit/u_in_scaler_vec/g_lane_4__u_mul/fpnew_mul/gen_operation_groups_0__i_opgroup_block/gen_parallel_slices_2__active_format_i_fmt_slice/gen_num_lanes_0__active_lane_lane_instance_i_fma/i_lzc/in_i[12] (lzc_00000019_1_27)                                                    0.00       0.75 f                   
  gemm_unit/u_in_scaler_vec/g_lane_4__u_mul/fpnew_mul/gen_operation_groups_0__i_opgroup_block/gen_parallel_slices_2__active_format_i_fmt_slice/gen_num_lanes_0__active_lane_lane_instance_i_fma/i_lzc/in_i[12] (net)                                                                  0.00       0.75 f                   
  gemm_unit/u_in_scaler_vec/g_lane_4__u_mul/fpnew_mul/gen_operation_groups_0__i_opgroup_block/gen_parallel_slices_2__active_format_i_fmt_slice/gen_num_lanes_0__active_lane_lane_instance_i_fma/i_lzc/U3/Y (OR2_X2M_A9TR)                                                   0.02      0.06 *     0.82 f                   0.90
  gemm_unit/u_in_scaler_vec/g_lane_4__u_mul/fpnew_mul/gen_operation_groups_0__i_opgroup_block/gen_parallel_slices_2__active_format_i_fmt_slice/gen_num_lanes_0__active_lane_lane_instance_i_fma/i_lzc/n101 (net)                                                  2                   0.00       0.82 f                   
  gemm_unit/u_in_scaler_vec/g_lane_4__u_mul/fpnew_mul/gen_operation_groups_0__i_opgroup_block/gen_parallel_slices_2__active_format_i_fmt_slice/gen_num_lanes_0__active_lane_lane_instance_i_fma/i_lzc/U41/Y (NOR3_X4M_A9TR)                                                 0.04      0.03 *     0.85 r                   0.90
  gemm_unit/u_in_scaler_vec/g_lane_4__u_mul/fpnew_mul/gen_operation_groups_0__i_opgroup_block/gen_parallel_slices_2__active_format_i_fmt_slice/gen_num_lanes_0__active_lane_lane_instance_i_fma/i_lzc/n158 (net)                                                  1                   0.00       0.85 r                   
  gemm_unit/u_in_scaler_vec/g_lane_4__u_mul/fpnew_mul/gen_operation_groups_0__i_opgroup_block/gen_parallel_slices_2__active_format_i_fmt_slice/gen_num_lanes_0__active_lane_lane_instance_i_fma/i_lzc/U9/Y (NAND3_X2A_A9TR)                                                 0.04      0.04 *     0.88 f                   0.90
  gemm_unit/u_in_scaler_vec/g_lane_4__u_mul/fpnew_mul/gen_operation_groups_0__i_opgroup_block/gen_parallel_slices_2__active_format_i_fmt_slice/gen_num_lanes_0__active_lane_lane_instance_i_fma/i_lzc/n80 (net)                                                   1                   0.00       0.88 f                   
  gemm_unit/u_in_scaler_vec/g_lane_4__u_mul/fpnew_mul/gen_operation_groups_0__i_opgroup_block/gen_parallel_slices_2__active_format_i_fmt_slice/gen_num_lanes_0__active_lane_lane_instance_i_fma/i_lzc/U74/Y (NOR2_X4A_A9TR)                                                 0.05      0.04 *     0.93 r                   0.90
  gemm_unit/u_in_scaler_vec/g_lane_4__u_mul/fpnew_mul/gen_operation_groups_0__i_opgroup_block/gen_parallel_slices_2__active_format_i_fmt_slice/gen_num_lanes_0__active_lane_lane_instance_i_fma/i_lzc/n162 (net)                                                  2                   0.00       0.93 r                   
  gemm_unit/u_in_scaler_vec/g_lane_4__u_mul/fpnew_mul/gen_operation_groups_0__i_opgroup_block/gen_parallel_slices_2__active_format_i_fmt_slice/gen_num_lanes_0__active_lane_lane_instance_i_fma/i_lzc/U33/Y (NAND3_X6A_A9TR)                                                0.04      0.04 *     0.96 f                   0.90
  gemm_unit/u_in_scaler_vec/g_lane_4__u_mul/fpnew_mul/gen_operation_groups_0__i_opgroup_block/gen_parallel_slices_2__active_format_i_fmt_slice/gen_num_lanes_0__active_lane_lane_instance_i_fma/i_lzc/n157 (net)                                                  4                   0.00       0.96 f                   
  gemm_unit/u_in_scaler_vec/g_lane_4__u_mul/fpnew_mul/gen_operation_groups_0__i_opgroup_block/gen_parallel_slices_2__active_format_i_fmt_slice/gen_num_lanes_0__active_lane_lane_instance_i_fma/i_lzc/U52/Y (NOR2_X6M_A9TR)                                                 0.04      0.04 *     1.00 r                   0.90
  gemm_unit/u_in_scaler_vec/g_lane_4__u_mul/fpnew_mul/gen_operation_groups_0__i_opgroup_block/gen_parallel_slices_2__active_format_i_fmt_slice/gen_num_lanes_0__active_lane_lane_instance_i_fma/i_lzc/cnt_o[4] (net)                                              5                   0.00       1.00 r                   
  gemm_unit/u_in_scaler_vec/g_lane_4__u_mul/fpnew_mul/gen_operation_groups_0__i_opgroup_block/gen_parallel_slices_2__active_format_i_fmt_slice/gen_num_lanes_0__active_lane_lane_instance_i_fma/i_lzc/cnt_o[4] (lzc_00000019_1_27)                                                    0.00       1.00 r                   
  gemm_unit/u_in_scaler_vec/g_lane_4__u_mul/fpnew_mul/gen_operation_groups_0__i_opgroup_block/gen_parallel_slices_2__active_format_i_fmt_slice/gen_num_lanes_0__active_lane_lane_instance_i_fma/leading_zero_count[4] (net)                                                           0.00       1.00 r                   
  gemm_unit/u_in_scaler_vec/g_lane_4__u_mul/fpnew_mul/gen_operation_groups_0__i_opgroup_block/gen_parallel_slices_2__active_format_i_fmt_slice/gen_num_lanes_0__active_lane_lane_instance_i_fma/U448/Y (INV_X2M_A9TR)                                                       0.02      0.02 *     1.02 f                   0.90
  gemm_unit/u_in_scaler_vec/g_lane_4__u_mul/fpnew_mul/gen_operation_groups_0__i_opgroup_block/gen_parallel_slices_2__active_format_i_fmt_slice/gen_num_lanes_0__active_lane_lane_instance_i_fma/n881 (net)                                                        2                   0.00       1.02 f                   
  gemm_unit/u_in_scaler_vec/g_lane_4__u_mul/fpnew_mul/gen_operation_groups_0__i_opgroup_block/gen_parallel_slices_2__active_format_i_fmt_slice/gen_num_lanes_0__active_lane_lane_instance_i_fma/U1195/Y (NAND2_X2B_A9TR)                                                    0.02      0.02 *     1.04 r                   0.90
  gemm_unit/u_in_scaler_vec/g_lane_4__u_mul/fpnew_mul/gen_operation_groups_0__i_opgroup_block/gen_parallel_slices_2__active_format_i_fmt_slice/gen_num_lanes_0__active_lane_lane_instance_i_fma/n1672 (net)                                                       1                   0.00       1.04 r                   
  gemm_unit/u_in_scaler_vec/g_lane_4__u_mul/fpnew_mul/gen_operation_groups_0__i_opgroup_block/gen_parallel_slices_2__active_format_i_fmt_slice/gen_num_lanes_0__active_lane_lane_instance_i_fma/U230/Y (NAND2_X2B_A9TR)                                                     0.02      0.02 *     1.06 f                   0.90
  gemm_unit/u_in_scaler_vec/g_lane_4__u_mul/fpnew_mul/gen_operation_groups_0__i_opgroup_block/gen_parallel_slices_2__active_format_i_fmt_slice/gen_num_lanes_0__active_lane_lane_instance_i_fma/n1546 (net)                                                       1                   0.00       1.06 f                   
  gemm_unit/u_in_scaler_vec/g_lane_4__u_mul/fpnew_mul/gen_operation_groups_0__i_opgroup_block/gen_parallel_slices_2__active_format_i_fmt_slice/gen_num_lanes_0__active_lane_lane_instance_i_fma/U227/Y (INV_X1P7B_A9TR)                                                     0.02      0.02 *     1.08 r                   0.90
  gemm_unit/u_in_scaler_vec/g_lane_4__u_mul/fpnew_mul/gen_operation_groups_0__i_opgroup_block/gen_parallel_slices_2__active_format_i_fmt_slice/gen_num_lanes_0__active_lane_lane_instance_i_fma/n1576 (net)                                                       1                   0.00       1.08 r                   
  gemm_unit/u_in_scaler_vec/g_lane_4__u_mul/fpnew_mul/gen_operation_groups_0__i_opgroup_block/gen_parallel_slices_2__active_format_i_fmt_slice/gen_num_lanes_0__active_lane_lane_instance_i_fma/U244/Y (NAND2_X2B_A9TR)                                                     0.03      0.02 *     1.10 f                   0.90
  gemm_unit/u_in_scaler_vec/g_lane_4__u_mul/fpnew_mul/gen_operation_groups_0__i_opgroup_block/gen_parallel_slices_2__active_format_i_fmt_slice/gen_num_lanes_0__active_lane_lane_instance_i_fma/n1548 (net)                                                       1                   0.00       1.10 f                   
  gemm_unit/u_in_scaler_vec/g_lane_4__u_mul/fpnew_mul/gen_operation_groups_0__i_opgroup_block/gen_parallel_slices_2__active_format_i_fmt_slice/gen_num_lanes_0__active_lane_lane_instance_i_fma/U243/Y (NOR2_X6M_A9TR)                                                      0.05      0.04 *     1.14 r                   0.90
  gemm_unit/u_in_scaler_vec/g_lane_4__u_mul/fpnew_mul/gen_operation_groups_0__i_opgroup_block/gen_parallel_slices_2__active_format_i_fmt_slice/gen_num_lanes_0__active_lane_lane_instance_i_fma/n1685 (net)                                                       2                   0.00       1.14 r                   
  gemm_unit/u_in_scaler_vec/g_lane_4__u_mul/fpnew_mul/gen_operation_groups_0__i_opgroup_block/gen_parallel_slices_2__active_format_i_fmt_slice/gen_num_lanes_0__active_lane_lane_instance_i_fma/U269/Y (NAND2_X6B_A9TR)                                                     0.03      0.03 *     1.18 f                   0.90
  gemm_unit/u_in_scaler_vec/g_lane_4__u_mul/fpnew_mul/gen_operation_groups_0__i_opgroup_block/gen_parallel_slices_2__active_format_i_fmt_slice/gen_num_lanes_0__active_lane_lane_instance_i_fma/n983 (net)                                                        3                   0.00       1.18 f                   
  gemm_unit/u_in_scaler_vec/g_lane_4__u_mul/fpnew_mul/gen_operation_groups_0__i_opgroup_block/gen_parallel_slices_2__active_format_i_fmt_slice/gen_num_lanes_0__active_lane_lane_instance_i_fma/U1131/Y (OA21_X6M_A9TR)                                                     0.03      0.06 *     1.24 f                   0.90
  gemm_unit/u_in_scaler_vec/g_lane_4__u_mul/fpnew_mul/gen_operation_groups_0__i_opgroup_block/gen_parallel_slices_2__active_format_i_fmt_slice/gen_num_lanes_0__active_lane_lane_instance_i_fma/n1612 (net)                                                       2                   0.00       1.24 f                   
  gemm_unit/u_in_scaler_vec/g_lane_4__u_mul/fpnew_mul/gen_operation_groups_0__i_opgroup_block/gen_parallel_slices_2__active_format_i_fmt_slice/gen_num_lanes_0__active_lane_lane_instance_i_fma/U222/Y (NAND2_X8B_A9TR)                                                     0.03      0.03 *     1.26 r                   0.90
  gemm_unit/u_in_scaler_vec/g_lane_4__u_mul/fpnew_mul/gen_operation_groups_0__i_opgroup_block/gen_parallel_slices_2__active_format_i_fmt_slice/gen_num_lanes_0__active_lane_lane_instance_i_fma/n1545 (net)                                                       4                   0.00       1.26 r                   
  gemm_unit/u_in_scaler_vec/g_lane_4__u_mul/fpnew_mul/gen_operation_groups_0__i_opgroup_block/gen_parallel_slices_2__active_format_i_fmt_slice/gen_num_lanes_0__active_lane_lane_instance_i_fma/U467/Y (INV_X6M_A9TR)                                                       0.02      0.02 *     1.28 f                   0.90
  gemm_unit/u_in_scaler_vec/g_lane_4__u_mul/fpnew_mul/gen_operation_groups_0__i_opgroup_block/gen_parallel_slices_2__active_format_i_fmt_slice/gen_num_lanes_0__active_lane_lane_instance_i_fma/n999 (net)                                                        3                   0.00       1.28 f                   
  gemm_unit/u_in_scaler_vec/g_lane_4__u_mul/fpnew_mul/gen_operation_groups_0__i_opgroup_block/gen_parallel_slices_2__active_format_i_fmt_slice/gen_num_lanes_0__active_lane_lane_instance_i_fma/U397/Y (NOR2_X8A_A9TR)                                                      0.04      0.04 *     1.32 r                   0.90
  gemm_unit/u_in_scaler_vec/g_lane_4__u_mul/fpnew_mul/gen_operation_groups_0__i_opgroup_block/gen_parallel_slices_2__active_format_i_fmt_slice/gen_num_lanes_0__active_lane_lane_instance_i_fma/n1563 (net)                                                       6                   0.00       1.32 r                   
  gemm_unit/u_in_scaler_vec/g_lane_4__u_mul/fpnew_mul/gen_operation_groups_0__i_opgroup_block/gen_parallel_slices_2__active_format_i_fmt_slice/gen_num_lanes_0__active_lane_lane_instance_i_fma/U571/Y (BUF_X2M_A9TR)                                                       0.06      0.06 *     1.38 r                   0.90
  gemm_unit/u_in_scaler_vec/g_lane_4__u_mul/fpnew_mul/gen_operation_groups_0__i_opgroup_block/gen_parallel_slices_2__active_format_i_fmt_slice/gen_num_lanes_0__active_lane_lane_instance_i_fma/n1609 (net)                                                       9                   0.00       1.38 r                   
  gemm_unit/u_in_scaler_vec/g_lane_4__u_mul/fpnew_mul/gen_operation_groups_0__i_opgroup_block/gen_parallel_slices_2__active_format_i_fmt_slice/gen_num_lanes_0__active_lane_lane_instance_i_fma/U828/Y (NAND2_X1B_A9TR)                                                     0.04      0.03 *     1.41 f                   0.90
  gemm_unit/u_in_scaler_vec/g_lane_4__u_mul/fpnew_mul/gen_operation_groups_0__i_opgroup_block/gen_parallel_slices_2__active_format_i_fmt_slice/gen_num_lanes_0__active_lane_lane_instance_i_fma/n1185 (net)                                                       1                   0.00       1.41 f                   
  gemm_unit/u_in_scaler_vec/g_lane_4__u_mul/fpnew_mul/gen_operation_groups_0__i_opgroup_block/gen_parallel_slices_2__active_format_i_fmt_slice/gen_num_lanes_0__active_lane_lane_instance_i_fma/U832/Y (NAND4_X2A_A9TR)                                                     0.06      0.04 *     1.45 r                   0.90
  gemm_unit/u_in_scaler_vec/g_lane_4__u_mul/fpnew_mul/gen_operation_groups_0__i_opgroup_block/gen_parallel_slices_2__active_format_i_fmt_slice/gen_num_lanes_0__active_lane_lane_instance_i_fma/n1413 (net)                                                       4                   0.00       1.45 r                   
  gemm_unit/u_in_scaler_vec/g_lane_4__u_mul/fpnew_mul/gen_operation_groups_0__i_opgroup_block/gen_parallel_slices_2__active_format_i_fmt_slice/gen_num_lanes_0__active_lane_lane_instance_i_fma/U947/Y (OR2_X1M_A9TR)                                                       0.03      0.06 *     1.51 r                   0.90
  gemm_unit/u_in_scaler_vec/g_lane_4__u_mul/fpnew_mul/gen_operation_groups_0__i_opgroup_block/gen_parallel_slices_2__active_format_i_fmt_slice/gen_num_lanes_0__active_lane_lane_instance_i_fma/n1281 (net)                                                       1                   0.00       1.51 r                   
  gemm_unit/u_in_scaler_vec/g_lane_4__u_mul/fpnew_mul/gen_operation_groups_0__i_opgroup_block/gen_parallel_slices_2__active_format_i_fmt_slice/gen_num_lanes_0__active_lane_lane_instance_i_fma/U951/Y (NAND4_X2A_A9TR)                                                     0.05      0.04 *     1.55 f                   0.90
  gemm_unit/u_in_scaler_vec/g_lane_4__u_mul/fpnew_mul/gen_operation_groups_0__i_opgroup_block/gen_parallel_slices_2__active_format_i_fmt_slice/gen_num_lanes_0__active_lane_lane_instance_i_fma/n1397 (net)                                                       2                   0.00       1.55 f                   
  gemm_unit/u_in_scaler_vec/g_lane_4__u_mul/fpnew_mul/gen_operation_groups_0__i_opgroup_block/gen_parallel_slices_2__active_format_i_fmt_slice/gen_num_lanes_0__active_lane_lane_instance_i_fma/U953/Y (OAI21_X2M_A9TR)                                                     0.05      0.06 *     1.60 r                   0.90
  gemm_unit/u_in_scaler_vec/g_lane_4__u_mul/fpnew_mul/gen_operation_groups_0__i_opgroup_block/gen_parallel_slices_2__active_format_i_fmt_slice/gen_num_lanes_0__active_lane_lane_instance_i_fma/n1364 (net)                                                       2                   0.00       1.60 r                   
  gemm_unit/u_in_scaler_vec/g_lane_4__u_mul/fpnew_mul/gen_operation_groups_0__i_opgroup_block/gen_parallel_slices_2__active_format_i_fmt_slice/gen_num_lanes_0__active_lane_lane_instance_i_fma/U954/Y (INV_X2M_A9TR)                                                       0.02      0.02 *     1.62 f                   0.90
  gemm_unit/u_in_scaler_vec/g_lane_4__u_mul/fpnew_mul/gen_operation_groups_0__i_opgroup_block/gen_parallel_slices_2__active_format_i_fmt_slice/gen_num_lanes_0__active_lane_lane_instance_i_fma/n1349 (net)                                                       2                   0.00       1.62 f                   
  gemm_unit/u_in_scaler_vec/g_lane_4__u_mul/fpnew_mul/gen_operation_groups_0__i_opgroup_block/gen_parallel_slices_2__active_format_i_fmt_slice/gen_num_lanes_0__active_lane_lane_instance_i_fma/U960/Y (OAI22_X1M_A9TR)                                                     0.06      0.05 *     1.67 r                   0.90
  gemm_unit/u_in_scaler_vec/g_lane_4__u_mul/fpnew_mul/gen_operation_groups_0__i_opgroup_block/gen_parallel_slices_2__active_format_i_fmt_slice/gen_num_lanes_0__active_lane_lane_instance_i_fma/n1303 (net)                                                       1                   0.00       1.67 r                   
  gemm_unit/u_in_scaler_vec/g_lane_4__u_mul/fpnew_mul/gen_operation_groups_0__i_opgroup_block/gen_parallel_slices_2__active_format_i_fmt_slice/gen_num_lanes_0__active_lane_lane_instance_i_fma/U969/Y (OR2_X1P4M_A9TR)                                                     0.03      0.06 *     1.73 r                   0.90
  gemm_unit/u_in_scaler_vec/g_lane_4__u_mul/fpnew_mul/gen_operation_groups_0__i_opgroup_block/gen_parallel_slices_2__active_format_i_fmt_slice/gen_num_lanes_0__active_lane_lane_instance_i_fma/n1304 (net)                                                       1                   0.00       1.73 r                   
  gemm_unit/u_in_scaler_vec/g_lane_4__u_mul/fpnew_mul/gen_operation_groups_0__i_opgroup_block/gen_parallel_slices_2__active_format_i_fmt_slice/gen_num_lanes_0__active_lane_lane_instance_i_fma/U970/Y (OR2_X6M_A9TR)                                                       0.02      0.05 *     1.78 r                   0.90
  gemm_unit/u_in_scaler_vec/g_lane_4__u_mul/fpnew_mul/gen_operation_groups_0__i_opgroup_block/gen_parallel_slices_2__active_format_i_fmt_slice/gen_num_lanes_0__active_lane_lane_instance_i_fma/pre_round_mantissa[7] (net)                                       6                   0.00       1.78 r                   
  gemm_unit/u_in_scaler_vec/g_lane_4__u_mul/fpnew_mul/gen_operation_groups_0__i_opgroup_block/gen_parallel_slices_2__active_format_i_fmt_slice/gen_num_lanes_0__active_lane_lane_instance_i_fma/i_fpnew_rounding/abs_value_i[7] (fpnew_rounding_0000000f_27)                          0.00       1.78 r                   
  gemm_unit/u_in_scaler_vec/g_lane_4__u_mul/fpnew_mul/gen_operation_groups_0__i_opgroup_block/gen_parallel_slices_2__active_format_i_fmt_slice/gen_num_lanes_0__active_lane_lane_instance_i_fma/i_fpnew_rounding/abs_value_i[7] (net)                                                 0.00       1.78 r                   
  gemm_unit/u_in_scaler_vec/g_lane_4__u_mul/fpnew_mul/gen_operation_groups_0__i_opgroup_block/gen_parallel_slices_2__active_format_i_fmt_slice/gen_num_lanes_0__active_lane_lane_instance_i_fma/i_fpnew_rounding/U20/Y (NAND3_X3A_A9TR)                                     0.03      0.03 *     1.81 f                   0.90
  gemm_unit/u_in_scaler_vec/g_lane_4__u_mul/fpnew_mul/gen_operation_groups_0__i_opgroup_block/gen_parallel_slices_2__active_format_i_fmt_slice/gen_num_lanes_0__active_lane_lane_instance_i_fma/i_fpnew_rounding/n150 (net)                                       1                   0.00       1.81 f                   
  gemm_unit/u_in_scaler_vec/g_lane_4__u_mul/fpnew_mul/gen_operation_groups_0__i_opgroup_block/gen_parallel_slices_2__active_format_i_fmt_slice/gen_num_lanes_0__active_lane_lane_instance_i_fma/i_fpnew_rounding/U14/Y (INV_X6B_A9TR)                                       0.02      0.02 *     1.83 r                   0.90
  gemm_unit/u_in_scaler_vec/g_lane_4__u_mul/fpnew_mul/gen_operation_groups_0__i_opgroup_block/gen_parallel_slices_2__active_format_i_fmt_slice/gen_num_lanes_0__active_lane_lane_instance_i_fma/i_fpnew_rounding/n122 (net)                                       5                   0.00       1.83 r                   
  gemm_unit/u_in_scaler_vec/g_lane_4__u_mul/fpnew_mul/gen_operation_groups_0__i_opgroup_block/gen_parallel_slices_2__active_format_i_fmt_slice/gen_num_lanes_0__active_lane_lane_instance_i_fma/i_fpnew_rounding/U5/Y (NAND2_X2B_A9TR)                                      0.02      0.02 *     1.85 f                   0.90
  gemm_unit/u_in_scaler_vec/g_lane_4__u_mul/fpnew_mul/gen_operation_groups_0__i_opgroup_block/gen_parallel_slices_2__active_format_i_fmt_slice/gen_num_lanes_0__active_lane_lane_instance_i_fma/i_fpnew_rounding/n77 (net)                                        1                   0.00       1.85 f                   
  gemm_unit/u_in_scaler_vec/g_lane_4__u_mul/fpnew_mul/gen_operation_groups_0__i_opgroup_block/gen_parallel_slices_2__active_format_i_fmt_slice/gen_num_lanes_0__active_lane_lane_instance_i_fma/i_fpnew_rounding/U8/Y (NOR2_X2A_A9TR)                                       0.04      0.04 *     1.88 r                   0.90
  gemm_unit/u_in_scaler_vec/g_lane_4__u_mul/fpnew_mul/gen_operation_groups_0__i_opgroup_block/gen_parallel_slices_2__active_format_i_fmt_slice/gen_num_lanes_0__active_lane_lane_instance_i_fma/i_fpnew_rounding/n119 (net)                                       2                   0.00       1.88 r                   
  gemm_unit/u_in_scaler_vec/g_lane_4__u_mul/fpnew_mul/gen_operation_groups_0__i_opgroup_block/gen_parallel_slices_2__active_format_i_fmt_slice/gen_num_lanes_0__active_lane_lane_instance_i_fma/i_fpnew_rounding/U69/Y (AOI21_X1M_A9TR)                                     0.03      0.03 *     1.91 f                   0.90
  gemm_unit/u_in_scaler_vec/g_lane_4__u_mul/fpnew_mul/gen_operation_groups_0__i_opgroup_block/gen_parallel_slices_2__active_format_i_fmt_slice/gen_num_lanes_0__active_lane_lane_instance_i_fma/i_fpnew_rounding/abs_rounded_o[9] (net)                           1                   0.00       1.91 f                   
  gemm_unit/u_in_scaler_vec/g_lane_4__u_mul/fpnew_mul/gen_operation_groups_0__i_opgroup_block/gen_parallel_slices_2__active_format_i_fmt_slice/gen_num_lanes_0__active_lane_lane_instance_i_fma/i_fpnew_rounding/abs_rounded_o[9] (fpnew_rounding_0000000f_27)                        0.00       1.91 f                   
  gemm_unit/u_in_scaler_vec/g_lane_4__u_mul/fpnew_mul/gen_operation_groups_0__i_opgroup_block/gen_parallel_slices_2__active_format_i_fmt_slice/gen_num_lanes_0__active_lane_lane_instance_i_fma/rounded_abs[9] (net)                                                                  0.00       1.91 f                   
  gemm_unit/u_in_scaler_vec/g_lane_4__u_mul/fpnew_mul/gen_operation_groups_0__i_opgroup_block/gen_parallel_slices_2__active_format_i_fmt_slice/gen_num_lanes_0__active_lane_lane_instance_i_fma/U1114/Y (AO1B2_X2M_A9TR)                                                    0.02      0.04 *     1.96 f                   0.90
  gemm_unit/u_in_scaler_vec/g_lane_4__u_mul/fpnew_mul/gen_operation_groups_0__i_opgroup_block/gen_parallel_slices_2__active_format_i_fmt_slice/gen_num_lanes_0__active_lane_lane_instance_i_fma/result_o[9] (net)                                                 1                   0.00       1.96 f                   
  gemm_unit/u_in_scaler_vec/g_lane_4__u_mul/fpnew_mul/gen_operation_groups_0__i_opgroup_block/gen_parallel_slices_2__active_format_i_fmt_slice/gen_num_lanes_0__active_lane_lane_instance_i_fma/result_o[9] (fpnew_fma_2_00000000_3__logic_Z_1yB___logic_Z_1yB__27)                   0.00       1.96 f                   
  gemm_unit/u_in_scaler_vec/g_lane_4__u_mul/fpnew_mul/gen_operation_groups_0__i_opgroup_block/gen_parallel_slices_2__active_format_i_fmt_slice/gen_num_lanes_0__active_lane_op_result[9] (net)                                                                                        0.00       1.96 f                   
  gemm_unit/u_in_scaler_vec/g_lane_4__u_mul/fpnew_mul/gen_operation_groups_0__i_opgroup_block/gen_parallel_slices_2__active_format_i_fmt_slice/U14/Y (INV_X2M_A9TR)                                                                                                         0.02      0.02 *     1.97 r                   0.90
  gemm_unit/u_in_scaler_vec/g_lane_4__u_mul/fpnew_mul/gen_operation_groups_0__i_opgroup_block/gen_parallel_slices_2__active_format_i_fmt_slice/n47 (net)                                                                                                          1                   0.00       1.97 r                   
  gemm_unit/u_in_scaler_vec/g_lane_4__u_mul/fpnew_mul/gen_operation_groups_0__i_opgroup_block/gen_parallel_slices_2__active_format_i_fmt_slice/U7/Y (NAND2_X2B_A9TR)                                                                                                        0.03      0.01 *     1.99 f                   0.90
  gemm_unit/u_in_scaler_vec/g_lane_4__u_mul/fpnew_mul/gen_operation_groups_0__i_opgroup_block/gen_parallel_slices_2__active_format_i_fmt_slice/result_o[9] (net)                                                                                                  1                   0.00       1.99 f                   
  gemm_unit/u_in_scaler_vec/g_lane_4__u_mul/fpnew_mul/gen_operation_groups_0__i_opgroup_block/gen_parallel_slices_2__active_format_i_fmt_slice/result_o[9] (fpnew_opgroup_fmt_slice_0_2_00000010_0_00000000_3__logic_Z_1yB__00000000_27)                                              0.00       1.99 f                   
  gemm_unit/u_in_scaler_vec/g_lane_4__u_mul/fpnew_mul/gen_operation_groups_0__i_opgroup_block/fmt_outputs_2__result__9_ (net)                                                                                                                                                         0.00       1.99 f                   
  gemm_unit/u_in_scaler_vec/g_lane_4__u_mul/fpnew_mul/gen_operation_groups_0__i_opgroup_block/i_arbiter/data_i[62] (rr_arb_tree_00000005_1_496242_27)                                                                                                                                 0.00       1.99 f                   
  gemm_unit/u_in_scaler_vec/g_lane_4__u_mul/fpnew_mul/gen_operation_groups_0__i_opgroup_block/i_arbiter/data_i[62] (net)                                                                                                                                                              0.00       1.99 f                   
  gemm_unit/u_in_scaler_vec/g_lane_4__u_mul/fpnew_mul/gen_operation_groups_0__i_opgroup_block/i_arbiter/U20/Y (AND2_X2M_A9TR)                                                                                                                                               0.02      0.04 *     2.03 f                   0.90
  gemm_unit/u_in_scaler_vec/g_lane_4__u_mul/fpnew_mul/gen_operation_groups_0__i_opgroup_block/i_arbiter/data_o[16] (net)                                                                                                                                          1                   0.00       2.03 f                   
  gemm_unit/u_in_scaler_vec/g_lane_4__u_mul/fpnew_mul/gen_operation_groups_0__i_opgroup_block/i_arbiter/data_o[16] (rr_arb_tree_00000005_1_496242_27)                                                                                                                                 0.00       2.03 f                   
  gemm_unit/u_in_scaler_vec/g_lane_4__u_mul/fpnew_mul/gen_operation_groups_0__i_opgroup_block/result_o[9] (net)                                                                                                                                                                       0.00       2.03 f                   
  gemm_unit/u_in_scaler_vec/g_lane_4__u_mul/fpnew_mul/gen_operation_groups_0__i_opgroup_block/result_o[9] (fpnew_opgroup_block_0_00000010_0_2_04_2_155_3__logic_Z_1yB__00000000_388949_27)                                                                                            0.00       2.03 f                   
  gemm_unit/u_in_scaler_vec/g_lane_4__u_mul/fpnew_mul/opgrp_outputs[9] (net)                                                                                                                                                                                                          0.00       2.03 f                   
  gemm_unit/u_in_scaler_vec/g_lane_4__u_mul/fpnew_mul/i_arbiter/data_i[15] (rr_arb_tree_00000004_1_840242_27)                                                                                                                                                                         0.00       2.03 f                   
  gemm_unit/u_in_scaler_vec/g_lane_4__u_mul/fpnew_mul/i_arbiter/data_i[15] (net)                                                                                                                                                                                                      0.00       2.03 f                   
  gemm_unit/u_in_scaler_vec/g_lane_4__u_mul/fpnew_mul/i_arbiter/U19/Y (AND2_X2M_A9TR)                                                                                                                                                                                       0.02      0.04 *     2.07 f                   0.90
  gemm_unit/u_in_scaler_vec/g_lane_4__u_mul/fpnew_mul/i_arbiter/data_o[15] (net)                                                                                                                                                                                  1                   0.00       2.07 f                   
  gemm_unit/u_in_scaler_vec/g_lane_4__u_mul/fpnew_mul/i_arbiter/data_o[15] (rr_arb_tree_00000004_1_840242_27)                                                                                                                                                                         0.00       2.07 f                   
  gemm_unit/u_in_scaler_vec/g_lane_4__u_mul/fpnew_mul/result_o[9] (net)                                                                                                                                                                                                               0.00       2.07 f                   
  gemm_unit/u_in_scaler_vec/g_lane_4__u_mul/fpnew_mul/result_o[9] (fpnew_top_00000008042__logic_Z_1yB__566949_27)                                                                                                                                                                     0.00       2.07 f                   
  gemm_unit/u_in_scaler_vec/g_lane_4__u_mul/fpnew_result[9] (net)                                                                                                                                                                                                                     0.00       2.07 f                   
  gemm_unit/u_in_scaler_vec/g_lane_4__u_mul/result_buffer/data_in[9] (VX_elastic_buffer_6_27)                                                                                                                                                                                         0.00       2.07 f                   
  gemm_unit/u_in_scaler_vec/g_lane_4__u_mul/result_buffer/data_in[9] (net)                                                                                                                                                                                                            0.00       2.07 f                   
  gemm_unit/u_in_scaler_vec/g_lane_4__u_mul/result_buffer/g_eb1_pipe_buffer/data_in[9] (VX_pipe_buffer_17_27)                                                                                                                                                                         0.00       2.07 f                   
  gemm_unit/u_in_scaler_vec/g_lane_4__u_mul/result_buffer/g_eb1_pipe_buffer/data_in[9] (net)                                                                                                                                                                                          0.00       2.07 f                   
  gemm_unit/u_in_scaler_vec/g_lane_4__u_mul/result_buffer/g_eb1_pipe_buffer/g_register_g_pipe_regs_0__pipe_register/data_in[9] (VX_pipe_register_13_27)                                                                                                                               0.00       2.07 f                   
  gemm_unit/u_in_scaler_vec/g_lane_4__u_mul/result_buffer/g_eb1_pipe_buffer/g_register_g_pipe_regs_0__pipe_register/data_in[9] (net)                                                                                                                                                  0.00       2.07 f                   
  gemm_unit/u_in_scaler_vec/g_lane_4__u_mul/result_buffer/g_eb1_pipe_buffer/g_register_g_pipe_regs_0__pipe_register/g_shift_register/data_in[9] (VX_shift_register_17_1_1_0_27)                                                                                                       0.00       2.07 f                   
  gemm_unit/u_in_scaler_vec/g_lane_4__u_mul/result_buffer/g_eb1_pipe_buffer/g_register_g_pipe_regs_0__pipe_register/g_shift_register/data_in[9] (net)                                                                                                                                 0.00       2.07 f                   
  gemm_unit/u_in_scaler_vec/g_lane_4__u_mul/result_buffer/g_eb1_pipe_buffer/g_register_g_pipe_regs_0__pipe_register/g_shift_register/g_shift_pipe_reg_0__9_/D (DFFQ_X3M_A9TR)                                                                                               0.02      0.00 *     2.07 f                   0.90
  data arrival time                                                                                                                                                                                                                                                                              2.07                     

  clock CLK (rise edge)                                                                                                                                                                                                                                                               1.00       1.00                     
  clock network delay (ideal)                                                                                                                                                                                                                                                         0.00       1.00                     
  gemm_unit/u_in_scaler_vec/g_lane_4__u_mul/result_buffer/g_eb1_pipe_buffer/g_register_g_pipe_regs_0__pipe_register/g_shift_register/g_shift_pipe_reg_0__9_/CK (DFFQ_X3M_A9TR)                                                                                                        0.00       1.00 r                   
  library setup time                                                                                                                                                                                                                                                                 -0.03       0.97                     
  data required time                                                                                                                                                                                                                                                                             0.97                     
  -------------------------------------------------------------------------------------------------------------------------------------------------------------------------------------------------------------------------------------------------------------------------------------------------------------------------------------
  data required time                                                                                                                                                                                                                                                                             0.97                     
  data arrival time                                                                                                                                                                                                                                                                             -2.07                     
  -------------------------------------------------------------------------------------------------------------------------------------------------------------------------------------------------------------------------------------------------------------------------------------------------------------------------------------
  slack (VIOLATED)                                                                                                                                                                                                                                                                              -1.09                     


  Startpoint: acc_mem_rdata_i[1096]
              (input port clocked by CLK)
  Endpoint: o_rsp_data[37]
            (output port clocked by CLK)
  Scenario: mode_norm.OC_rvt_ss_0p900v_125c
  Path Group: FEEDTHROUGH
  Path Type: max

Attributes:
    d - dont_touch
    u - dont_use
   mo - map_only
   so - size_only
    i - ideal_net or ideal_network
  inf - infeasible path

  Point                                                             Fanout     Trans      Incr       Path      Attributes     Voltage
  -----------------------------------------------------------------------------------------------------------------------------------------
  clock CLK (rise edge)                                                                   0.00       0.00                     
  clock network delay (ideal)                                                             0.00       0.00                     
  input external delay                                                                    0.00       0.00 f                   
  acc_mem_rdata_i[1096] (in)                                                    0.02      0.01       0.01 f                   
  acc_mem_rdata_i[1096] (net)                                         1                   0.00       0.01 f                   
  U1565/Y (BUF_X0P7B_A9TR)                                                      0.20      0.14 *     0.15 f                   0.90
  n1564 (net)                                                         1                   0.00       0.15 f                   
  gemm_unit/acc_mem_rdata_i[1096] (VX_gemm_unit_h_733_242_815)                            0.00       0.15 f                   
  gemm_unit/acc_mem_rdata_i[1096] (net)                                                   0.00       0.15 f                   
  gemm_unit/U5180/Y (BUF_X3M_A9TR)                                              0.13      0.16 *     0.31 f                   0.90
  gemm_unit/n80363 (net)                                              2                   0.00       0.31 f                   
  gemm_unit/U58408/Y (AOI22_X0P7M_A9TR)                                         0.07      0.16 *     0.47 r                   0.90
  gemm_unit/n71901 (net)                                              1                   0.00       0.47 r                   
  gemm_unit/U58410/Y (NAND2_X1B_A9TR)                                           0.03      0.03 *     0.50 f                   0.90
  gemm_unit/f32_to_f16_data_vec[72] (net)                             1                   0.00       0.50 f                   
  gemm_unit/u_f32_to_f16_vec/data_i[72] (VX_vec_f32_to_f16)                               0.00       0.50 f                   
  gemm_unit/u_f32_to_f16_vec/data_i[72] (net)                                             0.00       0.50 f                   
  gemm_unit/u_f32_to_f16_vec/g_lane_2__u_cast/data_i[8] (VX_f32_to_f16_29)                0.00       0.50 f                   
  gemm_unit/u_f32_to_f16_vec/g_lane_2__u_cast/data_i[8] (net)                             0.00       0.50 f                   
  gemm_unit/u_f32_to_f16_vec/g_lane_2__u_cast/U120/Y (OR4_X2M_A9TR)             0.02      0.06 *     0.56 f                   0.90
  gemm_unit/u_f32_to_f16_vec/g_lane_2__u_cast/n615 (net)              1                   0.00       0.56 f                   
  gemm_unit/u_f32_to_f16_vec/g_lane_2__u_cast/U122/Y (NOR2_X3A_A9TR)            0.08      0.06 *     0.62 r                   0.90
  gemm_unit/u_f32_to_f16_vec/g_lane_2__u_cast/n720 (net)              3                   0.00       0.62 r                   
  gemm_unit/u_f32_to_f16_vec/g_lane_2__u_cast/U123/Y (OAI21_X2M_A9TR)           0.03      0.04 *     0.66 f                   0.90
  gemm_unit/u_f32_to_f16_vec/g_lane_2__u_cast/n617 (net)              1                   0.00       0.66 f                   
  gemm_unit/u_f32_to_f16_vec/g_lane_2__u_cast/U124/Y (AOI211_X1M_A9TR)          0.08      0.06 *     0.72 r                   0.90
  gemm_unit/u_f32_to_f16_vec/g_lane_2__u_cast/n628 (net)              1                   0.00       0.72 r                   
  gemm_unit/u_f32_to_f16_vec/g_lane_2__u_cast/U131/Y (NAND4_X1A_A9TR)           0.06      0.06 *     0.78 f                   0.90
  gemm_unit/u_f32_to_f16_vec/g_lane_2__u_cast/n638 (net)              1                   0.00       0.78 f                   
  gemm_unit/u_f32_to_f16_vec/g_lane_2__u_cast/U134/Y (OAI31_X3M_A9TR)           0.09      0.09 *     0.87 r                   0.90
  gemm_unit/u_f32_to_f16_vec/g_lane_2__u_cast/n679 (net)              3                   0.00       0.87 r                   
  gemm_unit/u_f32_to_f16_vec/g_lane_2__u_cast/U184/Y (INV_X2M_A9TR)             0.05      0.05 *     0.92 f                   0.90
  gemm_unit/u_f32_to_f16_vec/g_lane_2__u_cast/n803 (net)              7                   0.00       0.92 f                   
  gemm_unit/u_f32_to_f16_vec/g_lane_2__u_cast/U271/Y (OAI211_X2M_A9TR)          0.09      0.08 *     1.00 r                   0.90
  gemm_unit/u_f32_to_f16_vec/g_lane_2__u_cast/data_o[5] (net)         1                   0.00       1.00 r                   
  gemm_unit/u_f32_to_f16_vec/g_lane_2__u_cast/data_o[5] (VX_f32_to_f16_29)                0.00       1.00 r                   
  gemm_unit/u_f32_to_f16_vec/data_o[37] (net)                                             0.00       1.00 r                   
  gemm_unit/u_f32_to_f16_vec/data_o[37] (VX_vec_f32_to_f16)                               0.00       1.00 r                   
  gemm_unit/o_lmem_bus_if_rsp_data[40] (net)                                              0.00       1.00 r                   
  gemm_unit/o_lmem_bus_if_rsp_data[40] (VX_gemm_unit_h_733_242_815)                       0.00       1.00 r                   
  o_rsp_data[37] (net)                                                                    0.00       1.00 r                   
  o_rsp_data[37] (out)                                                          0.09      0.00 *     1.00 r                   
  data arrival time                                                                                  1.00                     

  clock CLK (rise edge)                                                                   1.00       1.00                     
  clock network delay (ideal)                                                             0.00       1.00                     
  output external delay                                                                   0.00       1.00                     
  data required time                                                                                 1.00                     
  -----------------------------------------------------------------------------------------------------------------------------------------
  data required time                                                                                 1.00                     
  data arrival time                                                                                 -1.00                     
  -----------------------------------------------------------------------------------------------------------------------------------------
  slack (MET)                                                                                        0.00                     


  Startpoint: acc_mem_rdata_i[798]
              (input port clocked by CLK)
  Endpoint: o_rsp_data[389]
            (output port clocked by CLK)
  Scenario: mode_norm.OC_rvt_ss_0p900v_125c
  Path Group: FEEDTHROUGH
  Path Type: max

Attributes:
    d - dont_touch
    u - dont_use
   mo - map_only
   so - size_only
    i - ideal_net or ideal_network
  inf - infeasible path

  Point                                                              Fanout     Trans      Incr       Path      Attributes     Voltage
  ------------------------------------------------------------------------------------------------------------------------------------------
  clock CLK (rise edge)                                                                    0.00       0.00                     
  clock network delay (ideal)                                                              0.00       0.00                     
  input external delay                                                                     0.00       0.00 r                   
  acc_mem_rdata_i[798] (in)                                                      0.03      0.01       0.01 r                   
  acc_mem_rdata_i[798] (net)                                           1                   0.00       0.01 r                   
  U1128/Y (BUF_X2B_A9TR)                                                         0.19      0.14 *     0.15 r                   0.90
  n1127 (net)                                                          1                   0.00       0.15 r                   
  gemm_unit/acc_mem_rdata_i[798] (VX_gemm_unit_h_733_242_815)                              0.00       0.15 r                   
  gemm_unit/acc_mem_rdata_i[798] (net)                                                     0.00       0.15 r                   
  gemm_unit/U3253/Y (BUF_X3M_A9TR)                                               0.21      0.21 *     0.35 r                   0.90
  gemm_unit/n80204 (net)                                               2                   0.00       0.35 r                   
  gemm_unit/U60563/Y (AOI22_X1M_A9TR)                                            0.07      0.14 *     0.49 f                   0.90
  gemm_unit/n73504 (net)                                               1                   0.00       0.49 f                   
  gemm_unit/U60564/Y (NAND2_X1A_A9TR)                                            0.11      0.09 *     0.58 r                   0.90
  gemm_unit/f32_to_f16_data_vec[798] (net)                             4                   0.00       0.58 r                   
  gemm_unit/u_f32_to_f16_vec/data_i[798] (VX_vec_f32_to_f16)                               0.00       0.58 r                   
  gemm_unit/u_f32_to_f16_vec/data_i[798] (net)                                             0.00       0.58 r                   
  gemm_unit/u_f32_to_f16_vec/g_lane_24__u_cast/data_i[30] (VX_f32_to_f16_7)                0.00       0.58 r                   
  gemm_unit/u_f32_to_f16_vec/g_lane_24__u_cast/data_i[30] (net)                            0.00       0.58 r                   
  gemm_unit/u_f32_to_f16_vec/g_lane_24__u_cast/U33/Y (NOR2_X3M_A9TR)             0.05      0.06 *     0.65 f                   0.90
  gemm_unit/u_f32_to_f16_vec/g_lane_24__u_cast/n634 (net)              3                   0.00       0.65 f                   
  gemm_unit/u_f32_to_f16_vec/g_lane_24__u_cast/U124/Y (NAND2_X6B_A9TR)           0.04      0.04 *     0.69 r                   0.90
  gemm_unit/u_f32_to_f16_vec/g_lane_24__u_cast/n586 (net)              7                   0.00       0.69 r                   
  gemm_unit/u_f32_to_f16_vec/g_lane_24__u_cast/U37/Y (OR2_X1M_A9TR)              0.05      0.06 *     0.75 r                   0.90
  gemm_unit/u_f32_to_f16_vec/g_lane_24__u_cast/n591 (net)              2                   0.00       0.75 r                   
  gemm_unit/u_f32_to_f16_vec/g_lane_24__u_cast/U38/Y (NOR2XB_X4M_A9TR)           0.02      0.03 *     0.78 f                   0.90
  gemm_unit/u_f32_to_f16_vec/g_lane_24__u_cast/n763 (net)              3                   0.00       0.78 f                   
  gemm_unit/u_f32_to_f16_vec/g_lane_24__u_cast/U186/Y (NAND2_X2M_A9TR)           0.04      0.03 *     0.82 r                   0.90
  gemm_unit/u_f32_to_f16_vec/g_lane_24__u_cast/n840 (net)              1                   0.00       0.82 r                   
  gemm_unit/u_f32_to_f16_vec/g_lane_24__u_cast/U94/Y (NOR2_X6M_A9TR)             0.03      0.03 *     0.84 f                   0.90
  gemm_unit/u_f32_to_f16_vec/g_lane_24__u_cast/n776 (net)              4                   0.00       0.84 f                   
  gemm_unit/u_f32_to_f16_vec/g_lane_24__u_cast/U17/Y (NAND2XB_X1M_A9TR)          0.05      0.04 *     0.88 r                   0.90
  gemm_unit/u_f32_to_f16_vec/g_lane_24__u_cast/n839 (net)              1                   0.00       0.88 r                   
  gemm_unit/u_f32_to_f16_vec/g_lane_24__u_cast/U277/Y (XOR2_X1P4M_A9TR)          0.06      0.04 *     0.92 r                   0.90
  gemm_unit/u_f32_to_f16_vec/g_lane_24__u_cast/n838 (net)              1                   0.00       0.92 r                   
  gemm_unit/u_f32_to_f16_vec/g_lane_24__u_cast/U12/Y (NAND2_X1B_A9TR)            0.04      0.03 *     0.95 f                   0.90
  gemm_unit/u_f32_to_f16_vec/g_lane_24__u_cast/n781 (net)              1                   0.00       0.95 f                   
  gemm_unit/u_f32_to_f16_vec/g_lane_24__u_cast/U268/Y (OAI211_X3M_A9TR)          0.08      0.05 *     1.00 r                   0.90
  gemm_unit/u_f32_to_f16_vec/g_lane_24__u_cast/data_o[5] (net)         1                   0.00       1.00 r                   
  gemm_unit/u_f32_to_f16_vec/g_lane_24__u_cast/data_o[5] (VX_f32_to_f16_7)                 0.00       1.00 r                   
  gemm_unit/u_f32_to_f16_vec/data_o[389] (net)                                             0.00       1.00 r                   
  gemm_unit/u_f32_to_f16_vec/data_o[389] (VX_vec_f32_to_f16)                               0.00       1.00 r                   
  gemm_unit/o_lmem_bus_if_rsp_data[392] (net)                                              0.00       1.00 r                   
  gemm_unit/o_lmem_bus_if_rsp_data[392] (VX_gemm_unit_h_733_242_815)                       0.00       1.00 r                   
  o_rsp_data[389] (net)                                                                    0.00       1.00 r                   
  o_rsp_data[389] (out)                                                          0.08      0.00 *     1.00 r                   
  data arrival time                                                                                   1.00                     

  clock CLK (rise edge)                                                                    1.00       1.00                     
  clock network delay (ideal)                                                              0.00       1.00                     
  output external delay                                                                    0.00       1.00                     
  data required time                                                                                  1.00                     
  ------------------------------------------------------------------------------------------------------------------------------------------
  data required time                                                                                  1.00                     
  data arrival time                                                                                  -1.00                     
  ------------------------------------------------------------------------------------------------------------------------------------------
  slack (MET)                                                                                         0.00                     


  Startpoint: acc_mem_rdata_i[331]
              (input port clocked by CLK)
  Endpoint: o_rsp_data[164]
            (output port clocked by CLK)
  Scenario: mode_norm.OC_rvt_ss_0p900v_125c
  Path Group: FEEDTHROUGH
  Path Type: max

Attributes:
    d - dont_touch
    u - dont_use
   mo - map_only
   so - size_only
    i - ideal_net or ideal_network
  inf - infeasible path

  Point                                                               Fanout     Trans      Incr       Path      Attributes     Voltage
  -------------------------------------------------------------------------------------------------------------------------------------------
  clock CLK (rise edge)                                                                     0.00       0.00                     
  clock network delay (ideal)                                                               0.00       0.00                     
  input external delay                                                                      0.00       0.00 r                   
  acc_mem_rdata_i[331] (in)                                                       0.03      0.01       0.01 r                   
  acc_mem_rdata_i[331] (net)                                            1                   0.00       0.01 r                   
  U468/Y (BUF_X1B_A9TR)                                                           0.31      0.20 *     0.21 r                   0.90
  n467 (net)                                                            1                   0.00       0.21 r                   
  U469/Y (BUFH_X3M_A9TR)                                                          0.21      0.19 *     0.40 r                   0.90
  n468 (net)                                                            2                   0.00       0.40 r                   
  gemm_unit/acc_mem_rdata_i[331] (VX_gemm_unit_h_733_242_815)                               0.00       0.40 r                   
  gemm_unit/acc_mem_rdata_i[331] (net)                                                      0.00       0.40 r                   
  gemm_unit/U60149/Y (AOI22_X0P7M_A9TR)                                           0.07      0.14 *     0.55 f                   0.90
  gemm_unit/n73179 (net)                                                1                   0.00       0.55 f                   
  gemm_unit/U60150/Y (NAND2_X1B_A9TR)                                             0.04      0.04 *     0.59 r                   0.90
  gemm_unit/f32_to_f16_data_vec[331] (net)                              1                   0.00       0.59 r                   
  gemm_unit/u_f32_to_f16_vec/data_i[331] (VX_vec_f32_to_f16)                                0.00       0.59 r                   
  gemm_unit/u_f32_to_f16_vec/data_i[331] (net)                                              0.00       0.59 r                   
  gemm_unit/u_f32_to_f16_vec/g_lane_10__u_cast/data_i[11] (VX_f32_to_f16_21)                0.00       0.59 r                   
  gemm_unit/u_f32_to_f16_vec/g_lane_10__u_cast/data_i[11] (net)                             0.00       0.59 r                   
  gemm_unit/u_f32_to_f16_vec/g_lane_10__u_cast/U118/Y (NOR2_X2M_A9TR)             0.03      0.03 *     0.62 f                   0.90
  gemm_unit/u_f32_to_f16_vec/g_lane_10__u_cast/n731 (net)               3                   0.00       0.62 f                   
  gemm_unit/u_f32_to_f16_vec/g_lane_10__u_cast/U119/Y (NAND4BB_X1M_A9TR)          0.06      0.05 *     0.67 r                   0.90
  gemm_unit/u_f32_to_f16_vec/g_lane_10__u_cast/n619 (net)               1                   0.00       0.67 r                   
  gemm_unit/u_f32_to_f16_vec/g_lane_10__u_cast/U124/Y (AOI211_X1M_A9TR)           0.05      0.04 *     0.72 f                   0.90
  gemm_unit/u_f32_to_f16_vec/g_lane_10__u_cast/n629 (net)               1                   0.00       0.72 f                   
  gemm_unit/u_f32_to_f16_vec/g_lane_10__u_cast/U131/Y (NAND4_X1A_A9TR)            0.05      0.05 *     0.77 r                   0.90
  gemm_unit/u_f32_to_f16_vec/g_lane_10__u_cast/n632 (net)               1                   0.00       0.77 r                   
  gemm_unit/u_f32_to_f16_vec/g_lane_10__u_cast/U132/Y (NOR2_X2A_A9TR)             0.02      0.02 *     0.79 f                   0.90
  gemm_unit/u_f32_to_f16_vec/g_lane_10__u_cast/n633 (net)               1                   0.00       0.79 f                   
  gemm_unit/u_f32_to_f16_vec/g_lane_10__u_cast/U133/Y (INV_X2M_A9TR)              0.03      0.03 *     0.82 r                   0.90
  gemm_unit/u_f32_to_f16_vec/g_lane_10__u_cast/n641 (net)               1                   0.00       0.82 r                   
  gemm_unit/u_f32_to_f16_vec/g_lane_10__u_cast/U136/Y (OAI21_X6M_A9TR)            0.06      0.03 *     0.85 f                   0.90
  gemm_unit/u_f32_to_f16_vec/g_lane_10__u_cast/n679 (net)               3                   0.00       0.85 f                   
  gemm_unit/u_f32_to_f16_vec/g_lane_10__u_cast/U143/Y (NOR2_X6M_A9TR)             0.07      0.06 *     0.90 r                   0.90
  gemm_unit/u_f32_to_f16_vec/g_lane_10__u_cast/n808 (net)              10                   0.00       0.90 r                   
  gemm_unit/u_f32_to_f16_vec/g_lane_10__u_cast/U269/Y (NAND2_X1B_A9TR)            0.04      0.04 *     0.94 f                   0.90
  gemm_unit/u_f32_to_f16_vec/g_lane_10__u_cast/n780 (net)               1                   0.00       0.94 f                   
  gemm_unit/u_f32_to_f16_vec/g_lane_10__u_cast/U270/Y (OAI211_X4M_A9TR)           0.09      0.05 *     1.00 r                   0.90
  gemm_unit/u_f32_to_f16_vec/g_lane_10__u_cast/data_o[4] (net)          1                   0.00       1.00 r                   
  gemm_unit/u_f32_to_f16_vec/g_lane_10__u_cast/data_o[4] (VX_f32_to_f16_21)                 0.00       1.00 r                   
  gemm_unit/u_f32_to_f16_vec/data_o[164] (net)                                              0.00       1.00 r                   
  gemm_unit/u_f32_to_f16_vec/data_o[164] (VX_vec_f32_to_f16)                                0.00       1.00 r                   
  gemm_unit/o_lmem_bus_if_rsp_data[167] (net)                                               0.00       1.00 r                   
  gemm_unit/o_lmem_bus_if_rsp_data[167] (VX_gemm_unit_h_733_242_815)                        0.00       1.00 r                   
  o_rsp_data[164] (net)                                                                     0.00       1.00 r                   
  o_rsp_data[164] (out)                                                           0.09      0.00 *     1.00 r                   
  data arrival time                                                                                    1.00                     

  clock CLK (rise edge)                                                                     1.00       1.00                     
  clock network delay (ideal)                                                               0.00       1.00                     
  output external delay                                                                     0.00       1.00                     
  data required time                                                                                   1.00                     
  -------------------------------------------------------------------------------------------------------------------------------------------
  data required time                                                                                   1.00                     
  data arrival time                                                                                   -1.00                     
  -------------------------------------------------------------------------------------------------------------------------------------------
  slack (MET)                                                                                          0.00                     


  Startpoint: acc_mem_rdata_i[420]
              (input port clocked by CLK)
  Endpoint: o_rsp_data[209]
            (output port clocked by CLK)
  Scenario: mode_norm.OC_rvt_ss_0p900v_125c
  Path Group: FEEDTHROUGH
  Path Type: max

Attributes:
    d - dont_touch
    u - dont_use
   mo - map_only
   so - size_only
    i - ideal_net or ideal_network
  inf - infeasible path

  Point                                                              Fanout     Trans      Incr       Path      Attributes     Voltage
  ------------------------------------------------------------------------------------------------------------------------------------------
  clock CLK (rise edge)                                                                    0.00       0.00                     
  clock network delay (ideal)                                                              0.00       0.00                     
  input external delay                                                                     0.00       0.00 f                   
  acc_mem_rdata_i[420] (in)                                                      0.02      0.01       0.01 f                   
  acc_mem_rdata_i[420] (net)                                           1                   0.00       0.01 f                   
  U592/Y (BUF_X1B_A9TR)                                                          0.24      0.16 *     0.17 f                   0.90
  n591 (net)                                                           1                   0.00       0.17 f                   
  gemm_unit/acc_mem_rdata_i[420] (VX_gemm_unit_h_733_242_815)                              0.00       0.17 f                   
  gemm_unit/acc_mem_rdata_i[420] (net)                                                     0.00       0.17 f                   
  gemm_unit/U1600/Y (BUF_X3M_A9TR)                                               0.13      0.18 *     0.36 f                   0.90
  gemm_unit/n79984 (net)                                               2                   0.00       0.36 f                   
  gemm_unit/U59498/Y (AOI22_X1M_A9TR)                                            0.08      0.17 *     0.52 r                   0.90
  gemm_unit/n72703 (net)                                               1                   0.00       0.52 r                   
  gemm_unit/U59499/Y (NAND2_X2B_A9TR)                                            0.05      0.05 *     0.57 f                   0.90
  gemm_unit/f32_to_f16_data_vec[420] (net)                             3                   0.00       0.57 f                   
  gemm_unit/u_f32_to_f16_vec/data_i[420] (VX_vec_f32_to_f16)                               0.00       0.57 f                   
  gemm_unit/u_f32_to_f16_vec/data_i[420] (net)                                             0.00       0.57 f                   
  gemm_unit/u_f32_to_f16_vec/g_lane_13__u_cast/data_i[4] (VX_f32_to_f16_18)                0.00       0.57 f                   
  gemm_unit/u_f32_to_f16_vec/g_lane_13__u_cast/data_i[4] (net)                             0.00       0.57 f                   
  gemm_unit/u_f32_to_f16_vec/g_lane_13__u_cast/U102/Y (NAND4BB_X1M_A9TR)         0.04      0.08 *     0.65 f                   0.90
  gemm_unit/u_f32_to_f16_vec/g_lane_13__u_cast/n591 (net)              1                   0.00       0.65 f                   
  gemm_unit/u_f32_to_f16_vec/g_lane_13__u_cast/U104/Y (AOI211_X2M_A9TR)          0.06      0.06 *     0.71 r                   0.90
  gemm_unit/u_f32_to_f16_vec/g_lane_13__u_cast/n600 (net)              1                   0.00       0.71 r                   
  gemm_unit/u_f32_to_f16_vec/g_lane_13__u_cast/U111/Y (AND3_X1M_A9TR)            0.02      0.05 *     0.76 r                   0.90
  gemm_unit/u_f32_to_f16_vec/g_lane_13__u_cast/n601 (net)              1                   0.00       0.76 r                   
  gemm_unit/u_f32_to_f16_vec/g_lane_13__u_cast/U112/Y (NAND2_X1B_A9TR)           0.02      0.02 *     0.78 f                   0.90
  gemm_unit/u_f32_to_f16_vec/g_lane_13__u_cast/n603 (net)              1                   0.00       0.78 f                   
  gemm_unit/u_f32_to_f16_vec/g_lane_13__u_cast/U113/Y (NOR2_X1A_A9TR)            0.05      0.04 *     0.83 r                   0.90
  gemm_unit/u_f32_to_f16_vec/g_lane_13__u_cast/n633 (net)              1                   0.00       0.83 r                   
  gemm_unit/u_f32_to_f16_vec/g_lane_13__u_cast/U144/Y (NAND2_X2B_A9TR)           0.03      0.03 *     0.85 f                   0.90
  gemm_unit/u_f32_to_f16_vec/g_lane_13__u_cast/n640 (net)              1                   0.00       0.85 f                   
  gemm_unit/u_f32_to_f16_vec/g_lane_13__u_cast/U151/Y (NAND2_X3A_A9TR)           0.04      0.03 *     0.88 r                   0.90
  gemm_unit/u_f32_to_f16_vec/g_lane_13__u_cast/n698 (net)              3                   0.00       0.88 r                   
  gemm_unit/u_f32_to_f16_vec/g_lane_13__u_cast/U203/Y (INV_X2B_A9TR)             0.05      0.05 *     0.93 f                   0.90
  gemm_unit/u_f32_to_f16_vec/g_lane_13__u_cast/n822 (net)              7                   0.00       0.93 f                   
  gemm_unit/u_f32_to_f16_vec/g_lane_13__u_cast/U270/Y (OAI211_X2M_A9TR)          0.08      0.07 *     1.00 r                   0.90
  gemm_unit/u_f32_to_f16_vec/g_lane_13__u_cast/data_o[1] (net)         1                   0.00       1.00 r                   
  gemm_unit/u_f32_to_f16_vec/g_lane_13__u_cast/data_o[1] (VX_f32_to_f16_18)                0.00       1.00 r                   
  gemm_unit/u_f32_to_f16_vec/data_o[209] (net)                                             0.00       1.00 r                   
  gemm_unit/u_f32_to_f16_vec/data_o[209] (VX_vec_f32_to_f16)                               0.00       1.00 r                   
  gemm_unit/o_lmem_bus_if_rsp_data[212] (net)                                              0.00       1.00 r                   
  gemm_unit/o_lmem_bus_if_rsp_data[212] (VX_gemm_unit_h_733_242_815)                       0.00       1.00 r                   
  o_rsp_data[209] (net)                                                                    0.00       1.00 r                   
  o_rsp_data[209] (out)                                                          0.08      0.00 *     1.00 r                   
  data arrival time                                                                                   1.00                     

  clock CLK (rise edge)                                                                    1.00       1.00                     
  clock network delay (ideal)                                                              0.00       1.00                     
  output external delay                                                                    0.00       1.00                     
  data required time                                                                                  1.00                     
  ------------------------------------------------------------------------------------------------------------------------------------------
  data required time                                                                                  1.00                     
  data arrival time                                                                                  -1.00                     
  ------------------------------------------------------------------------------------------------------------------------------------------
  slack (MET)                                                                                         0.00                     


  Startpoint: acc_mem_rdata_i[364]
              (input port clocked by CLK)
  Endpoint: o_rsp_data[180]
            (output port clocked by CLK)
  Scenario: mode_norm.OC_rvt_ss_0p900v_125c
  Path Group: FEEDTHROUGH
  Path Type: max

Attributes:
    d - dont_touch
    u - dont_use
   mo - map_only
   so - size_only
    i - ideal_net or ideal_network
  inf - infeasible path

  Point                                                               Fanout     Trans      Incr       Path      Attributes     Voltage
  -------------------------------------------------------------------------------------------------------------------------------------------
  clock CLK (rise edge)                                                                     0.00       0.00                     
  clock network delay (ideal)                                                               0.00       0.00                     
  input external delay                                                                      0.00       0.00 r                   
  acc_mem_rdata_i[364] (in)                                                       0.03      0.01       0.01 r                   
  acc_mem_rdata_i[364] (net)                                            1                   0.00       0.01 r                   
  U511/Y (BUF_X1B_A9TR)                                                           0.32      0.20 *     0.21 r                   0.90
  n510 (net)                                                            1                   0.00       0.21 r                   
  U512/Y (BUF_X4M_A9TR)                                                           0.16      0.19 *     0.41 r                   0.90
  n511 (net)                                                            2                   0.00       0.41 r                   
  gemm_unit/acc_mem_rdata_i[364] (VX_gemm_unit_h_733_242_815)                               0.00       0.41 r                   
  gemm_unit/acc_mem_rdata_i[364] (net)                                                      0.00       0.41 r                   
  gemm_unit/U59992/Y (AOI22_X1M_A9TR)                                             0.07      0.14 *     0.54 f                   0.90
  gemm_unit/n73064 (net)                                                1                   0.00       0.54 f                   
  gemm_unit/U59993/Y (NAND2_X2B_A9TR)                                             0.07      0.06 *     0.60 r                   0.90
  gemm_unit/f32_to_f16_data_vec[364] (net)                              4                   0.00       0.60 r                   
  gemm_unit/u_f32_to_f16_vec/data_i[364] (VX_vec_f32_to_f16)                                0.00       0.60 r                   
  gemm_unit/u_f32_to_f16_vec/data_i[364] (net)                                              0.00       0.60 r                   
  gemm_unit/u_f32_to_f16_vec/g_lane_11__u_cast/data_i[12] (VX_f32_to_f16_20)                0.00       0.60 r                   
  gemm_unit/u_f32_to_f16_vec/g_lane_11__u_cast/data_i[12] (net)                             0.00       0.60 r                   
  gemm_unit/u_f32_to_f16_vec/g_lane_11__u_cast/U121/Y (NAND4BB_X2M_A9TR)          0.05      0.07 *     0.67 r                   0.90
  gemm_unit/u_f32_to_f16_vec/g_lane_11__u_cast/n617 (net)               1                   0.00       0.67 r                   
  gemm_unit/u_f32_to_f16_vec/g_lane_11__u_cast/U126/Y (AOI211_X1M_A9TR)           0.04      0.04 *     0.71 f                   0.90
  gemm_unit/u_f32_to_f16_vec/g_lane_11__u_cast/n629 (net)               1                   0.00       0.71 f                   
  gemm_unit/u_f32_to_f16_vec/g_lane_11__u_cast/U134/Y (NOR2B_X1M_A9TR)            0.02      0.06 *     0.77 f                   0.90
  gemm_unit/u_f32_to_f16_vec/g_lane_11__u_cast/n630 (net)               1                   0.00       0.77 f                   
  gemm_unit/u_f32_to_f16_vec/g_lane_11__u_cast/U135/Y (NAND2_X1B_A9TR)            0.06      0.04 *     0.81 r                   0.90
  gemm_unit/u_f32_to_f16_vec/g_lane_11__u_cast/n647 (net)               1                   0.00       0.81 r                   
  gemm_unit/u_f32_to_f16_vec/g_lane_11__u_cast/U141/Y (OAI31_X6M_A9TR)            0.05      0.05 *     0.86 f                   0.90
  gemm_unit/u_f32_to_f16_vec/g_lane_11__u_cast/n734 (net)               3                   0.00       0.86 f                   
  gemm_unit/u_f32_to_f16_vec/g_lane_11__u_cast/U148/Y (NOR2_X6M_A9TR)             0.06      0.05 *     0.91 r                   0.90
  gemm_unit/u_f32_to_f16_vec/g_lane_11__u_cast/n810 (net)              10                   0.00       0.91 r                   
  gemm_unit/u_f32_to_f16_vec/g_lane_11__u_cast/U252/Y (NAND2_X1B_A9TR)            0.04      0.04 *     0.94 f                   0.90
  gemm_unit/u_f32_to_f16_vec/g_lane_11__u_cast/n762 (net)               1                   0.00       0.94 f                   
  gemm_unit/u_f32_to_f16_vec/g_lane_11__u_cast/U253/Y (OAI211_X3M_A9TR)           0.09      0.05 *     1.00 r                   0.90
  gemm_unit/u_f32_to_f16_vec/g_lane_11__u_cast/data_o[4] (net)          1                   0.00       1.00 r                   
  gemm_unit/u_f32_to_f16_vec/g_lane_11__u_cast/data_o[4] (VX_f32_to_f16_20)                 0.00       1.00 r                   
  gemm_unit/u_f32_to_f16_vec/data_o[180] (net)                                              0.00       1.00 r                   
  gemm_unit/u_f32_to_f16_vec/data_o[180] (VX_vec_f32_to_f16)                                0.00       1.00 r                   
  gemm_unit/o_lmem_bus_if_rsp_data[183] (net)                                               0.00       1.00 r                   
  gemm_unit/o_lmem_bus_if_rsp_data[183] (VX_gemm_unit_h_733_242_815)                        0.00       1.00 r                   
  o_rsp_data[180] (net)                                                                     0.00       1.00 r                   
  o_rsp_data[180] (out)                                                           0.09      0.00 *     1.00 r                   
  data arrival time                                                                                    1.00                     

  clock CLK (rise edge)                                                                     1.00       1.00                     
  clock network delay (ideal)                                                               0.00       1.00                     
  output external delay                                                                     0.00       1.00                     
  data required time                                                                                   1.00                     
  -------------------------------------------------------------------------------------------------------------------------------------------
  data required time                                                                                   1.00                     
  data arrival time                                                                                   -1.00                     
  -------------------------------------------------------------------------------------------------------------------------------------------
  slack (MET)                                                                                          0.00                     


  Startpoint: acc_mem_rdata_i[313]
              (input port clocked by CLK)
  Endpoint: o_rsp_data[152]
            (output port clocked by CLK)
  Scenario: mode_norm.OC_rvt_ss_0p900v_125c
  Path Group: FEEDTHROUGH
  Path Type: max

Attributes:
    d - dont_touch
    u - dont_use
   mo - map_only
   so - size_only
    i - ideal_net or ideal_network
  inf - infeasible path

  Point                                                              Fanout     Trans      Incr       Path      Attributes     Voltage
  ------------------------------------------------------------------------------------------------------------------------------------------
  clock CLK (rise edge)                                                                    0.00       0.00                     
  clock network delay (ideal)                                                              0.00       0.00                     
  input external delay                                                                     0.00       0.00 f                   
  acc_mem_rdata_i[313] (in)                                                      0.02      0.01       0.01 f                   
  acc_mem_rdata_i[313] (net)                                           1                   0.00       0.01 f                   
  U441/Y (BUF_X2B_A9TR)                                                          0.19      0.14 *     0.14 f                   0.90
  n440 (net)                                                           1                   0.00       0.14 f                   
  gemm_unit/acc_mem_rdata_i[313] (VX_gemm_unit_h_733_242_815)                              0.00       0.14 f                   
  gemm_unit/acc_mem_rdata_i[313] (net)                                                     0.00       0.14 f                   
  gemm_unit/U460/Y (BUFH_X6M_A9TR)                                               0.06      0.14 *     0.28 f                   0.90
  gemm_unit/n79921 (net)                                               2                   0.00       0.28 f                   
  gemm_unit/U261/Y (AOI22_X3M_A9TR)                                              0.06      0.12 *     0.40 r                   0.90
  gemm_unit/n14763 (net)                                               1                   0.00       0.40 r                   
  gemm_unit/U263/Y (NAND3_X4A_A9TR)                                              0.07      0.06 *     0.46 f                   0.90
  gemm_unit/f32_to_f16_data_vec[313] (net)                             7                   0.00       0.46 f                   
  gemm_unit/u_f32_to_f16_vec/data_i[313] (VX_vec_f32_to_f16)                               0.00       0.46 f                   
  gemm_unit/u_f32_to_f16_vec/data_i[313] (net)                                             0.00       0.46 f                   
  gemm_unit/u_f32_to_f16_vec/g_lane_9__u_cast/data_i[25] (VX_f32_to_f16_22)                0.00       0.46 f                   
  gemm_unit/u_f32_to_f16_vec/g_lane_9__u_cast/data_i[25] (net)                             0.00       0.46 f                   
  gemm_unit/u_f32_to_f16_vec/g_lane_9__u_cast/U59/Y (NOR2_X3A_A9TR)              0.07      0.07 *     0.53 r                   0.90
  gemm_unit/u_f32_to_f16_vec/g_lane_9__u_cast/n594 (net)               3                   0.00       0.53 r                   
  gemm_unit/u_f32_to_f16_vec/g_lane_9__u_cast/U61/Y (NAND2_X3A_A9TR)             0.03      0.04 *     0.56 f                   0.90
  gemm_unit/u_f32_to_f16_vec/g_lane_9__u_cast/n679 (net)               4                   0.00       0.56 f                   
  gemm_unit/u_f32_to_f16_vec/g_lane_9__u_cast/U62/Y (OAI2XB1_X4M_A9TR)           0.07      0.04 *     0.60 r                   0.90
  gemm_unit/u_f32_to_f16_vec/g_lane_9__u_cast/n619 (net)               5                   0.00       0.60 r                   
  gemm_unit/u_f32_to_f16_vec/g_lane_9__u_cast/U82/Y (NAND2_X2B_A9TR)             0.06      0.05 *     0.65 f                   0.90
  gemm_unit/u_f32_to_f16_vec/g_lane_9__u_cast/n625 (net)               5                   0.00       0.65 f                   
  gemm_unit/u_f32_to_f16_vec/g_lane_9__u_cast/U127/Y (INV_X2B_A9TR)              0.03      0.03 *     0.68 r                   0.90
  gemm_unit/u_f32_to_f16_vec/g_lane_9__u_cast/n626 (net)               1                   0.00       0.68 r                   
  gemm_unit/u_f32_to_f16_vec/g_lane_9__u_cast/U128/Y (NAND2_X3A_A9TR)            0.03      0.03 *     0.71 f                   0.90
  gemm_unit/u_f32_to_f16_vec/g_lane_9__u_cast/n641 (net)               4                   0.00       0.71 f                   
  gemm_unit/u_f32_to_f16_vec/g_lane_9__u_cast/U141/Y (NOR2_X2M_A9TR)             0.07      0.05 *     0.76 r                   0.90
  gemm_unit/u_f32_to_f16_vec/g_lane_9__u_cast/n805 (net)               5                   0.00       0.76 r                   
  gemm_unit/u_f32_to_f16_vec/g_lane_9__u_cast/U177/Y (NAND2_X1B_A9TR)            0.03      0.04 *     0.80 f                   0.90
  gemm_unit/u_f32_to_f16_vec/g_lane_9__u_cast/n674 (net)               1                   0.00       0.80 f                   
  gemm_unit/u_f32_to_f16_vec/g_lane_9__u_cast/U178/Y (NOR2_X2A_A9TR)             0.04      0.04 *     0.84 r                   0.90
  gemm_unit/u_f32_to_f16_vec/g_lane_9__u_cast/n676 (net)               1                   0.00       0.84 r                   
  gemm_unit/u_f32_to_f16_vec/g_lane_9__u_cast/U179/Y (NAND2_X2B_A9TR)            0.02      0.03 *     0.87 f                   0.90
  gemm_unit/u_f32_to_f16_vec/g_lane_9__u_cast/n677 (net)               1                   0.00       0.87 f                   
  gemm_unit/u_f32_to_f16_vec/g_lane_9__u_cast/U180/Y (INV_X4B_A9TR)              0.01      0.02 *     0.88 r                   0.90
  gemm_unit/u_f32_to_f16_vec/g_lane_9__u_cast/n714 (net)               1                   0.00       0.88 r                   
  gemm_unit/u_f32_to_f16_vec/g_lane_9__u_cast/U218/S (ADDH_X2M_A9TR)             0.02      0.07 *     0.95 f                   0.90
  gemm_unit/u_f32_to_f16_vec/g_lane_9__u_cast/n681 (net)               1                   0.00       0.95 f                   
  gemm_unit/u_f32_to_f16_vec/g_lane_9__u_cast/U182/Y (NAND2_X2B_A9TR)            0.03      0.02 *     0.97 r                   0.90
  gemm_unit/u_f32_to_f16_vec/g_lane_9__u_cast/n688 (net)               1                   0.00       0.97 r                   
  gemm_unit/u_f32_to_f16_vec/g_lane_9__u_cast/U188/Y (NAND2_X2B_A9TR)            0.04      0.03 *     1.00 f                   0.90
  gemm_unit/u_f32_to_f16_vec/g_lane_9__u_cast/data_o[8] (net)          1                   0.00       1.00 f                   
  gemm_unit/u_f32_to_f16_vec/g_lane_9__u_cast/data_o[8] (VX_f32_to_f16_22)                 0.00       1.00 f                   
  gemm_unit/u_f32_to_f16_vec/data_o[152] (net)                                             0.00       1.00 f                   
  gemm_unit/u_f32_to_f16_vec/data_o[152] (VX_vec_f32_to_f16)                               0.00       1.00 f                   
  gemm_unit/o_lmem_bus_if_rsp_data[155] (net)                                              0.00       1.00 f                   
  gemm_unit/o_lmem_bus_if_rsp_data[155] (VX_gemm_unit_h_733_242_815)                       0.00       1.00 f                   
  o_rsp_data[152] (net)                                                                    0.00       1.00 f                   
  o_rsp_data[152] (out)                                                          0.04      0.00 *     1.00 f                   
  data arrival time                                                                                   1.00                     

  clock CLK (rise edge)                                                                    1.00       1.00                     
  clock network delay (ideal)                                                              0.00       1.00                     
  output external delay                                                                    0.00       1.00                     
  data required time                                                                                  1.00                     
  ------------------------------------------------------------------------------------------------------------------------------------------
  data required time                                                                                  1.00                     
  data arrival time                                                                                  -1.00                     
  ------------------------------------------------------------------------------------------------------------------------------------------
  slack (MET)                                                                                         0.00                     


  Startpoint: acc_mem_rdata_i[1233]
              (input port clocked by CLK)
  Endpoint: o_rsp_data[110]
            (output port clocked by CLK)
  Scenario: mode_norm.OC_rvt_ss_0p900v_125c
  Path Group: FEEDTHROUGH
  Path Type: max

Attributes:
    d - dont_touch
    u - dont_use
   mo - map_only
   so - size_only
    i - ideal_net or ideal_network
  inf - infeasible path

  Point                                                              Fanout     Trans      Incr       Path      Attributes     Voltage
  ------------------------------------------------------------------------------------------------------------------------------------------
  clock CLK (rise edge)                                                                    0.00       0.00                     
  clock network delay (ideal)                                                              0.00       0.00                     
  input external delay                                                                     0.00       0.00 f                   
  acc_mem_rdata_i[1233] (in)                                                     0.02      0.01       0.01 f                   
  acc_mem_rdata_i[1233] (net)                                          1                   0.00       0.01 f                   
  U1775/Y (BUF_X1B_A9TR)                                                         0.23      0.16 *     0.17 f                   0.90
  n1774 (net)                                                          1                   0.00       0.17 f                   
  U1776/Y (BUF_X6M_A9TR)                                                         0.07      0.15 *     0.31 f                   0.90
  n1775 (net)                                                          2                   0.00       0.31 f                   
  gemm_unit/acc_mem_rdata_i[1233] (VX_gemm_unit_h_733_242_815)                             0.00       0.31 f                   
  gemm_unit/acc_mem_rdata_i[1233] (net)                                                    0.00       0.31 f                   
  gemm_unit/U59783/Y (AOI22_X1M_A9TR)                                            0.10      0.17 *     0.48 r                   0.90
  gemm_unit/n72910 (net)                                               1                   0.00       0.48 r                   
  gemm_unit/U59785/Y (NAND2_X3A_A9TR)                                            0.06      0.06 *     0.54 f                   0.90
  gemm_unit/f32_to_f16_data_vec[209] (net)                             8                   0.00       0.54 f                   
  gemm_unit/u_f32_to_f16_vec/data_i[209] (VX_vec_f32_to_f16)                               0.00       0.54 f                   
  gemm_unit/u_f32_to_f16_vec/data_i[209] (net)                                             0.00       0.54 f                   
  gemm_unit/u_f32_to_f16_vec/g_lane_6__u_cast/data_i[17] (VX_f32_to_f16_25)                0.00       0.54 f                   
  gemm_unit/u_f32_to_f16_vec/g_lane_6__u_cast/data_i[17] (net)                             0.00       0.54 f                   
  gemm_unit/u_f32_to_f16_vec/g_lane_6__u_cast/U156/Y (NAND2_X1B_A9TR)            0.04      0.05 *     0.59 r                   0.90
  gemm_unit/u_f32_to_f16_vec/g_lane_6__u_cast/n788 (net)               2                   0.00       0.59 r                   
  gemm_unit/u_f32_to_f16_vec/g_lane_6__u_cast/U158/Y (NOR2_X2M_A9TR)             0.02      0.02 *     0.61 f                   0.90
  gemm_unit/u_f32_to_f16_vec/g_lane_6__u_cast/n658 (net)               1                   0.00       0.61 f                   
  gemm_unit/u_f32_to_f16_vec/g_lane_6__u_cast/U162/Y (AND2_X2M_A9TR)             0.02      0.04 *     0.65 f                   0.90
  gemm_unit/u_f32_to_f16_vec/g_lane_6__u_cast/n684 (net)               1                   0.00       0.65 f                   
  gemm_unit/u_f32_to_f16_vec/g_lane_6__u_cast/U192/CO (ADDH_X2M_A9TR)            0.02      0.04 *     0.69 f                   0.90
  gemm_unit/u_f32_to_f16_vec/g_lane_6__u_cast/n668 (net)               1                   0.00       0.69 f                   
  gemm_unit/u_f32_to_f16_vec/g_lane_6__u_cast/U170/CO (ADDH_X2M_A9TR)            0.02      0.04 *     0.73 f                   0.90
  gemm_unit/u_f32_to_f16_vec/g_lane_6__u_cast/n709 (net)               1                   0.00       0.73 f                   
  gemm_unit/u_f32_to_f16_vec/g_lane_6__u_cast/U214/CO (ADDH_X2M_A9TR)            0.02      0.04 *     0.78 f                   0.90
  gemm_unit/u_f32_to_f16_vec/g_lane_6__u_cast/n702 (net)               2                   0.00       0.78 f                   
  gemm_unit/u_f32_to_f16_vec/g_lane_6__u_cast/U202/Y (AND2_X4M_A9TR)             0.01      0.04 *     0.82 f                   0.90
  gemm_unit/u_f32_to_f16_vec/g_lane_6__u_cast/n807 (net)               1                   0.00       0.82 f                   
  gemm_unit/u_f32_to_f16_vec/g_lane_6__u_cast/U228/CO (ADDH_X2M_A9TR)            0.02      0.04 *     0.86 f                   0.90
  gemm_unit/u_f32_to_f16_vec/g_lane_6__u_cast/n697 (net)               2                   0.00       0.86 f                   
  gemm_unit/u_f32_to_f16_vec/g_lane_6__u_cast/U171/Y (NAND2_X2A_A9TR)            0.03      0.02 *     0.89 r                   0.90
  gemm_unit/u_f32_to_f16_vec/g_lane_6__u_cast/n817 (net)               2                   0.00       0.89 r                   
  gemm_unit/u_f32_to_f16_vec/g_lane_6__u_cast/U104/Y (NOR2_X2B_A9TR)             0.03      0.03 *     0.91 f                   0.90
  gemm_unit/u_f32_to_f16_vec/g_lane_6__u_cast/n671 (net)               1                   0.00       0.91 f                   
  gemm_unit/u_f32_to_f16_vec/g_lane_6__u_cast/U175/Y (XNOR2_X1P4M_A9TR)          0.03      0.04 *     0.95 f                   0.90
  gemm_unit/u_f32_to_f16_vec/g_lane_6__u_cast/n673 (net)               1                   0.00       0.95 f                   
  gemm_unit/u_f32_to_f16_vec/g_lane_6__u_cast/U178/Y (OAI2XB1_X3M_A9TR)          0.06      0.05 *     1.00 r                   0.90
  gemm_unit/u_f32_to_f16_vec/g_lane_6__u_cast/data_o[14] (net)         1                   0.00       1.00 r                   
  gemm_unit/u_f32_to_f16_vec/g_lane_6__u_cast/data_o[14] (VX_f32_to_f16_25)                0.00       1.00 r                   
  gemm_unit/u_f32_to_f16_vec/data_o[110] (net)                                             0.00       1.00 r                   
  gemm_unit/u_f32_to_f16_vec/data_o[110] (VX_vec_f32_to_f16)                               0.00       1.00 r                   
  gemm_unit/o_lmem_bus_if_rsp_data[113] (net)                                              0.00       1.00 r                   
  gemm_unit/o_lmem_bus_if_rsp_data[113] (VX_gemm_unit_h_733_242_815)                       0.00       1.00 r                   
  o_rsp_data[110] (net)                                                                    0.00       1.00 r                   
  o_rsp_data[110] (out)                                                          0.06      0.00 *     1.00 r                   
  data arrival time                                                                                   1.00                     

  clock CLK (rise edge)                                                                    1.00       1.00                     
  clock network delay (ideal)                                                              0.00       1.00                     
  output external delay                                                                    0.00       1.00                     
  data required time                                                                                  1.00                     
  ------------------------------------------------------------------------------------------------------------------------------------------
  data required time                                                                                  1.00                     
  data arrival time                                                                                  -1.00                     
  ------------------------------------------------------------------------------------------------------------------------------------------
  slack (MET)                                                                                         0.00                     


  Startpoint: acc_mem_rdata_i[894]
              (input port clocked by CLK)
  Endpoint: o_rsp_data[440]
            (output port clocked by CLK)
  Scenario: mode_norm.OC_rvt_ss_0p900v_125c
  Path Group: FEEDTHROUGH
  Path Type: max

Attributes:
    d - dont_touch
    u - dont_use
   mo - map_only
   so - size_only
    i - ideal_net or ideal_network
  inf - infeasible path

  Point                                                              Fanout     Trans      Incr       Path      Attributes     Voltage
  ------------------------------------------------------------------------------------------------------------------------------------------
  clock CLK (rise edge)                                                                    0.00       0.00                     
  clock network delay (ideal)                                                              0.00       0.00                     
  input external delay                                                                     0.00       0.00 r                   
  acc_mem_rdata_i[894] (in)                                                      0.03      0.01       0.01 r                   
  acc_mem_rdata_i[894] (net)                                           1                   0.00       0.01 r                   
  U1261/Y (BUF_X1M_A9TR)                                                         0.30      0.19 *     0.20 r                   0.90
  n1260 (net)                                                          1                   0.00       0.20 r                   
  gemm_unit/acc_mem_rdata_i[894] (VX_gemm_unit_h_733_242_815)                              0.00       0.20 r                   
  gemm_unit/acc_mem_rdata_i[894] (net)                                                     0.00       0.20 r                   
  gemm_unit/U3574/Y (BUF_X5M_A9TR)                                               0.13      0.17 *     0.37 r                   0.90
  gemm_unit/n80263 (net)                                               2                   0.00       0.37 r                   
  gemm_unit/U60391/Y (AOI22_X0P7M_A9TR)                                          0.07      0.14 *     0.51 f                   0.90
  gemm_unit/n73366 (net)                                               1                   0.00       0.51 f                   
  gemm_unit/U60392/Y (NAND2_X2B_A9TR)                                            0.07      0.07 *     0.58 r                   0.90
  gemm_unit/f32_to_f16_data_vec[894] (net)                             4                   0.00       0.58 r                   
  gemm_unit/u_f32_to_f16_vec/data_i[894] (VX_vec_f32_to_f16)                               0.00       0.58 r                   
  gemm_unit/u_f32_to_f16_vec/data_i[894] (net)                                             0.00       0.58 r                   
  gemm_unit/u_f32_to_f16_vec/g_lane_27__u_cast/data_i[30] (VX_f32_to_f16_4)                0.00       0.58 r                   
  gemm_unit/u_f32_to_f16_vec/g_lane_27__u_cast/data_i[30] (net)                            0.00       0.58 r                   
  gemm_unit/u_f32_to_f16_vec/g_lane_27__u_cast/U59/Y (NOR2_X3M_A9TR)             0.04      0.04 *     0.62 f                   0.90
  gemm_unit/u_f32_to_f16_vec/g_lane_27__u_cast/n661 (net)              3                   0.00       0.62 f                   
  gemm_unit/u_f32_to_f16_vec/g_lane_27__u_cast/U60/Y (NAND2_X3A_A9TR)            0.04      0.03 *     0.66 r                   0.90
  gemm_unit/u_f32_to_f16_vec/g_lane_27__u_cast/n641 (net)              5                   0.00       0.66 r                   
  gemm_unit/u_f32_to_f16_vec/g_lane_27__u_cast/U137/Y (INV_X0P7B_A9TR)           0.03      0.03 *     0.69 f                   0.90
  gemm_unit/u_f32_to_f16_vec/g_lane_27__u_cast/n633 (net)              1                   0.00       0.69 f                   
  gemm_unit/u_f32_to_f16_vec/g_lane_27__u_cast/U139/Y (NAND2_X2B_A9TR)           0.05      0.04 *     0.73 r                   0.90
  gemm_unit/u_f32_to_f16_vec/g_lane_27__u_cast/n655 (net)              4                   0.00       0.73 r                   
  gemm_unit/u_f32_to_f16_vec/g_lane_27__u_cast/U193/Y (OAI22_X2M_A9TR)           0.05      0.04 *     0.77 f                   0.90
  gemm_unit/u_f32_to_f16_vec/g_lane_27__u_cast/n786 (net)              3                   0.00       0.77 f                   
  gemm_unit/u_f32_to_f16_vec/g_lane_27__u_cast/U194/Y (NAND2_X2B_A9TR)           0.03      0.03 *     0.80 r                   0.90
  gemm_unit/u_f32_to_f16_vec/g_lane_27__u_cast/n676 (net)              2                   0.00       0.80 r                   
  gemm_unit/u_f32_to_f16_vec/g_lane_27__u_cast/U158/Y (NOR2_X2M_A9TR)            0.02      0.02 *     0.82 f                   0.90
  gemm_unit/u_f32_to_f16_vec/g_lane_27__u_cast/n657 (net)              1                   0.00       0.82 f                   
  gemm_unit/u_f32_to_f16_vec/g_lane_27__u_cast/U159/Y (NAND2_X2B_A9TR)           0.02      0.02 *     0.85 r                   0.90
  gemm_unit/u_f32_to_f16_vec/g_lane_27__u_cast/n658 (net)              1                   0.00       0.85 r                   
  gemm_unit/u_f32_to_f16_vec/g_lane_27__u_cast/U160/Y (INV_X2M_A9TR)             0.01      0.01 *     0.86 f                   0.90
  gemm_unit/u_f32_to_f16_vec/g_lane_27__u_cast/n701 (net)              1                   0.00       0.86 f                   
  gemm_unit/u_f32_to_f16_vec/g_lane_27__u_cast/U206/S (ADDH_X1M_A9TR)            0.02      0.08 *     0.94 r                   0.90
  gemm_unit/u_f32_to_f16_vec/g_lane_27__u_cast/n662 (net)              1                   0.00       0.94 r                   
  gemm_unit/u_f32_to_f16_vec/g_lane_27__u_cast/U162/Y (NAND2_X1B_A9TR)           0.03      0.02 *     0.96 f                   0.90
  gemm_unit/u_f32_to_f16_vec/g_lane_27__u_cast/n673 (net)              1                   0.00       0.96 f                   
  gemm_unit/u_f32_to_f16_vec/g_lane_27__u_cast/U177/Y (NAND2_X2A_A9TR)           0.05      0.04 *     1.00 r                   0.90
  gemm_unit/u_f32_to_f16_vec/g_lane_27__u_cast/data_o[8] (net)         1                   0.00       1.00 r                   
  gemm_unit/u_f32_to_f16_vec/g_lane_27__u_cast/data_o[8] (VX_f32_to_f16_4)                 0.00       1.00 r                   
  gemm_unit/u_f32_to_f16_vec/data_o[440] (net)                                             0.00       1.00 r                   
  gemm_unit/u_f32_to_f16_vec/data_o[440] (VX_vec_f32_to_f16)                               0.00       1.00 r                   
  gemm_unit/o_lmem_bus_if_rsp_data[443] (net)                                              0.00       1.00 r                   
  gemm_unit/o_lmem_bus_if_rsp_data[443] (VX_gemm_unit_h_733_242_815)                       0.00       1.00 r                   
  o_rsp_data[440] (net)                                                                    0.00       1.00 r                   
  o_rsp_data[440] (out)                                                          0.05      0.00 *     1.00 r                   
  data arrival time                                                                                   1.00                     

  clock CLK (rise edge)                                                                    1.00       1.00                     
  clock network delay (ideal)                                                              0.00       1.00                     
  output external delay                                                                    0.00       1.00                     
  data required time                                                                                  1.00                     
  ------------------------------------------------------------------------------------------------------------------------------------------
  data required time                                                                                  1.00                     
  data arrival time                                                                                  -1.00                     
  ------------------------------------------------------------------------------------------------------------------------------------------
  slack (MET)                                                                                         0.00                     


  Startpoint: acc_mem_rdata_i[445]
              (input port clocked by CLK)
  Endpoint: o_rsp_data[216]
            (output port clocked by CLK)
  Scenario: mode_norm.OC_rvt_ss_0p900v_125c
  Path Group: FEEDTHROUGH
  Path Type: max

Attributes:
    d - dont_touch
    u - dont_use
   mo - map_only
   so - size_only
    i - ideal_net or ideal_network
  inf - infeasible path

  Point                                                               Fanout     Trans      Incr       Path      Attributes     Voltage
  -------------------------------------------------------------------------------------------------------------------------------------------
  clock CLK (rise edge)                                                                     0.00       0.00                     
  clock network delay (ideal)                                                               0.00       0.00                     
  input external delay                                                                      0.00       0.00 r                   
  acc_mem_rdata_i[445] (in)                                                       0.03      0.01       0.01 r                   
  acc_mem_rdata_i[445] (net)                                            1                   0.00       0.01 r                   
  U629/Y (BUFH_X1M_A9TR)                                                          0.29      0.18 *     0.20 r                   0.90
  n628 (net)                                                            1                   0.00       0.20 r                   
  gemm_unit/acc_mem_rdata_i[445] (VX_gemm_unit_h_733_242_815)                               0.00       0.20 r                   
  gemm_unit/acc_mem_rdata_i[445] (net)                                                      0.00       0.20 r                   
  gemm_unit/U1624/Y (BUF_X9M_A9TR)                                                0.08      0.14 *     0.34 r                   0.90
  gemm_unit/n79997 (net)                                                2                   0.00       0.34 r                   
  gemm_unit/U59510/Y (AOI22_X0P7M_A9TR)                                           0.05      0.12 *     0.46 f                   0.90
  gemm_unit/n72711 (net)                                                1                   0.00       0.46 f                   
  gemm_unit/U59511/Y (NAND2_X1B_A9TR)                                             0.06      0.06 *     0.51 r                   0.90
  gemm_unit/f32_to_f16_data_vec[445] (net)                              2                   0.00       0.51 r                   
  gemm_unit/u_f32_to_f16_vec/data_i[445] (VX_vec_f32_to_f16)                                0.00       0.51 r                   
  gemm_unit/u_f32_to_f16_vec/data_i[445] (net)                                              0.00       0.51 r                   
  gemm_unit/u_f32_to_f16_vec/g_lane_13__u_cast/data_i[29] (VX_f32_to_f16_18)                0.00       0.51 r                   
  gemm_unit/u_f32_to_f16_vec/g_lane_13__u_cast/data_i[29] (net)                             0.00       0.51 r                   
  gemm_unit/u_f32_to_f16_vec/g_lane_13__u_cast/U19/Y (NAND2_X1B_A9TR)             0.04      0.04 *     0.55 f                   0.90
  gemm_unit/u_f32_to_f16_vec/g_lane_13__u_cast/n737 (net)               3                   0.00       0.55 f                   
  gemm_unit/u_f32_to_f16_vec/g_lane_13__u_cast/U82/Y (NOR2_X2M_A9TR)              0.06      0.05 *     0.60 r                   0.90
  gemm_unit/u_f32_to_f16_vec/g_lane_13__u_cast/n686 (net)               3                   0.00       0.60 r                   
  gemm_unit/u_f32_to_f16_vec/g_lane_13__u_cast/U83/Y (NAND2_X2B_A9TR)             0.04      0.04 *     0.65 f                   0.90
  gemm_unit/u_f32_to_f16_vec/g_lane_13__u_cast/n677 (net)               4                   0.00       0.65 f                   
  gemm_unit/u_f32_to_f16_vec/g_lane_13__u_cast/U168/Y (INV_X4B_A9TR)              0.02      0.02 *     0.67 r                   0.90
  gemm_unit/u_f32_to_f16_vec/g_lane_13__u_cast/n655 (net)               2                   0.00       0.67 r                   
  gemm_unit/u_f32_to_f16_vec/g_lane_13__u_cast/U169/Y (NAND2_X2B_A9TR)            0.03      0.03 *     0.70 f                   0.90
  gemm_unit/u_f32_to_f16_vec/g_lane_13__u_cast/n669 (net)               4                   0.00       0.70 f                   
  gemm_unit/u_f32_to_f16_vec/g_lane_13__u_cast/U175/Y (OAI22_X1M_A9TR)            0.10      0.06 *     0.76 r                   0.90
  gemm_unit/u_f32_to_f16_vec/g_lane_13__u_cast/n800 (net)               3                   0.00       0.76 r                   
  gemm_unit/u_f32_to_f16_vec/g_lane_13__u_cast/U176/Y (NAND2_X1B_A9TR)            0.04      0.04 *     0.80 f                   0.90
  gemm_unit/u_f32_to_f16_vec/g_lane_13__u_cast/n701 (net)               2                   0.00       0.80 f                   
  gemm_unit/u_f32_to_f16_vec/g_lane_13__u_cast/U177/Y (NOR2_X1A_A9TR)             0.04      0.04 *     0.84 r                   0.90
  gemm_unit/u_f32_to_f16_vec/g_lane_13__u_cast/n682 (net)               1                   0.00       0.84 r                   
  gemm_unit/u_f32_to_f16_vec/g_lane_13__u_cast/U190/Y (NAND2_X1B_A9TR)            0.03      0.03 *     0.86 f                   0.90
  gemm_unit/u_f32_to_f16_vec/g_lane_13__u_cast/n683 (net)               1                   0.00       0.86 f                   
  gemm_unit/u_f32_to_f16_vec/g_lane_13__u_cast/U191/Y (INV_X2B_A9TR)              0.02      0.02 *     0.88 r                   0.90
  gemm_unit/u_f32_to_f16_vec/g_lane_13__u_cast/n725 (net)               1                   0.00       0.88 r                   
  gemm_unit/u_f32_to_f16_vec/g_lane_13__u_cast/U228/S (ADDH_X2M_A9TR)             0.02      0.07 *     0.95 f                   0.90
  gemm_unit/u_f32_to_f16_vec/g_lane_13__u_cast/n687 (net)               1                   0.00       0.95 f                   
  gemm_unit/u_f32_to_f16_vec/g_lane_13__u_cast/U193/Y (NAND2_X1B_A9TR)            0.03      0.03 *     0.98 r                   0.90
  gemm_unit/u_f32_to_f16_vec/g_lane_13__u_cast/n697 (net)               1                   0.00       0.98 r                   
  gemm_unit/u_f32_to_f16_vec/g_lane_13__u_cast/U202/Y (NAND2_X2B_A9TR)            0.02      0.02 *     1.00 f                   0.90
  gemm_unit/u_f32_to_f16_vec/g_lane_13__u_cast/data_o[8] (net)          1                   0.00       1.00 f                   
  gemm_unit/u_f32_to_f16_vec/g_lane_13__u_cast/data_o[8] (VX_f32_to_f16_18)                 0.00       1.00 f                   
  gemm_unit/u_f32_to_f16_vec/data_o[216] (net)                                              0.00       1.00 f                   
  gemm_unit/u_f32_to_f16_vec/data_o[216] (VX_vec_f32_to_f16)                                0.00       1.00 f                   
  gemm_unit/o_lmem_bus_if_rsp_data[219] (net)                                               0.00       1.00 f                   
  gemm_unit/o_lmem_bus_if_rsp_data[219] (VX_gemm_unit_h_733_242_815)                        0.00       1.00 f                   
  o_rsp_data[216] (net)                                                                     0.00       1.00 f                   
  o_rsp_data[216] (out)                                                           0.02      0.00 *     1.00 f                   
  data arrival time                                                                                    1.00                     

  clock CLK (rise edge)                                                                     1.00       1.00                     
  clock network delay (ideal)                                                               0.00       1.00                     
  output external delay                                                                     0.00       1.00                     
  data required time                                                                                   1.00                     
  -------------------------------------------------------------------------------------------------------------------------------------------
  data required time                                                                                   1.00                     
  data arrival time                                                                                   -1.00                     
  -------------------------------------------------------------------------------------------------------------------------------------------
  slack (MET)                                                                                          0.00                     


  Startpoint: acc_mem_rdata_i[86]
              (input port clocked by CLK)
  Endpoint: o_rsp_data[39]
            (output port clocked by CLK)
  Scenario: mode_norm.OC_rvt_ss_0p900v_125c
  Path Group: FEEDTHROUGH
  Path Type: max

Attributes:
    d - dont_touch
    u - dont_use
   mo - map_only
   so - size_only
    i - ideal_net or ideal_network
  inf - infeasible path

  Point                                                              Fanout     Trans      Incr       Path      Attributes     Voltage
  ------------------------------------------------------------------------------------------------------------------------------------------
  clock CLK (rise edge)                                                                    0.00       0.00                     
  clock network delay (ideal)                                                              0.00       0.00                     
  input external delay                                                                     0.00       0.00 r                   
  acc_mem_rdata_i[86] (in)                                                       0.03      0.01       0.01 r                   
  acc_mem_rdata_i[86] (net)                                            1                   0.00       0.01 r                   
  U133/Y (BUF_X1M_A9TR)                                                          0.27      0.18 *     0.19 r                   0.90
  n132 (net)                                                           1                   0.00       0.19 r                   
  U134/Y (BUF_X6M_A9TR)                                                          0.11      0.15 *     0.34 r                   0.90
  n133 (net)                                                           2                   0.00       0.34 r                   
  gemm_unit/acc_mem_rdata_i[86] (VX_gemm_unit_h_733_242_815)                               0.00       0.34 r                   
  gemm_unit/acc_mem_rdata_i[86] (net)                                                      0.00       0.34 r                   
  gemm_unit/U58454/Y (AOI22_X1M_A9TR)                                            0.06      0.13 *     0.47 f                   0.90
  gemm_unit/n71934 (net)                                               1                   0.00       0.47 f                   
  gemm_unit/U58455/Y (NAND2_X3A_A9TR)                                            0.06      0.06 *     0.53 r                   0.90
  gemm_unit/f32_to_f16_data_vec[86] (net)                              6                   0.00       0.53 r                   
  gemm_unit/u_f32_to_f16_vec/data_i[86] (VX_vec_f32_to_f16)                                0.00       0.53 r                   
  gemm_unit/u_f32_to_f16_vec/data_i[86] (net)                                              0.00       0.53 r                   
  gemm_unit/u_f32_to_f16_vec/g_lane_2__u_cast/data_i[22] (VX_f32_to_f16_29)                0.00       0.53 r                   
  gemm_unit/u_f32_to_f16_vec/g_lane_2__u_cast/data_i[22] (net)                             0.00       0.53 r                   
  gemm_unit/u_f32_to_f16_vec/g_lane_2__u_cast/U35/Y (MXIT2_X1M_A9TR)             0.06      0.05 *     0.58 f                   0.90
  gemm_unit/u_f32_to_f16_vec/g_lane_2__u_cast/n603 (net)               4                   0.00       0.58 f                   
  gemm_unit/u_f32_to_f16_vec/g_lane_2__u_cast/U58/Y (OAI22_X1M_A9TR)             0.07      0.06 *     0.65 r                   0.90
  gemm_unit/u_f32_to_f16_vec/g_lane_2__u_cast/n557 (net)               1                   0.00       0.65 r                   
  gemm_unit/u_f32_to_f16_vec/g_lane_2__u_cast/U60/Y (NOR2_X2M_A9TR)              0.04      0.05 *     0.69 f                   0.90
  gemm_unit/u_f32_to_f16_vec/g_lane_2__u_cast/n606 (net)               3                   0.00       0.69 f                   
  gemm_unit/u_f32_to_f16_vec/g_lane_2__u_cast/U105/Y (OAI22_X2M_A9TR)            0.08      0.07 *     0.76 r                   0.90
  gemm_unit/u_f32_to_f16_vec/g_lane_2__u_cast/n759 (net)               4                   0.00       0.76 r                   
  gemm_unit/u_f32_to_f16_vec/g_lane_2__u_cast/U106/Y (NAND2_X2B_A9TR)            0.03      0.03 *     0.79 f                   0.90
  gemm_unit/u_f32_to_f16_vec/g_lane_2__u_cast/n600 (net)               1                   0.00       0.79 f                   
  gemm_unit/u_f32_to_f16_vec/g_lane_2__u_cast/U107/Y (NOR2_X3M_A9TR)             0.03      0.03 *     0.83 r                   0.90
  gemm_unit/u_f32_to_f16_vec/g_lane_2__u_cast/n682 (net)               2                   0.00       0.83 r                   
  gemm_unit/u_f32_to_f16_vec/g_lane_2__u_cast/U188/Y (INV_X2M_A9TR)              0.02      0.02 *     0.85 f                   0.90
  gemm_unit/u_f32_to_f16_vec/g_lane_2__u_cast/n780 (net)               3                   0.00       0.85 f                   
  gemm_unit/u_f32_to_f16_vec/g_lane_2__u_cast/U189/Y (NOR2_X3M_A9TR)             0.04      0.03 *     0.88 r                   0.90
  gemm_unit/u_f32_to_f16_vec/g_lane_2__u_cast/n797 (net)               2                   0.00       0.88 r                   
  gemm_unit/u_f32_to_f16_vec/g_lane_2__u_cast/U190/Y (NAND2_X2B_A9TR)            0.02      0.02 *     0.90 f                   0.90
  gemm_unit/u_f32_to_f16_vec/g_lane_2__u_cast/n686 (net)               1                   0.00       0.90 f                   
  gemm_unit/u_f32_to_f16_vec/g_lane_2__u_cast/U192/Y (XOR2_X1P4M_A9TR)           0.06      0.03 *     0.93 r                   0.90
  gemm_unit/u_f32_to_f16_vec/g_lane_2__u_cast/n687 (net)               1                   0.00       0.93 r                   
  gemm_unit/u_f32_to_f16_vec/g_lane_2__u_cast/U193/Y (NAND2_X2B_A9TR)            0.03      0.03 *     0.96 f                   0.90
  gemm_unit/u_f32_to_f16_vec/g_lane_2__u_cast/n688 (net)               1                   0.00       0.96 f                   
  gemm_unit/u_f32_to_f16_vec/g_lane_2__u_cast/U194/Y (OAI211_X2M_A9TR)           0.08      0.04 *     1.00 r                   0.90
  gemm_unit/u_f32_to_f16_vec/g_lane_2__u_cast/data_o[7] (net)          1                   0.00       1.00 r                   
  gemm_unit/u_f32_to_f16_vec/g_lane_2__u_cast/data_o[7] (VX_f32_to_f16_29)                 0.00       1.00 r                   
  gemm_unit/u_f32_to_f16_vec/data_o[39] (net)                                              0.00       1.00 r                   
  gemm_unit/u_f32_to_f16_vec/data_o[39] (VX_vec_f32_to_f16)                                0.00       1.00 r                   
  gemm_unit/o_lmem_bus_if_rsp_data[42] (net)                                               0.00       1.00 r                   
  gemm_unit/o_lmem_bus_if_rsp_data[42] (VX_gemm_unit_h_733_242_815)                        0.00       1.00 r                   
  o_rsp_data[39] (net)                                                                     0.00       1.00 r                   
  o_rsp_data[39] (out)                                                           0.08      0.00 *     1.00 r                   
  data arrival time                                                                                   1.00                     

  clock CLK (rise edge)                                                                    1.00       1.00                     
  clock network delay (ideal)                                                              0.00       1.00                     
  output external delay                                                                    0.00       1.00                     
  data required time                                                                                  1.00                     
  ------------------------------------------------------------------------------------------------------------------------------------------
  data required time                                                                                  1.00                     
  data arrival time                                                                                  -1.00                     
  ------------------------------------------------------------------------------------------------------------------------------------------
  slack (MET)                                                                                         0.00                     


  Startpoint: sz_req_data[16]
              (input port clocked by CLK)
  Endpoint: gemm_unit/zero_regs_reg_1__1__15_
            (rising edge-triggered flip-flop clocked by CLK)
  Scenario: mode_norm.OC_rvt_ss_0p900v_125c
  Path Group: REGIN
  Path Type: max

Attributes:
    d - dont_touch
    u - dont_use
   mo - map_only
   so - size_only
    i - ideal_net or ideal_network
  inf - infeasible path

  Point                                                       Fanout     Trans      Incr       Path      Attributes     Voltage
  -----------------------------------------------------------------------------------------------------------------------------------
  clock CLK (rise edge)                                                             0.00       0.00                     
  clock network delay (ideal)                                                       0.00       0.00                     
  input external delay                                                              0.00       0.00 f                   
  sz_req_data[16] (in)                                                    0.02      0.01       0.01 f                   
  sz_req_data[16] (net)                                         1                   0.00       0.01 f                   
  U2233/Y (BUF_X4M_A9TR)                                                  0.12      0.10 *     0.11 f                   0.90
  n2232 (net)                                                   8                   0.00       0.11 f                   
  gemm_unit/sz_lmem_bus_if_req_data[86] (VX_gemm_unit_h_733_242_815)                0.00       0.11 f                   
  gemm_unit/sz_lmem_bus_if_req_data[86] (net)                                       0.00       0.11 f                   
  gemm_unit/U906/Y (NOR3_X3A_A9TR)                                        0.06      0.11 *     0.22 r                   0.90
  gemm_unit/n77766 (net)                                        2                   0.00       0.22 r                   
  gemm_unit/U907/Y (INV_X1B_A9TR)                                         0.03      0.04 *     0.25 f                   0.90
  gemm_unit/n77802 (net)                                        2                   0.00       0.25 f                   
  gemm_unit/U908/Y (NOR2_X1M_A9TR)                                        0.06      0.05 *     0.30 r                   0.90
  gemm_unit/n77801 (net)                                        2                   0.00       0.30 r                   
  gemm_unit/U909/Y (INV_X1B_A9TR)                                         0.03      0.04 *     0.34 f                   0.90
  gemm_unit/n77898 (net)                                        2                   0.00       0.34 f                   
  gemm_unit/U62831/Y (OR2_X1M_A9TR)                                       0.03      0.06 *     0.40 f                   0.90
  gemm_unit/n77991 (net)                                        3                   0.00       0.40 f                   
  gemm_unit/U912/Y (NOR2_X2B_A9TR)                                        0.05      0.04 *     0.44 r                   0.90
  gemm_unit/n77990 (net)                                        2                   0.00       0.44 r                   
  gemm_unit/U913/Y (INV_X1P7B_A9TR)                                       0.02      0.03 *     0.46 f                   0.90
  gemm_unit/n78113 (net)                                        2                   0.00       0.46 f                   
  gemm_unit/U914/Y (NOR2_X1B_A9TR)                                        0.06      0.04 *     0.51 r                   0.90
  gemm_unit/n78112 (net)                                        2                   0.00       0.51 r                   
  gemm_unit/U915/Y (INV_X1B_A9TR)                                         0.03      0.04 *     0.54 f                   0.90
  gemm_unit/n78341 (net)                                        2                   0.00       0.54 f                   
  gemm_unit/U61605/Y (OR2_X3M_A9TR)                                       0.02      0.05 *     0.59 f                   0.90
  gemm_unit/n78435 (net)                                        3                   0.00       0.59 f                   
  gemm_unit/U658/Y (INV_X1P4M_A9TR)                                       0.02      0.02 *     0.61 r                   0.90
  gemm_unit/n83151 (net)                                        1                   0.00       0.61 r                   
  gemm_unit/U656/Y (NAND2_X2B_A9TR)                                       0.04      0.02 *     0.63 f                   0.90
  gemm_unit/n78491 (net)                                        3                   0.00       0.63 f                   
  gemm_unit/U1030/Y (OR2_X2B_A9TR)                                        0.04      0.06 *     0.69 f                   0.90
  gemm_unit/n78601 (net)                                        3                   0.00       0.69 f                   
  gemm_unit/U1023/Y (OR2_X6M_A9TR)                                        0.03      0.05 *     0.74 f                   0.90
  gemm_unit/n78769 (net)                                        3                   0.00       0.74 f                   
  gemm_unit/U659/Y (NOR2_X8A_A9TR)                                        0.09      0.03 *     0.77 r                   0.90
  gemm_unit/n78768 (net)                                        3                   0.00       0.77 r                   
  gemm_unit/U708/Y (NAND2_X4B_A9TR)                                       0.04      0.03 *     0.81 f                   0.90
  gemm_unit/n84411 (net)                                        3                   0.00       0.81 f                   
  gemm_unit/U61395/Y (OR2_X8M_A9TR)                                       0.03      0.05 *     0.86 f                   0.90
  gemm_unit/n84534 (net)                                        3                   0.00       0.86 f                   
  gemm_unit/U669/Y (NOR2_X6M_A9TR)                                        0.04      0.04 *     0.90 r                   0.90
  gemm_unit/n78949 (net)                                        2                   0.00       0.90 r                   
  gemm_unit/U665/Y (XNOR2_X4M_A9TR)                                       0.10      0.04 *     0.94 r                   0.90
  gemm_unit/n693 (net)                                          2                   0.00       0.94 r                   
  gemm_unit/zero_regs_reg_1__1__15_/D (DFFRPQ_X4M_A9TR)                   0.10      0.00 *     0.94 r                   0.90
  data arrival time                                                                            0.94                     

  clock CLK (rise edge)                                                             1.00       1.00                     
  clock network delay (ideal)                                                       0.00       1.00                     
  gemm_unit/zero_regs_reg_1__1__15_/CK (DFFRPQ_X4M_A9TR)                            0.00       1.00 r                   
  library setup time                                                               -0.06       0.94                     
  data required time                                                                           0.94                     
  -----------------------------------------------------------------------------------------------------------------------------------
  data required time                                                                           0.94                     
  data arrival time                                                                           -0.94                     
  -----------------------------------------------------------------------------------------------------------------------------------
  slack (MET)                                                                                  0.00                     


  Startpoint: sz_req_data[16]
              (input port clocked by CLK)
  Endpoint: gemm_unit/zero_regs_reg_0__1__15_
            (rising edge-triggered flip-flop clocked by CLK)
  Scenario: mode_norm.OC_rvt_ss_0p900v_125c
  Path Group: REGIN
  Path Type: max

Attributes:
    d - dont_touch
    u - dont_use
   mo - map_only
   so - size_only
    i - ideal_net or ideal_network
  inf - infeasible path

  Point                                                       Fanout     Trans      Incr       Path      Attributes     Voltage
  -----------------------------------------------------------------------------------------------------------------------------------
  clock CLK (rise edge)                                                             0.00       0.00                     
  clock network delay (ideal)                                                       0.00       0.00                     
  input external delay                                                              0.00       0.00 f                   
  sz_req_data[16] (in)                                                    0.02      0.01       0.01 f                   
  sz_req_data[16] (net)                                         1                   0.00       0.01 f                   
  U2233/Y (BUF_X4M_A9TR)                                                  0.12      0.10 *     0.11 f                   0.90
  n2232 (net)                                                   8                   0.00       0.11 f                   
  gemm_unit/sz_lmem_bus_if_req_data[86] (VX_gemm_unit_h_733_242_815)                0.00       0.11 f                   
  gemm_unit/sz_lmem_bus_if_req_data[86] (net)                                       0.00       0.11 f                   
  gemm_unit/U906/Y (NOR3_X3A_A9TR)                                        0.06      0.11 *     0.22 r                   0.90
  gemm_unit/n77766 (net)                                        2                   0.00       0.22 r                   
  gemm_unit/U907/Y (INV_X1B_A9TR)                                         0.03      0.04 *     0.25 f                   0.90
  gemm_unit/n77802 (net)                                        2                   0.00       0.25 f                   
  gemm_unit/U908/Y (NOR2_X1M_A9TR)                                        0.06      0.05 *     0.30 r                   0.90
  gemm_unit/n77801 (net)                                        2                   0.00       0.30 r                   
  gemm_unit/U909/Y (INV_X1B_A9TR)                                         0.03      0.04 *     0.34 f                   0.90
  gemm_unit/n77898 (net)                                        2                   0.00       0.34 f                   
  gemm_unit/U62831/Y (OR2_X1M_A9TR)                                       0.03      0.06 *     0.40 f                   0.90
  gemm_unit/n77991 (net)                                        3                   0.00       0.40 f                   
  gemm_unit/U912/Y (NOR2_X2B_A9TR)                                        0.05      0.04 *     0.44 r                   0.90
  gemm_unit/n77990 (net)                                        2                   0.00       0.44 r                   
  gemm_unit/U913/Y (INV_X1P7B_A9TR)                                       0.02      0.03 *     0.46 f                   0.90
  gemm_unit/n78113 (net)                                        2                   0.00       0.46 f                   
  gemm_unit/U914/Y (NOR2_X1B_A9TR)                                        0.06      0.04 *     0.51 r                   0.90
  gemm_unit/n78112 (net)                                        2                   0.00       0.51 r                   
  gemm_unit/U915/Y (INV_X1B_A9TR)                                         0.03      0.04 *     0.54 f                   0.90
  gemm_unit/n78341 (net)                                        2                   0.00       0.54 f                   
  gemm_unit/U61605/Y (OR2_X3M_A9TR)                                       0.02      0.05 *     0.59 f                   0.90
  gemm_unit/n78435 (net)                                        3                   0.00       0.59 f                   
  gemm_unit/U658/Y (INV_X1P4M_A9TR)                                       0.02      0.02 *     0.61 r                   0.90
  gemm_unit/n83151 (net)                                        1                   0.00       0.61 r                   
  gemm_unit/U656/Y (NAND2_X2B_A9TR)                                       0.04      0.02 *     0.63 f                   0.90
  gemm_unit/n78491 (net)                                        3                   0.00       0.63 f                   
  gemm_unit/U1030/Y (OR2_X2B_A9TR)                                        0.04      0.06 *     0.69 f                   0.90
  gemm_unit/n78601 (net)                                        3                   0.00       0.69 f                   
  gemm_unit/U1023/Y (OR2_X6M_A9TR)                                        0.03      0.05 *     0.74 f                   0.90
  gemm_unit/n78769 (net)                                        3                   0.00       0.74 f                   
  gemm_unit/U659/Y (NOR2_X8A_A9TR)                                        0.09      0.03 *     0.77 r                   0.90
  gemm_unit/n78768 (net)                                        3                   0.00       0.77 r                   
  gemm_unit/U708/Y (NAND2_X4B_A9TR)                                       0.04      0.03 *     0.81 f                   0.90
  gemm_unit/n84411 (net)                                        3                   0.00       0.81 f                   
  gemm_unit/U61395/Y (OR2_X8M_A9TR)                                       0.03      0.05 *     0.86 f                   0.90
  gemm_unit/n84534 (net)                                        3                   0.00       0.86 f                   
  gemm_unit/U669/Y (NOR2_X6M_A9TR)                                        0.04      0.04 *     0.90 r                   0.90
  gemm_unit/n78949 (net)                                        2                   0.00       0.90 r                   
  gemm_unit/U665/Y (XNOR2_X4M_A9TR)                                       0.10      0.04 *     0.94 r                   0.90
  gemm_unit/n693 (net)                                          2                   0.00       0.94 r                   
  gemm_unit/zero_regs_reg_0__1__15_/D (DFFRPQ_X4M_A9TR)                   0.10      0.00 *     0.94 r                   0.90
  data arrival time                                                                            0.94                     

  clock CLK (rise edge)                                                             1.00       1.00                     
  clock network delay (ideal)                                                       0.00       1.00                     
  gemm_unit/zero_regs_reg_0__1__15_/CK (DFFRPQ_X4M_A9TR)                            0.00       1.00 r                   
  library setup time                                                               -0.06       0.94                     
  data required time                                                                           0.94                     
  -----------------------------------------------------------------------------------------------------------------------------------
  data required time                                                                           0.94                     
  data arrival time                                                                           -0.94                     
  -----------------------------------------------------------------------------------------------------------------------------------
  slack (MET)                                                                                  0.00                     


  Startpoint: w_req_data[651]
              (input port clocked by CLK)
  Endpoint: gemm_unit/u_mxu/u_weight_regs/mem_reg_2__5__1__3_
            (rising edge-triggered flip-flop clocked by CLK)
  Scenario: mode_norm.OC_rvt_ss_0p900v_125c
  Path Group: REGIN
  Path Type: max

Attributes:
    d - dont_touch
    u - dont_use
   mo - map_only
   so - size_only
    i - ideal_net or ideal_network
  inf - infeasible path

  Point                                                         Fanout     Trans      Incr       Path      Attributes     Voltage
  -------------------------------------------------------------------------------------------------------------------------------------
  clock CLK (rise edge)                                                               0.00       0.00                     
  clock network delay (ideal)                                                         0.00       0.00                     
  input external delay                                                                0.00       0.00 r                   
  w_req_data[651] (in)                                                      0.08      0.04       0.04 r                   
  w_req_data[651] (net)                                           1                   0.00       0.04 r                   
  gemm_unit/w_lmem_bus_if_req_data[1169] (VX_gemm_unit_h_733_242_815)                 0.00       0.04 r                   
  gemm_unit/w_lmem_bus_if_req_data[1169] (net)                                        0.00       0.04 r                   
  gemm_unit/u_mxu/weight_i[651] (VX_gemm_tree_v1)                                     0.00       0.04 r                   
  gemm_unit/u_mxu/weight_i[651] (net)                                                 0.00       0.04 r                   
  gemm_unit/u_mxu/u_weight_regs/weight_i[651] (VX_gemm_weight_regs_v1)                0.00       0.04 r                   
  gemm_unit/u_mxu/u_weight_regs/weight_i[651] (net)                                   0.00       0.04 r                   
  gemm_unit/u_mxu/u_weight_regs/U160/Y (BUF_X1B_A9TR)                       0.62      0.38 *     0.43 r                   0.90
  gemm_unit/u_mxu/u_weight_regs/n13491 (net)                      2                   0.00       0.43 r                   
  gemm_unit/u_mxu/u_weight_regs/U13432/Y (AO22_X1P4M_A9TR)                  0.40      0.42 *     0.85 r                   0.90
  gemm_unit/u_mxu/u_weight_regs/n453 (net)                        2                   0.00       0.85 r                   
  gemm_unit/u_mxu/u_weight_regs/mem_reg_2__5__1__3_/D (DFFQ_X2M_A9TR)       0.40      0.06 *     0.91 r                   0.90
  data arrival time                                                                              0.91                     

  clock CLK (rise edge)                                                               1.00       1.00                     
  clock network delay (ideal)                                                         0.00       1.00                     
  gemm_unit/u_mxu/u_weight_regs/mem_reg_2__5__1__3_/CK (DFFQ_X2M_A9TR)                0.00       1.00 r                   
  library setup time                                                                 -0.09       0.91                     
  data required time                                                                             0.91                     
  -------------------------------------------------------------------------------------------------------------------------------------
  data required time                                                                             0.91                     
  data arrival time                                                                             -0.91                     
  -------------------------------------------------------------------------------------------------------------------------------------
  slack (MET)                                                                                    0.00                     


  Startpoint: sz_req_data[336]
              (input port clocked by CLK)
  Endpoint: gemm_unit/zero_regs_reg_0__21__15_
            (rising edge-triggered flip-flop clocked by CLK)
  Scenario: mode_norm.OC_rvt_ss_0p900v_125c
  Path Group: REGIN
  Path Type: max

Attributes:
    d - dont_touch
    u - dont_use
   mo - map_only
   so - size_only
    i - ideal_net or ideal_network
  inf - infeasible path

  Point                                                        Fanout     Trans      Incr       Path      Attributes     Voltage
  ------------------------------------------------------------------------------------------------------------------------------------
  clock CLK (rise edge)                                                              0.00       0.00                     
  clock network delay (ideal)                                                        0.00       0.00                     
  input external delay                                                               0.00       0.00 r                   
  sz_req_data[336] (in)                                                    0.04      0.02       0.02 r                   
  sz_req_data[336] (net)                                         1                   0.00       0.02 r                   
  U2273/Y (BUF_X5M_A9TR)                                                   0.24      0.16 *     0.18 r                   0.90
  n2272 (net)                                                    8                   0.00       0.18 r                   
  gemm_unit/sz_lmem_bus_if_req_data[406] (VX_gemm_unit_h_733_242_815)                0.00       0.18 r                   
  gemm_unit/sz_lmem_bus_if_req_data[406] (net)                                       0.00       0.18 r                   
  gemm_unit/U1419/Y (NOR3BB_X2M_A9TR)                                      0.07      0.10 *     0.28 f                   0.90
  gemm_unit/n77785 (net)                                         2                   0.00       0.28 f                   
  gemm_unit/U1420/Y (INV_X2M_A9TR)                                         0.04      0.04 *     0.32 r                   0.90
  gemm_unit/n77842 (net)                                         2                   0.00       0.32 r                   
  gemm_unit/U62788/Y (NOR2_X2A_A9TR)                                       0.04      0.02 *     0.35 f                   0.90
  gemm_unit/n77841 (net)                                         3                   0.00       0.35 f                   
  gemm_unit/U62783/Y (NAND2_X2B_A9TR)                                      0.04      0.03 *     0.38 r                   0.90
  gemm_unit/n84706 (net)                                         2                   0.00       0.38 r                   
  gemm_unit/U61354/Y (NOR2_X3A_A9TR)                                       0.04      0.02 *     0.40 f                   0.90
  gemm_unit/n77936 (net)                                         3                   0.00       0.40 f                   
  gemm_unit/U61343/Y (NAND2_X2B_A9TR)                                      0.04      0.03 *     0.43 r                   0.90
  gemm_unit/n84405 (net)                                         1                   0.00       0.43 r                   
  gemm_unit/U61106/Y (INV_X3M_A9TR)                                        0.02      0.02 *     0.45 f                   0.90
  gemm_unit/n78385 (net)                                         3                   0.00       0.45 f                   
  gemm_unit/U1429/Y (NAND2_X6B_A9TR)                                       0.05      0.02 *     0.47 r                   0.90
  gemm_unit/n78423 (net)                                         3                   0.00       0.47 r                   
  gemm_unit/U62044/Y (NOR2_X4A_A9TR)                                       0.11      0.03 *     0.50 f                   0.90
  gemm_unit/n78422 (net)                                         3                   0.00       0.50 f                   
  gemm_unit/U61609/Y (NAND2_X4B_A9TR)                                      0.04      0.04 *     0.54 r                   0.90
  gemm_unit/n84792 (net)                                         1                   0.00       0.54 r                   
  gemm_unit/U62779/Y (INV_X3M_A9TR)                                        0.02      0.02 *     0.56 f                   0.90
  gemm_unit/n78578 (net)                                         3                   0.00       0.56 f                   
  gemm_unit/U1434/Y (NAND2_X6B_A9TR)                                       0.05      0.03 *     0.59 r                   0.90
  gemm_unit/n78743 (net)                                         3                   0.00       0.59 r                   
  gemm_unit/U61105/Y (NOR2_X8A_A9TR)                                       0.11      0.02 *     0.61 f                   0.90
  gemm_unit/n78742 (net)                                         3                   0.00       0.61 f                   
  gemm_unit/U61906/Y (NAND2_X4B_A9TR)                                      0.04      0.04 *     0.65 r                   0.90
  gemm_unit/n84543 (net)                                         2                   0.00       0.65 r                   
  gemm_unit/U61341/Y (INV_X3M_A9TR)                                        0.02      0.02 *     0.68 f                   0.90
  gemm_unit/n78923 (net)                                         2                   0.00       0.68 f                   
  gemm_unit/U1439/Y (NAND2_X6B_A9TR)                                       0.05      0.02 *     0.70 r                   0.90
  gemm_unit/n78982 (net)                                         3                   0.00       0.70 r                   
  gemm_unit/U1440/Y (NOR2_X8A_A9TR)                                        0.13      0.04 *     0.74 f                   0.90
  gemm_unit/n78981 (net)                                         2                   0.00       0.74 f                   
  gemm_unit/U890/Y (XOR2_X3M_A9TR)                                         0.19      0.10 *     0.84 f                   0.90
  gemm_unit/n84542 (net)                                         1                   0.00       0.84 f                   
  gemm_unit/U61905/Y (INV_X7P5B_A9TR)                                      0.08      0.08 *     0.92 r                   0.90
  gemm_unit/n1053 (net)                                          2                   0.00       0.92 r                   
  gemm_unit/zero_regs_reg_0__21__15_/D (DFFRPQ_X1M_A9TR)                   0.08      0.01 *     0.93 r                   0.90
  data arrival time                                                                             0.93                     

  clock CLK (rise edge)                                                              1.00       1.00                     
  clock network delay (ideal)                                                        0.00       1.00                     
  gemm_unit/zero_regs_reg_0__21__15_/CK (DFFRPQ_X1M_A9TR)                            0.00       1.00 r                   
  library setup time                                                                -0.07       0.93                     
  data required time                                                                            0.93                     
  ------------------------------------------------------------------------------------------------------------------------------------
  data required time                                                                            0.93                     
  data arrival time                                                                            -0.93                     
  ------------------------------------------------------------------------------------------------------------------------------------
  slack (MET)                                                                                   0.00                     


  Startpoint: sz_req_data[192]
              (input port clocked by CLK)
  Endpoint: gemm_unit/zero_regs_reg_1__12__15_
            (rising edge-triggered flip-flop clocked by CLK)
  Scenario: mode_norm.OC_rvt_ss_0p900v_125c
  Path Group: REGIN
  Path Type: max

Attributes:
    d - dont_touch
    u - dont_use
   mo - map_only
   so - size_only
    i - ideal_net or ideal_network
  inf - infeasible path

  Point                                                        Fanout     Trans      Incr       Path      Attributes     Voltage
  ------------------------------------------------------------------------------------------------------------------------------------
  clock CLK (rise edge)                                                              0.00       0.00                     
  clock network delay (ideal)                                                        0.00       0.00                     
  input external delay                                                               0.00       0.00 r                   
  sz_req_data[192] (in)                                                    0.05      0.03       0.03 r                   
  sz_req_data[192] (net)                                         1                   0.00       0.03 r                   
  gemm_unit/sz_lmem_bus_if_req_data[262] (VX_gemm_unit_h_733_242_815)                0.00       0.03 r                   
  gemm_unit/sz_lmem_bus_if_req_data[262] (net)                                       0.00       0.03 r                   
  gemm_unit/U7854/Y (BUF_X6M_A9TR)                                         0.14      0.12 *     0.14 r                   0.90
  gemm_unit/n80523 (net)                                         8                   0.00       0.14 r                   
  gemm_unit/U1010/Y (NOR3_X2M_A9TR)                                        0.06      0.09 *     0.23 f                   0.90
  gemm_unit/n77777 (net)                                         2                   0.00       0.23 f                   
  gemm_unit/U1011/Y (INV_X2B_A9TR)                                         0.04      0.04 *     0.28 r                   0.90
  gemm_unit/n77824 (net)                                         2                   0.00       0.28 r                   
  gemm_unit/U1012/Y (NOR2_X3A_A9TR)                                        0.03      0.02 *     0.30 f                   0.90
  gemm_unit/n77823 (net)                                         2                   0.00       0.30 f                   
  gemm_unit/U1013/Y (INV_X1M_A9TR)                                         0.04      0.03 *     0.33 r                   0.90
  gemm_unit/n77878 (net)                                         2                   0.00       0.33 r                   
  gemm_unit/U1014/Y (NOR2_X2M_A9TR)                                        0.03      0.03 *     0.36 f                   0.90
  gemm_unit/n77877 (net)                                         2                   0.00       0.36 f                   
  gemm_unit/U1015/Y (INV_X1M_A9TR)                                         0.04      0.03 *     0.39 r                   0.90
  gemm_unit/n77973 (net)                                         2                   0.00       0.39 r                   
  gemm_unit/U1016/Y (NOR2_X2B_A9TR)                                        0.03      0.03 *     0.42 f                   0.90
  gemm_unit/n77972 (net)                                         2                   0.00       0.42 f                   
  gemm_unit/U1017/Y (INV_X1B_A9TR)                                         0.05      0.04 *     0.46 r                   0.90
  gemm_unit/n78074 (net)                                         2                   0.00       0.46 r                   
  gemm_unit/U1018/Y (NOR2_X3A_A9TR)                                        0.10      0.02 *     0.48 f                   0.90
  gemm_unit/n78073 (net)                                         2                   0.00       0.48 f                   
  gemm_unit/U1019/Y (INV_X4B_A9TR)                                         0.05      0.05 *     0.53 r                   0.90
  gemm_unit/n78329 (net)                                         2                   0.00       0.53 r                   
  gemm_unit/U692/Y (NOR2_X8A_A9TR)                                         0.13      0.03 *     0.56 f                   0.90
  gemm_unit/n78328 (net)                                         3                   0.00       0.56 f                   
  gemm_unit/U690/Y (NAND2_X8B_A9TR)                                        0.04      0.04 *     0.60 r                   0.90
  gemm_unit/n78531 (net)                                         3                   0.00       0.60 r                   
  gemm_unit/U49701/Y (OR2_X6M_A9TR)                                        0.05      0.05 *     0.65 r                   0.90
  gemm_unit/n78543 (net)                                         3                   0.00       0.65 r                   
  gemm_unit/U61608/Y (NOR2_X8A_A9TR)                                       0.13      0.02 *     0.67 f                   0.90
  gemm_unit/n78542 (net)                                         3                   0.00       0.67 f                   
  gemm_unit/U62338/Y (NAND2_X8B_A9TR)                                      0.05      0.04 *     0.72 r                   0.90
  gemm_unit/n78845 (net)                                         3                   0.00       0.72 r                   
  gemm_unit/U707/Y (INV_X4B_A9TR)                                          0.02      0.02 *     0.74 f                   0.90
  gemm_unit/n84359 (net)                                         1                   0.00       0.74 f                   
  gemm_unit/U901/Y (NAND2_X4B_A9TR)                                        0.05      0.03 *     0.76 r                   0.90
  gemm_unit/n84711 (net)                                         3                   0.00       0.76 r                   
  gemm_unit/U1032/Y (NOR2_X4A_A9TR)                                        0.03      0.02 *     0.78 f                   0.90
  gemm_unit/n78932 (net)                                         2                   0.00       0.78 f                   
  gemm_unit/U706/Y (INV_X3M_A9TR)                                          0.02      0.02 *     0.81 r                   0.90
  gemm_unit/n84658 (net)                                         1                   0.00       0.81 r                   
  gemm_unit/U694/Y (NOR2_X4A_A9TR)                                         0.04      0.02 *     0.83 f                   0.90
  gemm_unit/n78973 (net)                                         2                   0.00       0.83 f                   
  gemm_unit/U693/Y (XNOR2_X4M_A9TR)                                        0.23      0.08 *     0.91 r                   0.90
  gemm_unit/n891 (net)                                           2                   0.00       0.91 r                   
  gemm_unit/zero_regs_reg_1__12__15_/D (DFFRPQ_X4M_A9TR)                   0.23      0.01 *     0.92 r                   0.90
  data arrival time                                                                             0.92                     

  clock CLK (rise edge)                                                              1.00       1.00                     
  clock network delay (ideal)                                                        0.00       1.00                     
  gemm_unit/zero_regs_reg_1__12__15_/CK (DFFRPQ_X4M_A9TR)                            0.00       1.00 r                   
  library setup time                                                                -0.08       0.92                     
  data required time                                                                            0.92                     
  ------------------------------------------------------------------------------------------------------------------------------------
  data required time                                                                            0.92                     
  data arrival time                                                                            -0.92                     
  ------------------------------------------------------------------------------------------------------------------------------------
  slack (MET)                                                                                   0.00                     


  Startpoint: w_req_addr[1]
              (input port clocked by CLK)
  Endpoint: gemm_unit/u_mxu/u_weight_regs/mem_reg_19__21__0__2_
            (rising edge-triggered flip-flop clocked by CLK)
  Scenario: mode_norm.OC_rvt_ss_0p900v_125c
  Path Group: REGIN
  Path Type: max

Attributes:
    d - dont_touch
    u - dont_use
   mo - map_only
   so - size_only
    i - ideal_net or ideal_network
  inf - infeasible path

  Point                                                             Fanout     Trans      Incr       Path      Attributes     Voltage
  -----------------------------------------------------------------------------------------------------------------------------------------
  clock CLK (rise edge)                                                                   0.00       0.00                     
  clock network delay (ideal)                                                             0.00       0.00                     
  input external delay                                                                    0.00       0.00 f                   
  w_req_addr[1] (in)                                                            0.02      0.01       0.01 f                   
  w_req_addr[1] (net)                                                 1                   0.00       0.01 f                   
  U12693/Y (INV_X2M_A9TR)                                                       0.03      0.03 *     0.03 r                   0.90
  n12718 (net)                                                        1                   0.00       0.03 r                   
  U12692/Y (INV_X7P5B_A9TR)                                                     0.05      0.04 *     0.07 f                   0.90
  n12720 (net)                                                        1                   0.00       0.07 f                   
  gemm_unit/w_lmem_bus_if_req_data[4615] (VX_gemm_unit_h_733_242_815)                     0.00       0.07 f                   
  gemm_unit/w_lmem_bus_if_req_data[4615] (net)                                            0.00       0.07 f                   
  gemm_unit/u_mxu/weight_load_dir_i (VX_gemm_tree_v1)                                     0.00       0.07 f                   
  gemm_unit/u_mxu/weight_load_dir_i (net)                                                 0.00       0.07 f                   
  gemm_unit/u_mxu/u_weight_regs/weight_load_dir_i (VX_gemm_weight_regs_v1)                0.00       0.07 f                   
  gemm_unit/u_mxu/u_weight_regs/weight_load_dir_i (net)                                   0.00       0.07 f                   
  gemm_unit/u_mxu/u_weight_regs/U17670/Y (INV_X11M_A9TR)                        0.05      0.07 *     0.14 r                   0.90
  gemm_unit/u_mxu/u_weight_regs/n15023 (net)                          2                   0.00       0.14 r                   
  gemm_unit/u_mxu/u_weight_regs/U793/Y (INV_X7P5B_A9TR)                         0.06      0.08 *     0.22 f                   0.90
  gemm_unit/u_mxu/u_weight_regs/n14845 (net)                          3                   0.00       0.22 f                   
  gemm_unit/u_mxu/u_weight_regs/U1685/Y (BUFH_X7P5M_A9TR)                       0.03      0.08 *     0.30 f                   0.90
  gemm_unit/u_mxu/u_weight_regs/n13660 (net)                          2                   0.00       0.30 f                   
  gemm_unit/u_mxu/u_weight_regs/U17667/Y (BUFH_X9M_A9TR)                        0.02      0.04 *     0.34 f                   0.90
  gemm_unit/u_mxu/u_weight_regs/n15020 (net)                          2                   0.00       0.34 f                   
  gemm_unit/u_mxu/u_weight_regs/U17659/Y (INV_X9M_A9TR)                         0.03      0.03 *     0.38 r                   0.90
  gemm_unit/u_mxu/u_weight_regs/n15008 (net)                          2                   0.00       0.38 r                   
  gemm_unit/u_mxu/u_weight_regs/U17641/Y (INV_X11M_A9TR)                        0.02      0.03 *     0.41 f                   0.90
  gemm_unit/u_mxu/u_weight_regs/n14970 (net)                          2                   0.00       0.41 f                   
  gemm_unit/u_mxu/u_weight_regs/U925/Y (BUFH_X9M_A9TR)                          0.02      0.05 *     0.46 f                   0.90
  gemm_unit/u_mxu/u_weight_regs/n14985 (net)                          3                   0.00       0.46 f                   
  gemm_unit/u_mxu/u_weight_regs/U14168/Y (BUF_X13M_A9TR)                        0.03      0.05 *     0.51 f                   0.90
  gemm_unit/u_mxu/u_weight_regs/n14228 (net)                         10                   0.00       0.51 f                   
  gemm_unit/u_mxu/u_weight_regs/U14169/Y (INV_X5M_A9TR)                         0.04      0.04 *     0.56 r                   0.90
  gemm_unit/u_mxu/u_weight_regs/n14229 (net)                         10                   0.00       0.56 r                   
  gemm_unit/u_mxu/u_weight_regs/U17490/Y (AO22_X4M_A9TR)                        0.18      0.14 *     0.70 r                   0.90
  gemm_unit/u_mxu/u_weight_regs/n3339 (net)                           1                   0.00       0.70 r                   
  gemm_unit/u_mxu/u_weight_regs/U15069/Y (BUFH_X6M_A9TR)                        0.11      0.19 *     0.89 r                   0.90
  gemm_unit/u_mxu/u_weight_regs/n14484 (net)                          2                   0.00       0.89 r                   
  gemm_unit/u_mxu/u_weight_regs/mem_reg_19__21__0__2_/D (DFFQ_X4M_A9TR)         0.13      0.06 *     0.95 r                   0.90
  data arrival time                                                                                  0.95                     

  clock CLK (rise edge)                                                                   1.00       1.00                     
  clock network delay (ideal)                                                             0.00       1.00                     
  gemm_unit/u_mxu/u_weight_regs/mem_reg_19__21__0__2_/CK (DFFQ_X4M_A9TR)                  0.00       1.00 r                   
  library setup time                                                                     -0.05       0.95                     
  data required time                                                                                 0.95                     
  -----------------------------------------------------------------------------------------------------------------------------------------
  data required time                                                                                 0.95                     
  data arrival time                                                                                 -0.95                     
  -----------------------------------------------------------------------------------------------------------------------------------------
  slack (MET)                                                                                        0.00                     


  Startpoint: sz_req_data[160]
              (input port clocked by CLK)
  Endpoint: gemm_unit/zero_regs_reg_0__10__15_
            (rising edge-triggered flip-flop clocked by CLK)
  Scenario: mode_norm.OC_rvt_ss_0p900v_125c
  Path Group: REGIN
  Path Type: max

Attributes:
    d - dont_touch
    u - dont_use
   mo - map_only
   so - size_only
    i - ideal_net or ideal_network
  inf - infeasible path

  Point                                                        Fanout     Trans      Incr       Path      Attributes     Voltage
  ------------------------------------------------------------------------------------------------------------------------------------
  clock CLK (rise edge)                                                              0.00       0.00                     
  clock network delay (ideal)                                                        0.00       0.00                     
  input external delay                                                               0.00       0.00 f                   
  sz_req_data[160] (in)                                                    0.10      0.05       0.05 f                   
  sz_req_data[160] (net)                                         1                   0.00       0.05 f                   
  gemm_unit/sz_lmem_bus_if_req_data[230] (VX_gemm_unit_h_733_242_815)                0.00       0.05 f                   
  gemm_unit/sz_lmem_bus_if_req_data[230] (net)                                       0.00       0.05 f                   
  gemm_unit/U7845/Y (BUF_X9M_A9TR)                                         0.06      0.10 *     0.15 f                   0.90
  gemm_unit/n80521 (net)                                         8                   0.00       0.15 f                   
  gemm_unit/U672/Y (NOR3_X1A_A9TR)                                         0.12      0.11 *     0.26 r                   0.90
  gemm_unit/n77775 (net)                                         2                   0.00       0.26 r                   
  gemm_unit/U673/Y (INV_X2M_A9TR)                                          0.04      0.04 *     0.30 f                   0.90
  gemm_unit/n77820 (net)                                         2                   0.00       0.30 f                   
  gemm_unit/U62385/Y (NOR2_X3M_A9TR)                                       0.06      0.05 *     0.35 r                   0.90
  gemm_unit/n77819 (net)                                         3                   0.00       0.35 r                   
  gemm_unit/U62381/Y (NAND2_X3B_A9TR)                                      0.04      0.04 *     0.39 f                   0.90
  gemm_unit/n77985 (net)                                         3                   0.00       0.39 f                   
  gemm_unit/U62268/Y (NOR2_X2A_A9TR)                                       0.05      0.04 *     0.43 r                   0.90
  gemm_unit/n77984 (net)                                         2                   0.00       0.43 r                   
  gemm_unit/U50236/Y (NAND2_X3A_A9TR)                                      0.03      0.03 *     0.46 f                   0.90
  gemm_unit/n78346 (net)                                         3                   0.00       0.46 f                   
  gemm_unit/U61587/Y (NOR2_X4A_A9TR)                                       0.09      0.04 *     0.50 r                   0.90
  gemm_unit/n78345 (net)                                         3                   0.00       0.50 r                   
  gemm_unit/U2657/Y (NAND2_X4B_A9TR)                                       0.04      0.03 *     0.53 f                   0.90
  gemm_unit/n84806 (net)                                         2                   0.00       0.53 f                   
  gemm_unit/U63363/Y (NOR2_X4A_A9TR)                                       0.11      0.05 *     0.58 r                   0.90
  gemm_unit/n78532 (net)                                         3                   0.00       0.58 r                   
  gemm_unit/U62933/Y (NAND2_X8B_A9TR)                                      0.04      0.03 *     0.62 f                   0.90
  gemm_unit/n78725 (net)                                         3                   0.00       0.62 f                   
  gemm_unit/U1093/Y (NOR2_X4A_A9TR)                                        0.11      0.05 *     0.66 r                   0.90
  gemm_unit/n78724 (net)                                         3                   0.00       0.66 r                   
  gemm_unit/U1073/Y (NAND2_X6B_A9TR)                                       0.04      0.03 *     0.70 f                   0.90
  gemm_unit/n84804 (net)                                         2                   0.00       0.70 f                   
  gemm_unit/U1038/Y (OR2_X4M_A9TR)                                         0.04      0.06 *     0.75 f                   0.90
  gemm_unit/n84722 (net)                                         3                   0.00       0.75 f                   
  gemm_unit/U696/Y (NOR2_X4A_A9TR)                                         0.06      0.05 *     0.80 r                   0.90
  gemm_unit/n78969 (net)                                         2                   0.00       0.80 r                   
  gemm_unit/U60740/Y (XOR2_X3M_A9TR)                                       0.16      0.04 *     0.85 f                   0.90
  gemm_unit/n84393 (net)                                         1                   0.00       0.85 f                   
  gemm_unit/U61136/Y (INV_X9B_A9TR)                                        0.07      0.07 *     0.92 r                   0.90
  gemm_unit/n855 (net)                                           2                   0.00       0.92 r                   
  gemm_unit/zero_regs_reg_0__10__15_/D (DFFRPQ_X0P5M_A9TR)                 0.07      0.02 *     0.93 r                   0.90
  data arrival time                                                                             0.93                     

  clock CLK (rise edge)                                                              1.00       1.00                     
  clock network delay (ideal)                                                        0.00       1.00                     
  gemm_unit/zero_regs_reg_0__10__15_/CK (DFFRPQ_X0P5M_A9TR)                          0.00       1.00 r                   
  library setup time                                                                -0.07       0.93                     
  data required time                                                                            0.93                     
  ------------------------------------------------------------------------------------------------------------------------------------
  data required time                                                                            0.93                     
  data arrival time                                                                            -0.93                     
  ------------------------------------------------------------------------------------------------------------------------------------
  slack (MET)                                                                                   0.00                     


  Startpoint: sz_req_data[192]
              (input port clocked by CLK)
  Endpoint: gemm_unit/zero_regs_reg_0__12__15_
            (rising edge-triggered flip-flop clocked by CLK)
  Scenario: mode_norm.OC_rvt_ss_0p900v_125c
  Path Group: REGIN
  Path Type: max

Attributes:
    d - dont_touch
    u - dont_use
   mo - map_only
   so - size_only
    i - ideal_net or ideal_network
  inf - infeasible path

  Point                                                        Fanout     Trans      Incr       Path      Attributes     Voltage
  ------------------------------------------------------------------------------------------------------------------------------------
  clock CLK (rise edge)                                                              0.00       0.00                     
  clock network delay (ideal)                                                        0.00       0.00                     
  input external delay                                                               0.00       0.00 r                   
  sz_req_data[192] (in)                                                    0.05      0.03       0.03 r                   
  sz_req_data[192] (net)                                         1                   0.00       0.03 r                   
  gemm_unit/sz_lmem_bus_if_req_data[262] (VX_gemm_unit_h_733_242_815)                0.00       0.03 r                   
  gemm_unit/sz_lmem_bus_if_req_data[262] (net)                                       0.00       0.03 r                   
  gemm_unit/U7854/Y (BUF_X6M_A9TR)                                         0.14      0.12 *     0.14 r                   0.90
  gemm_unit/n80523 (net)                                         8                   0.00       0.14 r                   
  gemm_unit/U1010/Y (NOR3_X2M_A9TR)                                        0.06      0.09 *     0.23 f                   0.90
  gemm_unit/n77777 (net)                                         2                   0.00       0.23 f                   
  gemm_unit/U1011/Y (INV_X2B_A9TR)                                         0.04      0.04 *     0.28 r                   0.90
  gemm_unit/n77824 (net)                                         2                   0.00       0.28 r                   
  gemm_unit/U1012/Y (NOR2_X3A_A9TR)                                        0.03      0.02 *     0.30 f                   0.90
  gemm_unit/n77823 (net)                                         2                   0.00       0.30 f                   
  gemm_unit/U1013/Y (INV_X1M_A9TR)                                         0.04      0.03 *     0.33 r                   0.90
  gemm_unit/n77878 (net)                                         2                   0.00       0.33 r                   
  gemm_unit/U1014/Y (NOR2_X2M_A9TR)                                        0.03      0.03 *     0.36 f                   0.90
  gemm_unit/n77877 (net)                                         2                   0.00       0.36 f                   
  gemm_unit/U1015/Y (INV_X1M_A9TR)                                         0.04      0.03 *     0.39 r                   0.90
  gemm_unit/n77973 (net)                                         2                   0.00       0.39 r                   
  gemm_unit/U1016/Y (NOR2_X2B_A9TR)                                        0.03      0.03 *     0.42 f                   0.90
  gemm_unit/n77972 (net)                                         2                   0.00       0.42 f                   
  gemm_unit/U1017/Y (INV_X1B_A9TR)                                         0.05      0.04 *     0.46 r                   0.90
  gemm_unit/n78074 (net)                                         2                   0.00       0.46 r                   
  gemm_unit/U1018/Y (NOR2_X3A_A9TR)                                        0.10      0.02 *     0.48 f                   0.90
  gemm_unit/n78073 (net)                                         2                   0.00       0.48 f                   
  gemm_unit/U1019/Y (INV_X4B_A9TR)                                         0.05      0.05 *     0.53 r                   0.90
  gemm_unit/n78329 (net)                                         2                   0.00       0.53 r                   
  gemm_unit/U692/Y (NOR2_X8A_A9TR)                                         0.13      0.03 *     0.56 f                   0.90
  gemm_unit/n78328 (net)                                         3                   0.00       0.56 f                   
  gemm_unit/U690/Y (NAND2_X8B_A9TR)                                        0.04      0.04 *     0.60 r                   0.90
  gemm_unit/n78531 (net)                                         3                   0.00       0.60 r                   
  gemm_unit/U49701/Y (OR2_X6M_A9TR)                                        0.05      0.05 *     0.65 r                   0.90
  gemm_unit/n78543 (net)                                         3                   0.00       0.65 r                   
  gemm_unit/U61608/Y (NOR2_X8A_A9TR)                                       0.13      0.02 *     0.67 f                   0.90
  gemm_unit/n78542 (net)                                         3                   0.00       0.67 f                   
  gemm_unit/U62338/Y (NAND2_X8B_A9TR)                                      0.05      0.04 *     0.72 r                   0.90
  gemm_unit/n78845 (net)                                         3                   0.00       0.72 r                   
  gemm_unit/U707/Y (INV_X4B_A9TR)                                          0.02      0.02 *     0.74 f                   0.90
  gemm_unit/n84359 (net)                                         1                   0.00       0.74 f                   
  gemm_unit/U901/Y (NAND2_X4B_A9TR)                                        0.05      0.03 *     0.76 r                   0.90
  gemm_unit/n84711 (net)                                         3                   0.00       0.76 r                   
  gemm_unit/U1032/Y (NOR2_X4A_A9TR)                                        0.03      0.02 *     0.78 f                   0.90
  gemm_unit/n78932 (net)                                         2                   0.00       0.78 f                   
  gemm_unit/U706/Y (INV_X3M_A9TR)                                          0.02      0.02 *     0.81 r                   0.90
  gemm_unit/n84658 (net)                                         1                   0.00       0.81 r                   
  gemm_unit/U694/Y (NOR2_X4A_A9TR)                                         0.04      0.02 *     0.83 f                   0.90
  gemm_unit/n78973 (net)                                         2                   0.00       0.83 f                   
  gemm_unit/U693/Y (XNOR2_X4M_A9TR)                                        0.23      0.08 *     0.91 r                   0.90
  gemm_unit/n891 (net)                                           2                   0.00       0.91 r                   
  gemm_unit/zero_regs_reg_0__12__15_/D (DFFRPQ_X4M_A9TR)                   0.23      0.01 *     0.92 r                   0.90
  data arrival time                                                                             0.92                     

  clock CLK (rise edge)                                                              1.00       1.00                     
  clock network delay (ideal)                                                        0.00       1.00                     
  gemm_unit/zero_regs_reg_0__12__15_/CK (DFFRPQ_X4M_A9TR)                            0.00       1.00 r                   
  library setup time                                                                -0.08       0.92                     
  data required time                                                                            0.92                     
  ------------------------------------------------------------------------------------------------------------------------------------
  data required time                                                                            0.92                     
  data arrival time                                                                            -0.92                     
  ------------------------------------------------------------------------------------------------------------------------------------
  slack (MET)                                                                                   0.00                     


  Startpoint: w_req_addr[1]
              (input port clocked by CLK)
  Endpoint: gemm_unit/u_mxu/u_weight_regs/mem_reg_19__21__1__2_
            (rising edge-triggered flip-flop clocked by CLK)
  Scenario: mode_norm.OC_rvt_ss_0p900v_125c
  Path Group: REGIN
  Path Type: max

Attributes:
    d - dont_touch
    u - dont_use
   mo - map_only
   so - size_only
    i - ideal_net or ideal_network
  inf - infeasible path

  Point                                                             Fanout     Trans      Incr       Path      Attributes     Voltage
  -----------------------------------------------------------------------------------------------------------------------------------------
  clock CLK (rise edge)                                                                   0.00       0.00                     
  clock network delay (ideal)                                                             0.00       0.00                     
  input external delay                                                                    0.00       0.00 f                   
  w_req_addr[1] (in)                                                            0.02      0.01       0.01 f                   
  w_req_addr[1] (net)                                                 1                   0.00       0.01 f                   
  U12693/Y (INV_X2M_A9TR)                                                       0.03      0.03 *     0.03 r                   0.90
  n12718 (net)                                                        1                   0.00       0.03 r                   
  U12692/Y (INV_X7P5B_A9TR)                                                     0.05      0.04 *     0.07 f                   0.90
  n12720 (net)                                                        1                   0.00       0.07 f                   
  gemm_unit/w_lmem_bus_if_req_data[4615] (VX_gemm_unit_h_733_242_815)                     0.00       0.07 f                   
  gemm_unit/w_lmem_bus_if_req_data[4615] (net)                                            0.00       0.07 f                   
  gemm_unit/u_mxu/weight_load_dir_i (VX_gemm_tree_v1)                                     0.00       0.07 f                   
  gemm_unit/u_mxu/weight_load_dir_i (net)                                                 0.00       0.07 f                   
  gemm_unit/u_mxu/u_weight_regs/weight_load_dir_i (VX_gemm_weight_regs_v1)                0.00       0.07 f                   
  gemm_unit/u_mxu/u_weight_regs/weight_load_dir_i (net)                                   0.00       0.07 f                   
  gemm_unit/u_mxu/u_weight_regs/U17670/Y (INV_X11M_A9TR)                        0.05      0.07 *     0.14 r                   0.90
  gemm_unit/u_mxu/u_weight_regs/n15023 (net)                          2                   0.00       0.14 r                   
  gemm_unit/u_mxu/u_weight_regs/U793/Y (INV_X7P5B_A9TR)                         0.06      0.08 *     0.22 f                   0.90
  gemm_unit/u_mxu/u_weight_regs/n14845 (net)                          3                   0.00       0.22 f                   
  gemm_unit/u_mxu/u_weight_regs/U1685/Y (BUFH_X7P5M_A9TR)                       0.03      0.08 *     0.30 f                   0.90
  gemm_unit/u_mxu/u_weight_regs/n13660 (net)                          2                   0.00       0.30 f                   
  gemm_unit/u_mxu/u_weight_regs/U17667/Y (BUFH_X9M_A9TR)                        0.02      0.04 *     0.34 f                   0.90
  gemm_unit/u_mxu/u_weight_regs/n15020 (net)                          2                   0.00       0.34 f                   
  gemm_unit/u_mxu/u_weight_regs/U17659/Y (INV_X9M_A9TR)                         0.03      0.03 *     0.38 r                   0.90
  gemm_unit/u_mxu/u_weight_regs/n15008 (net)                          2                   0.00       0.38 r                   
  gemm_unit/u_mxu/u_weight_regs/U17641/Y (INV_X11M_A9TR)                        0.02      0.03 *     0.41 f                   0.90
  gemm_unit/u_mxu/u_weight_regs/n14970 (net)                          2                   0.00       0.41 f                   
  gemm_unit/u_mxu/u_weight_regs/U925/Y (BUFH_X9M_A9TR)                          0.02      0.05 *     0.46 f                   0.90
  gemm_unit/u_mxu/u_weight_regs/n14985 (net)                          3                   0.00       0.46 f                   
  gemm_unit/u_mxu/u_weight_regs/U14168/Y (BUF_X13M_A9TR)                        0.03      0.05 *     0.51 f                   0.90
  gemm_unit/u_mxu/u_weight_regs/n14228 (net)                         10                   0.00       0.51 f                   
  gemm_unit/u_mxu/u_weight_regs/U14169/Y (INV_X5M_A9TR)                         0.04      0.04 *     0.56 r                   0.90
  gemm_unit/u_mxu/u_weight_regs/n14229 (net)                         10                   0.00       0.56 r                   
  gemm_unit/u_mxu/u_weight_regs/U17490/Y (AO22_X4M_A9TR)                        0.18      0.14 *     0.70 r                   0.90
  gemm_unit/u_mxu/u_weight_regs/n3339 (net)                           1                   0.00       0.70 r                   
  gemm_unit/u_mxu/u_weight_regs/U15069/Y (BUFH_X6M_A9TR)                        0.11      0.19 *     0.89 r                   0.90
  gemm_unit/u_mxu/u_weight_regs/n14484 (net)                          2                   0.00       0.89 r                   
  gemm_unit/u_mxu/u_weight_regs/mem_reg_19__21__1__2_/D (DFFQ_X4M_A9TR)         0.13      0.06 *     0.95 r                   0.90
  data arrival time                                                                                  0.95                     

  clock CLK (rise edge)                                                                   1.00       1.00                     
  clock network delay (ideal)                                                             0.00       1.00                     
  gemm_unit/u_mxu/u_weight_regs/mem_reg_19__21__1__2_/CK (DFFQ_X4M_A9TR)                  0.00       1.00 r                   
  library setup time                                                                     -0.05       0.95                     
  data required time                                                                                 0.95                     
  -----------------------------------------------------------------------------------------------------------------------------------------
  data required time                                                                                 0.95                     
  data arrival time                                                                                 -0.95                     
  -----------------------------------------------------------------------------------------------------------------------------------------
  slack (MET)                                                                                        0.00                     


  Startpoint: sz_req_data[160]
              (input port clocked by CLK)
  Endpoint: gemm_unit/zero_regs_reg_1__10__15_
            (rising edge-triggered flip-flop clocked by CLK)
  Scenario: mode_norm.OC_rvt_ss_0p900v_125c
  Path Group: REGIN
  Path Type: max

Attributes:
    d - dont_touch
    u - dont_use
   mo - map_only
   so - size_only
    i - ideal_net or ideal_network
  inf - infeasible path

  Point                                                        Fanout     Trans      Incr       Path      Attributes     Voltage
  ------------------------------------------------------------------------------------------------------------------------------------
  clock CLK (rise edge)                                                              0.00       0.00                     
  clock network delay (ideal)                                                        0.00       0.00                     
  input external delay                                                               0.00       0.00 f                   
  sz_req_data[160] (in)                                                    0.10      0.05       0.05 f                   
  sz_req_data[160] (net)                                         1                   0.00       0.05 f                   
  gemm_unit/sz_lmem_bus_if_req_data[230] (VX_gemm_unit_h_733_242_815)                0.00       0.05 f                   
  gemm_unit/sz_lmem_bus_if_req_data[230] (net)                                       0.00       0.05 f                   
  gemm_unit/U7845/Y (BUF_X9M_A9TR)                                         0.06      0.10 *     0.15 f                   0.90
  gemm_unit/n80521 (net)                                         8                   0.00       0.15 f                   
  gemm_unit/U672/Y (NOR3_X1A_A9TR)                                         0.12      0.11 *     0.26 r                   0.90
  gemm_unit/n77775 (net)                                         2                   0.00       0.26 r                   
  gemm_unit/U673/Y (INV_X2M_A9TR)                                          0.04      0.04 *     0.30 f                   0.90
  gemm_unit/n77820 (net)                                         2                   0.00       0.30 f                   
  gemm_unit/U62385/Y (NOR2_X3M_A9TR)                                       0.06      0.05 *     0.35 r                   0.90
  gemm_unit/n77819 (net)                                         3                   0.00       0.35 r                   
  gemm_unit/U62381/Y (NAND2_X3B_A9TR)                                      0.04      0.04 *     0.39 f                   0.90
  gemm_unit/n77985 (net)                                         3                   0.00       0.39 f                   
  gemm_unit/U62268/Y (NOR2_X2A_A9TR)                                       0.05      0.04 *     0.43 r                   0.90
  gemm_unit/n77984 (net)                                         2                   0.00       0.43 r                   
  gemm_unit/U50236/Y (NAND2_X3A_A9TR)                                      0.03      0.03 *     0.46 f                   0.90
  gemm_unit/n78346 (net)                                         3                   0.00       0.46 f                   
  gemm_unit/U61587/Y (NOR2_X4A_A9TR)                                       0.09      0.04 *     0.50 r                   0.90
  gemm_unit/n78345 (net)                                         3                   0.00       0.50 r                   
  gemm_unit/U2657/Y (NAND2_X4B_A9TR)                                       0.04      0.03 *     0.53 f                   0.90
  gemm_unit/n84806 (net)                                         2                   0.00       0.53 f                   
  gemm_unit/U63363/Y (NOR2_X4A_A9TR)                                       0.11      0.05 *     0.58 r                   0.90
  gemm_unit/n78532 (net)                                         3                   0.00       0.58 r                   
  gemm_unit/U62933/Y (NAND2_X8B_A9TR)                                      0.04      0.03 *     0.62 f                   0.90
  gemm_unit/n78725 (net)                                         3                   0.00       0.62 f                   
  gemm_unit/U1093/Y (NOR2_X4A_A9TR)                                        0.11      0.05 *     0.66 r                   0.90
  gemm_unit/n78724 (net)                                         3                   0.00       0.66 r                   
  gemm_unit/U1073/Y (NAND2_X6B_A9TR)                                       0.04      0.03 *     0.70 f                   0.90
  gemm_unit/n84804 (net)                                         2                   0.00       0.70 f                   
  gemm_unit/U1038/Y (OR2_X4M_A9TR)                                         0.04      0.06 *     0.75 f                   0.90
  gemm_unit/n84722 (net)                                         3                   0.00       0.75 f                   
  gemm_unit/U696/Y (NOR2_X4A_A9TR)                                         0.06      0.05 *     0.80 r                   0.90
  gemm_unit/n78969 (net)                                         2                   0.00       0.80 r                   
  gemm_unit/U60740/Y (XOR2_X3M_A9TR)                                       0.16      0.04 *     0.85 f                   0.90
  gemm_unit/n84393 (net)                                         1                   0.00       0.85 f                   
  gemm_unit/U61136/Y (INV_X9B_A9TR)                                        0.07      0.07 *     0.92 r                   0.90
  gemm_unit/n855 (net)                                           2                   0.00       0.92 r                   
  gemm_unit/zero_regs_reg_1__10__15_/D (DFFRPQ_X0P5M_A9TR)                 0.07      0.02 *     0.93 r                   0.90
  data arrival time                                                                             0.93                     

  clock CLK (rise edge)                                                              1.00       1.00                     
  clock network delay (ideal)                                                        0.00       1.00                     
  gemm_unit/zero_regs_reg_1__10__15_/CK (DFFRPQ_X0P5M_A9TR)                          0.00       1.00 r                   
  library setup time                                                                -0.07       0.93                     
  data required time                                                                            0.93                     
  ------------------------------------------------------------------------------------------------------------------------------------
  data required time                                                                            0.93                     
  data arrival time                                                                            -0.93                     
  ------------------------------------------------------------------------------------------------------------------------------------
  slack (MET)                                                                                   0.00                     


  Startpoint: gemm_unit/gemm_unit_ctrl_reg_quant_dir_
              (rising edge-triggered flip-flop clocked by CLK)
  Endpoint: acc_mem_rd_addr_o[3]
            (output port clocked by CLK)
  Scenario: mode_norm.OC_rvt_ss_0p900v_125c
  Path Group: REGOUT
  Path Type: max

Attributes:
    d - dont_touch
    u - dont_use
   mo - map_only
   so - size_only
    i - ideal_net or ideal_network
  inf - infeasible path

  Point                                                 Fanout     Trans      Incr       Path      Attributes     Voltage
  -----------------------------------------------------------------------------------------------------------------------------
  clock CLK (rise edge)                                                       0.00       0.00                     
  clock network delay (ideal)                                                 0.00       0.00                     
  gemm_unit/gemm_unit_ctrl_reg_quant_dir_/CK (DFFRPQ_X4M_A9TR)      0.00      0.00       0.00 r                   0.90
  gemm_unit/gemm_unit_ctrl_reg_quant_dir_/Q (DFFRPQ_X4M_A9TR)       0.05      0.12       0.12 r                   0.90
  gemm_unit/gemm_unit_ctrl_quant_dir_ (net)               3                   0.00       0.12 r                   
  gemm_unit/U63395/Y (BUFH_X16M_A9TR)                               0.03      0.04 *     0.17 r                   0.90
  gemm_unit/n84845 (net)                                  5                   0.00       0.17 r                   
  gemm_unit/U33014/Y (BUF_X9M_A9TR)                                 0.04      0.05 *     0.22 r                   0.90
  gemm_unit/n84325 (net)                                  3                   0.00       0.22 r                   
  gemm_unit/U28574/Y (BUFH_X16M_A9TR)                               0.02      0.04 *     0.26 r                   0.90
  gemm_unit/n81777 (net)                                  5                   0.00       0.26 r                   
  gemm_unit/U49500/Y (NAND2_X8B_A9TR)                               0.07      0.05 *     0.31 f                   0.90
  gemm_unit/n68439 (net)                                  3                   0.00       0.31 f                   
  gemm_unit/U62869/Y (INV_X11M_A9TR)                                0.04      0.09 *     0.40 r                   0.90
  gemm_unit/n84795 (net)                                  3                   0.00       0.40 r                   
  gemm_unit/U249/Y (INV_X11M_A9TR)                                  0.02      0.02 *     0.42 f                   0.90
  gemm_unit/n83105 (net)                                  1                   0.00       0.42 f                   
  gemm_unit/U248/Y (INV_X11M_A9TR)                                  0.03      0.02 *     0.44 r                   0.90
  gemm_unit/n83104 (net)                                  1                   0.00       0.44 r                   
  gemm_unit/U60301/Y (NOR2_X3A_A9TR)                                0.06      0.04 *     0.49 f                   0.90
  gemm_unit/n84272 (net)                                  1                   0.00       0.49 f                   
  gemm_unit/U49724/Y (NOR2_X4A_A9TR)                                0.05      0.05 *     0.54 r                   0.90
  gemm_unit/n84131 (net)                                  1                   0.00       0.54 r                   
  gemm_unit/U49711/Y (INV_X7P5M_A9TR)                               0.02      0.03 *     0.56 f                   0.90
  gemm_unit/n84134 (net)                                  2                   0.00       0.56 f                   
  gemm_unit/U1028/Y (NOR2_X6M_A9TR)                                 0.04      0.03 *     0.60 r                   0.90
  gemm_unit/n84132 (net)                                  1                   0.00       0.60 r                   
  gemm_unit/U58814/Y (INV_X11M_A9TR)                                0.03      0.03 *     0.63 f                   0.90
  gemm_unit/n84696 (net)                                  2                   0.00       0.63 f                   
  gemm_unit/U58918/Y (NOR2_X4M_A9TR)                                0.10      0.09 *     0.72 r                   0.90
  gemm_unit/n84666 (net)                                  1                   0.00       0.72 r                   
  gemm_unit/U50004/Y (OR2_X11B_A9TR)                                0.06      0.09 *     0.81 r                   0.90
  gemm_unit/n79171 (net)                                  4                   0.00       0.81 r                   
  gemm_unit/U932/Y (NAND2_X4B_A9TR)                                 0.03      0.07 *     0.88 f                   0.90
  gemm_unit/n84047 (net)                                  1                   0.00       0.88 f                   
  gemm_unit/U899/Y (INV_X6B_A9TR)                                   0.05      0.04 *     0.92 r                   0.90
  gemm_unit/n76763 (net)                                  7                   0.00       0.92 r                   
  gemm_unit/U67978/Y (NAND2_X4B_A9TR)                               0.03      0.03 *     0.94 f                   0.90
  gemm_unit/n79176 (net)                                  3                   0.00       0.94 f                   
  gemm_unit/U49521/Y (INV_X0P5M_A9TR)                               0.06      0.05 *     0.99 r                   0.90
  gemm_unit/n84645 (net)                                  1                   0.00       0.99 r                   
  gemm_unit/U49509/Y (NAND2_X4B_A9TR)                               0.04      0.04 *     1.03 f                   0.90
  gemm_unit/n79179 (net)                                 11                   0.00       1.03 f                   
  gemm_unit/U74340/Y (OAI22_X1M_A9TR)                               0.07      0.04 *     1.08 r                   0.90
  gemm_unit/acc_mem_rd_addr_o[3] (net)                    1                   0.00       1.08 r                   
  gemm_unit/acc_mem_rd_addr_o[3] (VX_gemm_unit_h_733_242_815)                 0.00       1.08 r                   
  acc_mem_rd_addr_o[3] (net)                                                  0.00       1.08 r                   
  acc_mem_rd_addr_o[3] (out)                                        0.07      0.00 *     1.08 r                   
  data arrival time                                                                      1.08                     

  clock CLK (rise edge)                                                       1.00       1.00                     
  clock network delay (ideal)                                                 0.00       1.00                     
  output external delay                                                       0.00       1.00                     
  data required time                                                                     1.00                     
  -----------------------------------------------------------------------------------------------------------------------------
  data required time                                                                     1.00                     
  data arrival time                                                                     -1.08                     
  -----------------------------------------------------------------------------------------------------------------------------
  slack (VIOLATED)                                                                      -0.08                     


  Startpoint: gemm_unit/gemm_unit_ctrl_reg_quant_dir_
              (rising edge-triggered flip-flop clocked by CLK)
  Endpoint: acc_mem_rd_addr_o[0]
            (output port clocked by CLK)
  Scenario: mode_norm.OC_rvt_ss_0p900v_125c
  Path Group: REGOUT
  Path Type: max

Attributes:
    d - dont_touch
    u - dont_use
   mo - map_only
   so - size_only
    i - ideal_net or ideal_network
  inf - infeasible path

  Point                                                 Fanout     Trans      Incr       Path      Attributes     Voltage
  -----------------------------------------------------------------------------------------------------------------------------
  clock CLK (rise edge)                                                       0.00       0.00                     
  clock network delay (ideal)                                                 0.00       0.00                     
  gemm_unit/gemm_unit_ctrl_reg_quant_dir_/CK (DFFRPQ_X4M_A9TR)      0.00      0.00       0.00 r                   0.90
  gemm_unit/gemm_unit_ctrl_reg_quant_dir_/Q (DFFRPQ_X4M_A9TR)       0.05      0.12       0.12 r                   0.90
  gemm_unit/gemm_unit_ctrl_quant_dir_ (net)               3                   0.00       0.12 r                   
  gemm_unit/U63395/Y (BUFH_X16M_A9TR)                               0.03      0.04 *     0.17 r                   0.90
  gemm_unit/n84845 (net)                                  5                   0.00       0.17 r                   
  gemm_unit/U33014/Y (BUF_X9M_A9TR)                                 0.04      0.05 *     0.22 r                   0.90
  gemm_unit/n84325 (net)                                  3                   0.00       0.22 r                   
  gemm_unit/U28574/Y (BUFH_X16M_A9TR)                               0.02      0.04 *     0.26 r                   0.90
  gemm_unit/n81777 (net)                                  5                   0.00       0.26 r                   
  gemm_unit/U49500/Y (NAND2_X8B_A9TR)                               0.07      0.05 *     0.31 f                   0.90
  gemm_unit/n68439 (net)                                  3                   0.00       0.31 f                   
  gemm_unit/U62869/Y (INV_X11M_A9TR)                                0.04      0.09 *     0.40 r                   0.90
  gemm_unit/n84795 (net)                                  3                   0.00       0.40 r                   
  gemm_unit/U249/Y (INV_X11M_A9TR)                                  0.02      0.02 *     0.42 f                   0.90
  gemm_unit/n83105 (net)                                  1                   0.00       0.42 f                   
  gemm_unit/U248/Y (INV_X11M_A9TR)                                  0.03      0.02 *     0.44 r                   0.90
  gemm_unit/n83104 (net)                                  1                   0.00       0.44 r                   
  gemm_unit/U60301/Y (NOR2_X3A_A9TR)                                0.06      0.04 *     0.49 f                   0.90
  gemm_unit/n84272 (net)                                  1                   0.00       0.49 f                   
  gemm_unit/U49724/Y (NOR2_X4A_A9TR)                                0.05      0.05 *     0.54 r                   0.90
  gemm_unit/n84131 (net)                                  1                   0.00       0.54 r                   
  gemm_unit/U49711/Y (INV_X7P5M_A9TR)                               0.02      0.03 *     0.56 f                   0.90
  gemm_unit/n84134 (net)                                  2                   0.00       0.56 f                   
  gemm_unit/U1028/Y (NOR2_X6M_A9TR)                                 0.04      0.03 *     0.60 r                   0.90
  gemm_unit/n84132 (net)                                  1                   0.00       0.60 r                   
  gemm_unit/U58814/Y (INV_X11M_A9TR)                                0.03      0.03 *     0.63 f                   0.90
  gemm_unit/n84696 (net)                                  2                   0.00       0.63 f                   
  gemm_unit/U58918/Y (NOR2_X4M_A9TR)                                0.10      0.09 *     0.72 r                   0.90
  gemm_unit/n84666 (net)                                  1                   0.00       0.72 r                   
  gemm_unit/U50004/Y (OR2_X11B_A9TR)                                0.06      0.09 *     0.81 r                   0.90
  gemm_unit/n79171 (net)                                  4                   0.00       0.81 r                   
  gemm_unit/U932/Y (NAND2_X4B_A9TR)                                 0.03      0.07 *     0.88 f                   0.90
  gemm_unit/n84047 (net)                                  1                   0.00       0.88 f                   
  gemm_unit/U899/Y (INV_X6B_A9TR)                                   0.05      0.04 *     0.92 r                   0.90
  gemm_unit/n76763 (net)                                  7                   0.00       0.92 r                   
  gemm_unit/U67978/Y (NAND2_X4B_A9TR)                               0.03      0.03 *     0.94 f                   0.90
  gemm_unit/n79176 (net)                                  3                   0.00       0.94 f                   
  gemm_unit/U49521/Y (INV_X0P5M_A9TR)                               0.06      0.05 *     0.99 r                   0.90
  gemm_unit/n84645 (net)                                  1                   0.00       0.99 r                   
  gemm_unit/U49509/Y (NAND2_X4B_A9TR)                               0.04      0.04 *     1.03 f                   0.90
  gemm_unit/n79179 (net)                                 11                   0.00       1.03 f                   
  gemm_unit/U74339/Y (OAI22_X1M_A9TR)                               0.07      0.04 *     1.08 r                   0.90
  gemm_unit/acc_mem_rd_addr_o[0] (net)                    1                   0.00       1.08 r                   
  gemm_unit/acc_mem_rd_addr_o[0] (VX_gemm_unit_h_733_242_815)                 0.00       1.08 r                   
  acc_mem_rd_addr_o[0] (net)                                                  0.00       1.08 r                   
  acc_mem_rd_addr_o[0] (out)                                        0.07      0.00 *     1.08 r                   
  data arrival time                                                                      1.08                     

  clock CLK (rise edge)                                                       1.00       1.00                     
  clock network delay (ideal)                                                 0.00       1.00                     
  output external delay                                                       0.00       1.00                     
  data required time                                                                     1.00                     
  -----------------------------------------------------------------------------------------------------------------------------
  data required time                                                                     1.00                     
  data arrival time                                                                     -1.08                     
  -----------------------------------------------------------------------------------------------------------------------------
  slack (VIOLATED)                                                                      -0.08                     


  Startpoint: gemm_unit/gemm_unit_ctrl_reg_quant_dir_
              (rising edge-triggered flip-flop clocked by CLK)
  Endpoint: acc_mem_rd_addr_o[9]
            (output port clocked by CLK)
  Scenario: mode_norm.OC_rvt_ss_0p900v_125c
  Path Group: REGOUT
  Path Type: max

Attributes:
    d - dont_touch
    u - dont_use
   mo - map_only
   so - size_only
    i - ideal_net or ideal_network
  inf - infeasible path

  Point                                                 Fanout     Trans      Incr       Path      Attributes     Voltage
  -----------------------------------------------------------------------------------------------------------------------------
  clock CLK (rise edge)                                                       0.00       0.00                     
  clock network delay (ideal)                                                 0.00       0.00                     
  gemm_unit/gemm_unit_ctrl_reg_quant_dir_/CK (DFFRPQ_X4M_A9TR)      0.00      0.00       0.00 r                   0.90
  gemm_unit/gemm_unit_ctrl_reg_quant_dir_/Q (DFFRPQ_X4M_A9TR)       0.05      0.12       0.12 r                   0.90
  gemm_unit/gemm_unit_ctrl_quant_dir_ (net)               3                   0.00       0.12 r                   
  gemm_unit/U63395/Y (BUFH_X16M_A9TR)                               0.03      0.04 *     0.17 r                   0.90
  gemm_unit/n84845 (net)                                  5                   0.00       0.17 r                   
  gemm_unit/U33014/Y (BUF_X9M_A9TR)                                 0.04      0.05 *     0.22 r                   0.90
  gemm_unit/n84325 (net)                                  3                   0.00       0.22 r                   
  gemm_unit/U28574/Y (BUFH_X16M_A9TR)                               0.02      0.04 *     0.26 r                   0.90
  gemm_unit/n81777 (net)                                  5                   0.00       0.26 r                   
  gemm_unit/U49500/Y (NAND2_X8B_A9TR)                               0.07      0.05 *     0.31 f                   0.90
  gemm_unit/n68439 (net)                                  3                   0.00       0.31 f                   
  gemm_unit/U62869/Y (INV_X11M_A9TR)                                0.04      0.09 *     0.40 r                   0.90
  gemm_unit/n84795 (net)                                  3                   0.00       0.40 r                   
  gemm_unit/U249/Y (INV_X11M_A9TR)                                  0.02      0.02 *     0.42 f                   0.90
  gemm_unit/n83105 (net)                                  1                   0.00       0.42 f                   
  gemm_unit/U248/Y (INV_X11M_A9TR)                                  0.03      0.02 *     0.44 r                   0.90
  gemm_unit/n83104 (net)                                  1                   0.00       0.44 r                   
  gemm_unit/U60301/Y (NOR2_X3A_A9TR)                                0.06      0.04 *     0.49 f                   0.90
  gemm_unit/n84272 (net)                                  1                   0.00       0.49 f                   
  gemm_unit/U49724/Y (NOR2_X4A_A9TR)                                0.05      0.05 *     0.54 r                   0.90
  gemm_unit/n84131 (net)                                  1                   0.00       0.54 r                   
  gemm_unit/U49711/Y (INV_X7P5M_A9TR)                               0.02      0.03 *     0.56 f                   0.90
  gemm_unit/n84134 (net)                                  2                   0.00       0.56 f                   
  gemm_unit/U1028/Y (NOR2_X6M_A9TR)                                 0.04      0.03 *     0.60 r                   0.90
  gemm_unit/n84132 (net)                                  1                   0.00       0.60 r                   
  gemm_unit/U58814/Y (INV_X11M_A9TR)                                0.03      0.03 *     0.63 f                   0.90
  gemm_unit/n84696 (net)                                  2                   0.00       0.63 f                   
  gemm_unit/U58918/Y (NOR2_X4M_A9TR)                                0.10      0.09 *     0.72 r                   0.90
  gemm_unit/n84666 (net)                                  1                   0.00       0.72 r                   
  gemm_unit/U50004/Y (OR2_X11B_A9TR)                                0.06      0.09 *     0.81 r                   0.90
  gemm_unit/n79171 (net)                                  4                   0.00       0.81 r                   
  gemm_unit/U932/Y (NAND2_X4B_A9TR)                                 0.03      0.07 *     0.88 f                   0.90
  gemm_unit/n84047 (net)                                  1                   0.00       0.88 f                   
  gemm_unit/U899/Y (INV_X6B_A9TR)                                   0.05      0.04 *     0.92 r                   0.90
  gemm_unit/n76763 (net)                                  7                   0.00       0.92 r                   
  gemm_unit/U67978/Y (NAND2_X4B_A9TR)                               0.03      0.03 *     0.94 f                   0.90
  gemm_unit/n79176 (net)                                  3                   0.00       0.94 f                   
  gemm_unit/U49521/Y (INV_X0P5M_A9TR)                               0.06      0.05 *     0.99 r                   0.90
  gemm_unit/n84645 (net)                                  1                   0.00       0.99 r                   
  gemm_unit/U49509/Y (NAND2_X4B_A9TR)                               0.04      0.04 *     1.03 f                   0.90
  gemm_unit/n79179 (net)                                 11                   0.00       1.03 f                   
  gemm_unit/U74338/Y (OAI22_X1M_A9TR)                               0.07      0.04 *     1.08 r                   0.90
  gemm_unit/acc_mem_rd_addr_o[9] (net)                    1                   0.00       1.08 r                   
  gemm_unit/acc_mem_rd_addr_o[9] (VX_gemm_unit_h_733_242_815)                 0.00       1.08 r                   
  acc_mem_rd_addr_o[9] (net)                                                  0.00       1.08 r                   
  acc_mem_rd_addr_o[9] (out)                                        0.07      0.00 *     1.08 r                   
  data arrival time                                                                      1.08                     

  clock CLK (rise edge)                                                       1.00       1.00                     
  clock network delay (ideal)                                                 0.00       1.00                     
  output external delay                                                       0.00       1.00                     
  data required time                                                                     1.00                     
  -----------------------------------------------------------------------------------------------------------------------------
  data required time                                                                     1.00                     
  data arrival time                                                                     -1.08                     
  -----------------------------------------------------------------------------------------------------------------------------
  slack (VIOLATED)                                                                      -0.08                     


  Startpoint: gemm_unit/gemm_unit_ctrl_reg_quant_dir_
              (rising edge-triggered flip-flop clocked by CLK)
  Endpoint: acc_mem_rd_addr_o[5]
            (output port clocked by CLK)
  Scenario: mode_norm.OC_rvt_ss_0p900v_125c
  Path Group: REGOUT
  Path Type: max

Attributes:
    d - dont_touch
    u - dont_use
   mo - map_only
   so - size_only
    i - ideal_net or ideal_network
  inf - infeasible path

  Point                                                 Fanout     Trans      Incr       Path      Attributes     Voltage
  -----------------------------------------------------------------------------------------------------------------------------
  clock CLK (rise edge)                                                       0.00       0.00                     
  clock network delay (ideal)                                                 0.00       0.00                     
  gemm_unit/gemm_unit_ctrl_reg_quant_dir_/CK (DFFRPQ_X4M_A9TR)      0.00      0.00       0.00 r                   0.90
  gemm_unit/gemm_unit_ctrl_reg_quant_dir_/Q (DFFRPQ_X4M_A9TR)       0.05      0.12       0.12 r                   0.90
  gemm_unit/gemm_unit_ctrl_quant_dir_ (net)               3                   0.00       0.12 r                   
  gemm_unit/U63395/Y (BUFH_X16M_A9TR)                               0.03      0.04 *     0.17 r                   0.90
  gemm_unit/n84845 (net)                                  5                   0.00       0.17 r                   
  gemm_unit/U33014/Y (BUF_X9M_A9TR)                                 0.04      0.05 *     0.22 r                   0.90
  gemm_unit/n84325 (net)                                  3                   0.00       0.22 r                   
  gemm_unit/U28574/Y (BUFH_X16M_A9TR)                               0.02      0.04 *     0.26 r                   0.90
  gemm_unit/n81777 (net)                                  5                   0.00       0.26 r                   
  gemm_unit/U49500/Y (NAND2_X8B_A9TR)                               0.07      0.05 *     0.31 f                   0.90
  gemm_unit/n68439 (net)                                  3                   0.00       0.31 f                   
  gemm_unit/U62869/Y (INV_X11M_A9TR)                                0.04      0.09 *     0.40 r                   0.90
  gemm_unit/n84795 (net)                                  3                   0.00       0.40 r                   
  gemm_unit/U249/Y (INV_X11M_A9TR)                                  0.02      0.02 *     0.42 f                   0.90
  gemm_unit/n83105 (net)                                  1                   0.00       0.42 f                   
  gemm_unit/U248/Y (INV_X11M_A9TR)                                  0.03      0.02 *     0.44 r                   0.90
  gemm_unit/n83104 (net)                                  1                   0.00       0.44 r                   
  gemm_unit/U60301/Y (NOR2_X3A_A9TR)                                0.06      0.04 *     0.49 f                   0.90
  gemm_unit/n84272 (net)                                  1                   0.00       0.49 f                   
  gemm_unit/U49724/Y (NOR2_X4A_A9TR)                                0.05      0.05 *     0.54 r                   0.90
  gemm_unit/n84131 (net)                                  1                   0.00       0.54 r                   
  gemm_unit/U49711/Y (INV_X7P5M_A9TR)                               0.02      0.03 *     0.56 f                   0.90
  gemm_unit/n84134 (net)                                  2                   0.00       0.56 f                   
  gemm_unit/U1028/Y (NOR2_X6M_A9TR)                                 0.04      0.03 *     0.60 r                   0.90
  gemm_unit/n84132 (net)                                  1                   0.00       0.60 r                   
  gemm_unit/U58814/Y (INV_X11M_A9TR)                                0.03      0.03 *     0.63 f                   0.90
  gemm_unit/n84696 (net)                                  2                   0.00       0.63 f                   
  gemm_unit/U58918/Y (NOR2_X4M_A9TR)                                0.10      0.09 *     0.72 r                   0.90
  gemm_unit/n84666 (net)                                  1                   0.00       0.72 r                   
  gemm_unit/U50004/Y (OR2_X11B_A9TR)                                0.06      0.09 *     0.81 r                   0.90
  gemm_unit/n79171 (net)                                  4                   0.00       0.81 r                   
  gemm_unit/U932/Y (NAND2_X4B_A9TR)                                 0.03      0.07 *     0.88 f                   0.90
  gemm_unit/n84047 (net)                                  1                   0.00       0.88 f                   
  gemm_unit/U899/Y (INV_X6B_A9TR)                                   0.05      0.04 *     0.92 r                   0.90
  gemm_unit/n76763 (net)                                  7                   0.00       0.92 r                   
  gemm_unit/U67978/Y (NAND2_X4B_A9TR)                               0.03      0.03 *     0.94 f                   0.90
  gemm_unit/n79176 (net)                                  3                   0.00       0.94 f                   
  gemm_unit/U49521/Y (INV_X0P5M_A9TR)                               0.06      0.05 *     0.99 r                   0.90
  gemm_unit/n84645 (net)                                  1                   0.00       0.99 r                   
  gemm_unit/U49509/Y (NAND2_X4B_A9TR)                               0.04      0.04 *     1.03 f                   0.90
  gemm_unit/n79179 (net)                                 11                   0.00       1.03 f                   
  gemm_unit/U74337/Y (OAI22_X1M_A9TR)                               0.07      0.04 *     1.08 r                   0.90
  gemm_unit/acc_mem_rd_addr_o[5] (net)                    1                   0.00       1.08 r                   
  gemm_unit/acc_mem_rd_addr_o[5] (VX_gemm_unit_h_733_242_815)                 0.00       1.08 r                   
  acc_mem_rd_addr_o[5] (net)                                                  0.00       1.08 r                   
  acc_mem_rd_addr_o[5] (out)                                        0.07      0.00 *     1.08 r                   
  data arrival time                                                                      1.08                     

  clock CLK (rise edge)                                                       1.00       1.00                     
  clock network delay (ideal)                                                 0.00       1.00                     
  output external delay                                                       0.00       1.00                     
  data required time                                                                     1.00                     
  -----------------------------------------------------------------------------------------------------------------------------
  data required time                                                                     1.00                     
  data arrival time                                                                     -1.08                     
  -----------------------------------------------------------------------------------------------------------------------------
  slack (VIOLATED)                                                                      -0.08                     


  Startpoint: gemm_unit/gemm_unit_ctrl_reg_is_load_
              (rising edge-triggered flip-flop clocked by CLK)
  Endpoint: acc_mem_wdata_o[366]
            (output port clocked by CLK)
  Scenario: mode_norm.OC_rvt_ss_0p900v_125c
  Path Group: REGOUT
  Path Type: max

Attributes:
    d - dont_touch
    u - dont_use
   mo - map_only
   so - size_only
    i - ideal_net or ideal_network
  inf - infeasible path

  Point                                                Fanout     Trans      Incr       Path      Attributes     Voltage
  ----------------------------------------------------------------------------------------------------------------------------
  clock CLK (rise edge)                                                      0.00       0.00                     
  clock network delay (ideal)                                                0.00       0.00                     
  gemm_unit/gemm_unit_ctrl_reg_is_load_/CK (DFFRPQ_X4M_A9TR)       0.00      0.00       0.00 r                   0.90
  gemm_unit/gemm_unit_ctrl_reg_is_load_/Q (DFFRPQ_X4M_A9TR)        0.06      0.13       0.13 r                   0.90
  gemm_unit/n84269 (net)                                 2                   0.00       0.13 r                   
  gemm_unit/U682/Y (BUFH_X13M_A9TR)                                0.03      0.05 *     0.18 r                   0.90
  gemm_unit/n83160 (net)                                 1                   0.00       0.18 r                   
  gemm_unit/U623/Y (INV_X11M_A9TR)                                 0.02      0.03 *     0.21 f                   0.90
  gemm_unit/n83143 (net)                                 1                   0.00       0.21 f                   
  gemm_unit/U622/Y (INV_X11M_A9TR)                                 0.03      0.04 *     0.25 r                   0.90
  gemm_unit/n83142 (net)                                 2                   0.00       0.25 r                   
  gemm_unit/U23050/Y (BUFH_X16M_A9TR)                              0.04      0.05 *     0.30 r                   0.90
  gemm_unit/n81485 (net)                                 3                   0.00       0.30 r                   
  gemm_unit/U327/Y (BUFH_X13M_A9TR)                                0.02      0.04 *     0.34 r                   0.90
  gemm_unit/n83113 (net)                                 2                   0.00       0.34 r                   
  gemm_unit/U139/Y (INV_X11M_A9TR)                                 0.02      0.03 *     0.37 f                   0.90
  gemm_unit/n83095 (net)                                 1                   0.00       0.37 f                   
  gemm_unit/U105/Y (INV_X11M_A9TR)                                 0.03      0.03 *     0.40 r                   0.90
  gemm_unit/n83094 (net)                                 1                   0.00       0.40 r                   
  gemm_unit/U607/Y (NAND2_X8B_A9TR)                                0.03      0.03 *     0.43 f                   0.90
  gemm_unit/n84808 (net)                                 2                   0.00       0.43 f                   
  gemm_unit/U606/Y (INV_X11M_A9TR)                                 0.05      0.04 *     0.47 r                   0.90
  gemm_unit/n83140 (net)                                 1                   0.00       0.47 r                   
  gemm_unit/U61607/Y (BUFH_X16M_A9TR)                              0.05      0.09 *     0.56 r                   0.90
  gemm_unit/n84470 (net)                                 3                   0.00       0.56 r                   
  gemm_unit/U63191/Y (BUFH_X16M_A9TR)                              0.05      0.11 *     0.67 r                   0.90
  gemm_unit/n84760 (net)                                19                   0.00       0.67 r                   
  gemm_unit/U384/Y (BUFH_X13M_A9TR)                                0.03      0.05 *     0.71 r                   0.90
  gemm_unit/n83116 (net)                                 2                   0.00       0.71 r                   
  gemm_unit/U39314/Y (BUF_X16M_A9TR)                               0.09      0.09 *     0.80 r                   0.90
  gemm_unit/n82471 (net)                                28                   0.00       0.80 r                   
  gemm_unit/U63826/Y (AOI21_X6M_A9TR)                              0.15      0.12 *     0.92 f                   0.90
  gemm_unit/n76672 (net)                                 4                   0.00       0.92 f                   
  gemm_unit/U58784/Y (INV_X4M_A9TR)                                0.06      0.09 *     1.01 r                   0.90
  gemm_unit/n84116 (net)                                 1                   0.00       1.01 r                   
  gemm_unit/U48082/Y (NAND2_X3A_A9TR)                              0.03      0.04 *     1.05 f                   0.90
  gemm_unit/n84115 (net)                                 1                   0.00       1.05 f                   
  gemm_unit/U58787/Y (INV_X4B_A9TR)                                0.02      0.02 *     1.08 r                   0.90
  gemm_unit/acc_mem_wdata_o[366] (net)                   1                   0.00       1.08 r                   
  gemm_unit/acc_mem_wdata_o[366] (VX_gemm_unit_h_733_242_815)                0.00       1.08 r                   
  acc_mem_wdata_o[366] (net)                                                 0.00       1.08 r                   
  acc_mem_wdata_o[366] (out)                                       0.02      0.00 *     1.08 r                   
  data arrival time                                                                     1.08                     

  clock CLK (rise edge)                                                      1.00       1.00                     
  clock network delay (ideal)                                                0.00       1.00                     
  output external delay                                                      0.00       1.00                     
  data required time                                                                    1.00                     
  ----------------------------------------------------------------------------------------------------------------------------
  data required time                                                                    1.00                     
  data arrival time                                                                    -1.08                     
  ----------------------------------------------------------------------------------------------------------------------------
  slack (VIOLATED)                                                                     -0.08                     


  Startpoint: gemm_unit/gemm_unit_ctrl_reg_quant_dir_
              (rising edge-triggered flip-flop clocked by CLK)
  Endpoint: acc_mem_rd_addr_o[8]
            (output port clocked by CLK)
  Scenario: mode_norm.OC_rvt_ss_0p900v_125c
  Path Group: REGOUT
  Path Type: max

Attributes:
    d - dont_touch
    u - dont_use
   mo - map_only
   so - size_only
    i - ideal_net or ideal_network
  inf - infeasible path

  Point                                                 Fanout     Trans      Incr       Path      Attributes     Voltage
  -----------------------------------------------------------------------------------------------------------------------------
  clock CLK (rise edge)                                                       0.00       0.00                     
  clock network delay (ideal)                                                 0.00       0.00                     
  gemm_unit/gemm_unit_ctrl_reg_quant_dir_/CK (DFFRPQ_X4M_A9TR)      0.00      0.00       0.00 r                   0.90
  gemm_unit/gemm_unit_ctrl_reg_quant_dir_/Q (DFFRPQ_X4M_A9TR)       0.05      0.12       0.12 r                   0.90
  gemm_unit/gemm_unit_ctrl_quant_dir_ (net)               3                   0.00       0.12 r                   
  gemm_unit/U63395/Y (BUFH_X16M_A9TR)                               0.03      0.04 *     0.17 r                   0.90
  gemm_unit/n84845 (net)                                  5                   0.00       0.17 r                   
  gemm_unit/U33014/Y (BUF_X9M_A9TR)                                 0.04      0.05 *     0.22 r                   0.90
  gemm_unit/n84325 (net)                                  3                   0.00       0.22 r                   
  gemm_unit/U28574/Y (BUFH_X16M_A9TR)                               0.02      0.04 *     0.26 r                   0.90
  gemm_unit/n81777 (net)                                  5                   0.00       0.26 r                   
  gemm_unit/U49500/Y (NAND2_X8B_A9TR)                               0.07      0.05 *     0.31 f                   0.90
  gemm_unit/n68439 (net)                                  3                   0.00       0.31 f                   
  gemm_unit/U62869/Y (INV_X11M_A9TR)                                0.04      0.09 *     0.40 r                   0.90
  gemm_unit/n84795 (net)                                  3                   0.00       0.40 r                   
  gemm_unit/U249/Y (INV_X11M_A9TR)                                  0.02      0.02 *     0.42 f                   0.90
  gemm_unit/n83105 (net)                                  1                   0.00       0.42 f                   
  gemm_unit/U248/Y (INV_X11M_A9TR)                                  0.03      0.02 *     0.44 r                   0.90
  gemm_unit/n83104 (net)                                  1                   0.00       0.44 r                   
  gemm_unit/U60301/Y (NOR2_X3A_A9TR)                                0.06      0.04 *     0.49 f                   0.90
  gemm_unit/n84272 (net)                                  1                   0.00       0.49 f                   
  gemm_unit/U49724/Y (NOR2_X4A_A9TR)                                0.05      0.05 *     0.54 r                   0.90
  gemm_unit/n84131 (net)                                  1                   0.00       0.54 r                   
  gemm_unit/U49711/Y (INV_X7P5M_A9TR)                               0.02      0.03 *     0.56 f                   0.90
  gemm_unit/n84134 (net)                                  2                   0.00       0.56 f                   
  gemm_unit/U1028/Y (NOR2_X6M_A9TR)                                 0.04      0.03 *     0.60 r                   0.90
  gemm_unit/n84132 (net)                                  1                   0.00       0.60 r                   
  gemm_unit/U58814/Y (INV_X11M_A9TR)                                0.03      0.03 *     0.63 f                   0.90
  gemm_unit/n84696 (net)                                  2                   0.00       0.63 f                   
  gemm_unit/U58918/Y (NOR2_X4M_A9TR)                                0.10      0.09 *     0.72 r                   0.90
  gemm_unit/n84666 (net)                                  1                   0.00       0.72 r                   
  gemm_unit/U50004/Y (OR2_X11B_A9TR)                                0.06      0.09 *     0.81 r                   0.90
  gemm_unit/n79171 (net)                                  4                   0.00       0.81 r                   
  gemm_unit/U932/Y (NAND2_X4B_A9TR)                                 0.03      0.07 *     0.88 f                   0.90
  gemm_unit/n84047 (net)                                  1                   0.00       0.88 f                   
  gemm_unit/U899/Y (INV_X6B_A9TR)                                   0.05      0.04 *     0.92 r                   0.90
  gemm_unit/n76763 (net)                                  7                   0.00       0.92 r                   
  gemm_unit/U67978/Y (NAND2_X4B_A9TR)                               0.03      0.03 *     0.94 f                   0.90
  gemm_unit/n79176 (net)                                  3                   0.00       0.94 f                   
  gemm_unit/U49521/Y (INV_X0P5M_A9TR)                               0.06      0.05 *     0.99 r                   0.90
  gemm_unit/n84645 (net)                                  1                   0.00       0.99 r                   
  gemm_unit/U49509/Y (NAND2_X4B_A9TR)                               0.04      0.04 *     1.03 f                   0.90
  gemm_unit/n79179 (net)                                 11                   0.00       1.03 f                   
  gemm_unit/U74342/Y (OAI22_X1M_A9TR)                               0.07      0.04 *     1.08 r                   0.90
  gemm_unit/acc_mem_rd_addr_o[8] (net)                    1                   0.00       1.08 r                   
  gemm_unit/acc_mem_rd_addr_o[8] (VX_gemm_unit_h_733_242_815)                 0.00       1.08 r                   
  acc_mem_rd_addr_o[8] (net)                                                  0.00       1.08 r                   
  acc_mem_rd_addr_o[8] (out)                                        0.07      0.00 *     1.08 r                   
  data arrival time                                                                      1.08                     

  clock CLK (rise edge)                                                       1.00       1.00                     
  clock network delay (ideal)                                                 0.00       1.00                     
  output external delay                                                       0.00       1.00                     
  data required time                                                                     1.00                     
  -----------------------------------------------------------------------------------------------------------------------------
  data required time                                                                     1.00                     
  data arrival time                                                                     -1.08                     
  -----------------------------------------------------------------------------------------------------------------------------
  slack (VIOLATED)                                                                      -0.08                     


  Startpoint: gemm_unit/gemm_unit_ctrl_reg_quant_dir_
              (rising edge-triggered flip-flop clocked by CLK)
  Endpoint: acc_mem_wdata_o[558]
            (output port clocked by CLK)
  Scenario: mode_norm.OC_rvt_ss_0p900v_125c
  Path Group: REGOUT
  Path Type: max

Attributes:
    d - dont_touch
    u - dont_use
   mo - map_only
   so - size_only
    i - ideal_net or ideal_network
  inf - infeasible path

  Point                                                 Fanout     Trans      Incr       Path      Attributes     Voltage
  -----------------------------------------------------------------------------------------------------------------------------
  clock CLK (rise edge)                                                       0.00       0.00                     
  clock network delay (ideal)                                                 0.00       0.00                     
  gemm_unit/gemm_unit_ctrl_reg_quant_dir_/CK (DFFRPQ_X4M_A9TR)      0.00      0.00       0.00 r                   0.90
  gemm_unit/gemm_unit_ctrl_reg_quant_dir_/Q (DFFRPQ_X4M_A9TR)       0.05      0.12       0.12 r                   0.90
  gemm_unit/gemm_unit_ctrl_quant_dir_ (net)               3                   0.00       0.12 r                   
  gemm_unit/U63395/Y (BUFH_X16M_A9TR)                               0.03      0.04 *     0.17 r                   0.90
  gemm_unit/n84845 (net)                                  5                   0.00       0.17 r                   
  gemm_unit/U33014/Y (BUF_X9M_A9TR)                                 0.04      0.05 *     0.22 r                   0.90
  gemm_unit/n84325 (net)                                  3                   0.00       0.22 r                   
  gemm_unit/U28574/Y (BUFH_X16M_A9TR)                               0.02      0.04 *     0.26 r                   0.90
  gemm_unit/n81777 (net)                                  5                   0.00       0.26 r                   
  gemm_unit/U49500/Y (NAND2_X8B_A9TR)                               0.07      0.05 *     0.31 f                   0.90
  gemm_unit/n68439 (net)                                  3                   0.00       0.31 f                   
  gemm_unit/U62869/Y (INV_X11M_A9TR)                                0.04      0.09 *     0.40 r                   0.90
  gemm_unit/n84795 (net)                                  3                   0.00       0.40 r                   
  gemm_unit/U318/Y (NOR2_X4M_A9TR)                                  0.03      0.04 *     0.44 f                   0.90
  gemm_unit/n83123 (net)                                  1                   0.00       0.44 f                   
  gemm_unit/U409/Y (NAND2_X8B_A9TR)                                 0.04      0.03 *     0.47 r                   0.90
  gemm_unit/n84726 (net)                                  1                   0.00       0.47 r                   
  gemm_unit/U62959/Y (NAND2_X8B_A9TR)                               0.03      0.04 *     0.51 f                   0.90
  gemm_unit/n84844 (net)                                  2                   0.00       0.51 f                   
  gemm_unit/U63407/Y (INV_X11M_A9TR)                                0.03      0.03 *     0.54 r                   0.90
  gemm_unit/n78611 (net)                                  2                   0.00       0.54 r                   
  gemm_unit/U59927/Y (NAND2_X6M_A9TR)                               0.02      0.03 *     0.57 f                   0.90
  gemm_unit/n84256 (net)                                  2                   0.00       0.57 f                   
  gemm_unit/U59928/Y (INV_X11M_A9TR)                                0.03      0.02 *     0.59 r                   0.90
  gemm_unit/n78609 (net)                                  3                   0.00       0.59 r                   
  gemm_unit/U60390/Y (NAND2_X8B_A9TR)                               0.03      0.03 *     0.62 f                   0.90
  gemm_unit/n68605 (net)                                  2                   0.00       0.62 f                   
  gemm_unit/U50000/Y (NOR2_X6B_A9TR)                                0.05      0.04 *     0.66 r                   0.90
  gemm_unit/n83087 (net)                                  1                   0.00       0.66 r                   
  gemm_unit/U46510/Y (BUF_X16M_A9TR)                                0.03      0.05 *     0.71 r                   0.90
  gemm_unit/n82907 (net)                                  2                   0.00       0.71 r                   
  gemm_unit/U60483/Y (INV_X11M_A9TR)                                0.03      0.05 *     0.76 f                   0.90
  gemm_unit/n84633 (net)                                  2                   0.00       0.76 f                   
  gemm_unit/U62461/Y (INV_X9M_A9TR)                                 0.08      0.08 *     0.84 r                   0.90
  gemm_unit/n84632 (net)                                  6                   0.00       0.84 r                   
  gemm_unit/U62739/Y (BUFH_X16M_A9TR)                               0.06      0.09 *     0.93 r                   0.90
  gemm_unit/n84698 (net)                                 10                   0.00       0.93 r                   
  gemm_unit/U3133/Y (NOR2B_X0P5M_A9TR)                              0.13      0.14 *     1.08 r                   0.90
  gemm_unit/acc_mem_wdata_o[558] (net)                    1                   0.00       1.08 r                   
  gemm_unit/acc_mem_wdata_o[558] (VX_gemm_unit_h_733_242_815)                 0.00       1.08 r                   
  acc_mem_wdata_o[558] (net)                                                  0.00       1.08 r                   
  acc_mem_wdata_o[558] (out)                                        0.13      0.00 *     1.08 r                   
  data arrival time                                                                      1.08                     

  clock CLK (rise edge)                                                       1.00       1.00                     
  clock network delay (ideal)                                                 0.00       1.00                     
  output external delay                                                       0.00       1.00                     
  data required time                                                                     1.00                     
  -----------------------------------------------------------------------------------------------------------------------------
  data required time                                                                     1.00                     
  data arrival time                                                                     -1.08                     
  -----------------------------------------------------------------------------------------------------------------------------
  slack (VIOLATED)                                                                      -0.08                     


  Startpoint: gemm_unit/gemm_unit_ctrl_reg_quant_dir_
              (rising edge-triggered flip-flop clocked by CLK)
  Endpoint: acc_mem_rd_addr_o[6]
            (output port clocked by CLK)
  Scenario: mode_norm.OC_rvt_ss_0p900v_125c
  Path Group: REGOUT
  Path Type: max

Attributes:
    d - dont_touch
    u - dont_use
   mo - map_only
   so - size_only
    i - ideal_net or ideal_network
  inf - infeasible path

  Point                                                 Fanout     Trans      Incr       Path      Attributes     Voltage
  -----------------------------------------------------------------------------------------------------------------------------
  clock CLK (rise edge)                                                       0.00       0.00                     
  clock network delay (ideal)                                                 0.00       0.00                     
  gemm_unit/gemm_unit_ctrl_reg_quant_dir_/CK (DFFRPQ_X4M_A9TR)      0.00      0.00       0.00 r                   0.90
  gemm_unit/gemm_unit_ctrl_reg_quant_dir_/Q (DFFRPQ_X4M_A9TR)       0.05      0.12       0.12 r                   0.90
  gemm_unit/gemm_unit_ctrl_quant_dir_ (net)               3                   0.00       0.12 r                   
  gemm_unit/U63395/Y (BUFH_X16M_A9TR)                               0.03      0.04 *     0.17 r                   0.90
  gemm_unit/n84845 (net)                                  5                   0.00       0.17 r                   
  gemm_unit/U33014/Y (BUF_X9M_A9TR)                                 0.04      0.05 *     0.22 r                   0.90
  gemm_unit/n84325 (net)                                  3                   0.00       0.22 r                   
  gemm_unit/U28574/Y (BUFH_X16M_A9TR)                               0.02      0.04 *     0.26 r                   0.90
  gemm_unit/n81777 (net)                                  5                   0.00       0.26 r                   
  gemm_unit/U49500/Y (NAND2_X8B_A9TR)                               0.07      0.05 *     0.31 f                   0.90
  gemm_unit/n68439 (net)                                  3                   0.00       0.31 f                   
  gemm_unit/U62869/Y (INV_X11M_A9TR)                                0.04      0.09 *     0.40 r                   0.90
  gemm_unit/n84795 (net)                                  3                   0.00       0.40 r                   
  gemm_unit/U249/Y (INV_X11M_A9TR)                                  0.02      0.02 *     0.42 f                   0.90
  gemm_unit/n83105 (net)                                  1                   0.00       0.42 f                   
  gemm_unit/U248/Y (INV_X11M_A9TR)                                  0.03      0.02 *     0.44 r                   0.90
  gemm_unit/n83104 (net)                                  1                   0.00       0.44 r                   
  gemm_unit/U60301/Y (NOR2_X3A_A9TR)                                0.06      0.04 *     0.49 f                   0.90
  gemm_unit/n84272 (net)                                  1                   0.00       0.49 f                   
  gemm_unit/U49724/Y (NOR2_X4A_A9TR)                                0.05      0.05 *     0.54 r                   0.90
  gemm_unit/n84131 (net)                                  1                   0.00       0.54 r                   
  gemm_unit/U49711/Y (INV_X7P5M_A9TR)                               0.02      0.03 *     0.56 f                   0.90
  gemm_unit/n84134 (net)                                  2                   0.00       0.56 f                   
  gemm_unit/U1028/Y (NOR2_X6M_A9TR)                                 0.04      0.03 *     0.60 r                   0.90
  gemm_unit/n84132 (net)                                  1                   0.00       0.60 r                   
  gemm_unit/U58814/Y (INV_X11M_A9TR)                                0.03      0.03 *     0.63 f                   0.90
  gemm_unit/n84696 (net)                                  2                   0.00       0.63 f                   
  gemm_unit/U58918/Y (NOR2_X4M_A9TR)                                0.10      0.09 *     0.72 r                   0.90
  gemm_unit/n84666 (net)                                  1                   0.00       0.72 r                   
  gemm_unit/U50004/Y (OR2_X11B_A9TR)                                0.06      0.09 *     0.81 r                   0.90
  gemm_unit/n79171 (net)                                  4                   0.00       0.81 r                   
  gemm_unit/U932/Y (NAND2_X4B_A9TR)                                 0.03      0.07 *     0.88 f                   0.90
  gemm_unit/n84047 (net)                                  1                   0.00       0.88 f                   
  gemm_unit/U899/Y (INV_X6B_A9TR)                                   0.05      0.04 *     0.92 r                   0.90
  gemm_unit/n76763 (net)                                  7                   0.00       0.92 r                   
  gemm_unit/U67978/Y (NAND2_X4B_A9TR)                               0.03      0.03 *     0.94 f                   0.90
  gemm_unit/n79176 (net)                                  3                   0.00       0.94 f                   
  gemm_unit/U49521/Y (INV_X0P5M_A9TR)                               0.06      0.05 *     0.99 r                   0.90
  gemm_unit/n84645 (net)                                  1                   0.00       0.99 r                   
  gemm_unit/U49509/Y (NAND2_X4B_A9TR)                               0.04      0.04 *     1.03 f                   0.90
  gemm_unit/n79179 (net)                                 11                   0.00       1.03 f                   
  gemm_unit/U74335/Y (OAI22_X1M_A9TR)                               0.07      0.04 *     1.08 r                   0.90
  gemm_unit/acc_mem_rd_addr_o[6] (net)                    1                   0.00       1.08 r                   
  gemm_unit/acc_mem_rd_addr_o[6] (VX_gemm_unit_h_733_242_815)                 0.00       1.08 r                   
  acc_mem_rd_addr_o[6] (net)                                                  0.00       1.08 r                   
  acc_mem_rd_addr_o[6] (out)                                        0.07      0.00 *     1.08 r                   
  data arrival time                                                                      1.08                     

  clock CLK (rise edge)                                                       1.00       1.00                     
  clock network delay (ideal)                                                 0.00       1.00                     
  output external delay                                                       0.00       1.00                     
  data required time                                                                     1.00                     
  -----------------------------------------------------------------------------------------------------------------------------
  data required time                                                                     1.00                     
  data arrival time                                                                     -1.08                     
  -----------------------------------------------------------------------------------------------------------------------------
  slack (VIOLATED)                                                                      -0.08                     


  Startpoint: gemm_unit/gemm_unit_ctrl_reg_is_load_
              (rising edge-triggered flip-flop clocked by CLK)
  Endpoint: acc_mem_wdata_o[2052]
            (output port clocked by CLK)
  Scenario: mode_norm.OC_rvt_ss_0p900v_125c
  Path Group: REGOUT
  Path Type: max

Attributes:
    d - dont_touch
    u - dont_use
   mo - map_only
   so - size_only
    i - ideal_net or ideal_network
  inf - infeasible path

  Point                                                 Fanout     Trans      Incr       Path      Attributes     Voltage
  -----------------------------------------------------------------------------------------------------------------------------
  clock CLK (rise edge)                                                       0.00       0.00                     
  clock network delay (ideal)                                                 0.00       0.00                     
  gemm_unit/gemm_unit_ctrl_reg_is_load_/CK (DFFRPQ_X4M_A9TR)        0.00      0.00       0.00 r                   0.90
  gemm_unit/gemm_unit_ctrl_reg_is_load_/Q (DFFRPQ_X4M_A9TR)         0.06      0.13       0.13 r                   0.90
  gemm_unit/n84269 (net)                                  2                   0.00       0.13 r                   
  gemm_unit/U682/Y (BUFH_X13M_A9TR)                                 0.03      0.05 *     0.18 r                   0.90
  gemm_unit/n83160 (net)                                  1                   0.00       0.18 r                   
  gemm_unit/U623/Y (INV_X11M_A9TR)                                  0.02      0.03 *     0.21 f                   0.90
  gemm_unit/n83143 (net)                                  1                   0.00       0.21 f                   
  gemm_unit/U622/Y (INV_X11M_A9TR)                                  0.03      0.04 *     0.25 r                   0.90
  gemm_unit/n83142 (net)                                  2                   0.00       0.25 r                   
  gemm_unit/U23050/Y (BUFH_X16M_A9TR)                               0.04      0.05 *     0.30 r                   0.90
  gemm_unit/n81485 (net)                                  3                   0.00       0.30 r                   
  gemm_unit/U327/Y (BUFH_X13M_A9TR)                                 0.02      0.04 *     0.34 r                   0.90
  gemm_unit/n83113 (net)                                  2                   0.00       0.34 r                   
  gemm_unit/U139/Y (INV_X11M_A9TR)                                  0.02      0.03 *     0.37 f                   0.90
  gemm_unit/n83095 (net)                                  1                   0.00       0.37 f                   
  gemm_unit/U105/Y (INV_X11M_A9TR)                                  0.03      0.03 *     0.40 r                   0.90
  gemm_unit/n83094 (net)                                  1                   0.00       0.40 r                   
  gemm_unit/U607/Y (NAND2_X8B_A9TR)                                 0.03      0.03 *     0.43 f                   0.90
  gemm_unit/n84808 (net)                                  2                   0.00       0.43 f                   
  gemm_unit/U606/Y (INV_X11M_A9TR)                                  0.05      0.04 *     0.47 r                   0.90
  gemm_unit/n83140 (net)                                  1                   0.00       0.47 r                   
  gemm_unit/U61607/Y (BUFH_X16M_A9TR)                               0.05      0.09 *     0.56 r                   0.90
  gemm_unit/n84470 (net)                                  3                   0.00       0.56 r                   
  gemm_unit/U63191/Y (BUFH_X16M_A9TR)                               0.05      0.11 *     0.67 r                   0.90
  gemm_unit/n84760 (net)                                 19                   0.00       0.67 r                   
  gemm_unit/U384/Y (BUFH_X13M_A9TR)                                 0.03      0.05 *     0.71 r                   0.90
  gemm_unit/n83116 (net)                                  2                   0.00       0.71 r                   
  gemm_unit/U49678/Y (BUF_X7P5M_A9TR)                               0.07      0.08 *     0.79 r                   0.90
  gemm_unit/n84689 (net)                                  7                   0.00       0.79 r                   
  gemm_unit/U39322/Y (INV_X4M_A9TR)                                 0.04      0.06 *     0.85 f                   0.90
  gemm_unit/n82472 (net)                                  3                   0.00       0.85 f                   
  gemm_unit/U50140/Y (OAI21B_X8M_A9TR)                              0.17      0.12 *     0.97 r                   0.90
  gemm_unit/n76747 (net)                                  4                   0.00       0.97 r                   
  gemm_unit/U50163/Y (NOR2_X1M_A9TR)                                0.07      0.11 *     1.08 f                   0.90
  gemm_unit/acc_mem_wdata_o[2052] (net)                   1                   0.00       1.08 f                   
  gemm_unit/acc_mem_wdata_o[2052] (VX_gemm_unit_h_733_242_815)                0.00       1.08 f                   
  acc_mem_wdata_o[2052] (net)                                                 0.00       1.08 f                   
  acc_mem_wdata_o[2052] (out)                                       0.07      0.00 *     1.08 f                   
  data arrival time                                                                      1.08                     

  clock CLK (rise edge)                                                       1.00       1.00                     
  clock network delay (ideal)                                                 0.00       1.00                     
  output external delay                                                       0.00       1.00                     
  data required time                                                                     1.00                     
  -----------------------------------------------------------------------------------------------------------------------------
  data required time                                                                     1.00                     
  data arrival time                                                                     -1.08                     
  -----------------------------------------------------------------------------------------------------------------------------
  slack (VIOLATED)                                                                      -0.08                     


  Startpoint: gemm_unit/gemm_unit_ctrl_reg_quant_dir_
              (rising edge-triggered flip-flop clocked by CLK)
  Endpoint: acc_mem_wdata_o[478]
            (output port clocked by CLK)
  Scenario: mode_norm.OC_rvt_ss_0p900v_125c
  Path Group: REGOUT
  Path Type: max

Attributes:
    d - dont_touch
    u - dont_use
   mo - map_only
   so - size_only
    i - ideal_net or ideal_network
  inf - infeasible path

  Point                                                 Fanout     Trans      Incr       Path      Attributes     Voltage
  -----------------------------------------------------------------------------------------------------------------------------
  clock CLK (rise edge)                                                       0.00       0.00                     
  clock network delay (ideal)                                                 0.00       0.00                     
  gemm_unit/gemm_unit_ctrl_reg_quant_dir_/CK (DFFRPQ_X4M_A9TR)      0.00      0.00       0.00 r                   0.90
  gemm_unit/gemm_unit_ctrl_reg_quant_dir_/Q (DFFRPQ_X4M_A9TR)       0.05      0.12       0.12 r                   0.90
  gemm_unit/gemm_unit_ctrl_quant_dir_ (net)               3                   0.00       0.12 r                   
  gemm_unit/U63395/Y (BUFH_X16M_A9TR)                               0.03      0.04 *     0.17 r                   0.90
  gemm_unit/n84845 (net)                                  5                   0.00       0.17 r                   
  gemm_unit/U33014/Y (BUF_X9M_A9TR)                                 0.04      0.05 *     0.22 r                   0.90
  gemm_unit/n84325 (net)                                  3                   0.00       0.22 r                   
  gemm_unit/U28574/Y (BUFH_X16M_A9TR)                               0.02      0.04 *     0.26 r                   0.90
  gemm_unit/n81777 (net)                                  5                   0.00       0.26 r                   
  gemm_unit/U49500/Y (NAND2_X8B_A9TR)                               0.07      0.05 *     0.31 f                   0.90
  gemm_unit/n68439 (net)                                  3                   0.00       0.31 f                   
  gemm_unit/U62869/Y (INV_X11M_A9TR)                                0.04      0.09 *     0.40 r                   0.90
  gemm_unit/n84795 (net)                                  3                   0.00       0.40 r                   
  gemm_unit/U318/Y (NOR2_X4M_A9TR)                                  0.03      0.04 *     0.44 f                   0.90
  gemm_unit/n83123 (net)                                  1                   0.00       0.44 f                   
  gemm_unit/U409/Y (NAND2_X8B_A9TR)                                 0.04      0.03 *     0.47 r                   0.90
  gemm_unit/n84726 (net)                                  1                   0.00       0.47 r                   
  gemm_unit/U62959/Y (NAND2_X8B_A9TR)                               0.03      0.04 *     0.51 f                   0.90
  gemm_unit/n84844 (net)                                  2                   0.00       0.51 f                   
  gemm_unit/U63407/Y (INV_X11M_A9TR)                                0.03      0.03 *     0.54 r                   0.90
  gemm_unit/n78611 (net)                                  2                   0.00       0.54 r                   
  gemm_unit/U59927/Y (NAND2_X6M_A9TR)                               0.02      0.03 *     0.57 f                   0.90
  gemm_unit/n84256 (net)                                  2                   0.00       0.57 f                   
  gemm_unit/U59928/Y (INV_X11M_A9TR)                                0.03      0.02 *     0.59 r                   0.90
  gemm_unit/n78609 (net)                                  3                   0.00       0.59 r                   
  gemm_unit/U60390/Y (NAND2_X8B_A9TR)                               0.03      0.03 *     0.62 f                   0.90
  gemm_unit/n68605 (net)                                  2                   0.00       0.62 f                   
  gemm_unit/U50000/Y (NOR2_X6B_A9TR)                                0.05      0.04 *     0.66 r                   0.90
  gemm_unit/n83087 (net)                                  1                   0.00       0.66 r                   
  gemm_unit/U46510/Y (BUF_X16M_A9TR)                                0.03      0.05 *     0.71 r                   0.90
  gemm_unit/n82907 (net)                                  2                   0.00       0.71 r                   
  gemm_unit/U60483/Y (INV_X11M_A9TR)                                0.03      0.05 *     0.76 f                   0.90
  gemm_unit/n84633 (net)                                  2                   0.00       0.76 f                   
  gemm_unit/U41/Y (INV_X9M_A9TR)                                    0.04      0.06 *     0.82 r                   0.90
  gemm_unit/n83093 (net)                                  1                   0.00       0.82 r                   
  gemm_unit/U60355/Y (INV_X11M_A9TR)                                0.03      0.05 *     0.87 f                   0.90
  gemm_unit/n84826 (net)                                  2                   0.00       0.87 f                   
  gemm_unit/U62339/Y (INV_X11M_A9TR)                                0.04      0.06 *     0.93 r                   0.90
  gemm_unit/n84612 (net)                                  7                   0.00       0.93 r                   
  gemm_unit/U196/Y (BUFH_X9M_A9TR)                                  0.04      0.05 *     0.97 r                   0.90
  gemm_unit/n83099 (net)                                  2                   0.00       0.97 r                   
  gemm_unit/U46853/Y (INV_X13M_A9TR)                                0.02      0.03 *     1.00 f                   0.90
  gemm_unit/n82947 (net)                                 11                   0.00       1.00 f                   
  gemm_unit/U65347/Y (NOR2_X0P5B_A9TR)                              0.11      0.07 *     1.08 r                   0.90
  gemm_unit/acc_mem_wdata_o[478] (net)                    1                   0.00       1.08 r                   
  gemm_unit/acc_mem_wdata_o[478] (VX_gemm_unit_h_733_242_815)                 0.00       1.08 r                   
  acc_mem_wdata_o[478] (net)                                                  0.00       1.08 r                   
  acc_mem_wdata_o[478] (out)                                        0.11      0.00 *     1.08 r                   
  data arrival time                                                                      1.08                     

  clock CLK (rise edge)                                                       1.00       1.00                     
  clock network delay (ideal)                                                 0.00       1.00                     
  output external delay                                                       0.00       1.00                     
  data required time                                                                     1.00                     
  -----------------------------------------------------------------------------------------------------------------------------
  data required time                                                                     1.00                     
  data arrival time                                                                     -1.08                     
  -----------------------------------------------------------------------------------------------------------------------------
  slack (VIOLATED)                                                                      -0.08                     


1
