 
****************************************
Report : timing
        -path full
        -delay max
        -nets
        -max_paths 10
        -transition_time
Design : VX_gemm_unit_top
Scenario(s): mode_norm.OC_rvt_ss_0p900v_125c
Version: V-2023.12-SP5-3
Date   : Fri May 15 14:09:26 2026
****************************************

 * Some/all delay information is back-annotated.
Wire Load Model Mode: Inactive.

  Startpoint: gemm_unit/u_accumulator_vec/g_lane_30__u_add/input_buffer/g_eb1_pipe_buffer/g_register_g_pipe_regs_0__pipe_register/g_shift_register/g_shift_pipe_reg_0__0_
              (rising edge-triggered flip-flop clocked by CLK)
  Endpoint: gemm_unit/u_accumulator_vec/g_lane_30__u_add/fpnew_add/gen_operation_groups_0__i_opgroup_block/gen_parallel_slices_0__active_format_i_fmt_slice/gen_num_lanes_0__active_lane_lane_instance_i_fma/mid_pipe_sum_q_reg_1__40_
            (rising edge-triggered flip-flop clocked by CLK)
  Scenario: mode_norm.OC_rvt_ss_0p900v_125c
  Path Group: CLK
  Path Type: max

Attributes:
    d - dont_touch
    u - dont_use
   mo - map_only
   so - size_only
    i - ideal_net or ideal_network
  inf - infeasible path

  Point                                                                                                                                                                                                                                                           Fanout     Trans      Incr       Path      Attributes     Voltage
  ---------------------------------------------------------------------------------------------------------------------------------------------------------------------------------------------------------------------------------------------------------------------------------------------------------------------------------------
  clock CLK (rise edge)                                                                                                                                                                                                                                                                 0.00       0.00                     
  clock network delay (ideal)                                                                                                                                                                                                                                                           0.00       0.00                     
  gemm_unit/u_accumulator_vec/g_lane_30__u_add/input_buffer/g_eb1_pipe_buffer/g_register_g_pipe_regs_0__pipe_register/g_shift_register/g_shift_pipe_reg_0__0_/CK (DFFQ_X0P5M_A9TR)                                                                                            0.00      0.00       0.00 r    i              0.90
  gemm_unit/u_accumulator_vec/g_lane_30__u_add/input_buffer/g_eb1_pipe_buffer/g_register_g_pipe_regs_0__pipe_register/g_shift_register/g_shift_pipe_reg_0__0_/Q (DFFQ_X0P5M_A9TR)                                                                                             0.06      0.14       0.14 f                   0.90
  gemm_unit/u_accumulator_vec/g_lane_30__u_add/input_buffer/g_eb1_pipe_buffer/g_register_g_pipe_regs_0__pipe_register/g_shift_register/data_out[0] (net)                                                                                                            4                   0.00       0.14 f                   
  gemm_unit/u_accumulator_vec/g_lane_30__u_add/input_buffer/g_eb1_pipe_buffer/g_register_g_pipe_regs_0__pipe_register/g_shift_register/data_out[0] (VX_shift_register_65_1_1_0_1)                                                                                                       0.00       0.14 f                   
  gemm_unit/u_accumulator_vec/g_lane_30__u_add/input_buffer/g_eb1_pipe_buffer/g_register_g_pipe_regs_0__pipe_register/data_out[0] (net)                                                                                                                                                 0.00       0.14 f                   
  gemm_unit/u_accumulator_vec/g_lane_30__u_add/input_buffer/g_eb1_pipe_buffer/g_register_g_pipe_regs_0__pipe_register/data_out[0] (VX_pipe_register_16_1)                                                                                                                               0.00       0.14 f                   
  gemm_unit/u_accumulator_vec/g_lane_30__u_add/input_buffer/g_eb1_pipe_buffer/data_out[0] (net)                                                                                                                                                                                         0.00       0.14 f                   
  gemm_unit/u_accumulator_vec/g_lane_30__u_add/input_buffer/g_eb1_pipe_buffer/data_out[0] (VX_pipe_buffer_48_1)                                                                                                                                                                         0.00       0.14 f                   
  gemm_unit/u_accumulator_vec/g_lane_30__u_add/input_buffer/data_out[0] (net)                                                                                                                                                                                                           0.00       0.14 f                   
  gemm_unit/u_accumulator_vec/g_lane_30__u_add/input_buffer/data_out[0] (VX_elastic_buffer_9_1)                                                                                                                                                                                         0.00       0.14 f                   
  gemm_unit/u_accumulator_vec/g_lane_30__u_add/fpnew_inputs_data[0] (net)                                                                                                                                                                                                               0.00       0.14 f                   
  gemm_unit/u_accumulator_vec/g_lane_30__u_add/fpnew_add/operands_i[32] (fpnew_top_00000010302__logic_Z_1yB__566949_1)                                                                                                                                                                  0.00       0.14 f                   
  gemm_unit/u_accumulator_vec/g_lane_30__u_add/fpnew_add/operands_i[32] (net)                                                                                                                                                                                                           0.00       0.14 f                   
  gemm_unit/u_accumulator_vec/g_lane_30__u_add/fpnew_add/gen_operation_groups_0__i_opgroup_block/operands_i[32] (fpnew_opgroup_block_0_00000020_0_2_10_2_155_3__logic_Z_1yB__00000000_388949_1)                                                                                         0.00       0.14 f                   
  gemm_unit/u_accumulator_vec/g_lane_30__u_add/fpnew_add/gen_operation_groups_0__i_opgroup_block/operands_i[32] (net)                                                                                                                                                                   0.00       0.14 f                   
  gemm_unit/u_accumulator_vec/g_lane_30__u_add/fpnew_add/gen_operation_groups_0__i_opgroup_block/gen_parallel_slices_0__active_format_i_fmt_slice/operands_i[32] (fpnew_opgroup_fmt_slice_0_0_00000020_0_00000001_3__logic_Z_1yB__00000000_1)                                           0.00       0.14 f                   
  gemm_unit/u_accumulator_vec/g_lane_30__u_add/fpnew_add/gen_operation_groups_0__i_opgroup_block/gen_parallel_slices_0__active_format_i_fmt_slice/operands_i[32] (net)                                                                                                                  0.00       0.14 f                   
  gemm_unit/u_accumulator_vec/g_lane_30__u_add/fpnew_add/gen_operation_groups_0__i_opgroup_block/gen_parallel_slices_0__active_format_i_fmt_slice/gen_num_lanes_0__active_lane_lane_instance_i_fma/operands_i[32] (fpnew_fma_0_00000001_3__logic_Z_1yB___logic_Z_1yB__1)                0.00       0.14 f                   
  gemm_unit/u_accumulator_vec/g_lane_30__u_add/fpnew_add/gen_operation_groups_0__i_opgroup_block/gen_parallel_slices_0__active_format_i_fmt_slice/gen_num_lanes_0__active_lane_lane_instance_i_fma/operands_i[32] (net)                                                                 0.00       0.14 f                   
  gemm_unit/u_accumulator_vec/g_lane_30__u_add/fpnew_add/gen_operation_groups_0__i_opgroup_block/gen_parallel_slices_0__active_format_i_fmt_slice/gen_num_lanes_0__active_lane_lane_instance_i_fma/i_class_inputs/operands_i[32] (fpnew_classifier_0_3_1)                               0.00       0.14 f                   
  gemm_unit/u_accumulator_vec/g_lane_30__u_add/fpnew_add/gen_operation_groups_0__i_opgroup_block/gen_parallel_slices_0__active_format_i_fmt_slice/gen_num_lanes_0__active_lane_lane_instance_i_fma/i_class_inputs/operands_i[32] (net)                                                  0.00       0.14 f                   
  gemm_unit/u_accumulator_vec/g_lane_30__u_add/fpnew_add/gen_operation_groups_0__i_opgroup_block/gen_parallel_slices_0__active_format_i_fmt_slice/gen_num_lanes_0__active_lane_lane_instance_i_fma/i_class_inputs/U21/Y (NOR3_X0P7M_A9TR)                                     0.10      0.09 *     0.23 r                   0.90
  gemm_unit/u_accumulator_vec/g_lane_30__u_add/fpnew_add/gen_operation_groups_0__i_opgroup_block/gen_parallel_slices_0__active_format_i_fmt_slice/gen_num_lanes_0__active_lane_lane_instance_i_fma/i_class_inputs/n77 (net)                                         1                   0.00       0.23 r                   
  gemm_unit/u_accumulator_vec/g_lane_30__u_add/fpnew_add/gen_operation_groups_0__i_opgroup_block/gen_parallel_slices_0__active_format_i_fmt_slice/gen_num_lanes_0__active_lane_lane_instance_i_fma/i_class_inputs/U22/Y (NOR4BB_X1M_A9TR)                                     0.06      0.09 *     0.32 r                   0.90
  gemm_unit/u_accumulator_vec/g_lane_30__u_add/fpnew_add/gen_operation_groups_0__i_opgroup_block/gen_parallel_slices_0__active_format_i_fmt_slice/gen_num_lanes_0__active_lane_lane_instance_i_fma/i_class_inputs/n79 (net)                                         1                   0.00       0.32 r                   
  gemm_unit/u_accumulator_vec/g_lane_30__u_add/fpnew_add/gen_operation_groups_0__i_opgroup_block/gen_parallel_slices_0__active_format_i_fmt_slice/gen_num_lanes_0__active_lane_lane_instance_i_fma/i_class_inputs/U23/Y (NOR4BB_X1M_A9TR)                                     0.06      0.08 *     0.40 r                   0.90
  gemm_unit/u_accumulator_vec/g_lane_30__u_add/fpnew_add/gen_operation_groups_0__i_opgroup_block/gen_parallel_slices_0__active_format_i_fmt_slice/gen_num_lanes_0__active_lane_lane_instance_i_fma/i_class_inputs/n81 (net)                                         1                   0.00       0.40 r                   
  gemm_unit/u_accumulator_vec/g_lane_30__u_add/fpnew_add/gen_operation_groups_0__i_opgroup_block/gen_parallel_slices_0__active_format_i_fmt_slice/gen_num_lanes_0__active_lane_lane_instance_i_fma/i_class_inputs/U24/Y (NOR4BB_X1M_A9TR)                                     0.19      0.15 *     0.55 r                   0.90
  gemm_unit/u_accumulator_vec/g_lane_30__u_add/fpnew_add/gen_operation_groups_0__i_opgroup_block/gen_parallel_slices_0__active_format_i_fmt_slice/gen_num_lanes_0__active_lane_lane_instance_i_fma/i_class_inputs/n91 (net)                                         3                   0.00       0.55 r                   
  gemm_unit/u_accumulator_vec/g_lane_30__u_add/fpnew_add/gen_operation_groups_0__i_opgroup_block/gen_parallel_slices_0__active_format_i_fmt_slice/gen_num_lanes_0__active_lane_lane_instance_i_fma/i_class_inputs/U34/Y (NOR2_X0P5B_A9TR)                                     0.08      0.10 *     0.65 f                   0.90
  gemm_unit/u_accumulator_vec/g_lane_30__u_add/fpnew_add/gen_operation_groups_0__i_opgroup_block/gen_parallel_slices_0__active_format_i_fmt_slice/gen_num_lanes_0__active_lane_lane_instance_i_fma/i_class_inputs/info_o[14] (net)                                  4                   0.00       0.65 f                   
  gemm_unit/u_accumulator_vec/g_lane_30__u_add/fpnew_add/gen_operation_groups_0__i_opgroup_block/gen_parallel_slices_0__active_format_i_fmt_slice/gen_num_lanes_0__active_lane_lane_instance_i_fma/i_class_inputs/info_o[14] (fpnew_classifier_0_3_1)                                   0.00       0.65 f                   
  gemm_unit/u_accumulator_vec/g_lane_30__u_add/fpnew_add/gen_operation_groups_0__i_opgroup_block/gen_parallel_slices_0__active_format_i_fmt_slice/gen_num_lanes_0__active_lane_lane_instance_i_fma/info_q[3] (net)                                                                      0.00       0.65 f                   
  gemm_unit/u_accumulator_vec/g_lane_30__u_add/fpnew_add/gen_operation_groups_0__i_opgroup_block/gen_parallel_slices_0__active_format_i_fmt_slice/gen_num_lanes_0__active_lane_lane_instance_i_fma/U1563/Y (AND2_X0P7M_A9TR)                                                  0.02      0.07 *     0.72 f                   0.90
  gemm_unit/u_accumulator_vec/g_lane_30__u_add/fpnew_add/gen_operation_groups_0__i_opgroup_block/gen_parallel_slices_0__active_format_i_fmt_slice/gen_num_lanes_0__active_lane_lane_instance_i_fma/n2115 (net)                                                      1                   0.00       0.72 f                   
  gemm_unit/u_accumulator_vec/g_lane_30__u_add/fpnew_add/gen_operation_groups_0__i_opgroup_block/gen_parallel_slices_0__active_format_i_fmt_slice/gen_num_lanes_0__active_lane_lane_instance_i_fma/U1564/Y (OA21A1OI2_X0P7M_A9TR)                                             0.13      0.10 *     0.82 r                   0.90
  gemm_unit/u_accumulator_vec/g_lane_30__u_add/fpnew_add/gen_operation_groups_0__i_opgroup_block/gen_parallel_slices_0__active_format_i_fmt_slice/gen_num_lanes_0__active_lane_lane_instance_i_fma/n2612 (net)                                                      2                   0.00       0.82 r                   
  gemm_unit/u_accumulator_vec/g_lane_30__u_add/fpnew_add/gen_operation_groups_0__i_opgroup_block/gen_parallel_slices_0__active_format_i_fmt_slice/gen_num_lanes_0__active_lane_lane_instance_i_fma/U1887/Y (INV_X0P7M_A9TR)                                                   0.06      0.06 *     0.88 f                   0.90
  gemm_unit/u_accumulator_vec/g_lane_30__u_add/fpnew_add/gen_operation_groups_0__i_opgroup_block/gen_parallel_slices_0__active_format_i_fmt_slice/gen_num_lanes_0__active_lane_lane_instance_i_fma/exponent_product[1] (net)                                        2                   0.00       0.88 f                   
  gemm_unit/u_accumulator_vec/g_lane_30__u_add/fpnew_add/gen_operation_groups_0__i_opgroup_block/gen_parallel_slices_0__active_format_i_fmt_slice/gen_num_lanes_0__active_lane_lane_instance_i_fma/intadd_2865_U8/CO (ADDF_X1M_A9TR)                                          0.03      0.10 *     0.99 f    mo             0.90
  gemm_unit/u_accumulator_vec/g_lane_30__u_add/fpnew_add/gen_operation_groups_0__i_opgroup_block/gen_parallel_slices_0__active_format_i_fmt_slice/gen_num_lanes_0__active_lane_lane_instance_i_fma/intadd_2865_n7 (net)                                             1                   0.00       0.99 f                   
  gemm_unit/u_accumulator_vec/g_lane_30__u_add/fpnew_add/gen_operation_groups_0__i_opgroup_block/gen_parallel_slices_0__active_format_i_fmt_slice/gen_num_lanes_0__active_lane_lane_instance_i_fma/intadd_2865_U7/CO (ADDF_X1M_A9TR)                                          0.03      0.08 *     1.07 f    mo             0.90
  gemm_unit/u_accumulator_vec/g_lane_30__u_add/fpnew_add/gen_operation_groups_0__i_opgroup_block/gen_parallel_slices_0__active_format_i_fmt_slice/gen_num_lanes_0__active_lane_lane_instance_i_fma/intadd_2865_n6 (net)                                             1                   0.00       1.07 f                   
  gemm_unit/u_accumulator_vec/g_lane_30__u_add/fpnew_add/gen_operation_groups_0__i_opgroup_block/gen_parallel_slices_0__active_format_i_fmt_slice/gen_num_lanes_0__active_lane_lane_instance_i_fma/intadd_2865_U6/CO (ADDF_X1M_A9TR)                                          0.03      0.08 *     1.15 f    mo             0.90
  gemm_unit/u_accumulator_vec/g_lane_30__u_add/fpnew_add/gen_operation_groups_0__i_opgroup_block/gen_parallel_slices_0__active_format_i_fmt_slice/gen_num_lanes_0__active_lane_lane_instance_i_fma/intadd_2865_n5 (net)                                             1                   0.00       1.15 f                   
  gemm_unit/u_accumulator_vec/g_lane_30__u_add/fpnew_add/gen_operation_groups_0__i_opgroup_block/gen_parallel_slices_0__active_format_i_fmt_slice/gen_num_lanes_0__active_lane_lane_instance_i_fma/intadd_2865_U5/CO (ADDF_X1M_A9TR)                                          0.03      0.08 *     1.24 f    mo             0.90
  gemm_unit/u_accumulator_vec/g_lane_30__u_add/fpnew_add/gen_operation_groups_0__i_opgroup_block/gen_parallel_slices_0__active_format_i_fmt_slice/gen_num_lanes_0__active_lane_lane_instance_i_fma/intadd_2865_n4 (net)                                             1                   0.00       1.24 f                   
  gemm_unit/u_accumulator_vec/g_lane_30__u_add/fpnew_add/gen_operation_groups_0__i_opgroup_block/gen_parallel_slices_0__active_format_i_fmt_slice/gen_num_lanes_0__active_lane_lane_instance_i_fma/intadd_2865_U4/CO (ADDF_X1M_A9TR)                                          0.03      0.08 *     1.32 f    mo             0.90
  gemm_unit/u_accumulator_vec/g_lane_30__u_add/fpnew_add/gen_operation_groups_0__i_opgroup_block/gen_parallel_slices_0__active_format_i_fmt_slice/gen_num_lanes_0__active_lane_lane_instance_i_fma/intadd_2865_n3 (net)                                             1                   0.00       1.32 f                   
  gemm_unit/u_accumulator_vec/g_lane_30__u_add/fpnew_add/gen_operation_groups_0__i_opgroup_block/gen_parallel_slices_0__active_format_i_fmt_slice/gen_num_lanes_0__active_lane_lane_instance_i_fma/intadd_2865_U3/CO (ADDF_X1M_A9TR)                                          0.03      0.08 *     1.40 f    mo             0.90
  gemm_unit/u_accumulator_vec/g_lane_30__u_add/fpnew_add/gen_operation_groups_0__i_opgroup_block/gen_parallel_slices_0__active_format_i_fmt_slice/gen_num_lanes_0__active_lane_lane_instance_i_fma/intadd_2865_n2 (net)                                             1                   0.00       1.40 f                   
  gemm_unit/u_accumulator_vec/g_lane_30__u_add/fpnew_add/gen_operation_groups_0__i_opgroup_block/gen_parallel_slices_0__active_format_i_fmt_slice/gen_num_lanes_0__active_lane_lane_instance_i_fma/intadd_2865_U2/CO (ADDF_X1M_A9TR)                                          0.03      0.08 *     1.48 f    mo             0.90
  gemm_unit/u_accumulator_vec/g_lane_30__u_add/fpnew_add/gen_operation_groups_0__i_opgroup_block/gen_parallel_slices_0__active_format_i_fmt_slice/gen_num_lanes_0__active_lane_lane_instance_i_fma/intadd_2865_n1 (net)                                             2                   0.00       1.48 f                   
  gemm_unit/u_accumulator_vec/g_lane_30__u_add/fpnew_add/gen_operation_groups_0__i_opgroup_block/gen_parallel_slices_0__active_format_i_fmt_slice/gen_num_lanes_0__active_lane_lane_instance_i_fma/U19/Y (NOR2_X0P5B_A9TR)                                                    0.05      0.04 *     1.52 r                   0.90
  gemm_unit/u_accumulator_vec/g_lane_30__u_add/fpnew_add/gen_operation_groups_0__i_opgroup_block/gen_parallel_slices_0__active_format_i_fmt_slice/gen_num_lanes_0__active_lane_lane_instance_i_fma/n945 (net)                                                       2                   0.00       1.52 r                   
  gemm_unit/u_accumulator_vec/g_lane_30__u_add/fpnew_add/gen_operation_groups_0__i_opgroup_block/gen_parallel_slices_0__active_format_i_fmt_slice/gen_num_lanes_0__active_lane_lane_instance_i_fma/U34/Y (NAND3BB_X1M_A9TR)                                                   0.16      0.13 *     1.65 r                   0.90
  gemm_unit/u_accumulator_vec/g_lane_30__u_add/fpnew_add/gen_operation_groups_0__i_opgroup_block/gen_parallel_slices_0__active_format_i_fmt_slice/gen_num_lanes_0__active_lane_lane_instance_i_fma/n2117 (net)                                                     14                   0.00       1.65 r                   
  gemm_unit/u_accumulator_vec/g_lane_30__u_add/fpnew_add/gen_operation_groups_0__i_opgroup_block/gen_parallel_slices_0__active_format_i_fmt_slice/gen_num_lanes_0__active_lane_lane_instance_i_fma/U133/Y (INV_X0P7M_A9TR)                                                    0.08      0.09 *     1.74 f                   0.90
  gemm_unit/u_accumulator_vec/g_lane_30__u_add/fpnew_add/gen_operation_groups_0__i_opgroup_block/gen_parallel_slices_0__active_format_i_fmt_slice/gen_num_lanes_0__active_lane_lane_instance_i_fma/n2631 (net)                                                      7                   0.00       1.74 f                   
  gemm_unit/u_accumulator_vec/g_lane_30__u_add/fpnew_add/gen_operation_groups_0__i_opgroup_block/gen_parallel_slices_0__active_format_i_fmt_slice/gen_num_lanes_0__active_lane_lane_instance_i_fma/U44/Y (NAND2_X0P5M_A9TR)                                                   0.07      0.07 *     1.81 r                   0.90
  gemm_unit/u_accumulator_vec/g_lane_30__u_add/fpnew_add/gen_operation_groups_0__i_opgroup_block/gen_parallel_slices_0__active_format_i_fmt_slice/gen_num_lanes_0__active_lane_lane_instance_i_fma/n1182 (net)                                                      3                   0.00       1.81 r                   
  gemm_unit/u_accumulator_vec/g_lane_30__u_add/fpnew_add/gen_operation_groups_0__i_opgroup_block/gen_parallel_slices_0__active_format_i_fmt_slice/gen_num_lanes_0__active_lane_lane_instance_i_fma/U49/Y (NAND2_X0P5M_A9TR)                                                   0.07      0.07 *     1.88 f                   0.90
  gemm_unit/u_accumulator_vec/g_lane_30__u_add/fpnew_add/gen_operation_groups_0__i_opgroup_block/gen_parallel_slices_0__active_format_i_fmt_slice/gen_num_lanes_0__active_lane_lane_instance_i_fma/n1491 (net)                                                      4                   0.00       1.88 f                   
  gemm_unit/u_accumulator_vec/g_lane_30__u_add/fpnew_add/gen_operation_groups_0__i_opgroup_block/gen_parallel_slices_0__active_format_i_fmt_slice/gen_num_lanes_0__active_lane_lane_instance_i_fma/U819/Y (NOR2_X1M_A9TR)                                                     0.16      0.12 *     1.99 r                   0.90
  gemm_unit/u_accumulator_vec/g_lane_30__u_add/fpnew_add/gen_operation_groups_0__i_opgroup_block/gen_parallel_slices_0__active_format_i_fmt_slice/gen_num_lanes_0__active_lane_lane_instance_i_fma/addend_shamt[0] (net)                                            9                   0.00       1.99 r                   
  gemm_unit/u_accumulator_vec/g_lane_30__u_add/fpnew_add/gen_operation_groups_0__i_opgroup_block/gen_parallel_slices_0__active_format_i_fmt_slice/gen_num_lanes_0__active_lane_lane_instance_i_fma/U166/Y (INV_X0P7M_A9TR)                                                    0.08      0.09 *     2.08 f                   0.90
  gemm_unit/u_accumulator_vec/g_lane_30__u_add/fpnew_add/gen_operation_groups_0__i_opgroup_block/gen_parallel_slices_0__active_format_i_fmt_slice/gen_num_lanes_0__active_lane_lane_instance_i_fma/n2643 (net)                                                      8                   0.00       2.08 f                   
  gemm_unit/u_accumulator_vec/g_lane_30__u_add/fpnew_add/gen_operation_groups_0__i_opgroup_block/gen_parallel_slices_0__active_format_i_fmt_slice/gen_num_lanes_0__active_lane_lane_instance_i_fma/U833/Y (NOR2_X1M_A9TR)                                                     0.29      0.20 *     2.28 r                   0.90
  gemm_unit/u_accumulator_vec/g_lane_30__u_add/fpnew_add/gen_operation_groups_0__i_opgroup_block/gen_parallel_slices_0__active_format_i_fmt_slice/gen_num_lanes_0__active_lane_lane_instance_i_fma/n1554 (net)                                                     20                   0.00       2.28 r                   
  gemm_unit/u_accumulator_vec/g_lane_30__u_add/fpnew_add/gen_operation_groups_0__i_opgroup_block/gen_parallel_slices_0__active_format_i_fmt_slice/gen_num_lanes_0__active_lane_lane_instance_i_fma/U892/Y (AOI222_X0P7M_A9TR)                                                 0.15      0.15 *     2.43 f                   0.90
  gemm_unit/u_accumulator_vec/g_lane_30__u_add/fpnew_add/gen_operation_groups_0__i_opgroup_block/gen_parallel_slices_0__active_format_i_fmt_slice/gen_num_lanes_0__active_lane_lane_instance_i_fma/n1532 (net)                                                      2                   0.00       2.43 f                   
  gemm_unit/u_accumulator_vec/g_lane_30__u_add/fpnew_add/gen_operation_groups_0__i_opgroup_block/gen_parallel_slices_0__active_format_i_fmt_slice/gen_num_lanes_0__active_lane_lane_instance_i_fma/U895/Y (AOI22_X0P5M_A9TR)                                                  0.20      0.18 *     2.61 r                   0.90
  gemm_unit/u_accumulator_vec/g_lane_30__u_add/fpnew_add/gen_operation_groups_0__i_opgroup_block/gen_parallel_slices_0__active_format_i_fmt_slice/gen_num_lanes_0__active_lane_lane_instance_i_fma/n1699 (net)                                                      5                   0.00       2.61 r                   
  gemm_unit/u_accumulator_vec/g_lane_30__u_add/fpnew_add/gen_operation_groups_0__i_opgroup_block/gen_parallel_slices_0__active_format_i_fmt_slice/gen_num_lanes_0__active_lane_lane_instance_i_fma/U896/Y (OAI22_X0P7M_A9TR)                                                  0.12      0.12 *     2.73 f                   0.90
  gemm_unit/u_accumulator_vec/g_lane_30__u_add/fpnew_add/gen_operation_groups_0__i_opgroup_block/gen_parallel_slices_0__active_format_i_fmt_slice/gen_num_lanes_0__active_lane_lane_instance_i_fma/n1660 (net)                                                      4                   0.00       2.73 f                   
  gemm_unit/u_accumulator_vec/g_lane_30__u_add/fpnew_add/gen_operation_groups_0__i_opgroup_block/gen_parallel_slices_0__active_format_i_fmt_slice/gen_num_lanes_0__active_lane_lane_instance_i_fma/U911/Y (AOI22_X0P5M_A9TR)                                                  0.12      0.11 *     2.83 r                   0.90
  gemm_unit/u_accumulator_vec/g_lane_30__u_add/fpnew_add/gen_operation_groups_0__i_opgroup_block/gen_parallel_slices_0__active_format_i_fmt_slice/gen_num_lanes_0__active_lane_lane_instance_i_fma/n1711 (net)                                                      2                   0.00       2.83 r                   
  gemm_unit/u_accumulator_vec/g_lane_30__u_add/fpnew_add/gen_operation_groups_0__i_opgroup_block/gen_parallel_slices_0__active_format_i_fmt_slice/gen_num_lanes_0__active_lane_lane_instance_i_fma/U912/Y (NAND2_X0P5M_A9TR)                                                  0.07      0.06 *     2.89 f                   0.90
  gemm_unit/u_accumulator_vec/g_lane_30__u_add/fpnew_add/gen_operation_groups_0__i_opgroup_block/gen_parallel_slices_0__active_format_i_fmt_slice/gen_num_lanes_0__active_lane_lane_instance_i_fma/n1655 (net)                                                      2                   0.00       2.89 f                   
  gemm_unit/u_accumulator_vec/g_lane_30__u_add/fpnew_add/gen_operation_groups_0__i_opgroup_block/gen_parallel_slices_0__active_format_i_fmt_slice/gen_num_lanes_0__active_lane_lane_instance_i_fma/U922/Y (AND4_X0P7M_A9TR)                                                   0.03      0.08 *     2.97 f                   0.90
  gemm_unit/u_accumulator_vec/g_lane_30__u_add/fpnew_add/gen_operation_groups_0__i_opgroup_block/gen_parallel_slices_0__active_format_i_fmt_slice/gen_num_lanes_0__active_lane_lane_instance_i_fma/n1579 (net)                                                      1                   0.00       2.97 f                   
  gemm_unit/u_accumulator_vec/g_lane_30__u_add/fpnew_add/gen_operation_groups_0__i_opgroup_block/gen_parallel_slices_0__active_format_i_fmt_slice/gen_num_lanes_0__active_lane_lane_instance_i_fma/U988/Y (NOR4BB_X0P7M_A9TR)                                                 0.06      0.06 *     3.04 f                   0.90
  gemm_unit/u_accumulator_vec/g_lane_30__u_add/fpnew_add/gen_operation_groups_0__i_opgroup_block/gen_parallel_slices_0__active_format_i_fmt_slice/gen_num_lanes_0__active_lane_lane_instance_i_fma/n1613 (net)                                                      1                   0.00       3.04 f                   
  gemm_unit/u_accumulator_vec/g_lane_30__u_add/fpnew_add/gen_operation_groups_0__i_opgroup_block/gen_parallel_slices_0__active_format_i_fmt_slice/gen_num_lanes_0__active_lane_lane_instance_i_fma/U1016/Y (NOR4BB_X0P7M_A9TR)                                                0.05      0.07 *     3.11 f                   0.90
  gemm_unit/u_accumulator_vec/g_lane_30__u_add/fpnew_add/gen_operation_groups_0__i_opgroup_block/gen_parallel_slices_0__active_format_i_fmt_slice/gen_num_lanes_0__active_lane_lane_instance_i_fma/n1625 (net)                                                      1                   0.00       3.11 f                   
  gemm_unit/u_accumulator_vec/g_lane_30__u_add/fpnew_add/gen_operation_groups_0__i_opgroup_block/gen_parallel_slices_0__active_format_i_fmt_slice/gen_num_lanes_0__active_lane_lane_instance_i_fma/U1027/Y (OAI22_X0P5M_A9TR)                                                 0.15      0.11 *     3.22 r                   0.90
  gemm_unit/u_accumulator_vec/g_lane_30__u_add/fpnew_add/gen_operation_groups_0__i_opgroup_block/gen_parallel_slices_0__active_format_i_fmt_slice/gen_num_lanes_0__active_lane_lane_instance_i_fma/mid_pipe_sticky_q[0] (net)                                       3                   0.00       3.22 r                   
  gemm_unit/u_accumulator_vec/g_lane_30__u_add/fpnew_add/gen_operation_groups_0__i_opgroup_block/gen_parallel_slices_0__active_format_i_fmt_slice/gen_num_lanes_0__active_lane_lane_instance_i_fma/U1221/Y (NOR3_X1M_A9TR)                                                    0.10      0.10 *     3.31 f                   0.90
  gemm_unit/u_accumulator_vec/g_lane_30__u_add/fpnew_add/gen_operation_groups_0__i_opgroup_block/gen_parallel_slices_0__active_format_i_fmt_slice/gen_num_lanes_0__active_lane_lane_instance_i_fma/n2566 (net)                                                      3                   0.00       3.31 f                   
  gemm_unit/u_accumulator_vec/g_lane_30__u_add/fpnew_add/gen_operation_groups_0__i_opgroup_block/gen_parallel_slices_0__active_format_i_fmt_slice/gen_num_lanes_0__active_lane_lane_instance_i_fma/U1226/Y (NAND3_X0P7M_A9TR)                                                 0.11      0.10 *     3.41 r                   0.90
  gemm_unit/u_accumulator_vec/g_lane_30__u_add/fpnew_add/gen_operation_groups_0__i_opgroup_block/gen_parallel_slices_0__active_format_i_fmt_slice/gen_num_lanes_0__active_lane_lane_instance_i_fma/n2563 (net)                                                      5                   0.00       3.41 r                   
  gemm_unit/u_accumulator_vec/g_lane_30__u_add/fpnew_add/gen_operation_groups_0__i_opgroup_block/gen_parallel_slices_0__active_format_i_fmt_slice/gen_num_lanes_0__active_lane_lane_instance_i_fma/U1227/Y (NOR3_X1M_A9TR)                                                    0.07      0.08 *     3.50 f                   0.90
  gemm_unit/u_accumulator_vec/g_lane_30__u_add/fpnew_add/gen_operation_groups_0__i_opgroup_block/gen_parallel_slices_0__active_format_i_fmt_slice/gen_num_lanes_0__active_lane_lane_instance_i_fma/n2560 (net)                                                      3                   0.00       3.50 f                   
  gemm_unit/u_accumulator_vec/g_lane_30__u_add/fpnew_add/gen_operation_groups_0__i_opgroup_block/gen_parallel_slices_0__active_format_i_fmt_slice/gen_num_lanes_0__active_lane_lane_instance_i_fma/U1232/Y (NAND3_X0P7M_A9TR)                                                 0.12      0.09 *     3.58 r                   0.90
  gemm_unit/u_accumulator_vec/g_lane_30__u_add/fpnew_add/gen_operation_groups_0__i_opgroup_block/gen_parallel_slices_0__active_format_i_fmt_slice/gen_num_lanes_0__active_lane_lane_instance_i_fma/n2557 (net)                                                      5                   0.00       3.58 r                   
  gemm_unit/u_accumulator_vec/g_lane_30__u_add/fpnew_add/gen_operation_groups_0__i_opgroup_block/gen_parallel_slices_0__active_format_i_fmt_slice/gen_num_lanes_0__active_lane_lane_instance_i_fma/U1233/Y (NOR3_X1M_A9TR)                                                    0.08      0.08 *     3.67 f                   0.90
  gemm_unit/u_accumulator_vec/g_lane_30__u_add/fpnew_add/gen_operation_groups_0__i_opgroup_block/gen_parallel_slices_0__active_format_i_fmt_slice/gen_num_lanes_0__active_lane_lane_instance_i_fma/n2523 (net)                                                      3                   0.00       3.67 f                   
  gemm_unit/u_accumulator_vec/g_lane_30__u_add/fpnew_add/gen_operation_groups_0__i_opgroup_block/gen_parallel_slices_0__active_format_i_fmt_slice/gen_num_lanes_0__active_lane_lane_instance_i_fma/U1238/Y (NAND3_X0P7M_A9TR)                                                 0.12      0.09 *     3.76 r                   0.90
  gemm_unit/u_accumulator_vec/g_lane_30__u_add/fpnew_add/gen_operation_groups_0__i_opgroup_block/gen_parallel_slices_0__active_format_i_fmt_slice/gen_num_lanes_0__active_lane_lane_instance_i_fma/n2536 (net)                                                      5                   0.00       3.76 r                   
  gemm_unit/u_accumulator_vec/g_lane_30__u_add/fpnew_add/gen_operation_groups_0__i_opgroup_block/gen_parallel_slices_0__active_format_i_fmt_slice/gen_num_lanes_0__active_lane_lane_instance_i_fma/U1241/Y (NOR3_X1M_A9TR)                                                    0.07      0.08 *     3.85 f                   0.90
  gemm_unit/u_accumulator_vec/g_lane_30__u_add/fpnew_add/gen_operation_groups_0__i_opgroup_block/gen_parallel_slices_0__active_format_i_fmt_slice/gen_num_lanes_0__active_lane_lane_instance_i_fma/n2595 (net)                                                      4                   0.00       3.85 f                   
  gemm_unit/u_accumulator_vec/g_lane_30__u_add/fpnew_add/gen_operation_groups_0__i_opgroup_block/gen_parallel_slices_0__active_format_i_fmt_slice/gen_num_lanes_0__active_lane_lane_instance_i_fma/U1247/Y (NAND3_X0P7A_A9TR)                                                 0.10      0.08 *     3.93 r                   0.90
  gemm_unit/u_accumulator_vec/g_lane_30__u_add/fpnew_add/gen_operation_groups_0__i_opgroup_block/gen_parallel_slices_0__active_format_i_fmt_slice/gen_num_lanes_0__active_lane_lane_instance_i_fma/n2605 (net)                                                      5                   0.00       3.93 r                   
  gemm_unit/u_accumulator_vec/g_lane_30__u_add/fpnew_add/gen_operation_groups_0__i_opgroup_block/gen_parallel_slices_0__active_format_i_fmt_slice/gen_num_lanes_0__active_lane_lane_instance_i_fma/U1252/Y (NOR3_X1M_A9TR)                                                    0.07      0.07 *     4.00 f                   0.90
  gemm_unit/u_accumulator_vec/g_lane_30__u_add/fpnew_add/gen_operation_groups_0__i_opgroup_block/gen_parallel_slices_0__active_format_i_fmt_slice/gen_num_lanes_0__active_lane_lane_instance_i_fma/n2602 (net)                                                      4                   0.00       4.00 f                   
  gemm_unit/u_accumulator_vec/g_lane_30__u_add/fpnew_add/gen_operation_groups_0__i_opgroup_block/gen_parallel_slices_0__active_format_i_fmt_slice/gen_num_lanes_0__active_lane_lane_instance_i_fma/U1257/Y (NAND3_X0P7M_A9TR)                                                 0.14      0.10 *     4.10 r                   0.90
  gemm_unit/u_accumulator_vec/g_lane_30__u_add/fpnew_add/gen_operation_groups_0__i_opgroup_block/gen_parallel_slices_0__active_format_i_fmt_slice/gen_num_lanes_0__active_lane_lane_instance_i_fma/n2541 (net)                                                      5                   0.00       4.10 r                   
  gemm_unit/u_accumulator_vec/g_lane_30__u_add/fpnew_add/gen_operation_groups_0__i_opgroup_block/gen_parallel_slices_0__active_format_i_fmt_slice/gen_num_lanes_0__active_lane_lane_instance_i_fma/U1262/Y (NOR3_X1M_A9TR)                                                    0.07      0.09 *     4.19 f                   0.90
  gemm_unit/u_accumulator_vec/g_lane_30__u_add/fpnew_add/gen_operation_groups_0__i_opgroup_block/gen_parallel_slices_0__active_format_i_fmt_slice/gen_num_lanes_0__active_lane_lane_instance_i_fma/n2553 (net)                                                      3                   0.00       4.19 f                   
  gemm_unit/u_accumulator_vec/g_lane_30__u_add/fpnew_add/gen_operation_groups_0__i_opgroup_block/gen_parallel_slices_0__active_format_i_fmt_slice/gen_num_lanes_0__active_lane_lane_instance_i_fma/U1267/Y (NAND3_X0P7M_A9TR)                                                 0.11      0.08 *     4.27 r                   0.90
  gemm_unit/u_accumulator_vec/g_lane_30__u_add/fpnew_add/gen_operation_groups_0__i_opgroup_block/gen_parallel_slices_0__active_format_i_fmt_slice/gen_num_lanes_0__active_lane_lane_instance_i_fma/n2550 (net)                                                      4                   0.00       4.27 r                   
  gemm_unit/u_accumulator_vec/g_lane_30__u_add/fpnew_add/gen_operation_groups_0__i_opgroup_block/gen_parallel_slices_0__active_format_i_fmt_slice/gen_num_lanes_0__active_lane_lane_instance_i_fma/U1268/Y (NOR3_X1M_A9TR)                                                    0.08      0.09 *     4.36 f                   0.90
  gemm_unit/u_accumulator_vec/g_lane_30__u_add/fpnew_add/gen_operation_groups_0__i_opgroup_block/gen_parallel_slices_0__active_format_i_fmt_slice/gen_num_lanes_0__active_lane_lane_instance_i_fma/n2586 (net)                                                      2                   0.00       4.36 f                   
  gemm_unit/u_accumulator_vec/g_lane_30__u_add/fpnew_add/gen_operation_groups_0__i_opgroup_block/gen_parallel_slices_0__active_format_i_fmt_slice/gen_num_lanes_0__active_lane_lane_instance_i_fma/U1875/CO (ADDF_X1M_A9TR)                                                   0.04      0.11 *     4.47 f                   0.90
  gemm_unit/u_accumulator_vec/g_lane_30__u_add/fpnew_add/gen_operation_groups_0__i_opgroup_block/gen_parallel_slices_0__active_format_i_fmt_slice/gen_num_lanes_0__active_lane_lane_instance_i_fma/n1971 (net)                                                      3                   0.00       4.47 f                   
  gemm_unit/u_accumulator_vec/g_lane_30__u_add/fpnew_add/gen_operation_groups_0__i_opgroup_block/gen_parallel_slices_0__active_format_i_fmt_slice/gen_num_lanes_0__active_lane_lane_instance_i_fma/U1271/CON (CGENI_X1M_A9TR)                                                 0.10      0.07 *     4.54 r                   0.90
  gemm_unit/u_accumulator_vec/g_lane_30__u_add/fpnew_add/gen_operation_groups_0__i_opgroup_block/gen_parallel_slices_0__active_format_i_fmt_slice/gen_num_lanes_0__active_lane_lane_instance_i_fma/n1906 (net)                                                      3                   0.00       4.54 r                   
  gemm_unit/u_accumulator_vec/g_lane_30__u_add/fpnew_add/gen_operation_groups_0__i_opgroup_block/gen_parallel_slices_0__active_format_i_fmt_slice/gen_num_lanes_0__active_lane_lane_instance_i_fma/U1272/CON (CGENI_X1M_A9TR)                                                 0.07      0.06 *     4.60 f                   0.90
  gemm_unit/u_accumulator_vec/g_lane_30__u_add/fpnew_add/gen_operation_groups_0__i_opgroup_block/gen_parallel_slices_0__active_format_i_fmt_slice/gen_num_lanes_0__active_lane_lane_instance_i_fma/n1944 (net)                                                      3                   0.00       4.60 f                   
  gemm_unit/u_accumulator_vec/g_lane_30__u_add/fpnew_add/gen_operation_groups_0__i_opgroup_block/gen_parallel_slices_0__active_format_i_fmt_slice/gen_num_lanes_0__active_lane_lane_instance_i_fma/U1273/CON (CGENI_X1M_A9TR)                                                 0.10      0.07 *     4.68 r                   0.90
  gemm_unit/u_accumulator_vec/g_lane_30__u_add/fpnew_add/gen_operation_groups_0__i_opgroup_block/gen_parallel_slices_0__active_format_i_fmt_slice/gen_num_lanes_0__active_lane_lane_instance_i_fma/n1888 (net)                                                      3                   0.00       4.68 r                   
  gemm_unit/u_accumulator_vec/g_lane_30__u_add/fpnew_add/gen_operation_groups_0__i_opgroup_block/gen_parallel_slices_0__active_format_i_fmt_slice/gen_num_lanes_0__active_lane_lane_instance_i_fma/U1274/CON (CGENI_X1M_A9TR)                                                 0.06      0.06 *     4.74 f                   0.90
  gemm_unit/u_accumulator_vec/g_lane_30__u_add/fpnew_add/gen_operation_groups_0__i_opgroup_block/gen_parallel_slices_0__active_format_i_fmt_slice/gen_num_lanes_0__active_lane_lane_instance_i_fma/n1953 (net)                                                      3                   0.00       4.74 f                   
  gemm_unit/u_accumulator_vec/g_lane_30__u_add/fpnew_add/gen_operation_groups_0__i_opgroup_block/gen_parallel_slices_0__active_format_i_fmt_slice/gen_num_lanes_0__active_lane_lane_instance_i_fma/U1275/CON (CGENI_X1M_A9TR)                                                 0.09      0.07 *     4.81 r                   0.90
  gemm_unit/u_accumulator_vec/g_lane_30__u_add/fpnew_add/gen_operation_groups_0__i_opgroup_block/gen_parallel_slices_0__active_format_i_fmt_slice/gen_num_lanes_0__active_lane_lane_instance_i_fma/n1963 (net)                                                      3                   0.00       4.81 r                   
  gemm_unit/u_accumulator_vec/g_lane_30__u_add/fpnew_add/gen_operation_groups_0__i_opgroup_block/gen_parallel_slices_0__active_format_i_fmt_slice/gen_num_lanes_0__active_lane_lane_instance_i_fma/U1276/CON (CGENI_X1M_A9TR)                                                 0.07      0.06 *     4.87 f                   0.90
  gemm_unit/u_accumulator_vec/g_lane_30__u_add/fpnew_add/gen_operation_groups_0__i_opgroup_block/gen_parallel_slices_0__active_format_i_fmt_slice/gen_num_lanes_0__active_lane_lane_instance_i_fma/n2052 (net)                                                      3                   0.00       4.87 f                   
  gemm_unit/u_accumulator_vec/g_lane_30__u_add/fpnew_add/gen_operation_groups_0__i_opgroup_block/gen_parallel_slices_0__active_format_i_fmt_slice/gen_num_lanes_0__active_lane_lane_instance_i_fma/U1277/CON (CGENI_X1M_A9TR)                                                 0.09      0.07 *     4.95 r                   0.90
  gemm_unit/u_accumulator_vec/g_lane_30__u_add/fpnew_add/gen_operation_groups_0__i_opgroup_block/gen_parallel_slices_0__active_format_i_fmt_slice/gen_num_lanes_0__active_lane_lane_instance_i_fma/n2071 (net)                                                      3                   0.00       4.95 r                   
  gemm_unit/u_accumulator_vec/g_lane_30__u_add/fpnew_add/gen_operation_groups_0__i_opgroup_block/gen_parallel_slices_0__active_format_i_fmt_slice/gen_num_lanes_0__active_lane_lane_instance_i_fma/U1278/CON (CGENI_X1M_A9TR)                                                 0.07      0.06 *     5.01 f                   0.90
  gemm_unit/u_accumulator_vec/g_lane_30__u_add/fpnew_add/gen_operation_groups_0__i_opgroup_block/gen_parallel_slices_0__active_format_i_fmt_slice/gen_num_lanes_0__active_lane_lane_instance_i_fma/n2007 (net)                                                      3                   0.00       5.01 f                   
  gemm_unit/u_accumulator_vec/g_lane_30__u_add/fpnew_add/gen_operation_groups_0__i_opgroup_block/gen_parallel_slices_0__active_format_i_fmt_slice/gen_num_lanes_0__active_lane_lane_instance_i_fma/U1279/CON (CGENI_X1M_A9TR)                                                 0.09      0.07 *     5.08 r                   0.90
  gemm_unit/u_accumulator_vec/g_lane_30__u_add/fpnew_add/gen_operation_groups_0__i_opgroup_block/gen_parallel_slices_0__active_format_i_fmt_slice/gen_num_lanes_0__active_lane_lane_instance_i_fma/n2044 (net)                                                      3                   0.00       5.08 r                   
  gemm_unit/u_accumulator_vec/g_lane_30__u_add/fpnew_add/gen_operation_groups_0__i_opgroup_block/gen_parallel_slices_0__active_format_i_fmt_slice/gen_num_lanes_0__active_lane_lane_instance_i_fma/U1280/CON (CGENI_X1M_A9TR)                                                 0.06      0.06 *     5.14 f                   0.90
  gemm_unit/u_accumulator_vec/g_lane_30__u_add/fpnew_add/gen_operation_groups_0__i_opgroup_block/gen_parallel_slices_0__active_format_i_fmt_slice/gen_num_lanes_0__active_lane_lane_instance_i_fma/n1998 (net)                                                      3                   0.00       5.14 f                   
  gemm_unit/u_accumulator_vec/g_lane_30__u_add/fpnew_add/gen_operation_groups_0__i_opgroup_block/gen_parallel_slices_0__active_format_i_fmt_slice/gen_num_lanes_0__active_lane_lane_instance_i_fma/U1281/CON (CGENI_X1M_A9TR)                                                 0.09      0.07 *     5.21 r                   0.90
  gemm_unit/u_accumulator_vec/g_lane_30__u_add/fpnew_add/gen_operation_groups_0__i_opgroup_block/gen_parallel_slices_0__active_format_i_fmt_slice/gen_num_lanes_0__active_lane_lane_instance_i_fma/n2081 (net)                                                      3                   0.00       5.21 r                   
  gemm_unit/u_accumulator_vec/g_lane_30__u_add/fpnew_add/gen_operation_groups_0__i_opgroup_block/gen_parallel_slices_0__active_format_i_fmt_slice/gen_num_lanes_0__active_lane_lane_instance_i_fma/U1282/CON (CGENI_X1M_A9TR)                                                 0.06      0.06 *     5.27 f                   0.90
  gemm_unit/u_accumulator_vec/g_lane_30__u_add/fpnew_add/gen_operation_groups_0__i_opgroup_block/gen_parallel_slices_0__active_format_i_fmt_slice/gen_num_lanes_0__active_lane_lane_instance_i_fma/n2061 (net)                                                      3                   0.00       5.27 f                   
  gemm_unit/u_accumulator_vec/g_lane_30__u_add/fpnew_add/gen_operation_groups_0__i_opgroup_block/gen_parallel_slices_0__active_format_i_fmt_slice/gen_num_lanes_0__active_lane_lane_instance_i_fma/U1283/CON (CGENI_X1M_A9TR)                                                 0.09      0.07 *     5.34 r                   0.90
  gemm_unit/u_accumulator_vec/g_lane_30__u_add/fpnew_add/gen_operation_groups_0__i_opgroup_block/gen_parallel_slices_0__active_format_i_fmt_slice/gen_num_lanes_0__active_lane_lane_instance_i_fma/n1981 (net)                                                      3                   0.00       5.34 r                   
  gemm_unit/u_accumulator_vec/g_lane_30__u_add/fpnew_add/gen_operation_groups_0__i_opgroup_block/gen_parallel_slices_0__active_format_i_fmt_slice/gen_num_lanes_0__active_lane_lane_instance_i_fma/U1284/CON (CGENI_X1M_A9TR)                                                 0.06      0.06 *     5.40 f                   0.90
  gemm_unit/u_accumulator_vec/g_lane_30__u_add/fpnew_add/gen_operation_groups_0__i_opgroup_block/gen_parallel_slices_0__active_format_i_fmt_slice/gen_num_lanes_0__active_lane_lane_instance_i_fma/n1896 (net)                                                      3                   0.00       5.40 f                   
  gemm_unit/u_accumulator_vec/g_lane_30__u_add/fpnew_add/gen_operation_groups_0__i_opgroup_block/gen_parallel_slices_0__active_format_i_fmt_slice/gen_num_lanes_0__active_lane_lane_instance_i_fma/U1285/CON (CGENI_X1M_A9TR)                                                 0.10      0.08 *     5.48 r                   0.90
  gemm_unit/u_accumulator_vec/g_lane_30__u_add/fpnew_add/gen_operation_groups_0__i_opgroup_block/gen_parallel_slices_0__active_format_i_fmt_slice/gen_num_lanes_0__active_lane_lane_instance_i_fma/n1935 (net)                                                      3                   0.00       5.48 r                   
  gemm_unit/u_accumulator_vec/g_lane_30__u_add/fpnew_add/gen_operation_groups_0__i_opgroup_block/gen_parallel_slices_0__active_format_i_fmt_slice/gen_num_lanes_0__active_lane_lane_instance_i_fma/U1287/CON (CGENI_X1M_A9TR)                                                 0.07      0.06 *     5.54 f                   0.90
  gemm_unit/u_accumulator_vec/g_lane_30__u_add/fpnew_add/gen_operation_groups_0__i_opgroup_block/gen_parallel_slices_0__active_format_i_fmt_slice/gen_num_lanes_0__active_lane_lane_instance_i_fma/n2017 (net)                                                      3                   0.00       5.54 f                   
  gemm_unit/u_accumulator_vec/g_lane_30__u_add/fpnew_add/gen_operation_groups_0__i_opgroup_block/gen_parallel_slices_0__active_format_i_fmt_slice/gen_num_lanes_0__active_lane_lane_instance_i_fma/U1288/CON (CGENI_X1M_A9TR)                                                 0.10      0.08 *     5.62 r                   0.90
  gemm_unit/u_accumulator_vec/g_lane_30__u_add/fpnew_add/gen_operation_groups_0__i_opgroup_block/gen_parallel_slices_0__active_format_i_fmt_slice/gen_num_lanes_0__active_lane_lane_instance_i_fma/n2026 (net)                                                      3                   0.00       5.62 r                   
  gemm_unit/u_accumulator_vec/g_lane_30__u_add/fpnew_add/gen_operation_groups_0__i_opgroup_block/gen_parallel_slices_0__active_format_i_fmt_slice/gen_num_lanes_0__active_lane_lane_instance_i_fma/U1289/CON (CGENI_X1M_A9TR)                                                 0.07      0.06 *     5.68 f                   0.90
  gemm_unit/u_accumulator_vec/g_lane_30__u_add/fpnew_add/gen_operation_groups_0__i_opgroup_block/gen_parallel_slices_0__active_format_i_fmt_slice/gen_num_lanes_0__active_lane_lane_instance_i_fma/n1990 (net)                                                      3                   0.00       5.68 f                   
  gemm_unit/u_accumulator_vec/g_lane_30__u_add/fpnew_add/gen_operation_groups_0__i_opgroup_block/gen_parallel_slices_0__active_format_i_fmt_slice/gen_num_lanes_0__active_lane_lane_instance_i_fma/U1290/CON (CGENI_X1M_A9TR)                                                 0.10      0.08 *     5.76 r                   0.90
  gemm_unit/u_accumulator_vec/g_lane_30__u_add/fpnew_add/gen_operation_groups_0__i_opgroup_block/gen_parallel_slices_0__active_format_i_fmt_slice/gen_num_lanes_0__active_lane_lane_instance_i_fma/n1915 (net)                                                      3                   0.00       5.76 r                   
  gemm_unit/u_accumulator_vec/g_lane_30__u_add/fpnew_add/gen_operation_groups_0__i_opgroup_block/gen_parallel_slices_0__active_format_i_fmt_slice/gen_num_lanes_0__active_lane_lane_instance_i_fma/U1292/CON (CGENI_X1M_A9TR)                                                 0.07      0.06 *     5.82 f                   0.90
  gemm_unit/u_accumulator_vec/g_lane_30__u_add/fpnew_add/gen_operation_groups_0__i_opgroup_block/gen_parallel_slices_0__active_format_i_fmt_slice/gen_num_lanes_0__active_lane_lane_instance_i_fma/n2035 (net)                                                      3                   0.00       5.82 f                   
  gemm_unit/u_accumulator_vec/g_lane_30__u_add/fpnew_add/gen_operation_groups_0__i_opgroup_block/gen_parallel_slices_0__active_format_i_fmt_slice/gen_num_lanes_0__active_lane_lane_instance_i_fma/U1293/CON (CGENI_X1M_A9TR)                                                 0.09      0.08 *     5.89 r                   0.90
  gemm_unit/u_accumulator_vec/g_lane_30__u_add/fpnew_add/gen_operation_groups_0__i_opgroup_block/gen_parallel_slices_0__active_format_i_fmt_slice/gen_num_lanes_0__active_lane_lane_instance_i_fma/n1925 (net)                                                      3                   0.00       5.89 r                   
  gemm_unit/u_accumulator_vec/g_lane_30__u_add/fpnew_add/gen_operation_groups_0__i_opgroup_block/gen_parallel_slices_0__active_format_i_fmt_slice/gen_num_lanes_0__active_lane_lane_instance_i_fma/U1295/CON (CGENI_X1M_A9TR)                                                 0.07      0.06 *     5.95 f                   0.90
  gemm_unit/u_accumulator_vec/g_lane_30__u_add/fpnew_add/gen_operation_groups_0__i_opgroup_block/gen_parallel_slices_0__active_format_i_fmt_slice/gen_num_lanes_0__active_lane_lane_instance_i_fma/n1879 (net)                                                      3                   0.00       5.95 f                   
  gemm_unit/u_accumulator_vec/g_lane_30__u_add/fpnew_add/gen_operation_groups_0__i_opgroup_block/gen_parallel_slices_0__active_format_i_fmt_slice/gen_num_lanes_0__active_lane_lane_instance_i_fma/U1296/CON (CGENI_X1M_A9TR)                                                 0.07      0.06 *     6.01 r                   0.90
  gemm_unit/u_accumulator_vec/g_lane_30__u_add/fpnew_add/gen_operation_groups_0__i_opgroup_block/gen_parallel_slices_0__active_format_i_fmt_slice/gen_num_lanes_0__active_lane_lane_instance_i_fma/n1781 (net)                                                      2                   0.00       6.01 r                   
  gemm_unit/u_accumulator_vec/g_lane_30__u_add/fpnew_add/gen_operation_groups_0__i_opgroup_block/gen_parallel_slices_0__active_format_i_fmt_slice/gen_num_lanes_0__active_lane_lane_instance_i_fma/U1298/Y (NOR2_X0P5B_A9TR)                                                  0.07      0.05 *     6.06 f                   0.90
  gemm_unit/u_accumulator_vec/g_lane_30__u_add/fpnew_add/gen_operation_groups_0__i_opgroup_block/gen_parallel_slices_0__active_format_i_fmt_slice/gen_num_lanes_0__active_lane_lane_instance_i_fma/n2579 (net)                                                      3                   0.00       6.06 f                   
  gemm_unit/u_accumulator_vec/g_lane_30__u_add/fpnew_add/gen_operation_groups_0__i_opgroup_block/gen_parallel_slices_0__active_format_i_fmt_slice/gen_num_lanes_0__active_lane_lane_instance_i_fma/U1299/Y (NAND2_X0P5M_A9TR)                                                 0.07      0.07 *     6.12 r                   0.90
  gemm_unit/u_accumulator_vec/g_lane_30__u_add/fpnew_add/gen_operation_groups_0__i_opgroup_block/gen_parallel_slices_0__active_format_i_fmt_slice/gen_num_lanes_0__active_lane_lane_instance_i_fma/n2578 (net)                                                      3                   0.00       6.12 r                   
  gemm_unit/u_accumulator_vec/g_lane_30__u_add/fpnew_add/gen_operation_groups_0__i_opgroup_block/gen_parallel_slices_0__active_format_i_fmt_slice/gen_num_lanes_0__active_lane_lane_instance_i_fma/U1300/Y (NOR2_X0P5B_A9TR)                                                  0.06      0.05 *     6.18 f                   0.90
  gemm_unit/u_accumulator_vec/g_lane_30__u_add/fpnew_add/gen_operation_groups_0__i_opgroup_block/gen_parallel_slices_0__active_format_i_fmt_slice/gen_num_lanes_0__active_lane_lane_instance_i_fma/n1809 (net)                                                      3                   0.00       6.18 f                   
  gemm_unit/u_accumulator_vec/g_lane_30__u_add/fpnew_add/gen_operation_groups_0__i_opgroup_block/gen_parallel_slices_0__active_format_i_fmt_slice/gen_num_lanes_0__active_lane_lane_instance_i_fma/U1301/Y (NAND2_X0P5M_A9TR)                                                 0.09      0.07 *     6.24 r                   0.90
  gemm_unit/u_accumulator_vec/g_lane_30__u_add/fpnew_add/gen_operation_groups_0__i_opgroup_block/gen_parallel_slices_0__active_format_i_fmt_slice/gen_num_lanes_0__active_lane_lane_instance_i_fma/n1788 (net)                                                      3                   0.00       6.24 r                   
  gemm_unit/u_accumulator_vec/g_lane_30__u_add/fpnew_add/gen_operation_groups_0__i_opgroup_block/gen_parallel_slices_0__active_format_i_fmt_slice/gen_num_lanes_0__active_lane_lane_instance_i_fma/U1302/Y (NOR2_X0P5B_A9TR)                                                  0.06      0.06 *     6.30 f                   0.90
  gemm_unit/u_accumulator_vec/g_lane_30__u_add/fpnew_add/gen_operation_groups_0__i_opgroup_block/gen_parallel_slices_0__active_format_i_fmt_slice/gen_num_lanes_0__active_lane_lane_instance_i_fma/n1787 (net)                                                      3                   0.00       6.30 f                   
  gemm_unit/u_accumulator_vec/g_lane_30__u_add/fpnew_add/gen_operation_groups_0__i_opgroup_block/gen_parallel_slices_0__active_format_i_fmt_slice/gen_num_lanes_0__active_lane_lane_instance_i_fma/U1303/Y (NAND2_X0P5M_A9TR)                                                 0.09      0.06 *     6.37 r                   0.90
  gemm_unit/u_accumulator_vec/g_lane_30__u_add/fpnew_add/gen_operation_groups_0__i_opgroup_block/gen_parallel_slices_0__active_format_i_fmt_slice/gen_num_lanes_0__active_lane_lane_instance_i_fma/n1817 (net)                                                      3                   0.00       6.37 r                   
  gemm_unit/u_accumulator_vec/g_lane_30__u_add/fpnew_add/gen_operation_groups_0__i_opgroup_block/gen_parallel_slices_0__active_format_i_fmt_slice/gen_num_lanes_0__active_lane_lane_instance_i_fma/U1304/Y (NOR2_X0P5B_A9TR)                                                  0.06      0.06 *     6.42 f                   0.90
  gemm_unit/u_accumulator_vec/g_lane_30__u_add/fpnew_add/gen_operation_groups_0__i_opgroup_block/gen_parallel_slices_0__active_format_i_fmt_slice/gen_num_lanes_0__active_lane_lane_instance_i_fma/n1816 (net)                                                      3                   0.00       6.42 f                   
  gemm_unit/u_accumulator_vec/g_lane_30__u_add/fpnew_add/gen_operation_groups_0__i_opgroup_block/gen_parallel_slices_0__active_format_i_fmt_slice/gen_num_lanes_0__active_lane_lane_instance_i_fma/U1305/Y (NAND2_X0P5M_A9TR)                                                 0.08      0.06 *     6.49 r                   0.90
  gemm_unit/u_accumulator_vec/g_lane_30__u_add/fpnew_add/gen_operation_groups_0__i_opgroup_block/gen_parallel_slices_0__active_format_i_fmt_slice/gen_num_lanes_0__active_lane_lane_instance_i_fma/n1825 (net)                                                      3                   0.00       6.49 r                   
  gemm_unit/u_accumulator_vec/g_lane_30__u_add/fpnew_add/gen_operation_groups_0__i_opgroup_block/gen_parallel_slices_0__active_format_i_fmt_slice/gen_num_lanes_0__active_lane_lane_instance_i_fma/U1306/Y (NOR2_X0P5B_A9TR)                                                  0.06      0.06 *     6.54 f                   0.90
  gemm_unit/u_accumulator_vec/g_lane_30__u_add/fpnew_add/gen_operation_groups_0__i_opgroup_block/gen_parallel_slices_0__active_format_i_fmt_slice/gen_num_lanes_0__active_lane_lane_instance_i_fma/n1824 (net)                                                      3                   0.00       6.54 f                   
  gemm_unit/u_accumulator_vec/g_lane_30__u_add/fpnew_add/gen_operation_groups_0__i_opgroup_block/gen_parallel_slices_0__active_format_i_fmt_slice/gen_num_lanes_0__active_lane_lane_instance_i_fma/U1307/Y (NAND2_X0P5M_A9TR)                                                 0.08      0.06 *     6.61 r                   0.90
  gemm_unit/u_accumulator_vec/g_lane_30__u_add/fpnew_add/gen_operation_groups_0__i_opgroup_block/gen_parallel_slices_0__active_format_i_fmt_slice/gen_num_lanes_0__active_lane_lane_instance_i_fma/n1865 (net)                                                      3                   0.00       6.61 r                   
  gemm_unit/u_accumulator_vec/g_lane_30__u_add/fpnew_add/gen_operation_groups_0__i_opgroup_block/gen_parallel_slices_0__active_format_i_fmt_slice/gen_num_lanes_0__active_lane_lane_instance_i_fma/U1308/Y (NOR2_X0P5B_A9TR)                                                  0.06      0.06 *     6.66 f                   0.90
  gemm_unit/u_accumulator_vec/g_lane_30__u_add/fpnew_add/gen_operation_groups_0__i_opgroup_block/gen_parallel_slices_0__active_format_i_fmt_slice/gen_num_lanes_0__active_lane_lane_instance_i_fma/n1864 (net)                                                      3                   0.00       6.66 f                   
  gemm_unit/u_accumulator_vec/g_lane_30__u_add/fpnew_add/gen_operation_groups_0__i_opgroup_block/gen_parallel_slices_0__active_format_i_fmt_slice/gen_num_lanes_0__active_lane_lane_instance_i_fma/U1309/Y (NAND2_X0P5M_A9TR)                                                 0.08      0.06 *     6.72 r                   0.90
  gemm_unit/u_accumulator_vec/g_lane_30__u_add/fpnew_add/gen_operation_groups_0__i_opgroup_block/gen_parallel_slices_0__active_format_i_fmt_slice/gen_num_lanes_0__active_lane_lane_instance_i_fma/n1833 (net)                                                      3                   0.00       6.72 r                   
  gemm_unit/u_accumulator_vec/g_lane_30__u_add/fpnew_add/gen_operation_groups_0__i_opgroup_block/gen_parallel_slices_0__active_format_i_fmt_slice/gen_num_lanes_0__active_lane_lane_instance_i_fma/U1310/Y (NOR2_X0P5B_A9TR)                                                  0.06      0.05 *     6.78 f                   0.90
  gemm_unit/u_accumulator_vec/g_lane_30__u_add/fpnew_add/gen_operation_groups_0__i_opgroup_block/gen_parallel_slices_0__active_format_i_fmt_slice/gen_num_lanes_0__active_lane_lane_instance_i_fma/n1832 (net)                                                      3                   0.00       6.78 f                   
  gemm_unit/u_accumulator_vec/g_lane_30__u_add/fpnew_add/gen_operation_groups_0__i_opgroup_block/gen_parallel_slices_0__active_format_i_fmt_slice/gen_num_lanes_0__active_lane_lane_instance_i_fma/U1311/Y (NAND2_X0P5M_A9TR)                                                 0.08      0.06 *     6.84 r                   0.90
  gemm_unit/u_accumulator_vec/g_lane_30__u_add/fpnew_add/gen_operation_groups_0__i_opgroup_block/gen_parallel_slices_0__active_format_i_fmt_slice/gen_num_lanes_0__active_lane_lane_instance_i_fma/n1841 (net)                                                      3                   0.00       6.84 r                   
  gemm_unit/u_accumulator_vec/g_lane_30__u_add/fpnew_add/gen_operation_groups_0__i_opgroup_block/gen_parallel_slices_0__active_format_i_fmt_slice/gen_num_lanes_0__active_lane_lane_instance_i_fma/U1312/Y (NOR2_X0P5B_A9TR)                                                  0.06      0.06 *     6.90 f                   0.90
  gemm_unit/u_accumulator_vec/g_lane_30__u_add/fpnew_add/gen_operation_groups_0__i_opgroup_block/gen_parallel_slices_0__active_format_i_fmt_slice/gen_num_lanes_0__active_lane_lane_instance_i_fma/n1840 (net)                                                      3                   0.00       6.90 f                   
  gemm_unit/u_accumulator_vec/g_lane_30__u_add/fpnew_add/gen_operation_groups_0__i_opgroup_block/gen_parallel_slices_0__active_format_i_fmt_slice/gen_num_lanes_0__active_lane_lane_instance_i_fma/U1313/Y (NAND2_X0P5M_A9TR)                                                 0.08      0.06 *     6.96 r                   0.90
  gemm_unit/u_accumulator_vec/g_lane_30__u_add/fpnew_add/gen_operation_groups_0__i_opgroup_block/gen_parallel_slices_0__active_format_i_fmt_slice/gen_num_lanes_0__active_lane_lane_instance_i_fma/n1857 (net)                                                      3                   0.00       6.96 r                   
  gemm_unit/u_accumulator_vec/g_lane_30__u_add/fpnew_add/gen_operation_groups_0__i_opgroup_block/gen_parallel_slices_0__active_format_i_fmt_slice/gen_num_lanes_0__active_lane_lane_instance_i_fma/U1314/Y (NOR2_X0P5B_A9TR)                                                  0.06      0.06 *     7.01 f                   0.90
  gemm_unit/u_accumulator_vec/g_lane_30__u_add/fpnew_add/gen_operation_groups_0__i_opgroup_block/gen_parallel_slices_0__active_format_i_fmt_slice/gen_num_lanes_0__active_lane_lane_instance_i_fma/n1856 (net)                                                      3                   0.00       7.01 f                   
  gemm_unit/u_accumulator_vec/g_lane_30__u_add/fpnew_add/gen_operation_groups_0__i_opgroup_block/gen_parallel_slices_0__active_format_i_fmt_slice/gen_num_lanes_0__active_lane_lane_instance_i_fma/U1315/Y (NAND2_X0P5M_A9TR)                                                 0.08      0.06 *     7.07 r                   0.90
  gemm_unit/u_accumulator_vec/g_lane_30__u_add/fpnew_add/gen_operation_groups_0__i_opgroup_block/gen_parallel_slices_0__active_format_i_fmt_slice/gen_num_lanes_0__active_lane_lane_instance_i_fma/n1849 (net)                                                      3                   0.00       7.07 r                   
  gemm_unit/u_accumulator_vec/g_lane_30__u_add/fpnew_add/gen_operation_groups_0__i_opgroup_block/gen_parallel_slices_0__active_format_i_fmt_slice/gen_num_lanes_0__active_lane_lane_instance_i_fma/U1316/Y (NOR2_X0P5B_A9TR)                                                  0.06      0.06 *     7.13 f                   0.90
  gemm_unit/u_accumulator_vec/g_lane_30__u_add/fpnew_add/gen_operation_groups_0__i_opgroup_block/gen_parallel_slices_0__active_format_i_fmt_slice/gen_num_lanes_0__active_lane_lane_instance_i_fma/n1848 (net)                                                      3                   0.00       7.13 f                   
  gemm_unit/u_accumulator_vec/g_lane_30__u_add/fpnew_add/gen_operation_groups_0__i_opgroup_block/gen_parallel_slices_0__active_format_i_fmt_slice/gen_num_lanes_0__active_lane_lane_instance_i_fma/U1317/Y (NAND2_X0P5M_A9TR)                                                 0.09      0.06 *     7.19 r                   0.90
  gemm_unit/u_accumulator_vec/g_lane_30__u_add/fpnew_add/gen_operation_groups_0__i_opgroup_block/gen_parallel_slices_0__active_format_i_fmt_slice/gen_num_lanes_0__active_lane_lane_instance_i_fma/n1802 (net)                                                      3                   0.00       7.19 r                   
  gemm_unit/u_accumulator_vec/g_lane_30__u_add/fpnew_add/gen_operation_groups_0__i_opgroup_block/gen_parallel_slices_0__active_format_i_fmt_slice/gen_num_lanes_0__active_lane_lane_instance_i_fma/U1318/Y (NOR2_X0P5B_A9TR)                                                  0.06      0.06 *     7.25 f                   0.90
  gemm_unit/u_accumulator_vec/g_lane_30__u_add/fpnew_add/gen_operation_groups_0__i_opgroup_block/gen_parallel_slices_0__active_format_i_fmt_slice/gen_num_lanes_0__active_lane_lane_instance_i_fma/n1801 (net)                                                      3                   0.00       7.25 f                   
  gemm_unit/u_accumulator_vec/g_lane_30__u_add/fpnew_add/gen_operation_groups_0__i_opgroup_block/gen_parallel_slices_0__active_format_i_fmt_slice/gen_num_lanes_0__active_lane_lane_instance_i_fma/U1319/Y (NAND2_X0P5M_A9TR)                                                 0.09      0.06 *     7.31 r                   0.90
  gemm_unit/u_accumulator_vec/g_lane_30__u_add/fpnew_add/gen_operation_groups_0__i_opgroup_block/gen_parallel_slices_0__active_format_i_fmt_slice/gen_num_lanes_0__active_lane_lane_instance_i_fma/n1795 (net)                                                      3                   0.00       7.31 r                   
  gemm_unit/u_accumulator_vec/g_lane_30__u_add/fpnew_add/gen_operation_groups_0__i_opgroup_block/gen_parallel_slices_0__active_format_i_fmt_slice/gen_num_lanes_0__active_lane_lane_instance_i_fma/U1320/Y (NOR2_X0P5B_A9TR)                                                  0.06      0.06 *     7.37 f                   0.90
  gemm_unit/u_accumulator_vec/g_lane_30__u_add/fpnew_add/gen_operation_groups_0__i_opgroup_block/gen_parallel_slices_0__active_format_i_fmt_slice/gen_num_lanes_0__active_lane_lane_instance_i_fma/n2572 (net)                                                      3                   0.00       7.37 f                   
  gemm_unit/u_accumulator_vec/g_lane_30__u_add/fpnew_add/gen_operation_groups_0__i_opgroup_block/gen_parallel_slices_0__active_format_i_fmt_slice/gen_num_lanes_0__active_lane_lane_instance_i_fma/U1321/Y (NAND2_X0P5M_A9TR)                                                 0.06      0.06 *     7.43 r                   0.90
  gemm_unit/u_accumulator_vec/g_lane_30__u_add/fpnew_add/gen_operation_groups_0__i_opgroup_block/gen_parallel_slices_0__active_format_i_fmt_slice/gen_num_lanes_0__active_lane_lane_instance_i_fma/n2571 (net)                                                      2                   0.00       7.43 r                   
  gemm_unit/u_accumulator_vec/g_lane_30__u_add/fpnew_add/gen_operation_groups_0__i_opgroup_block/gen_parallel_slices_0__active_format_i_fmt_slice/gen_num_lanes_0__active_lane_lane_instance_i_fma/U1322/Y (NOR2_X0P5B_A9TR)                                                  0.04      0.05 *     7.47 f                   0.90
  gemm_unit/u_accumulator_vec/g_lane_30__u_add/fpnew_add/gen_operation_groups_0__i_opgroup_block/gen_parallel_slices_0__active_format_i_fmt_slice/gen_num_lanes_0__active_lane_lane_instance_i_fma/n2483 (net)                                                      2                   0.00       7.47 f                   
  gemm_unit/u_accumulator_vec/g_lane_30__u_add/fpnew_add/gen_operation_groups_0__i_opgroup_block/gen_parallel_slices_0__active_format_i_fmt_slice/gen_num_lanes_0__active_lane_lane_instance_i_fma/U1323/Y (AOI31_X0P7M_A9TR)                                                 0.77      0.46 *     7.94 r                   0.90
  gemm_unit/u_accumulator_vec/g_lane_30__u_add/fpnew_add/gen_operation_groups_0__i_opgroup_block/gen_parallel_slices_0__active_format_i_fmt_slice/gen_num_lanes_0__active_lane_lane_instance_i_fma/n1735 (net)                                                     33                   0.00       7.94 r                   
  gemm_unit/u_accumulator_vec/g_lane_30__u_add/fpnew_add/gen_operation_groups_0__i_opgroup_block/gen_parallel_slices_0__active_format_i_fmt_slice/gen_num_lanes_0__active_lane_lane_instance_i_fma/U960/Y (BUF_X1M_A9TR)                                                      0.19      0.23 *     8.17 r                   0.90
  gemm_unit/u_accumulator_vec/g_lane_30__u_add/fpnew_add/gen_operation_groups_0__i_opgroup_block/gen_parallel_slices_0__active_format_i_fmt_slice/gen_num_lanes_0__active_lane_lane_instance_i_fma/n2687 (net)                                                     20                   0.00       8.17 r                   
  gemm_unit/u_accumulator_vec/g_lane_30__u_add/fpnew_add/gen_operation_groups_0__i_opgroup_block/gen_parallel_slices_0__active_format_i_fmt_slice/gen_num_lanes_0__active_lane_lane_instance_i_fma/U966/Y (INV_X0P7M_A9TR)                                                    0.15      0.15 *     8.32 f                   0.90
  gemm_unit/u_accumulator_vec/g_lane_30__u_add/fpnew_add/gen_operation_groups_0__i_opgroup_block/gen_parallel_slices_0__active_format_i_fmt_slice/gen_num_lanes_0__active_lane_lane_instance_i_fma/n2688 (net)                                                     19                   0.00       8.32 f                   
  gemm_unit/u_accumulator_vec/g_lane_30__u_add/fpnew_add/gen_operation_groups_0__i_opgroup_block/gen_parallel_slices_0__active_format_i_fmt_slice/gen_num_lanes_0__active_lane_lane_instance_i_fma/U1427/Y (AOI221_X0P7M_A9TR)                                                0.13      0.12 *     8.44 r                   0.90
  gemm_unit/u_accumulator_vec/g_lane_30__u_add/fpnew_add/gen_operation_groups_0__i_opgroup_block/gen_parallel_slices_0__active_format_i_fmt_slice/gen_num_lanes_0__active_lane_lane_instance_i_fma/n1894 (net)                                                      1                   0.00       8.44 r                   
  gemm_unit/u_accumulator_vec/g_lane_30__u_add/fpnew_add/gen_operation_groups_0__i_opgroup_block/gen_parallel_slices_0__active_format_i_fmt_slice/gen_num_lanes_0__active_lane_lane_instance_i_fma/U1428/Y (OA21A1OI2_X0P7M_A9TR)                                             0.05      0.05 *     8.49 f                   0.90
  gemm_unit/u_accumulator_vec/g_lane_30__u_add/fpnew_add/gen_operation_groups_0__i_opgroup_block/gen_parallel_slices_0__active_format_i_fmt_slice/gen_num_lanes_0__active_lane_lane_instance_i_fma/n1898 (net)                                                      1                   0.00       8.49 f                   
  gemm_unit/u_accumulator_vec/g_lane_30__u_add/fpnew_add/gen_operation_groups_0__i_opgroup_block/gen_parallel_slices_0__active_format_i_fmt_slice/gen_num_lanes_0__active_lane_lane_instance_i_fma/U1429/Y (XNOR2_X0P5M_A9TR)                                                 0.07      0.06 *     8.56 r                   0.90
  gemm_unit/u_accumulator_vec/g_lane_30__u_add/fpnew_add/gen_operation_groups_0__i_opgroup_block/gen_parallel_slices_0__active_format_i_fmt_slice/gen_num_lanes_0__active_lane_lane_instance_i_fma/sum[40] (net)                                                    1                   0.00       8.56 r                   
  gemm_unit/u_accumulator_vec/g_lane_30__u_add/fpnew_add/gen_operation_groups_0__i_opgroup_block/gen_parallel_slices_0__active_format_i_fmt_slice/gen_num_lanes_0__active_lane_lane_instance_i_fma/mid_pipe_sum_q_reg_1__40_/D (DFFRPQ_X0P5M_A9TR)                            0.07      0.00 *     8.56 r                   0.90
  data arrival time                                                                                                                                                                                                                                                                                8.56                     

  clock CLK (rise edge)                                                                                                                                                                                                                                                                10.00      10.00                     
  clock network delay (ideal)                                                                                                                                                                                                                                                           0.00      10.00                     
  gemm_unit/u_accumulator_vec/g_lane_30__u_add/fpnew_add/gen_operation_groups_0__i_opgroup_block/gen_parallel_slices_0__active_format_i_fmt_slice/gen_num_lanes_0__active_lane_lane_instance_i_fma/mid_pipe_sum_q_reg_1__40_/CK (DFFRPQ_X0P5M_A9TR)                                     0.00      10.00 r                   
  library setup time                                                                                                                                                                                                                                                                   -0.06       9.94                     
  data required time                                                                                                                                                                                                                                                                               9.94                     
  ---------------------------------------------------------------------------------------------------------------------------------------------------------------------------------------------------------------------------------------------------------------------------------------------------------------------------------------
  data required time                                                                                                                                                                                                                                                                               9.94                     
  data arrival time                                                                                                                                                                                                                                                                               -8.56                     
  ---------------------------------------------------------------------------------------------------------------------------------------------------------------------------------------------------------------------------------------------------------------------------------------------------------------------------------------
  slack (MET)                                                                                                                                                                                                                                                                                      1.38                     


  Startpoint: gemm_unit/u_accumulator_vec/g_lane_30__u_add/input_buffer/g_eb1_pipe_buffer/g_register_g_pipe_regs_0__pipe_register/g_shift_register/g_shift_pipe_reg_0__0_
              (rising edge-triggered flip-flop clocked by CLK)
  Endpoint: gemm_unit/u_accumulator_vec/g_lane_30__u_add/fpnew_add/gen_operation_groups_0__i_opgroup_block/gen_parallel_slices_0__active_format_i_fmt_slice/gen_num_lanes_0__active_lane_lane_instance_i_fma/mid_pipe_sum_q_reg_1__32_
            (rising edge-triggered flip-flop clocked by CLK)
  Scenario: mode_norm.OC_rvt_ss_0p900v_125c
  Path Group: CLK
  Path Type: max

Attributes:
    d - dont_touch
    u - dont_use
   mo - map_only
   so - size_only
    i - ideal_net or ideal_network
  inf - infeasible path

  Point                                                                                                                                                                                                                                                           Fanout     Trans      Incr       Path      Attributes     Voltage
  ---------------------------------------------------------------------------------------------------------------------------------------------------------------------------------------------------------------------------------------------------------------------------------------------------------------------------------------
  clock CLK (rise edge)                                                                                                                                                                                                                                                                 0.00       0.00                     
  clock network delay (ideal)                                                                                                                                                                                                                                                           0.00       0.00                     
  gemm_unit/u_accumulator_vec/g_lane_30__u_add/input_buffer/g_eb1_pipe_buffer/g_register_g_pipe_regs_0__pipe_register/g_shift_register/g_shift_pipe_reg_0__0_/CK (DFFQ_X0P5M_A9TR)                                                                                            0.00      0.00       0.00 r    i              0.90
  gemm_unit/u_accumulator_vec/g_lane_30__u_add/input_buffer/g_eb1_pipe_buffer/g_register_g_pipe_regs_0__pipe_register/g_shift_register/g_shift_pipe_reg_0__0_/Q (DFFQ_X0P5M_A9TR)                                                                                             0.06      0.14       0.14 f                   0.90
  gemm_unit/u_accumulator_vec/g_lane_30__u_add/input_buffer/g_eb1_pipe_buffer/g_register_g_pipe_regs_0__pipe_register/g_shift_register/data_out[0] (net)                                                                                                            4                   0.00       0.14 f                   
  gemm_unit/u_accumulator_vec/g_lane_30__u_add/input_buffer/g_eb1_pipe_buffer/g_register_g_pipe_regs_0__pipe_register/g_shift_register/data_out[0] (VX_shift_register_65_1_1_0_1)                                                                                                       0.00       0.14 f                   
  gemm_unit/u_accumulator_vec/g_lane_30__u_add/input_buffer/g_eb1_pipe_buffer/g_register_g_pipe_regs_0__pipe_register/data_out[0] (net)                                                                                                                                                 0.00       0.14 f                   
  gemm_unit/u_accumulator_vec/g_lane_30__u_add/input_buffer/g_eb1_pipe_buffer/g_register_g_pipe_regs_0__pipe_register/data_out[0] (VX_pipe_register_16_1)                                                                                                                               0.00       0.14 f                   
  gemm_unit/u_accumulator_vec/g_lane_30__u_add/input_buffer/g_eb1_pipe_buffer/data_out[0] (net)                                                                                                                                                                                         0.00       0.14 f                   
  gemm_unit/u_accumulator_vec/g_lane_30__u_add/input_buffer/g_eb1_pipe_buffer/data_out[0] (VX_pipe_buffer_48_1)                                                                                                                                                                         0.00       0.14 f                   
  gemm_unit/u_accumulator_vec/g_lane_30__u_add/input_buffer/data_out[0] (net)                                                                                                                                                                                                           0.00       0.14 f                   
  gemm_unit/u_accumulator_vec/g_lane_30__u_add/input_buffer/data_out[0] (VX_elastic_buffer_9_1)                                                                                                                                                                                         0.00       0.14 f                   
  gemm_unit/u_accumulator_vec/g_lane_30__u_add/fpnew_inputs_data[0] (net)                                                                                                                                                                                                               0.00       0.14 f                   
  gemm_unit/u_accumulator_vec/g_lane_30__u_add/fpnew_add/operands_i[32] (fpnew_top_00000010302__logic_Z_1yB__566949_1)                                                                                                                                                                  0.00       0.14 f                   
  gemm_unit/u_accumulator_vec/g_lane_30__u_add/fpnew_add/operands_i[32] (net)                                                                                                                                                                                                           0.00       0.14 f                   
  gemm_unit/u_accumulator_vec/g_lane_30__u_add/fpnew_add/gen_operation_groups_0__i_opgroup_block/operands_i[32] (fpnew_opgroup_block_0_00000020_0_2_10_2_155_3__logic_Z_1yB__00000000_388949_1)                                                                                         0.00       0.14 f                   
  gemm_unit/u_accumulator_vec/g_lane_30__u_add/fpnew_add/gen_operation_groups_0__i_opgroup_block/operands_i[32] (net)                                                                                                                                                                   0.00       0.14 f                   
  gemm_unit/u_accumulator_vec/g_lane_30__u_add/fpnew_add/gen_operation_groups_0__i_opgroup_block/gen_parallel_slices_0__active_format_i_fmt_slice/operands_i[32] (fpnew_opgroup_fmt_slice_0_0_00000020_0_00000001_3__logic_Z_1yB__00000000_1)                                           0.00       0.14 f                   
  gemm_unit/u_accumulator_vec/g_lane_30__u_add/fpnew_add/gen_operation_groups_0__i_opgroup_block/gen_parallel_slices_0__active_format_i_fmt_slice/operands_i[32] (net)                                                                                                                  0.00       0.14 f                   
  gemm_unit/u_accumulator_vec/g_lane_30__u_add/fpnew_add/gen_operation_groups_0__i_opgroup_block/gen_parallel_slices_0__active_format_i_fmt_slice/gen_num_lanes_0__active_lane_lane_instance_i_fma/operands_i[32] (fpnew_fma_0_00000001_3__logic_Z_1yB___logic_Z_1yB__1)                0.00       0.14 f                   
  gemm_unit/u_accumulator_vec/g_lane_30__u_add/fpnew_add/gen_operation_groups_0__i_opgroup_block/gen_parallel_slices_0__active_format_i_fmt_slice/gen_num_lanes_0__active_lane_lane_instance_i_fma/operands_i[32] (net)                                                                 0.00       0.14 f                   
  gemm_unit/u_accumulator_vec/g_lane_30__u_add/fpnew_add/gen_operation_groups_0__i_opgroup_block/gen_parallel_slices_0__active_format_i_fmt_slice/gen_num_lanes_0__active_lane_lane_instance_i_fma/i_class_inputs/operands_i[32] (fpnew_classifier_0_3_1)                               0.00       0.14 f                   
  gemm_unit/u_accumulator_vec/g_lane_30__u_add/fpnew_add/gen_operation_groups_0__i_opgroup_block/gen_parallel_slices_0__active_format_i_fmt_slice/gen_num_lanes_0__active_lane_lane_instance_i_fma/i_class_inputs/operands_i[32] (net)                                                  0.00       0.14 f                   
  gemm_unit/u_accumulator_vec/g_lane_30__u_add/fpnew_add/gen_operation_groups_0__i_opgroup_block/gen_parallel_slices_0__active_format_i_fmt_slice/gen_num_lanes_0__active_lane_lane_instance_i_fma/i_class_inputs/U21/Y (NOR3_X0P7M_A9TR)                                     0.10      0.09 *     0.23 r                   0.90
  gemm_unit/u_accumulator_vec/g_lane_30__u_add/fpnew_add/gen_operation_groups_0__i_opgroup_block/gen_parallel_slices_0__active_format_i_fmt_slice/gen_num_lanes_0__active_lane_lane_instance_i_fma/i_class_inputs/n77 (net)                                         1                   0.00       0.23 r                   
  gemm_unit/u_accumulator_vec/g_lane_30__u_add/fpnew_add/gen_operation_groups_0__i_opgroup_block/gen_parallel_slices_0__active_format_i_fmt_slice/gen_num_lanes_0__active_lane_lane_instance_i_fma/i_class_inputs/U22/Y (NOR4BB_X1M_A9TR)                                     0.06      0.09 *     0.32 r                   0.90
  gemm_unit/u_accumulator_vec/g_lane_30__u_add/fpnew_add/gen_operation_groups_0__i_opgroup_block/gen_parallel_slices_0__active_format_i_fmt_slice/gen_num_lanes_0__active_lane_lane_instance_i_fma/i_class_inputs/n79 (net)                                         1                   0.00       0.32 r                   
  gemm_unit/u_accumulator_vec/g_lane_30__u_add/fpnew_add/gen_operation_groups_0__i_opgroup_block/gen_parallel_slices_0__active_format_i_fmt_slice/gen_num_lanes_0__active_lane_lane_instance_i_fma/i_class_inputs/U23/Y (NOR4BB_X1M_A9TR)                                     0.06      0.08 *     0.40 r                   0.90
  gemm_unit/u_accumulator_vec/g_lane_30__u_add/fpnew_add/gen_operation_groups_0__i_opgroup_block/gen_parallel_slices_0__active_format_i_fmt_slice/gen_num_lanes_0__active_lane_lane_instance_i_fma/i_class_inputs/n81 (net)                                         1                   0.00       0.40 r                   
  gemm_unit/u_accumulator_vec/g_lane_30__u_add/fpnew_add/gen_operation_groups_0__i_opgroup_block/gen_parallel_slices_0__active_format_i_fmt_slice/gen_num_lanes_0__active_lane_lane_instance_i_fma/i_class_inputs/U24/Y (NOR4BB_X1M_A9TR)                                     0.19      0.15 *     0.55 r                   0.90
  gemm_unit/u_accumulator_vec/g_lane_30__u_add/fpnew_add/gen_operation_groups_0__i_opgroup_block/gen_parallel_slices_0__active_format_i_fmt_slice/gen_num_lanes_0__active_lane_lane_instance_i_fma/i_class_inputs/n91 (net)                                         3                   0.00       0.55 r                   
  gemm_unit/u_accumulator_vec/g_lane_30__u_add/fpnew_add/gen_operation_groups_0__i_opgroup_block/gen_parallel_slices_0__active_format_i_fmt_slice/gen_num_lanes_0__active_lane_lane_instance_i_fma/i_class_inputs/U34/Y (NOR2_X0P5B_A9TR)                                     0.08      0.10 *     0.65 f                   0.90
  gemm_unit/u_accumulator_vec/g_lane_30__u_add/fpnew_add/gen_operation_groups_0__i_opgroup_block/gen_parallel_slices_0__active_format_i_fmt_slice/gen_num_lanes_0__active_lane_lane_instance_i_fma/i_class_inputs/info_o[14] (net)                                  4                   0.00       0.65 f                   
  gemm_unit/u_accumulator_vec/g_lane_30__u_add/fpnew_add/gen_operation_groups_0__i_opgroup_block/gen_parallel_slices_0__active_format_i_fmt_slice/gen_num_lanes_0__active_lane_lane_instance_i_fma/i_class_inputs/info_o[14] (fpnew_classifier_0_3_1)                                   0.00       0.65 f                   
  gemm_unit/u_accumulator_vec/g_lane_30__u_add/fpnew_add/gen_operation_groups_0__i_opgroup_block/gen_parallel_slices_0__active_format_i_fmt_slice/gen_num_lanes_0__active_lane_lane_instance_i_fma/info_q[3] (net)                                                                      0.00       0.65 f                   
  gemm_unit/u_accumulator_vec/g_lane_30__u_add/fpnew_add/gen_operation_groups_0__i_opgroup_block/gen_parallel_slices_0__active_format_i_fmt_slice/gen_num_lanes_0__active_lane_lane_instance_i_fma/U1563/Y (AND2_X0P7M_A9TR)                                                  0.02      0.07 *     0.72 f                   0.90
  gemm_unit/u_accumulator_vec/g_lane_30__u_add/fpnew_add/gen_operation_groups_0__i_opgroup_block/gen_parallel_slices_0__active_format_i_fmt_slice/gen_num_lanes_0__active_lane_lane_instance_i_fma/n2115 (net)                                                      1                   0.00       0.72 f                   
  gemm_unit/u_accumulator_vec/g_lane_30__u_add/fpnew_add/gen_operation_groups_0__i_opgroup_block/gen_parallel_slices_0__active_format_i_fmt_slice/gen_num_lanes_0__active_lane_lane_instance_i_fma/U1564/Y (OA21A1OI2_X0P7M_A9TR)                                             0.13      0.10 *     0.82 r                   0.90
  gemm_unit/u_accumulator_vec/g_lane_30__u_add/fpnew_add/gen_operation_groups_0__i_opgroup_block/gen_parallel_slices_0__active_format_i_fmt_slice/gen_num_lanes_0__active_lane_lane_instance_i_fma/n2612 (net)                                                      2                   0.00       0.82 r                   
  gemm_unit/u_accumulator_vec/g_lane_30__u_add/fpnew_add/gen_operation_groups_0__i_opgroup_block/gen_parallel_slices_0__active_format_i_fmt_slice/gen_num_lanes_0__active_lane_lane_instance_i_fma/U1887/Y (INV_X0P7M_A9TR)                                                   0.06      0.06 *     0.88 f                   0.90
  gemm_unit/u_accumulator_vec/g_lane_30__u_add/fpnew_add/gen_operation_groups_0__i_opgroup_block/gen_parallel_slices_0__active_format_i_fmt_slice/gen_num_lanes_0__active_lane_lane_instance_i_fma/exponent_product[1] (net)                                        2                   0.00       0.88 f                   
  gemm_unit/u_accumulator_vec/g_lane_30__u_add/fpnew_add/gen_operation_groups_0__i_opgroup_block/gen_parallel_slices_0__active_format_i_fmt_slice/gen_num_lanes_0__active_lane_lane_instance_i_fma/intadd_2865_U8/CO (ADDF_X1M_A9TR)                                          0.03      0.10 *     0.99 f    mo             0.90
  gemm_unit/u_accumulator_vec/g_lane_30__u_add/fpnew_add/gen_operation_groups_0__i_opgroup_block/gen_parallel_slices_0__active_format_i_fmt_slice/gen_num_lanes_0__active_lane_lane_instance_i_fma/intadd_2865_n7 (net)                                             1                   0.00       0.99 f                   
  gemm_unit/u_accumulator_vec/g_lane_30__u_add/fpnew_add/gen_operation_groups_0__i_opgroup_block/gen_parallel_slices_0__active_format_i_fmt_slice/gen_num_lanes_0__active_lane_lane_instance_i_fma/intadd_2865_U7/CO (ADDF_X1M_A9TR)                                          0.03      0.08 *     1.07 f    mo             0.90
  gemm_unit/u_accumulator_vec/g_lane_30__u_add/fpnew_add/gen_operation_groups_0__i_opgroup_block/gen_parallel_slices_0__active_format_i_fmt_slice/gen_num_lanes_0__active_lane_lane_instance_i_fma/intadd_2865_n6 (net)                                             1                   0.00       1.07 f                   
  gemm_unit/u_accumulator_vec/g_lane_30__u_add/fpnew_add/gen_operation_groups_0__i_opgroup_block/gen_parallel_slices_0__active_format_i_fmt_slice/gen_num_lanes_0__active_lane_lane_instance_i_fma/intadd_2865_U6/CO (ADDF_X1M_A9TR)                                          0.03      0.08 *     1.15 f    mo             0.90
  gemm_unit/u_accumulator_vec/g_lane_30__u_add/fpnew_add/gen_operation_groups_0__i_opgroup_block/gen_parallel_slices_0__active_format_i_fmt_slice/gen_num_lanes_0__active_lane_lane_instance_i_fma/intadd_2865_n5 (net)                                             1                   0.00       1.15 f                   
  gemm_unit/u_accumulator_vec/g_lane_30__u_add/fpnew_add/gen_operation_groups_0__i_opgroup_block/gen_parallel_slices_0__active_format_i_fmt_slice/gen_num_lanes_0__active_lane_lane_instance_i_fma/intadd_2865_U5/CO (ADDF_X1M_A9TR)                                          0.03      0.08 *     1.24 f    mo             0.90
  gemm_unit/u_accumulator_vec/g_lane_30__u_add/fpnew_add/gen_operation_groups_0__i_opgroup_block/gen_parallel_slices_0__active_format_i_fmt_slice/gen_num_lanes_0__active_lane_lane_instance_i_fma/intadd_2865_n4 (net)                                             1                   0.00       1.24 f                   
  gemm_unit/u_accumulator_vec/g_lane_30__u_add/fpnew_add/gen_operation_groups_0__i_opgroup_block/gen_parallel_slices_0__active_format_i_fmt_slice/gen_num_lanes_0__active_lane_lane_instance_i_fma/intadd_2865_U4/CO (ADDF_X1M_A9TR)                                          0.03      0.08 *     1.32 f    mo             0.90
  gemm_unit/u_accumulator_vec/g_lane_30__u_add/fpnew_add/gen_operation_groups_0__i_opgroup_block/gen_parallel_slices_0__active_format_i_fmt_slice/gen_num_lanes_0__active_lane_lane_instance_i_fma/intadd_2865_n3 (net)                                             1                   0.00       1.32 f                   
  gemm_unit/u_accumulator_vec/g_lane_30__u_add/fpnew_add/gen_operation_groups_0__i_opgroup_block/gen_parallel_slices_0__active_format_i_fmt_slice/gen_num_lanes_0__active_lane_lane_instance_i_fma/intadd_2865_U3/CO (ADDF_X1M_A9TR)                                          0.03      0.08 *     1.40 f    mo             0.90
  gemm_unit/u_accumulator_vec/g_lane_30__u_add/fpnew_add/gen_operation_groups_0__i_opgroup_block/gen_parallel_slices_0__active_format_i_fmt_slice/gen_num_lanes_0__active_lane_lane_instance_i_fma/intadd_2865_n2 (net)                                             1                   0.00       1.40 f                   
  gemm_unit/u_accumulator_vec/g_lane_30__u_add/fpnew_add/gen_operation_groups_0__i_opgroup_block/gen_parallel_slices_0__active_format_i_fmt_slice/gen_num_lanes_0__active_lane_lane_instance_i_fma/intadd_2865_U2/CO (ADDF_X1M_A9TR)                                          0.03      0.08 *     1.48 f    mo             0.90
  gemm_unit/u_accumulator_vec/g_lane_30__u_add/fpnew_add/gen_operation_groups_0__i_opgroup_block/gen_parallel_slices_0__active_format_i_fmt_slice/gen_num_lanes_0__active_lane_lane_instance_i_fma/intadd_2865_n1 (net)                                             2                   0.00       1.48 f                   
  gemm_unit/u_accumulator_vec/g_lane_30__u_add/fpnew_add/gen_operation_groups_0__i_opgroup_block/gen_parallel_slices_0__active_format_i_fmt_slice/gen_num_lanes_0__active_lane_lane_instance_i_fma/U19/Y (NOR2_X0P5B_A9TR)                                                    0.05      0.04 *     1.52 r                   0.90
  gemm_unit/u_accumulator_vec/g_lane_30__u_add/fpnew_add/gen_operation_groups_0__i_opgroup_block/gen_parallel_slices_0__active_format_i_fmt_slice/gen_num_lanes_0__active_lane_lane_instance_i_fma/n945 (net)                                                       2                   0.00       1.52 r                   
  gemm_unit/u_accumulator_vec/g_lane_30__u_add/fpnew_add/gen_operation_groups_0__i_opgroup_block/gen_parallel_slices_0__active_format_i_fmt_slice/gen_num_lanes_0__active_lane_lane_instance_i_fma/U34/Y (NAND3BB_X1M_A9TR)                                                   0.16      0.13 *     1.65 r                   0.90
  gemm_unit/u_accumulator_vec/g_lane_30__u_add/fpnew_add/gen_operation_groups_0__i_opgroup_block/gen_parallel_slices_0__active_format_i_fmt_slice/gen_num_lanes_0__active_lane_lane_instance_i_fma/n2117 (net)                                                     14                   0.00       1.65 r                   
  gemm_unit/u_accumulator_vec/g_lane_30__u_add/fpnew_add/gen_operation_groups_0__i_opgroup_block/gen_parallel_slices_0__active_format_i_fmt_slice/gen_num_lanes_0__active_lane_lane_instance_i_fma/U133/Y (INV_X0P7M_A9TR)                                                    0.08      0.09 *     1.74 f                   0.90
  gemm_unit/u_accumulator_vec/g_lane_30__u_add/fpnew_add/gen_operation_groups_0__i_opgroup_block/gen_parallel_slices_0__active_format_i_fmt_slice/gen_num_lanes_0__active_lane_lane_instance_i_fma/n2631 (net)                                                      7                   0.00       1.74 f                   
  gemm_unit/u_accumulator_vec/g_lane_30__u_add/fpnew_add/gen_operation_groups_0__i_opgroup_block/gen_parallel_slices_0__active_format_i_fmt_slice/gen_num_lanes_0__active_lane_lane_instance_i_fma/U44/Y (NAND2_X0P5M_A9TR)                                                   0.07      0.07 *     1.81 r                   0.90
  gemm_unit/u_accumulator_vec/g_lane_30__u_add/fpnew_add/gen_operation_groups_0__i_opgroup_block/gen_parallel_slices_0__active_format_i_fmt_slice/gen_num_lanes_0__active_lane_lane_instance_i_fma/n1182 (net)                                                      3                   0.00       1.81 r                   
  gemm_unit/u_accumulator_vec/g_lane_30__u_add/fpnew_add/gen_operation_groups_0__i_opgroup_block/gen_parallel_slices_0__active_format_i_fmt_slice/gen_num_lanes_0__active_lane_lane_instance_i_fma/U49/Y (NAND2_X0P5M_A9TR)                                                   0.07      0.07 *     1.88 f                   0.90
  gemm_unit/u_accumulator_vec/g_lane_30__u_add/fpnew_add/gen_operation_groups_0__i_opgroup_block/gen_parallel_slices_0__active_format_i_fmt_slice/gen_num_lanes_0__active_lane_lane_instance_i_fma/n1491 (net)                                                      4                   0.00       1.88 f                   
  gemm_unit/u_accumulator_vec/g_lane_30__u_add/fpnew_add/gen_operation_groups_0__i_opgroup_block/gen_parallel_slices_0__active_format_i_fmt_slice/gen_num_lanes_0__active_lane_lane_instance_i_fma/U819/Y (NOR2_X1M_A9TR)                                                     0.16      0.12 *     1.99 r                   0.90
  gemm_unit/u_accumulator_vec/g_lane_30__u_add/fpnew_add/gen_operation_groups_0__i_opgroup_block/gen_parallel_slices_0__active_format_i_fmt_slice/gen_num_lanes_0__active_lane_lane_instance_i_fma/addend_shamt[0] (net)                                            9                   0.00       1.99 r                   
  gemm_unit/u_accumulator_vec/g_lane_30__u_add/fpnew_add/gen_operation_groups_0__i_opgroup_block/gen_parallel_slices_0__active_format_i_fmt_slice/gen_num_lanes_0__active_lane_lane_instance_i_fma/U166/Y (INV_X0P7M_A9TR)                                                    0.08      0.09 *     2.08 f                   0.90
  gemm_unit/u_accumulator_vec/g_lane_30__u_add/fpnew_add/gen_operation_groups_0__i_opgroup_block/gen_parallel_slices_0__active_format_i_fmt_slice/gen_num_lanes_0__active_lane_lane_instance_i_fma/n2643 (net)                                                      8                   0.00       2.08 f                   
  gemm_unit/u_accumulator_vec/g_lane_30__u_add/fpnew_add/gen_operation_groups_0__i_opgroup_block/gen_parallel_slices_0__active_format_i_fmt_slice/gen_num_lanes_0__active_lane_lane_instance_i_fma/U833/Y (NOR2_X1M_A9TR)                                                     0.29      0.20 *     2.28 r                   0.90
  gemm_unit/u_accumulator_vec/g_lane_30__u_add/fpnew_add/gen_operation_groups_0__i_opgroup_block/gen_parallel_slices_0__active_format_i_fmt_slice/gen_num_lanes_0__active_lane_lane_instance_i_fma/n1554 (net)                                                     20                   0.00       2.28 r                   
  gemm_unit/u_accumulator_vec/g_lane_30__u_add/fpnew_add/gen_operation_groups_0__i_opgroup_block/gen_parallel_slices_0__active_format_i_fmt_slice/gen_num_lanes_0__active_lane_lane_instance_i_fma/U892/Y (AOI222_X0P7M_A9TR)                                                 0.15      0.15 *     2.43 f                   0.90
  gemm_unit/u_accumulator_vec/g_lane_30__u_add/fpnew_add/gen_operation_groups_0__i_opgroup_block/gen_parallel_slices_0__active_format_i_fmt_slice/gen_num_lanes_0__active_lane_lane_instance_i_fma/n1532 (net)                                                      2                   0.00       2.43 f                   
  gemm_unit/u_accumulator_vec/g_lane_30__u_add/fpnew_add/gen_operation_groups_0__i_opgroup_block/gen_parallel_slices_0__active_format_i_fmt_slice/gen_num_lanes_0__active_lane_lane_instance_i_fma/U895/Y (AOI22_X0P5M_A9TR)                                                  0.20      0.18 *     2.61 r                   0.90
  gemm_unit/u_accumulator_vec/g_lane_30__u_add/fpnew_add/gen_operation_groups_0__i_opgroup_block/gen_parallel_slices_0__active_format_i_fmt_slice/gen_num_lanes_0__active_lane_lane_instance_i_fma/n1699 (net)                                                      5                   0.00       2.61 r                   
  gemm_unit/u_accumulator_vec/g_lane_30__u_add/fpnew_add/gen_operation_groups_0__i_opgroup_block/gen_parallel_slices_0__active_format_i_fmt_slice/gen_num_lanes_0__active_lane_lane_instance_i_fma/U896/Y (OAI22_X0P7M_A9TR)                                                  0.12      0.12 *     2.73 f                   0.90
  gemm_unit/u_accumulator_vec/g_lane_30__u_add/fpnew_add/gen_operation_groups_0__i_opgroup_block/gen_parallel_slices_0__active_format_i_fmt_slice/gen_num_lanes_0__active_lane_lane_instance_i_fma/n1660 (net)                                                      4                   0.00       2.73 f                   
  gemm_unit/u_accumulator_vec/g_lane_30__u_add/fpnew_add/gen_operation_groups_0__i_opgroup_block/gen_parallel_slices_0__active_format_i_fmt_slice/gen_num_lanes_0__active_lane_lane_instance_i_fma/U911/Y (AOI22_X0P5M_A9TR)                                                  0.12      0.11 *     2.83 r                   0.90
  gemm_unit/u_accumulator_vec/g_lane_30__u_add/fpnew_add/gen_operation_groups_0__i_opgroup_block/gen_parallel_slices_0__active_format_i_fmt_slice/gen_num_lanes_0__active_lane_lane_instance_i_fma/n1711 (net)                                                      2                   0.00       2.83 r                   
  gemm_unit/u_accumulator_vec/g_lane_30__u_add/fpnew_add/gen_operation_groups_0__i_opgroup_block/gen_parallel_slices_0__active_format_i_fmt_slice/gen_num_lanes_0__active_lane_lane_instance_i_fma/U912/Y (NAND2_X0P5M_A9TR)                                                  0.07      0.06 *     2.89 f                   0.90
  gemm_unit/u_accumulator_vec/g_lane_30__u_add/fpnew_add/gen_operation_groups_0__i_opgroup_block/gen_parallel_slices_0__active_format_i_fmt_slice/gen_num_lanes_0__active_lane_lane_instance_i_fma/n1655 (net)                                                      2                   0.00       2.89 f                   
  gemm_unit/u_accumulator_vec/g_lane_30__u_add/fpnew_add/gen_operation_groups_0__i_opgroup_block/gen_parallel_slices_0__active_format_i_fmt_slice/gen_num_lanes_0__active_lane_lane_instance_i_fma/U922/Y (AND4_X0P7M_A9TR)                                                   0.03      0.08 *     2.97 f                   0.90
  gemm_unit/u_accumulator_vec/g_lane_30__u_add/fpnew_add/gen_operation_groups_0__i_opgroup_block/gen_parallel_slices_0__active_format_i_fmt_slice/gen_num_lanes_0__active_lane_lane_instance_i_fma/n1579 (net)                                                      1                   0.00       2.97 f                   
  gemm_unit/u_accumulator_vec/g_lane_30__u_add/fpnew_add/gen_operation_groups_0__i_opgroup_block/gen_parallel_slices_0__active_format_i_fmt_slice/gen_num_lanes_0__active_lane_lane_instance_i_fma/U988/Y (NOR4BB_X0P7M_A9TR)                                                 0.06      0.06 *     3.04 f                   0.90
  gemm_unit/u_accumulator_vec/g_lane_30__u_add/fpnew_add/gen_operation_groups_0__i_opgroup_block/gen_parallel_slices_0__active_format_i_fmt_slice/gen_num_lanes_0__active_lane_lane_instance_i_fma/n1613 (net)                                                      1                   0.00       3.04 f                   
  gemm_unit/u_accumulator_vec/g_lane_30__u_add/fpnew_add/gen_operation_groups_0__i_opgroup_block/gen_parallel_slices_0__active_format_i_fmt_slice/gen_num_lanes_0__active_lane_lane_instance_i_fma/U1016/Y (NOR4BB_X0P7M_A9TR)                                                0.05      0.07 *     3.11 f                   0.90
  gemm_unit/u_accumulator_vec/g_lane_30__u_add/fpnew_add/gen_operation_groups_0__i_opgroup_block/gen_parallel_slices_0__active_format_i_fmt_slice/gen_num_lanes_0__active_lane_lane_instance_i_fma/n1625 (net)                                                      1                   0.00       3.11 f                   
  gemm_unit/u_accumulator_vec/g_lane_30__u_add/fpnew_add/gen_operation_groups_0__i_opgroup_block/gen_parallel_slices_0__active_format_i_fmt_slice/gen_num_lanes_0__active_lane_lane_instance_i_fma/U1027/Y (OAI22_X0P5M_A9TR)                                                 0.15      0.11 *     3.22 r                   0.90
  gemm_unit/u_accumulator_vec/g_lane_30__u_add/fpnew_add/gen_operation_groups_0__i_opgroup_block/gen_parallel_slices_0__active_format_i_fmt_slice/gen_num_lanes_0__active_lane_lane_instance_i_fma/mid_pipe_sticky_q[0] (net)                                       3                   0.00       3.22 r                   
  gemm_unit/u_accumulator_vec/g_lane_30__u_add/fpnew_add/gen_operation_groups_0__i_opgroup_block/gen_parallel_slices_0__active_format_i_fmt_slice/gen_num_lanes_0__active_lane_lane_instance_i_fma/U1221/Y (NOR3_X1M_A9TR)                                                    0.10      0.10 *     3.31 f                   0.90
  gemm_unit/u_accumulator_vec/g_lane_30__u_add/fpnew_add/gen_operation_groups_0__i_opgroup_block/gen_parallel_slices_0__active_format_i_fmt_slice/gen_num_lanes_0__active_lane_lane_instance_i_fma/n2566 (net)                                                      3                   0.00       3.31 f                   
  gemm_unit/u_accumulator_vec/g_lane_30__u_add/fpnew_add/gen_operation_groups_0__i_opgroup_block/gen_parallel_slices_0__active_format_i_fmt_slice/gen_num_lanes_0__active_lane_lane_instance_i_fma/U1226/Y (NAND3_X0P7M_A9TR)                                                 0.11      0.10 *     3.41 r                   0.90
  gemm_unit/u_accumulator_vec/g_lane_30__u_add/fpnew_add/gen_operation_groups_0__i_opgroup_block/gen_parallel_slices_0__active_format_i_fmt_slice/gen_num_lanes_0__active_lane_lane_instance_i_fma/n2563 (net)                                                      5                   0.00       3.41 r                   
  gemm_unit/u_accumulator_vec/g_lane_30__u_add/fpnew_add/gen_operation_groups_0__i_opgroup_block/gen_parallel_slices_0__active_format_i_fmt_slice/gen_num_lanes_0__active_lane_lane_instance_i_fma/U1227/Y (NOR3_X1M_A9TR)                                                    0.07      0.08 *     3.50 f                   0.90
  gemm_unit/u_accumulator_vec/g_lane_30__u_add/fpnew_add/gen_operation_groups_0__i_opgroup_block/gen_parallel_slices_0__active_format_i_fmt_slice/gen_num_lanes_0__active_lane_lane_instance_i_fma/n2560 (net)                                                      3                   0.00       3.50 f                   
  gemm_unit/u_accumulator_vec/g_lane_30__u_add/fpnew_add/gen_operation_groups_0__i_opgroup_block/gen_parallel_slices_0__active_format_i_fmt_slice/gen_num_lanes_0__active_lane_lane_instance_i_fma/U1232/Y (NAND3_X0P7M_A9TR)                                                 0.12      0.09 *     3.58 r                   0.90
  gemm_unit/u_accumulator_vec/g_lane_30__u_add/fpnew_add/gen_operation_groups_0__i_opgroup_block/gen_parallel_slices_0__active_format_i_fmt_slice/gen_num_lanes_0__active_lane_lane_instance_i_fma/n2557 (net)                                                      5                   0.00       3.58 r                   
  gemm_unit/u_accumulator_vec/g_lane_30__u_add/fpnew_add/gen_operation_groups_0__i_opgroup_block/gen_parallel_slices_0__active_format_i_fmt_slice/gen_num_lanes_0__active_lane_lane_instance_i_fma/U1233/Y (NOR3_X1M_A9TR)                                                    0.08      0.08 *     3.67 f                   0.90
  gemm_unit/u_accumulator_vec/g_lane_30__u_add/fpnew_add/gen_operation_groups_0__i_opgroup_block/gen_parallel_slices_0__active_format_i_fmt_slice/gen_num_lanes_0__active_lane_lane_instance_i_fma/n2523 (net)                                                      3                   0.00       3.67 f                   
  gemm_unit/u_accumulator_vec/g_lane_30__u_add/fpnew_add/gen_operation_groups_0__i_opgroup_block/gen_parallel_slices_0__active_format_i_fmt_slice/gen_num_lanes_0__active_lane_lane_instance_i_fma/U1238/Y (NAND3_X0P7M_A9TR)                                                 0.12      0.09 *     3.76 r                   0.90
  gemm_unit/u_accumulator_vec/g_lane_30__u_add/fpnew_add/gen_operation_groups_0__i_opgroup_block/gen_parallel_slices_0__active_format_i_fmt_slice/gen_num_lanes_0__active_lane_lane_instance_i_fma/n2536 (net)                                                      5                   0.00       3.76 r                   
  gemm_unit/u_accumulator_vec/g_lane_30__u_add/fpnew_add/gen_operation_groups_0__i_opgroup_block/gen_parallel_slices_0__active_format_i_fmt_slice/gen_num_lanes_0__active_lane_lane_instance_i_fma/U1241/Y (NOR3_X1M_A9TR)                                                    0.07      0.08 *     3.85 f                   0.90
  gemm_unit/u_accumulator_vec/g_lane_30__u_add/fpnew_add/gen_operation_groups_0__i_opgroup_block/gen_parallel_slices_0__active_format_i_fmt_slice/gen_num_lanes_0__active_lane_lane_instance_i_fma/n2595 (net)                                                      4                   0.00       3.85 f                   
  gemm_unit/u_accumulator_vec/g_lane_30__u_add/fpnew_add/gen_operation_groups_0__i_opgroup_block/gen_parallel_slices_0__active_format_i_fmt_slice/gen_num_lanes_0__active_lane_lane_instance_i_fma/U1247/Y (NAND3_X0P7A_A9TR)                                                 0.10      0.08 *     3.93 r                   0.90
  gemm_unit/u_accumulator_vec/g_lane_30__u_add/fpnew_add/gen_operation_groups_0__i_opgroup_block/gen_parallel_slices_0__active_format_i_fmt_slice/gen_num_lanes_0__active_lane_lane_instance_i_fma/n2605 (net)                                                      5                   0.00       3.93 r                   
  gemm_unit/u_accumulator_vec/g_lane_30__u_add/fpnew_add/gen_operation_groups_0__i_opgroup_block/gen_parallel_slices_0__active_format_i_fmt_slice/gen_num_lanes_0__active_lane_lane_instance_i_fma/U1252/Y (NOR3_X1M_A9TR)                                                    0.07      0.07 *     4.00 f                   0.90
  gemm_unit/u_accumulator_vec/g_lane_30__u_add/fpnew_add/gen_operation_groups_0__i_opgroup_block/gen_parallel_slices_0__active_format_i_fmt_slice/gen_num_lanes_0__active_lane_lane_instance_i_fma/n2602 (net)                                                      4                   0.00       4.00 f                   
  gemm_unit/u_accumulator_vec/g_lane_30__u_add/fpnew_add/gen_operation_groups_0__i_opgroup_block/gen_parallel_slices_0__active_format_i_fmt_slice/gen_num_lanes_0__active_lane_lane_instance_i_fma/U1257/Y (NAND3_X0P7M_A9TR)                                                 0.14      0.10 *     4.10 r                   0.90
  gemm_unit/u_accumulator_vec/g_lane_30__u_add/fpnew_add/gen_operation_groups_0__i_opgroup_block/gen_parallel_slices_0__active_format_i_fmt_slice/gen_num_lanes_0__active_lane_lane_instance_i_fma/n2541 (net)                                                      5                   0.00       4.10 r                   
  gemm_unit/u_accumulator_vec/g_lane_30__u_add/fpnew_add/gen_operation_groups_0__i_opgroup_block/gen_parallel_slices_0__active_format_i_fmt_slice/gen_num_lanes_0__active_lane_lane_instance_i_fma/U1262/Y (NOR3_X1M_A9TR)                                                    0.07      0.09 *     4.19 f                   0.90
  gemm_unit/u_accumulator_vec/g_lane_30__u_add/fpnew_add/gen_operation_groups_0__i_opgroup_block/gen_parallel_slices_0__active_format_i_fmt_slice/gen_num_lanes_0__active_lane_lane_instance_i_fma/n2553 (net)                                                      3                   0.00       4.19 f                   
  gemm_unit/u_accumulator_vec/g_lane_30__u_add/fpnew_add/gen_operation_groups_0__i_opgroup_block/gen_parallel_slices_0__active_format_i_fmt_slice/gen_num_lanes_0__active_lane_lane_instance_i_fma/U1267/Y (NAND3_X0P7M_A9TR)                                                 0.11      0.08 *     4.27 r                   0.90
  gemm_unit/u_accumulator_vec/g_lane_30__u_add/fpnew_add/gen_operation_groups_0__i_opgroup_block/gen_parallel_slices_0__active_format_i_fmt_slice/gen_num_lanes_0__active_lane_lane_instance_i_fma/n2550 (net)                                                      4                   0.00       4.27 r                   
  gemm_unit/u_accumulator_vec/g_lane_30__u_add/fpnew_add/gen_operation_groups_0__i_opgroup_block/gen_parallel_slices_0__active_format_i_fmt_slice/gen_num_lanes_0__active_lane_lane_instance_i_fma/U1268/Y (NOR3_X1M_A9TR)                                                    0.08      0.09 *     4.36 f                   0.90
  gemm_unit/u_accumulator_vec/g_lane_30__u_add/fpnew_add/gen_operation_groups_0__i_opgroup_block/gen_parallel_slices_0__active_format_i_fmt_slice/gen_num_lanes_0__active_lane_lane_instance_i_fma/n2586 (net)                                                      2                   0.00       4.36 f                   
  gemm_unit/u_accumulator_vec/g_lane_30__u_add/fpnew_add/gen_operation_groups_0__i_opgroup_block/gen_parallel_slices_0__active_format_i_fmt_slice/gen_num_lanes_0__active_lane_lane_instance_i_fma/U1875/CO (ADDF_X1M_A9TR)                                                   0.04      0.11 *     4.47 f                   0.90
  gemm_unit/u_accumulator_vec/g_lane_30__u_add/fpnew_add/gen_operation_groups_0__i_opgroup_block/gen_parallel_slices_0__active_format_i_fmt_slice/gen_num_lanes_0__active_lane_lane_instance_i_fma/n1971 (net)                                                      3                   0.00       4.47 f                   
  gemm_unit/u_accumulator_vec/g_lane_30__u_add/fpnew_add/gen_operation_groups_0__i_opgroup_block/gen_parallel_slices_0__active_format_i_fmt_slice/gen_num_lanes_0__active_lane_lane_instance_i_fma/U1271/CON (CGENI_X1M_A9TR)                                                 0.10      0.07 *     4.54 r                   0.90
  gemm_unit/u_accumulator_vec/g_lane_30__u_add/fpnew_add/gen_operation_groups_0__i_opgroup_block/gen_parallel_slices_0__active_format_i_fmt_slice/gen_num_lanes_0__active_lane_lane_instance_i_fma/n1906 (net)                                                      3                   0.00       4.54 r                   
  gemm_unit/u_accumulator_vec/g_lane_30__u_add/fpnew_add/gen_operation_groups_0__i_opgroup_block/gen_parallel_slices_0__active_format_i_fmt_slice/gen_num_lanes_0__active_lane_lane_instance_i_fma/U1272/CON (CGENI_X1M_A9TR)                                                 0.07      0.06 *     4.60 f                   0.90
  gemm_unit/u_accumulator_vec/g_lane_30__u_add/fpnew_add/gen_operation_groups_0__i_opgroup_block/gen_parallel_slices_0__active_format_i_fmt_slice/gen_num_lanes_0__active_lane_lane_instance_i_fma/n1944 (net)                                                      3                   0.00       4.60 f                   
  gemm_unit/u_accumulator_vec/g_lane_30__u_add/fpnew_add/gen_operation_groups_0__i_opgroup_block/gen_parallel_slices_0__active_format_i_fmt_slice/gen_num_lanes_0__active_lane_lane_instance_i_fma/U1273/CON (CGENI_X1M_A9TR)                                                 0.10      0.07 *     4.68 r                   0.90
  gemm_unit/u_accumulator_vec/g_lane_30__u_add/fpnew_add/gen_operation_groups_0__i_opgroup_block/gen_parallel_slices_0__active_format_i_fmt_slice/gen_num_lanes_0__active_lane_lane_instance_i_fma/n1888 (net)                                                      3                   0.00       4.68 r                   
  gemm_unit/u_accumulator_vec/g_lane_30__u_add/fpnew_add/gen_operation_groups_0__i_opgroup_block/gen_parallel_slices_0__active_format_i_fmt_slice/gen_num_lanes_0__active_lane_lane_instance_i_fma/U1274/CON (CGENI_X1M_A9TR)                                                 0.06      0.06 *     4.74 f                   0.90
  gemm_unit/u_accumulator_vec/g_lane_30__u_add/fpnew_add/gen_operation_groups_0__i_opgroup_block/gen_parallel_slices_0__active_format_i_fmt_slice/gen_num_lanes_0__active_lane_lane_instance_i_fma/n1953 (net)                                                      3                   0.00       4.74 f                   
  gemm_unit/u_accumulator_vec/g_lane_30__u_add/fpnew_add/gen_operation_groups_0__i_opgroup_block/gen_parallel_slices_0__active_format_i_fmt_slice/gen_num_lanes_0__active_lane_lane_instance_i_fma/U1275/CON (CGENI_X1M_A9TR)                                                 0.09      0.07 *     4.81 r                   0.90
  gemm_unit/u_accumulator_vec/g_lane_30__u_add/fpnew_add/gen_operation_groups_0__i_opgroup_block/gen_parallel_slices_0__active_format_i_fmt_slice/gen_num_lanes_0__active_lane_lane_instance_i_fma/n1963 (net)                                                      3                   0.00       4.81 r                   
  gemm_unit/u_accumulator_vec/g_lane_30__u_add/fpnew_add/gen_operation_groups_0__i_opgroup_block/gen_parallel_slices_0__active_format_i_fmt_slice/gen_num_lanes_0__active_lane_lane_instance_i_fma/U1276/CON (CGENI_X1M_A9TR)                                                 0.07      0.06 *     4.87 f                   0.90
  gemm_unit/u_accumulator_vec/g_lane_30__u_add/fpnew_add/gen_operation_groups_0__i_opgroup_block/gen_parallel_slices_0__active_format_i_fmt_slice/gen_num_lanes_0__active_lane_lane_instance_i_fma/n2052 (net)                                                      3                   0.00       4.87 f                   
  gemm_unit/u_accumulator_vec/g_lane_30__u_add/fpnew_add/gen_operation_groups_0__i_opgroup_block/gen_parallel_slices_0__active_format_i_fmt_slice/gen_num_lanes_0__active_lane_lane_instance_i_fma/U1277/CON (CGENI_X1M_A9TR)                                                 0.09      0.07 *     4.95 r                   0.90
  gemm_unit/u_accumulator_vec/g_lane_30__u_add/fpnew_add/gen_operation_groups_0__i_opgroup_block/gen_parallel_slices_0__active_format_i_fmt_slice/gen_num_lanes_0__active_lane_lane_instance_i_fma/n2071 (net)                                                      3                   0.00       4.95 r                   
  gemm_unit/u_accumulator_vec/g_lane_30__u_add/fpnew_add/gen_operation_groups_0__i_opgroup_block/gen_parallel_slices_0__active_format_i_fmt_slice/gen_num_lanes_0__active_lane_lane_instance_i_fma/U1278/CON (CGENI_X1M_A9TR)                                                 0.07      0.06 *     5.01 f                   0.90
  gemm_unit/u_accumulator_vec/g_lane_30__u_add/fpnew_add/gen_operation_groups_0__i_opgroup_block/gen_parallel_slices_0__active_format_i_fmt_slice/gen_num_lanes_0__active_lane_lane_instance_i_fma/n2007 (net)                                                      3                   0.00       5.01 f                   
  gemm_unit/u_accumulator_vec/g_lane_30__u_add/fpnew_add/gen_operation_groups_0__i_opgroup_block/gen_parallel_slices_0__active_format_i_fmt_slice/gen_num_lanes_0__active_lane_lane_instance_i_fma/U1279/CON (CGENI_X1M_A9TR)                                                 0.09      0.07 *     5.08 r                   0.90
  gemm_unit/u_accumulator_vec/g_lane_30__u_add/fpnew_add/gen_operation_groups_0__i_opgroup_block/gen_parallel_slices_0__active_format_i_fmt_slice/gen_num_lanes_0__active_lane_lane_instance_i_fma/n2044 (net)                                                      3                   0.00       5.08 r                   
  gemm_unit/u_accumulator_vec/g_lane_30__u_add/fpnew_add/gen_operation_groups_0__i_opgroup_block/gen_parallel_slices_0__active_format_i_fmt_slice/gen_num_lanes_0__active_lane_lane_instance_i_fma/U1280/CON (CGENI_X1M_A9TR)                                                 0.06      0.06 *     5.14 f                   0.90
  gemm_unit/u_accumulator_vec/g_lane_30__u_add/fpnew_add/gen_operation_groups_0__i_opgroup_block/gen_parallel_slices_0__active_format_i_fmt_slice/gen_num_lanes_0__active_lane_lane_instance_i_fma/n1998 (net)                                                      3                   0.00       5.14 f                   
  gemm_unit/u_accumulator_vec/g_lane_30__u_add/fpnew_add/gen_operation_groups_0__i_opgroup_block/gen_parallel_slices_0__active_format_i_fmt_slice/gen_num_lanes_0__active_lane_lane_instance_i_fma/U1281/CON (CGENI_X1M_A9TR)                                                 0.09      0.07 *     5.21 r                   0.90
  gemm_unit/u_accumulator_vec/g_lane_30__u_add/fpnew_add/gen_operation_groups_0__i_opgroup_block/gen_parallel_slices_0__active_format_i_fmt_slice/gen_num_lanes_0__active_lane_lane_instance_i_fma/n2081 (net)                                                      3                   0.00       5.21 r                   
  gemm_unit/u_accumulator_vec/g_lane_30__u_add/fpnew_add/gen_operation_groups_0__i_opgroup_block/gen_parallel_slices_0__active_format_i_fmt_slice/gen_num_lanes_0__active_lane_lane_instance_i_fma/U1282/CON (CGENI_X1M_A9TR)                                                 0.06      0.06 *     5.27 f                   0.90
  gemm_unit/u_accumulator_vec/g_lane_30__u_add/fpnew_add/gen_operation_groups_0__i_opgroup_block/gen_parallel_slices_0__active_format_i_fmt_slice/gen_num_lanes_0__active_lane_lane_instance_i_fma/n2061 (net)                                                      3                   0.00       5.27 f                   
  gemm_unit/u_accumulator_vec/g_lane_30__u_add/fpnew_add/gen_operation_groups_0__i_opgroup_block/gen_parallel_slices_0__active_format_i_fmt_slice/gen_num_lanes_0__active_lane_lane_instance_i_fma/U1283/CON (CGENI_X1M_A9TR)                                                 0.09      0.07 *     5.34 r                   0.90
  gemm_unit/u_accumulator_vec/g_lane_30__u_add/fpnew_add/gen_operation_groups_0__i_opgroup_block/gen_parallel_slices_0__active_format_i_fmt_slice/gen_num_lanes_0__active_lane_lane_instance_i_fma/n1981 (net)                                                      3                   0.00       5.34 r                   
  gemm_unit/u_accumulator_vec/g_lane_30__u_add/fpnew_add/gen_operation_groups_0__i_opgroup_block/gen_parallel_slices_0__active_format_i_fmt_slice/gen_num_lanes_0__active_lane_lane_instance_i_fma/U1284/CON (CGENI_X1M_A9TR)                                                 0.06      0.06 *     5.40 f                   0.90
  gemm_unit/u_accumulator_vec/g_lane_30__u_add/fpnew_add/gen_operation_groups_0__i_opgroup_block/gen_parallel_slices_0__active_format_i_fmt_slice/gen_num_lanes_0__active_lane_lane_instance_i_fma/n1896 (net)                                                      3                   0.00       5.40 f                   
  gemm_unit/u_accumulator_vec/g_lane_30__u_add/fpnew_add/gen_operation_groups_0__i_opgroup_block/gen_parallel_slices_0__active_format_i_fmt_slice/gen_num_lanes_0__active_lane_lane_instance_i_fma/U1285/CON (CGENI_X1M_A9TR)                                                 0.10      0.08 *     5.48 r                   0.90
  gemm_unit/u_accumulator_vec/g_lane_30__u_add/fpnew_add/gen_operation_groups_0__i_opgroup_block/gen_parallel_slices_0__active_format_i_fmt_slice/gen_num_lanes_0__active_lane_lane_instance_i_fma/n1935 (net)                                                      3                   0.00       5.48 r                   
  gemm_unit/u_accumulator_vec/g_lane_30__u_add/fpnew_add/gen_operation_groups_0__i_opgroup_block/gen_parallel_slices_0__active_format_i_fmt_slice/gen_num_lanes_0__active_lane_lane_instance_i_fma/U1287/CON (CGENI_X1M_A9TR)                                                 0.07      0.06 *     5.54 f                   0.90
  gemm_unit/u_accumulator_vec/g_lane_30__u_add/fpnew_add/gen_operation_groups_0__i_opgroup_block/gen_parallel_slices_0__active_format_i_fmt_slice/gen_num_lanes_0__active_lane_lane_instance_i_fma/n2017 (net)                                                      3                   0.00       5.54 f                   
  gemm_unit/u_accumulator_vec/g_lane_30__u_add/fpnew_add/gen_operation_groups_0__i_opgroup_block/gen_parallel_slices_0__active_format_i_fmt_slice/gen_num_lanes_0__active_lane_lane_instance_i_fma/U1288/CON (CGENI_X1M_A9TR)                                                 0.10      0.08 *     5.62 r                   0.90
  gemm_unit/u_accumulator_vec/g_lane_30__u_add/fpnew_add/gen_operation_groups_0__i_opgroup_block/gen_parallel_slices_0__active_format_i_fmt_slice/gen_num_lanes_0__active_lane_lane_instance_i_fma/n2026 (net)                                                      3                   0.00       5.62 r                   
  gemm_unit/u_accumulator_vec/g_lane_30__u_add/fpnew_add/gen_operation_groups_0__i_opgroup_block/gen_parallel_slices_0__active_format_i_fmt_slice/gen_num_lanes_0__active_lane_lane_instance_i_fma/U1289/CON (CGENI_X1M_A9TR)                                                 0.07      0.06 *     5.68 f                   0.90
  gemm_unit/u_accumulator_vec/g_lane_30__u_add/fpnew_add/gen_operation_groups_0__i_opgroup_block/gen_parallel_slices_0__active_format_i_fmt_slice/gen_num_lanes_0__active_lane_lane_instance_i_fma/n1990 (net)                                                      3                   0.00       5.68 f                   
  gemm_unit/u_accumulator_vec/g_lane_30__u_add/fpnew_add/gen_operation_groups_0__i_opgroup_block/gen_parallel_slices_0__active_format_i_fmt_slice/gen_num_lanes_0__active_lane_lane_instance_i_fma/U1290/CON (CGENI_X1M_A9TR)                                                 0.10      0.08 *     5.76 r                   0.90
  gemm_unit/u_accumulator_vec/g_lane_30__u_add/fpnew_add/gen_operation_groups_0__i_opgroup_block/gen_parallel_slices_0__active_format_i_fmt_slice/gen_num_lanes_0__active_lane_lane_instance_i_fma/n1915 (net)                                                      3                   0.00       5.76 r                   
  gemm_unit/u_accumulator_vec/g_lane_30__u_add/fpnew_add/gen_operation_groups_0__i_opgroup_block/gen_parallel_slices_0__active_format_i_fmt_slice/gen_num_lanes_0__active_lane_lane_instance_i_fma/U1292/CON (CGENI_X1M_A9TR)                                                 0.07      0.06 *     5.82 f                   0.90
  gemm_unit/u_accumulator_vec/g_lane_30__u_add/fpnew_add/gen_operation_groups_0__i_opgroup_block/gen_parallel_slices_0__active_format_i_fmt_slice/gen_num_lanes_0__active_lane_lane_instance_i_fma/n2035 (net)                                                      3                   0.00       5.82 f                   
  gemm_unit/u_accumulator_vec/g_lane_30__u_add/fpnew_add/gen_operation_groups_0__i_opgroup_block/gen_parallel_slices_0__active_format_i_fmt_slice/gen_num_lanes_0__active_lane_lane_instance_i_fma/U1293/CON (CGENI_X1M_A9TR)                                                 0.09      0.08 *     5.89 r                   0.90
  gemm_unit/u_accumulator_vec/g_lane_30__u_add/fpnew_add/gen_operation_groups_0__i_opgroup_block/gen_parallel_slices_0__active_format_i_fmt_slice/gen_num_lanes_0__active_lane_lane_instance_i_fma/n1925 (net)                                                      3                   0.00       5.89 r                   
  gemm_unit/u_accumulator_vec/g_lane_30__u_add/fpnew_add/gen_operation_groups_0__i_opgroup_block/gen_parallel_slices_0__active_format_i_fmt_slice/gen_num_lanes_0__active_lane_lane_instance_i_fma/U1295/CON (CGENI_X1M_A9TR)                                                 0.07      0.06 *     5.95 f                   0.90
  gemm_unit/u_accumulator_vec/g_lane_30__u_add/fpnew_add/gen_operation_groups_0__i_opgroup_block/gen_parallel_slices_0__active_format_i_fmt_slice/gen_num_lanes_0__active_lane_lane_instance_i_fma/n1879 (net)                                                      3                   0.00       5.95 f                   
  gemm_unit/u_accumulator_vec/g_lane_30__u_add/fpnew_add/gen_operation_groups_0__i_opgroup_block/gen_parallel_slices_0__active_format_i_fmt_slice/gen_num_lanes_0__active_lane_lane_instance_i_fma/U1296/CON (CGENI_X1M_A9TR)                                                 0.07      0.06 *     6.01 r                   0.90
  gemm_unit/u_accumulator_vec/g_lane_30__u_add/fpnew_add/gen_operation_groups_0__i_opgroup_block/gen_parallel_slices_0__active_format_i_fmt_slice/gen_num_lanes_0__active_lane_lane_instance_i_fma/n1781 (net)                                                      2                   0.00       6.01 r                   
  gemm_unit/u_accumulator_vec/g_lane_30__u_add/fpnew_add/gen_operation_groups_0__i_opgroup_block/gen_parallel_slices_0__active_format_i_fmt_slice/gen_num_lanes_0__active_lane_lane_instance_i_fma/U1298/Y (NOR2_X0P5B_A9TR)                                                  0.07      0.05 *     6.06 f                   0.90
  gemm_unit/u_accumulator_vec/g_lane_30__u_add/fpnew_add/gen_operation_groups_0__i_opgroup_block/gen_parallel_slices_0__active_format_i_fmt_slice/gen_num_lanes_0__active_lane_lane_instance_i_fma/n2579 (net)                                                      3                   0.00       6.06 f                   
  gemm_unit/u_accumulator_vec/g_lane_30__u_add/fpnew_add/gen_operation_groups_0__i_opgroup_block/gen_parallel_slices_0__active_format_i_fmt_slice/gen_num_lanes_0__active_lane_lane_instance_i_fma/U1299/Y (NAND2_X0P5M_A9TR)                                                 0.07      0.07 *     6.12 r                   0.90
  gemm_unit/u_accumulator_vec/g_lane_30__u_add/fpnew_add/gen_operation_groups_0__i_opgroup_block/gen_parallel_slices_0__active_format_i_fmt_slice/gen_num_lanes_0__active_lane_lane_instance_i_fma/n2578 (net)                                                      3                   0.00       6.12 r                   
  gemm_unit/u_accumulator_vec/g_lane_30__u_add/fpnew_add/gen_operation_groups_0__i_opgroup_block/gen_parallel_slices_0__active_format_i_fmt_slice/gen_num_lanes_0__active_lane_lane_instance_i_fma/U1300/Y (NOR2_X0P5B_A9TR)                                                  0.06      0.05 *     6.18 f                   0.90
  gemm_unit/u_accumulator_vec/g_lane_30__u_add/fpnew_add/gen_operation_groups_0__i_opgroup_block/gen_parallel_slices_0__active_format_i_fmt_slice/gen_num_lanes_0__active_lane_lane_instance_i_fma/n1809 (net)                                                      3                   0.00       6.18 f                   
  gemm_unit/u_accumulator_vec/g_lane_30__u_add/fpnew_add/gen_operation_groups_0__i_opgroup_block/gen_parallel_slices_0__active_format_i_fmt_slice/gen_num_lanes_0__active_lane_lane_instance_i_fma/U1301/Y (NAND2_X0P5M_A9TR)                                                 0.09      0.07 *     6.24 r                   0.90
  gemm_unit/u_accumulator_vec/g_lane_30__u_add/fpnew_add/gen_operation_groups_0__i_opgroup_block/gen_parallel_slices_0__active_format_i_fmt_slice/gen_num_lanes_0__active_lane_lane_instance_i_fma/n1788 (net)                                                      3                   0.00       6.24 r                   
  gemm_unit/u_accumulator_vec/g_lane_30__u_add/fpnew_add/gen_operation_groups_0__i_opgroup_block/gen_parallel_slices_0__active_format_i_fmt_slice/gen_num_lanes_0__active_lane_lane_instance_i_fma/U1302/Y (NOR2_X0P5B_A9TR)                                                  0.06      0.06 *     6.30 f                   0.90
  gemm_unit/u_accumulator_vec/g_lane_30__u_add/fpnew_add/gen_operation_groups_0__i_opgroup_block/gen_parallel_slices_0__active_format_i_fmt_slice/gen_num_lanes_0__active_lane_lane_instance_i_fma/n1787 (net)                                                      3                   0.00       6.30 f                   
  gemm_unit/u_accumulator_vec/g_lane_30__u_add/fpnew_add/gen_operation_groups_0__i_opgroup_block/gen_parallel_slices_0__active_format_i_fmt_slice/gen_num_lanes_0__active_lane_lane_instance_i_fma/U1303/Y (NAND2_X0P5M_A9TR)                                                 0.09      0.06 *     6.37 r                   0.90
  gemm_unit/u_accumulator_vec/g_lane_30__u_add/fpnew_add/gen_operation_groups_0__i_opgroup_block/gen_parallel_slices_0__active_format_i_fmt_slice/gen_num_lanes_0__active_lane_lane_instance_i_fma/n1817 (net)                                                      3                   0.00       6.37 r                   
  gemm_unit/u_accumulator_vec/g_lane_30__u_add/fpnew_add/gen_operation_groups_0__i_opgroup_block/gen_parallel_slices_0__active_format_i_fmt_slice/gen_num_lanes_0__active_lane_lane_instance_i_fma/U1304/Y (NOR2_X0P5B_A9TR)                                                  0.06      0.06 *     6.42 f                   0.90
  gemm_unit/u_accumulator_vec/g_lane_30__u_add/fpnew_add/gen_operation_groups_0__i_opgroup_block/gen_parallel_slices_0__active_format_i_fmt_slice/gen_num_lanes_0__active_lane_lane_instance_i_fma/n1816 (net)                                                      3                   0.00       6.42 f                   
  gemm_unit/u_accumulator_vec/g_lane_30__u_add/fpnew_add/gen_operation_groups_0__i_opgroup_block/gen_parallel_slices_0__active_format_i_fmt_slice/gen_num_lanes_0__active_lane_lane_instance_i_fma/U1305/Y (NAND2_X0P5M_A9TR)                                                 0.08      0.06 *     6.49 r                   0.90
  gemm_unit/u_accumulator_vec/g_lane_30__u_add/fpnew_add/gen_operation_groups_0__i_opgroup_block/gen_parallel_slices_0__active_format_i_fmt_slice/gen_num_lanes_0__active_lane_lane_instance_i_fma/n1825 (net)                                                      3                   0.00       6.49 r                   
  gemm_unit/u_accumulator_vec/g_lane_30__u_add/fpnew_add/gen_operation_groups_0__i_opgroup_block/gen_parallel_slices_0__active_format_i_fmt_slice/gen_num_lanes_0__active_lane_lane_instance_i_fma/U1306/Y (NOR2_X0P5B_A9TR)                                                  0.06      0.06 *     6.54 f                   0.90
  gemm_unit/u_accumulator_vec/g_lane_30__u_add/fpnew_add/gen_operation_groups_0__i_opgroup_block/gen_parallel_slices_0__active_format_i_fmt_slice/gen_num_lanes_0__active_lane_lane_instance_i_fma/n1824 (net)                                                      3                   0.00       6.54 f                   
  gemm_unit/u_accumulator_vec/g_lane_30__u_add/fpnew_add/gen_operation_groups_0__i_opgroup_block/gen_parallel_slices_0__active_format_i_fmt_slice/gen_num_lanes_0__active_lane_lane_instance_i_fma/U1307/Y (NAND2_X0P5M_A9TR)                                                 0.08      0.06 *     6.61 r                   0.90
  gemm_unit/u_accumulator_vec/g_lane_30__u_add/fpnew_add/gen_operation_groups_0__i_opgroup_block/gen_parallel_slices_0__active_format_i_fmt_slice/gen_num_lanes_0__active_lane_lane_instance_i_fma/n1865 (net)                                                      3                   0.00       6.61 r                   
  gemm_unit/u_accumulator_vec/g_lane_30__u_add/fpnew_add/gen_operation_groups_0__i_opgroup_block/gen_parallel_slices_0__active_format_i_fmt_slice/gen_num_lanes_0__active_lane_lane_instance_i_fma/U1308/Y (NOR2_X0P5B_A9TR)                                                  0.06      0.06 *     6.66 f                   0.90
  gemm_unit/u_accumulator_vec/g_lane_30__u_add/fpnew_add/gen_operation_groups_0__i_opgroup_block/gen_parallel_slices_0__active_format_i_fmt_slice/gen_num_lanes_0__active_lane_lane_instance_i_fma/n1864 (net)                                                      3                   0.00       6.66 f                   
  gemm_unit/u_accumulator_vec/g_lane_30__u_add/fpnew_add/gen_operation_groups_0__i_opgroup_block/gen_parallel_slices_0__active_format_i_fmt_slice/gen_num_lanes_0__active_lane_lane_instance_i_fma/U1309/Y (NAND2_X0P5M_A9TR)                                                 0.08      0.06 *     6.72 r                   0.90
  gemm_unit/u_accumulator_vec/g_lane_30__u_add/fpnew_add/gen_operation_groups_0__i_opgroup_block/gen_parallel_slices_0__active_format_i_fmt_slice/gen_num_lanes_0__active_lane_lane_instance_i_fma/n1833 (net)                                                      3                   0.00       6.72 r                   
  gemm_unit/u_accumulator_vec/g_lane_30__u_add/fpnew_add/gen_operation_groups_0__i_opgroup_block/gen_parallel_slices_0__active_format_i_fmt_slice/gen_num_lanes_0__active_lane_lane_instance_i_fma/U1310/Y (NOR2_X0P5B_A9TR)                                                  0.06      0.05 *     6.78 f                   0.90
  gemm_unit/u_accumulator_vec/g_lane_30__u_add/fpnew_add/gen_operation_groups_0__i_opgroup_block/gen_parallel_slices_0__active_format_i_fmt_slice/gen_num_lanes_0__active_lane_lane_instance_i_fma/n1832 (net)                                                      3                   0.00       6.78 f                   
  gemm_unit/u_accumulator_vec/g_lane_30__u_add/fpnew_add/gen_operation_groups_0__i_opgroup_block/gen_parallel_slices_0__active_format_i_fmt_slice/gen_num_lanes_0__active_lane_lane_instance_i_fma/U1311/Y (NAND2_X0P5M_A9TR)                                                 0.08      0.06 *     6.84 r                   0.90
  gemm_unit/u_accumulator_vec/g_lane_30__u_add/fpnew_add/gen_operation_groups_0__i_opgroup_block/gen_parallel_slices_0__active_format_i_fmt_slice/gen_num_lanes_0__active_lane_lane_instance_i_fma/n1841 (net)                                                      3                   0.00       6.84 r                   
  gemm_unit/u_accumulator_vec/g_lane_30__u_add/fpnew_add/gen_operation_groups_0__i_opgroup_block/gen_parallel_slices_0__active_format_i_fmt_slice/gen_num_lanes_0__active_lane_lane_instance_i_fma/U1312/Y (NOR2_X0P5B_A9TR)                                                  0.06      0.06 *     6.90 f                   0.90
  gemm_unit/u_accumulator_vec/g_lane_30__u_add/fpnew_add/gen_operation_groups_0__i_opgroup_block/gen_parallel_slices_0__active_format_i_fmt_slice/gen_num_lanes_0__active_lane_lane_instance_i_fma/n1840 (net)                                                      3                   0.00       6.90 f                   
  gemm_unit/u_accumulator_vec/g_lane_30__u_add/fpnew_add/gen_operation_groups_0__i_opgroup_block/gen_parallel_slices_0__active_format_i_fmt_slice/gen_num_lanes_0__active_lane_lane_instance_i_fma/U1313/Y (NAND2_X0P5M_A9TR)                                                 0.08      0.06 *     6.96 r                   0.90
  gemm_unit/u_accumulator_vec/g_lane_30__u_add/fpnew_add/gen_operation_groups_0__i_opgroup_block/gen_parallel_slices_0__active_format_i_fmt_slice/gen_num_lanes_0__active_lane_lane_instance_i_fma/n1857 (net)                                                      3                   0.00       6.96 r                   
  gemm_unit/u_accumulator_vec/g_lane_30__u_add/fpnew_add/gen_operation_groups_0__i_opgroup_block/gen_parallel_slices_0__active_format_i_fmt_slice/gen_num_lanes_0__active_lane_lane_instance_i_fma/U1314/Y (NOR2_X0P5B_A9TR)                                                  0.06      0.06 *     7.01 f                   0.90
  gemm_unit/u_accumulator_vec/g_lane_30__u_add/fpnew_add/gen_operation_groups_0__i_opgroup_block/gen_parallel_slices_0__active_format_i_fmt_slice/gen_num_lanes_0__active_lane_lane_instance_i_fma/n1856 (net)                                                      3                   0.00       7.01 f                   
  gemm_unit/u_accumulator_vec/g_lane_30__u_add/fpnew_add/gen_operation_groups_0__i_opgroup_block/gen_parallel_slices_0__active_format_i_fmt_slice/gen_num_lanes_0__active_lane_lane_instance_i_fma/U1315/Y (NAND2_X0P5M_A9TR)                                                 0.08      0.06 *     7.07 r                   0.90
  gemm_unit/u_accumulator_vec/g_lane_30__u_add/fpnew_add/gen_operation_groups_0__i_opgroup_block/gen_parallel_slices_0__active_format_i_fmt_slice/gen_num_lanes_0__active_lane_lane_instance_i_fma/n1849 (net)                                                      3                   0.00       7.07 r                   
  gemm_unit/u_accumulator_vec/g_lane_30__u_add/fpnew_add/gen_operation_groups_0__i_opgroup_block/gen_parallel_slices_0__active_format_i_fmt_slice/gen_num_lanes_0__active_lane_lane_instance_i_fma/U1316/Y (NOR2_X0P5B_A9TR)                                                  0.06      0.06 *     7.13 f                   0.90
  gemm_unit/u_accumulator_vec/g_lane_30__u_add/fpnew_add/gen_operation_groups_0__i_opgroup_block/gen_parallel_slices_0__active_format_i_fmt_slice/gen_num_lanes_0__active_lane_lane_instance_i_fma/n1848 (net)                                                      3                   0.00       7.13 f                   
  gemm_unit/u_accumulator_vec/g_lane_30__u_add/fpnew_add/gen_operation_groups_0__i_opgroup_block/gen_parallel_slices_0__active_format_i_fmt_slice/gen_num_lanes_0__active_lane_lane_instance_i_fma/U1317/Y (NAND2_X0P5M_A9TR)                                                 0.09      0.06 *     7.19 r                   0.90
  gemm_unit/u_accumulator_vec/g_lane_30__u_add/fpnew_add/gen_operation_groups_0__i_opgroup_block/gen_parallel_slices_0__active_format_i_fmt_slice/gen_num_lanes_0__active_lane_lane_instance_i_fma/n1802 (net)                                                      3                   0.00       7.19 r                   
  gemm_unit/u_accumulator_vec/g_lane_30__u_add/fpnew_add/gen_operation_groups_0__i_opgroup_block/gen_parallel_slices_0__active_format_i_fmt_slice/gen_num_lanes_0__active_lane_lane_instance_i_fma/U1318/Y (NOR2_X0P5B_A9TR)                                                  0.06      0.06 *     7.25 f                   0.90
  gemm_unit/u_accumulator_vec/g_lane_30__u_add/fpnew_add/gen_operation_groups_0__i_opgroup_block/gen_parallel_slices_0__active_format_i_fmt_slice/gen_num_lanes_0__active_lane_lane_instance_i_fma/n1801 (net)                                                      3                   0.00       7.25 f                   
  gemm_unit/u_accumulator_vec/g_lane_30__u_add/fpnew_add/gen_operation_groups_0__i_opgroup_block/gen_parallel_slices_0__active_format_i_fmt_slice/gen_num_lanes_0__active_lane_lane_instance_i_fma/U1319/Y (NAND2_X0P5M_A9TR)                                                 0.09      0.06 *     7.31 r                   0.90
  gemm_unit/u_accumulator_vec/g_lane_30__u_add/fpnew_add/gen_operation_groups_0__i_opgroup_block/gen_parallel_slices_0__active_format_i_fmt_slice/gen_num_lanes_0__active_lane_lane_instance_i_fma/n1795 (net)                                                      3                   0.00       7.31 r                   
  gemm_unit/u_accumulator_vec/g_lane_30__u_add/fpnew_add/gen_operation_groups_0__i_opgroup_block/gen_parallel_slices_0__active_format_i_fmt_slice/gen_num_lanes_0__active_lane_lane_instance_i_fma/U1320/Y (NOR2_X0P5B_A9TR)                                                  0.06      0.06 *     7.37 f                   0.90
  gemm_unit/u_accumulator_vec/g_lane_30__u_add/fpnew_add/gen_operation_groups_0__i_opgroup_block/gen_parallel_slices_0__active_format_i_fmt_slice/gen_num_lanes_0__active_lane_lane_instance_i_fma/n2572 (net)                                                      3                   0.00       7.37 f                   
  gemm_unit/u_accumulator_vec/g_lane_30__u_add/fpnew_add/gen_operation_groups_0__i_opgroup_block/gen_parallel_slices_0__active_format_i_fmt_slice/gen_num_lanes_0__active_lane_lane_instance_i_fma/U1321/Y (NAND2_X0P5M_A9TR)                                                 0.06      0.06 *     7.43 r                   0.90
  gemm_unit/u_accumulator_vec/g_lane_30__u_add/fpnew_add/gen_operation_groups_0__i_opgroup_block/gen_parallel_slices_0__active_format_i_fmt_slice/gen_num_lanes_0__active_lane_lane_instance_i_fma/n2571 (net)                                                      2                   0.00       7.43 r                   
  gemm_unit/u_accumulator_vec/g_lane_30__u_add/fpnew_add/gen_operation_groups_0__i_opgroup_block/gen_parallel_slices_0__active_format_i_fmt_slice/gen_num_lanes_0__active_lane_lane_instance_i_fma/U1322/Y (NOR2_X0P5B_A9TR)                                                  0.04      0.05 *     7.47 f                   0.90
  gemm_unit/u_accumulator_vec/g_lane_30__u_add/fpnew_add/gen_operation_groups_0__i_opgroup_block/gen_parallel_slices_0__active_format_i_fmt_slice/gen_num_lanes_0__active_lane_lane_instance_i_fma/n2483 (net)                                                      2                   0.00       7.47 f                   
  gemm_unit/u_accumulator_vec/g_lane_30__u_add/fpnew_add/gen_operation_groups_0__i_opgroup_block/gen_parallel_slices_0__active_format_i_fmt_slice/gen_num_lanes_0__active_lane_lane_instance_i_fma/U1323/Y (AOI31_X0P7M_A9TR)                                                 0.77      0.46 *     7.94 r                   0.90
  gemm_unit/u_accumulator_vec/g_lane_30__u_add/fpnew_add/gen_operation_groups_0__i_opgroup_block/gen_parallel_slices_0__active_format_i_fmt_slice/gen_num_lanes_0__active_lane_lane_instance_i_fma/n1735 (net)                                                     33                   0.00       7.94 r                   
  gemm_unit/u_accumulator_vec/g_lane_30__u_add/fpnew_add/gen_operation_groups_0__i_opgroup_block/gen_parallel_slices_0__active_format_i_fmt_slice/gen_num_lanes_0__active_lane_lane_instance_i_fma/U960/Y (BUF_X1M_A9TR)                                                      0.19      0.23 *     8.17 r                   0.90
  gemm_unit/u_accumulator_vec/g_lane_30__u_add/fpnew_add/gen_operation_groups_0__i_opgroup_block/gen_parallel_slices_0__active_format_i_fmt_slice/gen_num_lanes_0__active_lane_lane_instance_i_fma/n2687 (net)                                                     20                   0.00       8.17 r                   
  gemm_unit/u_accumulator_vec/g_lane_30__u_add/fpnew_add/gen_operation_groups_0__i_opgroup_block/gen_parallel_slices_0__active_format_i_fmt_slice/gen_num_lanes_0__active_lane_lane_instance_i_fma/U966/Y (INV_X0P7M_A9TR)                                                    0.15      0.15 *     8.32 f                   0.90
  gemm_unit/u_accumulator_vec/g_lane_30__u_add/fpnew_add/gen_operation_groups_0__i_opgroup_block/gen_parallel_slices_0__active_format_i_fmt_slice/gen_num_lanes_0__active_lane_lane_instance_i_fma/n2688 (net)                                                     19                   0.00       8.32 f                   
  gemm_unit/u_accumulator_vec/g_lane_30__u_add/fpnew_add/gen_operation_groups_0__i_opgroup_block/gen_parallel_slices_0__active_format_i_fmt_slice/gen_num_lanes_0__active_lane_lane_instance_i_fma/U1521/Y (AOI221_X0P7M_A9TR)                                                0.10      0.10 *     8.42 r                   0.90
  gemm_unit/u_accumulator_vec/g_lane_30__u_add/fpnew_add/gen_operation_groups_0__i_opgroup_block/gen_parallel_slices_0__active_format_i_fmt_slice/gen_num_lanes_0__active_lane_lane_instance_i_fma/n2050 (net)                                                      1                   0.00       8.42 r                   
  gemm_unit/u_accumulator_vec/g_lane_30__u_add/fpnew_add/gen_operation_groups_0__i_opgroup_block/gen_parallel_slices_0__active_format_i_fmt_slice/gen_num_lanes_0__active_lane_lane_instance_i_fma/U1522/Y (OA21A1OI2_X0P7M_A9TR)                                             0.05      0.04 *     8.46 f                   0.90
  gemm_unit/u_accumulator_vec/g_lane_30__u_add/fpnew_add/gen_operation_groups_0__i_opgroup_block/gen_parallel_slices_0__active_format_i_fmt_slice/gen_num_lanes_0__active_lane_lane_instance_i_fma/n2054 (net)                                                      1                   0.00       8.46 f                   
  gemm_unit/u_accumulator_vec/g_lane_30__u_add/fpnew_add/gen_operation_groups_0__i_opgroup_block/gen_parallel_slices_0__active_format_i_fmt_slice/gen_num_lanes_0__active_lane_lane_instance_i_fma/U1523/Y (XNOR2_X0P5M_A9TR)                                                 0.09      0.07 *     8.53 r                   0.90
  gemm_unit/u_accumulator_vec/g_lane_30__u_add/fpnew_add/gen_operation_groups_0__i_opgroup_block/gen_parallel_slices_0__active_format_i_fmt_slice/gen_num_lanes_0__active_lane_lane_instance_i_fma/sum[32] (net)                                                    1                   0.00       8.53 r                   
  gemm_unit/u_accumulator_vec/g_lane_30__u_add/fpnew_add/gen_operation_groups_0__i_opgroup_block/gen_parallel_slices_0__active_format_i_fmt_slice/gen_num_lanes_0__active_lane_lane_instance_i_fma/mid_pipe_sum_q_reg_1__32_/D (DFFRPQ_X0P5M_A9TR)                            0.09      0.00 *     8.53 r                   0.90
  data arrival time                                                                                                                                                                                                                                                                                8.53                     

  clock CLK (rise edge)                                                                                                                                                                                                                                                                10.00      10.00                     
  clock network delay (ideal)                                                                                                                                                                                                                                                           0.00      10.00                     
  gemm_unit/u_accumulator_vec/g_lane_30__u_add/fpnew_add/gen_operation_groups_0__i_opgroup_block/gen_parallel_slices_0__active_format_i_fmt_slice/gen_num_lanes_0__active_lane_lane_instance_i_fma/mid_pipe_sum_q_reg_1__32_/CK (DFFRPQ_X0P5M_A9TR)                                     0.00      10.00 r                   
  library setup time                                                                                                                                                                                                                                                                   -0.07       9.93                     
  data required time                                                                                                                                                                                                                                                                               9.93                     
  ---------------------------------------------------------------------------------------------------------------------------------------------------------------------------------------------------------------------------------------------------------------------------------------------------------------------------------------
  data required time                                                                                                                                                                                                                                                                               9.93                     
  data arrival time                                                                                                                                                                                                                                                                               -8.53                     
  ---------------------------------------------------------------------------------------------------------------------------------------------------------------------------------------------------------------------------------------------------------------------------------------------------------------------------------------
  slack (MET)                                                                                                                                                                                                                                                                                      1.40                     


  Startpoint: gemm_unit/u_accumulator_vec/g_lane_30__u_add/input_buffer/g_eb1_pipe_buffer/g_register_g_pipe_regs_0__pipe_register/g_shift_register/g_shift_pipe_reg_0__0_
              (rising edge-triggered flip-flop clocked by CLK)
  Endpoint: gemm_unit/u_accumulator_vec/g_lane_30__u_add/fpnew_add/gen_operation_groups_0__i_opgroup_block/gen_parallel_slices_0__active_format_i_fmt_slice/gen_num_lanes_0__active_lane_lane_instance_i_fma/mid_pipe_sum_q_reg_1__31_
            (rising edge-triggered flip-flop clocked by CLK)
  Scenario: mode_norm.OC_rvt_ss_0p900v_125c
  Path Group: CLK
  Path Type: max

Attributes:
    d - dont_touch
    u - dont_use
   mo - map_only
   so - size_only
    i - ideal_net or ideal_network
  inf - infeasible path

  Point                                                                                                                                                                                                                                                           Fanout     Trans      Incr       Path      Attributes     Voltage
  ---------------------------------------------------------------------------------------------------------------------------------------------------------------------------------------------------------------------------------------------------------------------------------------------------------------------------------------
  clock CLK (rise edge)                                                                                                                                                                                                                                                                 0.00       0.00                     
  clock network delay (ideal)                                                                                                                                                                                                                                                           0.00       0.00                     
  gemm_unit/u_accumulator_vec/g_lane_30__u_add/input_buffer/g_eb1_pipe_buffer/g_register_g_pipe_regs_0__pipe_register/g_shift_register/g_shift_pipe_reg_0__0_/CK (DFFQ_X0P5M_A9TR)                                                                                            0.00      0.00       0.00 r    i              0.90
  gemm_unit/u_accumulator_vec/g_lane_30__u_add/input_buffer/g_eb1_pipe_buffer/g_register_g_pipe_regs_0__pipe_register/g_shift_register/g_shift_pipe_reg_0__0_/Q (DFFQ_X0P5M_A9TR)                                                                                             0.06      0.14       0.14 f                   0.90
  gemm_unit/u_accumulator_vec/g_lane_30__u_add/input_buffer/g_eb1_pipe_buffer/g_register_g_pipe_regs_0__pipe_register/g_shift_register/data_out[0] (net)                                                                                                            4                   0.00       0.14 f                   
  gemm_unit/u_accumulator_vec/g_lane_30__u_add/input_buffer/g_eb1_pipe_buffer/g_register_g_pipe_regs_0__pipe_register/g_shift_register/data_out[0] (VX_shift_register_65_1_1_0_1)                                                                                                       0.00       0.14 f                   
  gemm_unit/u_accumulator_vec/g_lane_30__u_add/input_buffer/g_eb1_pipe_buffer/g_register_g_pipe_regs_0__pipe_register/data_out[0] (net)                                                                                                                                                 0.00       0.14 f                   
  gemm_unit/u_accumulator_vec/g_lane_30__u_add/input_buffer/g_eb1_pipe_buffer/g_register_g_pipe_regs_0__pipe_register/data_out[0] (VX_pipe_register_16_1)                                                                                                                               0.00       0.14 f                   
  gemm_unit/u_accumulator_vec/g_lane_30__u_add/input_buffer/g_eb1_pipe_buffer/data_out[0] (net)                                                                                                                                                                                         0.00       0.14 f                   
  gemm_unit/u_accumulator_vec/g_lane_30__u_add/input_buffer/g_eb1_pipe_buffer/data_out[0] (VX_pipe_buffer_48_1)                                                                                                                                                                         0.00       0.14 f                   
  gemm_unit/u_accumulator_vec/g_lane_30__u_add/input_buffer/data_out[0] (net)                                                                                                                                                                                                           0.00       0.14 f                   
  gemm_unit/u_accumulator_vec/g_lane_30__u_add/input_buffer/data_out[0] (VX_elastic_buffer_9_1)                                                                                                                                                                                         0.00       0.14 f                   
  gemm_unit/u_accumulator_vec/g_lane_30__u_add/fpnew_inputs_data[0] (net)                                                                                                                                                                                                               0.00       0.14 f                   
  gemm_unit/u_accumulator_vec/g_lane_30__u_add/fpnew_add/operands_i[32] (fpnew_top_00000010302__logic_Z_1yB__566949_1)                                                                                                                                                                  0.00       0.14 f                   
  gemm_unit/u_accumulator_vec/g_lane_30__u_add/fpnew_add/operands_i[32] (net)                                                                                                                                                                                                           0.00       0.14 f                   
  gemm_unit/u_accumulator_vec/g_lane_30__u_add/fpnew_add/gen_operation_groups_0__i_opgroup_block/operands_i[32] (fpnew_opgroup_block_0_00000020_0_2_10_2_155_3__logic_Z_1yB__00000000_388949_1)                                                                                         0.00       0.14 f                   
  gemm_unit/u_accumulator_vec/g_lane_30__u_add/fpnew_add/gen_operation_groups_0__i_opgroup_block/operands_i[32] (net)                                                                                                                                                                   0.00       0.14 f                   
  gemm_unit/u_accumulator_vec/g_lane_30__u_add/fpnew_add/gen_operation_groups_0__i_opgroup_block/gen_parallel_slices_0__active_format_i_fmt_slice/operands_i[32] (fpnew_opgroup_fmt_slice_0_0_00000020_0_00000001_3__logic_Z_1yB__00000000_1)                                           0.00       0.14 f                   
  gemm_unit/u_accumulator_vec/g_lane_30__u_add/fpnew_add/gen_operation_groups_0__i_opgroup_block/gen_parallel_slices_0__active_format_i_fmt_slice/operands_i[32] (net)                                                                                                                  0.00       0.14 f                   
  gemm_unit/u_accumulator_vec/g_lane_30__u_add/fpnew_add/gen_operation_groups_0__i_opgroup_block/gen_parallel_slices_0__active_format_i_fmt_slice/gen_num_lanes_0__active_lane_lane_instance_i_fma/operands_i[32] (fpnew_fma_0_00000001_3__logic_Z_1yB___logic_Z_1yB__1)                0.00       0.14 f                   
  gemm_unit/u_accumulator_vec/g_lane_30__u_add/fpnew_add/gen_operation_groups_0__i_opgroup_block/gen_parallel_slices_0__active_format_i_fmt_slice/gen_num_lanes_0__active_lane_lane_instance_i_fma/operands_i[32] (net)                                                                 0.00       0.14 f                   
  gemm_unit/u_accumulator_vec/g_lane_30__u_add/fpnew_add/gen_operation_groups_0__i_opgroup_block/gen_parallel_slices_0__active_format_i_fmt_slice/gen_num_lanes_0__active_lane_lane_instance_i_fma/i_class_inputs/operands_i[32] (fpnew_classifier_0_3_1)                               0.00       0.14 f                   
  gemm_unit/u_accumulator_vec/g_lane_30__u_add/fpnew_add/gen_operation_groups_0__i_opgroup_block/gen_parallel_slices_0__active_format_i_fmt_slice/gen_num_lanes_0__active_lane_lane_instance_i_fma/i_class_inputs/operands_i[32] (net)                                                  0.00       0.14 f                   
  gemm_unit/u_accumulator_vec/g_lane_30__u_add/fpnew_add/gen_operation_groups_0__i_opgroup_block/gen_parallel_slices_0__active_format_i_fmt_slice/gen_num_lanes_0__active_lane_lane_instance_i_fma/i_class_inputs/U21/Y (NOR3_X0P7M_A9TR)                                     0.10      0.09 *     0.23 r                   0.90
  gemm_unit/u_accumulator_vec/g_lane_30__u_add/fpnew_add/gen_operation_groups_0__i_opgroup_block/gen_parallel_slices_0__active_format_i_fmt_slice/gen_num_lanes_0__active_lane_lane_instance_i_fma/i_class_inputs/n77 (net)                                         1                   0.00       0.23 r                   
  gemm_unit/u_accumulator_vec/g_lane_30__u_add/fpnew_add/gen_operation_groups_0__i_opgroup_block/gen_parallel_slices_0__active_format_i_fmt_slice/gen_num_lanes_0__active_lane_lane_instance_i_fma/i_class_inputs/U22/Y (NOR4BB_X1M_A9TR)                                     0.06      0.09 *     0.32 r                   0.90
  gemm_unit/u_accumulator_vec/g_lane_30__u_add/fpnew_add/gen_operation_groups_0__i_opgroup_block/gen_parallel_slices_0__active_format_i_fmt_slice/gen_num_lanes_0__active_lane_lane_instance_i_fma/i_class_inputs/n79 (net)                                         1                   0.00       0.32 r                   
  gemm_unit/u_accumulator_vec/g_lane_30__u_add/fpnew_add/gen_operation_groups_0__i_opgroup_block/gen_parallel_slices_0__active_format_i_fmt_slice/gen_num_lanes_0__active_lane_lane_instance_i_fma/i_class_inputs/U23/Y (NOR4BB_X1M_A9TR)                                     0.06      0.08 *     0.40 r                   0.90
  gemm_unit/u_accumulator_vec/g_lane_30__u_add/fpnew_add/gen_operation_groups_0__i_opgroup_block/gen_parallel_slices_0__active_format_i_fmt_slice/gen_num_lanes_0__active_lane_lane_instance_i_fma/i_class_inputs/n81 (net)                                         1                   0.00       0.40 r                   
  gemm_unit/u_accumulator_vec/g_lane_30__u_add/fpnew_add/gen_operation_groups_0__i_opgroup_block/gen_parallel_slices_0__active_format_i_fmt_slice/gen_num_lanes_0__active_lane_lane_instance_i_fma/i_class_inputs/U24/Y (NOR4BB_X1M_A9TR)                                     0.19      0.15 *     0.55 r                   0.90
  gemm_unit/u_accumulator_vec/g_lane_30__u_add/fpnew_add/gen_operation_groups_0__i_opgroup_block/gen_parallel_slices_0__active_format_i_fmt_slice/gen_num_lanes_0__active_lane_lane_instance_i_fma/i_class_inputs/n91 (net)                                         3                   0.00       0.55 r                   
  gemm_unit/u_accumulator_vec/g_lane_30__u_add/fpnew_add/gen_operation_groups_0__i_opgroup_block/gen_parallel_slices_0__active_format_i_fmt_slice/gen_num_lanes_0__active_lane_lane_instance_i_fma/i_class_inputs/U34/Y (NOR2_X0P5B_A9TR)                                     0.08      0.10 *     0.65 f                   0.90
  gemm_unit/u_accumulator_vec/g_lane_30__u_add/fpnew_add/gen_operation_groups_0__i_opgroup_block/gen_parallel_slices_0__active_format_i_fmt_slice/gen_num_lanes_0__active_lane_lane_instance_i_fma/i_class_inputs/info_o[14] (net)                                  4                   0.00       0.65 f                   
  gemm_unit/u_accumulator_vec/g_lane_30__u_add/fpnew_add/gen_operation_groups_0__i_opgroup_block/gen_parallel_slices_0__active_format_i_fmt_slice/gen_num_lanes_0__active_lane_lane_instance_i_fma/i_class_inputs/info_o[14] (fpnew_classifier_0_3_1)                                   0.00       0.65 f                   
  gemm_unit/u_accumulator_vec/g_lane_30__u_add/fpnew_add/gen_operation_groups_0__i_opgroup_block/gen_parallel_slices_0__active_format_i_fmt_slice/gen_num_lanes_0__active_lane_lane_instance_i_fma/info_q[3] (net)                                                                      0.00       0.65 f                   
  gemm_unit/u_accumulator_vec/g_lane_30__u_add/fpnew_add/gen_operation_groups_0__i_opgroup_block/gen_parallel_slices_0__active_format_i_fmt_slice/gen_num_lanes_0__active_lane_lane_instance_i_fma/U1563/Y (AND2_X0P7M_A9TR)                                                  0.02      0.07 *     0.72 f                   0.90
  gemm_unit/u_accumulator_vec/g_lane_30__u_add/fpnew_add/gen_operation_groups_0__i_opgroup_block/gen_parallel_slices_0__active_format_i_fmt_slice/gen_num_lanes_0__active_lane_lane_instance_i_fma/n2115 (net)                                                      1                   0.00       0.72 f                   
  gemm_unit/u_accumulator_vec/g_lane_30__u_add/fpnew_add/gen_operation_groups_0__i_opgroup_block/gen_parallel_slices_0__active_format_i_fmt_slice/gen_num_lanes_0__active_lane_lane_instance_i_fma/U1564/Y (OA21A1OI2_X0P7M_A9TR)                                             0.13      0.10 *     0.82 r                   0.90
  gemm_unit/u_accumulator_vec/g_lane_30__u_add/fpnew_add/gen_operation_groups_0__i_opgroup_block/gen_parallel_slices_0__active_format_i_fmt_slice/gen_num_lanes_0__active_lane_lane_instance_i_fma/n2612 (net)                                                      2                   0.00       0.82 r                   
  gemm_unit/u_accumulator_vec/g_lane_30__u_add/fpnew_add/gen_operation_groups_0__i_opgroup_block/gen_parallel_slices_0__active_format_i_fmt_slice/gen_num_lanes_0__active_lane_lane_instance_i_fma/U1887/Y (INV_X0P7M_A9TR)                                                   0.06      0.06 *     0.88 f                   0.90
  gemm_unit/u_accumulator_vec/g_lane_30__u_add/fpnew_add/gen_operation_groups_0__i_opgroup_block/gen_parallel_slices_0__active_format_i_fmt_slice/gen_num_lanes_0__active_lane_lane_instance_i_fma/exponent_product[1] (net)                                        2                   0.00       0.88 f                   
  gemm_unit/u_accumulator_vec/g_lane_30__u_add/fpnew_add/gen_operation_groups_0__i_opgroup_block/gen_parallel_slices_0__active_format_i_fmt_slice/gen_num_lanes_0__active_lane_lane_instance_i_fma/intadd_2865_U8/CO (ADDF_X1M_A9TR)                                          0.03      0.10 *     0.99 f    mo             0.90
  gemm_unit/u_accumulator_vec/g_lane_30__u_add/fpnew_add/gen_operation_groups_0__i_opgroup_block/gen_parallel_slices_0__active_format_i_fmt_slice/gen_num_lanes_0__active_lane_lane_instance_i_fma/intadd_2865_n7 (net)                                             1                   0.00       0.99 f                   
  gemm_unit/u_accumulator_vec/g_lane_30__u_add/fpnew_add/gen_operation_groups_0__i_opgroup_block/gen_parallel_slices_0__active_format_i_fmt_slice/gen_num_lanes_0__active_lane_lane_instance_i_fma/intadd_2865_U7/CO (ADDF_X1M_A9TR)                                          0.03      0.08 *     1.07 f    mo             0.90
  gemm_unit/u_accumulator_vec/g_lane_30__u_add/fpnew_add/gen_operation_groups_0__i_opgroup_block/gen_parallel_slices_0__active_format_i_fmt_slice/gen_num_lanes_0__active_lane_lane_instance_i_fma/intadd_2865_n6 (net)                                             1                   0.00       1.07 f                   
  gemm_unit/u_accumulator_vec/g_lane_30__u_add/fpnew_add/gen_operation_groups_0__i_opgroup_block/gen_parallel_slices_0__active_format_i_fmt_slice/gen_num_lanes_0__active_lane_lane_instance_i_fma/intadd_2865_U6/CO (ADDF_X1M_A9TR)                                          0.03      0.08 *     1.15 f    mo             0.90
  gemm_unit/u_accumulator_vec/g_lane_30__u_add/fpnew_add/gen_operation_groups_0__i_opgroup_block/gen_parallel_slices_0__active_format_i_fmt_slice/gen_num_lanes_0__active_lane_lane_instance_i_fma/intadd_2865_n5 (net)                                             1                   0.00       1.15 f                   
  gemm_unit/u_accumulator_vec/g_lane_30__u_add/fpnew_add/gen_operation_groups_0__i_opgroup_block/gen_parallel_slices_0__active_format_i_fmt_slice/gen_num_lanes_0__active_lane_lane_instance_i_fma/intadd_2865_U5/CO (ADDF_X1M_A9TR)                                          0.03      0.08 *     1.24 f    mo             0.90
  gemm_unit/u_accumulator_vec/g_lane_30__u_add/fpnew_add/gen_operation_groups_0__i_opgroup_block/gen_parallel_slices_0__active_format_i_fmt_slice/gen_num_lanes_0__active_lane_lane_instance_i_fma/intadd_2865_n4 (net)                                             1                   0.00       1.24 f                   
  gemm_unit/u_accumulator_vec/g_lane_30__u_add/fpnew_add/gen_operation_groups_0__i_opgroup_block/gen_parallel_slices_0__active_format_i_fmt_slice/gen_num_lanes_0__active_lane_lane_instance_i_fma/intadd_2865_U4/CO (ADDF_X1M_A9TR)                                          0.03      0.08 *     1.32 f    mo             0.90
  gemm_unit/u_accumulator_vec/g_lane_30__u_add/fpnew_add/gen_operation_groups_0__i_opgroup_block/gen_parallel_slices_0__active_format_i_fmt_slice/gen_num_lanes_0__active_lane_lane_instance_i_fma/intadd_2865_n3 (net)                                             1                   0.00       1.32 f                   
  gemm_unit/u_accumulator_vec/g_lane_30__u_add/fpnew_add/gen_operation_groups_0__i_opgroup_block/gen_parallel_slices_0__active_format_i_fmt_slice/gen_num_lanes_0__active_lane_lane_instance_i_fma/intadd_2865_U3/CO (ADDF_X1M_A9TR)                                          0.03      0.08 *     1.40 f    mo             0.90
  gemm_unit/u_accumulator_vec/g_lane_30__u_add/fpnew_add/gen_operation_groups_0__i_opgroup_block/gen_parallel_slices_0__active_format_i_fmt_slice/gen_num_lanes_0__active_lane_lane_instance_i_fma/intadd_2865_n2 (net)                                             1                   0.00       1.40 f                   
  gemm_unit/u_accumulator_vec/g_lane_30__u_add/fpnew_add/gen_operation_groups_0__i_opgroup_block/gen_parallel_slices_0__active_format_i_fmt_slice/gen_num_lanes_0__active_lane_lane_instance_i_fma/intadd_2865_U2/CO (ADDF_X1M_A9TR)                                          0.03      0.08 *     1.48 f    mo             0.90
  gemm_unit/u_accumulator_vec/g_lane_30__u_add/fpnew_add/gen_operation_groups_0__i_opgroup_block/gen_parallel_slices_0__active_format_i_fmt_slice/gen_num_lanes_0__active_lane_lane_instance_i_fma/intadd_2865_n1 (net)                                             2                   0.00       1.48 f                   
  gemm_unit/u_accumulator_vec/g_lane_30__u_add/fpnew_add/gen_operation_groups_0__i_opgroup_block/gen_parallel_slices_0__active_format_i_fmt_slice/gen_num_lanes_0__active_lane_lane_instance_i_fma/U19/Y (NOR2_X0P5B_A9TR)                                                    0.05      0.04 *     1.52 r                   0.90
  gemm_unit/u_accumulator_vec/g_lane_30__u_add/fpnew_add/gen_operation_groups_0__i_opgroup_block/gen_parallel_slices_0__active_format_i_fmt_slice/gen_num_lanes_0__active_lane_lane_instance_i_fma/n945 (net)                                                       2                   0.00       1.52 r                   
  gemm_unit/u_accumulator_vec/g_lane_30__u_add/fpnew_add/gen_operation_groups_0__i_opgroup_block/gen_parallel_slices_0__active_format_i_fmt_slice/gen_num_lanes_0__active_lane_lane_instance_i_fma/U34/Y (NAND3BB_X1M_A9TR)                                                   0.16      0.13 *     1.65 r                   0.90
  gemm_unit/u_accumulator_vec/g_lane_30__u_add/fpnew_add/gen_operation_groups_0__i_opgroup_block/gen_parallel_slices_0__active_format_i_fmt_slice/gen_num_lanes_0__active_lane_lane_instance_i_fma/n2117 (net)                                                     14                   0.00       1.65 r                   
  gemm_unit/u_accumulator_vec/g_lane_30__u_add/fpnew_add/gen_operation_groups_0__i_opgroup_block/gen_parallel_slices_0__active_format_i_fmt_slice/gen_num_lanes_0__active_lane_lane_instance_i_fma/U133/Y (INV_X0P7M_A9TR)                                                    0.08      0.09 *     1.74 f                   0.90
  gemm_unit/u_accumulator_vec/g_lane_30__u_add/fpnew_add/gen_operation_groups_0__i_opgroup_block/gen_parallel_slices_0__active_format_i_fmt_slice/gen_num_lanes_0__active_lane_lane_instance_i_fma/n2631 (net)                                                      7                   0.00       1.74 f                   
  gemm_unit/u_accumulator_vec/g_lane_30__u_add/fpnew_add/gen_operation_groups_0__i_opgroup_block/gen_parallel_slices_0__active_format_i_fmt_slice/gen_num_lanes_0__active_lane_lane_instance_i_fma/U44/Y (NAND2_X0P5M_A9TR)                                                   0.07      0.07 *     1.81 r                   0.90
  gemm_unit/u_accumulator_vec/g_lane_30__u_add/fpnew_add/gen_operation_groups_0__i_opgroup_block/gen_parallel_slices_0__active_format_i_fmt_slice/gen_num_lanes_0__active_lane_lane_instance_i_fma/n1182 (net)                                                      3                   0.00       1.81 r                   
  gemm_unit/u_accumulator_vec/g_lane_30__u_add/fpnew_add/gen_operation_groups_0__i_opgroup_block/gen_parallel_slices_0__active_format_i_fmt_slice/gen_num_lanes_0__active_lane_lane_instance_i_fma/U49/Y (NAND2_X0P5M_A9TR)                                                   0.07      0.07 *     1.88 f                   0.90
  gemm_unit/u_accumulator_vec/g_lane_30__u_add/fpnew_add/gen_operation_groups_0__i_opgroup_block/gen_parallel_slices_0__active_format_i_fmt_slice/gen_num_lanes_0__active_lane_lane_instance_i_fma/n1491 (net)                                                      4                   0.00       1.88 f                   
  gemm_unit/u_accumulator_vec/g_lane_30__u_add/fpnew_add/gen_operation_groups_0__i_opgroup_block/gen_parallel_slices_0__active_format_i_fmt_slice/gen_num_lanes_0__active_lane_lane_instance_i_fma/U819/Y (NOR2_X1M_A9TR)                                                     0.16      0.12 *     1.99 r                   0.90
  gemm_unit/u_accumulator_vec/g_lane_30__u_add/fpnew_add/gen_operation_groups_0__i_opgroup_block/gen_parallel_slices_0__active_format_i_fmt_slice/gen_num_lanes_0__active_lane_lane_instance_i_fma/addend_shamt[0] (net)                                            9                   0.00       1.99 r                   
  gemm_unit/u_accumulator_vec/g_lane_30__u_add/fpnew_add/gen_operation_groups_0__i_opgroup_block/gen_parallel_slices_0__active_format_i_fmt_slice/gen_num_lanes_0__active_lane_lane_instance_i_fma/U166/Y (INV_X0P7M_A9TR)                                                    0.08      0.09 *     2.08 f                   0.90
  gemm_unit/u_accumulator_vec/g_lane_30__u_add/fpnew_add/gen_operation_groups_0__i_opgroup_block/gen_parallel_slices_0__active_format_i_fmt_slice/gen_num_lanes_0__active_lane_lane_instance_i_fma/n2643 (net)                                                      8                   0.00       2.08 f                   
  gemm_unit/u_accumulator_vec/g_lane_30__u_add/fpnew_add/gen_operation_groups_0__i_opgroup_block/gen_parallel_slices_0__active_format_i_fmt_slice/gen_num_lanes_0__active_lane_lane_instance_i_fma/U833/Y (NOR2_X1M_A9TR)                                                     0.29      0.20 *     2.28 r                   0.90
  gemm_unit/u_accumulator_vec/g_lane_30__u_add/fpnew_add/gen_operation_groups_0__i_opgroup_block/gen_parallel_slices_0__active_format_i_fmt_slice/gen_num_lanes_0__active_lane_lane_instance_i_fma/n1554 (net)                                                     20                   0.00       2.28 r                   
  gemm_unit/u_accumulator_vec/g_lane_30__u_add/fpnew_add/gen_operation_groups_0__i_opgroup_block/gen_parallel_slices_0__active_format_i_fmt_slice/gen_num_lanes_0__active_lane_lane_instance_i_fma/U892/Y (AOI222_X0P7M_A9TR)                                                 0.15      0.15 *     2.43 f                   0.90
  gemm_unit/u_accumulator_vec/g_lane_30__u_add/fpnew_add/gen_operation_groups_0__i_opgroup_block/gen_parallel_slices_0__active_format_i_fmt_slice/gen_num_lanes_0__active_lane_lane_instance_i_fma/n1532 (net)                                                      2                   0.00       2.43 f                   
  gemm_unit/u_accumulator_vec/g_lane_30__u_add/fpnew_add/gen_operation_groups_0__i_opgroup_block/gen_parallel_slices_0__active_format_i_fmt_slice/gen_num_lanes_0__active_lane_lane_instance_i_fma/U895/Y (AOI22_X0P5M_A9TR)                                                  0.20      0.18 *     2.61 r                   0.90
  gemm_unit/u_accumulator_vec/g_lane_30__u_add/fpnew_add/gen_operation_groups_0__i_opgroup_block/gen_parallel_slices_0__active_format_i_fmt_slice/gen_num_lanes_0__active_lane_lane_instance_i_fma/n1699 (net)                                                      5                   0.00       2.61 r                   
  gemm_unit/u_accumulator_vec/g_lane_30__u_add/fpnew_add/gen_operation_groups_0__i_opgroup_block/gen_parallel_slices_0__active_format_i_fmt_slice/gen_num_lanes_0__active_lane_lane_instance_i_fma/U896/Y (OAI22_X0P7M_A9TR)                                                  0.12      0.12 *     2.73 f                   0.90
  gemm_unit/u_accumulator_vec/g_lane_30__u_add/fpnew_add/gen_operation_groups_0__i_opgroup_block/gen_parallel_slices_0__active_format_i_fmt_slice/gen_num_lanes_0__active_lane_lane_instance_i_fma/n1660 (net)                                                      4                   0.00       2.73 f                   
  gemm_unit/u_accumulator_vec/g_lane_30__u_add/fpnew_add/gen_operation_groups_0__i_opgroup_block/gen_parallel_slices_0__active_format_i_fmt_slice/gen_num_lanes_0__active_lane_lane_instance_i_fma/U911/Y (AOI22_X0P5M_A9TR)                                                  0.12      0.11 *     2.83 r                   0.90
  gemm_unit/u_accumulator_vec/g_lane_30__u_add/fpnew_add/gen_operation_groups_0__i_opgroup_block/gen_parallel_slices_0__active_format_i_fmt_slice/gen_num_lanes_0__active_lane_lane_instance_i_fma/n1711 (net)                                                      2                   0.00       2.83 r                   
  gemm_unit/u_accumulator_vec/g_lane_30__u_add/fpnew_add/gen_operation_groups_0__i_opgroup_block/gen_parallel_slices_0__active_format_i_fmt_slice/gen_num_lanes_0__active_lane_lane_instance_i_fma/U912/Y (NAND2_X0P5M_A9TR)                                                  0.07      0.06 *     2.89 f                   0.90
  gemm_unit/u_accumulator_vec/g_lane_30__u_add/fpnew_add/gen_operation_groups_0__i_opgroup_block/gen_parallel_slices_0__active_format_i_fmt_slice/gen_num_lanes_0__active_lane_lane_instance_i_fma/n1655 (net)                                                      2                   0.00       2.89 f                   
  gemm_unit/u_accumulator_vec/g_lane_30__u_add/fpnew_add/gen_operation_groups_0__i_opgroup_block/gen_parallel_slices_0__active_format_i_fmt_slice/gen_num_lanes_0__active_lane_lane_instance_i_fma/U922/Y (AND4_X0P7M_A9TR)                                                   0.03      0.08 *     2.97 f                   0.90
  gemm_unit/u_accumulator_vec/g_lane_30__u_add/fpnew_add/gen_operation_groups_0__i_opgroup_block/gen_parallel_slices_0__active_format_i_fmt_slice/gen_num_lanes_0__active_lane_lane_instance_i_fma/n1579 (net)                                                      1                   0.00       2.97 f                   
  gemm_unit/u_accumulator_vec/g_lane_30__u_add/fpnew_add/gen_operation_groups_0__i_opgroup_block/gen_parallel_slices_0__active_format_i_fmt_slice/gen_num_lanes_0__active_lane_lane_instance_i_fma/U988/Y (NOR4BB_X0P7M_A9TR)                                                 0.06      0.06 *     3.04 f                   0.90
  gemm_unit/u_accumulator_vec/g_lane_30__u_add/fpnew_add/gen_operation_groups_0__i_opgroup_block/gen_parallel_slices_0__active_format_i_fmt_slice/gen_num_lanes_0__active_lane_lane_instance_i_fma/n1613 (net)                                                      1                   0.00       3.04 f                   
  gemm_unit/u_accumulator_vec/g_lane_30__u_add/fpnew_add/gen_operation_groups_0__i_opgroup_block/gen_parallel_slices_0__active_format_i_fmt_slice/gen_num_lanes_0__active_lane_lane_instance_i_fma/U1016/Y (NOR4BB_X0P7M_A9TR)                                                0.05      0.07 *     3.11 f                   0.90
  gemm_unit/u_accumulator_vec/g_lane_30__u_add/fpnew_add/gen_operation_groups_0__i_opgroup_block/gen_parallel_slices_0__active_format_i_fmt_slice/gen_num_lanes_0__active_lane_lane_instance_i_fma/n1625 (net)                                                      1                   0.00       3.11 f                   
  gemm_unit/u_accumulator_vec/g_lane_30__u_add/fpnew_add/gen_operation_groups_0__i_opgroup_block/gen_parallel_slices_0__active_format_i_fmt_slice/gen_num_lanes_0__active_lane_lane_instance_i_fma/U1027/Y (OAI22_X0P5M_A9TR)                                                 0.15      0.11 *     3.22 r                   0.90
  gemm_unit/u_accumulator_vec/g_lane_30__u_add/fpnew_add/gen_operation_groups_0__i_opgroup_block/gen_parallel_slices_0__active_format_i_fmt_slice/gen_num_lanes_0__active_lane_lane_instance_i_fma/mid_pipe_sticky_q[0] (net)                                       3                   0.00       3.22 r                   
  gemm_unit/u_accumulator_vec/g_lane_30__u_add/fpnew_add/gen_operation_groups_0__i_opgroup_block/gen_parallel_slices_0__active_format_i_fmt_slice/gen_num_lanes_0__active_lane_lane_instance_i_fma/U1221/Y (NOR3_X1M_A9TR)                                                    0.10      0.10 *     3.31 f                   0.90
  gemm_unit/u_accumulator_vec/g_lane_30__u_add/fpnew_add/gen_operation_groups_0__i_opgroup_block/gen_parallel_slices_0__active_format_i_fmt_slice/gen_num_lanes_0__active_lane_lane_instance_i_fma/n2566 (net)                                                      3                   0.00       3.31 f                   
  gemm_unit/u_accumulator_vec/g_lane_30__u_add/fpnew_add/gen_operation_groups_0__i_opgroup_block/gen_parallel_slices_0__active_format_i_fmt_slice/gen_num_lanes_0__active_lane_lane_instance_i_fma/U1226/Y (NAND3_X0P7M_A9TR)                                                 0.11      0.10 *     3.41 r                   0.90
  gemm_unit/u_accumulator_vec/g_lane_30__u_add/fpnew_add/gen_operation_groups_0__i_opgroup_block/gen_parallel_slices_0__active_format_i_fmt_slice/gen_num_lanes_0__active_lane_lane_instance_i_fma/n2563 (net)                                                      5                   0.00       3.41 r                   
  gemm_unit/u_accumulator_vec/g_lane_30__u_add/fpnew_add/gen_operation_groups_0__i_opgroup_block/gen_parallel_slices_0__active_format_i_fmt_slice/gen_num_lanes_0__active_lane_lane_instance_i_fma/U1227/Y (NOR3_X1M_A9TR)                                                    0.07      0.08 *     3.50 f                   0.90
  gemm_unit/u_accumulator_vec/g_lane_30__u_add/fpnew_add/gen_operation_groups_0__i_opgroup_block/gen_parallel_slices_0__active_format_i_fmt_slice/gen_num_lanes_0__active_lane_lane_instance_i_fma/n2560 (net)                                                      3                   0.00       3.50 f                   
  gemm_unit/u_accumulator_vec/g_lane_30__u_add/fpnew_add/gen_operation_groups_0__i_opgroup_block/gen_parallel_slices_0__active_format_i_fmt_slice/gen_num_lanes_0__active_lane_lane_instance_i_fma/U1232/Y (NAND3_X0P7M_A9TR)                                                 0.12      0.09 *     3.58 r                   0.90
  gemm_unit/u_accumulator_vec/g_lane_30__u_add/fpnew_add/gen_operation_groups_0__i_opgroup_block/gen_parallel_slices_0__active_format_i_fmt_slice/gen_num_lanes_0__active_lane_lane_instance_i_fma/n2557 (net)                                                      5                   0.00       3.58 r                   
  gemm_unit/u_accumulator_vec/g_lane_30__u_add/fpnew_add/gen_operation_groups_0__i_opgroup_block/gen_parallel_slices_0__active_format_i_fmt_slice/gen_num_lanes_0__active_lane_lane_instance_i_fma/U1233/Y (NOR3_X1M_A9TR)                                                    0.08      0.08 *     3.67 f                   0.90
  gemm_unit/u_accumulator_vec/g_lane_30__u_add/fpnew_add/gen_operation_groups_0__i_opgroup_block/gen_parallel_slices_0__active_format_i_fmt_slice/gen_num_lanes_0__active_lane_lane_instance_i_fma/n2523 (net)                                                      3                   0.00       3.67 f                   
  gemm_unit/u_accumulator_vec/g_lane_30__u_add/fpnew_add/gen_operation_groups_0__i_opgroup_block/gen_parallel_slices_0__active_format_i_fmt_slice/gen_num_lanes_0__active_lane_lane_instance_i_fma/U1238/Y (NAND3_X0P7M_A9TR)                                                 0.12      0.09 *     3.76 r                   0.90
  gemm_unit/u_accumulator_vec/g_lane_30__u_add/fpnew_add/gen_operation_groups_0__i_opgroup_block/gen_parallel_slices_0__active_format_i_fmt_slice/gen_num_lanes_0__active_lane_lane_instance_i_fma/n2536 (net)                                                      5                   0.00       3.76 r                   
  gemm_unit/u_accumulator_vec/g_lane_30__u_add/fpnew_add/gen_operation_groups_0__i_opgroup_block/gen_parallel_slices_0__active_format_i_fmt_slice/gen_num_lanes_0__active_lane_lane_instance_i_fma/U1241/Y (NOR3_X1M_A9TR)                                                    0.07      0.08 *     3.85 f                   0.90
  gemm_unit/u_accumulator_vec/g_lane_30__u_add/fpnew_add/gen_operation_groups_0__i_opgroup_block/gen_parallel_slices_0__active_format_i_fmt_slice/gen_num_lanes_0__active_lane_lane_instance_i_fma/n2595 (net)                                                      4                   0.00       3.85 f                   
  gemm_unit/u_accumulator_vec/g_lane_30__u_add/fpnew_add/gen_operation_groups_0__i_opgroup_block/gen_parallel_slices_0__active_format_i_fmt_slice/gen_num_lanes_0__active_lane_lane_instance_i_fma/U1247/Y (NAND3_X0P7A_A9TR)                                                 0.10      0.08 *     3.93 r                   0.90
  gemm_unit/u_accumulator_vec/g_lane_30__u_add/fpnew_add/gen_operation_groups_0__i_opgroup_block/gen_parallel_slices_0__active_format_i_fmt_slice/gen_num_lanes_0__active_lane_lane_instance_i_fma/n2605 (net)                                                      5                   0.00       3.93 r                   
  gemm_unit/u_accumulator_vec/g_lane_30__u_add/fpnew_add/gen_operation_groups_0__i_opgroup_block/gen_parallel_slices_0__active_format_i_fmt_slice/gen_num_lanes_0__active_lane_lane_instance_i_fma/U1252/Y (NOR3_X1M_A9TR)                                                    0.07      0.07 *     4.00 f                   0.90
  gemm_unit/u_accumulator_vec/g_lane_30__u_add/fpnew_add/gen_operation_groups_0__i_opgroup_block/gen_parallel_slices_0__active_format_i_fmt_slice/gen_num_lanes_0__active_lane_lane_instance_i_fma/n2602 (net)                                                      4                   0.00       4.00 f                   
  gemm_unit/u_accumulator_vec/g_lane_30__u_add/fpnew_add/gen_operation_groups_0__i_opgroup_block/gen_parallel_slices_0__active_format_i_fmt_slice/gen_num_lanes_0__active_lane_lane_instance_i_fma/U1257/Y (NAND3_X0P7M_A9TR)                                                 0.14      0.10 *     4.10 r                   0.90
  gemm_unit/u_accumulator_vec/g_lane_30__u_add/fpnew_add/gen_operation_groups_0__i_opgroup_block/gen_parallel_slices_0__active_format_i_fmt_slice/gen_num_lanes_0__active_lane_lane_instance_i_fma/n2541 (net)                                                      5                   0.00       4.10 r                   
  gemm_unit/u_accumulator_vec/g_lane_30__u_add/fpnew_add/gen_operation_groups_0__i_opgroup_block/gen_parallel_slices_0__active_format_i_fmt_slice/gen_num_lanes_0__active_lane_lane_instance_i_fma/U1262/Y (NOR3_X1M_A9TR)                                                    0.07      0.09 *     4.19 f                   0.90
  gemm_unit/u_accumulator_vec/g_lane_30__u_add/fpnew_add/gen_operation_groups_0__i_opgroup_block/gen_parallel_slices_0__active_format_i_fmt_slice/gen_num_lanes_0__active_lane_lane_instance_i_fma/n2553 (net)                                                      3                   0.00       4.19 f                   
  gemm_unit/u_accumulator_vec/g_lane_30__u_add/fpnew_add/gen_operation_groups_0__i_opgroup_block/gen_parallel_slices_0__active_format_i_fmt_slice/gen_num_lanes_0__active_lane_lane_instance_i_fma/U1267/Y (NAND3_X0P7M_A9TR)                                                 0.11      0.08 *     4.27 r                   0.90
  gemm_unit/u_accumulator_vec/g_lane_30__u_add/fpnew_add/gen_operation_groups_0__i_opgroup_block/gen_parallel_slices_0__active_format_i_fmt_slice/gen_num_lanes_0__active_lane_lane_instance_i_fma/n2550 (net)                                                      4                   0.00       4.27 r                   
  gemm_unit/u_accumulator_vec/g_lane_30__u_add/fpnew_add/gen_operation_groups_0__i_opgroup_block/gen_parallel_slices_0__active_format_i_fmt_slice/gen_num_lanes_0__active_lane_lane_instance_i_fma/U1268/Y (NOR3_X1M_A9TR)                                                    0.08      0.09 *     4.36 f                   0.90
  gemm_unit/u_accumulator_vec/g_lane_30__u_add/fpnew_add/gen_operation_groups_0__i_opgroup_block/gen_parallel_slices_0__active_format_i_fmt_slice/gen_num_lanes_0__active_lane_lane_instance_i_fma/n2586 (net)                                                      2                   0.00       4.36 f                   
  gemm_unit/u_accumulator_vec/g_lane_30__u_add/fpnew_add/gen_operation_groups_0__i_opgroup_block/gen_parallel_slices_0__active_format_i_fmt_slice/gen_num_lanes_0__active_lane_lane_instance_i_fma/U1875/CO (ADDF_X1M_A9TR)                                                   0.04      0.11 *     4.47 f                   0.90
  gemm_unit/u_accumulator_vec/g_lane_30__u_add/fpnew_add/gen_operation_groups_0__i_opgroup_block/gen_parallel_slices_0__active_format_i_fmt_slice/gen_num_lanes_0__active_lane_lane_instance_i_fma/n1971 (net)                                                      3                   0.00       4.47 f                   
  gemm_unit/u_accumulator_vec/g_lane_30__u_add/fpnew_add/gen_operation_groups_0__i_opgroup_block/gen_parallel_slices_0__active_format_i_fmt_slice/gen_num_lanes_0__active_lane_lane_instance_i_fma/U1271/CON (CGENI_X1M_A9TR)                                                 0.10      0.07 *     4.54 r                   0.90
  gemm_unit/u_accumulator_vec/g_lane_30__u_add/fpnew_add/gen_operation_groups_0__i_opgroup_block/gen_parallel_slices_0__active_format_i_fmt_slice/gen_num_lanes_0__active_lane_lane_instance_i_fma/n1906 (net)                                                      3                   0.00       4.54 r                   
  gemm_unit/u_accumulator_vec/g_lane_30__u_add/fpnew_add/gen_operation_groups_0__i_opgroup_block/gen_parallel_slices_0__active_format_i_fmt_slice/gen_num_lanes_0__active_lane_lane_instance_i_fma/U1272/CON (CGENI_X1M_A9TR)                                                 0.07      0.06 *     4.60 f                   0.90
  gemm_unit/u_accumulator_vec/g_lane_30__u_add/fpnew_add/gen_operation_groups_0__i_opgroup_block/gen_parallel_slices_0__active_format_i_fmt_slice/gen_num_lanes_0__active_lane_lane_instance_i_fma/n1944 (net)                                                      3                   0.00       4.60 f                   
  gemm_unit/u_accumulator_vec/g_lane_30__u_add/fpnew_add/gen_operation_groups_0__i_opgroup_block/gen_parallel_slices_0__active_format_i_fmt_slice/gen_num_lanes_0__active_lane_lane_instance_i_fma/U1273/CON (CGENI_X1M_A9TR)                                                 0.10      0.07 *     4.68 r                   0.90
  gemm_unit/u_accumulator_vec/g_lane_30__u_add/fpnew_add/gen_operation_groups_0__i_opgroup_block/gen_parallel_slices_0__active_format_i_fmt_slice/gen_num_lanes_0__active_lane_lane_instance_i_fma/n1888 (net)                                                      3                   0.00       4.68 r                   
  gemm_unit/u_accumulator_vec/g_lane_30__u_add/fpnew_add/gen_operation_groups_0__i_opgroup_block/gen_parallel_slices_0__active_format_i_fmt_slice/gen_num_lanes_0__active_lane_lane_instance_i_fma/U1274/CON (CGENI_X1M_A9TR)                                                 0.06      0.06 *     4.74 f                   0.90
  gemm_unit/u_accumulator_vec/g_lane_30__u_add/fpnew_add/gen_operation_groups_0__i_opgroup_block/gen_parallel_slices_0__active_format_i_fmt_slice/gen_num_lanes_0__active_lane_lane_instance_i_fma/n1953 (net)                                                      3                   0.00       4.74 f                   
  gemm_unit/u_accumulator_vec/g_lane_30__u_add/fpnew_add/gen_operation_groups_0__i_opgroup_block/gen_parallel_slices_0__active_format_i_fmt_slice/gen_num_lanes_0__active_lane_lane_instance_i_fma/U1275/CON (CGENI_X1M_A9TR)                                                 0.09      0.07 *     4.81 r                   0.90
  gemm_unit/u_accumulator_vec/g_lane_30__u_add/fpnew_add/gen_operation_groups_0__i_opgroup_block/gen_parallel_slices_0__active_format_i_fmt_slice/gen_num_lanes_0__active_lane_lane_instance_i_fma/n1963 (net)                                                      3                   0.00       4.81 r                   
  gemm_unit/u_accumulator_vec/g_lane_30__u_add/fpnew_add/gen_operation_groups_0__i_opgroup_block/gen_parallel_slices_0__active_format_i_fmt_slice/gen_num_lanes_0__active_lane_lane_instance_i_fma/U1276/CON (CGENI_X1M_A9TR)                                                 0.07      0.06 *     4.87 f                   0.90
  gemm_unit/u_accumulator_vec/g_lane_30__u_add/fpnew_add/gen_operation_groups_0__i_opgroup_block/gen_parallel_slices_0__active_format_i_fmt_slice/gen_num_lanes_0__active_lane_lane_instance_i_fma/n2052 (net)                                                      3                   0.00       4.87 f                   
  gemm_unit/u_accumulator_vec/g_lane_30__u_add/fpnew_add/gen_operation_groups_0__i_opgroup_block/gen_parallel_slices_0__active_format_i_fmt_slice/gen_num_lanes_0__active_lane_lane_instance_i_fma/U1277/CON (CGENI_X1M_A9TR)                                                 0.09      0.07 *     4.95 r                   0.90
  gemm_unit/u_accumulator_vec/g_lane_30__u_add/fpnew_add/gen_operation_groups_0__i_opgroup_block/gen_parallel_slices_0__active_format_i_fmt_slice/gen_num_lanes_0__active_lane_lane_instance_i_fma/n2071 (net)                                                      3                   0.00       4.95 r                   
  gemm_unit/u_accumulator_vec/g_lane_30__u_add/fpnew_add/gen_operation_groups_0__i_opgroup_block/gen_parallel_slices_0__active_format_i_fmt_slice/gen_num_lanes_0__active_lane_lane_instance_i_fma/U1278/CON (CGENI_X1M_A9TR)                                                 0.07      0.06 *     5.01 f                   0.90
  gemm_unit/u_accumulator_vec/g_lane_30__u_add/fpnew_add/gen_operation_groups_0__i_opgroup_block/gen_parallel_slices_0__active_format_i_fmt_slice/gen_num_lanes_0__active_lane_lane_instance_i_fma/n2007 (net)                                                      3                   0.00       5.01 f                   
  gemm_unit/u_accumulator_vec/g_lane_30__u_add/fpnew_add/gen_operation_groups_0__i_opgroup_block/gen_parallel_slices_0__active_format_i_fmt_slice/gen_num_lanes_0__active_lane_lane_instance_i_fma/U1279/CON (CGENI_X1M_A9TR)                                                 0.09      0.07 *     5.08 r                   0.90
  gemm_unit/u_accumulator_vec/g_lane_30__u_add/fpnew_add/gen_operation_groups_0__i_opgroup_block/gen_parallel_slices_0__active_format_i_fmt_slice/gen_num_lanes_0__active_lane_lane_instance_i_fma/n2044 (net)                                                      3                   0.00       5.08 r                   
  gemm_unit/u_accumulator_vec/g_lane_30__u_add/fpnew_add/gen_operation_groups_0__i_opgroup_block/gen_parallel_slices_0__active_format_i_fmt_slice/gen_num_lanes_0__active_lane_lane_instance_i_fma/U1280/CON (CGENI_X1M_A9TR)                                                 0.06      0.06 *     5.14 f                   0.90
  gemm_unit/u_accumulator_vec/g_lane_30__u_add/fpnew_add/gen_operation_groups_0__i_opgroup_block/gen_parallel_slices_0__active_format_i_fmt_slice/gen_num_lanes_0__active_lane_lane_instance_i_fma/n1998 (net)                                                      3                   0.00       5.14 f                   
  gemm_unit/u_accumulator_vec/g_lane_30__u_add/fpnew_add/gen_operation_groups_0__i_opgroup_block/gen_parallel_slices_0__active_format_i_fmt_slice/gen_num_lanes_0__active_lane_lane_instance_i_fma/U1281/CON (CGENI_X1M_A9TR)                                                 0.09      0.07 *     5.21 r                   0.90
  gemm_unit/u_accumulator_vec/g_lane_30__u_add/fpnew_add/gen_operation_groups_0__i_opgroup_block/gen_parallel_slices_0__active_format_i_fmt_slice/gen_num_lanes_0__active_lane_lane_instance_i_fma/n2081 (net)                                                      3                   0.00       5.21 r                   
  gemm_unit/u_accumulator_vec/g_lane_30__u_add/fpnew_add/gen_operation_groups_0__i_opgroup_block/gen_parallel_slices_0__active_format_i_fmt_slice/gen_num_lanes_0__active_lane_lane_instance_i_fma/U1282/CON (CGENI_X1M_A9TR)                                                 0.06      0.06 *     5.27 f                   0.90
  gemm_unit/u_accumulator_vec/g_lane_30__u_add/fpnew_add/gen_operation_groups_0__i_opgroup_block/gen_parallel_slices_0__active_format_i_fmt_slice/gen_num_lanes_0__active_lane_lane_instance_i_fma/n2061 (net)                                                      3                   0.00       5.27 f                   
  gemm_unit/u_accumulator_vec/g_lane_30__u_add/fpnew_add/gen_operation_groups_0__i_opgroup_block/gen_parallel_slices_0__active_format_i_fmt_slice/gen_num_lanes_0__active_lane_lane_instance_i_fma/U1283/CON (CGENI_X1M_A9TR)                                                 0.09      0.07 *     5.34 r                   0.90
  gemm_unit/u_accumulator_vec/g_lane_30__u_add/fpnew_add/gen_operation_groups_0__i_opgroup_block/gen_parallel_slices_0__active_format_i_fmt_slice/gen_num_lanes_0__active_lane_lane_instance_i_fma/n1981 (net)                                                      3                   0.00       5.34 r                   
  gemm_unit/u_accumulator_vec/g_lane_30__u_add/fpnew_add/gen_operation_groups_0__i_opgroup_block/gen_parallel_slices_0__active_format_i_fmt_slice/gen_num_lanes_0__active_lane_lane_instance_i_fma/U1284/CON (CGENI_X1M_A9TR)                                                 0.06      0.06 *     5.40 f                   0.90
  gemm_unit/u_accumulator_vec/g_lane_30__u_add/fpnew_add/gen_operation_groups_0__i_opgroup_block/gen_parallel_slices_0__active_format_i_fmt_slice/gen_num_lanes_0__active_lane_lane_instance_i_fma/n1896 (net)                                                      3                   0.00       5.40 f                   
  gemm_unit/u_accumulator_vec/g_lane_30__u_add/fpnew_add/gen_operation_groups_0__i_opgroup_block/gen_parallel_slices_0__active_format_i_fmt_slice/gen_num_lanes_0__active_lane_lane_instance_i_fma/U1285/CON (CGENI_X1M_A9TR)                                                 0.10      0.08 *     5.48 r                   0.90
  gemm_unit/u_accumulator_vec/g_lane_30__u_add/fpnew_add/gen_operation_groups_0__i_opgroup_block/gen_parallel_slices_0__active_format_i_fmt_slice/gen_num_lanes_0__active_lane_lane_instance_i_fma/n1935 (net)                                                      3                   0.00       5.48 r                   
  gemm_unit/u_accumulator_vec/g_lane_30__u_add/fpnew_add/gen_operation_groups_0__i_opgroup_block/gen_parallel_slices_0__active_format_i_fmt_slice/gen_num_lanes_0__active_lane_lane_instance_i_fma/U1287/CON (CGENI_X1M_A9TR)                                                 0.07      0.06 *     5.54 f                   0.90
  gemm_unit/u_accumulator_vec/g_lane_30__u_add/fpnew_add/gen_operation_groups_0__i_opgroup_block/gen_parallel_slices_0__active_format_i_fmt_slice/gen_num_lanes_0__active_lane_lane_instance_i_fma/n2017 (net)                                                      3                   0.00       5.54 f                   
  gemm_unit/u_accumulator_vec/g_lane_30__u_add/fpnew_add/gen_operation_groups_0__i_opgroup_block/gen_parallel_slices_0__active_format_i_fmt_slice/gen_num_lanes_0__active_lane_lane_instance_i_fma/U1288/CON (CGENI_X1M_A9TR)                                                 0.10      0.08 *     5.62 r                   0.90
  gemm_unit/u_accumulator_vec/g_lane_30__u_add/fpnew_add/gen_operation_groups_0__i_opgroup_block/gen_parallel_slices_0__active_format_i_fmt_slice/gen_num_lanes_0__active_lane_lane_instance_i_fma/n2026 (net)                                                      3                   0.00       5.62 r                   
  gemm_unit/u_accumulator_vec/g_lane_30__u_add/fpnew_add/gen_operation_groups_0__i_opgroup_block/gen_parallel_slices_0__active_format_i_fmt_slice/gen_num_lanes_0__active_lane_lane_instance_i_fma/U1289/CON (CGENI_X1M_A9TR)                                                 0.07      0.06 *     5.68 f                   0.90
  gemm_unit/u_accumulator_vec/g_lane_30__u_add/fpnew_add/gen_operation_groups_0__i_opgroup_block/gen_parallel_slices_0__active_format_i_fmt_slice/gen_num_lanes_0__active_lane_lane_instance_i_fma/n1990 (net)                                                      3                   0.00       5.68 f                   
  gemm_unit/u_accumulator_vec/g_lane_30__u_add/fpnew_add/gen_operation_groups_0__i_opgroup_block/gen_parallel_slices_0__active_format_i_fmt_slice/gen_num_lanes_0__active_lane_lane_instance_i_fma/U1290/CON (CGENI_X1M_A9TR)                                                 0.10      0.08 *     5.76 r                   0.90
  gemm_unit/u_accumulator_vec/g_lane_30__u_add/fpnew_add/gen_operation_groups_0__i_opgroup_block/gen_parallel_slices_0__active_format_i_fmt_slice/gen_num_lanes_0__active_lane_lane_instance_i_fma/n1915 (net)                                                      3                   0.00       5.76 r                   
  gemm_unit/u_accumulator_vec/g_lane_30__u_add/fpnew_add/gen_operation_groups_0__i_opgroup_block/gen_parallel_slices_0__active_format_i_fmt_slice/gen_num_lanes_0__active_lane_lane_instance_i_fma/U1292/CON (CGENI_X1M_A9TR)                                                 0.07      0.06 *     5.82 f                   0.90
  gemm_unit/u_accumulator_vec/g_lane_30__u_add/fpnew_add/gen_operation_groups_0__i_opgroup_block/gen_parallel_slices_0__active_format_i_fmt_slice/gen_num_lanes_0__active_lane_lane_instance_i_fma/n2035 (net)                                                      3                   0.00       5.82 f                   
  gemm_unit/u_accumulator_vec/g_lane_30__u_add/fpnew_add/gen_operation_groups_0__i_opgroup_block/gen_parallel_slices_0__active_format_i_fmt_slice/gen_num_lanes_0__active_lane_lane_instance_i_fma/U1293/CON (CGENI_X1M_A9TR)                                                 0.09      0.08 *     5.89 r                   0.90
  gemm_unit/u_accumulator_vec/g_lane_30__u_add/fpnew_add/gen_operation_groups_0__i_opgroup_block/gen_parallel_slices_0__active_format_i_fmt_slice/gen_num_lanes_0__active_lane_lane_instance_i_fma/n1925 (net)                                                      3                   0.00       5.89 r                   
  gemm_unit/u_accumulator_vec/g_lane_30__u_add/fpnew_add/gen_operation_groups_0__i_opgroup_block/gen_parallel_slices_0__active_format_i_fmt_slice/gen_num_lanes_0__active_lane_lane_instance_i_fma/U1295/CON (CGENI_X1M_A9TR)                                                 0.07      0.06 *     5.95 f                   0.90
  gemm_unit/u_accumulator_vec/g_lane_30__u_add/fpnew_add/gen_operation_groups_0__i_opgroup_block/gen_parallel_slices_0__active_format_i_fmt_slice/gen_num_lanes_0__active_lane_lane_instance_i_fma/n1879 (net)                                                      3                   0.00       5.95 f                   
  gemm_unit/u_accumulator_vec/g_lane_30__u_add/fpnew_add/gen_operation_groups_0__i_opgroup_block/gen_parallel_slices_0__active_format_i_fmt_slice/gen_num_lanes_0__active_lane_lane_instance_i_fma/U1296/CON (CGENI_X1M_A9TR)                                                 0.07      0.06 *     6.01 r                   0.90
  gemm_unit/u_accumulator_vec/g_lane_30__u_add/fpnew_add/gen_operation_groups_0__i_opgroup_block/gen_parallel_slices_0__active_format_i_fmt_slice/gen_num_lanes_0__active_lane_lane_instance_i_fma/n1781 (net)                                                      2                   0.00       6.01 r                   
  gemm_unit/u_accumulator_vec/g_lane_30__u_add/fpnew_add/gen_operation_groups_0__i_opgroup_block/gen_parallel_slices_0__active_format_i_fmt_slice/gen_num_lanes_0__active_lane_lane_instance_i_fma/U1298/Y (NOR2_X0P5B_A9TR)                                                  0.07      0.05 *     6.06 f                   0.90
  gemm_unit/u_accumulator_vec/g_lane_30__u_add/fpnew_add/gen_operation_groups_0__i_opgroup_block/gen_parallel_slices_0__active_format_i_fmt_slice/gen_num_lanes_0__active_lane_lane_instance_i_fma/n2579 (net)                                                      3                   0.00       6.06 f                   
  gemm_unit/u_accumulator_vec/g_lane_30__u_add/fpnew_add/gen_operation_groups_0__i_opgroup_block/gen_parallel_slices_0__active_format_i_fmt_slice/gen_num_lanes_0__active_lane_lane_instance_i_fma/U1299/Y (NAND2_X0P5M_A9TR)                                                 0.07      0.07 *     6.12 r                   0.90
  gemm_unit/u_accumulator_vec/g_lane_30__u_add/fpnew_add/gen_operation_groups_0__i_opgroup_block/gen_parallel_slices_0__active_format_i_fmt_slice/gen_num_lanes_0__active_lane_lane_instance_i_fma/n2578 (net)                                                      3                   0.00       6.12 r                   
  gemm_unit/u_accumulator_vec/g_lane_30__u_add/fpnew_add/gen_operation_groups_0__i_opgroup_block/gen_parallel_slices_0__active_format_i_fmt_slice/gen_num_lanes_0__active_lane_lane_instance_i_fma/U1300/Y (NOR2_X0P5B_A9TR)                                                  0.06      0.05 *     6.18 f                   0.90
  gemm_unit/u_accumulator_vec/g_lane_30__u_add/fpnew_add/gen_operation_groups_0__i_opgroup_block/gen_parallel_slices_0__active_format_i_fmt_slice/gen_num_lanes_0__active_lane_lane_instance_i_fma/n1809 (net)                                                      3                   0.00       6.18 f                   
  gemm_unit/u_accumulator_vec/g_lane_30__u_add/fpnew_add/gen_operation_groups_0__i_opgroup_block/gen_parallel_slices_0__active_format_i_fmt_slice/gen_num_lanes_0__active_lane_lane_instance_i_fma/U1301/Y (NAND2_X0P5M_A9TR)                                                 0.09      0.07 *     6.24 r                   0.90
  gemm_unit/u_accumulator_vec/g_lane_30__u_add/fpnew_add/gen_operation_groups_0__i_opgroup_block/gen_parallel_slices_0__active_format_i_fmt_slice/gen_num_lanes_0__active_lane_lane_instance_i_fma/n1788 (net)                                                      3                   0.00       6.24 r                   
  gemm_unit/u_accumulator_vec/g_lane_30__u_add/fpnew_add/gen_operation_groups_0__i_opgroup_block/gen_parallel_slices_0__active_format_i_fmt_slice/gen_num_lanes_0__active_lane_lane_instance_i_fma/U1302/Y (NOR2_X0P5B_A9TR)                                                  0.06      0.06 *     6.30 f                   0.90
  gemm_unit/u_accumulator_vec/g_lane_30__u_add/fpnew_add/gen_operation_groups_0__i_opgroup_block/gen_parallel_slices_0__active_format_i_fmt_slice/gen_num_lanes_0__active_lane_lane_instance_i_fma/n1787 (net)                                                      3                   0.00       6.30 f                   
  gemm_unit/u_accumulator_vec/g_lane_30__u_add/fpnew_add/gen_operation_groups_0__i_opgroup_block/gen_parallel_slices_0__active_format_i_fmt_slice/gen_num_lanes_0__active_lane_lane_instance_i_fma/U1303/Y (NAND2_X0P5M_A9TR)                                                 0.09      0.06 *     6.37 r                   0.90
  gemm_unit/u_accumulator_vec/g_lane_30__u_add/fpnew_add/gen_operation_groups_0__i_opgroup_block/gen_parallel_slices_0__active_format_i_fmt_slice/gen_num_lanes_0__active_lane_lane_instance_i_fma/n1817 (net)                                                      3                   0.00       6.37 r                   
  gemm_unit/u_accumulator_vec/g_lane_30__u_add/fpnew_add/gen_operation_groups_0__i_opgroup_block/gen_parallel_slices_0__active_format_i_fmt_slice/gen_num_lanes_0__active_lane_lane_instance_i_fma/U1304/Y (NOR2_X0P5B_A9TR)                                                  0.06      0.06 *     6.42 f                   0.90
  gemm_unit/u_accumulator_vec/g_lane_30__u_add/fpnew_add/gen_operation_groups_0__i_opgroup_block/gen_parallel_slices_0__active_format_i_fmt_slice/gen_num_lanes_0__active_lane_lane_instance_i_fma/n1816 (net)                                                      3                   0.00       6.42 f                   
  gemm_unit/u_accumulator_vec/g_lane_30__u_add/fpnew_add/gen_operation_groups_0__i_opgroup_block/gen_parallel_slices_0__active_format_i_fmt_slice/gen_num_lanes_0__active_lane_lane_instance_i_fma/U1305/Y (NAND2_X0P5M_A9TR)                                                 0.08      0.06 *     6.49 r                   0.90
  gemm_unit/u_accumulator_vec/g_lane_30__u_add/fpnew_add/gen_operation_groups_0__i_opgroup_block/gen_parallel_slices_0__active_format_i_fmt_slice/gen_num_lanes_0__active_lane_lane_instance_i_fma/n1825 (net)                                                      3                   0.00       6.49 r                   
  gemm_unit/u_accumulator_vec/g_lane_30__u_add/fpnew_add/gen_operation_groups_0__i_opgroup_block/gen_parallel_slices_0__active_format_i_fmt_slice/gen_num_lanes_0__active_lane_lane_instance_i_fma/U1306/Y (NOR2_X0P5B_A9TR)                                                  0.06      0.06 *     6.54 f                   0.90
  gemm_unit/u_accumulator_vec/g_lane_30__u_add/fpnew_add/gen_operation_groups_0__i_opgroup_block/gen_parallel_slices_0__active_format_i_fmt_slice/gen_num_lanes_0__active_lane_lane_instance_i_fma/n1824 (net)                                                      3                   0.00       6.54 f                   
  gemm_unit/u_accumulator_vec/g_lane_30__u_add/fpnew_add/gen_operation_groups_0__i_opgroup_block/gen_parallel_slices_0__active_format_i_fmt_slice/gen_num_lanes_0__active_lane_lane_instance_i_fma/U1307/Y (NAND2_X0P5M_A9TR)                                                 0.08      0.06 *     6.61 r                   0.90
  gemm_unit/u_accumulator_vec/g_lane_30__u_add/fpnew_add/gen_operation_groups_0__i_opgroup_block/gen_parallel_slices_0__active_format_i_fmt_slice/gen_num_lanes_0__active_lane_lane_instance_i_fma/n1865 (net)                                                      3                   0.00       6.61 r                   
  gemm_unit/u_accumulator_vec/g_lane_30__u_add/fpnew_add/gen_operation_groups_0__i_opgroup_block/gen_parallel_slices_0__active_format_i_fmt_slice/gen_num_lanes_0__active_lane_lane_instance_i_fma/U1308/Y (NOR2_X0P5B_A9TR)                                                  0.06      0.06 *     6.66 f                   0.90
  gemm_unit/u_accumulator_vec/g_lane_30__u_add/fpnew_add/gen_operation_groups_0__i_opgroup_block/gen_parallel_slices_0__active_format_i_fmt_slice/gen_num_lanes_0__active_lane_lane_instance_i_fma/n1864 (net)                                                      3                   0.00       6.66 f                   
  gemm_unit/u_accumulator_vec/g_lane_30__u_add/fpnew_add/gen_operation_groups_0__i_opgroup_block/gen_parallel_slices_0__active_format_i_fmt_slice/gen_num_lanes_0__active_lane_lane_instance_i_fma/U1309/Y (NAND2_X0P5M_A9TR)                                                 0.08      0.06 *     6.72 r                   0.90
  gemm_unit/u_accumulator_vec/g_lane_30__u_add/fpnew_add/gen_operation_groups_0__i_opgroup_block/gen_parallel_slices_0__active_format_i_fmt_slice/gen_num_lanes_0__active_lane_lane_instance_i_fma/n1833 (net)                                                      3                   0.00       6.72 r                   
  gemm_unit/u_accumulator_vec/g_lane_30__u_add/fpnew_add/gen_operation_groups_0__i_opgroup_block/gen_parallel_slices_0__active_format_i_fmt_slice/gen_num_lanes_0__active_lane_lane_instance_i_fma/U1310/Y (NOR2_X0P5B_A9TR)                                                  0.06      0.05 *     6.78 f                   0.90
  gemm_unit/u_accumulator_vec/g_lane_30__u_add/fpnew_add/gen_operation_groups_0__i_opgroup_block/gen_parallel_slices_0__active_format_i_fmt_slice/gen_num_lanes_0__active_lane_lane_instance_i_fma/n1832 (net)                                                      3                   0.00       6.78 f                   
  gemm_unit/u_accumulator_vec/g_lane_30__u_add/fpnew_add/gen_operation_groups_0__i_opgroup_block/gen_parallel_slices_0__active_format_i_fmt_slice/gen_num_lanes_0__active_lane_lane_instance_i_fma/U1311/Y (NAND2_X0P5M_A9TR)                                                 0.08      0.06 *     6.84 r                   0.90
  gemm_unit/u_accumulator_vec/g_lane_30__u_add/fpnew_add/gen_operation_groups_0__i_opgroup_block/gen_parallel_slices_0__active_format_i_fmt_slice/gen_num_lanes_0__active_lane_lane_instance_i_fma/n1841 (net)                                                      3                   0.00       6.84 r                   
  gemm_unit/u_accumulator_vec/g_lane_30__u_add/fpnew_add/gen_operation_groups_0__i_opgroup_block/gen_parallel_slices_0__active_format_i_fmt_slice/gen_num_lanes_0__active_lane_lane_instance_i_fma/U1312/Y (NOR2_X0P5B_A9TR)                                                  0.06      0.06 *     6.90 f                   0.90
  gemm_unit/u_accumulator_vec/g_lane_30__u_add/fpnew_add/gen_operation_groups_0__i_opgroup_block/gen_parallel_slices_0__active_format_i_fmt_slice/gen_num_lanes_0__active_lane_lane_instance_i_fma/n1840 (net)                                                      3                   0.00       6.90 f                   
  gemm_unit/u_accumulator_vec/g_lane_30__u_add/fpnew_add/gen_operation_groups_0__i_opgroup_block/gen_parallel_slices_0__active_format_i_fmt_slice/gen_num_lanes_0__active_lane_lane_instance_i_fma/U1313/Y (NAND2_X0P5M_A9TR)                                                 0.08      0.06 *     6.96 r                   0.90
  gemm_unit/u_accumulator_vec/g_lane_30__u_add/fpnew_add/gen_operation_groups_0__i_opgroup_block/gen_parallel_slices_0__active_format_i_fmt_slice/gen_num_lanes_0__active_lane_lane_instance_i_fma/n1857 (net)                                                      3                   0.00       6.96 r                   
  gemm_unit/u_accumulator_vec/g_lane_30__u_add/fpnew_add/gen_operation_groups_0__i_opgroup_block/gen_parallel_slices_0__active_format_i_fmt_slice/gen_num_lanes_0__active_lane_lane_instance_i_fma/U1314/Y (NOR2_X0P5B_A9TR)                                                  0.06      0.06 *     7.01 f                   0.90
  gemm_unit/u_accumulator_vec/g_lane_30__u_add/fpnew_add/gen_operation_groups_0__i_opgroup_block/gen_parallel_slices_0__active_format_i_fmt_slice/gen_num_lanes_0__active_lane_lane_instance_i_fma/n1856 (net)                                                      3                   0.00       7.01 f                   
  gemm_unit/u_accumulator_vec/g_lane_30__u_add/fpnew_add/gen_operation_groups_0__i_opgroup_block/gen_parallel_slices_0__active_format_i_fmt_slice/gen_num_lanes_0__active_lane_lane_instance_i_fma/U1315/Y (NAND2_X0P5M_A9TR)                                                 0.08      0.06 *     7.07 r                   0.90
  gemm_unit/u_accumulator_vec/g_lane_30__u_add/fpnew_add/gen_operation_groups_0__i_opgroup_block/gen_parallel_slices_0__active_format_i_fmt_slice/gen_num_lanes_0__active_lane_lane_instance_i_fma/n1849 (net)                                                      3                   0.00       7.07 r                   
  gemm_unit/u_accumulator_vec/g_lane_30__u_add/fpnew_add/gen_operation_groups_0__i_opgroup_block/gen_parallel_slices_0__active_format_i_fmt_slice/gen_num_lanes_0__active_lane_lane_instance_i_fma/U1316/Y (NOR2_X0P5B_A9TR)                                                  0.06      0.06 *     7.13 f                   0.90
  gemm_unit/u_accumulator_vec/g_lane_30__u_add/fpnew_add/gen_operation_groups_0__i_opgroup_block/gen_parallel_slices_0__active_format_i_fmt_slice/gen_num_lanes_0__active_lane_lane_instance_i_fma/n1848 (net)                                                      3                   0.00       7.13 f                   
  gemm_unit/u_accumulator_vec/g_lane_30__u_add/fpnew_add/gen_operation_groups_0__i_opgroup_block/gen_parallel_slices_0__active_format_i_fmt_slice/gen_num_lanes_0__active_lane_lane_instance_i_fma/U1317/Y (NAND2_X0P5M_A9TR)                                                 0.09      0.06 *     7.19 r                   0.90
  gemm_unit/u_accumulator_vec/g_lane_30__u_add/fpnew_add/gen_operation_groups_0__i_opgroup_block/gen_parallel_slices_0__active_format_i_fmt_slice/gen_num_lanes_0__active_lane_lane_instance_i_fma/n1802 (net)                                                      3                   0.00       7.19 r                   
  gemm_unit/u_accumulator_vec/g_lane_30__u_add/fpnew_add/gen_operation_groups_0__i_opgroup_block/gen_parallel_slices_0__active_format_i_fmt_slice/gen_num_lanes_0__active_lane_lane_instance_i_fma/U1318/Y (NOR2_X0P5B_A9TR)                                                  0.06      0.06 *     7.25 f                   0.90
  gemm_unit/u_accumulator_vec/g_lane_30__u_add/fpnew_add/gen_operation_groups_0__i_opgroup_block/gen_parallel_slices_0__active_format_i_fmt_slice/gen_num_lanes_0__active_lane_lane_instance_i_fma/n1801 (net)                                                      3                   0.00       7.25 f                   
  gemm_unit/u_accumulator_vec/g_lane_30__u_add/fpnew_add/gen_operation_groups_0__i_opgroup_block/gen_parallel_slices_0__active_format_i_fmt_slice/gen_num_lanes_0__active_lane_lane_instance_i_fma/U1319/Y (NAND2_X0P5M_A9TR)                                                 0.09      0.06 *     7.31 r                   0.90
  gemm_unit/u_accumulator_vec/g_lane_30__u_add/fpnew_add/gen_operation_groups_0__i_opgroup_block/gen_parallel_slices_0__active_format_i_fmt_slice/gen_num_lanes_0__active_lane_lane_instance_i_fma/n1795 (net)                                                      3                   0.00       7.31 r                   
  gemm_unit/u_accumulator_vec/g_lane_30__u_add/fpnew_add/gen_operation_groups_0__i_opgroup_block/gen_parallel_slices_0__active_format_i_fmt_slice/gen_num_lanes_0__active_lane_lane_instance_i_fma/U1320/Y (NOR2_X0P5B_A9TR)                                                  0.06      0.06 *     7.37 f                   0.90
  gemm_unit/u_accumulator_vec/g_lane_30__u_add/fpnew_add/gen_operation_groups_0__i_opgroup_block/gen_parallel_slices_0__active_format_i_fmt_slice/gen_num_lanes_0__active_lane_lane_instance_i_fma/n2572 (net)                                                      3                   0.00       7.37 f                   
  gemm_unit/u_accumulator_vec/g_lane_30__u_add/fpnew_add/gen_operation_groups_0__i_opgroup_block/gen_parallel_slices_0__active_format_i_fmt_slice/gen_num_lanes_0__active_lane_lane_instance_i_fma/U1321/Y (NAND2_X0P5M_A9TR)                                                 0.06      0.06 *     7.43 r                   0.90
  gemm_unit/u_accumulator_vec/g_lane_30__u_add/fpnew_add/gen_operation_groups_0__i_opgroup_block/gen_parallel_slices_0__active_format_i_fmt_slice/gen_num_lanes_0__active_lane_lane_instance_i_fma/n2571 (net)                                                      2                   0.00       7.43 r                   
  gemm_unit/u_accumulator_vec/g_lane_30__u_add/fpnew_add/gen_operation_groups_0__i_opgroup_block/gen_parallel_slices_0__active_format_i_fmt_slice/gen_num_lanes_0__active_lane_lane_instance_i_fma/U1322/Y (NOR2_X0P5B_A9TR)                                                  0.04      0.05 *     7.47 f                   0.90
  gemm_unit/u_accumulator_vec/g_lane_30__u_add/fpnew_add/gen_operation_groups_0__i_opgroup_block/gen_parallel_slices_0__active_format_i_fmt_slice/gen_num_lanes_0__active_lane_lane_instance_i_fma/n2483 (net)                                                      2                   0.00       7.47 f                   
  gemm_unit/u_accumulator_vec/g_lane_30__u_add/fpnew_add/gen_operation_groups_0__i_opgroup_block/gen_parallel_slices_0__active_format_i_fmt_slice/gen_num_lanes_0__active_lane_lane_instance_i_fma/U1323/Y (AOI31_X0P7M_A9TR)                                                 0.77      0.46 *     7.94 r                   0.90
  gemm_unit/u_accumulator_vec/g_lane_30__u_add/fpnew_add/gen_operation_groups_0__i_opgroup_block/gen_parallel_slices_0__active_format_i_fmt_slice/gen_num_lanes_0__active_lane_lane_instance_i_fma/n1735 (net)                                                     33                   0.00       7.94 r                   
  gemm_unit/u_accumulator_vec/g_lane_30__u_add/fpnew_add/gen_operation_groups_0__i_opgroup_block/gen_parallel_slices_0__active_format_i_fmt_slice/gen_num_lanes_0__active_lane_lane_instance_i_fma/U960/Y (BUF_X1M_A9TR)                                                      0.19      0.23 *     8.17 r                   0.90
  gemm_unit/u_accumulator_vec/g_lane_30__u_add/fpnew_add/gen_operation_groups_0__i_opgroup_block/gen_parallel_slices_0__active_format_i_fmt_slice/gen_num_lanes_0__active_lane_lane_instance_i_fma/n2687 (net)                                                     20                   0.00       8.17 r                   
  gemm_unit/u_accumulator_vec/g_lane_30__u_add/fpnew_add/gen_operation_groups_0__i_opgroup_block/gen_parallel_slices_0__active_format_i_fmt_slice/gen_num_lanes_0__active_lane_lane_instance_i_fma/U966/Y (INV_X0P7M_A9TR)                                                    0.15      0.15 *     8.32 f                   0.90
  gemm_unit/u_accumulator_vec/g_lane_30__u_add/fpnew_add/gen_operation_groups_0__i_opgroup_block/gen_parallel_slices_0__active_format_i_fmt_slice/gen_num_lanes_0__active_lane_lane_instance_i_fma/n2688 (net)                                                     19                   0.00       8.32 f                   
  gemm_unit/u_accumulator_vec/g_lane_30__u_add/fpnew_add/gen_operation_groups_0__i_opgroup_block/gen_parallel_slices_0__active_format_i_fmt_slice/gen_num_lanes_0__active_lane_lane_instance_i_fma/U1468/Y (AOI221_X0P7M_A9TR)                                                0.10      0.10 *     8.42 r                   0.90
  gemm_unit/u_accumulator_vec/g_lane_30__u_add/fpnew_add/gen_operation_groups_0__i_opgroup_block/gen_parallel_slices_0__active_format_i_fmt_slice/gen_num_lanes_0__active_lane_lane_instance_i_fma/n1960 (net)                                                      1                   0.00       8.42 r                   
  gemm_unit/u_accumulator_vec/g_lane_30__u_add/fpnew_add/gen_operation_groups_0__i_opgroup_block/gen_parallel_slices_0__active_format_i_fmt_slice/gen_num_lanes_0__active_lane_lane_instance_i_fma/U1469/Y (OA21A1OI2_X0P7M_A9TR)                                             0.05      0.04 *     8.46 f                   0.90
  gemm_unit/u_accumulator_vec/g_lane_30__u_add/fpnew_add/gen_operation_groups_0__i_opgroup_block/gen_parallel_slices_0__active_format_i_fmt_slice/gen_num_lanes_0__active_lane_lane_instance_i_fma/n1964 (net)                                                      1                   0.00       8.46 f                   
  gemm_unit/u_accumulator_vec/g_lane_30__u_add/fpnew_add/gen_operation_groups_0__i_opgroup_block/gen_parallel_slices_0__active_format_i_fmt_slice/gen_num_lanes_0__active_lane_lane_instance_i_fma/U1470/Y (XNOR2_X0P5M_A9TR)                                                 0.08      0.07 *     8.53 r                   0.90
  gemm_unit/u_accumulator_vec/g_lane_30__u_add/fpnew_add/gen_operation_groups_0__i_opgroup_block/gen_parallel_slices_0__active_format_i_fmt_slice/gen_num_lanes_0__active_lane_lane_instance_i_fma/sum[31] (net)                                                    1                   0.00       8.53 r                   
  gemm_unit/u_accumulator_vec/g_lane_30__u_add/fpnew_add/gen_operation_groups_0__i_opgroup_block/gen_parallel_slices_0__active_format_i_fmt_slice/gen_num_lanes_0__active_lane_lane_instance_i_fma/mid_pipe_sum_q_reg_1__31_/D (DFFRPQ_X0P5M_A9TR)                            0.08      0.00 *     8.53 r                   0.90
  data arrival time                                                                                                                                                                                                                                                                                8.53                     

  clock CLK (rise edge)                                                                                                                                                                                                                                                                10.00      10.00                     
  clock network delay (ideal)                                                                                                                                                                                                                                                           0.00      10.00                     
  gemm_unit/u_accumulator_vec/g_lane_30__u_add/fpnew_add/gen_operation_groups_0__i_opgroup_block/gen_parallel_slices_0__active_format_i_fmt_slice/gen_num_lanes_0__active_lane_lane_instance_i_fma/mid_pipe_sum_q_reg_1__31_/CK (DFFRPQ_X0P5M_A9TR)                                     0.00      10.00 r                   
  library setup time                                                                                                                                                                                                                                                                   -0.07       9.93                     
  data required time                                                                                                                                                                                                                                                                               9.93                     
  ---------------------------------------------------------------------------------------------------------------------------------------------------------------------------------------------------------------------------------------------------------------------------------------------------------------------------------------
  data required time                                                                                                                                                                                                                                                                               9.93                     
  data arrival time                                                                                                                                                                                                                                                                               -8.53                     
  ---------------------------------------------------------------------------------------------------------------------------------------------------------------------------------------------------------------------------------------------------------------------------------------------------------------------------------------
  slack (MET)                                                                                                                                                                                                                                                                                      1.40                     


  Startpoint: gemm_unit/u_accumulator_vec/g_lane_30__u_add/input_buffer/g_eb1_pipe_buffer/g_register_g_pipe_regs_0__pipe_register/g_shift_register/g_shift_pipe_reg_0__0_
              (rising edge-triggered flip-flop clocked by CLK)
  Endpoint: gemm_unit/u_accumulator_vec/g_lane_30__u_add/fpnew_add/gen_operation_groups_0__i_opgroup_block/gen_parallel_slices_0__active_format_i_fmt_slice/gen_num_lanes_0__active_lane_lane_instance_i_fma/mid_pipe_sum_q_reg_1__48_
            (rising edge-triggered flip-flop clocked by CLK)
  Scenario: mode_norm.OC_rvt_ss_0p900v_125c
  Path Group: CLK
  Path Type: max

Attributes:
    d - dont_touch
    u - dont_use
   mo - map_only
   so - size_only
    i - ideal_net or ideal_network
  inf - infeasible path

  Point                                                                                                                                                                                                                                                           Fanout     Trans      Incr       Path      Attributes     Voltage
  ---------------------------------------------------------------------------------------------------------------------------------------------------------------------------------------------------------------------------------------------------------------------------------------------------------------------------------------
  clock CLK (rise edge)                                                                                                                                                                                                                                                                 0.00       0.00                     
  clock network delay (ideal)                                                                                                                                                                                                                                                           0.00       0.00                     
  gemm_unit/u_accumulator_vec/g_lane_30__u_add/input_buffer/g_eb1_pipe_buffer/g_register_g_pipe_regs_0__pipe_register/g_shift_register/g_shift_pipe_reg_0__0_/CK (DFFQ_X0P5M_A9TR)                                                                                            0.00      0.00       0.00 r    i              0.90
  gemm_unit/u_accumulator_vec/g_lane_30__u_add/input_buffer/g_eb1_pipe_buffer/g_register_g_pipe_regs_0__pipe_register/g_shift_register/g_shift_pipe_reg_0__0_/Q (DFFQ_X0P5M_A9TR)                                                                                             0.06      0.14       0.14 f                   0.90
  gemm_unit/u_accumulator_vec/g_lane_30__u_add/input_buffer/g_eb1_pipe_buffer/g_register_g_pipe_regs_0__pipe_register/g_shift_register/data_out[0] (net)                                                                                                            4                   0.00       0.14 f                   
  gemm_unit/u_accumulator_vec/g_lane_30__u_add/input_buffer/g_eb1_pipe_buffer/g_register_g_pipe_regs_0__pipe_register/g_shift_register/data_out[0] (VX_shift_register_65_1_1_0_1)                                                                                                       0.00       0.14 f                   
  gemm_unit/u_accumulator_vec/g_lane_30__u_add/input_buffer/g_eb1_pipe_buffer/g_register_g_pipe_regs_0__pipe_register/data_out[0] (net)                                                                                                                                                 0.00       0.14 f                   
  gemm_unit/u_accumulator_vec/g_lane_30__u_add/input_buffer/g_eb1_pipe_buffer/g_register_g_pipe_regs_0__pipe_register/data_out[0] (VX_pipe_register_16_1)                                                                                                                               0.00       0.14 f                   
  gemm_unit/u_accumulator_vec/g_lane_30__u_add/input_buffer/g_eb1_pipe_buffer/data_out[0] (net)                                                                                                                                                                                         0.00       0.14 f                   
  gemm_unit/u_accumulator_vec/g_lane_30__u_add/input_buffer/g_eb1_pipe_buffer/data_out[0] (VX_pipe_buffer_48_1)                                                                                                                                                                         0.00       0.14 f                   
  gemm_unit/u_accumulator_vec/g_lane_30__u_add/input_buffer/data_out[0] (net)                                                                                                                                                                                                           0.00       0.14 f                   
  gemm_unit/u_accumulator_vec/g_lane_30__u_add/input_buffer/data_out[0] (VX_elastic_buffer_9_1)                                                                                                                                                                                         0.00       0.14 f                   
  gemm_unit/u_accumulator_vec/g_lane_30__u_add/fpnew_inputs_data[0] (net)                                                                                                                                                                                                               0.00       0.14 f                   
  gemm_unit/u_accumulator_vec/g_lane_30__u_add/fpnew_add/operands_i[32] (fpnew_top_00000010302__logic_Z_1yB__566949_1)                                                                                                                                                                  0.00       0.14 f                   
  gemm_unit/u_accumulator_vec/g_lane_30__u_add/fpnew_add/operands_i[32] (net)                                                                                                                                                                                                           0.00       0.14 f                   
  gemm_unit/u_accumulator_vec/g_lane_30__u_add/fpnew_add/gen_operation_groups_0__i_opgroup_block/operands_i[32] (fpnew_opgroup_block_0_00000020_0_2_10_2_155_3__logic_Z_1yB__00000000_388949_1)                                                                                         0.00       0.14 f                   
  gemm_unit/u_accumulator_vec/g_lane_30__u_add/fpnew_add/gen_operation_groups_0__i_opgroup_block/operands_i[32] (net)                                                                                                                                                                   0.00       0.14 f                   
  gemm_unit/u_accumulator_vec/g_lane_30__u_add/fpnew_add/gen_operation_groups_0__i_opgroup_block/gen_parallel_slices_0__active_format_i_fmt_slice/operands_i[32] (fpnew_opgroup_fmt_slice_0_0_00000020_0_00000001_3__logic_Z_1yB__00000000_1)                                           0.00       0.14 f                   
  gemm_unit/u_accumulator_vec/g_lane_30__u_add/fpnew_add/gen_operation_groups_0__i_opgroup_block/gen_parallel_slices_0__active_format_i_fmt_slice/operands_i[32] (net)                                                                                                                  0.00       0.14 f                   
  gemm_unit/u_accumulator_vec/g_lane_30__u_add/fpnew_add/gen_operation_groups_0__i_opgroup_block/gen_parallel_slices_0__active_format_i_fmt_slice/gen_num_lanes_0__active_lane_lane_instance_i_fma/operands_i[32] (fpnew_fma_0_00000001_3__logic_Z_1yB___logic_Z_1yB__1)                0.00       0.14 f                   
  gemm_unit/u_accumulator_vec/g_lane_30__u_add/fpnew_add/gen_operation_groups_0__i_opgroup_block/gen_parallel_slices_0__active_format_i_fmt_slice/gen_num_lanes_0__active_lane_lane_instance_i_fma/operands_i[32] (net)                                                                 0.00       0.14 f                   
  gemm_unit/u_accumulator_vec/g_lane_30__u_add/fpnew_add/gen_operation_groups_0__i_opgroup_block/gen_parallel_slices_0__active_format_i_fmt_slice/gen_num_lanes_0__active_lane_lane_instance_i_fma/i_class_inputs/operands_i[32] (fpnew_classifier_0_3_1)                               0.00       0.14 f                   
  gemm_unit/u_accumulator_vec/g_lane_30__u_add/fpnew_add/gen_operation_groups_0__i_opgroup_block/gen_parallel_slices_0__active_format_i_fmt_slice/gen_num_lanes_0__active_lane_lane_instance_i_fma/i_class_inputs/operands_i[32] (net)                                                  0.00       0.14 f                   
  gemm_unit/u_accumulator_vec/g_lane_30__u_add/fpnew_add/gen_operation_groups_0__i_opgroup_block/gen_parallel_slices_0__active_format_i_fmt_slice/gen_num_lanes_0__active_lane_lane_instance_i_fma/i_class_inputs/U21/Y (NOR3_X0P7M_A9TR)                                     0.10      0.09 *     0.23 r                   0.90
  gemm_unit/u_accumulator_vec/g_lane_30__u_add/fpnew_add/gen_operation_groups_0__i_opgroup_block/gen_parallel_slices_0__active_format_i_fmt_slice/gen_num_lanes_0__active_lane_lane_instance_i_fma/i_class_inputs/n77 (net)                                         1                   0.00       0.23 r                   
  gemm_unit/u_accumulator_vec/g_lane_30__u_add/fpnew_add/gen_operation_groups_0__i_opgroup_block/gen_parallel_slices_0__active_format_i_fmt_slice/gen_num_lanes_0__active_lane_lane_instance_i_fma/i_class_inputs/U22/Y (NOR4BB_X1M_A9TR)                                     0.06      0.09 *     0.32 r                   0.90
  gemm_unit/u_accumulator_vec/g_lane_30__u_add/fpnew_add/gen_operation_groups_0__i_opgroup_block/gen_parallel_slices_0__active_format_i_fmt_slice/gen_num_lanes_0__active_lane_lane_instance_i_fma/i_class_inputs/n79 (net)                                         1                   0.00       0.32 r                   
  gemm_unit/u_accumulator_vec/g_lane_30__u_add/fpnew_add/gen_operation_groups_0__i_opgroup_block/gen_parallel_slices_0__active_format_i_fmt_slice/gen_num_lanes_0__active_lane_lane_instance_i_fma/i_class_inputs/U23/Y (NOR4BB_X1M_A9TR)                                     0.06      0.08 *     0.40 r                   0.90
  gemm_unit/u_accumulator_vec/g_lane_30__u_add/fpnew_add/gen_operation_groups_0__i_opgroup_block/gen_parallel_slices_0__active_format_i_fmt_slice/gen_num_lanes_0__active_lane_lane_instance_i_fma/i_class_inputs/n81 (net)                                         1                   0.00       0.40 r                   
  gemm_unit/u_accumulator_vec/g_lane_30__u_add/fpnew_add/gen_operation_groups_0__i_opgroup_block/gen_parallel_slices_0__active_format_i_fmt_slice/gen_num_lanes_0__active_lane_lane_instance_i_fma/i_class_inputs/U24/Y (NOR4BB_X1M_A9TR)                                     0.19      0.15 *     0.55 r                   0.90
  gemm_unit/u_accumulator_vec/g_lane_30__u_add/fpnew_add/gen_operation_groups_0__i_opgroup_block/gen_parallel_slices_0__active_format_i_fmt_slice/gen_num_lanes_0__active_lane_lane_instance_i_fma/i_class_inputs/n91 (net)                                         3                   0.00       0.55 r                   
  gemm_unit/u_accumulator_vec/g_lane_30__u_add/fpnew_add/gen_operation_groups_0__i_opgroup_block/gen_parallel_slices_0__active_format_i_fmt_slice/gen_num_lanes_0__active_lane_lane_instance_i_fma/i_class_inputs/U34/Y (NOR2_X0P5B_A9TR)                                     0.08      0.10 *     0.65 f                   0.90
  gemm_unit/u_accumulator_vec/g_lane_30__u_add/fpnew_add/gen_operation_groups_0__i_opgroup_block/gen_parallel_slices_0__active_format_i_fmt_slice/gen_num_lanes_0__active_lane_lane_instance_i_fma/i_class_inputs/info_o[14] (net)                                  4                   0.00       0.65 f                   
  gemm_unit/u_accumulator_vec/g_lane_30__u_add/fpnew_add/gen_operation_groups_0__i_opgroup_block/gen_parallel_slices_0__active_format_i_fmt_slice/gen_num_lanes_0__active_lane_lane_instance_i_fma/i_class_inputs/info_o[14] (fpnew_classifier_0_3_1)                                   0.00       0.65 f                   
  gemm_unit/u_accumulator_vec/g_lane_30__u_add/fpnew_add/gen_operation_groups_0__i_opgroup_block/gen_parallel_slices_0__active_format_i_fmt_slice/gen_num_lanes_0__active_lane_lane_instance_i_fma/info_q[3] (net)                                                                      0.00       0.65 f                   
  gemm_unit/u_accumulator_vec/g_lane_30__u_add/fpnew_add/gen_operation_groups_0__i_opgroup_block/gen_parallel_slices_0__active_format_i_fmt_slice/gen_num_lanes_0__active_lane_lane_instance_i_fma/U1563/Y (AND2_X0P7M_A9TR)                                                  0.02      0.07 *     0.72 f                   0.90
  gemm_unit/u_accumulator_vec/g_lane_30__u_add/fpnew_add/gen_operation_groups_0__i_opgroup_block/gen_parallel_slices_0__active_format_i_fmt_slice/gen_num_lanes_0__active_lane_lane_instance_i_fma/n2115 (net)                                                      1                   0.00       0.72 f                   
  gemm_unit/u_accumulator_vec/g_lane_30__u_add/fpnew_add/gen_operation_groups_0__i_opgroup_block/gen_parallel_slices_0__active_format_i_fmt_slice/gen_num_lanes_0__active_lane_lane_instance_i_fma/U1564/Y (OA21A1OI2_X0P7M_A9TR)                                             0.13      0.10 *     0.82 r                   0.90
  gemm_unit/u_accumulator_vec/g_lane_30__u_add/fpnew_add/gen_operation_groups_0__i_opgroup_block/gen_parallel_slices_0__active_format_i_fmt_slice/gen_num_lanes_0__active_lane_lane_instance_i_fma/n2612 (net)                                                      2                   0.00       0.82 r                   
  gemm_unit/u_accumulator_vec/g_lane_30__u_add/fpnew_add/gen_operation_groups_0__i_opgroup_block/gen_parallel_slices_0__active_format_i_fmt_slice/gen_num_lanes_0__active_lane_lane_instance_i_fma/U1887/Y (INV_X0P7M_A9TR)                                                   0.06      0.06 *     0.88 f                   0.90
  gemm_unit/u_accumulator_vec/g_lane_30__u_add/fpnew_add/gen_operation_groups_0__i_opgroup_block/gen_parallel_slices_0__active_format_i_fmt_slice/gen_num_lanes_0__active_lane_lane_instance_i_fma/exponent_product[1] (net)                                        2                   0.00       0.88 f                   
  gemm_unit/u_accumulator_vec/g_lane_30__u_add/fpnew_add/gen_operation_groups_0__i_opgroup_block/gen_parallel_slices_0__active_format_i_fmt_slice/gen_num_lanes_0__active_lane_lane_instance_i_fma/intadd_2865_U8/CO (ADDF_X1M_A9TR)                                          0.03      0.10 *     0.99 f    mo             0.90
  gemm_unit/u_accumulator_vec/g_lane_30__u_add/fpnew_add/gen_operation_groups_0__i_opgroup_block/gen_parallel_slices_0__active_format_i_fmt_slice/gen_num_lanes_0__active_lane_lane_instance_i_fma/intadd_2865_n7 (net)                                             1                   0.00       0.99 f                   
  gemm_unit/u_accumulator_vec/g_lane_30__u_add/fpnew_add/gen_operation_groups_0__i_opgroup_block/gen_parallel_slices_0__active_format_i_fmt_slice/gen_num_lanes_0__active_lane_lane_instance_i_fma/intadd_2865_U7/CO (ADDF_X1M_A9TR)                                          0.03      0.08 *     1.07 f    mo             0.90
  gemm_unit/u_accumulator_vec/g_lane_30__u_add/fpnew_add/gen_operation_groups_0__i_opgroup_block/gen_parallel_slices_0__active_format_i_fmt_slice/gen_num_lanes_0__active_lane_lane_instance_i_fma/intadd_2865_n6 (net)                                             1                   0.00       1.07 f                   
  gemm_unit/u_accumulator_vec/g_lane_30__u_add/fpnew_add/gen_operation_groups_0__i_opgroup_block/gen_parallel_slices_0__active_format_i_fmt_slice/gen_num_lanes_0__active_lane_lane_instance_i_fma/intadd_2865_U6/CO (ADDF_X1M_A9TR)                                          0.03      0.08 *     1.15 f    mo             0.90
  gemm_unit/u_accumulator_vec/g_lane_30__u_add/fpnew_add/gen_operation_groups_0__i_opgroup_block/gen_parallel_slices_0__active_format_i_fmt_slice/gen_num_lanes_0__active_lane_lane_instance_i_fma/intadd_2865_n5 (net)                                             1                   0.00       1.15 f                   
  gemm_unit/u_accumulator_vec/g_lane_30__u_add/fpnew_add/gen_operation_groups_0__i_opgroup_block/gen_parallel_slices_0__active_format_i_fmt_slice/gen_num_lanes_0__active_lane_lane_instance_i_fma/intadd_2865_U5/CO (ADDF_X1M_A9TR)                                          0.03      0.08 *     1.24 f    mo             0.90
  gemm_unit/u_accumulator_vec/g_lane_30__u_add/fpnew_add/gen_operation_groups_0__i_opgroup_block/gen_parallel_slices_0__active_format_i_fmt_slice/gen_num_lanes_0__active_lane_lane_instance_i_fma/intadd_2865_n4 (net)                                             1                   0.00       1.24 f                   
  gemm_unit/u_accumulator_vec/g_lane_30__u_add/fpnew_add/gen_operation_groups_0__i_opgroup_block/gen_parallel_slices_0__active_format_i_fmt_slice/gen_num_lanes_0__active_lane_lane_instance_i_fma/intadd_2865_U4/CO (ADDF_X1M_A9TR)                                          0.03      0.08 *     1.32 f    mo             0.90
  gemm_unit/u_accumulator_vec/g_lane_30__u_add/fpnew_add/gen_operation_groups_0__i_opgroup_block/gen_parallel_slices_0__active_format_i_fmt_slice/gen_num_lanes_0__active_lane_lane_instance_i_fma/intadd_2865_n3 (net)                                             1                   0.00       1.32 f                   
  gemm_unit/u_accumulator_vec/g_lane_30__u_add/fpnew_add/gen_operation_groups_0__i_opgroup_block/gen_parallel_slices_0__active_format_i_fmt_slice/gen_num_lanes_0__active_lane_lane_instance_i_fma/intadd_2865_U3/CO (ADDF_X1M_A9TR)                                          0.03      0.08 *     1.40 f    mo             0.90
  gemm_unit/u_accumulator_vec/g_lane_30__u_add/fpnew_add/gen_operation_groups_0__i_opgroup_block/gen_parallel_slices_0__active_format_i_fmt_slice/gen_num_lanes_0__active_lane_lane_instance_i_fma/intadd_2865_n2 (net)                                             1                   0.00       1.40 f                   
  gemm_unit/u_accumulator_vec/g_lane_30__u_add/fpnew_add/gen_operation_groups_0__i_opgroup_block/gen_parallel_slices_0__active_format_i_fmt_slice/gen_num_lanes_0__active_lane_lane_instance_i_fma/intadd_2865_U2/CO (ADDF_X1M_A9TR)                                          0.03      0.08 *     1.48 f    mo             0.90
  gemm_unit/u_accumulator_vec/g_lane_30__u_add/fpnew_add/gen_operation_groups_0__i_opgroup_block/gen_parallel_slices_0__active_format_i_fmt_slice/gen_num_lanes_0__active_lane_lane_instance_i_fma/intadd_2865_n1 (net)                                             2                   0.00       1.48 f                   
  gemm_unit/u_accumulator_vec/g_lane_30__u_add/fpnew_add/gen_operation_groups_0__i_opgroup_block/gen_parallel_slices_0__active_format_i_fmt_slice/gen_num_lanes_0__active_lane_lane_instance_i_fma/U19/Y (NOR2_X0P5B_A9TR)                                                    0.05      0.04 *     1.52 r                   0.90
  gemm_unit/u_accumulator_vec/g_lane_30__u_add/fpnew_add/gen_operation_groups_0__i_opgroup_block/gen_parallel_slices_0__active_format_i_fmt_slice/gen_num_lanes_0__active_lane_lane_instance_i_fma/n945 (net)                                                       2                   0.00       1.52 r                   
  gemm_unit/u_accumulator_vec/g_lane_30__u_add/fpnew_add/gen_operation_groups_0__i_opgroup_block/gen_parallel_slices_0__active_format_i_fmt_slice/gen_num_lanes_0__active_lane_lane_instance_i_fma/U34/Y (NAND3BB_X1M_A9TR)                                                   0.16      0.13 *     1.65 r                   0.90
  gemm_unit/u_accumulator_vec/g_lane_30__u_add/fpnew_add/gen_operation_groups_0__i_opgroup_block/gen_parallel_slices_0__active_format_i_fmt_slice/gen_num_lanes_0__active_lane_lane_instance_i_fma/n2117 (net)                                                     14                   0.00       1.65 r                   
  gemm_unit/u_accumulator_vec/g_lane_30__u_add/fpnew_add/gen_operation_groups_0__i_opgroup_block/gen_parallel_slices_0__active_format_i_fmt_slice/gen_num_lanes_0__active_lane_lane_instance_i_fma/U133/Y (INV_X0P7M_A9TR)                                                    0.08      0.09 *     1.74 f                   0.90
  gemm_unit/u_accumulator_vec/g_lane_30__u_add/fpnew_add/gen_operation_groups_0__i_opgroup_block/gen_parallel_slices_0__active_format_i_fmt_slice/gen_num_lanes_0__active_lane_lane_instance_i_fma/n2631 (net)                                                      7                   0.00       1.74 f                   
  gemm_unit/u_accumulator_vec/g_lane_30__u_add/fpnew_add/gen_operation_groups_0__i_opgroup_block/gen_parallel_slices_0__active_format_i_fmt_slice/gen_num_lanes_0__active_lane_lane_instance_i_fma/U44/Y (NAND2_X0P5M_A9TR)                                                   0.07      0.07 *     1.81 r                   0.90
  gemm_unit/u_accumulator_vec/g_lane_30__u_add/fpnew_add/gen_operation_groups_0__i_opgroup_block/gen_parallel_slices_0__active_format_i_fmt_slice/gen_num_lanes_0__active_lane_lane_instance_i_fma/n1182 (net)                                                      3                   0.00       1.81 r                   
  gemm_unit/u_accumulator_vec/g_lane_30__u_add/fpnew_add/gen_operation_groups_0__i_opgroup_block/gen_parallel_slices_0__active_format_i_fmt_slice/gen_num_lanes_0__active_lane_lane_instance_i_fma/U49/Y (NAND2_X0P5M_A9TR)                                                   0.07      0.07 *     1.88 f                   0.90
  gemm_unit/u_accumulator_vec/g_lane_30__u_add/fpnew_add/gen_operation_groups_0__i_opgroup_block/gen_parallel_slices_0__active_format_i_fmt_slice/gen_num_lanes_0__active_lane_lane_instance_i_fma/n1491 (net)                                                      4                   0.00       1.88 f                   
  gemm_unit/u_accumulator_vec/g_lane_30__u_add/fpnew_add/gen_operation_groups_0__i_opgroup_block/gen_parallel_slices_0__active_format_i_fmt_slice/gen_num_lanes_0__active_lane_lane_instance_i_fma/U819/Y (NOR2_X1M_A9TR)                                                     0.16      0.12 *     1.99 r                   0.90
  gemm_unit/u_accumulator_vec/g_lane_30__u_add/fpnew_add/gen_operation_groups_0__i_opgroup_block/gen_parallel_slices_0__active_format_i_fmt_slice/gen_num_lanes_0__active_lane_lane_instance_i_fma/addend_shamt[0] (net)                                            9                   0.00       1.99 r                   
  gemm_unit/u_accumulator_vec/g_lane_30__u_add/fpnew_add/gen_operation_groups_0__i_opgroup_block/gen_parallel_slices_0__active_format_i_fmt_slice/gen_num_lanes_0__active_lane_lane_instance_i_fma/U166/Y (INV_X0P7M_A9TR)                                                    0.08      0.09 *     2.08 f                   0.90
  gemm_unit/u_accumulator_vec/g_lane_30__u_add/fpnew_add/gen_operation_groups_0__i_opgroup_block/gen_parallel_slices_0__active_format_i_fmt_slice/gen_num_lanes_0__active_lane_lane_instance_i_fma/n2643 (net)                                                      8                   0.00       2.08 f                   
  gemm_unit/u_accumulator_vec/g_lane_30__u_add/fpnew_add/gen_operation_groups_0__i_opgroup_block/gen_parallel_slices_0__active_format_i_fmt_slice/gen_num_lanes_0__active_lane_lane_instance_i_fma/U833/Y (NOR2_X1M_A9TR)                                                     0.29      0.20 *     2.28 r                   0.90
  gemm_unit/u_accumulator_vec/g_lane_30__u_add/fpnew_add/gen_operation_groups_0__i_opgroup_block/gen_parallel_slices_0__active_format_i_fmt_slice/gen_num_lanes_0__active_lane_lane_instance_i_fma/n1554 (net)                                                     20                   0.00       2.28 r                   
  gemm_unit/u_accumulator_vec/g_lane_30__u_add/fpnew_add/gen_operation_groups_0__i_opgroup_block/gen_parallel_slices_0__active_format_i_fmt_slice/gen_num_lanes_0__active_lane_lane_instance_i_fma/U892/Y (AOI222_X0P7M_A9TR)                                                 0.15      0.15 *     2.43 f                   0.90
  gemm_unit/u_accumulator_vec/g_lane_30__u_add/fpnew_add/gen_operation_groups_0__i_opgroup_block/gen_parallel_slices_0__active_format_i_fmt_slice/gen_num_lanes_0__active_lane_lane_instance_i_fma/n1532 (net)                                                      2                   0.00       2.43 f                   
  gemm_unit/u_accumulator_vec/g_lane_30__u_add/fpnew_add/gen_operation_groups_0__i_opgroup_block/gen_parallel_slices_0__active_format_i_fmt_slice/gen_num_lanes_0__active_lane_lane_instance_i_fma/U895/Y (AOI22_X0P5M_A9TR)                                                  0.20      0.18 *     2.61 r                   0.90
  gemm_unit/u_accumulator_vec/g_lane_30__u_add/fpnew_add/gen_operation_groups_0__i_opgroup_block/gen_parallel_slices_0__active_format_i_fmt_slice/gen_num_lanes_0__active_lane_lane_instance_i_fma/n1699 (net)                                                      5                   0.00       2.61 r                   
  gemm_unit/u_accumulator_vec/g_lane_30__u_add/fpnew_add/gen_operation_groups_0__i_opgroup_block/gen_parallel_slices_0__active_format_i_fmt_slice/gen_num_lanes_0__active_lane_lane_instance_i_fma/U896/Y (OAI22_X0P7M_A9TR)                                                  0.12      0.12 *     2.73 f                   0.90
  gemm_unit/u_accumulator_vec/g_lane_30__u_add/fpnew_add/gen_operation_groups_0__i_opgroup_block/gen_parallel_slices_0__active_format_i_fmt_slice/gen_num_lanes_0__active_lane_lane_instance_i_fma/n1660 (net)                                                      4                   0.00       2.73 f                   
  gemm_unit/u_accumulator_vec/g_lane_30__u_add/fpnew_add/gen_operation_groups_0__i_opgroup_block/gen_parallel_slices_0__active_format_i_fmt_slice/gen_num_lanes_0__active_lane_lane_instance_i_fma/U911/Y (AOI22_X0P5M_A9TR)                                                  0.12      0.11 *     2.83 r                   0.90
  gemm_unit/u_accumulator_vec/g_lane_30__u_add/fpnew_add/gen_operation_groups_0__i_opgroup_block/gen_parallel_slices_0__active_format_i_fmt_slice/gen_num_lanes_0__active_lane_lane_instance_i_fma/n1711 (net)                                                      2                   0.00       2.83 r                   
  gemm_unit/u_accumulator_vec/g_lane_30__u_add/fpnew_add/gen_operation_groups_0__i_opgroup_block/gen_parallel_slices_0__active_format_i_fmt_slice/gen_num_lanes_0__active_lane_lane_instance_i_fma/U912/Y (NAND2_X0P5M_A9TR)                                                  0.07      0.06 *     2.89 f                   0.90
  gemm_unit/u_accumulator_vec/g_lane_30__u_add/fpnew_add/gen_operation_groups_0__i_opgroup_block/gen_parallel_slices_0__active_format_i_fmt_slice/gen_num_lanes_0__active_lane_lane_instance_i_fma/n1655 (net)                                                      2                   0.00       2.89 f                   
  gemm_unit/u_accumulator_vec/g_lane_30__u_add/fpnew_add/gen_operation_groups_0__i_opgroup_block/gen_parallel_slices_0__active_format_i_fmt_slice/gen_num_lanes_0__active_lane_lane_instance_i_fma/U922/Y (AND4_X0P7M_A9TR)                                                   0.03      0.08 *     2.97 f                   0.90
  gemm_unit/u_accumulator_vec/g_lane_30__u_add/fpnew_add/gen_operation_groups_0__i_opgroup_block/gen_parallel_slices_0__active_format_i_fmt_slice/gen_num_lanes_0__active_lane_lane_instance_i_fma/n1579 (net)                                                      1                   0.00       2.97 f                   
  gemm_unit/u_accumulator_vec/g_lane_30__u_add/fpnew_add/gen_operation_groups_0__i_opgroup_block/gen_parallel_slices_0__active_format_i_fmt_slice/gen_num_lanes_0__active_lane_lane_instance_i_fma/U988/Y (NOR4BB_X0P7M_A9TR)                                                 0.06      0.06 *     3.04 f                   0.90
  gemm_unit/u_accumulator_vec/g_lane_30__u_add/fpnew_add/gen_operation_groups_0__i_opgroup_block/gen_parallel_slices_0__active_format_i_fmt_slice/gen_num_lanes_0__active_lane_lane_instance_i_fma/n1613 (net)                                                      1                   0.00       3.04 f                   
  gemm_unit/u_accumulator_vec/g_lane_30__u_add/fpnew_add/gen_operation_groups_0__i_opgroup_block/gen_parallel_slices_0__active_format_i_fmt_slice/gen_num_lanes_0__active_lane_lane_instance_i_fma/U1016/Y (NOR4BB_X0P7M_A9TR)                                                0.05      0.07 *     3.11 f                   0.90
  gemm_unit/u_accumulator_vec/g_lane_30__u_add/fpnew_add/gen_operation_groups_0__i_opgroup_block/gen_parallel_slices_0__active_format_i_fmt_slice/gen_num_lanes_0__active_lane_lane_instance_i_fma/n1625 (net)                                                      1                   0.00       3.11 f                   
  gemm_unit/u_accumulator_vec/g_lane_30__u_add/fpnew_add/gen_operation_groups_0__i_opgroup_block/gen_parallel_slices_0__active_format_i_fmt_slice/gen_num_lanes_0__active_lane_lane_instance_i_fma/U1027/Y (OAI22_X0P5M_A9TR)                                                 0.15      0.11 *     3.22 r                   0.90
  gemm_unit/u_accumulator_vec/g_lane_30__u_add/fpnew_add/gen_operation_groups_0__i_opgroup_block/gen_parallel_slices_0__active_format_i_fmt_slice/gen_num_lanes_0__active_lane_lane_instance_i_fma/mid_pipe_sticky_q[0] (net)                                       3                   0.00       3.22 r                   
  gemm_unit/u_accumulator_vec/g_lane_30__u_add/fpnew_add/gen_operation_groups_0__i_opgroup_block/gen_parallel_slices_0__active_format_i_fmt_slice/gen_num_lanes_0__active_lane_lane_instance_i_fma/U1221/Y (NOR3_X1M_A9TR)                                                    0.10      0.10 *     3.31 f                   0.90
  gemm_unit/u_accumulator_vec/g_lane_30__u_add/fpnew_add/gen_operation_groups_0__i_opgroup_block/gen_parallel_slices_0__active_format_i_fmt_slice/gen_num_lanes_0__active_lane_lane_instance_i_fma/n2566 (net)                                                      3                   0.00       3.31 f                   
  gemm_unit/u_accumulator_vec/g_lane_30__u_add/fpnew_add/gen_operation_groups_0__i_opgroup_block/gen_parallel_slices_0__active_format_i_fmt_slice/gen_num_lanes_0__active_lane_lane_instance_i_fma/U1226/Y (NAND3_X0P7M_A9TR)                                                 0.11      0.10 *     3.41 r                   0.90
  gemm_unit/u_accumulator_vec/g_lane_30__u_add/fpnew_add/gen_operation_groups_0__i_opgroup_block/gen_parallel_slices_0__active_format_i_fmt_slice/gen_num_lanes_0__active_lane_lane_instance_i_fma/n2563 (net)                                                      5                   0.00       3.41 r                   
  gemm_unit/u_accumulator_vec/g_lane_30__u_add/fpnew_add/gen_operation_groups_0__i_opgroup_block/gen_parallel_slices_0__active_format_i_fmt_slice/gen_num_lanes_0__active_lane_lane_instance_i_fma/U1227/Y (NOR3_X1M_A9TR)                                                    0.07      0.08 *     3.50 f                   0.90
  gemm_unit/u_accumulator_vec/g_lane_30__u_add/fpnew_add/gen_operation_groups_0__i_opgroup_block/gen_parallel_slices_0__active_format_i_fmt_slice/gen_num_lanes_0__active_lane_lane_instance_i_fma/n2560 (net)                                                      3                   0.00       3.50 f                   
  gemm_unit/u_accumulator_vec/g_lane_30__u_add/fpnew_add/gen_operation_groups_0__i_opgroup_block/gen_parallel_slices_0__active_format_i_fmt_slice/gen_num_lanes_0__active_lane_lane_instance_i_fma/U1232/Y (NAND3_X0P7M_A9TR)                                                 0.12      0.09 *     3.58 r                   0.90
  gemm_unit/u_accumulator_vec/g_lane_30__u_add/fpnew_add/gen_operation_groups_0__i_opgroup_block/gen_parallel_slices_0__active_format_i_fmt_slice/gen_num_lanes_0__active_lane_lane_instance_i_fma/n2557 (net)                                                      5                   0.00       3.58 r                   
  gemm_unit/u_accumulator_vec/g_lane_30__u_add/fpnew_add/gen_operation_groups_0__i_opgroup_block/gen_parallel_slices_0__active_format_i_fmt_slice/gen_num_lanes_0__active_lane_lane_instance_i_fma/U1233/Y (NOR3_X1M_A9TR)                                                    0.08      0.08 *     3.67 f                   0.90
  gemm_unit/u_accumulator_vec/g_lane_30__u_add/fpnew_add/gen_operation_groups_0__i_opgroup_block/gen_parallel_slices_0__active_format_i_fmt_slice/gen_num_lanes_0__active_lane_lane_instance_i_fma/n2523 (net)                                                      3                   0.00       3.67 f                   
  gemm_unit/u_accumulator_vec/g_lane_30__u_add/fpnew_add/gen_operation_groups_0__i_opgroup_block/gen_parallel_slices_0__active_format_i_fmt_slice/gen_num_lanes_0__active_lane_lane_instance_i_fma/U1238/Y (NAND3_X0P7M_A9TR)                                                 0.12      0.09 *     3.76 r                   0.90
  gemm_unit/u_accumulator_vec/g_lane_30__u_add/fpnew_add/gen_operation_groups_0__i_opgroup_block/gen_parallel_slices_0__active_format_i_fmt_slice/gen_num_lanes_0__active_lane_lane_instance_i_fma/n2536 (net)                                                      5                   0.00       3.76 r                   
  gemm_unit/u_accumulator_vec/g_lane_30__u_add/fpnew_add/gen_operation_groups_0__i_opgroup_block/gen_parallel_slices_0__active_format_i_fmt_slice/gen_num_lanes_0__active_lane_lane_instance_i_fma/U1241/Y (NOR3_X1M_A9TR)                                                    0.07      0.08 *     3.85 f                   0.90
  gemm_unit/u_accumulator_vec/g_lane_30__u_add/fpnew_add/gen_operation_groups_0__i_opgroup_block/gen_parallel_slices_0__active_format_i_fmt_slice/gen_num_lanes_0__active_lane_lane_instance_i_fma/n2595 (net)                                                      4                   0.00       3.85 f                   
  gemm_unit/u_accumulator_vec/g_lane_30__u_add/fpnew_add/gen_operation_groups_0__i_opgroup_block/gen_parallel_slices_0__active_format_i_fmt_slice/gen_num_lanes_0__active_lane_lane_instance_i_fma/U1247/Y (NAND3_X0P7A_A9TR)                                                 0.10      0.08 *     3.93 r                   0.90
  gemm_unit/u_accumulator_vec/g_lane_30__u_add/fpnew_add/gen_operation_groups_0__i_opgroup_block/gen_parallel_slices_0__active_format_i_fmt_slice/gen_num_lanes_0__active_lane_lane_instance_i_fma/n2605 (net)                                                      5                   0.00       3.93 r                   
  gemm_unit/u_accumulator_vec/g_lane_30__u_add/fpnew_add/gen_operation_groups_0__i_opgroup_block/gen_parallel_slices_0__active_format_i_fmt_slice/gen_num_lanes_0__active_lane_lane_instance_i_fma/U1252/Y (NOR3_X1M_A9TR)                                                    0.07      0.07 *     4.00 f                   0.90
  gemm_unit/u_accumulator_vec/g_lane_30__u_add/fpnew_add/gen_operation_groups_0__i_opgroup_block/gen_parallel_slices_0__active_format_i_fmt_slice/gen_num_lanes_0__active_lane_lane_instance_i_fma/n2602 (net)                                                      4                   0.00       4.00 f                   
  gemm_unit/u_accumulator_vec/g_lane_30__u_add/fpnew_add/gen_operation_groups_0__i_opgroup_block/gen_parallel_slices_0__active_format_i_fmt_slice/gen_num_lanes_0__active_lane_lane_instance_i_fma/U1257/Y (NAND3_X0P7M_A9TR)                                                 0.14      0.10 *     4.10 r                   0.90
  gemm_unit/u_accumulator_vec/g_lane_30__u_add/fpnew_add/gen_operation_groups_0__i_opgroup_block/gen_parallel_slices_0__active_format_i_fmt_slice/gen_num_lanes_0__active_lane_lane_instance_i_fma/n2541 (net)                                                      5                   0.00       4.10 r                   
  gemm_unit/u_accumulator_vec/g_lane_30__u_add/fpnew_add/gen_operation_groups_0__i_opgroup_block/gen_parallel_slices_0__active_format_i_fmt_slice/gen_num_lanes_0__active_lane_lane_instance_i_fma/U1262/Y (NOR3_X1M_A9TR)                                                    0.07      0.09 *     4.19 f                   0.90
  gemm_unit/u_accumulator_vec/g_lane_30__u_add/fpnew_add/gen_operation_groups_0__i_opgroup_block/gen_parallel_slices_0__active_format_i_fmt_slice/gen_num_lanes_0__active_lane_lane_instance_i_fma/n2553 (net)                                                      3                   0.00       4.19 f                   
  gemm_unit/u_accumulator_vec/g_lane_30__u_add/fpnew_add/gen_operation_groups_0__i_opgroup_block/gen_parallel_slices_0__active_format_i_fmt_slice/gen_num_lanes_0__active_lane_lane_instance_i_fma/U1267/Y (NAND3_X0P7M_A9TR)                                                 0.11      0.08 *     4.27 r                   0.90
  gemm_unit/u_accumulator_vec/g_lane_30__u_add/fpnew_add/gen_operation_groups_0__i_opgroup_block/gen_parallel_slices_0__active_format_i_fmt_slice/gen_num_lanes_0__active_lane_lane_instance_i_fma/n2550 (net)                                                      4                   0.00       4.27 r                   
  gemm_unit/u_accumulator_vec/g_lane_30__u_add/fpnew_add/gen_operation_groups_0__i_opgroup_block/gen_parallel_slices_0__active_format_i_fmt_slice/gen_num_lanes_0__active_lane_lane_instance_i_fma/U1268/Y (NOR3_X1M_A9TR)                                                    0.08      0.09 *     4.36 f                   0.90
  gemm_unit/u_accumulator_vec/g_lane_30__u_add/fpnew_add/gen_operation_groups_0__i_opgroup_block/gen_parallel_slices_0__active_format_i_fmt_slice/gen_num_lanes_0__active_lane_lane_instance_i_fma/n2586 (net)                                                      2                   0.00       4.36 f                   
  gemm_unit/u_accumulator_vec/g_lane_30__u_add/fpnew_add/gen_operation_groups_0__i_opgroup_block/gen_parallel_slices_0__active_format_i_fmt_slice/gen_num_lanes_0__active_lane_lane_instance_i_fma/U1875/CO (ADDF_X1M_A9TR)                                                   0.04      0.11 *     4.47 f                   0.90
  gemm_unit/u_accumulator_vec/g_lane_30__u_add/fpnew_add/gen_operation_groups_0__i_opgroup_block/gen_parallel_slices_0__active_format_i_fmt_slice/gen_num_lanes_0__active_lane_lane_instance_i_fma/n1971 (net)                                                      3                   0.00       4.47 f                   
  gemm_unit/u_accumulator_vec/g_lane_30__u_add/fpnew_add/gen_operation_groups_0__i_opgroup_block/gen_parallel_slices_0__active_format_i_fmt_slice/gen_num_lanes_0__active_lane_lane_instance_i_fma/U1271/CON (CGENI_X1M_A9TR)                                                 0.10      0.07 *     4.54 r                   0.90
  gemm_unit/u_accumulator_vec/g_lane_30__u_add/fpnew_add/gen_operation_groups_0__i_opgroup_block/gen_parallel_slices_0__active_format_i_fmt_slice/gen_num_lanes_0__active_lane_lane_instance_i_fma/n1906 (net)                                                      3                   0.00       4.54 r                   
  gemm_unit/u_accumulator_vec/g_lane_30__u_add/fpnew_add/gen_operation_groups_0__i_opgroup_block/gen_parallel_slices_0__active_format_i_fmt_slice/gen_num_lanes_0__active_lane_lane_instance_i_fma/U1272/CON (CGENI_X1M_A9TR)                                                 0.07      0.06 *     4.60 f                   0.90
  gemm_unit/u_accumulator_vec/g_lane_30__u_add/fpnew_add/gen_operation_groups_0__i_opgroup_block/gen_parallel_slices_0__active_format_i_fmt_slice/gen_num_lanes_0__active_lane_lane_instance_i_fma/n1944 (net)                                                      3                   0.00       4.60 f                   
  gemm_unit/u_accumulator_vec/g_lane_30__u_add/fpnew_add/gen_operation_groups_0__i_opgroup_block/gen_parallel_slices_0__active_format_i_fmt_slice/gen_num_lanes_0__active_lane_lane_instance_i_fma/U1273/CON (CGENI_X1M_A9TR)                                                 0.10      0.07 *     4.68 r                   0.90
  gemm_unit/u_accumulator_vec/g_lane_30__u_add/fpnew_add/gen_operation_groups_0__i_opgroup_block/gen_parallel_slices_0__active_format_i_fmt_slice/gen_num_lanes_0__active_lane_lane_instance_i_fma/n1888 (net)                                                      3                   0.00       4.68 r                   
  gemm_unit/u_accumulator_vec/g_lane_30__u_add/fpnew_add/gen_operation_groups_0__i_opgroup_block/gen_parallel_slices_0__active_format_i_fmt_slice/gen_num_lanes_0__active_lane_lane_instance_i_fma/U1274/CON (CGENI_X1M_A9TR)                                                 0.06      0.06 *     4.74 f                   0.90
  gemm_unit/u_accumulator_vec/g_lane_30__u_add/fpnew_add/gen_operation_groups_0__i_opgroup_block/gen_parallel_slices_0__active_format_i_fmt_slice/gen_num_lanes_0__active_lane_lane_instance_i_fma/n1953 (net)                                                      3                   0.00       4.74 f                   
  gemm_unit/u_accumulator_vec/g_lane_30__u_add/fpnew_add/gen_operation_groups_0__i_opgroup_block/gen_parallel_slices_0__active_format_i_fmt_slice/gen_num_lanes_0__active_lane_lane_instance_i_fma/U1275/CON (CGENI_X1M_A9TR)                                                 0.09      0.07 *     4.81 r                   0.90
  gemm_unit/u_accumulator_vec/g_lane_30__u_add/fpnew_add/gen_operation_groups_0__i_opgroup_block/gen_parallel_slices_0__active_format_i_fmt_slice/gen_num_lanes_0__active_lane_lane_instance_i_fma/n1963 (net)                                                      3                   0.00       4.81 r                   
  gemm_unit/u_accumulator_vec/g_lane_30__u_add/fpnew_add/gen_operation_groups_0__i_opgroup_block/gen_parallel_slices_0__active_format_i_fmt_slice/gen_num_lanes_0__active_lane_lane_instance_i_fma/U1276/CON (CGENI_X1M_A9TR)                                                 0.07      0.06 *     4.87 f                   0.90
  gemm_unit/u_accumulator_vec/g_lane_30__u_add/fpnew_add/gen_operation_groups_0__i_opgroup_block/gen_parallel_slices_0__active_format_i_fmt_slice/gen_num_lanes_0__active_lane_lane_instance_i_fma/n2052 (net)                                                      3                   0.00       4.87 f                   
  gemm_unit/u_accumulator_vec/g_lane_30__u_add/fpnew_add/gen_operation_groups_0__i_opgroup_block/gen_parallel_slices_0__active_format_i_fmt_slice/gen_num_lanes_0__active_lane_lane_instance_i_fma/U1277/CON (CGENI_X1M_A9TR)                                                 0.09      0.07 *     4.95 r                   0.90
  gemm_unit/u_accumulator_vec/g_lane_30__u_add/fpnew_add/gen_operation_groups_0__i_opgroup_block/gen_parallel_slices_0__active_format_i_fmt_slice/gen_num_lanes_0__active_lane_lane_instance_i_fma/n2071 (net)                                                      3                   0.00       4.95 r                   
  gemm_unit/u_accumulator_vec/g_lane_30__u_add/fpnew_add/gen_operation_groups_0__i_opgroup_block/gen_parallel_slices_0__active_format_i_fmt_slice/gen_num_lanes_0__active_lane_lane_instance_i_fma/U1278/CON (CGENI_X1M_A9TR)                                                 0.07      0.06 *     5.01 f                   0.90
  gemm_unit/u_accumulator_vec/g_lane_30__u_add/fpnew_add/gen_operation_groups_0__i_opgroup_block/gen_parallel_slices_0__active_format_i_fmt_slice/gen_num_lanes_0__active_lane_lane_instance_i_fma/n2007 (net)                                                      3                   0.00       5.01 f                   
  gemm_unit/u_accumulator_vec/g_lane_30__u_add/fpnew_add/gen_operation_groups_0__i_opgroup_block/gen_parallel_slices_0__active_format_i_fmt_slice/gen_num_lanes_0__active_lane_lane_instance_i_fma/U1279/CON (CGENI_X1M_A9TR)                                                 0.09      0.07 *     5.08 r                   0.90
  gemm_unit/u_accumulator_vec/g_lane_30__u_add/fpnew_add/gen_operation_groups_0__i_opgroup_block/gen_parallel_slices_0__active_format_i_fmt_slice/gen_num_lanes_0__active_lane_lane_instance_i_fma/n2044 (net)                                                      3                   0.00       5.08 r                   
  gemm_unit/u_accumulator_vec/g_lane_30__u_add/fpnew_add/gen_operation_groups_0__i_opgroup_block/gen_parallel_slices_0__active_format_i_fmt_slice/gen_num_lanes_0__active_lane_lane_instance_i_fma/U1280/CON (CGENI_X1M_A9TR)                                                 0.06      0.06 *     5.14 f                   0.90
  gemm_unit/u_accumulator_vec/g_lane_30__u_add/fpnew_add/gen_operation_groups_0__i_opgroup_block/gen_parallel_slices_0__active_format_i_fmt_slice/gen_num_lanes_0__active_lane_lane_instance_i_fma/n1998 (net)                                                      3                   0.00       5.14 f                   
  gemm_unit/u_accumulator_vec/g_lane_30__u_add/fpnew_add/gen_operation_groups_0__i_opgroup_block/gen_parallel_slices_0__active_format_i_fmt_slice/gen_num_lanes_0__active_lane_lane_instance_i_fma/U1281/CON (CGENI_X1M_A9TR)                                                 0.09      0.07 *     5.21 r                   0.90
  gemm_unit/u_accumulator_vec/g_lane_30__u_add/fpnew_add/gen_operation_groups_0__i_opgroup_block/gen_parallel_slices_0__active_format_i_fmt_slice/gen_num_lanes_0__active_lane_lane_instance_i_fma/n2081 (net)                                                      3                   0.00       5.21 r                   
  gemm_unit/u_accumulator_vec/g_lane_30__u_add/fpnew_add/gen_operation_groups_0__i_opgroup_block/gen_parallel_slices_0__active_format_i_fmt_slice/gen_num_lanes_0__active_lane_lane_instance_i_fma/U1282/CON (CGENI_X1M_A9TR)                                                 0.06      0.06 *     5.27 f                   0.90
  gemm_unit/u_accumulator_vec/g_lane_30__u_add/fpnew_add/gen_operation_groups_0__i_opgroup_block/gen_parallel_slices_0__active_format_i_fmt_slice/gen_num_lanes_0__active_lane_lane_instance_i_fma/n2061 (net)                                                      3                   0.00       5.27 f                   
  gemm_unit/u_accumulator_vec/g_lane_30__u_add/fpnew_add/gen_operation_groups_0__i_opgroup_block/gen_parallel_slices_0__active_format_i_fmt_slice/gen_num_lanes_0__active_lane_lane_instance_i_fma/U1283/CON (CGENI_X1M_A9TR)                                                 0.09      0.07 *     5.34 r                   0.90
  gemm_unit/u_accumulator_vec/g_lane_30__u_add/fpnew_add/gen_operation_groups_0__i_opgroup_block/gen_parallel_slices_0__active_format_i_fmt_slice/gen_num_lanes_0__active_lane_lane_instance_i_fma/n1981 (net)                                                      3                   0.00       5.34 r                   
  gemm_unit/u_accumulator_vec/g_lane_30__u_add/fpnew_add/gen_operation_groups_0__i_opgroup_block/gen_parallel_slices_0__active_format_i_fmt_slice/gen_num_lanes_0__active_lane_lane_instance_i_fma/U1284/CON (CGENI_X1M_A9TR)                                                 0.06      0.06 *     5.40 f                   0.90
  gemm_unit/u_accumulator_vec/g_lane_30__u_add/fpnew_add/gen_operation_groups_0__i_opgroup_block/gen_parallel_slices_0__active_format_i_fmt_slice/gen_num_lanes_0__active_lane_lane_instance_i_fma/n1896 (net)                                                      3                   0.00       5.40 f                   
  gemm_unit/u_accumulator_vec/g_lane_30__u_add/fpnew_add/gen_operation_groups_0__i_opgroup_block/gen_parallel_slices_0__active_format_i_fmt_slice/gen_num_lanes_0__active_lane_lane_instance_i_fma/U1285/CON (CGENI_X1M_A9TR)                                                 0.10      0.08 *     5.48 r                   0.90
  gemm_unit/u_accumulator_vec/g_lane_30__u_add/fpnew_add/gen_operation_groups_0__i_opgroup_block/gen_parallel_slices_0__active_format_i_fmt_slice/gen_num_lanes_0__active_lane_lane_instance_i_fma/n1935 (net)                                                      3                   0.00       5.48 r                   
  gemm_unit/u_accumulator_vec/g_lane_30__u_add/fpnew_add/gen_operation_groups_0__i_opgroup_block/gen_parallel_slices_0__active_format_i_fmt_slice/gen_num_lanes_0__active_lane_lane_instance_i_fma/U1287/CON (CGENI_X1M_A9TR)                                                 0.07      0.06 *     5.54 f                   0.90
  gemm_unit/u_accumulator_vec/g_lane_30__u_add/fpnew_add/gen_operation_groups_0__i_opgroup_block/gen_parallel_slices_0__active_format_i_fmt_slice/gen_num_lanes_0__active_lane_lane_instance_i_fma/n2017 (net)                                                      3                   0.00       5.54 f                   
  gemm_unit/u_accumulator_vec/g_lane_30__u_add/fpnew_add/gen_operation_groups_0__i_opgroup_block/gen_parallel_slices_0__active_format_i_fmt_slice/gen_num_lanes_0__active_lane_lane_instance_i_fma/U1288/CON (CGENI_X1M_A9TR)                                                 0.10      0.08 *     5.62 r                   0.90
  gemm_unit/u_accumulator_vec/g_lane_30__u_add/fpnew_add/gen_operation_groups_0__i_opgroup_block/gen_parallel_slices_0__active_format_i_fmt_slice/gen_num_lanes_0__active_lane_lane_instance_i_fma/n2026 (net)                                                      3                   0.00       5.62 r                   
  gemm_unit/u_accumulator_vec/g_lane_30__u_add/fpnew_add/gen_operation_groups_0__i_opgroup_block/gen_parallel_slices_0__active_format_i_fmt_slice/gen_num_lanes_0__active_lane_lane_instance_i_fma/U1289/CON (CGENI_X1M_A9TR)                                                 0.07      0.06 *     5.68 f                   0.90
  gemm_unit/u_accumulator_vec/g_lane_30__u_add/fpnew_add/gen_operation_groups_0__i_opgroup_block/gen_parallel_slices_0__active_format_i_fmt_slice/gen_num_lanes_0__active_lane_lane_instance_i_fma/n1990 (net)                                                      3                   0.00       5.68 f                   
  gemm_unit/u_accumulator_vec/g_lane_30__u_add/fpnew_add/gen_operation_groups_0__i_opgroup_block/gen_parallel_slices_0__active_format_i_fmt_slice/gen_num_lanes_0__active_lane_lane_instance_i_fma/U1290/CON (CGENI_X1M_A9TR)                                                 0.10      0.08 *     5.76 r                   0.90
  gemm_unit/u_accumulator_vec/g_lane_30__u_add/fpnew_add/gen_operation_groups_0__i_opgroup_block/gen_parallel_slices_0__active_format_i_fmt_slice/gen_num_lanes_0__active_lane_lane_instance_i_fma/n1915 (net)                                                      3                   0.00       5.76 r                   
  gemm_unit/u_accumulator_vec/g_lane_30__u_add/fpnew_add/gen_operation_groups_0__i_opgroup_block/gen_parallel_slices_0__active_format_i_fmt_slice/gen_num_lanes_0__active_lane_lane_instance_i_fma/U1292/CON (CGENI_X1M_A9TR)                                                 0.07      0.06 *     5.82 f                   0.90
  gemm_unit/u_accumulator_vec/g_lane_30__u_add/fpnew_add/gen_operation_groups_0__i_opgroup_block/gen_parallel_slices_0__active_format_i_fmt_slice/gen_num_lanes_0__active_lane_lane_instance_i_fma/n2035 (net)                                                      3                   0.00       5.82 f                   
  gemm_unit/u_accumulator_vec/g_lane_30__u_add/fpnew_add/gen_operation_groups_0__i_opgroup_block/gen_parallel_slices_0__active_format_i_fmt_slice/gen_num_lanes_0__active_lane_lane_instance_i_fma/U1293/CON (CGENI_X1M_A9TR)                                                 0.09      0.08 *     5.89 r                   0.90
  gemm_unit/u_accumulator_vec/g_lane_30__u_add/fpnew_add/gen_operation_groups_0__i_opgroup_block/gen_parallel_slices_0__active_format_i_fmt_slice/gen_num_lanes_0__active_lane_lane_instance_i_fma/n1925 (net)                                                      3                   0.00       5.89 r                   
  gemm_unit/u_accumulator_vec/g_lane_30__u_add/fpnew_add/gen_operation_groups_0__i_opgroup_block/gen_parallel_slices_0__active_format_i_fmt_slice/gen_num_lanes_0__active_lane_lane_instance_i_fma/U1295/CON (CGENI_X1M_A9TR)                                                 0.07      0.06 *     5.95 f                   0.90
  gemm_unit/u_accumulator_vec/g_lane_30__u_add/fpnew_add/gen_operation_groups_0__i_opgroup_block/gen_parallel_slices_0__active_format_i_fmt_slice/gen_num_lanes_0__active_lane_lane_instance_i_fma/n1879 (net)                                                      3                   0.00       5.95 f                   
  gemm_unit/u_accumulator_vec/g_lane_30__u_add/fpnew_add/gen_operation_groups_0__i_opgroup_block/gen_parallel_slices_0__active_format_i_fmt_slice/gen_num_lanes_0__active_lane_lane_instance_i_fma/U1296/CON (CGENI_X1M_A9TR)                                                 0.07      0.06 *     6.01 r                   0.90
  gemm_unit/u_accumulator_vec/g_lane_30__u_add/fpnew_add/gen_operation_groups_0__i_opgroup_block/gen_parallel_slices_0__active_format_i_fmt_slice/gen_num_lanes_0__active_lane_lane_instance_i_fma/n1781 (net)                                                      2                   0.00       6.01 r                   
  gemm_unit/u_accumulator_vec/g_lane_30__u_add/fpnew_add/gen_operation_groups_0__i_opgroup_block/gen_parallel_slices_0__active_format_i_fmt_slice/gen_num_lanes_0__active_lane_lane_instance_i_fma/U1298/Y (NOR2_X0P5B_A9TR)                                                  0.07      0.05 *     6.06 f                   0.90
  gemm_unit/u_accumulator_vec/g_lane_30__u_add/fpnew_add/gen_operation_groups_0__i_opgroup_block/gen_parallel_slices_0__active_format_i_fmt_slice/gen_num_lanes_0__active_lane_lane_instance_i_fma/n2579 (net)                                                      3                   0.00       6.06 f                   
  gemm_unit/u_accumulator_vec/g_lane_30__u_add/fpnew_add/gen_operation_groups_0__i_opgroup_block/gen_parallel_slices_0__active_format_i_fmt_slice/gen_num_lanes_0__active_lane_lane_instance_i_fma/U1299/Y (NAND2_X0P5M_A9TR)                                                 0.07      0.07 *     6.12 r                   0.90
  gemm_unit/u_accumulator_vec/g_lane_30__u_add/fpnew_add/gen_operation_groups_0__i_opgroup_block/gen_parallel_slices_0__active_format_i_fmt_slice/gen_num_lanes_0__active_lane_lane_instance_i_fma/n2578 (net)                                                      3                   0.00       6.12 r                   
  gemm_unit/u_accumulator_vec/g_lane_30__u_add/fpnew_add/gen_operation_groups_0__i_opgroup_block/gen_parallel_slices_0__active_format_i_fmt_slice/gen_num_lanes_0__active_lane_lane_instance_i_fma/U1300/Y (NOR2_X0P5B_A9TR)                                                  0.06      0.05 *     6.18 f                   0.90
  gemm_unit/u_accumulator_vec/g_lane_30__u_add/fpnew_add/gen_operation_groups_0__i_opgroup_block/gen_parallel_slices_0__active_format_i_fmt_slice/gen_num_lanes_0__active_lane_lane_instance_i_fma/n1809 (net)                                                      3                   0.00       6.18 f                   
  gemm_unit/u_accumulator_vec/g_lane_30__u_add/fpnew_add/gen_operation_groups_0__i_opgroup_block/gen_parallel_slices_0__active_format_i_fmt_slice/gen_num_lanes_0__active_lane_lane_instance_i_fma/U1301/Y (NAND2_X0P5M_A9TR)                                                 0.09      0.07 *     6.24 r                   0.90
  gemm_unit/u_accumulator_vec/g_lane_30__u_add/fpnew_add/gen_operation_groups_0__i_opgroup_block/gen_parallel_slices_0__active_format_i_fmt_slice/gen_num_lanes_0__active_lane_lane_instance_i_fma/n1788 (net)                                                      3                   0.00       6.24 r                   
  gemm_unit/u_accumulator_vec/g_lane_30__u_add/fpnew_add/gen_operation_groups_0__i_opgroup_block/gen_parallel_slices_0__active_format_i_fmt_slice/gen_num_lanes_0__active_lane_lane_instance_i_fma/U1302/Y (NOR2_X0P5B_A9TR)                                                  0.06      0.06 *     6.30 f                   0.90
  gemm_unit/u_accumulator_vec/g_lane_30__u_add/fpnew_add/gen_operation_groups_0__i_opgroup_block/gen_parallel_slices_0__active_format_i_fmt_slice/gen_num_lanes_0__active_lane_lane_instance_i_fma/n1787 (net)                                                      3                   0.00       6.30 f                   
  gemm_unit/u_accumulator_vec/g_lane_30__u_add/fpnew_add/gen_operation_groups_0__i_opgroup_block/gen_parallel_slices_0__active_format_i_fmt_slice/gen_num_lanes_0__active_lane_lane_instance_i_fma/U1303/Y (NAND2_X0P5M_A9TR)                                                 0.09      0.06 *     6.37 r                   0.90
  gemm_unit/u_accumulator_vec/g_lane_30__u_add/fpnew_add/gen_operation_groups_0__i_opgroup_block/gen_parallel_slices_0__active_format_i_fmt_slice/gen_num_lanes_0__active_lane_lane_instance_i_fma/n1817 (net)                                                      3                   0.00       6.37 r                   
  gemm_unit/u_accumulator_vec/g_lane_30__u_add/fpnew_add/gen_operation_groups_0__i_opgroup_block/gen_parallel_slices_0__active_format_i_fmt_slice/gen_num_lanes_0__active_lane_lane_instance_i_fma/U1304/Y (NOR2_X0P5B_A9TR)                                                  0.06      0.06 *     6.42 f                   0.90
  gemm_unit/u_accumulator_vec/g_lane_30__u_add/fpnew_add/gen_operation_groups_0__i_opgroup_block/gen_parallel_slices_0__active_format_i_fmt_slice/gen_num_lanes_0__active_lane_lane_instance_i_fma/n1816 (net)                                                      3                   0.00       6.42 f                   
  gemm_unit/u_accumulator_vec/g_lane_30__u_add/fpnew_add/gen_operation_groups_0__i_opgroup_block/gen_parallel_slices_0__active_format_i_fmt_slice/gen_num_lanes_0__active_lane_lane_instance_i_fma/U1305/Y (NAND2_X0P5M_A9TR)                                                 0.08      0.06 *     6.49 r                   0.90
  gemm_unit/u_accumulator_vec/g_lane_30__u_add/fpnew_add/gen_operation_groups_0__i_opgroup_block/gen_parallel_slices_0__active_format_i_fmt_slice/gen_num_lanes_0__active_lane_lane_instance_i_fma/n1825 (net)                                                      3                   0.00       6.49 r                   
  gemm_unit/u_accumulator_vec/g_lane_30__u_add/fpnew_add/gen_operation_groups_0__i_opgroup_block/gen_parallel_slices_0__active_format_i_fmt_slice/gen_num_lanes_0__active_lane_lane_instance_i_fma/U1306/Y (NOR2_X0P5B_A9TR)                                                  0.06      0.06 *     6.54 f                   0.90
  gemm_unit/u_accumulator_vec/g_lane_30__u_add/fpnew_add/gen_operation_groups_0__i_opgroup_block/gen_parallel_slices_0__active_format_i_fmt_slice/gen_num_lanes_0__active_lane_lane_instance_i_fma/n1824 (net)                                                      3                   0.00       6.54 f                   
  gemm_unit/u_accumulator_vec/g_lane_30__u_add/fpnew_add/gen_operation_groups_0__i_opgroup_block/gen_parallel_slices_0__active_format_i_fmt_slice/gen_num_lanes_0__active_lane_lane_instance_i_fma/U1307/Y (NAND2_X0P5M_A9TR)                                                 0.08      0.06 *     6.61 r                   0.90
  gemm_unit/u_accumulator_vec/g_lane_30__u_add/fpnew_add/gen_operation_groups_0__i_opgroup_block/gen_parallel_slices_0__active_format_i_fmt_slice/gen_num_lanes_0__active_lane_lane_instance_i_fma/n1865 (net)                                                      3                   0.00       6.61 r                   
  gemm_unit/u_accumulator_vec/g_lane_30__u_add/fpnew_add/gen_operation_groups_0__i_opgroup_block/gen_parallel_slices_0__active_format_i_fmt_slice/gen_num_lanes_0__active_lane_lane_instance_i_fma/U1308/Y (NOR2_X0P5B_A9TR)                                                  0.06      0.06 *     6.66 f                   0.90
  gemm_unit/u_accumulator_vec/g_lane_30__u_add/fpnew_add/gen_operation_groups_0__i_opgroup_block/gen_parallel_slices_0__active_format_i_fmt_slice/gen_num_lanes_0__active_lane_lane_instance_i_fma/n1864 (net)                                                      3                   0.00       6.66 f                   
  gemm_unit/u_accumulator_vec/g_lane_30__u_add/fpnew_add/gen_operation_groups_0__i_opgroup_block/gen_parallel_slices_0__active_format_i_fmt_slice/gen_num_lanes_0__active_lane_lane_instance_i_fma/U1309/Y (NAND2_X0P5M_A9TR)                                                 0.08      0.06 *     6.72 r                   0.90
  gemm_unit/u_accumulator_vec/g_lane_30__u_add/fpnew_add/gen_operation_groups_0__i_opgroup_block/gen_parallel_slices_0__active_format_i_fmt_slice/gen_num_lanes_0__active_lane_lane_instance_i_fma/n1833 (net)                                                      3                   0.00       6.72 r                   
  gemm_unit/u_accumulator_vec/g_lane_30__u_add/fpnew_add/gen_operation_groups_0__i_opgroup_block/gen_parallel_slices_0__active_format_i_fmt_slice/gen_num_lanes_0__active_lane_lane_instance_i_fma/U1310/Y (NOR2_X0P5B_A9TR)                                                  0.06      0.05 *     6.78 f                   0.90
  gemm_unit/u_accumulator_vec/g_lane_30__u_add/fpnew_add/gen_operation_groups_0__i_opgroup_block/gen_parallel_slices_0__active_format_i_fmt_slice/gen_num_lanes_0__active_lane_lane_instance_i_fma/n1832 (net)                                                      3                   0.00       6.78 f                   
  gemm_unit/u_accumulator_vec/g_lane_30__u_add/fpnew_add/gen_operation_groups_0__i_opgroup_block/gen_parallel_slices_0__active_format_i_fmt_slice/gen_num_lanes_0__active_lane_lane_instance_i_fma/U1311/Y (NAND2_X0P5M_A9TR)                                                 0.08      0.06 *     6.84 r                   0.90
  gemm_unit/u_accumulator_vec/g_lane_30__u_add/fpnew_add/gen_operation_groups_0__i_opgroup_block/gen_parallel_slices_0__active_format_i_fmt_slice/gen_num_lanes_0__active_lane_lane_instance_i_fma/n1841 (net)                                                      3                   0.00       6.84 r                   
  gemm_unit/u_accumulator_vec/g_lane_30__u_add/fpnew_add/gen_operation_groups_0__i_opgroup_block/gen_parallel_slices_0__active_format_i_fmt_slice/gen_num_lanes_0__active_lane_lane_instance_i_fma/U1312/Y (NOR2_X0P5B_A9TR)                                                  0.06      0.06 *     6.90 f                   0.90
  gemm_unit/u_accumulator_vec/g_lane_30__u_add/fpnew_add/gen_operation_groups_0__i_opgroup_block/gen_parallel_slices_0__active_format_i_fmt_slice/gen_num_lanes_0__active_lane_lane_instance_i_fma/n1840 (net)                                                      3                   0.00       6.90 f                   
  gemm_unit/u_accumulator_vec/g_lane_30__u_add/fpnew_add/gen_operation_groups_0__i_opgroup_block/gen_parallel_slices_0__active_format_i_fmt_slice/gen_num_lanes_0__active_lane_lane_instance_i_fma/U1313/Y (NAND2_X0P5M_A9TR)                                                 0.08      0.06 *     6.96 r                   0.90
  gemm_unit/u_accumulator_vec/g_lane_30__u_add/fpnew_add/gen_operation_groups_0__i_opgroup_block/gen_parallel_slices_0__active_format_i_fmt_slice/gen_num_lanes_0__active_lane_lane_instance_i_fma/n1857 (net)                                                      3                   0.00       6.96 r                   
  gemm_unit/u_accumulator_vec/g_lane_30__u_add/fpnew_add/gen_operation_groups_0__i_opgroup_block/gen_parallel_slices_0__active_format_i_fmt_slice/gen_num_lanes_0__active_lane_lane_instance_i_fma/U1314/Y (NOR2_X0P5B_A9TR)                                                  0.06      0.06 *     7.01 f                   0.90
  gemm_unit/u_accumulator_vec/g_lane_30__u_add/fpnew_add/gen_operation_groups_0__i_opgroup_block/gen_parallel_slices_0__active_format_i_fmt_slice/gen_num_lanes_0__active_lane_lane_instance_i_fma/n1856 (net)                                                      3                   0.00       7.01 f                   
  gemm_unit/u_accumulator_vec/g_lane_30__u_add/fpnew_add/gen_operation_groups_0__i_opgroup_block/gen_parallel_slices_0__active_format_i_fmt_slice/gen_num_lanes_0__active_lane_lane_instance_i_fma/U1315/Y (NAND2_X0P5M_A9TR)                                                 0.08      0.06 *     7.07 r                   0.90
  gemm_unit/u_accumulator_vec/g_lane_30__u_add/fpnew_add/gen_operation_groups_0__i_opgroup_block/gen_parallel_slices_0__active_format_i_fmt_slice/gen_num_lanes_0__active_lane_lane_instance_i_fma/n1849 (net)                                                      3                   0.00       7.07 r                   
  gemm_unit/u_accumulator_vec/g_lane_30__u_add/fpnew_add/gen_operation_groups_0__i_opgroup_block/gen_parallel_slices_0__active_format_i_fmt_slice/gen_num_lanes_0__active_lane_lane_instance_i_fma/U1316/Y (NOR2_X0P5B_A9TR)                                                  0.06      0.06 *     7.13 f                   0.90
  gemm_unit/u_accumulator_vec/g_lane_30__u_add/fpnew_add/gen_operation_groups_0__i_opgroup_block/gen_parallel_slices_0__active_format_i_fmt_slice/gen_num_lanes_0__active_lane_lane_instance_i_fma/n1848 (net)                                                      3                   0.00       7.13 f                   
  gemm_unit/u_accumulator_vec/g_lane_30__u_add/fpnew_add/gen_operation_groups_0__i_opgroup_block/gen_parallel_slices_0__active_format_i_fmt_slice/gen_num_lanes_0__active_lane_lane_instance_i_fma/U1317/Y (NAND2_X0P5M_A9TR)                                                 0.09      0.06 *     7.19 r                   0.90
  gemm_unit/u_accumulator_vec/g_lane_30__u_add/fpnew_add/gen_operation_groups_0__i_opgroup_block/gen_parallel_slices_0__active_format_i_fmt_slice/gen_num_lanes_0__active_lane_lane_instance_i_fma/n1802 (net)                                                      3                   0.00       7.19 r                   
  gemm_unit/u_accumulator_vec/g_lane_30__u_add/fpnew_add/gen_operation_groups_0__i_opgroup_block/gen_parallel_slices_0__active_format_i_fmt_slice/gen_num_lanes_0__active_lane_lane_instance_i_fma/U1318/Y (NOR2_X0P5B_A9TR)                                                  0.06      0.06 *     7.25 f                   0.90
  gemm_unit/u_accumulator_vec/g_lane_30__u_add/fpnew_add/gen_operation_groups_0__i_opgroup_block/gen_parallel_slices_0__active_format_i_fmt_slice/gen_num_lanes_0__active_lane_lane_instance_i_fma/n1801 (net)                                                      3                   0.00       7.25 f                   
  gemm_unit/u_accumulator_vec/g_lane_30__u_add/fpnew_add/gen_operation_groups_0__i_opgroup_block/gen_parallel_slices_0__active_format_i_fmt_slice/gen_num_lanes_0__active_lane_lane_instance_i_fma/U1319/Y (NAND2_X0P5M_A9TR)                                                 0.09      0.06 *     7.31 r                   0.90
  gemm_unit/u_accumulator_vec/g_lane_30__u_add/fpnew_add/gen_operation_groups_0__i_opgroup_block/gen_parallel_slices_0__active_format_i_fmt_slice/gen_num_lanes_0__active_lane_lane_instance_i_fma/n1795 (net)                                                      3                   0.00       7.31 r                   
  gemm_unit/u_accumulator_vec/g_lane_30__u_add/fpnew_add/gen_operation_groups_0__i_opgroup_block/gen_parallel_slices_0__active_format_i_fmt_slice/gen_num_lanes_0__active_lane_lane_instance_i_fma/U1320/Y (NOR2_X0P5B_A9TR)                                                  0.06      0.06 *     7.37 f                   0.90
  gemm_unit/u_accumulator_vec/g_lane_30__u_add/fpnew_add/gen_operation_groups_0__i_opgroup_block/gen_parallel_slices_0__active_format_i_fmt_slice/gen_num_lanes_0__active_lane_lane_instance_i_fma/n2572 (net)                                                      3                   0.00       7.37 f                   
  gemm_unit/u_accumulator_vec/g_lane_30__u_add/fpnew_add/gen_operation_groups_0__i_opgroup_block/gen_parallel_slices_0__active_format_i_fmt_slice/gen_num_lanes_0__active_lane_lane_instance_i_fma/U1321/Y (NAND2_X0P5M_A9TR)                                                 0.06      0.06 *     7.43 r                   0.90
  gemm_unit/u_accumulator_vec/g_lane_30__u_add/fpnew_add/gen_operation_groups_0__i_opgroup_block/gen_parallel_slices_0__active_format_i_fmt_slice/gen_num_lanes_0__active_lane_lane_instance_i_fma/n2571 (net)                                                      2                   0.00       7.43 r                   
  gemm_unit/u_accumulator_vec/g_lane_30__u_add/fpnew_add/gen_operation_groups_0__i_opgroup_block/gen_parallel_slices_0__active_format_i_fmt_slice/gen_num_lanes_0__active_lane_lane_instance_i_fma/U1322/Y (NOR2_X0P5B_A9TR)                                                  0.04      0.05 *     7.47 f                   0.90
  gemm_unit/u_accumulator_vec/g_lane_30__u_add/fpnew_add/gen_operation_groups_0__i_opgroup_block/gen_parallel_slices_0__active_format_i_fmt_slice/gen_num_lanes_0__active_lane_lane_instance_i_fma/n2483 (net)                                                      2                   0.00       7.47 f                   
  gemm_unit/u_accumulator_vec/g_lane_30__u_add/fpnew_add/gen_operation_groups_0__i_opgroup_block/gen_parallel_slices_0__active_format_i_fmt_slice/gen_num_lanes_0__active_lane_lane_instance_i_fma/U1323/Y (AOI31_X0P7M_A9TR)                                                 0.77      0.46 *     7.94 r                   0.90
  gemm_unit/u_accumulator_vec/g_lane_30__u_add/fpnew_add/gen_operation_groups_0__i_opgroup_block/gen_parallel_slices_0__active_format_i_fmt_slice/gen_num_lanes_0__active_lane_lane_instance_i_fma/n1735 (net)                                                     33                   0.00       7.94 r                   
  gemm_unit/u_accumulator_vec/g_lane_30__u_add/fpnew_add/gen_operation_groups_0__i_opgroup_block/gen_parallel_slices_0__active_format_i_fmt_slice/gen_num_lanes_0__active_lane_lane_instance_i_fma/U960/Y (BUF_X1M_A9TR)                                                      0.19      0.23 *     8.17 r                   0.90
  gemm_unit/u_accumulator_vec/g_lane_30__u_add/fpnew_add/gen_operation_groups_0__i_opgroup_block/gen_parallel_slices_0__active_format_i_fmt_slice/gen_num_lanes_0__active_lane_lane_instance_i_fma/n2687 (net)                                                     20                   0.00       8.17 r                   
  gemm_unit/u_accumulator_vec/g_lane_30__u_add/fpnew_add/gen_operation_groups_0__i_opgroup_block/gen_parallel_slices_0__active_format_i_fmt_slice/gen_num_lanes_0__active_lane_lane_instance_i_fma/U966/Y (INV_X0P7M_A9TR)                                                    0.15      0.15 *     8.32 f                   0.90
  gemm_unit/u_accumulator_vec/g_lane_30__u_add/fpnew_add/gen_operation_groups_0__i_opgroup_block/gen_parallel_slices_0__active_format_i_fmt_slice/gen_num_lanes_0__active_lane_lane_instance_i_fma/n2688 (net)                                                     19                   0.00       8.32 f                   
  gemm_unit/u_accumulator_vec/g_lane_30__u_add/fpnew_add/gen_operation_groups_0__i_opgroup_block/gen_parallel_slices_0__active_format_i_fmt_slice/gen_num_lanes_0__active_lane_lane_instance_i_fma/U1416/Y (AOI221_X0P7M_A9TR)                                                0.11      0.10 *     8.42 r                   0.90
  gemm_unit/u_accumulator_vec/g_lane_30__u_add/fpnew_add/gen_operation_groups_0__i_opgroup_block/gen_parallel_slices_0__active_format_i_fmt_slice/gen_num_lanes_0__active_lane_lane_instance_i_fma/n1876 (net)                                                      1                   0.00       8.42 r                   
  gemm_unit/u_accumulator_vec/g_lane_30__u_add/fpnew_add/gen_operation_groups_0__i_opgroup_block/gen_parallel_slices_0__active_format_i_fmt_slice/gen_num_lanes_0__active_lane_lane_instance_i_fma/U1417/Y (OA21A1OI2_X0P7M_A9TR)                                             0.05      0.05 *     8.47 f                   0.90
  gemm_unit/u_accumulator_vec/g_lane_30__u_add/fpnew_add/gen_operation_groups_0__i_opgroup_block/gen_parallel_slices_0__active_format_i_fmt_slice/gen_num_lanes_0__active_lane_lane_instance_i_fma/n1880 (net)                                                      1                   0.00       8.47 f                   
  gemm_unit/u_accumulator_vec/g_lane_30__u_add/fpnew_add/gen_operation_groups_0__i_opgroup_block/gen_parallel_slices_0__active_format_i_fmt_slice/gen_num_lanes_0__active_lane_lane_instance_i_fma/U1418/Y (XNOR2_X0P5M_A9TR)                                                 0.05      0.07 *     8.54 f                   0.90
  gemm_unit/u_accumulator_vec/g_lane_30__u_add/fpnew_add/gen_operation_groups_0__i_opgroup_block/gen_parallel_slices_0__active_format_i_fmt_slice/gen_num_lanes_0__active_lane_lane_instance_i_fma/sum[48] (net)                                                    1                   0.00       8.54 f                   
  gemm_unit/u_accumulator_vec/g_lane_30__u_add/fpnew_add/gen_operation_groups_0__i_opgroup_block/gen_parallel_slices_0__active_format_i_fmt_slice/gen_num_lanes_0__active_lane_lane_instance_i_fma/mid_pipe_sum_q_reg_1__48_/D (DFFRPQ_X0P5M_A9TR)                            0.05      0.00 *     8.54 f                   0.90
  data arrival time                                                                                                                                                                                                                                                                                8.54                     

  clock CLK (rise edge)                                                                                                                                                                                                                                                                10.00      10.00                     
  clock network delay (ideal)                                                                                                                                                                                                                                                           0.00      10.00                     
  gemm_unit/u_accumulator_vec/g_lane_30__u_add/fpnew_add/gen_operation_groups_0__i_opgroup_block/gen_parallel_slices_0__active_format_i_fmt_slice/gen_num_lanes_0__active_lane_lane_instance_i_fma/mid_pipe_sum_q_reg_1__48_/CK (DFFRPQ_X0P5M_A9TR)                                     0.00      10.00 r                   
  library setup time                                                                                                                                                                                                                                                                   -0.05       9.95                     
  data required time                                                                                                                                                                                                                                                                               9.95                     
  ---------------------------------------------------------------------------------------------------------------------------------------------------------------------------------------------------------------------------------------------------------------------------------------------------------------------------------------
  data required time                                                                                                                                                                                                                                                                               9.95                     
  data arrival time                                                                                                                                                                                                                                                                               -8.54                     
  ---------------------------------------------------------------------------------------------------------------------------------------------------------------------------------------------------------------------------------------------------------------------------------------------------------------------------------------
  slack (MET)                                                                                                                                                                                                                                                                                      1.41                     


  Startpoint: gemm_unit/u_accumulator_vec/g_lane_30__u_add/input_buffer/g_eb1_pipe_buffer/g_register_g_pipe_regs_0__pipe_register/g_shift_register/g_shift_pipe_reg_0__0_
              (rising edge-triggered flip-flop clocked by CLK)
  Endpoint: gemm_unit/u_accumulator_vec/g_lane_30__u_add/fpnew_add/gen_operation_groups_0__i_opgroup_block/gen_parallel_slices_0__active_format_i_fmt_slice/gen_num_lanes_0__active_lane_lane_instance_i_fma/mid_pipe_sum_q_reg_1__29_
            (rising edge-triggered flip-flop clocked by CLK)
  Scenario: mode_norm.OC_rvt_ss_0p900v_125c
  Path Group: CLK
  Path Type: max

Attributes:
    d - dont_touch
    u - dont_use
   mo - map_only
   so - size_only
    i - ideal_net or ideal_network
  inf - infeasible path

  Point                                                                                                                                                                                                                                                           Fanout     Trans      Incr       Path      Attributes     Voltage
  ---------------------------------------------------------------------------------------------------------------------------------------------------------------------------------------------------------------------------------------------------------------------------------------------------------------------------------------
  clock CLK (rise edge)                                                                                                                                                                                                                                                                 0.00       0.00                     
  clock network delay (ideal)                                                                                                                                                                                                                                                           0.00       0.00                     
  gemm_unit/u_accumulator_vec/g_lane_30__u_add/input_buffer/g_eb1_pipe_buffer/g_register_g_pipe_regs_0__pipe_register/g_shift_register/g_shift_pipe_reg_0__0_/CK (DFFQ_X0P5M_A9TR)                                                                                            0.00      0.00       0.00 r    i              0.90
  gemm_unit/u_accumulator_vec/g_lane_30__u_add/input_buffer/g_eb1_pipe_buffer/g_register_g_pipe_regs_0__pipe_register/g_shift_register/g_shift_pipe_reg_0__0_/Q (DFFQ_X0P5M_A9TR)                                                                                             0.06      0.14       0.14 f                   0.90
  gemm_unit/u_accumulator_vec/g_lane_30__u_add/input_buffer/g_eb1_pipe_buffer/g_register_g_pipe_regs_0__pipe_register/g_shift_register/data_out[0] (net)                                                                                                            4                   0.00       0.14 f                   
  gemm_unit/u_accumulator_vec/g_lane_30__u_add/input_buffer/g_eb1_pipe_buffer/g_register_g_pipe_regs_0__pipe_register/g_shift_register/data_out[0] (VX_shift_register_65_1_1_0_1)                                                                                                       0.00       0.14 f                   
  gemm_unit/u_accumulator_vec/g_lane_30__u_add/input_buffer/g_eb1_pipe_buffer/g_register_g_pipe_regs_0__pipe_register/data_out[0] (net)                                                                                                                                                 0.00       0.14 f                   
  gemm_unit/u_accumulator_vec/g_lane_30__u_add/input_buffer/g_eb1_pipe_buffer/g_register_g_pipe_regs_0__pipe_register/data_out[0] (VX_pipe_register_16_1)                                                                                                                               0.00       0.14 f                   
  gemm_unit/u_accumulator_vec/g_lane_30__u_add/input_buffer/g_eb1_pipe_buffer/data_out[0] (net)                                                                                                                                                                                         0.00       0.14 f                   
  gemm_unit/u_accumulator_vec/g_lane_30__u_add/input_buffer/g_eb1_pipe_buffer/data_out[0] (VX_pipe_buffer_48_1)                                                                                                                                                                         0.00       0.14 f                   
  gemm_unit/u_accumulator_vec/g_lane_30__u_add/input_buffer/data_out[0] (net)                                                                                                                                                                                                           0.00       0.14 f                   
  gemm_unit/u_accumulator_vec/g_lane_30__u_add/input_buffer/data_out[0] (VX_elastic_buffer_9_1)                                                                                                                                                                                         0.00       0.14 f                   
  gemm_unit/u_accumulator_vec/g_lane_30__u_add/fpnew_inputs_data[0] (net)                                                                                                                                                                                                               0.00       0.14 f                   
  gemm_unit/u_accumulator_vec/g_lane_30__u_add/fpnew_add/operands_i[32] (fpnew_top_00000010302__logic_Z_1yB__566949_1)                                                                                                                                                                  0.00       0.14 f                   
  gemm_unit/u_accumulator_vec/g_lane_30__u_add/fpnew_add/operands_i[32] (net)                                                                                                                                                                                                           0.00       0.14 f                   
  gemm_unit/u_accumulator_vec/g_lane_30__u_add/fpnew_add/gen_operation_groups_0__i_opgroup_block/operands_i[32] (fpnew_opgroup_block_0_00000020_0_2_10_2_155_3__logic_Z_1yB__00000000_388949_1)                                                                                         0.00       0.14 f                   
  gemm_unit/u_accumulator_vec/g_lane_30__u_add/fpnew_add/gen_operation_groups_0__i_opgroup_block/operands_i[32] (net)                                                                                                                                                                   0.00       0.14 f                   
  gemm_unit/u_accumulator_vec/g_lane_30__u_add/fpnew_add/gen_operation_groups_0__i_opgroup_block/gen_parallel_slices_0__active_format_i_fmt_slice/operands_i[32] (fpnew_opgroup_fmt_slice_0_0_00000020_0_00000001_3__logic_Z_1yB__00000000_1)                                           0.00       0.14 f                   
  gemm_unit/u_accumulator_vec/g_lane_30__u_add/fpnew_add/gen_operation_groups_0__i_opgroup_block/gen_parallel_slices_0__active_format_i_fmt_slice/operands_i[32] (net)                                                                                                                  0.00       0.14 f                   
  gemm_unit/u_accumulator_vec/g_lane_30__u_add/fpnew_add/gen_operation_groups_0__i_opgroup_block/gen_parallel_slices_0__active_format_i_fmt_slice/gen_num_lanes_0__active_lane_lane_instance_i_fma/operands_i[32] (fpnew_fma_0_00000001_3__logic_Z_1yB___logic_Z_1yB__1)                0.00       0.14 f                   
  gemm_unit/u_accumulator_vec/g_lane_30__u_add/fpnew_add/gen_operation_groups_0__i_opgroup_block/gen_parallel_slices_0__active_format_i_fmt_slice/gen_num_lanes_0__active_lane_lane_instance_i_fma/operands_i[32] (net)                                                                 0.00       0.14 f                   
  gemm_unit/u_accumulator_vec/g_lane_30__u_add/fpnew_add/gen_operation_groups_0__i_opgroup_block/gen_parallel_slices_0__active_format_i_fmt_slice/gen_num_lanes_0__active_lane_lane_instance_i_fma/i_class_inputs/operands_i[32] (fpnew_classifier_0_3_1)                               0.00       0.14 f                   
  gemm_unit/u_accumulator_vec/g_lane_30__u_add/fpnew_add/gen_operation_groups_0__i_opgroup_block/gen_parallel_slices_0__active_format_i_fmt_slice/gen_num_lanes_0__active_lane_lane_instance_i_fma/i_class_inputs/operands_i[32] (net)                                                  0.00       0.14 f                   
  gemm_unit/u_accumulator_vec/g_lane_30__u_add/fpnew_add/gen_operation_groups_0__i_opgroup_block/gen_parallel_slices_0__active_format_i_fmt_slice/gen_num_lanes_0__active_lane_lane_instance_i_fma/i_class_inputs/U21/Y (NOR3_X0P7M_A9TR)                                     0.10      0.09 *     0.23 r                   0.90
  gemm_unit/u_accumulator_vec/g_lane_30__u_add/fpnew_add/gen_operation_groups_0__i_opgroup_block/gen_parallel_slices_0__active_format_i_fmt_slice/gen_num_lanes_0__active_lane_lane_instance_i_fma/i_class_inputs/n77 (net)                                         1                   0.00       0.23 r                   
  gemm_unit/u_accumulator_vec/g_lane_30__u_add/fpnew_add/gen_operation_groups_0__i_opgroup_block/gen_parallel_slices_0__active_format_i_fmt_slice/gen_num_lanes_0__active_lane_lane_instance_i_fma/i_class_inputs/U22/Y (NOR4BB_X1M_A9TR)                                     0.06      0.09 *     0.32 r                   0.90
  gemm_unit/u_accumulator_vec/g_lane_30__u_add/fpnew_add/gen_operation_groups_0__i_opgroup_block/gen_parallel_slices_0__active_format_i_fmt_slice/gen_num_lanes_0__active_lane_lane_instance_i_fma/i_class_inputs/n79 (net)                                         1                   0.00       0.32 r                   
  gemm_unit/u_accumulator_vec/g_lane_30__u_add/fpnew_add/gen_operation_groups_0__i_opgroup_block/gen_parallel_slices_0__active_format_i_fmt_slice/gen_num_lanes_0__active_lane_lane_instance_i_fma/i_class_inputs/U23/Y (NOR4BB_X1M_A9TR)                                     0.06      0.08 *     0.40 r                   0.90
  gemm_unit/u_accumulator_vec/g_lane_30__u_add/fpnew_add/gen_operation_groups_0__i_opgroup_block/gen_parallel_slices_0__active_format_i_fmt_slice/gen_num_lanes_0__active_lane_lane_instance_i_fma/i_class_inputs/n81 (net)                                         1                   0.00       0.40 r                   
  gemm_unit/u_accumulator_vec/g_lane_30__u_add/fpnew_add/gen_operation_groups_0__i_opgroup_block/gen_parallel_slices_0__active_format_i_fmt_slice/gen_num_lanes_0__active_lane_lane_instance_i_fma/i_class_inputs/U24/Y (NOR4BB_X1M_A9TR)                                     0.19      0.15 *     0.55 r                   0.90
  gemm_unit/u_accumulator_vec/g_lane_30__u_add/fpnew_add/gen_operation_groups_0__i_opgroup_block/gen_parallel_slices_0__active_format_i_fmt_slice/gen_num_lanes_0__active_lane_lane_instance_i_fma/i_class_inputs/n91 (net)                                         3                   0.00       0.55 r                   
  gemm_unit/u_accumulator_vec/g_lane_30__u_add/fpnew_add/gen_operation_groups_0__i_opgroup_block/gen_parallel_slices_0__active_format_i_fmt_slice/gen_num_lanes_0__active_lane_lane_instance_i_fma/i_class_inputs/U34/Y (NOR2_X0P5B_A9TR)                                     0.08      0.10 *     0.65 f                   0.90
  gemm_unit/u_accumulator_vec/g_lane_30__u_add/fpnew_add/gen_operation_groups_0__i_opgroup_block/gen_parallel_slices_0__active_format_i_fmt_slice/gen_num_lanes_0__active_lane_lane_instance_i_fma/i_class_inputs/info_o[14] (net)                                  4                   0.00       0.65 f                   
  gemm_unit/u_accumulator_vec/g_lane_30__u_add/fpnew_add/gen_operation_groups_0__i_opgroup_block/gen_parallel_slices_0__active_format_i_fmt_slice/gen_num_lanes_0__active_lane_lane_instance_i_fma/i_class_inputs/info_o[14] (fpnew_classifier_0_3_1)                                   0.00       0.65 f                   
  gemm_unit/u_accumulator_vec/g_lane_30__u_add/fpnew_add/gen_operation_groups_0__i_opgroup_block/gen_parallel_slices_0__active_format_i_fmt_slice/gen_num_lanes_0__active_lane_lane_instance_i_fma/info_q[3] (net)                                                                      0.00       0.65 f                   
  gemm_unit/u_accumulator_vec/g_lane_30__u_add/fpnew_add/gen_operation_groups_0__i_opgroup_block/gen_parallel_slices_0__active_format_i_fmt_slice/gen_num_lanes_0__active_lane_lane_instance_i_fma/U1563/Y (AND2_X0P7M_A9TR)                                                  0.02      0.07 *     0.72 f                   0.90
  gemm_unit/u_accumulator_vec/g_lane_30__u_add/fpnew_add/gen_operation_groups_0__i_opgroup_block/gen_parallel_slices_0__active_format_i_fmt_slice/gen_num_lanes_0__active_lane_lane_instance_i_fma/n2115 (net)                                                      1                   0.00       0.72 f                   
  gemm_unit/u_accumulator_vec/g_lane_30__u_add/fpnew_add/gen_operation_groups_0__i_opgroup_block/gen_parallel_slices_0__active_format_i_fmt_slice/gen_num_lanes_0__active_lane_lane_instance_i_fma/U1564/Y (OA21A1OI2_X0P7M_A9TR)                                             0.13      0.10 *     0.82 r                   0.90
  gemm_unit/u_accumulator_vec/g_lane_30__u_add/fpnew_add/gen_operation_groups_0__i_opgroup_block/gen_parallel_slices_0__active_format_i_fmt_slice/gen_num_lanes_0__active_lane_lane_instance_i_fma/n2612 (net)                                                      2                   0.00       0.82 r                   
  gemm_unit/u_accumulator_vec/g_lane_30__u_add/fpnew_add/gen_operation_groups_0__i_opgroup_block/gen_parallel_slices_0__active_format_i_fmt_slice/gen_num_lanes_0__active_lane_lane_instance_i_fma/U1887/Y (INV_X0P7M_A9TR)                                                   0.06      0.06 *     0.88 f                   0.90
  gemm_unit/u_accumulator_vec/g_lane_30__u_add/fpnew_add/gen_operation_groups_0__i_opgroup_block/gen_parallel_slices_0__active_format_i_fmt_slice/gen_num_lanes_0__active_lane_lane_instance_i_fma/exponent_product[1] (net)                                        2                   0.00       0.88 f                   
  gemm_unit/u_accumulator_vec/g_lane_30__u_add/fpnew_add/gen_operation_groups_0__i_opgroup_block/gen_parallel_slices_0__active_format_i_fmt_slice/gen_num_lanes_0__active_lane_lane_instance_i_fma/intadd_2865_U8/CO (ADDF_X1M_A9TR)                                          0.03      0.10 *     0.99 f    mo             0.90
  gemm_unit/u_accumulator_vec/g_lane_30__u_add/fpnew_add/gen_operation_groups_0__i_opgroup_block/gen_parallel_slices_0__active_format_i_fmt_slice/gen_num_lanes_0__active_lane_lane_instance_i_fma/intadd_2865_n7 (net)                                             1                   0.00       0.99 f                   
  gemm_unit/u_accumulator_vec/g_lane_30__u_add/fpnew_add/gen_operation_groups_0__i_opgroup_block/gen_parallel_slices_0__active_format_i_fmt_slice/gen_num_lanes_0__active_lane_lane_instance_i_fma/intadd_2865_U7/CO (ADDF_X1M_A9TR)                                          0.03      0.08 *     1.07 f    mo             0.90
  gemm_unit/u_accumulator_vec/g_lane_30__u_add/fpnew_add/gen_operation_groups_0__i_opgroup_block/gen_parallel_slices_0__active_format_i_fmt_slice/gen_num_lanes_0__active_lane_lane_instance_i_fma/intadd_2865_n6 (net)                                             1                   0.00       1.07 f                   
  gemm_unit/u_accumulator_vec/g_lane_30__u_add/fpnew_add/gen_operation_groups_0__i_opgroup_block/gen_parallel_slices_0__active_format_i_fmt_slice/gen_num_lanes_0__active_lane_lane_instance_i_fma/intadd_2865_U6/CO (ADDF_X1M_A9TR)                                          0.03      0.08 *     1.15 f    mo             0.90
  gemm_unit/u_accumulator_vec/g_lane_30__u_add/fpnew_add/gen_operation_groups_0__i_opgroup_block/gen_parallel_slices_0__active_format_i_fmt_slice/gen_num_lanes_0__active_lane_lane_instance_i_fma/intadd_2865_n5 (net)                                             1                   0.00       1.15 f                   
  gemm_unit/u_accumulator_vec/g_lane_30__u_add/fpnew_add/gen_operation_groups_0__i_opgroup_block/gen_parallel_slices_0__active_format_i_fmt_slice/gen_num_lanes_0__active_lane_lane_instance_i_fma/intadd_2865_U5/CO (ADDF_X1M_A9TR)                                          0.03      0.08 *     1.24 f    mo             0.90
  gemm_unit/u_accumulator_vec/g_lane_30__u_add/fpnew_add/gen_operation_groups_0__i_opgroup_block/gen_parallel_slices_0__active_format_i_fmt_slice/gen_num_lanes_0__active_lane_lane_instance_i_fma/intadd_2865_n4 (net)                                             1                   0.00       1.24 f                   
  gemm_unit/u_accumulator_vec/g_lane_30__u_add/fpnew_add/gen_operation_groups_0__i_opgroup_block/gen_parallel_slices_0__active_format_i_fmt_slice/gen_num_lanes_0__active_lane_lane_instance_i_fma/intadd_2865_U4/CO (ADDF_X1M_A9TR)                                          0.03      0.08 *     1.32 f    mo             0.90
  gemm_unit/u_accumulator_vec/g_lane_30__u_add/fpnew_add/gen_operation_groups_0__i_opgroup_block/gen_parallel_slices_0__active_format_i_fmt_slice/gen_num_lanes_0__active_lane_lane_instance_i_fma/intadd_2865_n3 (net)                                             1                   0.00       1.32 f                   
  gemm_unit/u_accumulator_vec/g_lane_30__u_add/fpnew_add/gen_operation_groups_0__i_opgroup_block/gen_parallel_slices_0__active_format_i_fmt_slice/gen_num_lanes_0__active_lane_lane_instance_i_fma/intadd_2865_U3/CO (ADDF_X1M_A9TR)                                          0.03      0.08 *     1.40 f    mo             0.90
  gemm_unit/u_accumulator_vec/g_lane_30__u_add/fpnew_add/gen_operation_groups_0__i_opgroup_block/gen_parallel_slices_0__active_format_i_fmt_slice/gen_num_lanes_0__active_lane_lane_instance_i_fma/intadd_2865_n2 (net)                                             1                   0.00       1.40 f                   
  gemm_unit/u_accumulator_vec/g_lane_30__u_add/fpnew_add/gen_operation_groups_0__i_opgroup_block/gen_parallel_slices_0__active_format_i_fmt_slice/gen_num_lanes_0__active_lane_lane_instance_i_fma/intadd_2865_U2/CO (ADDF_X1M_A9TR)                                          0.03      0.08 *     1.48 f    mo             0.90
  gemm_unit/u_accumulator_vec/g_lane_30__u_add/fpnew_add/gen_operation_groups_0__i_opgroup_block/gen_parallel_slices_0__active_format_i_fmt_slice/gen_num_lanes_0__active_lane_lane_instance_i_fma/intadd_2865_n1 (net)                                             2                   0.00       1.48 f                   
  gemm_unit/u_accumulator_vec/g_lane_30__u_add/fpnew_add/gen_operation_groups_0__i_opgroup_block/gen_parallel_slices_0__active_format_i_fmt_slice/gen_num_lanes_0__active_lane_lane_instance_i_fma/U19/Y (NOR2_X0P5B_A9TR)                                                    0.05      0.04 *     1.52 r                   0.90
  gemm_unit/u_accumulator_vec/g_lane_30__u_add/fpnew_add/gen_operation_groups_0__i_opgroup_block/gen_parallel_slices_0__active_format_i_fmt_slice/gen_num_lanes_0__active_lane_lane_instance_i_fma/n945 (net)                                                       2                   0.00       1.52 r                   
  gemm_unit/u_accumulator_vec/g_lane_30__u_add/fpnew_add/gen_operation_groups_0__i_opgroup_block/gen_parallel_slices_0__active_format_i_fmt_slice/gen_num_lanes_0__active_lane_lane_instance_i_fma/U34/Y (NAND3BB_X1M_A9TR)                                                   0.16      0.13 *     1.65 r                   0.90
  gemm_unit/u_accumulator_vec/g_lane_30__u_add/fpnew_add/gen_operation_groups_0__i_opgroup_block/gen_parallel_slices_0__active_format_i_fmt_slice/gen_num_lanes_0__active_lane_lane_instance_i_fma/n2117 (net)                                                     14                   0.00       1.65 r                   
  gemm_unit/u_accumulator_vec/g_lane_30__u_add/fpnew_add/gen_operation_groups_0__i_opgroup_block/gen_parallel_slices_0__active_format_i_fmt_slice/gen_num_lanes_0__active_lane_lane_instance_i_fma/U133/Y (INV_X0P7M_A9TR)                                                    0.08      0.09 *     1.74 f                   0.90
  gemm_unit/u_accumulator_vec/g_lane_30__u_add/fpnew_add/gen_operation_groups_0__i_opgroup_block/gen_parallel_slices_0__active_format_i_fmt_slice/gen_num_lanes_0__active_lane_lane_instance_i_fma/n2631 (net)                                                      7                   0.00       1.74 f                   
  gemm_unit/u_accumulator_vec/g_lane_30__u_add/fpnew_add/gen_operation_groups_0__i_opgroup_block/gen_parallel_slices_0__active_format_i_fmt_slice/gen_num_lanes_0__active_lane_lane_instance_i_fma/U44/Y (NAND2_X0P5M_A9TR)                                                   0.07      0.07 *     1.81 r                   0.90
  gemm_unit/u_accumulator_vec/g_lane_30__u_add/fpnew_add/gen_operation_groups_0__i_opgroup_block/gen_parallel_slices_0__active_format_i_fmt_slice/gen_num_lanes_0__active_lane_lane_instance_i_fma/n1182 (net)                                                      3                   0.00       1.81 r                   
  gemm_unit/u_accumulator_vec/g_lane_30__u_add/fpnew_add/gen_operation_groups_0__i_opgroup_block/gen_parallel_slices_0__active_format_i_fmt_slice/gen_num_lanes_0__active_lane_lane_instance_i_fma/U49/Y (NAND2_X0P5M_A9TR)                                                   0.07      0.07 *     1.88 f                   0.90
  gemm_unit/u_accumulator_vec/g_lane_30__u_add/fpnew_add/gen_operation_groups_0__i_opgroup_block/gen_parallel_slices_0__active_format_i_fmt_slice/gen_num_lanes_0__active_lane_lane_instance_i_fma/n1491 (net)                                                      4                   0.00       1.88 f                   
  gemm_unit/u_accumulator_vec/g_lane_30__u_add/fpnew_add/gen_operation_groups_0__i_opgroup_block/gen_parallel_slices_0__active_format_i_fmt_slice/gen_num_lanes_0__active_lane_lane_instance_i_fma/U819/Y (NOR2_X1M_A9TR)                                                     0.16      0.12 *     1.99 r                   0.90
  gemm_unit/u_accumulator_vec/g_lane_30__u_add/fpnew_add/gen_operation_groups_0__i_opgroup_block/gen_parallel_slices_0__active_format_i_fmt_slice/gen_num_lanes_0__active_lane_lane_instance_i_fma/addend_shamt[0] (net)                                            9                   0.00       1.99 r                   
  gemm_unit/u_accumulator_vec/g_lane_30__u_add/fpnew_add/gen_operation_groups_0__i_opgroup_block/gen_parallel_slices_0__active_format_i_fmt_slice/gen_num_lanes_0__active_lane_lane_instance_i_fma/U166/Y (INV_X0P7M_A9TR)                                                    0.08      0.09 *     2.08 f                   0.90
  gemm_unit/u_accumulator_vec/g_lane_30__u_add/fpnew_add/gen_operation_groups_0__i_opgroup_block/gen_parallel_slices_0__active_format_i_fmt_slice/gen_num_lanes_0__active_lane_lane_instance_i_fma/n2643 (net)                                                      8                   0.00       2.08 f                   
  gemm_unit/u_accumulator_vec/g_lane_30__u_add/fpnew_add/gen_operation_groups_0__i_opgroup_block/gen_parallel_slices_0__active_format_i_fmt_slice/gen_num_lanes_0__active_lane_lane_instance_i_fma/U833/Y (NOR2_X1M_A9TR)                                                     0.29      0.20 *     2.28 r                   0.90
  gemm_unit/u_accumulator_vec/g_lane_30__u_add/fpnew_add/gen_operation_groups_0__i_opgroup_block/gen_parallel_slices_0__active_format_i_fmt_slice/gen_num_lanes_0__active_lane_lane_instance_i_fma/n1554 (net)                                                     20                   0.00       2.28 r                   
  gemm_unit/u_accumulator_vec/g_lane_30__u_add/fpnew_add/gen_operation_groups_0__i_opgroup_block/gen_parallel_slices_0__active_format_i_fmt_slice/gen_num_lanes_0__active_lane_lane_instance_i_fma/U892/Y (AOI222_X0P7M_A9TR)                                                 0.15      0.15 *     2.43 f                   0.90
  gemm_unit/u_accumulator_vec/g_lane_30__u_add/fpnew_add/gen_operation_groups_0__i_opgroup_block/gen_parallel_slices_0__active_format_i_fmt_slice/gen_num_lanes_0__active_lane_lane_instance_i_fma/n1532 (net)                                                      2                   0.00       2.43 f                   
  gemm_unit/u_accumulator_vec/g_lane_30__u_add/fpnew_add/gen_operation_groups_0__i_opgroup_block/gen_parallel_slices_0__active_format_i_fmt_slice/gen_num_lanes_0__active_lane_lane_instance_i_fma/U895/Y (AOI22_X0P5M_A9TR)                                                  0.20      0.18 *     2.61 r                   0.90
  gemm_unit/u_accumulator_vec/g_lane_30__u_add/fpnew_add/gen_operation_groups_0__i_opgroup_block/gen_parallel_slices_0__active_format_i_fmt_slice/gen_num_lanes_0__active_lane_lane_instance_i_fma/n1699 (net)                                                      5                   0.00       2.61 r                   
  gemm_unit/u_accumulator_vec/g_lane_30__u_add/fpnew_add/gen_operation_groups_0__i_opgroup_block/gen_parallel_slices_0__active_format_i_fmt_slice/gen_num_lanes_0__active_lane_lane_instance_i_fma/U896/Y (OAI22_X0P7M_A9TR)                                                  0.12      0.12 *     2.73 f                   0.90
  gemm_unit/u_accumulator_vec/g_lane_30__u_add/fpnew_add/gen_operation_groups_0__i_opgroup_block/gen_parallel_slices_0__active_format_i_fmt_slice/gen_num_lanes_0__active_lane_lane_instance_i_fma/n1660 (net)                                                      4                   0.00       2.73 f                   
  gemm_unit/u_accumulator_vec/g_lane_30__u_add/fpnew_add/gen_operation_groups_0__i_opgroup_block/gen_parallel_slices_0__active_format_i_fmt_slice/gen_num_lanes_0__active_lane_lane_instance_i_fma/U911/Y (AOI22_X0P5M_A9TR)                                                  0.12      0.11 *     2.83 r                   0.90
  gemm_unit/u_accumulator_vec/g_lane_30__u_add/fpnew_add/gen_operation_groups_0__i_opgroup_block/gen_parallel_slices_0__active_format_i_fmt_slice/gen_num_lanes_0__active_lane_lane_instance_i_fma/n1711 (net)                                                      2                   0.00       2.83 r                   
  gemm_unit/u_accumulator_vec/g_lane_30__u_add/fpnew_add/gen_operation_groups_0__i_opgroup_block/gen_parallel_slices_0__active_format_i_fmt_slice/gen_num_lanes_0__active_lane_lane_instance_i_fma/U912/Y (NAND2_X0P5M_A9TR)                                                  0.07      0.06 *     2.89 f                   0.90
  gemm_unit/u_accumulator_vec/g_lane_30__u_add/fpnew_add/gen_operation_groups_0__i_opgroup_block/gen_parallel_slices_0__active_format_i_fmt_slice/gen_num_lanes_0__active_lane_lane_instance_i_fma/n1655 (net)                                                      2                   0.00       2.89 f                   
  gemm_unit/u_accumulator_vec/g_lane_30__u_add/fpnew_add/gen_operation_groups_0__i_opgroup_block/gen_parallel_slices_0__active_format_i_fmt_slice/gen_num_lanes_0__active_lane_lane_instance_i_fma/U922/Y (AND4_X0P7M_A9TR)                                                   0.03      0.08 *     2.97 f                   0.90
  gemm_unit/u_accumulator_vec/g_lane_30__u_add/fpnew_add/gen_operation_groups_0__i_opgroup_block/gen_parallel_slices_0__active_format_i_fmt_slice/gen_num_lanes_0__active_lane_lane_instance_i_fma/n1579 (net)                                                      1                   0.00       2.97 f                   
  gemm_unit/u_accumulator_vec/g_lane_30__u_add/fpnew_add/gen_operation_groups_0__i_opgroup_block/gen_parallel_slices_0__active_format_i_fmt_slice/gen_num_lanes_0__active_lane_lane_instance_i_fma/U988/Y (NOR4BB_X0P7M_A9TR)                                                 0.06      0.06 *     3.04 f                   0.90
  gemm_unit/u_accumulator_vec/g_lane_30__u_add/fpnew_add/gen_operation_groups_0__i_opgroup_block/gen_parallel_slices_0__active_format_i_fmt_slice/gen_num_lanes_0__active_lane_lane_instance_i_fma/n1613 (net)                                                      1                   0.00       3.04 f                   
  gemm_unit/u_accumulator_vec/g_lane_30__u_add/fpnew_add/gen_operation_groups_0__i_opgroup_block/gen_parallel_slices_0__active_format_i_fmt_slice/gen_num_lanes_0__active_lane_lane_instance_i_fma/U1016/Y (NOR4BB_X0P7M_A9TR)                                                0.05      0.07 *     3.11 f                   0.90
  gemm_unit/u_accumulator_vec/g_lane_30__u_add/fpnew_add/gen_operation_groups_0__i_opgroup_block/gen_parallel_slices_0__active_format_i_fmt_slice/gen_num_lanes_0__active_lane_lane_instance_i_fma/n1625 (net)                                                      1                   0.00       3.11 f                   
  gemm_unit/u_accumulator_vec/g_lane_30__u_add/fpnew_add/gen_operation_groups_0__i_opgroup_block/gen_parallel_slices_0__active_format_i_fmt_slice/gen_num_lanes_0__active_lane_lane_instance_i_fma/U1027/Y (OAI22_X0P5M_A9TR)                                                 0.15      0.11 *     3.22 r                   0.90
  gemm_unit/u_accumulator_vec/g_lane_30__u_add/fpnew_add/gen_operation_groups_0__i_opgroup_block/gen_parallel_slices_0__active_format_i_fmt_slice/gen_num_lanes_0__active_lane_lane_instance_i_fma/mid_pipe_sticky_q[0] (net)                                       3                   0.00       3.22 r                   
  gemm_unit/u_accumulator_vec/g_lane_30__u_add/fpnew_add/gen_operation_groups_0__i_opgroup_block/gen_parallel_slices_0__active_format_i_fmt_slice/gen_num_lanes_0__active_lane_lane_instance_i_fma/U1221/Y (NOR3_X1M_A9TR)                                                    0.10      0.10 *     3.31 f                   0.90
  gemm_unit/u_accumulator_vec/g_lane_30__u_add/fpnew_add/gen_operation_groups_0__i_opgroup_block/gen_parallel_slices_0__active_format_i_fmt_slice/gen_num_lanes_0__active_lane_lane_instance_i_fma/n2566 (net)                                                      3                   0.00       3.31 f                   
  gemm_unit/u_accumulator_vec/g_lane_30__u_add/fpnew_add/gen_operation_groups_0__i_opgroup_block/gen_parallel_slices_0__active_format_i_fmt_slice/gen_num_lanes_0__active_lane_lane_instance_i_fma/U1226/Y (NAND3_X0P7M_A9TR)                                                 0.11      0.10 *     3.41 r                   0.90
  gemm_unit/u_accumulator_vec/g_lane_30__u_add/fpnew_add/gen_operation_groups_0__i_opgroup_block/gen_parallel_slices_0__active_format_i_fmt_slice/gen_num_lanes_0__active_lane_lane_instance_i_fma/n2563 (net)                                                      5                   0.00       3.41 r                   
  gemm_unit/u_accumulator_vec/g_lane_30__u_add/fpnew_add/gen_operation_groups_0__i_opgroup_block/gen_parallel_slices_0__active_format_i_fmt_slice/gen_num_lanes_0__active_lane_lane_instance_i_fma/U1227/Y (NOR3_X1M_A9TR)                                                    0.07      0.08 *     3.50 f                   0.90
  gemm_unit/u_accumulator_vec/g_lane_30__u_add/fpnew_add/gen_operation_groups_0__i_opgroup_block/gen_parallel_slices_0__active_format_i_fmt_slice/gen_num_lanes_0__active_lane_lane_instance_i_fma/n2560 (net)                                                      3                   0.00       3.50 f                   
  gemm_unit/u_accumulator_vec/g_lane_30__u_add/fpnew_add/gen_operation_groups_0__i_opgroup_block/gen_parallel_slices_0__active_format_i_fmt_slice/gen_num_lanes_0__active_lane_lane_instance_i_fma/U1232/Y (NAND3_X0P7M_A9TR)                                                 0.12      0.09 *     3.58 r                   0.90
  gemm_unit/u_accumulator_vec/g_lane_30__u_add/fpnew_add/gen_operation_groups_0__i_opgroup_block/gen_parallel_slices_0__active_format_i_fmt_slice/gen_num_lanes_0__active_lane_lane_instance_i_fma/n2557 (net)                                                      5                   0.00       3.58 r                   
  gemm_unit/u_accumulator_vec/g_lane_30__u_add/fpnew_add/gen_operation_groups_0__i_opgroup_block/gen_parallel_slices_0__active_format_i_fmt_slice/gen_num_lanes_0__active_lane_lane_instance_i_fma/U1233/Y (NOR3_X1M_A9TR)                                                    0.08      0.08 *     3.67 f                   0.90
  gemm_unit/u_accumulator_vec/g_lane_30__u_add/fpnew_add/gen_operation_groups_0__i_opgroup_block/gen_parallel_slices_0__active_format_i_fmt_slice/gen_num_lanes_0__active_lane_lane_instance_i_fma/n2523 (net)                                                      3                   0.00       3.67 f                   
  gemm_unit/u_accumulator_vec/g_lane_30__u_add/fpnew_add/gen_operation_groups_0__i_opgroup_block/gen_parallel_slices_0__active_format_i_fmt_slice/gen_num_lanes_0__active_lane_lane_instance_i_fma/U1238/Y (NAND3_X0P7M_A9TR)                                                 0.12      0.09 *     3.76 r                   0.90
  gemm_unit/u_accumulator_vec/g_lane_30__u_add/fpnew_add/gen_operation_groups_0__i_opgroup_block/gen_parallel_slices_0__active_format_i_fmt_slice/gen_num_lanes_0__active_lane_lane_instance_i_fma/n2536 (net)                                                      5                   0.00       3.76 r                   
  gemm_unit/u_accumulator_vec/g_lane_30__u_add/fpnew_add/gen_operation_groups_0__i_opgroup_block/gen_parallel_slices_0__active_format_i_fmt_slice/gen_num_lanes_0__active_lane_lane_instance_i_fma/U1241/Y (NOR3_X1M_A9TR)                                                    0.07      0.08 *     3.85 f                   0.90
  gemm_unit/u_accumulator_vec/g_lane_30__u_add/fpnew_add/gen_operation_groups_0__i_opgroup_block/gen_parallel_slices_0__active_format_i_fmt_slice/gen_num_lanes_0__active_lane_lane_instance_i_fma/n2595 (net)                                                      4                   0.00       3.85 f                   
  gemm_unit/u_accumulator_vec/g_lane_30__u_add/fpnew_add/gen_operation_groups_0__i_opgroup_block/gen_parallel_slices_0__active_format_i_fmt_slice/gen_num_lanes_0__active_lane_lane_instance_i_fma/U1247/Y (NAND3_X0P7A_A9TR)                                                 0.10      0.08 *     3.93 r                   0.90
  gemm_unit/u_accumulator_vec/g_lane_30__u_add/fpnew_add/gen_operation_groups_0__i_opgroup_block/gen_parallel_slices_0__active_format_i_fmt_slice/gen_num_lanes_0__active_lane_lane_instance_i_fma/n2605 (net)                                                      5                   0.00       3.93 r                   
  gemm_unit/u_accumulator_vec/g_lane_30__u_add/fpnew_add/gen_operation_groups_0__i_opgroup_block/gen_parallel_slices_0__active_format_i_fmt_slice/gen_num_lanes_0__active_lane_lane_instance_i_fma/U1252/Y (NOR3_X1M_A9TR)                                                    0.07      0.07 *     4.00 f                   0.90
  gemm_unit/u_accumulator_vec/g_lane_30__u_add/fpnew_add/gen_operation_groups_0__i_opgroup_block/gen_parallel_slices_0__active_format_i_fmt_slice/gen_num_lanes_0__active_lane_lane_instance_i_fma/n2602 (net)                                                      4                   0.00       4.00 f                   
  gemm_unit/u_accumulator_vec/g_lane_30__u_add/fpnew_add/gen_operation_groups_0__i_opgroup_block/gen_parallel_slices_0__active_format_i_fmt_slice/gen_num_lanes_0__active_lane_lane_instance_i_fma/U1257/Y (NAND3_X0P7M_A9TR)                                                 0.14      0.10 *     4.10 r                   0.90
  gemm_unit/u_accumulator_vec/g_lane_30__u_add/fpnew_add/gen_operation_groups_0__i_opgroup_block/gen_parallel_slices_0__active_format_i_fmt_slice/gen_num_lanes_0__active_lane_lane_instance_i_fma/n2541 (net)                                                      5                   0.00       4.10 r                   
  gemm_unit/u_accumulator_vec/g_lane_30__u_add/fpnew_add/gen_operation_groups_0__i_opgroup_block/gen_parallel_slices_0__active_format_i_fmt_slice/gen_num_lanes_0__active_lane_lane_instance_i_fma/U1262/Y (NOR3_X1M_A9TR)                                                    0.07      0.09 *     4.19 f                   0.90
  gemm_unit/u_accumulator_vec/g_lane_30__u_add/fpnew_add/gen_operation_groups_0__i_opgroup_block/gen_parallel_slices_0__active_format_i_fmt_slice/gen_num_lanes_0__active_lane_lane_instance_i_fma/n2553 (net)                                                      3                   0.00       4.19 f                   
  gemm_unit/u_accumulator_vec/g_lane_30__u_add/fpnew_add/gen_operation_groups_0__i_opgroup_block/gen_parallel_slices_0__active_format_i_fmt_slice/gen_num_lanes_0__active_lane_lane_instance_i_fma/U1267/Y (NAND3_X0P7M_A9TR)                                                 0.11      0.08 *     4.27 r                   0.90
  gemm_unit/u_accumulator_vec/g_lane_30__u_add/fpnew_add/gen_operation_groups_0__i_opgroup_block/gen_parallel_slices_0__active_format_i_fmt_slice/gen_num_lanes_0__active_lane_lane_instance_i_fma/n2550 (net)                                                      4                   0.00       4.27 r                   
  gemm_unit/u_accumulator_vec/g_lane_30__u_add/fpnew_add/gen_operation_groups_0__i_opgroup_block/gen_parallel_slices_0__active_format_i_fmt_slice/gen_num_lanes_0__active_lane_lane_instance_i_fma/U1268/Y (NOR3_X1M_A9TR)                                                    0.08      0.09 *     4.36 f                   0.90
  gemm_unit/u_accumulator_vec/g_lane_30__u_add/fpnew_add/gen_operation_groups_0__i_opgroup_block/gen_parallel_slices_0__active_format_i_fmt_slice/gen_num_lanes_0__active_lane_lane_instance_i_fma/n2586 (net)                                                      2                   0.00       4.36 f                   
  gemm_unit/u_accumulator_vec/g_lane_30__u_add/fpnew_add/gen_operation_groups_0__i_opgroup_block/gen_parallel_slices_0__active_format_i_fmt_slice/gen_num_lanes_0__active_lane_lane_instance_i_fma/U1875/CO (ADDF_X1M_A9TR)                                                   0.04      0.11 *     4.47 f                   0.90
  gemm_unit/u_accumulator_vec/g_lane_30__u_add/fpnew_add/gen_operation_groups_0__i_opgroup_block/gen_parallel_slices_0__active_format_i_fmt_slice/gen_num_lanes_0__active_lane_lane_instance_i_fma/n1971 (net)                                                      3                   0.00       4.47 f                   
  gemm_unit/u_accumulator_vec/g_lane_30__u_add/fpnew_add/gen_operation_groups_0__i_opgroup_block/gen_parallel_slices_0__active_format_i_fmt_slice/gen_num_lanes_0__active_lane_lane_instance_i_fma/U1271/CON (CGENI_X1M_A9TR)                                                 0.10      0.07 *     4.54 r                   0.90
  gemm_unit/u_accumulator_vec/g_lane_30__u_add/fpnew_add/gen_operation_groups_0__i_opgroup_block/gen_parallel_slices_0__active_format_i_fmt_slice/gen_num_lanes_0__active_lane_lane_instance_i_fma/n1906 (net)                                                      3                   0.00       4.54 r                   
  gemm_unit/u_accumulator_vec/g_lane_30__u_add/fpnew_add/gen_operation_groups_0__i_opgroup_block/gen_parallel_slices_0__active_format_i_fmt_slice/gen_num_lanes_0__active_lane_lane_instance_i_fma/U1272/CON (CGENI_X1M_A9TR)                                                 0.07      0.06 *     4.60 f                   0.90
  gemm_unit/u_accumulator_vec/g_lane_30__u_add/fpnew_add/gen_operation_groups_0__i_opgroup_block/gen_parallel_slices_0__active_format_i_fmt_slice/gen_num_lanes_0__active_lane_lane_instance_i_fma/n1944 (net)                                                      3                   0.00       4.60 f                   
  gemm_unit/u_accumulator_vec/g_lane_30__u_add/fpnew_add/gen_operation_groups_0__i_opgroup_block/gen_parallel_slices_0__active_format_i_fmt_slice/gen_num_lanes_0__active_lane_lane_instance_i_fma/U1273/CON (CGENI_X1M_A9TR)                                                 0.10      0.07 *     4.68 r                   0.90
  gemm_unit/u_accumulator_vec/g_lane_30__u_add/fpnew_add/gen_operation_groups_0__i_opgroup_block/gen_parallel_slices_0__active_format_i_fmt_slice/gen_num_lanes_0__active_lane_lane_instance_i_fma/n1888 (net)                                                      3                   0.00       4.68 r                   
  gemm_unit/u_accumulator_vec/g_lane_30__u_add/fpnew_add/gen_operation_groups_0__i_opgroup_block/gen_parallel_slices_0__active_format_i_fmt_slice/gen_num_lanes_0__active_lane_lane_instance_i_fma/U1274/CON (CGENI_X1M_A9TR)                                                 0.06      0.06 *     4.74 f                   0.90
  gemm_unit/u_accumulator_vec/g_lane_30__u_add/fpnew_add/gen_operation_groups_0__i_opgroup_block/gen_parallel_slices_0__active_format_i_fmt_slice/gen_num_lanes_0__active_lane_lane_instance_i_fma/n1953 (net)                                                      3                   0.00       4.74 f                   
  gemm_unit/u_accumulator_vec/g_lane_30__u_add/fpnew_add/gen_operation_groups_0__i_opgroup_block/gen_parallel_slices_0__active_format_i_fmt_slice/gen_num_lanes_0__active_lane_lane_instance_i_fma/U1275/CON (CGENI_X1M_A9TR)                                                 0.09      0.07 *     4.81 r                   0.90
  gemm_unit/u_accumulator_vec/g_lane_30__u_add/fpnew_add/gen_operation_groups_0__i_opgroup_block/gen_parallel_slices_0__active_format_i_fmt_slice/gen_num_lanes_0__active_lane_lane_instance_i_fma/n1963 (net)                                                      3                   0.00       4.81 r                   
  gemm_unit/u_accumulator_vec/g_lane_30__u_add/fpnew_add/gen_operation_groups_0__i_opgroup_block/gen_parallel_slices_0__active_format_i_fmt_slice/gen_num_lanes_0__active_lane_lane_instance_i_fma/U1276/CON (CGENI_X1M_A9TR)                                                 0.07      0.06 *     4.87 f                   0.90
  gemm_unit/u_accumulator_vec/g_lane_30__u_add/fpnew_add/gen_operation_groups_0__i_opgroup_block/gen_parallel_slices_0__active_format_i_fmt_slice/gen_num_lanes_0__active_lane_lane_instance_i_fma/n2052 (net)                                                      3                   0.00       4.87 f                   
  gemm_unit/u_accumulator_vec/g_lane_30__u_add/fpnew_add/gen_operation_groups_0__i_opgroup_block/gen_parallel_slices_0__active_format_i_fmt_slice/gen_num_lanes_0__active_lane_lane_instance_i_fma/U1277/CON (CGENI_X1M_A9TR)                                                 0.09      0.07 *     4.95 r                   0.90
  gemm_unit/u_accumulator_vec/g_lane_30__u_add/fpnew_add/gen_operation_groups_0__i_opgroup_block/gen_parallel_slices_0__active_format_i_fmt_slice/gen_num_lanes_0__active_lane_lane_instance_i_fma/n2071 (net)                                                      3                   0.00       4.95 r                   
  gemm_unit/u_accumulator_vec/g_lane_30__u_add/fpnew_add/gen_operation_groups_0__i_opgroup_block/gen_parallel_slices_0__active_format_i_fmt_slice/gen_num_lanes_0__active_lane_lane_instance_i_fma/U1278/CON (CGENI_X1M_A9TR)                                                 0.07      0.06 *     5.01 f                   0.90
  gemm_unit/u_accumulator_vec/g_lane_30__u_add/fpnew_add/gen_operation_groups_0__i_opgroup_block/gen_parallel_slices_0__active_format_i_fmt_slice/gen_num_lanes_0__active_lane_lane_instance_i_fma/n2007 (net)                                                      3                   0.00       5.01 f                   
  gemm_unit/u_accumulator_vec/g_lane_30__u_add/fpnew_add/gen_operation_groups_0__i_opgroup_block/gen_parallel_slices_0__active_format_i_fmt_slice/gen_num_lanes_0__active_lane_lane_instance_i_fma/U1279/CON (CGENI_X1M_A9TR)                                                 0.09      0.07 *     5.08 r                   0.90
  gemm_unit/u_accumulator_vec/g_lane_30__u_add/fpnew_add/gen_operation_groups_0__i_opgroup_block/gen_parallel_slices_0__active_format_i_fmt_slice/gen_num_lanes_0__active_lane_lane_instance_i_fma/n2044 (net)                                                      3                   0.00       5.08 r                   
  gemm_unit/u_accumulator_vec/g_lane_30__u_add/fpnew_add/gen_operation_groups_0__i_opgroup_block/gen_parallel_slices_0__active_format_i_fmt_slice/gen_num_lanes_0__active_lane_lane_instance_i_fma/U1280/CON (CGENI_X1M_A9TR)                                                 0.06      0.06 *     5.14 f                   0.90
  gemm_unit/u_accumulator_vec/g_lane_30__u_add/fpnew_add/gen_operation_groups_0__i_opgroup_block/gen_parallel_slices_0__active_format_i_fmt_slice/gen_num_lanes_0__active_lane_lane_instance_i_fma/n1998 (net)                                                      3                   0.00       5.14 f                   
  gemm_unit/u_accumulator_vec/g_lane_30__u_add/fpnew_add/gen_operation_groups_0__i_opgroup_block/gen_parallel_slices_0__active_format_i_fmt_slice/gen_num_lanes_0__active_lane_lane_instance_i_fma/U1281/CON (CGENI_X1M_A9TR)                                                 0.09      0.07 *     5.21 r                   0.90
  gemm_unit/u_accumulator_vec/g_lane_30__u_add/fpnew_add/gen_operation_groups_0__i_opgroup_block/gen_parallel_slices_0__active_format_i_fmt_slice/gen_num_lanes_0__active_lane_lane_instance_i_fma/n2081 (net)                                                      3                   0.00       5.21 r                   
  gemm_unit/u_accumulator_vec/g_lane_30__u_add/fpnew_add/gen_operation_groups_0__i_opgroup_block/gen_parallel_slices_0__active_format_i_fmt_slice/gen_num_lanes_0__active_lane_lane_instance_i_fma/U1282/CON (CGENI_X1M_A9TR)                                                 0.06      0.06 *     5.27 f                   0.90
  gemm_unit/u_accumulator_vec/g_lane_30__u_add/fpnew_add/gen_operation_groups_0__i_opgroup_block/gen_parallel_slices_0__active_format_i_fmt_slice/gen_num_lanes_0__active_lane_lane_instance_i_fma/n2061 (net)                                                      3                   0.00       5.27 f                   
  gemm_unit/u_accumulator_vec/g_lane_30__u_add/fpnew_add/gen_operation_groups_0__i_opgroup_block/gen_parallel_slices_0__active_format_i_fmt_slice/gen_num_lanes_0__active_lane_lane_instance_i_fma/U1283/CON (CGENI_X1M_A9TR)                                                 0.09      0.07 *     5.34 r                   0.90
  gemm_unit/u_accumulator_vec/g_lane_30__u_add/fpnew_add/gen_operation_groups_0__i_opgroup_block/gen_parallel_slices_0__active_format_i_fmt_slice/gen_num_lanes_0__active_lane_lane_instance_i_fma/n1981 (net)                                                      3                   0.00       5.34 r                   
  gemm_unit/u_accumulator_vec/g_lane_30__u_add/fpnew_add/gen_operation_groups_0__i_opgroup_block/gen_parallel_slices_0__active_format_i_fmt_slice/gen_num_lanes_0__active_lane_lane_instance_i_fma/U1284/CON (CGENI_X1M_A9TR)                                                 0.06      0.06 *     5.40 f                   0.90
  gemm_unit/u_accumulator_vec/g_lane_30__u_add/fpnew_add/gen_operation_groups_0__i_opgroup_block/gen_parallel_slices_0__active_format_i_fmt_slice/gen_num_lanes_0__active_lane_lane_instance_i_fma/n1896 (net)                                                      3                   0.00       5.40 f                   
  gemm_unit/u_accumulator_vec/g_lane_30__u_add/fpnew_add/gen_operation_groups_0__i_opgroup_block/gen_parallel_slices_0__active_format_i_fmt_slice/gen_num_lanes_0__active_lane_lane_instance_i_fma/U1285/CON (CGENI_X1M_A9TR)                                                 0.10      0.08 *     5.48 r                   0.90
  gemm_unit/u_accumulator_vec/g_lane_30__u_add/fpnew_add/gen_operation_groups_0__i_opgroup_block/gen_parallel_slices_0__active_format_i_fmt_slice/gen_num_lanes_0__active_lane_lane_instance_i_fma/n1935 (net)                                                      3                   0.00       5.48 r                   
  gemm_unit/u_accumulator_vec/g_lane_30__u_add/fpnew_add/gen_operation_groups_0__i_opgroup_block/gen_parallel_slices_0__active_format_i_fmt_slice/gen_num_lanes_0__active_lane_lane_instance_i_fma/U1287/CON (CGENI_X1M_A9TR)                                                 0.07      0.06 *     5.54 f                   0.90
  gemm_unit/u_accumulator_vec/g_lane_30__u_add/fpnew_add/gen_operation_groups_0__i_opgroup_block/gen_parallel_slices_0__active_format_i_fmt_slice/gen_num_lanes_0__active_lane_lane_instance_i_fma/n2017 (net)                                                      3                   0.00       5.54 f                   
  gemm_unit/u_accumulator_vec/g_lane_30__u_add/fpnew_add/gen_operation_groups_0__i_opgroup_block/gen_parallel_slices_0__active_format_i_fmt_slice/gen_num_lanes_0__active_lane_lane_instance_i_fma/U1288/CON (CGENI_X1M_A9TR)                                                 0.10      0.08 *     5.62 r                   0.90
  gemm_unit/u_accumulator_vec/g_lane_30__u_add/fpnew_add/gen_operation_groups_0__i_opgroup_block/gen_parallel_slices_0__active_format_i_fmt_slice/gen_num_lanes_0__active_lane_lane_instance_i_fma/n2026 (net)                                                      3                   0.00       5.62 r                   
  gemm_unit/u_accumulator_vec/g_lane_30__u_add/fpnew_add/gen_operation_groups_0__i_opgroup_block/gen_parallel_slices_0__active_format_i_fmt_slice/gen_num_lanes_0__active_lane_lane_instance_i_fma/U1289/CON (CGENI_X1M_A9TR)                                                 0.07      0.06 *     5.68 f                   0.90
  gemm_unit/u_accumulator_vec/g_lane_30__u_add/fpnew_add/gen_operation_groups_0__i_opgroup_block/gen_parallel_slices_0__active_format_i_fmt_slice/gen_num_lanes_0__active_lane_lane_instance_i_fma/n1990 (net)                                                      3                   0.00       5.68 f                   
  gemm_unit/u_accumulator_vec/g_lane_30__u_add/fpnew_add/gen_operation_groups_0__i_opgroup_block/gen_parallel_slices_0__active_format_i_fmt_slice/gen_num_lanes_0__active_lane_lane_instance_i_fma/U1290/CON (CGENI_X1M_A9TR)                                                 0.10      0.08 *     5.76 r                   0.90
  gemm_unit/u_accumulator_vec/g_lane_30__u_add/fpnew_add/gen_operation_groups_0__i_opgroup_block/gen_parallel_slices_0__active_format_i_fmt_slice/gen_num_lanes_0__active_lane_lane_instance_i_fma/n1915 (net)                                                      3                   0.00       5.76 r                   
  gemm_unit/u_accumulator_vec/g_lane_30__u_add/fpnew_add/gen_operation_groups_0__i_opgroup_block/gen_parallel_slices_0__active_format_i_fmt_slice/gen_num_lanes_0__active_lane_lane_instance_i_fma/U1292/CON (CGENI_X1M_A9TR)                                                 0.07      0.06 *     5.82 f                   0.90
  gemm_unit/u_accumulator_vec/g_lane_30__u_add/fpnew_add/gen_operation_groups_0__i_opgroup_block/gen_parallel_slices_0__active_format_i_fmt_slice/gen_num_lanes_0__active_lane_lane_instance_i_fma/n2035 (net)                                                      3                   0.00       5.82 f                   
  gemm_unit/u_accumulator_vec/g_lane_30__u_add/fpnew_add/gen_operation_groups_0__i_opgroup_block/gen_parallel_slices_0__active_format_i_fmt_slice/gen_num_lanes_0__active_lane_lane_instance_i_fma/U1293/CON (CGENI_X1M_A9TR)                                                 0.09      0.08 *     5.89 r                   0.90
  gemm_unit/u_accumulator_vec/g_lane_30__u_add/fpnew_add/gen_operation_groups_0__i_opgroup_block/gen_parallel_slices_0__active_format_i_fmt_slice/gen_num_lanes_0__active_lane_lane_instance_i_fma/n1925 (net)                                                      3                   0.00       5.89 r                   
  gemm_unit/u_accumulator_vec/g_lane_30__u_add/fpnew_add/gen_operation_groups_0__i_opgroup_block/gen_parallel_slices_0__active_format_i_fmt_slice/gen_num_lanes_0__active_lane_lane_instance_i_fma/U1295/CON (CGENI_X1M_A9TR)                                                 0.07      0.06 *     5.95 f                   0.90
  gemm_unit/u_accumulator_vec/g_lane_30__u_add/fpnew_add/gen_operation_groups_0__i_opgroup_block/gen_parallel_slices_0__active_format_i_fmt_slice/gen_num_lanes_0__active_lane_lane_instance_i_fma/n1879 (net)                                                      3                   0.00       5.95 f                   
  gemm_unit/u_accumulator_vec/g_lane_30__u_add/fpnew_add/gen_operation_groups_0__i_opgroup_block/gen_parallel_slices_0__active_format_i_fmt_slice/gen_num_lanes_0__active_lane_lane_instance_i_fma/U1296/CON (CGENI_X1M_A9TR)                                                 0.07      0.06 *     6.01 r                   0.90
  gemm_unit/u_accumulator_vec/g_lane_30__u_add/fpnew_add/gen_operation_groups_0__i_opgroup_block/gen_parallel_slices_0__active_format_i_fmt_slice/gen_num_lanes_0__active_lane_lane_instance_i_fma/n1781 (net)                                                      2                   0.00       6.01 r                   
  gemm_unit/u_accumulator_vec/g_lane_30__u_add/fpnew_add/gen_operation_groups_0__i_opgroup_block/gen_parallel_slices_0__active_format_i_fmt_slice/gen_num_lanes_0__active_lane_lane_instance_i_fma/U1298/Y (NOR2_X0P5B_A9TR)                                                  0.07      0.05 *     6.06 f                   0.90
  gemm_unit/u_accumulator_vec/g_lane_30__u_add/fpnew_add/gen_operation_groups_0__i_opgroup_block/gen_parallel_slices_0__active_format_i_fmt_slice/gen_num_lanes_0__active_lane_lane_instance_i_fma/n2579 (net)                                                      3                   0.00       6.06 f                   
  gemm_unit/u_accumulator_vec/g_lane_30__u_add/fpnew_add/gen_operation_groups_0__i_opgroup_block/gen_parallel_slices_0__active_format_i_fmt_slice/gen_num_lanes_0__active_lane_lane_instance_i_fma/U1299/Y (NAND2_X0P5M_A9TR)                                                 0.07      0.07 *     6.12 r                   0.90
  gemm_unit/u_accumulator_vec/g_lane_30__u_add/fpnew_add/gen_operation_groups_0__i_opgroup_block/gen_parallel_slices_0__active_format_i_fmt_slice/gen_num_lanes_0__active_lane_lane_instance_i_fma/n2578 (net)                                                      3                   0.00       6.12 r                   
  gemm_unit/u_accumulator_vec/g_lane_30__u_add/fpnew_add/gen_operation_groups_0__i_opgroup_block/gen_parallel_slices_0__active_format_i_fmt_slice/gen_num_lanes_0__active_lane_lane_instance_i_fma/U1300/Y (NOR2_X0P5B_A9TR)                                                  0.06      0.05 *     6.18 f                   0.90
  gemm_unit/u_accumulator_vec/g_lane_30__u_add/fpnew_add/gen_operation_groups_0__i_opgroup_block/gen_parallel_slices_0__active_format_i_fmt_slice/gen_num_lanes_0__active_lane_lane_instance_i_fma/n1809 (net)                                                      3                   0.00       6.18 f                   
  gemm_unit/u_accumulator_vec/g_lane_30__u_add/fpnew_add/gen_operation_groups_0__i_opgroup_block/gen_parallel_slices_0__active_format_i_fmt_slice/gen_num_lanes_0__active_lane_lane_instance_i_fma/U1301/Y (NAND2_X0P5M_A9TR)                                                 0.09      0.07 *     6.24 r                   0.90
  gemm_unit/u_accumulator_vec/g_lane_30__u_add/fpnew_add/gen_operation_groups_0__i_opgroup_block/gen_parallel_slices_0__active_format_i_fmt_slice/gen_num_lanes_0__active_lane_lane_instance_i_fma/n1788 (net)                                                      3                   0.00       6.24 r                   
  gemm_unit/u_accumulator_vec/g_lane_30__u_add/fpnew_add/gen_operation_groups_0__i_opgroup_block/gen_parallel_slices_0__active_format_i_fmt_slice/gen_num_lanes_0__active_lane_lane_instance_i_fma/U1302/Y (NOR2_X0P5B_A9TR)                                                  0.06      0.06 *     6.30 f                   0.90
  gemm_unit/u_accumulator_vec/g_lane_30__u_add/fpnew_add/gen_operation_groups_0__i_opgroup_block/gen_parallel_slices_0__active_format_i_fmt_slice/gen_num_lanes_0__active_lane_lane_instance_i_fma/n1787 (net)                                                      3                   0.00       6.30 f                   
  gemm_unit/u_accumulator_vec/g_lane_30__u_add/fpnew_add/gen_operation_groups_0__i_opgroup_block/gen_parallel_slices_0__active_format_i_fmt_slice/gen_num_lanes_0__active_lane_lane_instance_i_fma/U1303/Y (NAND2_X0P5M_A9TR)                                                 0.09      0.06 *     6.37 r                   0.90
  gemm_unit/u_accumulator_vec/g_lane_30__u_add/fpnew_add/gen_operation_groups_0__i_opgroup_block/gen_parallel_slices_0__active_format_i_fmt_slice/gen_num_lanes_0__active_lane_lane_instance_i_fma/n1817 (net)                                                      3                   0.00       6.37 r                   
  gemm_unit/u_accumulator_vec/g_lane_30__u_add/fpnew_add/gen_operation_groups_0__i_opgroup_block/gen_parallel_slices_0__active_format_i_fmt_slice/gen_num_lanes_0__active_lane_lane_instance_i_fma/U1304/Y (NOR2_X0P5B_A9TR)                                                  0.06      0.06 *     6.42 f                   0.90
  gemm_unit/u_accumulator_vec/g_lane_30__u_add/fpnew_add/gen_operation_groups_0__i_opgroup_block/gen_parallel_slices_0__active_format_i_fmt_slice/gen_num_lanes_0__active_lane_lane_instance_i_fma/n1816 (net)                                                      3                   0.00       6.42 f                   
  gemm_unit/u_accumulator_vec/g_lane_30__u_add/fpnew_add/gen_operation_groups_0__i_opgroup_block/gen_parallel_slices_0__active_format_i_fmt_slice/gen_num_lanes_0__active_lane_lane_instance_i_fma/U1305/Y (NAND2_X0P5M_A9TR)                                                 0.08      0.06 *     6.49 r                   0.90
  gemm_unit/u_accumulator_vec/g_lane_30__u_add/fpnew_add/gen_operation_groups_0__i_opgroup_block/gen_parallel_slices_0__active_format_i_fmt_slice/gen_num_lanes_0__active_lane_lane_instance_i_fma/n1825 (net)                                                      3                   0.00       6.49 r                   
  gemm_unit/u_accumulator_vec/g_lane_30__u_add/fpnew_add/gen_operation_groups_0__i_opgroup_block/gen_parallel_slices_0__active_format_i_fmt_slice/gen_num_lanes_0__active_lane_lane_instance_i_fma/U1306/Y (NOR2_X0P5B_A9TR)                                                  0.06      0.06 *     6.54 f                   0.90
  gemm_unit/u_accumulator_vec/g_lane_30__u_add/fpnew_add/gen_operation_groups_0__i_opgroup_block/gen_parallel_slices_0__active_format_i_fmt_slice/gen_num_lanes_0__active_lane_lane_instance_i_fma/n1824 (net)                                                      3                   0.00       6.54 f                   
  gemm_unit/u_accumulator_vec/g_lane_30__u_add/fpnew_add/gen_operation_groups_0__i_opgroup_block/gen_parallel_slices_0__active_format_i_fmt_slice/gen_num_lanes_0__active_lane_lane_instance_i_fma/U1307/Y (NAND2_X0P5M_A9TR)                                                 0.08      0.06 *     6.61 r                   0.90
  gemm_unit/u_accumulator_vec/g_lane_30__u_add/fpnew_add/gen_operation_groups_0__i_opgroup_block/gen_parallel_slices_0__active_format_i_fmt_slice/gen_num_lanes_0__active_lane_lane_instance_i_fma/n1865 (net)                                                      3                   0.00       6.61 r                   
  gemm_unit/u_accumulator_vec/g_lane_30__u_add/fpnew_add/gen_operation_groups_0__i_opgroup_block/gen_parallel_slices_0__active_format_i_fmt_slice/gen_num_lanes_0__active_lane_lane_instance_i_fma/U1308/Y (NOR2_X0P5B_A9TR)                                                  0.06      0.06 *     6.66 f                   0.90
  gemm_unit/u_accumulator_vec/g_lane_30__u_add/fpnew_add/gen_operation_groups_0__i_opgroup_block/gen_parallel_slices_0__active_format_i_fmt_slice/gen_num_lanes_0__active_lane_lane_instance_i_fma/n1864 (net)                                                      3                   0.00       6.66 f                   
  gemm_unit/u_accumulator_vec/g_lane_30__u_add/fpnew_add/gen_operation_groups_0__i_opgroup_block/gen_parallel_slices_0__active_format_i_fmt_slice/gen_num_lanes_0__active_lane_lane_instance_i_fma/U1309/Y (NAND2_X0P5M_A9TR)                                                 0.08      0.06 *     6.72 r                   0.90
  gemm_unit/u_accumulator_vec/g_lane_30__u_add/fpnew_add/gen_operation_groups_0__i_opgroup_block/gen_parallel_slices_0__active_format_i_fmt_slice/gen_num_lanes_0__active_lane_lane_instance_i_fma/n1833 (net)                                                      3                   0.00       6.72 r                   
  gemm_unit/u_accumulator_vec/g_lane_30__u_add/fpnew_add/gen_operation_groups_0__i_opgroup_block/gen_parallel_slices_0__active_format_i_fmt_slice/gen_num_lanes_0__active_lane_lane_instance_i_fma/U1310/Y (NOR2_X0P5B_A9TR)                                                  0.06      0.05 *     6.78 f                   0.90
  gemm_unit/u_accumulator_vec/g_lane_30__u_add/fpnew_add/gen_operation_groups_0__i_opgroup_block/gen_parallel_slices_0__active_format_i_fmt_slice/gen_num_lanes_0__active_lane_lane_instance_i_fma/n1832 (net)                                                      3                   0.00       6.78 f                   
  gemm_unit/u_accumulator_vec/g_lane_30__u_add/fpnew_add/gen_operation_groups_0__i_opgroup_block/gen_parallel_slices_0__active_format_i_fmt_slice/gen_num_lanes_0__active_lane_lane_instance_i_fma/U1311/Y (NAND2_X0P5M_A9TR)                                                 0.08      0.06 *     6.84 r                   0.90
  gemm_unit/u_accumulator_vec/g_lane_30__u_add/fpnew_add/gen_operation_groups_0__i_opgroup_block/gen_parallel_slices_0__active_format_i_fmt_slice/gen_num_lanes_0__active_lane_lane_instance_i_fma/n1841 (net)                                                      3                   0.00       6.84 r                   
  gemm_unit/u_accumulator_vec/g_lane_30__u_add/fpnew_add/gen_operation_groups_0__i_opgroup_block/gen_parallel_slices_0__active_format_i_fmt_slice/gen_num_lanes_0__active_lane_lane_instance_i_fma/U1312/Y (NOR2_X0P5B_A9TR)                                                  0.06      0.06 *     6.90 f                   0.90
  gemm_unit/u_accumulator_vec/g_lane_30__u_add/fpnew_add/gen_operation_groups_0__i_opgroup_block/gen_parallel_slices_0__active_format_i_fmt_slice/gen_num_lanes_0__active_lane_lane_instance_i_fma/n1840 (net)                                                      3                   0.00       6.90 f                   
  gemm_unit/u_accumulator_vec/g_lane_30__u_add/fpnew_add/gen_operation_groups_0__i_opgroup_block/gen_parallel_slices_0__active_format_i_fmt_slice/gen_num_lanes_0__active_lane_lane_instance_i_fma/U1313/Y (NAND2_X0P5M_A9TR)                                                 0.08      0.06 *     6.96 r                   0.90
  gemm_unit/u_accumulator_vec/g_lane_30__u_add/fpnew_add/gen_operation_groups_0__i_opgroup_block/gen_parallel_slices_0__active_format_i_fmt_slice/gen_num_lanes_0__active_lane_lane_instance_i_fma/n1857 (net)                                                      3                   0.00       6.96 r                   
  gemm_unit/u_accumulator_vec/g_lane_30__u_add/fpnew_add/gen_operation_groups_0__i_opgroup_block/gen_parallel_slices_0__active_format_i_fmt_slice/gen_num_lanes_0__active_lane_lane_instance_i_fma/U1314/Y (NOR2_X0P5B_A9TR)                                                  0.06      0.06 *     7.01 f                   0.90
  gemm_unit/u_accumulator_vec/g_lane_30__u_add/fpnew_add/gen_operation_groups_0__i_opgroup_block/gen_parallel_slices_0__active_format_i_fmt_slice/gen_num_lanes_0__active_lane_lane_instance_i_fma/n1856 (net)                                                      3                   0.00       7.01 f                   
  gemm_unit/u_accumulator_vec/g_lane_30__u_add/fpnew_add/gen_operation_groups_0__i_opgroup_block/gen_parallel_slices_0__active_format_i_fmt_slice/gen_num_lanes_0__active_lane_lane_instance_i_fma/U1315/Y (NAND2_X0P5M_A9TR)                                                 0.08      0.06 *     7.07 r                   0.90
  gemm_unit/u_accumulator_vec/g_lane_30__u_add/fpnew_add/gen_operation_groups_0__i_opgroup_block/gen_parallel_slices_0__active_format_i_fmt_slice/gen_num_lanes_0__active_lane_lane_instance_i_fma/n1849 (net)                                                      3                   0.00       7.07 r                   
  gemm_unit/u_accumulator_vec/g_lane_30__u_add/fpnew_add/gen_operation_groups_0__i_opgroup_block/gen_parallel_slices_0__active_format_i_fmt_slice/gen_num_lanes_0__active_lane_lane_instance_i_fma/U1316/Y (NOR2_X0P5B_A9TR)                                                  0.06      0.06 *     7.13 f                   0.90
  gemm_unit/u_accumulator_vec/g_lane_30__u_add/fpnew_add/gen_operation_groups_0__i_opgroup_block/gen_parallel_slices_0__active_format_i_fmt_slice/gen_num_lanes_0__active_lane_lane_instance_i_fma/n1848 (net)                                                      3                   0.00       7.13 f                   
  gemm_unit/u_accumulator_vec/g_lane_30__u_add/fpnew_add/gen_operation_groups_0__i_opgroup_block/gen_parallel_slices_0__active_format_i_fmt_slice/gen_num_lanes_0__active_lane_lane_instance_i_fma/U1317/Y (NAND2_X0P5M_A9TR)                                                 0.09      0.06 *     7.19 r                   0.90
  gemm_unit/u_accumulator_vec/g_lane_30__u_add/fpnew_add/gen_operation_groups_0__i_opgroup_block/gen_parallel_slices_0__active_format_i_fmt_slice/gen_num_lanes_0__active_lane_lane_instance_i_fma/n1802 (net)                                                      3                   0.00       7.19 r                   
  gemm_unit/u_accumulator_vec/g_lane_30__u_add/fpnew_add/gen_operation_groups_0__i_opgroup_block/gen_parallel_slices_0__active_format_i_fmt_slice/gen_num_lanes_0__active_lane_lane_instance_i_fma/U1318/Y (NOR2_X0P5B_A9TR)                                                  0.06      0.06 *     7.25 f                   0.90
  gemm_unit/u_accumulator_vec/g_lane_30__u_add/fpnew_add/gen_operation_groups_0__i_opgroup_block/gen_parallel_slices_0__active_format_i_fmt_slice/gen_num_lanes_0__active_lane_lane_instance_i_fma/n1801 (net)                                                      3                   0.00       7.25 f                   
  gemm_unit/u_accumulator_vec/g_lane_30__u_add/fpnew_add/gen_operation_groups_0__i_opgroup_block/gen_parallel_slices_0__active_format_i_fmt_slice/gen_num_lanes_0__active_lane_lane_instance_i_fma/U1319/Y (NAND2_X0P5M_A9TR)                                                 0.09      0.06 *     7.31 r                   0.90
  gemm_unit/u_accumulator_vec/g_lane_30__u_add/fpnew_add/gen_operation_groups_0__i_opgroup_block/gen_parallel_slices_0__active_format_i_fmt_slice/gen_num_lanes_0__active_lane_lane_instance_i_fma/n1795 (net)                                                      3                   0.00       7.31 r                   
  gemm_unit/u_accumulator_vec/g_lane_30__u_add/fpnew_add/gen_operation_groups_0__i_opgroup_block/gen_parallel_slices_0__active_format_i_fmt_slice/gen_num_lanes_0__active_lane_lane_instance_i_fma/U1320/Y (NOR2_X0P5B_A9TR)                                                  0.06      0.06 *     7.37 f                   0.90
  gemm_unit/u_accumulator_vec/g_lane_30__u_add/fpnew_add/gen_operation_groups_0__i_opgroup_block/gen_parallel_slices_0__active_format_i_fmt_slice/gen_num_lanes_0__active_lane_lane_instance_i_fma/n2572 (net)                                                      3                   0.00       7.37 f                   
  gemm_unit/u_accumulator_vec/g_lane_30__u_add/fpnew_add/gen_operation_groups_0__i_opgroup_block/gen_parallel_slices_0__active_format_i_fmt_slice/gen_num_lanes_0__active_lane_lane_instance_i_fma/U1321/Y (NAND2_X0P5M_A9TR)                                                 0.06      0.06 *     7.43 r                   0.90
  gemm_unit/u_accumulator_vec/g_lane_30__u_add/fpnew_add/gen_operation_groups_0__i_opgroup_block/gen_parallel_slices_0__active_format_i_fmt_slice/gen_num_lanes_0__active_lane_lane_instance_i_fma/n2571 (net)                                                      2                   0.00       7.43 r                   
  gemm_unit/u_accumulator_vec/g_lane_30__u_add/fpnew_add/gen_operation_groups_0__i_opgroup_block/gen_parallel_slices_0__active_format_i_fmt_slice/gen_num_lanes_0__active_lane_lane_instance_i_fma/U1322/Y (NOR2_X0P5B_A9TR)                                                  0.04      0.05 *     7.47 f                   0.90
  gemm_unit/u_accumulator_vec/g_lane_30__u_add/fpnew_add/gen_operation_groups_0__i_opgroup_block/gen_parallel_slices_0__active_format_i_fmt_slice/gen_num_lanes_0__active_lane_lane_instance_i_fma/n2483 (net)                                                      2                   0.00       7.47 f                   
  gemm_unit/u_accumulator_vec/g_lane_30__u_add/fpnew_add/gen_operation_groups_0__i_opgroup_block/gen_parallel_slices_0__active_format_i_fmt_slice/gen_num_lanes_0__active_lane_lane_instance_i_fma/U1323/Y (AOI31_X0P7M_A9TR)                                                 0.77      0.46 *     7.94 r                   0.90
  gemm_unit/u_accumulator_vec/g_lane_30__u_add/fpnew_add/gen_operation_groups_0__i_opgroup_block/gen_parallel_slices_0__active_format_i_fmt_slice/gen_num_lanes_0__active_lane_lane_instance_i_fma/n1735 (net)                                                     33                   0.00       7.94 r                   
  gemm_unit/u_accumulator_vec/g_lane_30__u_add/fpnew_add/gen_operation_groups_0__i_opgroup_block/gen_parallel_slices_0__active_format_i_fmt_slice/gen_num_lanes_0__active_lane_lane_instance_i_fma/U960/Y (BUF_X1M_A9TR)                                                      0.19      0.23 *     8.17 r                   0.90
  gemm_unit/u_accumulator_vec/g_lane_30__u_add/fpnew_add/gen_operation_groups_0__i_opgroup_block/gen_parallel_slices_0__active_format_i_fmt_slice/gen_num_lanes_0__active_lane_lane_instance_i_fma/n2687 (net)                                                     20                   0.00       8.17 r                   
  gemm_unit/u_accumulator_vec/g_lane_30__u_add/fpnew_add/gen_operation_groups_0__i_opgroup_block/gen_parallel_slices_0__active_format_i_fmt_slice/gen_num_lanes_0__active_lane_lane_instance_i_fma/U966/Y (INV_X0P7M_A9TR)                                                    0.15      0.15 *     8.32 f                   0.90
  gemm_unit/u_accumulator_vec/g_lane_30__u_add/fpnew_add/gen_operation_groups_0__i_opgroup_block/gen_parallel_slices_0__active_format_i_fmt_slice/gen_num_lanes_0__active_lane_lane_instance_i_fma/n2688 (net)                                                     19                   0.00       8.32 f                   
  gemm_unit/u_accumulator_vec/g_lane_30__u_add/fpnew_add/gen_operation_groups_0__i_opgroup_block/gen_parallel_slices_0__active_format_i_fmt_slice/gen_num_lanes_0__active_lane_lane_instance_i_fma/U1421/Y (AOI221_X0P7M_A9TR)                                                0.10      0.10 *     8.42 r                   0.90
  gemm_unit/u_accumulator_vec/g_lane_30__u_add/fpnew_add/gen_operation_groups_0__i_opgroup_block/gen_parallel_slices_0__active_format_i_fmt_slice/gen_num_lanes_0__active_lane_lane_instance_i_fma/n1885 (net)                                                      1                   0.00       8.42 r                   
  gemm_unit/u_accumulator_vec/g_lane_30__u_add/fpnew_add/gen_operation_groups_0__i_opgroup_block/gen_parallel_slices_0__active_format_i_fmt_slice/gen_num_lanes_0__active_lane_lane_instance_i_fma/U1422/Y (OA21A1OI2_X0P7M_A9TR)                                             0.05      0.04 *     8.46 f                   0.90
  gemm_unit/u_accumulator_vec/g_lane_30__u_add/fpnew_add/gen_operation_groups_0__i_opgroup_block/gen_parallel_slices_0__active_format_i_fmt_slice/gen_num_lanes_0__active_lane_lane_instance_i_fma/n1889 (net)                                                      1                   0.00       8.46 f                   
  gemm_unit/u_accumulator_vec/g_lane_30__u_add/fpnew_add/gen_operation_groups_0__i_opgroup_block/gen_parallel_slices_0__active_format_i_fmt_slice/gen_num_lanes_0__active_lane_lane_instance_i_fma/U1423/Y (XNOR2_X0P5M_A9TR)                                                 0.07      0.06 *     8.52 r                   0.90
  gemm_unit/u_accumulator_vec/g_lane_30__u_add/fpnew_add/gen_operation_groups_0__i_opgroup_block/gen_parallel_slices_0__active_format_i_fmt_slice/gen_num_lanes_0__active_lane_lane_instance_i_fma/sum[29] (net)                                                    1                   0.00       8.52 r                   
  gemm_unit/u_accumulator_vec/g_lane_30__u_add/fpnew_add/gen_operation_groups_0__i_opgroup_block/gen_parallel_slices_0__active_format_i_fmt_slice/gen_num_lanes_0__active_lane_lane_instance_i_fma/mid_pipe_sum_q_reg_1__29_/D (DFFRPQ_X0P5M_A9TR)                            0.07      0.00 *     8.52 r                   0.90
  data arrival time                                                                                                                                                                                                                                                                                8.52                     

  clock CLK (rise edge)                                                                                                                                                                                                                                                                10.00      10.00                     
  clock network delay (ideal)                                                                                                                                                                                                                                                           0.00      10.00                     
  gemm_unit/u_accumulator_vec/g_lane_30__u_add/fpnew_add/gen_operation_groups_0__i_opgroup_block/gen_parallel_slices_0__active_format_i_fmt_slice/gen_num_lanes_0__active_lane_lane_instance_i_fma/mid_pipe_sum_q_reg_1__29_/CK (DFFRPQ_X0P5M_A9TR)                                     0.00      10.00 r                   
  library setup time                                                                                                                                                                                                                                                                   -0.06       9.94                     
  data required time                                                                                                                                                                                                                                                                               9.94                     
  ---------------------------------------------------------------------------------------------------------------------------------------------------------------------------------------------------------------------------------------------------------------------------------------------------------------------------------------
  data required time                                                                                                                                                                                                                                                                               9.94                     
  data arrival time                                                                                                                                                                                                                                                                               -8.52                     
  ---------------------------------------------------------------------------------------------------------------------------------------------------------------------------------------------------------------------------------------------------------------------------------------------------------------------------------------
  slack (MET)                                                                                                                                                                                                                                                                                      1.41                     


  Startpoint: gemm_unit/u_accumulator_vec/g_lane_30__u_add/input_buffer/g_eb1_pipe_buffer/g_register_g_pipe_regs_0__pipe_register/g_shift_register/g_shift_pipe_reg_0__0_
              (rising edge-triggered flip-flop clocked by CLK)
  Endpoint: gemm_unit/u_accumulator_vec/g_lane_30__u_add/fpnew_add/gen_operation_groups_0__i_opgroup_block/gen_parallel_slices_0__active_format_i_fmt_slice/gen_num_lanes_0__active_lane_lane_instance_i_fma/mid_pipe_sum_q_reg_1__27_
            (rising edge-triggered flip-flop clocked by CLK)
  Scenario: mode_norm.OC_rvt_ss_0p900v_125c
  Path Group: CLK
  Path Type: max

Attributes:
    d - dont_touch
    u - dont_use
   mo - map_only
   so - size_only
    i - ideal_net or ideal_network
  inf - infeasible path

  Point                                                                                                                                                                                                                                                           Fanout     Trans      Incr       Path      Attributes     Voltage
  ---------------------------------------------------------------------------------------------------------------------------------------------------------------------------------------------------------------------------------------------------------------------------------------------------------------------------------------
  clock CLK (rise edge)                                                                                                                                                                                                                                                                 0.00       0.00                     
  clock network delay (ideal)                                                                                                                                                                                                                                                           0.00       0.00                     
  gemm_unit/u_accumulator_vec/g_lane_30__u_add/input_buffer/g_eb1_pipe_buffer/g_register_g_pipe_regs_0__pipe_register/g_shift_register/g_shift_pipe_reg_0__0_/CK (DFFQ_X0P5M_A9TR)                                                                                            0.00      0.00       0.00 r    i              0.90
  gemm_unit/u_accumulator_vec/g_lane_30__u_add/input_buffer/g_eb1_pipe_buffer/g_register_g_pipe_regs_0__pipe_register/g_shift_register/g_shift_pipe_reg_0__0_/Q (DFFQ_X0P5M_A9TR)                                                                                             0.06      0.14       0.14 f                   0.90
  gemm_unit/u_accumulator_vec/g_lane_30__u_add/input_buffer/g_eb1_pipe_buffer/g_register_g_pipe_regs_0__pipe_register/g_shift_register/data_out[0] (net)                                                                                                            4                   0.00       0.14 f                   
  gemm_unit/u_accumulator_vec/g_lane_30__u_add/input_buffer/g_eb1_pipe_buffer/g_register_g_pipe_regs_0__pipe_register/g_shift_register/data_out[0] (VX_shift_register_65_1_1_0_1)                                                                                                       0.00       0.14 f                   
  gemm_unit/u_accumulator_vec/g_lane_30__u_add/input_buffer/g_eb1_pipe_buffer/g_register_g_pipe_regs_0__pipe_register/data_out[0] (net)                                                                                                                                                 0.00       0.14 f                   
  gemm_unit/u_accumulator_vec/g_lane_30__u_add/input_buffer/g_eb1_pipe_buffer/g_register_g_pipe_regs_0__pipe_register/data_out[0] (VX_pipe_register_16_1)                                                                                                                               0.00       0.14 f                   
  gemm_unit/u_accumulator_vec/g_lane_30__u_add/input_buffer/g_eb1_pipe_buffer/data_out[0] (net)                                                                                                                                                                                         0.00       0.14 f                   
  gemm_unit/u_accumulator_vec/g_lane_30__u_add/input_buffer/g_eb1_pipe_buffer/data_out[0] (VX_pipe_buffer_48_1)                                                                                                                                                                         0.00       0.14 f                   
  gemm_unit/u_accumulator_vec/g_lane_30__u_add/input_buffer/data_out[0] (net)                                                                                                                                                                                                           0.00       0.14 f                   
  gemm_unit/u_accumulator_vec/g_lane_30__u_add/input_buffer/data_out[0] (VX_elastic_buffer_9_1)                                                                                                                                                                                         0.00       0.14 f                   
  gemm_unit/u_accumulator_vec/g_lane_30__u_add/fpnew_inputs_data[0] (net)                                                                                                                                                                                                               0.00       0.14 f                   
  gemm_unit/u_accumulator_vec/g_lane_30__u_add/fpnew_add/operands_i[32] (fpnew_top_00000010302__logic_Z_1yB__566949_1)                                                                                                                                                                  0.00       0.14 f                   
  gemm_unit/u_accumulator_vec/g_lane_30__u_add/fpnew_add/operands_i[32] (net)                                                                                                                                                                                                           0.00       0.14 f                   
  gemm_unit/u_accumulator_vec/g_lane_30__u_add/fpnew_add/gen_operation_groups_0__i_opgroup_block/operands_i[32] (fpnew_opgroup_block_0_00000020_0_2_10_2_155_3__logic_Z_1yB__00000000_388949_1)                                                                                         0.00       0.14 f                   
  gemm_unit/u_accumulator_vec/g_lane_30__u_add/fpnew_add/gen_operation_groups_0__i_opgroup_block/operands_i[32] (net)                                                                                                                                                                   0.00       0.14 f                   
  gemm_unit/u_accumulator_vec/g_lane_30__u_add/fpnew_add/gen_operation_groups_0__i_opgroup_block/gen_parallel_slices_0__active_format_i_fmt_slice/operands_i[32] (fpnew_opgroup_fmt_slice_0_0_00000020_0_00000001_3__logic_Z_1yB__00000000_1)                                           0.00       0.14 f                   
  gemm_unit/u_accumulator_vec/g_lane_30__u_add/fpnew_add/gen_operation_groups_0__i_opgroup_block/gen_parallel_slices_0__active_format_i_fmt_slice/operands_i[32] (net)                                                                                                                  0.00       0.14 f                   
  gemm_unit/u_accumulator_vec/g_lane_30__u_add/fpnew_add/gen_operation_groups_0__i_opgroup_block/gen_parallel_slices_0__active_format_i_fmt_slice/gen_num_lanes_0__active_lane_lane_instance_i_fma/operands_i[32] (fpnew_fma_0_00000001_3__logic_Z_1yB___logic_Z_1yB__1)                0.00       0.14 f                   
  gemm_unit/u_accumulator_vec/g_lane_30__u_add/fpnew_add/gen_operation_groups_0__i_opgroup_block/gen_parallel_slices_0__active_format_i_fmt_slice/gen_num_lanes_0__active_lane_lane_instance_i_fma/operands_i[32] (net)                                                                 0.00       0.14 f                   
  gemm_unit/u_accumulator_vec/g_lane_30__u_add/fpnew_add/gen_operation_groups_0__i_opgroup_block/gen_parallel_slices_0__active_format_i_fmt_slice/gen_num_lanes_0__active_lane_lane_instance_i_fma/i_class_inputs/operands_i[32] (fpnew_classifier_0_3_1)                               0.00       0.14 f                   
  gemm_unit/u_accumulator_vec/g_lane_30__u_add/fpnew_add/gen_operation_groups_0__i_opgroup_block/gen_parallel_slices_0__active_format_i_fmt_slice/gen_num_lanes_0__active_lane_lane_instance_i_fma/i_class_inputs/operands_i[32] (net)                                                  0.00       0.14 f                   
  gemm_unit/u_accumulator_vec/g_lane_30__u_add/fpnew_add/gen_operation_groups_0__i_opgroup_block/gen_parallel_slices_0__active_format_i_fmt_slice/gen_num_lanes_0__active_lane_lane_instance_i_fma/i_class_inputs/U21/Y (NOR3_X0P7M_A9TR)                                     0.10      0.09 *     0.23 r                   0.90
  gemm_unit/u_accumulator_vec/g_lane_30__u_add/fpnew_add/gen_operation_groups_0__i_opgroup_block/gen_parallel_slices_0__active_format_i_fmt_slice/gen_num_lanes_0__active_lane_lane_instance_i_fma/i_class_inputs/n77 (net)                                         1                   0.00       0.23 r                   
  gemm_unit/u_accumulator_vec/g_lane_30__u_add/fpnew_add/gen_operation_groups_0__i_opgroup_block/gen_parallel_slices_0__active_format_i_fmt_slice/gen_num_lanes_0__active_lane_lane_instance_i_fma/i_class_inputs/U22/Y (NOR4BB_X1M_A9TR)                                     0.06      0.09 *     0.32 r                   0.90
  gemm_unit/u_accumulator_vec/g_lane_30__u_add/fpnew_add/gen_operation_groups_0__i_opgroup_block/gen_parallel_slices_0__active_format_i_fmt_slice/gen_num_lanes_0__active_lane_lane_instance_i_fma/i_class_inputs/n79 (net)                                         1                   0.00       0.32 r                   
  gemm_unit/u_accumulator_vec/g_lane_30__u_add/fpnew_add/gen_operation_groups_0__i_opgroup_block/gen_parallel_slices_0__active_format_i_fmt_slice/gen_num_lanes_0__active_lane_lane_instance_i_fma/i_class_inputs/U23/Y (NOR4BB_X1M_A9TR)                                     0.06      0.08 *     0.40 r                   0.90
  gemm_unit/u_accumulator_vec/g_lane_30__u_add/fpnew_add/gen_operation_groups_0__i_opgroup_block/gen_parallel_slices_0__active_format_i_fmt_slice/gen_num_lanes_0__active_lane_lane_instance_i_fma/i_class_inputs/n81 (net)                                         1                   0.00       0.40 r                   
  gemm_unit/u_accumulator_vec/g_lane_30__u_add/fpnew_add/gen_operation_groups_0__i_opgroup_block/gen_parallel_slices_0__active_format_i_fmt_slice/gen_num_lanes_0__active_lane_lane_instance_i_fma/i_class_inputs/U24/Y (NOR4BB_X1M_A9TR)                                     0.19      0.15 *     0.55 r                   0.90
  gemm_unit/u_accumulator_vec/g_lane_30__u_add/fpnew_add/gen_operation_groups_0__i_opgroup_block/gen_parallel_slices_0__active_format_i_fmt_slice/gen_num_lanes_0__active_lane_lane_instance_i_fma/i_class_inputs/n91 (net)                                         3                   0.00       0.55 r                   
  gemm_unit/u_accumulator_vec/g_lane_30__u_add/fpnew_add/gen_operation_groups_0__i_opgroup_block/gen_parallel_slices_0__active_format_i_fmt_slice/gen_num_lanes_0__active_lane_lane_instance_i_fma/i_class_inputs/U34/Y (NOR2_X0P5B_A9TR)                                     0.08      0.10 *     0.65 f                   0.90
  gemm_unit/u_accumulator_vec/g_lane_30__u_add/fpnew_add/gen_operation_groups_0__i_opgroup_block/gen_parallel_slices_0__active_format_i_fmt_slice/gen_num_lanes_0__active_lane_lane_instance_i_fma/i_class_inputs/info_o[14] (net)                                  4                   0.00       0.65 f                   
  gemm_unit/u_accumulator_vec/g_lane_30__u_add/fpnew_add/gen_operation_groups_0__i_opgroup_block/gen_parallel_slices_0__active_format_i_fmt_slice/gen_num_lanes_0__active_lane_lane_instance_i_fma/i_class_inputs/info_o[14] (fpnew_classifier_0_3_1)                                   0.00       0.65 f                   
  gemm_unit/u_accumulator_vec/g_lane_30__u_add/fpnew_add/gen_operation_groups_0__i_opgroup_block/gen_parallel_slices_0__active_format_i_fmt_slice/gen_num_lanes_0__active_lane_lane_instance_i_fma/info_q[3] (net)                                                                      0.00       0.65 f                   
  gemm_unit/u_accumulator_vec/g_lane_30__u_add/fpnew_add/gen_operation_groups_0__i_opgroup_block/gen_parallel_slices_0__active_format_i_fmt_slice/gen_num_lanes_0__active_lane_lane_instance_i_fma/U1563/Y (AND2_X0P7M_A9TR)                                                  0.02      0.07 *     0.72 f                   0.90
  gemm_unit/u_accumulator_vec/g_lane_30__u_add/fpnew_add/gen_operation_groups_0__i_opgroup_block/gen_parallel_slices_0__active_format_i_fmt_slice/gen_num_lanes_0__active_lane_lane_instance_i_fma/n2115 (net)                                                      1                   0.00       0.72 f                   
  gemm_unit/u_accumulator_vec/g_lane_30__u_add/fpnew_add/gen_operation_groups_0__i_opgroup_block/gen_parallel_slices_0__active_format_i_fmt_slice/gen_num_lanes_0__active_lane_lane_instance_i_fma/U1564/Y (OA21A1OI2_X0P7M_A9TR)                                             0.13      0.10 *     0.82 r                   0.90
  gemm_unit/u_accumulator_vec/g_lane_30__u_add/fpnew_add/gen_operation_groups_0__i_opgroup_block/gen_parallel_slices_0__active_format_i_fmt_slice/gen_num_lanes_0__active_lane_lane_instance_i_fma/n2612 (net)                                                      2                   0.00       0.82 r                   
  gemm_unit/u_accumulator_vec/g_lane_30__u_add/fpnew_add/gen_operation_groups_0__i_opgroup_block/gen_parallel_slices_0__active_format_i_fmt_slice/gen_num_lanes_0__active_lane_lane_instance_i_fma/U1887/Y (INV_X0P7M_A9TR)                                                   0.06      0.06 *     0.88 f                   0.90
  gemm_unit/u_accumulator_vec/g_lane_30__u_add/fpnew_add/gen_operation_groups_0__i_opgroup_block/gen_parallel_slices_0__active_format_i_fmt_slice/gen_num_lanes_0__active_lane_lane_instance_i_fma/exponent_product[1] (net)                                        2                   0.00       0.88 f                   
  gemm_unit/u_accumulator_vec/g_lane_30__u_add/fpnew_add/gen_operation_groups_0__i_opgroup_block/gen_parallel_slices_0__active_format_i_fmt_slice/gen_num_lanes_0__active_lane_lane_instance_i_fma/intadd_2865_U8/CO (ADDF_X1M_A9TR)                                          0.03      0.10 *     0.99 f    mo             0.90
  gemm_unit/u_accumulator_vec/g_lane_30__u_add/fpnew_add/gen_operation_groups_0__i_opgroup_block/gen_parallel_slices_0__active_format_i_fmt_slice/gen_num_lanes_0__active_lane_lane_instance_i_fma/intadd_2865_n7 (net)                                             1                   0.00       0.99 f                   
  gemm_unit/u_accumulator_vec/g_lane_30__u_add/fpnew_add/gen_operation_groups_0__i_opgroup_block/gen_parallel_slices_0__active_format_i_fmt_slice/gen_num_lanes_0__active_lane_lane_instance_i_fma/intadd_2865_U7/CO (ADDF_X1M_A9TR)                                          0.03      0.08 *     1.07 f    mo             0.90
  gemm_unit/u_accumulator_vec/g_lane_30__u_add/fpnew_add/gen_operation_groups_0__i_opgroup_block/gen_parallel_slices_0__active_format_i_fmt_slice/gen_num_lanes_0__active_lane_lane_instance_i_fma/intadd_2865_n6 (net)                                             1                   0.00       1.07 f                   
  gemm_unit/u_accumulator_vec/g_lane_30__u_add/fpnew_add/gen_operation_groups_0__i_opgroup_block/gen_parallel_slices_0__active_format_i_fmt_slice/gen_num_lanes_0__active_lane_lane_instance_i_fma/intadd_2865_U6/CO (ADDF_X1M_A9TR)                                          0.03      0.08 *     1.15 f    mo             0.90
  gemm_unit/u_accumulator_vec/g_lane_30__u_add/fpnew_add/gen_operation_groups_0__i_opgroup_block/gen_parallel_slices_0__active_format_i_fmt_slice/gen_num_lanes_0__active_lane_lane_instance_i_fma/intadd_2865_n5 (net)                                             1                   0.00       1.15 f                   
  gemm_unit/u_accumulator_vec/g_lane_30__u_add/fpnew_add/gen_operation_groups_0__i_opgroup_block/gen_parallel_slices_0__active_format_i_fmt_slice/gen_num_lanes_0__active_lane_lane_instance_i_fma/intadd_2865_U5/CO (ADDF_X1M_A9TR)                                          0.03      0.08 *     1.24 f    mo             0.90
  gemm_unit/u_accumulator_vec/g_lane_30__u_add/fpnew_add/gen_operation_groups_0__i_opgroup_block/gen_parallel_slices_0__active_format_i_fmt_slice/gen_num_lanes_0__active_lane_lane_instance_i_fma/intadd_2865_n4 (net)                                             1                   0.00       1.24 f                   
  gemm_unit/u_accumulator_vec/g_lane_30__u_add/fpnew_add/gen_operation_groups_0__i_opgroup_block/gen_parallel_slices_0__active_format_i_fmt_slice/gen_num_lanes_0__active_lane_lane_instance_i_fma/intadd_2865_U4/CO (ADDF_X1M_A9TR)                                          0.03      0.08 *     1.32 f    mo             0.90
  gemm_unit/u_accumulator_vec/g_lane_30__u_add/fpnew_add/gen_operation_groups_0__i_opgroup_block/gen_parallel_slices_0__active_format_i_fmt_slice/gen_num_lanes_0__active_lane_lane_instance_i_fma/intadd_2865_n3 (net)                                             1                   0.00       1.32 f                   
  gemm_unit/u_accumulator_vec/g_lane_30__u_add/fpnew_add/gen_operation_groups_0__i_opgroup_block/gen_parallel_slices_0__active_format_i_fmt_slice/gen_num_lanes_0__active_lane_lane_instance_i_fma/intadd_2865_U3/CO (ADDF_X1M_A9TR)                                          0.03      0.08 *     1.40 f    mo             0.90
  gemm_unit/u_accumulator_vec/g_lane_30__u_add/fpnew_add/gen_operation_groups_0__i_opgroup_block/gen_parallel_slices_0__active_format_i_fmt_slice/gen_num_lanes_0__active_lane_lane_instance_i_fma/intadd_2865_n2 (net)                                             1                   0.00       1.40 f                   
  gemm_unit/u_accumulator_vec/g_lane_30__u_add/fpnew_add/gen_operation_groups_0__i_opgroup_block/gen_parallel_slices_0__active_format_i_fmt_slice/gen_num_lanes_0__active_lane_lane_instance_i_fma/intadd_2865_U2/CO (ADDF_X1M_A9TR)                                          0.03      0.08 *     1.48 f    mo             0.90
  gemm_unit/u_accumulator_vec/g_lane_30__u_add/fpnew_add/gen_operation_groups_0__i_opgroup_block/gen_parallel_slices_0__active_format_i_fmt_slice/gen_num_lanes_0__active_lane_lane_instance_i_fma/intadd_2865_n1 (net)                                             2                   0.00       1.48 f                   
  gemm_unit/u_accumulator_vec/g_lane_30__u_add/fpnew_add/gen_operation_groups_0__i_opgroup_block/gen_parallel_slices_0__active_format_i_fmt_slice/gen_num_lanes_0__active_lane_lane_instance_i_fma/U19/Y (NOR2_X0P5B_A9TR)                                                    0.05      0.04 *     1.52 r                   0.90
  gemm_unit/u_accumulator_vec/g_lane_30__u_add/fpnew_add/gen_operation_groups_0__i_opgroup_block/gen_parallel_slices_0__active_format_i_fmt_slice/gen_num_lanes_0__active_lane_lane_instance_i_fma/n945 (net)                                                       2                   0.00       1.52 r                   
  gemm_unit/u_accumulator_vec/g_lane_30__u_add/fpnew_add/gen_operation_groups_0__i_opgroup_block/gen_parallel_slices_0__active_format_i_fmt_slice/gen_num_lanes_0__active_lane_lane_instance_i_fma/U34/Y (NAND3BB_X1M_A9TR)                                                   0.16      0.13 *     1.65 r                   0.90
  gemm_unit/u_accumulator_vec/g_lane_30__u_add/fpnew_add/gen_operation_groups_0__i_opgroup_block/gen_parallel_slices_0__active_format_i_fmt_slice/gen_num_lanes_0__active_lane_lane_instance_i_fma/n2117 (net)                                                     14                   0.00       1.65 r                   
  gemm_unit/u_accumulator_vec/g_lane_30__u_add/fpnew_add/gen_operation_groups_0__i_opgroup_block/gen_parallel_slices_0__active_format_i_fmt_slice/gen_num_lanes_0__active_lane_lane_instance_i_fma/U133/Y (INV_X0P7M_A9TR)                                                    0.08      0.09 *     1.74 f                   0.90
  gemm_unit/u_accumulator_vec/g_lane_30__u_add/fpnew_add/gen_operation_groups_0__i_opgroup_block/gen_parallel_slices_0__active_format_i_fmt_slice/gen_num_lanes_0__active_lane_lane_instance_i_fma/n2631 (net)                                                      7                   0.00       1.74 f                   
  gemm_unit/u_accumulator_vec/g_lane_30__u_add/fpnew_add/gen_operation_groups_0__i_opgroup_block/gen_parallel_slices_0__active_format_i_fmt_slice/gen_num_lanes_0__active_lane_lane_instance_i_fma/U44/Y (NAND2_X0P5M_A9TR)                                                   0.07      0.07 *     1.81 r                   0.90
  gemm_unit/u_accumulator_vec/g_lane_30__u_add/fpnew_add/gen_operation_groups_0__i_opgroup_block/gen_parallel_slices_0__active_format_i_fmt_slice/gen_num_lanes_0__active_lane_lane_instance_i_fma/n1182 (net)                                                      3                   0.00       1.81 r                   
  gemm_unit/u_accumulator_vec/g_lane_30__u_add/fpnew_add/gen_operation_groups_0__i_opgroup_block/gen_parallel_slices_0__active_format_i_fmt_slice/gen_num_lanes_0__active_lane_lane_instance_i_fma/U49/Y (NAND2_X0P5M_A9TR)                                                   0.07      0.07 *     1.88 f                   0.90
  gemm_unit/u_accumulator_vec/g_lane_30__u_add/fpnew_add/gen_operation_groups_0__i_opgroup_block/gen_parallel_slices_0__active_format_i_fmt_slice/gen_num_lanes_0__active_lane_lane_instance_i_fma/n1491 (net)                                                      4                   0.00       1.88 f                   
  gemm_unit/u_accumulator_vec/g_lane_30__u_add/fpnew_add/gen_operation_groups_0__i_opgroup_block/gen_parallel_slices_0__active_format_i_fmt_slice/gen_num_lanes_0__active_lane_lane_instance_i_fma/U819/Y (NOR2_X1M_A9TR)                                                     0.16      0.12 *     1.99 r                   0.90
  gemm_unit/u_accumulator_vec/g_lane_30__u_add/fpnew_add/gen_operation_groups_0__i_opgroup_block/gen_parallel_slices_0__active_format_i_fmt_slice/gen_num_lanes_0__active_lane_lane_instance_i_fma/addend_shamt[0] (net)                                            9                   0.00       1.99 r                   
  gemm_unit/u_accumulator_vec/g_lane_30__u_add/fpnew_add/gen_operation_groups_0__i_opgroup_block/gen_parallel_slices_0__active_format_i_fmt_slice/gen_num_lanes_0__active_lane_lane_instance_i_fma/U166/Y (INV_X0P7M_A9TR)                                                    0.08      0.09 *     2.08 f                   0.90
  gemm_unit/u_accumulator_vec/g_lane_30__u_add/fpnew_add/gen_operation_groups_0__i_opgroup_block/gen_parallel_slices_0__active_format_i_fmt_slice/gen_num_lanes_0__active_lane_lane_instance_i_fma/n2643 (net)                                                      8                   0.00       2.08 f                   
  gemm_unit/u_accumulator_vec/g_lane_30__u_add/fpnew_add/gen_operation_groups_0__i_opgroup_block/gen_parallel_slices_0__active_format_i_fmt_slice/gen_num_lanes_0__active_lane_lane_instance_i_fma/U833/Y (NOR2_X1M_A9TR)                                                     0.29      0.20 *     2.28 r                   0.90
  gemm_unit/u_accumulator_vec/g_lane_30__u_add/fpnew_add/gen_operation_groups_0__i_opgroup_block/gen_parallel_slices_0__active_format_i_fmt_slice/gen_num_lanes_0__active_lane_lane_instance_i_fma/n1554 (net)                                                     20                   0.00       2.28 r                   
  gemm_unit/u_accumulator_vec/g_lane_30__u_add/fpnew_add/gen_operation_groups_0__i_opgroup_block/gen_parallel_slices_0__active_format_i_fmt_slice/gen_num_lanes_0__active_lane_lane_instance_i_fma/U892/Y (AOI222_X0P7M_A9TR)                                                 0.15      0.15 *     2.43 f                   0.90
  gemm_unit/u_accumulator_vec/g_lane_30__u_add/fpnew_add/gen_operation_groups_0__i_opgroup_block/gen_parallel_slices_0__active_format_i_fmt_slice/gen_num_lanes_0__active_lane_lane_instance_i_fma/n1532 (net)                                                      2                   0.00       2.43 f                   
  gemm_unit/u_accumulator_vec/g_lane_30__u_add/fpnew_add/gen_operation_groups_0__i_opgroup_block/gen_parallel_slices_0__active_format_i_fmt_slice/gen_num_lanes_0__active_lane_lane_instance_i_fma/U895/Y (AOI22_X0P5M_A9TR)                                                  0.20      0.18 *     2.61 r                   0.90
  gemm_unit/u_accumulator_vec/g_lane_30__u_add/fpnew_add/gen_operation_groups_0__i_opgroup_block/gen_parallel_slices_0__active_format_i_fmt_slice/gen_num_lanes_0__active_lane_lane_instance_i_fma/n1699 (net)                                                      5                   0.00       2.61 r                   
  gemm_unit/u_accumulator_vec/g_lane_30__u_add/fpnew_add/gen_operation_groups_0__i_opgroup_block/gen_parallel_slices_0__active_format_i_fmt_slice/gen_num_lanes_0__active_lane_lane_instance_i_fma/U896/Y (OAI22_X0P7M_A9TR)                                                  0.12      0.12 *     2.73 f                   0.90
  gemm_unit/u_accumulator_vec/g_lane_30__u_add/fpnew_add/gen_operation_groups_0__i_opgroup_block/gen_parallel_slices_0__active_format_i_fmt_slice/gen_num_lanes_0__active_lane_lane_instance_i_fma/n1660 (net)                                                      4                   0.00       2.73 f                   
  gemm_unit/u_accumulator_vec/g_lane_30__u_add/fpnew_add/gen_operation_groups_0__i_opgroup_block/gen_parallel_slices_0__active_format_i_fmt_slice/gen_num_lanes_0__active_lane_lane_instance_i_fma/U911/Y (AOI22_X0P5M_A9TR)                                                  0.12      0.11 *     2.83 r                   0.90
  gemm_unit/u_accumulator_vec/g_lane_30__u_add/fpnew_add/gen_operation_groups_0__i_opgroup_block/gen_parallel_slices_0__active_format_i_fmt_slice/gen_num_lanes_0__active_lane_lane_instance_i_fma/n1711 (net)                                                      2                   0.00       2.83 r                   
  gemm_unit/u_accumulator_vec/g_lane_30__u_add/fpnew_add/gen_operation_groups_0__i_opgroup_block/gen_parallel_slices_0__active_format_i_fmt_slice/gen_num_lanes_0__active_lane_lane_instance_i_fma/U912/Y (NAND2_X0P5M_A9TR)                                                  0.07      0.06 *     2.89 f                   0.90
  gemm_unit/u_accumulator_vec/g_lane_30__u_add/fpnew_add/gen_operation_groups_0__i_opgroup_block/gen_parallel_slices_0__active_format_i_fmt_slice/gen_num_lanes_0__active_lane_lane_instance_i_fma/n1655 (net)                                                      2                   0.00       2.89 f                   
  gemm_unit/u_accumulator_vec/g_lane_30__u_add/fpnew_add/gen_operation_groups_0__i_opgroup_block/gen_parallel_slices_0__active_format_i_fmt_slice/gen_num_lanes_0__active_lane_lane_instance_i_fma/U922/Y (AND4_X0P7M_A9TR)                                                   0.03      0.08 *     2.97 f                   0.90
  gemm_unit/u_accumulator_vec/g_lane_30__u_add/fpnew_add/gen_operation_groups_0__i_opgroup_block/gen_parallel_slices_0__active_format_i_fmt_slice/gen_num_lanes_0__active_lane_lane_instance_i_fma/n1579 (net)                                                      1                   0.00       2.97 f                   
  gemm_unit/u_accumulator_vec/g_lane_30__u_add/fpnew_add/gen_operation_groups_0__i_opgroup_block/gen_parallel_slices_0__active_format_i_fmt_slice/gen_num_lanes_0__active_lane_lane_instance_i_fma/U988/Y (NOR4BB_X0P7M_A9TR)                                                 0.06      0.06 *     3.04 f                   0.90
  gemm_unit/u_accumulator_vec/g_lane_30__u_add/fpnew_add/gen_operation_groups_0__i_opgroup_block/gen_parallel_slices_0__active_format_i_fmt_slice/gen_num_lanes_0__active_lane_lane_instance_i_fma/n1613 (net)                                                      1                   0.00       3.04 f                   
  gemm_unit/u_accumulator_vec/g_lane_30__u_add/fpnew_add/gen_operation_groups_0__i_opgroup_block/gen_parallel_slices_0__active_format_i_fmt_slice/gen_num_lanes_0__active_lane_lane_instance_i_fma/U1016/Y (NOR4BB_X0P7M_A9TR)                                                0.05      0.07 *     3.11 f                   0.90
  gemm_unit/u_accumulator_vec/g_lane_30__u_add/fpnew_add/gen_operation_groups_0__i_opgroup_block/gen_parallel_slices_0__active_format_i_fmt_slice/gen_num_lanes_0__active_lane_lane_instance_i_fma/n1625 (net)                                                      1                   0.00       3.11 f                   
  gemm_unit/u_accumulator_vec/g_lane_30__u_add/fpnew_add/gen_operation_groups_0__i_opgroup_block/gen_parallel_slices_0__active_format_i_fmt_slice/gen_num_lanes_0__active_lane_lane_instance_i_fma/U1027/Y (OAI22_X0P5M_A9TR)                                                 0.15      0.11 *     3.22 r                   0.90
  gemm_unit/u_accumulator_vec/g_lane_30__u_add/fpnew_add/gen_operation_groups_0__i_opgroup_block/gen_parallel_slices_0__active_format_i_fmt_slice/gen_num_lanes_0__active_lane_lane_instance_i_fma/mid_pipe_sticky_q[0] (net)                                       3                   0.00       3.22 r                   
  gemm_unit/u_accumulator_vec/g_lane_30__u_add/fpnew_add/gen_operation_groups_0__i_opgroup_block/gen_parallel_slices_0__active_format_i_fmt_slice/gen_num_lanes_0__active_lane_lane_instance_i_fma/U1221/Y (NOR3_X1M_A9TR)                                                    0.10      0.10 *     3.31 f                   0.90
  gemm_unit/u_accumulator_vec/g_lane_30__u_add/fpnew_add/gen_operation_groups_0__i_opgroup_block/gen_parallel_slices_0__active_format_i_fmt_slice/gen_num_lanes_0__active_lane_lane_instance_i_fma/n2566 (net)                                                      3                   0.00       3.31 f                   
  gemm_unit/u_accumulator_vec/g_lane_30__u_add/fpnew_add/gen_operation_groups_0__i_opgroup_block/gen_parallel_slices_0__active_format_i_fmt_slice/gen_num_lanes_0__active_lane_lane_instance_i_fma/U1226/Y (NAND3_X0P7M_A9TR)                                                 0.11      0.10 *     3.41 r                   0.90
  gemm_unit/u_accumulator_vec/g_lane_30__u_add/fpnew_add/gen_operation_groups_0__i_opgroup_block/gen_parallel_slices_0__active_format_i_fmt_slice/gen_num_lanes_0__active_lane_lane_instance_i_fma/n2563 (net)                                                      5                   0.00       3.41 r                   
  gemm_unit/u_accumulator_vec/g_lane_30__u_add/fpnew_add/gen_operation_groups_0__i_opgroup_block/gen_parallel_slices_0__active_format_i_fmt_slice/gen_num_lanes_0__active_lane_lane_instance_i_fma/U1227/Y (NOR3_X1M_A9TR)                                                    0.07      0.08 *     3.50 f                   0.90
  gemm_unit/u_accumulator_vec/g_lane_30__u_add/fpnew_add/gen_operation_groups_0__i_opgroup_block/gen_parallel_slices_0__active_format_i_fmt_slice/gen_num_lanes_0__active_lane_lane_instance_i_fma/n2560 (net)                                                      3                   0.00       3.50 f                   
  gemm_unit/u_accumulator_vec/g_lane_30__u_add/fpnew_add/gen_operation_groups_0__i_opgroup_block/gen_parallel_slices_0__active_format_i_fmt_slice/gen_num_lanes_0__active_lane_lane_instance_i_fma/U1232/Y (NAND3_X0P7M_A9TR)                                                 0.12      0.09 *     3.58 r                   0.90
  gemm_unit/u_accumulator_vec/g_lane_30__u_add/fpnew_add/gen_operation_groups_0__i_opgroup_block/gen_parallel_slices_0__active_format_i_fmt_slice/gen_num_lanes_0__active_lane_lane_instance_i_fma/n2557 (net)                                                      5                   0.00       3.58 r                   
  gemm_unit/u_accumulator_vec/g_lane_30__u_add/fpnew_add/gen_operation_groups_0__i_opgroup_block/gen_parallel_slices_0__active_format_i_fmt_slice/gen_num_lanes_0__active_lane_lane_instance_i_fma/U1233/Y (NOR3_X1M_A9TR)                                                    0.08      0.08 *     3.67 f                   0.90
  gemm_unit/u_accumulator_vec/g_lane_30__u_add/fpnew_add/gen_operation_groups_0__i_opgroup_block/gen_parallel_slices_0__active_format_i_fmt_slice/gen_num_lanes_0__active_lane_lane_instance_i_fma/n2523 (net)                                                      3                   0.00       3.67 f                   
  gemm_unit/u_accumulator_vec/g_lane_30__u_add/fpnew_add/gen_operation_groups_0__i_opgroup_block/gen_parallel_slices_0__active_format_i_fmt_slice/gen_num_lanes_0__active_lane_lane_instance_i_fma/U1238/Y (NAND3_X0P7M_A9TR)                                                 0.12      0.09 *     3.76 r                   0.90
  gemm_unit/u_accumulator_vec/g_lane_30__u_add/fpnew_add/gen_operation_groups_0__i_opgroup_block/gen_parallel_slices_0__active_format_i_fmt_slice/gen_num_lanes_0__active_lane_lane_instance_i_fma/n2536 (net)                                                      5                   0.00       3.76 r                   
  gemm_unit/u_accumulator_vec/g_lane_30__u_add/fpnew_add/gen_operation_groups_0__i_opgroup_block/gen_parallel_slices_0__active_format_i_fmt_slice/gen_num_lanes_0__active_lane_lane_instance_i_fma/U1241/Y (NOR3_X1M_A9TR)                                                    0.07      0.08 *     3.85 f                   0.90
  gemm_unit/u_accumulator_vec/g_lane_30__u_add/fpnew_add/gen_operation_groups_0__i_opgroup_block/gen_parallel_slices_0__active_format_i_fmt_slice/gen_num_lanes_0__active_lane_lane_instance_i_fma/n2595 (net)                                                      4                   0.00       3.85 f                   
  gemm_unit/u_accumulator_vec/g_lane_30__u_add/fpnew_add/gen_operation_groups_0__i_opgroup_block/gen_parallel_slices_0__active_format_i_fmt_slice/gen_num_lanes_0__active_lane_lane_instance_i_fma/U1247/Y (NAND3_X0P7A_A9TR)                                                 0.10      0.08 *     3.93 r                   0.90
  gemm_unit/u_accumulator_vec/g_lane_30__u_add/fpnew_add/gen_operation_groups_0__i_opgroup_block/gen_parallel_slices_0__active_format_i_fmt_slice/gen_num_lanes_0__active_lane_lane_instance_i_fma/n2605 (net)                                                      5                   0.00       3.93 r                   
  gemm_unit/u_accumulator_vec/g_lane_30__u_add/fpnew_add/gen_operation_groups_0__i_opgroup_block/gen_parallel_slices_0__active_format_i_fmt_slice/gen_num_lanes_0__active_lane_lane_instance_i_fma/U1252/Y (NOR3_X1M_A9TR)                                                    0.07      0.07 *     4.00 f                   0.90
  gemm_unit/u_accumulator_vec/g_lane_30__u_add/fpnew_add/gen_operation_groups_0__i_opgroup_block/gen_parallel_slices_0__active_format_i_fmt_slice/gen_num_lanes_0__active_lane_lane_instance_i_fma/n2602 (net)                                                      4                   0.00       4.00 f                   
  gemm_unit/u_accumulator_vec/g_lane_30__u_add/fpnew_add/gen_operation_groups_0__i_opgroup_block/gen_parallel_slices_0__active_format_i_fmt_slice/gen_num_lanes_0__active_lane_lane_instance_i_fma/U1257/Y (NAND3_X0P7M_A9TR)                                                 0.14      0.10 *     4.10 r                   0.90
  gemm_unit/u_accumulator_vec/g_lane_30__u_add/fpnew_add/gen_operation_groups_0__i_opgroup_block/gen_parallel_slices_0__active_format_i_fmt_slice/gen_num_lanes_0__active_lane_lane_instance_i_fma/n2541 (net)                                                      5                   0.00       4.10 r                   
  gemm_unit/u_accumulator_vec/g_lane_30__u_add/fpnew_add/gen_operation_groups_0__i_opgroup_block/gen_parallel_slices_0__active_format_i_fmt_slice/gen_num_lanes_0__active_lane_lane_instance_i_fma/U1262/Y (NOR3_X1M_A9TR)                                                    0.07      0.09 *     4.19 f                   0.90
  gemm_unit/u_accumulator_vec/g_lane_30__u_add/fpnew_add/gen_operation_groups_0__i_opgroup_block/gen_parallel_slices_0__active_format_i_fmt_slice/gen_num_lanes_0__active_lane_lane_instance_i_fma/n2553 (net)                                                      3                   0.00       4.19 f                   
  gemm_unit/u_accumulator_vec/g_lane_30__u_add/fpnew_add/gen_operation_groups_0__i_opgroup_block/gen_parallel_slices_0__active_format_i_fmt_slice/gen_num_lanes_0__active_lane_lane_instance_i_fma/U1267/Y (NAND3_X0P7M_A9TR)                                                 0.11      0.08 *     4.27 r                   0.90
  gemm_unit/u_accumulator_vec/g_lane_30__u_add/fpnew_add/gen_operation_groups_0__i_opgroup_block/gen_parallel_slices_0__active_format_i_fmt_slice/gen_num_lanes_0__active_lane_lane_instance_i_fma/n2550 (net)                                                      4                   0.00       4.27 r                   
  gemm_unit/u_accumulator_vec/g_lane_30__u_add/fpnew_add/gen_operation_groups_0__i_opgroup_block/gen_parallel_slices_0__active_format_i_fmt_slice/gen_num_lanes_0__active_lane_lane_instance_i_fma/U1268/Y (NOR3_X1M_A9TR)                                                    0.08      0.09 *     4.36 f                   0.90
  gemm_unit/u_accumulator_vec/g_lane_30__u_add/fpnew_add/gen_operation_groups_0__i_opgroup_block/gen_parallel_slices_0__active_format_i_fmt_slice/gen_num_lanes_0__active_lane_lane_instance_i_fma/n2586 (net)                                                      2                   0.00       4.36 f                   
  gemm_unit/u_accumulator_vec/g_lane_30__u_add/fpnew_add/gen_operation_groups_0__i_opgroup_block/gen_parallel_slices_0__active_format_i_fmt_slice/gen_num_lanes_0__active_lane_lane_instance_i_fma/U1875/CO (ADDF_X1M_A9TR)                                                   0.04      0.11 *     4.47 f                   0.90
  gemm_unit/u_accumulator_vec/g_lane_30__u_add/fpnew_add/gen_operation_groups_0__i_opgroup_block/gen_parallel_slices_0__active_format_i_fmt_slice/gen_num_lanes_0__active_lane_lane_instance_i_fma/n1971 (net)                                                      3                   0.00       4.47 f                   
  gemm_unit/u_accumulator_vec/g_lane_30__u_add/fpnew_add/gen_operation_groups_0__i_opgroup_block/gen_parallel_slices_0__active_format_i_fmt_slice/gen_num_lanes_0__active_lane_lane_instance_i_fma/U1271/CON (CGENI_X1M_A9TR)                                                 0.10      0.07 *     4.54 r                   0.90
  gemm_unit/u_accumulator_vec/g_lane_30__u_add/fpnew_add/gen_operation_groups_0__i_opgroup_block/gen_parallel_slices_0__active_format_i_fmt_slice/gen_num_lanes_0__active_lane_lane_instance_i_fma/n1906 (net)                                                      3                   0.00       4.54 r                   
  gemm_unit/u_accumulator_vec/g_lane_30__u_add/fpnew_add/gen_operation_groups_0__i_opgroup_block/gen_parallel_slices_0__active_format_i_fmt_slice/gen_num_lanes_0__active_lane_lane_instance_i_fma/U1272/CON (CGENI_X1M_A9TR)                                                 0.07      0.06 *     4.60 f                   0.90
  gemm_unit/u_accumulator_vec/g_lane_30__u_add/fpnew_add/gen_operation_groups_0__i_opgroup_block/gen_parallel_slices_0__active_format_i_fmt_slice/gen_num_lanes_0__active_lane_lane_instance_i_fma/n1944 (net)                                                      3                   0.00       4.60 f                   
  gemm_unit/u_accumulator_vec/g_lane_30__u_add/fpnew_add/gen_operation_groups_0__i_opgroup_block/gen_parallel_slices_0__active_format_i_fmt_slice/gen_num_lanes_0__active_lane_lane_instance_i_fma/U1273/CON (CGENI_X1M_A9TR)                                                 0.10      0.07 *     4.68 r                   0.90
  gemm_unit/u_accumulator_vec/g_lane_30__u_add/fpnew_add/gen_operation_groups_0__i_opgroup_block/gen_parallel_slices_0__active_format_i_fmt_slice/gen_num_lanes_0__active_lane_lane_instance_i_fma/n1888 (net)                                                      3                   0.00       4.68 r                   
  gemm_unit/u_accumulator_vec/g_lane_30__u_add/fpnew_add/gen_operation_groups_0__i_opgroup_block/gen_parallel_slices_0__active_format_i_fmt_slice/gen_num_lanes_0__active_lane_lane_instance_i_fma/U1274/CON (CGENI_X1M_A9TR)                                                 0.06      0.06 *     4.74 f                   0.90
  gemm_unit/u_accumulator_vec/g_lane_30__u_add/fpnew_add/gen_operation_groups_0__i_opgroup_block/gen_parallel_slices_0__active_format_i_fmt_slice/gen_num_lanes_0__active_lane_lane_instance_i_fma/n1953 (net)                                                      3                   0.00       4.74 f                   
  gemm_unit/u_accumulator_vec/g_lane_30__u_add/fpnew_add/gen_operation_groups_0__i_opgroup_block/gen_parallel_slices_0__active_format_i_fmt_slice/gen_num_lanes_0__active_lane_lane_instance_i_fma/U1275/CON (CGENI_X1M_A9TR)                                                 0.09      0.07 *     4.81 r                   0.90
  gemm_unit/u_accumulator_vec/g_lane_30__u_add/fpnew_add/gen_operation_groups_0__i_opgroup_block/gen_parallel_slices_0__active_format_i_fmt_slice/gen_num_lanes_0__active_lane_lane_instance_i_fma/n1963 (net)                                                      3                   0.00       4.81 r                   
  gemm_unit/u_accumulator_vec/g_lane_30__u_add/fpnew_add/gen_operation_groups_0__i_opgroup_block/gen_parallel_slices_0__active_format_i_fmt_slice/gen_num_lanes_0__active_lane_lane_instance_i_fma/U1276/CON (CGENI_X1M_A9TR)                                                 0.07      0.06 *     4.87 f                   0.90
  gemm_unit/u_accumulator_vec/g_lane_30__u_add/fpnew_add/gen_operation_groups_0__i_opgroup_block/gen_parallel_slices_0__active_format_i_fmt_slice/gen_num_lanes_0__active_lane_lane_instance_i_fma/n2052 (net)                                                      3                   0.00       4.87 f                   
  gemm_unit/u_accumulator_vec/g_lane_30__u_add/fpnew_add/gen_operation_groups_0__i_opgroup_block/gen_parallel_slices_0__active_format_i_fmt_slice/gen_num_lanes_0__active_lane_lane_instance_i_fma/U1277/CON (CGENI_X1M_A9TR)                                                 0.09      0.07 *     4.95 r                   0.90
  gemm_unit/u_accumulator_vec/g_lane_30__u_add/fpnew_add/gen_operation_groups_0__i_opgroup_block/gen_parallel_slices_0__active_format_i_fmt_slice/gen_num_lanes_0__active_lane_lane_instance_i_fma/n2071 (net)                                                      3                   0.00       4.95 r                   
  gemm_unit/u_accumulator_vec/g_lane_30__u_add/fpnew_add/gen_operation_groups_0__i_opgroup_block/gen_parallel_slices_0__active_format_i_fmt_slice/gen_num_lanes_0__active_lane_lane_instance_i_fma/U1278/CON (CGENI_X1M_A9TR)                                                 0.07      0.06 *     5.01 f                   0.90
  gemm_unit/u_accumulator_vec/g_lane_30__u_add/fpnew_add/gen_operation_groups_0__i_opgroup_block/gen_parallel_slices_0__active_format_i_fmt_slice/gen_num_lanes_0__active_lane_lane_instance_i_fma/n2007 (net)                                                      3                   0.00       5.01 f                   
  gemm_unit/u_accumulator_vec/g_lane_30__u_add/fpnew_add/gen_operation_groups_0__i_opgroup_block/gen_parallel_slices_0__active_format_i_fmt_slice/gen_num_lanes_0__active_lane_lane_instance_i_fma/U1279/CON (CGENI_X1M_A9TR)                                                 0.09      0.07 *     5.08 r                   0.90
  gemm_unit/u_accumulator_vec/g_lane_30__u_add/fpnew_add/gen_operation_groups_0__i_opgroup_block/gen_parallel_slices_0__active_format_i_fmt_slice/gen_num_lanes_0__active_lane_lane_instance_i_fma/n2044 (net)                                                      3                   0.00       5.08 r                   
  gemm_unit/u_accumulator_vec/g_lane_30__u_add/fpnew_add/gen_operation_groups_0__i_opgroup_block/gen_parallel_slices_0__active_format_i_fmt_slice/gen_num_lanes_0__active_lane_lane_instance_i_fma/U1280/CON (CGENI_X1M_A9TR)                                                 0.06      0.06 *     5.14 f                   0.90
  gemm_unit/u_accumulator_vec/g_lane_30__u_add/fpnew_add/gen_operation_groups_0__i_opgroup_block/gen_parallel_slices_0__active_format_i_fmt_slice/gen_num_lanes_0__active_lane_lane_instance_i_fma/n1998 (net)                                                      3                   0.00       5.14 f                   
  gemm_unit/u_accumulator_vec/g_lane_30__u_add/fpnew_add/gen_operation_groups_0__i_opgroup_block/gen_parallel_slices_0__active_format_i_fmt_slice/gen_num_lanes_0__active_lane_lane_instance_i_fma/U1281/CON (CGENI_X1M_A9TR)                                                 0.09      0.07 *     5.21 r                   0.90
  gemm_unit/u_accumulator_vec/g_lane_30__u_add/fpnew_add/gen_operation_groups_0__i_opgroup_block/gen_parallel_slices_0__active_format_i_fmt_slice/gen_num_lanes_0__active_lane_lane_instance_i_fma/n2081 (net)                                                      3                   0.00       5.21 r                   
  gemm_unit/u_accumulator_vec/g_lane_30__u_add/fpnew_add/gen_operation_groups_0__i_opgroup_block/gen_parallel_slices_0__active_format_i_fmt_slice/gen_num_lanes_0__active_lane_lane_instance_i_fma/U1282/CON (CGENI_X1M_A9TR)                                                 0.06      0.06 *     5.27 f                   0.90
  gemm_unit/u_accumulator_vec/g_lane_30__u_add/fpnew_add/gen_operation_groups_0__i_opgroup_block/gen_parallel_slices_0__active_format_i_fmt_slice/gen_num_lanes_0__active_lane_lane_instance_i_fma/n2061 (net)                                                      3                   0.00       5.27 f                   
  gemm_unit/u_accumulator_vec/g_lane_30__u_add/fpnew_add/gen_operation_groups_0__i_opgroup_block/gen_parallel_slices_0__active_format_i_fmt_slice/gen_num_lanes_0__active_lane_lane_instance_i_fma/U1283/CON (CGENI_X1M_A9TR)                                                 0.09      0.07 *     5.34 r                   0.90
  gemm_unit/u_accumulator_vec/g_lane_30__u_add/fpnew_add/gen_operation_groups_0__i_opgroup_block/gen_parallel_slices_0__active_format_i_fmt_slice/gen_num_lanes_0__active_lane_lane_instance_i_fma/n1981 (net)                                                      3                   0.00       5.34 r                   
  gemm_unit/u_accumulator_vec/g_lane_30__u_add/fpnew_add/gen_operation_groups_0__i_opgroup_block/gen_parallel_slices_0__active_format_i_fmt_slice/gen_num_lanes_0__active_lane_lane_instance_i_fma/U1284/CON (CGENI_X1M_A9TR)                                                 0.06      0.06 *     5.40 f                   0.90
  gemm_unit/u_accumulator_vec/g_lane_30__u_add/fpnew_add/gen_operation_groups_0__i_opgroup_block/gen_parallel_slices_0__active_format_i_fmt_slice/gen_num_lanes_0__active_lane_lane_instance_i_fma/n1896 (net)                                                      3                   0.00       5.40 f                   
  gemm_unit/u_accumulator_vec/g_lane_30__u_add/fpnew_add/gen_operation_groups_0__i_opgroup_block/gen_parallel_slices_0__active_format_i_fmt_slice/gen_num_lanes_0__active_lane_lane_instance_i_fma/U1285/CON (CGENI_X1M_A9TR)                                                 0.10      0.08 *     5.48 r                   0.90
  gemm_unit/u_accumulator_vec/g_lane_30__u_add/fpnew_add/gen_operation_groups_0__i_opgroup_block/gen_parallel_slices_0__active_format_i_fmt_slice/gen_num_lanes_0__active_lane_lane_instance_i_fma/n1935 (net)                                                      3                   0.00       5.48 r                   
  gemm_unit/u_accumulator_vec/g_lane_30__u_add/fpnew_add/gen_operation_groups_0__i_opgroup_block/gen_parallel_slices_0__active_format_i_fmt_slice/gen_num_lanes_0__active_lane_lane_instance_i_fma/U1287/CON (CGENI_X1M_A9TR)                                                 0.07      0.06 *     5.54 f                   0.90
  gemm_unit/u_accumulator_vec/g_lane_30__u_add/fpnew_add/gen_operation_groups_0__i_opgroup_block/gen_parallel_slices_0__active_format_i_fmt_slice/gen_num_lanes_0__active_lane_lane_instance_i_fma/n2017 (net)                                                      3                   0.00       5.54 f                   
  gemm_unit/u_accumulator_vec/g_lane_30__u_add/fpnew_add/gen_operation_groups_0__i_opgroup_block/gen_parallel_slices_0__active_format_i_fmt_slice/gen_num_lanes_0__active_lane_lane_instance_i_fma/U1288/CON (CGENI_X1M_A9TR)                                                 0.10      0.08 *     5.62 r                   0.90
  gemm_unit/u_accumulator_vec/g_lane_30__u_add/fpnew_add/gen_operation_groups_0__i_opgroup_block/gen_parallel_slices_0__active_format_i_fmt_slice/gen_num_lanes_0__active_lane_lane_instance_i_fma/n2026 (net)                                                      3                   0.00       5.62 r                   
  gemm_unit/u_accumulator_vec/g_lane_30__u_add/fpnew_add/gen_operation_groups_0__i_opgroup_block/gen_parallel_slices_0__active_format_i_fmt_slice/gen_num_lanes_0__active_lane_lane_instance_i_fma/U1289/CON (CGENI_X1M_A9TR)                                                 0.07      0.06 *     5.68 f                   0.90
  gemm_unit/u_accumulator_vec/g_lane_30__u_add/fpnew_add/gen_operation_groups_0__i_opgroup_block/gen_parallel_slices_0__active_format_i_fmt_slice/gen_num_lanes_0__active_lane_lane_instance_i_fma/n1990 (net)                                                      3                   0.00       5.68 f                   
  gemm_unit/u_accumulator_vec/g_lane_30__u_add/fpnew_add/gen_operation_groups_0__i_opgroup_block/gen_parallel_slices_0__active_format_i_fmt_slice/gen_num_lanes_0__active_lane_lane_instance_i_fma/U1290/CON (CGENI_X1M_A9TR)                                                 0.10      0.08 *     5.76 r                   0.90
  gemm_unit/u_accumulator_vec/g_lane_30__u_add/fpnew_add/gen_operation_groups_0__i_opgroup_block/gen_parallel_slices_0__active_format_i_fmt_slice/gen_num_lanes_0__active_lane_lane_instance_i_fma/n1915 (net)                                                      3                   0.00       5.76 r                   
  gemm_unit/u_accumulator_vec/g_lane_30__u_add/fpnew_add/gen_operation_groups_0__i_opgroup_block/gen_parallel_slices_0__active_format_i_fmt_slice/gen_num_lanes_0__active_lane_lane_instance_i_fma/U1292/CON (CGENI_X1M_A9TR)                                                 0.07      0.06 *     5.82 f                   0.90
  gemm_unit/u_accumulator_vec/g_lane_30__u_add/fpnew_add/gen_operation_groups_0__i_opgroup_block/gen_parallel_slices_0__active_format_i_fmt_slice/gen_num_lanes_0__active_lane_lane_instance_i_fma/n2035 (net)                                                      3                   0.00       5.82 f                   
  gemm_unit/u_accumulator_vec/g_lane_30__u_add/fpnew_add/gen_operation_groups_0__i_opgroup_block/gen_parallel_slices_0__active_format_i_fmt_slice/gen_num_lanes_0__active_lane_lane_instance_i_fma/U1293/CON (CGENI_X1M_A9TR)                                                 0.09      0.08 *     5.89 r                   0.90
  gemm_unit/u_accumulator_vec/g_lane_30__u_add/fpnew_add/gen_operation_groups_0__i_opgroup_block/gen_parallel_slices_0__active_format_i_fmt_slice/gen_num_lanes_0__active_lane_lane_instance_i_fma/n1925 (net)                                                      3                   0.00       5.89 r                   
  gemm_unit/u_accumulator_vec/g_lane_30__u_add/fpnew_add/gen_operation_groups_0__i_opgroup_block/gen_parallel_slices_0__active_format_i_fmt_slice/gen_num_lanes_0__active_lane_lane_instance_i_fma/U1295/CON (CGENI_X1M_A9TR)                                                 0.07      0.06 *     5.95 f                   0.90
  gemm_unit/u_accumulator_vec/g_lane_30__u_add/fpnew_add/gen_operation_groups_0__i_opgroup_block/gen_parallel_slices_0__active_format_i_fmt_slice/gen_num_lanes_0__active_lane_lane_instance_i_fma/n1879 (net)                                                      3                   0.00       5.95 f                   
  gemm_unit/u_accumulator_vec/g_lane_30__u_add/fpnew_add/gen_operation_groups_0__i_opgroup_block/gen_parallel_slices_0__active_format_i_fmt_slice/gen_num_lanes_0__active_lane_lane_instance_i_fma/U1296/CON (CGENI_X1M_A9TR)                                                 0.07      0.06 *     6.01 r                   0.90
  gemm_unit/u_accumulator_vec/g_lane_30__u_add/fpnew_add/gen_operation_groups_0__i_opgroup_block/gen_parallel_slices_0__active_format_i_fmt_slice/gen_num_lanes_0__active_lane_lane_instance_i_fma/n1781 (net)                                                      2                   0.00       6.01 r                   
  gemm_unit/u_accumulator_vec/g_lane_30__u_add/fpnew_add/gen_operation_groups_0__i_opgroup_block/gen_parallel_slices_0__active_format_i_fmt_slice/gen_num_lanes_0__active_lane_lane_instance_i_fma/U1298/Y (NOR2_X0P5B_A9TR)                                                  0.07      0.05 *     6.06 f                   0.90
  gemm_unit/u_accumulator_vec/g_lane_30__u_add/fpnew_add/gen_operation_groups_0__i_opgroup_block/gen_parallel_slices_0__active_format_i_fmt_slice/gen_num_lanes_0__active_lane_lane_instance_i_fma/n2579 (net)                                                      3                   0.00       6.06 f                   
  gemm_unit/u_accumulator_vec/g_lane_30__u_add/fpnew_add/gen_operation_groups_0__i_opgroup_block/gen_parallel_slices_0__active_format_i_fmt_slice/gen_num_lanes_0__active_lane_lane_instance_i_fma/U1299/Y (NAND2_X0P5M_A9TR)                                                 0.07      0.07 *     6.12 r                   0.90
  gemm_unit/u_accumulator_vec/g_lane_30__u_add/fpnew_add/gen_operation_groups_0__i_opgroup_block/gen_parallel_slices_0__active_format_i_fmt_slice/gen_num_lanes_0__active_lane_lane_instance_i_fma/n2578 (net)                                                      3                   0.00       6.12 r                   
  gemm_unit/u_accumulator_vec/g_lane_30__u_add/fpnew_add/gen_operation_groups_0__i_opgroup_block/gen_parallel_slices_0__active_format_i_fmt_slice/gen_num_lanes_0__active_lane_lane_instance_i_fma/U1300/Y (NOR2_X0P5B_A9TR)                                                  0.06      0.05 *     6.18 f                   0.90
  gemm_unit/u_accumulator_vec/g_lane_30__u_add/fpnew_add/gen_operation_groups_0__i_opgroup_block/gen_parallel_slices_0__active_format_i_fmt_slice/gen_num_lanes_0__active_lane_lane_instance_i_fma/n1809 (net)                                                      3                   0.00       6.18 f                   
  gemm_unit/u_accumulator_vec/g_lane_30__u_add/fpnew_add/gen_operation_groups_0__i_opgroup_block/gen_parallel_slices_0__active_format_i_fmt_slice/gen_num_lanes_0__active_lane_lane_instance_i_fma/U1301/Y (NAND2_X0P5M_A9TR)                                                 0.09      0.07 *     6.24 r                   0.90
  gemm_unit/u_accumulator_vec/g_lane_30__u_add/fpnew_add/gen_operation_groups_0__i_opgroup_block/gen_parallel_slices_0__active_format_i_fmt_slice/gen_num_lanes_0__active_lane_lane_instance_i_fma/n1788 (net)                                                      3                   0.00       6.24 r                   
  gemm_unit/u_accumulator_vec/g_lane_30__u_add/fpnew_add/gen_operation_groups_0__i_opgroup_block/gen_parallel_slices_0__active_format_i_fmt_slice/gen_num_lanes_0__active_lane_lane_instance_i_fma/U1302/Y (NOR2_X0P5B_A9TR)                                                  0.06      0.06 *     6.30 f                   0.90
  gemm_unit/u_accumulator_vec/g_lane_30__u_add/fpnew_add/gen_operation_groups_0__i_opgroup_block/gen_parallel_slices_0__active_format_i_fmt_slice/gen_num_lanes_0__active_lane_lane_instance_i_fma/n1787 (net)                                                      3                   0.00       6.30 f                   
  gemm_unit/u_accumulator_vec/g_lane_30__u_add/fpnew_add/gen_operation_groups_0__i_opgroup_block/gen_parallel_slices_0__active_format_i_fmt_slice/gen_num_lanes_0__active_lane_lane_instance_i_fma/U1303/Y (NAND2_X0P5M_A9TR)                                                 0.09      0.06 *     6.37 r                   0.90
  gemm_unit/u_accumulator_vec/g_lane_30__u_add/fpnew_add/gen_operation_groups_0__i_opgroup_block/gen_parallel_slices_0__active_format_i_fmt_slice/gen_num_lanes_0__active_lane_lane_instance_i_fma/n1817 (net)                                                      3                   0.00       6.37 r                   
  gemm_unit/u_accumulator_vec/g_lane_30__u_add/fpnew_add/gen_operation_groups_0__i_opgroup_block/gen_parallel_slices_0__active_format_i_fmt_slice/gen_num_lanes_0__active_lane_lane_instance_i_fma/U1304/Y (NOR2_X0P5B_A9TR)                                                  0.06      0.06 *     6.42 f                   0.90
  gemm_unit/u_accumulator_vec/g_lane_30__u_add/fpnew_add/gen_operation_groups_0__i_opgroup_block/gen_parallel_slices_0__active_format_i_fmt_slice/gen_num_lanes_0__active_lane_lane_instance_i_fma/n1816 (net)                                                      3                   0.00       6.42 f                   
  gemm_unit/u_accumulator_vec/g_lane_30__u_add/fpnew_add/gen_operation_groups_0__i_opgroup_block/gen_parallel_slices_0__active_format_i_fmt_slice/gen_num_lanes_0__active_lane_lane_instance_i_fma/U1305/Y (NAND2_X0P5M_A9TR)                                                 0.08      0.06 *     6.49 r                   0.90
  gemm_unit/u_accumulator_vec/g_lane_30__u_add/fpnew_add/gen_operation_groups_0__i_opgroup_block/gen_parallel_slices_0__active_format_i_fmt_slice/gen_num_lanes_0__active_lane_lane_instance_i_fma/n1825 (net)                                                      3                   0.00       6.49 r                   
  gemm_unit/u_accumulator_vec/g_lane_30__u_add/fpnew_add/gen_operation_groups_0__i_opgroup_block/gen_parallel_slices_0__active_format_i_fmt_slice/gen_num_lanes_0__active_lane_lane_instance_i_fma/U1306/Y (NOR2_X0P5B_A9TR)                                                  0.06      0.06 *     6.54 f                   0.90
  gemm_unit/u_accumulator_vec/g_lane_30__u_add/fpnew_add/gen_operation_groups_0__i_opgroup_block/gen_parallel_slices_0__active_format_i_fmt_slice/gen_num_lanes_0__active_lane_lane_instance_i_fma/n1824 (net)                                                      3                   0.00       6.54 f                   
  gemm_unit/u_accumulator_vec/g_lane_30__u_add/fpnew_add/gen_operation_groups_0__i_opgroup_block/gen_parallel_slices_0__active_format_i_fmt_slice/gen_num_lanes_0__active_lane_lane_instance_i_fma/U1307/Y (NAND2_X0P5M_A9TR)                                                 0.08      0.06 *     6.61 r                   0.90
  gemm_unit/u_accumulator_vec/g_lane_30__u_add/fpnew_add/gen_operation_groups_0__i_opgroup_block/gen_parallel_slices_0__active_format_i_fmt_slice/gen_num_lanes_0__active_lane_lane_instance_i_fma/n1865 (net)                                                      3                   0.00       6.61 r                   
  gemm_unit/u_accumulator_vec/g_lane_30__u_add/fpnew_add/gen_operation_groups_0__i_opgroup_block/gen_parallel_slices_0__active_format_i_fmt_slice/gen_num_lanes_0__active_lane_lane_instance_i_fma/U1308/Y (NOR2_X0P5B_A9TR)                                                  0.06      0.06 *     6.66 f                   0.90
  gemm_unit/u_accumulator_vec/g_lane_30__u_add/fpnew_add/gen_operation_groups_0__i_opgroup_block/gen_parallel_slices_0__active_format_i_fmt_slice/gen_num_lanes_0__active_lane_lane_instance_i_fma/n1864 (net)                                                      3                   0.00       6.66 f                   
  gemm_unit/u_accumulator_vec/g_lane_30__u_add/fpnew_add/gen_operation_groups_0__i_opgroup_block/gen_parallel_slices_0__active_format_i_fmt_slice/gen_num_lanes_0__active_lane_lane_instance_i_fma/U1309/Y (NAND2_X0P5M_A9TR)                                                 0.08      0.06 *     6.72 r                   0.90
  gemm_unit/u_accumulator_vec/g_lane_30__u_add/fpnew_add/gen_operation_groups_0__i_opgroup_block/gen_parallel_slices_0__active_format_i_fmt_slice/gen_num_lanes_0__active_lane_lane_instance_i_fma/n1833 (net)                                                      3                   0.00       6.72 r                   
  gemm_unit/u_accumulator_vec/g_lane_30__u_add/fpnew_add/gen_operation_groups_0__i_opgroup_block/gen_parallel_slices_0__active_format_i_fmt_slice/gen_num_lanes_0__active_lane_lane_instance_i_fma/U1310/Y (NOR2_X0P5B_A9TR)                                                  0.06      0.05 *     6.78 f                   0.90
  gemm_unit/u_accumulator_vec/g_lane_30__u_add/fpnew_add/gen_operation_groups_0__i_opgroup_block/gen_parallel_slices_0__active_format_i_fmt_slice/gen_num_lanes_0__active_lane_lane_instance_i_fma/n1832 (net)                                                      3                   0.00       6.78 f                   
  gemm_unit/u_accumulator_vec/g_lane_30__u_add/fpnew_add/gen_operation_groups_0__i_opgroup_block/gen_parallel_slices_0__active_format_i_fmt_slice/gen_num_lanes_0__active_lane_lane_instance_i_fma/U1311/Y (NAND2_X0P5M_A9TR)                                                 0.08      0.06 *     6.84 r                   0.90
  gemm_unit/u_accumulator_vec/g_lane_30__u_add/fpnew_add/gen_operation_groups_0__i_opgroup_block/gen_parallel_slices_0__active_format_i_fmt_slice/gen_num_lanes_0__active_lane_lane_instance_i_fma/n1841 (net)                                                      3                   0.00       6.84 r                   
  gemm_unit/u_accumulator_vec/g_lane_30__u_add/fpnew_add/gen_operation_groups_0__i_opgroup_block/gen_parallel_slices_0__active_format_i_fmt_slice/gen_num_lanes_0__active_lane_lane_instance_i_fma/U1312/Y (NOR2_X0P5B_A9TR)                                                  0.06      0.06 *     6.90 f                   0.90
  gemm_unit/u_accumulator_vec/g_lane_30__u_add/fpnew_add/gen_operation_groups_0__i_opgroup_block/gen_parallel_slices_0__active_format_i_fmt_slice/gen_num_lanes_0__active_lane_lane_instance_i_fma/n1840 (net)                                                      3                   0.00       6.90 f                   
  gemm_unit/u_accumulator_vec/g_lane_30__u_add/fpnew_add/gen_operation_groups_0__i_opgroup_block/gen_parallel_slices_0__active_format_i_fmt_slice/gen_num_lanes_0__active_lane_lane_instance_i_fma/U1313/Y (NAND2_X0P5M_A9TR)                                                 0.08      0.06 *     6.96 r                   0.90
  gemm_unit/u_accumulator_vec/g_lane_30__u_add/fpnew_add/gen_operation_groups_0__i_opgroup_block/gen_parallel_slices_0__active_format_i_fmt_slice/gen_num_lanes_0__active_lane_lane_instance_i_fma/n1857 (net)                                                      3                   0.00       6.96 r                   
  gemm_unit/u_accumulator_vec/g_lane_30__u_add/fpnew_add/gen_operation_groups_0__i_opgroup_block/gen_parallel_slices_0__active_format_i_fmt_slice/gen_num_lanes_0__active_lane_lane_instance_i_fma/U1314/Y (NOR2_X0P5B_A9TR)                                                  0.06      0.06 *     7.01 f                   0.90
  gemm_unit/u_accumulator_vec/g_lane_30__u_add/fpnew_add/gen_operation_groups_0__i_opgroup_block/gen_parallel_slices_0__active_format_i_fmt_slice/gen_num_lanes_0__active_lane_lane_instance_i_fma/n1856 (net)                                                      3                   0.00       7.01 f                   
  gemm_unit/u_accumulator_vec/g_lane_30__u_add/fpnew_add/gen_operation_groups_0__i_opgroup_block/gen_parallel_slices_0__active_format_i_fmt_slice/gen_num_lanes_0__active_lane_lane_instance_i_fma/U1315/Y (NAND2_X0P5M_A9TR)                                                 0.08      0.06 *     7.07 r                   0.90
  gemm_unit/u_accumulator_vec/g_lane_30__u_add/fpnew_add/gen_operation_groups_0__i_opgroup_block/gen_parallel_slices_0__active_format_i_fmt_slice/gen_num_lanes_0__active_lane_lane_instance_i_fma/n1849 (net)                                                      3                   0.00       7.07 r                   
  gemm_unit/u_accumulator_vec/g_lane_30__u_add/fpnew_add/gen_operation_groups_0__i_opgroup_block/gen_parallel_slices_0__active_format_i_fmt_slice/gen_num_lanes_0__active_lane_lane_instance_i_fma/U1316/Y (NOR2_X0P5B_A9TR)                                                  0.06      0.06 *     7.13 f                   0.90
  gemm_unit/u_accumulator_vec/g_lane_30__u_add/fpnew_add/gen_operation_groups_0__i_opgroup_block/gen_parallel_slices_0__active_format_i_fmt_slice/gen_num_lanes_0__active_lane_lane_instance_i_fma/n1848 (net)                                                      3                   0.00       7.13 f                   
  gemm_unit/u_accumulator_vec/g_lane_30__u_add/fpnew_add/gen_operation_groups_0__i_opgroup_block/gen_parallel_slices_0__active_format_i_fmt_slice/gen_num_lanes_0__active_lane_lane_instance_i_fma/U1317/Y (NAND2_X0P5M_A9TR)                                                 0.09      0.06 *     7.19 r                   0.90
  gemm_unit/u_accumulator_vec/g_lane_30__u_add/fpnew_add/gen_operation_groups_0__i_opgroup_block/gen_parallel_slices_0__active_format_i_fmt_slice/gen_num_lanes_0__active_lane_lane_instance_i_fma/n1802 (net)                                                      3                   0.00       7.19 r                   
  gemm_unit/u_accumulator_vec/g_lane_30__u_add/fpnew_add/gen_operation_groups_0__i_opgroup_block/gen_parallel_slices_0__active_format_i_fmt_slice/gen_num_lanes_0__active_lane_lane_instance_i_fma/U1318/Y (NOR2_X0P5B_A9TR)                                                  0.06      0.06 *     7.25 f                   0.90
  gemm_unit/u_accumulator_vec/g_lane_30__u_add/fpnew_add/gen_operation_groups_0__i_opgroup_block/gen_parallel_slices_0__active_format_i_fmt_slice/gen_num_lanes_0__active_lane_lane_instance_i_fma/n1801 (net)                                                      3                   0.00       7.25 f                   
  gemm_unit/u_accumulator_vec/g_lane_30__u_add/fpnew_add/gen_operation_groups_0__i_opgroup_block/gen_parallel_slices_0__active_format_i_fmt_slice/gen_num_lanes_0__active_lane_lane_instance_i_fma/U1319/Y (NAND2_X0P5M_A9TR)                                                 0.09      0.06 *     7.31 r                   0.90
  gemm_unit/u_accumulator_vec/g_lane_30__u_add/fpnew_add/gen_operation_groups_0__i_opgroup_block/gen_parallel_slices_0__active_format_i_fmt_slice/gen_num_lanes_0__active_lane_lane_instance_i_fma/n1795 (net)                                                      3                   0.00       7.31 r                   
  gemm_unit/u_accumulator_vec/g_lane_30__u_add/fpnew_add/gen_operation_groups_0__i_opgroup_block/gen_parallel_slices_0__active_format_i_fmt_slice/gen_num_lanes_0__active_lane_lane_instance_i_fma/U1320/Y (NOR2_X0P5B_A9TR)                                                  0.06      0.06 *     7.37 f                   0.90
  gemm_unit/u_accumulator_vec/g_lane_30__u_add/fpnew_add/gen_operation_groups_0__i_opgroup_block/gen_parallel_slices_0__active_format_i_fmt_slice/gen_num_lanes_0__active_lane_lane_instance_i_fma/n2572 (net)                                                      3                   0.00       7.37 f                   
  gemm_unit/u_accumulator_vec/g_lane_30__u_add/fpnew_add/gen_operation_groups_0__i_opgroup_block/gen_parallel_slices_0__active_format_i_fmt_slice/gen_num_lanes_0__active_lane_lane_instance_i_fma/U1321/Y (NAND2_X0P5M_A9TR)                                                 0.06      0.06 *     7.43 r                   0.90
  gemm_unit/u_accumulator_vec/g_lane_30__u_add/fpnew_add/gen_operation_groups_0__i_opgroup_block/gen_parallel_slices_0__active_format_i_fmt_slice/gen_num_lanes_0__active_lane_lane_instance_i_fma/n2571 (net)                                                      2                   0.00       7.43 r                   
  gemm_unit/u_accumulator_vec/g_lane_30__u_add/fpnew_add/gen_operation_groups_0__i_opgroup_block/gen_parallel_slices_0__active_format_i_fmt_slice/gen_num_lanes_0__active_lane_lane_instance_i_fma/U1322/Y (NOR2_X0P5B_A9TR)                                                  0.04      0.05 *     7.47 f                   0.90
  gemm_unit/u_accumulator_vec/g_lane_30__u_add/fpnew_add/gen_operation_groups_0__i_opgroup_block/gen_parallel_slices_0__active_format_i_fmt_slice/gen_num_lanes_0__active_lane_lane_instance_i_fma/n2483 (net)                                                      2                   0.00       7.47 f                   
  gemm_unit/u_accumulator_vec/g_lane_30__u_add/fpnew_add/gen_operation_groups_0__i_opgroup_block/gen_parallel_slices_0__active_format_i_fmt_slice/gen_num_lanes_0__active_lane_lane_instance_i_fma/U1323/Y (AOI31_X0P7M_A9TR)                                                 0.77      0.46 *     7.94 r                   0.90
  gemm_unit/u_accumulator_vec/g_lane_30__u_add/fpnew_add/gen_operation_groups_0__i_opgroup_block/gen_parallel_slices_0__active_format_i_fmt_slice/gen_num_lanes_0__active_lane_lane_instance_i_fma/n1735 (net)                                                     33                   0.00       7.94 r                   
  gemm_unit/u_accumulator_vec/g_lane_30__u_add/fpnew_add/gen_operation_groups_0__i_opgroup_block/gen_parallel_slices_0__active_format_i_fmt_slice/gen_num_lanes_0__active_lane_lane_instance_i_fma/U960/Y (BUF_X1M_A9TR)                                                      0.19      0.23 *     8.17 r                   0.90
  gemm_unit/u_accumulator_vec/g_lane_30__u_add/fpnew_add/gen_operation_groups_0__i_opgroup_block/gen_parallel_slices_0__active_format_i_fmt_slice/gen_num_lanes_0__active_lane_lane_instance_i_fma/n2687 (net)                                                     20                   0.00       8.17 r                   
  gemm_unit/u_accumulator_vec/g_lane_30__u_add/fpnew_add/gen_operation_groups_0__i_opgroup_block/gen_parallel_slices_0__active_format_i_fmt_slice/gen_num_lanes_0__active_lane_lane_instance_i_fma/U966/Y (INV_X0P7M_A9TR)                                                    0.15      0.15 *     8.32 f                   0.90
  gemm_unit/u_accumulator_vec/g_lane_30__u_add/fpnew_add/gen_operation_groups_0__i_opgroup_block/gen_parallel_slices_0__active_format_i_fmt_slice/gen_num_lanes_0__active_lane_lane_instance_i_fma/n2688 (net)                                                     19                   0.00       8.32 f                   
  gemm_unit/u_accumulator_vec/g_lane_30__u_add/fpnew_add/gen_operation_groups_0__i_opgroup_block/gen_parallel_slices_0__active_format_i_fmt_slice/gen_num_lanes_0__active_lane_lane_instance_i_fma/U1433/Y (AOI221_X0P7M_A9TR)                                                0.10      0.10 *     8.42 r                   0.90
  gemm_unit/u_accumulator_vec/g_lane_30__u_add/fpnew_add/gen_operation_groups_0__i_opgroup_block/gen_parallel_slices_0__active_format_i_fmt_slice/gen_num_lanes_0__active_lane_lane_instance_i_fma/n1903 (net)                                                      1                   0.00       8.42 r                   
  gemm_unit/u_accumulator_vec/g_lane_30__u_add/fpnew_add/gen_operation_groups_0__i_opgroup_block/gen_parallel_slices_0__active_format_i_fmt_slice/gen_num_lanes_0__active_lane_lane_instance_i_fma/U1434/Y (OA21A1OI2_X0P7M_A9TR)                                             0.06      0.04 *     8.46 f                   0.90
  gemm_unit/u_accumulator_vec/g_lane_30__u_add/fpnew_add/gen_operation_groups_0__i_opgroup_block/gen_parallel_slices_0__active_format_i_fmt_slice/gen_num_lanes_0__active_lane_lane_instance_i_fma/n1907 (net)                                                      1                   0.00       8.46 f                   
  gemm_unit/u_accumulator_vec/g_lane_30__u_add/fpnew_add/gen_operation_groups_0__i_opgroup_block/gen_parallel_slices_0__active_format_i_fmt_slice/gen_num_lanes_0__active_lane_lane_instance_i_fma/U1435/Y (XNOR2_X0P5M_A9TR)                                                 0.06      0.06 *     8.52 r                   0.90
  gemm_unit/u_accumulator_vec/g_lane_30__u_add/fpnew_add/gen_operation_groups_0__i_opgroup_block/gen_parallel_slices_0__active_format_i_fmt_slice/gen_num_lanes_0__active_lane_lane_instance_i_fma/sum[27] (net)                                                    1                   0.00       8.52 r                   
  gemm_unit/u_accumulator_vec/g_lane_30__u_add/fpnew_add/gen_operation_groups_0__i_opgroup_block/gen_parallel_slices_0__active_format_i_fmt_slice/gen_num_lanes_0__active_lane_lane_instance_i_fma/mid_pipe_sum_q_reg_1__27_/D (DFFRPQ_X0P5M_A9TR)                            0.06      0.00 *     8.52 r                   0.90
  data arrival time                                                                                                                                                                                                                                                                                8.52                     

  clock CLK (rise edge)                                                                                                                                                                                                                                                                10.00      10.00                     
  clock network delay (ideal)                                                                                                                                                                                                                                                           0.00      10.00                     
  gemm_unit/u_accumulator_vec/g_lane_30__u_add/fpnew_add/gen_operation_groups_0__i_opgroup_block/gen_parallel_slices_0__active_format_i_fmt_slice/gen_num_lanes_0__active_lane_lane_instance_i_fma/mid_pipe_sum_q_reg_1__27_/CK (DFFRPQ_X0P5M_A9TR)                                     0.00      10.00 r                   
  library setup time                                                                                                                                                                                                                                                                   -0.06       9.94                     
  data required time                                                                                                                                                                                                                                                                               9.94                     
  ---------------------------------------------------------------------------------------------------------------------------------------------------------------------------------------------------------------------------------------------------------------------------------------------------------------------------------------
  data required time                                                                                                                                                                                                                                                                               9.94                     
  data arrival time                                                                                                                                                                                                                                                                               -8.52                     
  ---------------------------------------------------------------------------------------------------------------------------------------------------------------------------------------------------------------------------------------------------------------------------------------------------------------------------------------
  slack (MET)                                                                                                                                                                                                                                                                                      1.42                     


  Startpoint: gemm_unit/u_accumulator_vec/g_lane_30__u_add/input_buffer/g_eb1_pipe_buffer/g_register_g_pipe_regs_0__pipe_register/g_shift_register/g_shift_pipe_reg_0__0_
              (rising edge-triggered flip-flop clocked by CLK)
  Endpoint: gemm_unit/u_accumulator_vec/g_lane_30__u_add/fpnew_add/gen_operation_groups_0__i_opgroup_block/gen_parallel_slices_0__active_format_i_fmt_slice/gen_num_lanes_0__active_lane_lane_instance_i_fma/mid_pipe_sum_q_reg_1__30_
            (rising edge-triggered flip-flop clocked by CLK)
  Scenario: mode_norm.OC_rvt_ss_0p900v_125c
  Path Group: CLK
  Path Type: max

Attributes:
    d - dont_touch
    u - dont_use
   mo - map_only
   so - size_only
    i - ideal_net or ideal_network
  inf - infeasible path

  Point                                                                                                                                                                                                                                                           Fanout     Trans      Incr       Path      Attributes     Voltage
  ---------------------------------------------------------------------------------------------------------------------------------------------------------------------------------------------------------------------------------------------------------------------------------------------------------------------------------------
  clock CLK (rise edge)                                                                                                                                                                                                                                                                 0.00       0.00                     
  clock network delay (ideal)                                                                                                                                                                                                                                                           0.00       0.00                     
  gemm_unit/u_accumulator_vec/g_lane_30__u_add/input_buffer/g_eb1_pipe_buffer/g_register_g_pipe_regs_0__pipe_register/g_shift_register/g_shift_pipe_reg_0__0_/CK (DFFQ_X0P5M_A9TR)                                                                                            0.00      0.00       0.00 r    i              0.90
  gemm_unit/u_accumulator_vec/g_lane_30__u_add/input_buffer/g_eb1_pipe_buffer/g_register_g_pipe_regs_0__pipe_register/g_shift_register/g_shift_pipe_reg_0__0_/Q (DFFQ_X0P5M_A9TR)                                                                                             0.06      0.14       0.14 f                   0.90
  gemm_unit/u_accumulator_vec/g_lane_30__u_add/input_buffer/g_eb1_pipe_buffer/g_register_g_pipe_regs_0__pipe_register/g_shift_register/data_out[0] (net)                                                                                                            4                   0.00       0.14 f                   
  gemm_unit/u_accumulator_vec/g_lane_30__u_add/input_buffer/g_eb1_pipe_buffer/g_register_g_pipe_regs_0__pipe_register/g_shift_register/data_out[0] (VX_shift_register_65_1_1_0_1)                                                                                                       0.00       0.14 f                   
  gemm_unit/u_accumulator_vec/g_lane_30__u_add/input_buffer/g_eb1_pipe_buffer/g_register_g_pipe_regs_0__pipe_register/data_out[0] (net)                                                                                                                                                 0.00       0.14 f                   
  gemm_unit/u_accumulator_vec/g_lane_30__u_add/input_buffer/g_eb1_pipe_buffer/g_register_g_pipe_regs_0__pipe_register/data_out[0] (VX_pipe_register_16_1)                                                                                                                               0.00       0.14 f                   
  gemm_unit/u_accumulator_vec/g_lane_30__u_add/input_buffer/g_eb1_pipe_buffer/data_out[0] (net)                                                                                                                                                                                         0.00       0.14 f                   
  gemm_unit/u_accumulator_vec/g_lane_30__u_add/input_buffer/g_eb1_pipe_buffer/data_out[0] (VX_pipe_buffer_48_1)                                                                                                                                                                         0.00       0.14 f                   
  gemm_unit/u_accumulator_vec/g_lane_30__u_add/input_buffer/data_out[0] (net)                                                                                                                                                                                                           0.00       0.14 f                   
  gemm_unit/u_accumulator_vec/g_lane_30__u_add/input_buffer/data_out[0] (VX_elastic_buffer_9_1)                                                                                                                                                                                         0.00       0.14 f                   
  gemm_unit/u_accumulator_vec/g_lane_30__u_add/fpnew_inputs_data[0] (net)                                                                                                                                                                                                               0.00       0.14 f                   
  gemm_unit/u_accumulator_vec/g_lane_30__u_add/fpnew_add/operands_i[32] (fpnew_top_00000010302__logic_Z_1yB__566949_1)                                                                                                                                                                  0.00       0.14 f                   
  gemm_unit/u_accumulator_vec/g_lane_30__u_add/fpnew_add/operands_i[32] (net)                                                                                                                                                                                                           0.00       0.14 f                   
  gemm_unit/u_accumulator_vec/g_lane_30__u_add/fpnew_add/gen_operation_groups_0__i_opgroup_block/operands_i[32] (fpnew_opgroup_block_0_00000020_0_2_10_2_155_3__logic_Z_1yB__00000000_388949_1)                                                                                         0.00       0.14 f                   
  gemm_unit/u_accumulator_vec/g_lane_30__u_add/fpnew_add/gen_operation_groups_0__i_opgroup_block/operands_i[32] (net)                                                                                                                                                                   0.00       0.14 f                   
  gemm_unit/u_accumulator_vec/g_lane_30__u_add/fpnew_add/gen_operation_groups_0__i_opgroup_block/gen_parallel_slices_0__active_format_i_fmt_slice/operands_i[32] (fpnew_opgroup_fmt_slice_0_0_00000020_0_00000001_3__logic_Z_1yB__00000000_1)                                           0.00       0.14 f                   
  gemm_unit/u_accumulator_vec/g_lane_30__u_add/fpnew_add/gen_operation_groups_0__i_opgroup_block/gen_parallel_slices_0__active_format_i_fmt_slice/operands_i[32] (net)                                                                                                                  0.00       0.14 f                   
  gemm_unit/u_accumulator_vec/g_lane_30__u_add/fpnew_add/gen_operation_groups_0__i_opgroup_block/gen_parallel_slices_0__active_format_i_fmt_slice/gen_num_lanes_0__active_lane_lane_instance_i_fma/operands_i[32] (fpnew_fma_0_00000001_3__logic_Z_1yB___logic_Z_1yB__1)                0.00       0.14 f                   
  gemm_unit/u_accumulator_vec/g_lane_30__u_add/fpnew_add/gen_operation_groups_0__i_opgroup_block/gen_parallel_slices_0__active_format_i_fmt_slice/gen_num_lanes_0__active_lane_lane_instance_i_fma/operands_i[32] (net)                                                                 0.00       0.14 f                   
  gemm_unit/u_accumulator_vec/g_lane_30__u_add/fpnew_add/gen_operation_groups_0__i_opgroup_block/gen_parallel_slices_0__active_format_i_fmt_slice/gen_num_lanes_0__active_lane_lane_instance_i_fma/i_class_inputs/operands_i[32] (fpnew_classifier_0_3_1)                               0.00       0.14 f                   
  gemm_unit/u_accumulator_vec/g_lane_30__u_add/fpnew_add/gen_operation_groups_0__i_opgroup_block/gen_parallel_slices_0__active_format_i_fmt_slice/gen_num_lanes_0__active_lane_lane_instance_i_fma/i_class_inputs/operands_i[32] (net)                                                  0.00       0.14 f                   
  gemm_unit/u_accumulator_vec/g_lane_30__u_add/fpnew_add/gen_operation_groups_0__i_opgroup_block/gen_parallel_slices_0__active_format_i_fmt_slice/gen_num_lanes_0__active_lane_lane_instance_i_fma/i_class_inputs/U21/Y (NOR3_X0P7M_A9TR)                                     0.10      0.09 *     0.23 r                   0.90
  gemm_unit/u_accumulator_vec/g_lane_30__u_add/fpnew_add/gen_operation_groups_0__i_opgroup_block/gen_parallel_slices_0__active_format_i_fmt_slice/gen_num_lanes_0__active_lane_lane_instance_i_fma/i_class_inputs/n77 (net)                                         1                   0.00       0.23 r                   
  gemm_unit/u_accumulator_vec/g_lane_30__u_add/fpnew_add/gen_operation_groups_0__i_opgroup_block/gen_parallel_slices_0__active_format_i_fmt_slice/gen_num_lanes_0__active_lane_lane_instance_i_fma/i_class_inputs/U22/Y (NOR4BB_X1M_A9TR)                                     0.06      0.09 *     0.32 r                   0.90
  gemm_unit/u_accumulator_vec/g_lane_30__u_add/fpnew_add/gen_operation_groups_0__i_opgroup_block/gen_parallel_slices_0__active_format_i_fmt_slice/gen_num_lanes_0__active_lane_lane_instance_i_fma/i_class_inputs/n79 (net)                                         1                   0.00       0.32 r                   
  gemm_unit/u_accumulator_vec/g_lane_30__u_add/fpnew_add/gen_operation_groups_0__i_opgroup_block/gen_parallel_slices_0__active_format_i_fmt_slice/gen_num_lanes_0__active_lane_lane_instance_i_fma/i_class_inputs/U23/Y (NOR4BB_X1M_A9TR)                                     0.06      0.08 *     0.40 r                   0.90
  gemm_unit/u_accumulator_vec/g_lane_30__u_add/fpnew_add/gen_operation_groups_0__i_opgroup_block/gen_parallel_slices_0__active_format_i_fmt_slice/gen_num_lanes_0__active_lane_lane_instance_i_fma/i_class_inputs/n81 (net)                                         1                   0.00       0.40 r                   
  gemm_unit/u_accumulator_vec/g_lane_30__u_add/fpnew_add/gen_operation_groups_0__i_opgroup_block/gen_parallel_slices_0__active_format_i_fmt_slice/gen_num_lanes_0__active_lane_lane_instance_i_fma/i_class_inputs/U24/Y (NOR4BB_X1M_A9TR)                                     0.19      0.15 *     0.55 r                   0.90
  gemm_unit/u_accumulator_vec/g_lane_30__u_add/fpnew_add/gen_operation_groups_0__i_opgroup_block/gen_parallel_slices_0__active_format_i_fmt_slice/gen_num_lanes_0__active_lane_lane_instance_i_fma/i_class_inputs/n91 (net)                                         3                   0.00       0.55 r                   
  gemm_unit/u_accumulator_vec/g_lane_30__u_add/fpnew_add/gen_operation_groups_0__i_opgroup_block/gen_parallel_slices_0__active_format_i_fmt_slice/gen_num_lanes_0__active_lane_lane_instance_i_fma/i_class_inputs/U34/Y (NOR2_X0P5B_A9TR)                                     0.08      0.10 *     0.65 f                   0.90
  gemm_unit/u_accumulator_vec/g_lane_30__u_add/fpnew_add/gen_operation_groups_0__i_opgroup_block/gen_parallel_slices_0__active_format_i_fmt_slice/gen_num_lanes_0__active_lane_lane_instance_i_fma/i_class_inputs/info_o[14] (net)                                  4                   0.00       0.65 f                   
  gemm_unit/u_accumulator_vec/g_lane_30__u_add/fpnew_add/gen_operation_groups_0__i_opgroup_block/gen_parallel_slices_0__active_format_i_fmt_slice/gen_num_lanes_0__active_lane_lane_instance_i_fma/i_class_inputs/info_o[14] (fpnew_classifier_0_3_1)                                   0.00       0.65 f                   
  gemm_unit/u_accumulator_vec/g_lane_30__u_add/fpnew_add/gen_operation_groups_0__i_opgroup_block/gen_parallel_slices_0__active_format_i_fmt_slice/gen_num_lanes_0__active_lane_lane_instance_i_fma/info_q[3] (net)                                                                      0.00       0.65 f                   
  gemm_unit/u_accumulator_vec/g_lane_30__u_add/fpnew_add/gen_operation_groups_0__i_opgroup_block/gen_parallel_slices_0__active_format_i_fmt_slice/gen_num_lanes_0__active_lane_lane_instance_i_fma/U1563/Y (AND2_X0P7M_A9TR)                                                  0.02      0.07 *     0.72 f                   0.90
  gemm_unit/u_accumulator_vec/g_lane_30__u_add/fpnew_add/gen_operation_groups_0__i_opgroup_block/gen_parallel_slices_0__active_format_i_fmt_slice/gen_num_lanes_0__active_lane_lane_instance_i_fma/n2115 (net)                                                      1                   0.00       0.72 f                   
  gemm_unit/u_accumulator_vec/g_lane_30__u_add/fpnew_add/gen_operation_groups_0__i_opgroup_block/gen_parallel_slices_0__active_format_i_fmt_slice/gen_num_lanes_0__active_lane_lane_instance_i_fma/U1564/Y (OA21A1OI2_X0P7M_A9TR)                                             0.13      0.10 *     0.82 r                   0.90
  gemm_unit/u_accumulator_vec/g_lane_30__u_add/fpnew_add/gen_operation_groups_0__i_opgroup_block/gen_parallel_slices_0__active_format_i_fmt_slice/gen_num_lanes_0__active_lane_lane_instance_i_fma/n2612 (net)                                                      2                   0.00       0.82 r                   
  gemm_unit/u_accumulator_vec/g_lane_30__u_add/fpnew_add/gen_operation_groups_0__i_opgroup_block/gen_parallel_slices_0__active_format_i_fmt_slice/gen_num_lanes_0__active_lane_lane_instance_i_fma/U1887/Y (INV_X0P7M_A9TR)                                                   0.06      0.06 *     0.88 f                   0.90
  gemm_unit/u_accumulator_vec/g_lane_30__u_add/fpnew_add/gen_operation_groups_0__i_opgroup_block/gen_parallel_slices_0__active_format_i_fmt_slice/gen_num_lanes_0__active_lane_lane_instance_i_fma/exponent_product[1] (net)                                        2                   0.00       0.88 f                   
  gemm_unit/u_accumulator_vec/g_lane_30__u_add/fpnew_add/gen_operation_groups_0__i_opgroup_block/gen_parallel_slices_0__active_format_i_fmt_slice/gen_num_lanes_0__active_lane_lane_instance_i_fma/intadd_2865_U8/CO (ADDF_X1M_A9TR)                                          0.03      0.10 *     0.99 f    mo             0.90
  gemm_unit/u_accumulator_vec/g_lane_30__u_add/fpnew_add/gen_operation_groups_0__i_opgroup_block/gen_parallel_slices_0__active_format_i_fmt_slice/gen_num_lanes_0__active_lane_lane_instance_i_fma/intadd_2865_n7 (net)                                             1                   0.00       0.99 f                   
  gemm_unit/u_accumulator_vec/g_lane_30__u_add/fpnew_add/gen_operation_groups_0__i_opgroup_block/gen_parallel_slices_0__active_format_i_fmt_slice/gen_num_lanes_0__active_lane_lane_instance_i_fma/intadd_2865_U7/CO (ADDF_X1M_A9TR)                                          0.03      0.08 *     1.07 f    mo             0.90
  gemm_unit/u_accumulator_vec/g_lane_30__u_add/fpnew_add/gen_operation_groups_0__i_opgroup_block/gen_parallel_slices_0__active_format_i_fmt_slice/gen_num_lanes_0__active_lane_lane_instance_i_fma/intadd_2865_n6 (net)                                             1                   0.00       1.07 f                   
  gemm_unit/u_accumulator_vec/g_lane_30__u_add/fpnew_add/gen_operation_groups_0__i_opgroup_block/gen_parallel_slices_0__active_format_i_fmt_slice/gen_num_lanes_0__active_lane_lane_instance_i_fma/intadd_2865_U6/CO (ADDF_X1M_A9TR)                                          0.03      0.08 *     1.15 f    mo             0.90
  gemm_unit/u_accumulator_vec/g_lane_30__u_add/fpnew_add/gen_operation_groups_0__i_opgroup_block/gen_parallel_slices_0__active_format_i_fmt_slice/gen_num_lanes_0__active_lane_lane_instance_i_fma/intadd_2865_n5 (net)                                             1                   0.00       1.15 f                   
  gemm_unit/u_accumulator_vec/g_lane_30__u_add/fpnew_add/gen_operation_groups_0__i_opgroup_block/gen_parallel_slices_0__active_format_i_fmt_slice/gen_num_lanes_0__active_lane_lane_instance_i_fma/intadd_2865_U5/CO (ADDF_X1M_A9TR)                                          0.03      0.08 *     1.24 f    mo             0.90
  gemm_unit/u_accumulator_vec/g_lane_30__u_add/fpnew_add/gen_operation_groups_0__i_opgroup_block/gen_parallel_slices_0__active_format_i_fmt_slice/gen_num_lanes_0__active_lane_lane_instance_i_fma/intadd_2865_n4 (net)                                             1                   0.00       1.24 f                   
  gemm_unit/u_accumulator_vec/g_lane_30__u_add/fpnew_add/gen_operation_groups_0__i_opgroup_block/gen_parallel_slices_0__active_format_i_fmt_slice/gen_num_lanes_0__active_lane_lane_instance_i_fma/intadd_2865_U4/CO (ADDF_X1M_A9TR)                                          0.03      0.08 *     1.32 f    mo             0.90
  gemm_unit/u_accumulator_vec/g_lane_30__u_add/fpnew_add/gen_operation_groups_0__i_opgroup_block/gen_parallel_slices_0__active_format_i_fmt_slice/gen_num_lanes_0__active_lane_lane_instance_i_fma/intadd_2865_n3 (net)                                             1                   0.00       1.32 f                   
  gemm_unit/u_accumulator_vec/g_lane_30__u_add/fpnew_add/gen_operation_groups_0__i_opgroup_block/gen_parallel_slices_0__active_format_i_fmt_slice/gen_num_lanes_0__active_lane_lane_instance_i_fma/intadd_2865_U3/CO (ADDF_X1M_A9TR)                                          0.03      0.08 *     1.40 f    mo             0.90
  gemm_unit/u_accumulator_vec/g_lane_30__u_add/fpnew_add/gen_operation_groups_0__i_opgroup_block/gen_parallel_slices_0__active_format_i_fmt_slice/gen_num_lanes_0__active_lane_lane_instance_i_fma/intadd_2865_n2 (net)                                             1                   0.00       1.40 f                   
  gemm_unit/u_accumulator_vec/g_lane_30__u_add/fpnew_add/gen_operation_groups_0__i_opgroup_block/gen_parallel_slices_0__active_format_i_fmt_slice/gen_num_lanes_0__active_lane_lane_instance_i_fma/intadd_2865_U2/CO (ADDF_X1M_A9TR)                                          0.03      0.08 *     1.48 f    mo             0.90
  gemm_unit/u_accumulator_vec/g_lane_30__u_add/fpnew_add/gen_operation_groups_0__i_opgroup_block/gen_parallel_slices_0__active_format_i_fmt_slice/gen_num_lanes_0__active_lane_lane_instance_i_fma/intadd_2865_n1 (net)                                             2                   0.00       1.48 f                   
  gemm_unit/u_accumulator_vec/g_lane_30__u_add/fpnew_add/gen_operation_groups_0__i_opgroup_block/gen_parallel_slices_0__active_format_i_fmt_slice/gen_num_lanes_0__active_lane_lane_instance_i_fma/U19/Y (NOR2_X0P5B_A9TR)                                                    0.05      0.04 *     1.52 r                   0.90
  gemm_unit/u_accumulator_vec/g_lane_30__u_add/fpnew_add/gen_operation_groups_0__i_opgroup_block/gen_parallel_slices_0__active_format_i_fmt_slice/gen_num_lanes_0__active_lane_lane_instance_i_fma/n945 (net)                                                       2                   0.00       1.52 r                   
  gemm_unit/u_accumulator_vec/g_lane_30__u_add/fpnew_add/gen_operation_groups_0__i_opgroup_block/gen_parallel_slices_0__active_format_i_fmt_slice/gen_num_lanes_0__active_lane_lane_instance_i_fma/U34/Y (NAND3BB_X1M_A9TR)                                                   0.16      0.13 *     1.65 r                   0.90
  gemm_unit/u_accumulator_vec/g_lane_30__u_add/fpnew_add/gen_operation_groups_0__i_opgroup_block/gen_parallel_slices_0__active_format_i_fmt_slice/gen_num_lanes_0__active_lane_lane_instance_i_fma/n2117 (net)                                                     14                   0.00       1.65 r                   
  gemm_unit/u_accumulator_vec/g_lane_30__u_add/fpnew_add/gen_operation_groups_0__i_opgroup_block/gen_parallel_slices_0__active_format_i_fmt_slice/gen_num_lanes_0__active_lane_lane_instance_i_fma/U133/Y (INV_X0P7M_A9TR)                                                    0.08      0.09 *     1.74 f                   0.90
  gemm_unit/u_accumulator_vec/g_lane_30__u_add/fpnew_add/gen_operation_groups_0__i_opgroup_block/gen_parallel_slices_0__active_format_i_fmt_slice/gen_num_lanes_0__active_lane_lane_instance_i_fma/n2631 (net)                                                      7                   0.00       1.74 f                   
  gemm_unit/u_accumulator_vec/g_lane_30__u_add/fpnew_add/gen_operation_groups_0__i_opgroup_block/gen_parallel_slices_0__active_format_i_fmt_slice/gen_num_lanes_0__active_lane_lane_instance_i_fma/U44/Y (NAND2_X0P5M_A9TR)                                                   0.07      0.07 *     1.81 r                   0.90
  gemm_unit/u_accumulator_vec/g_lane_30__u_add/fpnew_add/gen_operation_groups_0__i_opgroup_block/gen_parallel_slices_0__active_format_i_fmt_slice/gen_num_lanes_0__active_lane_lane_instance_i_fma/n1182 (net)                                                      3                   0.00       1.81 r                   
  gemm_unit/u_accumulator_vec/g_lane_30__u_add/fpnew_add/gen_operation_groups_0__i_opgroup_block/gen_parallel_slices_0__active_format_i_fmt_slice/gen_num_lanes_0__active_lane_lane_instance_i_fma/U49/Y (NAND2_X0P5M_A9TR)                                                   0.07      0.07 *     1.88 f                   0.90
  gemm_unit/u_accumulator_vec/g_lane_30__u_add/fpnew_add/gen_operation_groups_0__i_opgroup_block/gen_parallel_slices_0__active_format_i_fmt_slice/gen_num_lanes_0__active_lane_lane_instance_i_fma/n1491 (net)                                                      4                   0.00       1.88 f                   
  gemm_unit/u_accumulator_vec/g_lane_30__u_add/fpnew_add/gen_operation_groups_0__i_opgroup_block/gen_parallel_slices_0__active_format_i_fmt_slice/gen_num_lanes_0__active_lane_lane_instance_i_fma/U819/Y (NOR2_X1M_A9TR)                                                     0.16      0.12 *     1.99 r                   0.90
  gemm_unit/u_accumulator_vec/g_lane_30__u_add/fpnew_add/gen_operation_groups_0__i_opgroup_block/gen_parallel_slices_0__active_format_i_fmt_slice/gen_num_lanes_0__active_lane_lane_instance_i_fma/addend_shamt[0] (net)                                            9                   0.00       1.99 r                   
  gemm_unit/u_accumulator_vec/g_lane_30__u_add/fpnew_add/gen_operation_groups_0__i_opgroup_block/gen_parallel_slices_0__active_format_i_fmt_slice/gen_num_lanes_0__active_lane_lane_instance_i_fma/U166/Y (INV_X0P7M_A9TR)                                                    0.08      0.09 *     2.08 f                   0.90
  gemm_unit/u_accumulator_vec/g_lane_30__u_add/fpnew_add/gen_operation_groups_0__i_opgroup_block/gen_parallel_slices_0__active_format_i_fmt_slice/gen_num_lanes_0__active_lane_lane_instance_i_fma/n2643 (net)                                                      8                   0.00       2.08 f                   
  gemm_unit/u_accumulator_vec/g_lane_30__u_add/fpnew_add/gen_operation_groups_0__i_opgroup_block/gen_parallel_slices_0__active_format_i_fmt_slice/gen_num_lanes_0__active_lane_lane_instance_i_fma/U833/Y (NOR2_X1M_A9TR)                                                     0.29      0.20 *     2.28 r                   0.90
  gemm_unit/u_accumulator_vec/g_lane_30__u_add/fpnew_add/gen_operation_groups_0__i_opgroup_block/gen_parallel_slices_0__active_format_i_fmt_slice/gen_num_lanes_0__active_lane_lane_instance_i_fma/n1554 (net)                                                     20                   0.00       2.28 r                   
  gemm_unit/u_accumulator_vec/g_lane_30__u_add/fpnew_add/gen_operation_groups_0__i_opgroup_block/gen_parallel_slices_0__active_format_i_fmt_slice/gen_num_lanes_0__active_lane_lane_instance_i_fma/U892/Y (AOI222_X0P7M_A9TR)                                                 0.15      0.15 *     2.43 f                   0.90
  gemm_unit/u_accumulator_vec/g_lane_30__u_add/fpnew_add/gen_operation_groups_0__i_opgroup_block/gen_parallel_slices_0__active_format_i_fmt_slice/gen_num_lanes_0__active_lane_lane_instance_i_fma/n1532 (net)                                                      2                   0.00       2.43 f                   
  gemm_unit/u_accumulator_vec/g_lane_30__u_add/fpnew_add/gen_operation_groups_0__i_opgroup_block/gen_parallel_slices_0__active_format_i_fmt_slice/gen_num_lanes_0__active_lane_lane_instance_i_fma/U895/Y (AOI22_X0P5M_A9TR)                                                  0.20      0.18 *     2.61 r                   0.90
  gemm_unit/u_accumulator_vec/g_lane_30__u_add/fpnew_add/gen_operation_groups_0__i_opgroup_block/gen_parallel_slices_0__active_format_i_fmt_slice/gen_num_lanes_0__active_lane_lane_instance_i_fma/n1699 (net)                                                      5                   0.00       2.61 r                   
  gemm_unit/u_accumulator_vec/g_lane_30__u_add/fpnew_add/gen_operation_groups_0__i_opgroup_block/gen_parallel_slices_0__active_format_i_fmt_slice/gen_num_lanes_0__active_lane_lane_instance_i_fma/U896/Y (OAI22_X0P7M_A9TR)                                                  0.12      0.12 *     2.73 f                   0.90
  gemm_unit/u_accumulator_vec/g_lane_30__u_add/fpnew_add/gen_operation_groups_0__i_opgroup_block/gen_parallel_slices_0__active_format_i_fmt_slice/gen_num_lanes_0__active_lane_lane_instance_i_fma/n1660 (net)                                                      4                   0.00       2.73 f                   
  gemm_unit/u_accumulator_vec/g_lane_30__u_add/fpnew_add/gen_operation_groups_0__i_opgroup_block/gen_parallel_slices_0__active_format_i_fmt_slice/gen_num_lanes_0__active_lane_lane_instance_i_fma/U911/Y (AOI22_X0P5M_A9TR)                                                  0.12      0.11 *     2.83 r                   0.90
  gemm_unit/u_accumulator_vec/g_lane_30__u_add/fpnew_add/gen_operation_groups_0__i_opgroup_block/gen_parallel_slices_0__active_format_i_fmt_slice/gen_num_lanes_0__active_lane_lane_instance_i_fma/n1711 (net)                                                      2                   0.00       2.83 r                   
  gemm_unit/u_accumulator_vec/g_lane_30__u_add/fpnew_add/gen_operation_groups_0__i_opgroup_block/gen_parallel_slices_0__active_format_i_fmt_slice/gen_num_lanes_0__active_lane_lane_instance_i_fma/U912/Y (NAND2_X0P5M_A9TR)                                                  0.07      0.06 *     2.89 f                   0.90
  gemm_unit/u_accumulator_vec/g_lane_30__u_add/fpnew_add/gen_operation_groups_0__i_opgroup_block/gen_parallel_slices_0__active_format_i_fmt_slice/gen_num_lanes_0__active_lane_lane_instance_i_fma/n1655 (net)                                                      2                   0.00       2.89 f                   
  gemm_unit/u_accumulator_vec/g_lane_30__u_add/fpnew_add/gen_operation_groups_0__i_opgroup_block/gen_parallel_slices_0__active_format_i_fmt_slice/gen_num_lanes_0__active_lane_lane_instance_i_fma/U922/Y (AND4_X0P7M_A9TR)                                                   0.03      0.08 *     2.97 f                   0.90
  gemm_unit/u_accumulator_vec/g_lane_30__u_add/fpnew_add/gen_operation_groups_0__i_opgroup_block/gen_parallel_slices_0__active_format_i_fmt_slice/gen_num_lanes_0__active_lane_lane_instance_i_fma/n1579 (net)                                                      1                   0.00       2.97 f                   
  gemm_unit/u_accumulator_vec/g_lane_30__u_add/fpnew_add/gen_operation_groups_0__i_opgroup_block/gen_parallel_slices_0__active_format_i_fmt_slice/gen_num_lanes_0__active_lane_lane_instance_i_fma/U988/Y (NOR4BB_X0P7M_A9TR)                                                 0.06      0.06 *     3.04 f                   0.90
  gemm_unit/u_accumulator_vec/g_lane_30__u_add/fpnew_add/gen_operation_groups_0__i_opgroup_block/gen_parallel_slices_0__active_format_i_fmt_slice/gen_num_lanes_0__active_lane_lane_instance_i_fma/n1613 (net)                                                      1                   0.00       3.04 f                   
  gemm_unit/u_accumulator_vec/g_lane_30__u_add/fpnew_add/gen_operation_groups_0__i_opgroup_block/gen_parallel_slices_0__active_format_i_fmt_slice/gen_num_lanes_0__active_lane_lane_instance_i_fma/U1016/Y (NOR4BB_X0P7M_A9TR)                                                0.05      0.07 *     3.11 f                   0.90
  gemm_unit/u_accumulator_vec/g_lane_30__u_add/fpnew_add/gen_operation_groups_0__i_opgroup_block/gen_parallel_slices_0__active_format_i_fmt_slice/gen_num_lanes_0__active_lane_lane_instance_i_fma/n1625 (net)                                                      1                   0.00       3.11 f                   
  gemm_unit/u_accumulator_vec/g_lane_30__u_add/fpnew_add/gen_operation_groups_0__i_opgroup_block/gen_parallel_slices_0__active_format_i_fmt_slice/gen_num_lanes_0__active_lane_lane_instance_i_fma/U1027/Y (OAI22_X0P5M_A9TR)                                                 0.15      0.11 *     3.22 r                   0.90
  gemm_unit/u_accumulator_vec/g_lane_30__u_add/fpnew_add/gen_operation_groups_0__i_opgroup_block/gen_parallel_slices_0__active_format_i_fmt_slice/gen_num_lanes_0__active_lane_lane_instance_i_fma/mid_pipe_sticky_q[0] (net)                                       3                   0.00       3.22 r                   
  gemm_unit/u_accumulator_vec/g_lane_30__u_add/fpnew_add/gen_operation_groups_0__i_opgroup_block/gen_parallel_slices_0__active_format_i_fmt_slice/gen_num_lanes_0__active_lane_lane_instance_i_fma/U1221/Y (NOR3_X1M_A9TR)                                                    0.10      0.10 *     3.31 f                   0.90
  gemm_unit/u_accumulator_vec/g_lane_30__u_add/fpnew_add/gen_operation_groups_0__i_opgroup_block/gen_parallel_slices_0__active_format_i_fmt_slice/gen_num_lanes_0__active_lane_lane_instance_i_fma/n2566 (net)                                                      3                   0.00       3.31 f                   
  gemm_unit/u_accumulator_vec/g_lane_30__u_add/fpnew_add/gen_operation_groups_0__i_opgroup_block/gen_parallel_slices_0__active_format_i_fmt_slice/gen_num_lanes_0__active_lane_lane_instance_i_fma/U1226/Y (NAND3_X0P7M_A9TR)                                                 0.11      0.10 *     3.41 r                   0.90
  gemm_unit/u_accumulator_vec/g_lane_30__u_add/fpnew_add/gen_operation_groups_0__i_opgroup_block/gen_parallel_slices_0__active_format_i_fmt_slice/gen_num_lanes_0__active_lane_lane_instance_i_fma/n2563 (net)                                                      5                   0.00       3.41 r                   
  gemm_unit/u_accumulator_vec/g_lane_30__u_add/fpnew_add/gen_operation_groups_0__i_opgroup_block/gen_parallel_slices_0__active_format_i_fmt_slice/gen_num_lanes_0__active_lane_lane_instance_i_fma/U1227/Y (NOR3_X1M_A9TR)                                                    0.07      0.08 *     3.50 f                   0.90
  gemm_unit/u_accumulator_vec/g_lane_30__u_add/fpnew_add/gen_operation_groups_0__i_opgroup_block/gen_parallel_slices_0__active_format_i_fmt_slice/gen_num_lanes_0__active_lane_lane_instance_i_fma/n2560 (net)                                                      3                   0.00       3.50 f                   
  gemm_unit/u_accumulator_vec/g_lane_30__u_add/fpnew_add/gen_operation_groups_0__i_opgroup_block/gen_parallel_slices_0__active_format_i_fmt_slice/gen_num_lanes_0__active_lane_lane_instance_i_fma/U1232/Y (NAND3_X0P7M_A9TR)                                                 0.12      0.09 *     3.58 r                   0.90
  gemm_unit/u_accumulator_vec/g_lane_30__u_add/fpnew_add/gen_operation_groups_0__i_opgroup_block/gen_parallel_slices_0__active_format_i_fmt_slice/gen_num_lanes_0__active_lane_lane_instance_i_fma/n2557 (net)                                                      5                   0.00       3.58 r                   
  gemm_unit/u_accumulator_vec/g_lane_30__u_add/fpnew_add/gen_operation_groups_0__i_opgroup_block/gen_parallel_slices_0__active_format_i_fmt_slice/gen_num_lanes_0__active_lane_lane_instance_i_fma/U1233/Y (NOR3_X1M_A9TR)                                                    0.08      0.08 *     3.67 f                   0.90
  gemm_unit/u_accumulator_vec/g_lane_30__u_add/fpnew_add/gen_operation_groups_0__i_opgroup_block/gen_parallel_slices_0__active_format_i_fmt_slice/gen_num_lanes_0__active_lane_lane_instance_i_fma/n2523 (net)                                                      3                   0.00       3.67 f                   
  gemm_unit/u_accumulator_vec/g_lane_30__u_add/fpnew_add/gen_operation_groups_0__i_opgroup_block/gen_parallel_slices_0__active_format_i_fmt_slice/gen_num_lanes_0__active_lane_lane_instance_i_fma/U1238/Y (NAND3_X0P7M_A9TR)                                                 0.12      0.09 *     3.76 r                   0.90
  gemm_unit/u_accumulator_vec/g_lane_30__u_add/fpnew_add/gen_operation_groups_0__i_opgroup_block/gen_parallel_slices_0__active_format_i_fmt_slice/gen_num_lanes_0__active_lane_lane_instance_i_fma/n2536 (net)                                                      5                   0.00       3.76 r                   
  gemm_unit/u_accumulator_vec/g_lane_30__u_add/fpnew_add/gen_operation_groups_0__i_opgroup_block/gen_parallel_slices_0__active_format_i_fmt_slice/gen_num_lanes_0__active_lane_lane_instance_i_fma/U1241/Y (NOR3_X1M_A9TR)                                                    0.07      0.08 *     3.85 f                   0.90
  gemm_unit/u_accumulator_vec/g_lane_30__u_add/fpnew_add/gen_operation_groups_0__i_opgroup_block/gen_parallel_slices_0__active_format_i_fmt_slice/gen_num_lanes_0__active_lane_lane_instance_i_fma/n2595 (net)                                                      4                   0.00       3.85 f                   
  gemm_unit/u_accumulator_vec/g_lane_30__u_add/fpnew_add/gen_operation_groups_0__i_opgroup_block/gen_parallel_slices_0__active_format_i_fmt_slice/gen_num_lanes_0__active_lane_lane_instance_i_fma/U1247/Y (NAND3_X0P7A_A9TR)                                                 0.10      0.08 *     3.93 r                   0.90
  gemm_unit/u_accumulator_vec/g_lane_30__u_add/fpnew_add/gen_operation_groups_0__i_opgroup_block/gen_parallel_slices_0__active_format_i_fmt_slice/gen_num_lanes_0__active_lane_lane_instance_i_fma/n2605 (net)                                                      5                   0.00       3.93 r                   
  gemm_unit/u_accumulator_vec/g_lane_30__u_add/fpnew_add/gen_operation_groups_0__i_opgroup_block/gen_parallel_slices_0__active_format_i_fmt_slice/gen_num_lanes_0__active_lane_lane_instance_i_fma/U1252/Y (NOR3_X1M_A9TR)                                                    0.07      0.07 *     4.00 f                   0.90
  gemm_unit/u_accumulator_vec/g_lane_30__u_add/fpnew_add/gen_operation_groups_0__i_opgroup_block/gen_parallel_slices_0__active_format_i_fmt_slice/gen_num_lanes_0__active_lane_lane_instance_i_fma/n2602 (net)                                                      4                   0.00       4.00 f                   
  gemm_unit/u_accumulator_vec/g_lane_30__u_add/fpnew_add/gen_operation_groups_0__i_opgroup_block/gen_parallel_slices_0__active_format_i_fmt_slice/gen_num_lanes_0__active_lane_lane_instance_i_fma/U1257/Y (NAND3_X0P7M_A9TR)                                                 0.14      0.10 *     4.10 r                   0.90
  gemm_unit/u_accumulator_vec/g_lane_30__u_add/fpnew_add/gen_operation_groups_0__i_opgroup_block/gen_parallel_slices_0__active_format_i_fmt_slice/gen_num_lanes_0__active_lane_lane_instance_i_fma/n2541 (net)                                                      5                   0.00       4.10 r                   
  gemm_unit/u_accumulator_vec/g_lane_30__u_add/fpnew_add/gen_operation_groups_0__i_opgroup_block/gen_parallel_slices_0__active_format_i_fmt_slice/gen_num_lanes_0__active_lane_lane_instance_i_fma/U1262/Y (NOR3_X1M_A9TR)                                                    0.07      0.09 *     4.19 f                   0.90
  gemm_unit/u_accumulator_vec/g_lane_30__u_add/fpnew_add/gen_operation_groups_0__i_opgroup_block/gen_parallel_slices_0__active_format_i_fmt_slice/gen_num_lanes_0__active_lane_lane_instance_i_fma/n2553 (net)                                                      3                   0.00       4.19 f                   
  gemm_unit/u_accumulator_vec/g_lane_30__u_add/fpnew_add/gen_operation_groups_0__i_opgroup_block/gen_parallel_slices_0__active_format_i_fmt_slice/gen_num_lanes_0__active_lane_lane_instance_i_fma/U1267/Y (NAND3_X0P7M_A9TR)                                                 0.11      0.08 *     4.27 r                   0.90
  gemm_unit/u_accumulator_vec/g_lane_30__u_add/fpnew_add/gen_operation_groups_0__i_opgroup_block/gen_parallel_slices_0__active_format_i_fmt_slice/gen_num_lanes_0__active_lane_lane_instance_i_fma/n2550 (net)                                                      4                   0.00       4.27 r                   
  gemm_unit/u_accumulator_vec/g_lane_30__u_add/fpnew_add/gen_operation_groups_0__i_opgroup_block/gen_parallel_slices_0__active_format_i_fmt_slice/gen_num_lanes_0__active_lane_lane_instance_i_fma/U1268/Y (NOR3_X1M_A9TR)                                                    0.08      0.09 *     4.36 f                   0.90
  gemm_unit/u_accumulator_vec/g_lane_30__u_add/fpnew_add/gen_operation_groups_0__i_opgroup_block/gen_parallel_slices_0__active_format_i_fmt_slice/gen_num_lanes_0__active_lane_lane_instance_i_fma/n2586 (net)                                                      2                   0.00       4.36 f                   
  gemm_unit/u_accumulator_vec/g_lane_30__u_add/fpnew_add/gen_operation_groups_0__i_opgroup_block/gen_parallel_slices_0__active_format_i_fmt_slice/gen_num_lanes_0__active_lane_lane_instance_i_fma/U1875/CO (ADDF_X1M_A9TR)                                                   0.04      0.11 *     4.47 f                   0.90
  gemm_unit/u_accumulator_vec/g_lane_30__u_add/fpnew_add/gen_operation_groups_0__i_opgroup_block/gen_parallel_slices_0__active_format_i_fmt_slice/gen_num_lanes_0__active_lane_lane_instance_i_fma/n1971 (net)                                                      3                   0.00       4.47 f                   
  gemm_unit/u_accumulator_vec/g_lane_30__u_add/fpnew_add/gen_operation_groups_0__i_opgroup_block/gen_parallel_slices_0__active_format_i_fmt_slice/gen_num_lanes_0__active_lane_lane_instance_i_fma/U1271/CON (CGENI_X1M_A9TR)                                                 0.10      0.07 *     4.54 r                   0.90
  gemm_unit/u_accumulator_vec/g_lane_30__u_add/fpnew_add/gen_operation_groups_0__i_opgroup_block/gen_parallel_slices_0__active_format_i_fmt_slice/gen_num_lanes_0__active_lane_lane_instance_i_fma/n1906 (net)                                                      3                   0.00       4.54 r                   
  gemm_unit/u_accumulator_vec/g_lane_30__u_add/fpnew_add/gen_operation_groups_0__i_opgroup_block/gen_parallel_slices_0__active_format_i_fmt_slice/gen_num_lanes_0__active_lane_lane_instance_i_fma/U1272/CON (CGENI_X1M_A9TR)                                                 0.07      0.06 *     4.60 f                   0.90
  gemm_unit/u_accumulator_vec/g_lane_30__u_add/fpnew_add/gen_operation_groups_0__i_opgroup_block/gen_parallel_slices_0__active_format_i_fmt_slice/gen_num_lanes_0__active_lane_lane_instance_i_fma/n1944 (net)                                                      3                   0.00       4.60 f                   
  gemm_unit/u_accumulator_vec/g_lane_30__u_add/fpnew_add/gen_operation_groups_0__i_opgroup_block/gen_parallel_slices_0__active_format_i_fmt_slice/gen_num_lanes_0__active_lane_lane_instance_i_fma/U1273/CON (CGENI_X1M_A9TR)                                                 0.10      0.07 *     4.68 r                   0.90
  gemm_unit/u_accumulator_vec/g_lane_30__u_add/fpnew_add/gen_operation_groups_0__i_opgroup_block/gen_parallel_slices_0__active_format_i_fmt_slice/gen_num_lanes_0__active_lane_lane_instance_i_fma/n1888 (net)                                                      3                   0.00       4.68 r                   
  gemm_unit/u_accumulator_vec/g_lane_30__u_add/fpnew_add/gen_operation_groups_0__i_opgroup_block/gen_parallel_slices_0__active_format_i_fmt_slice/gen_num_lanes_0__active_lane_lane_instance_i_fma/U1274/CON (CGENI_X1M_A9TR)                                                 0.06      0.06 *     4.74 f                   0.90
  gemm_unit/u_accumulator_vec/g_lane_30__u_add/fpnew_add/gen_operation_groups_0__i_opgroup_block/gen_parallel_slices_0__active_format_i_fmt_slice/gen_num_lanes_0__active_lane_lane_instance_i_fma/n1953 (net)                                                      3                   0.00       4.74 f                   
  gemm_unit/u_accumulator_vec/g_lane_30__u_add/fpnew_add/gen_operation_groups_0__i_opgroup_block/gen_parallel_slices_0__active_format_i_fmt_slice/gen_num_lanes_0__active_lane_lane_instance_i_fma/U1275/CON (CGENI_X1M_A9TR)                                                 0.09      0.07 *     4.81 r                   0.90
  gemm_unit/u_accumulator_vec/g_lane_30__u_add/fpnew_add/gen_operation_groups_0__i_opgroup_block/gen_parallel_slices_0__active_format_i_fmt_slice/gen_num_lanes_0__active_lane_lane_instance_i_fma/n1963 (net)                                                      3                   0.00       4.81 r                   
  gemm_unit/u_accumulator_vec/g_lane_30__u_add/fpnew_add/gen_operation_groups_0__i_opgroup_block/gen_parallel_slices_0__active_format_i_fmt_slice/gen_num_lanes_0__active_lane_lane_instance_i_fma/U1276/CON (CGENI_X1M_A9TR)                                                 0.07      0.06 *     4.87 f                   0.90
  gemm_unit/u_accumulator_vec/g_lane_30__u_add/fpnew_add/gen_operation_groups_0__i_opgroup_block/gen_parallel_slices_0__active_format_i_fmt_slice/gen_num_lanes_0__active_lane_lane_instance_i_fma/n2052 (net)                                                      3                   0.00       4.87 f                   
  gemm_unit/u_accumulator_vec/g_lane_30__u_add/fpnew_add/gen_operation_groups_0__i_opgroup_block/gen_parallel_slices_0__active_format_i_fmt_slice/gen_num_lanes_0__active_lane_lane_instance_i_fma/U1277/CON (CGENI_X1M_A9TR)                                                 0.09      0.07 *     4.95 r                   0.90
  gemm_unit/u_accumulator_vec/g_lane_30__u_add/fpnew_add/gen_operation_groups_0__i_opgroup_block/gen_parallel_slices_0__active_format_i_fmt_slice/gen_num_lanes_0__active_lane_lane_instance_i_fma/n2071 (net)                                                      3                   0.00       4.95 r                   
  gemm_unit/u_accumulator_vec/g_lane_30__u_add/fpnew_add/gen_operation_groups_0__i_opgroup_block/gen_parallel_slices_0__active_format_i_fmt_slice/gen_num_lanes_0__active_lane_lane_instance_i_fma/U1278/CON (CGENI_X1M_A9TR)                                                 0.07      0.06 *     5.01 f                   0.90
  gemm_unit/u_accumulator_vec/g_lane_30__u_add/fpnew_add/gen_operation_groups_0__i_opgroup_block/gen_parallel_slices_0__active_format_i_fmt_slice/gen_num_lanes_0__active_lane_lane_instance_i_fma/n2007 (net)                                                      3                   0.00       5.01 f                   
  gemm_unit/u_accumulator_vec/g_lane_30__u_add/fpnew_add/gen_operation_groups_0__i_opgroup_block/gen_parallel_slices_0__active_format_i_fmt_slice/gen_num_lanes_0__active_lane_lane_instance_i_fma/U1279/CON (CGENI_X1M_A9TR)                                                 0.09      0.07 *     5.08 r                   0.90
  gemm_unit/u_accumulator_vec/g_lane_30__u_add/fpnew_add/gen_operation_groups_0__i_opgroup_block/gen_parallel_slices_0__active_format_i_fmt_slice/gen_num_lanes_0__active_lane_lane_instance_i_fma/n2044 (net)                                                      3                   0.00       5.08 r                   
  gemm_unit/u_accumulator_vec/g_lane_30__u_add/fpnew_add/gen_operation_groups_0__i_opgroup_block/gen_parallel_slices_0__active_format_i_fmt_slice/gen_num_lanes_0__active_lane_lane_instance_i_fma/U1280/CON (CGENI_X1M_A9TR)                                                 0.06      0.06 *     5.14 f                   0.90
  gemm_unit/u_accumulator_vec/g_lane_30__u_add/fpnew_add/gen_operation_groups_0__i_opgroup_block/gen_parallel_slices_0__active_format_i_fmt_slice/gen_num_lanes_0__active_lane_lane_instance_i_fma/n1998 (net)                                                      3                   0.00       5.14 f                   
  gemm_unit/u_accumulator_vec/g_lane_30__u_add/fpnew_add/gen_operation_groups_0__i_opgroup_block/gen_parallel_slices_0__active_format_i_fmt_slice/gen_num_lanes_0__active_lane_lane_instance_i_fma/U1281/CON (CGENI_X1M_A9TR)                                                 0.09      0.07 *     5.21 r                   0.90
  gemm_unit/u_accumulator_vec/g_lane_30__u_add/fpnew_add/gen_operation_groups_0__i_opgroup_block/gen_parallel_slices_0__active_format_i_fmt_slice/gen_num_lanes_0__active_lane_lane_instance_i_fma/n2081 (net)                                                      3                   0.00       5.21 r                   
  gemm_unit/u_accumulator_vec/g_lane_30__u_add/fpnew_add/gen_operation_groups_0__i_opgroup_block/gen_parallel_slices_0__active_format_i_fmt_slice/gen_num_lanes_0__active_lane_lane_instance_i_fma/U1282/CON (CGENI_X1M_A9TR)                                                 0.06      0.06 *     5.27 f                   0.90
  gemm_unit/u_accumulator_vec/g_lane_30__u_add/fpnew_add/gen_operation_groups_0__i_opgroup_block/gen_parallel_slices_0__active_format_i_fmt_slice/gen_num_lanes_0__active_lane_lane_instance_i_fma/n2061 (net)                                                      3                   0.00       5.27 f                   
  gemm_unit/u_accumulator_vec/g_lane_30__u_add/fpnew_add/gen_operation_groups_0__i_opgroup_block/gen_parallel_slices_0__active_format_i_fmt_slice/gen_num_lanes_0__active_lane_lane_instance_i_fma/U1283/CON (CGENI_X1M_A9TR)                                                 0.09      0.07 *     5.34 r                   0.90
  gemm_unit/u_accumulator_vec/g_lane_30__u_add/fpnew_add/gen_operation_groups_0__i_opgroup_block/gen_parallel_slices_0__active_format_i_fmt_slice/gen_num_lanes_0__active_lane_lane_instance_i_fma/n1981 (net)                                                      3                   0.00       5.34 r                   
  gemm_unit/u_accumulator_vec/g_lane_30__u_add/fpnew_add/gen_operation_groups_0__i_opgroup_block/gen_parallel_slices_0__active_format_i_fmt_slice/gen_num_lanes_0__active_lane_lane_instance_i_fma/U1284/CON (CGENI_X1M_A9TR)                                                 0.06      0.06 *     5.40 f                   0.90
  gemm_unit/u_accumulator_vec/g_lane_30__u_add/fpnew_add/gen_operation_groups_0__i_opgroup_block/gen_parallel_slices_0__active_format_i_fmt_slice/gen_num_lanes_0__active_lane_lane_instance_i_fma/n1896 (net)                                                      3                   0.00       5.40 f                   
  gemm_unit/u_accumulator_vec/g_lane_30__u_add/fpnew_add/gen_operation_groups_0__i_opgroup_block/gen_parallel_slices_0__active_format_i_fmt_slice/gen_num_lanes_0__active_lane_lane_instance_i_fma/U1285/CON (CGENI_X1M_A9TR)                                                 0.10      0.08 *     5.48 r                   0.90
  gemm_unit/u_accumulator_vec/g_lane_30__u_add/fpnew_add/gen_operation_groups_0__i_opgroup_block/gen_parallel_slices_0__active_format_i_fmt_slice/gen_num_lanes_0__active_lane_lane_instance_i_fma/n1935 (net)                                                      3                   0.00       5.48 r                   
  gemm_unit/u_accumulator_vec/g_lane_30__u_add/fpnew_add/gen_operation_groups_0__i_opgroup_block/gen_parallel_slices_0__active_format_i_fmt_slice/gen_num_lanes_0__active_lane_lane_instance_i_fma/U1287/CON (CGENI_X1M_A9TR)                                                 0.07      0.06 *     5.54 f                   0.90
  gemm_unit/u_accumulator_vec/g_lane_30__u_add/fpnew_add/gen_operation_groups_0__i_opgroup_block/gen_parallel_slices_0__active_format_i_fmt_slice/gen_num_lanes_0__active_lane_lane_instance_i_fma/n2017 (net)                                                      3                   0.00       5.54 f                   
  gemm_unit/u_accumulator_vec/g_lane_30__u_add/fpnew_add/gen_operation_groups_0__i_opgroup_block/gen_parallel_slices_0__active_format_i_fmt_slice/gen_num_lanes_0__active_lane_lane_instance_i_fma/U1288/CON (CGENI_X1M_A9TR)                                                 0.10      0.08 *     5.62 r                   0.90
  gemm_unit/u_accumulator_vec/g_lane_30__u_add/fpnew_add/gen_operation_groups_0__i_opgroup_block/gen_parallel_slices_0__active_format_i_fmt_slice/gen_num_lanes_0__active_lane_lane_instance_i_fma/n2026 (net)                                                      3                   0.00       5.62 r                   
  gemm_unit/u_accumulator_vec/g_lane_30__u_add/fpnew_add/gen_operation_groups_0__i_opgroup_block/gen_parallel_slices_0__active_format_i_fmt_slice/gen_num_lanes_0__active_lane_lane_instance_i_fma/U1289/CON (CGENI_X1M_A9TR)                                                 0.07      0.06 *     5.68 f                   0.90
  gemm_unit/u_accumulator_vec/g_lane_30__u_add/fpnew_add/gen_operation_groups_0__i_opgroup_block/gen_parallel_slices_0__active_format_i_fmt_slice/gen_num_lanes_0__active_lane_lane_instance_i_fma/n1990 (net)                                                      3                   0.00       5.68 f                   
  gemm_unit/u_accumulator_vec/g_lane_30__u_add/fpnew_add/gen_operation_groups_0__i_opgroup_block/gen_parallel_slices_0__active_format_i_fmt_slice/gen_num_lanes_0__active_lane_lane_instance_i_fma/U1290/CON (CGENI_X1M_A9TR)                                                 0.10      0.08 *     5.76 r                   0.90
  gemm_unit/u_accumulator_vec/g_lane_30__u_add/fpnew_add/gen_operation_groups_0__i_opgroup_block/gen_parallel_slices_0__active_format_i_fmt_slice/gen_num_lanes_0__active_lane_lane_instance_i_fma/n1915 (net)                                                      3                   0.00       5.76 r                   
  gemm_unit/u_accumulator_vec/g_lane_30__u_add/fpnew_add/gen_operation_groups_0__i_opgroup_block/gen_parallel_slices_0__active_format_i_fmt_slice/gen_num_lanes_0__active_lane_lane_instance_i_fma/U1292/CON (CGENI_X1M_A9TR)                                                 0.07      0.06 *     5.82 f                   0.90
  gemm_unit/u_accumulator_vec/g_lane_30__u_add/fpnew_add/gen_operation_groups_0__i_opgroup_block/gen_parallel_slices_0__active_format_i_fmt_slice/gen_num_lanes_0__active_lane_lane_instance_i_fma/n2035 (net)                                                      3                   0.00       5.82 f                   
  gemm_unit/u_accumulator_vec/g_lane_30__u_add/fpnew_add/gen_operation_groups_0__i_opgroup_block/gen_parallel_slices_0__active_format_i_fmt_slice/gen_num_lanes_0__active_lane_lane_instance_i_fma/U1293/CON (CGENI_X1M_A9TR)                                                 0.09      0.08 *     5.89 r                   0.90
  gemm_unit/u_accumulator_vec/g_lane_30__u_add/fpnew_add/gen_operation_groups_0__i_opgroup_block/gen_parallel_slices_0__active_format_i_fmt_slice/gen_num_lanes_0__active_lane_lane_instance_i_fma/n1925 (net)                                                      3                   0.00       5.89 r                   
  gemm_unit/u_accumulator_vec/g_lane_30__u_add/fpnew_add/gen_operation_groups_0__i_opgroup_block/gen_parallel_slices_0__active_format_i_fmt_slice/gen_num_lanes_0__active_lane_lane_instance_i_fma/U1295/CON (CGENI_X1M_A9TR)                                                 0.07      0.06 *     5.95 f                   0.90
  gemm_unit/u_accumulator_vec/g_lane_30__u_add/fpnew_add/gen_operation_groups_0__i_opgroup_block/gen_parallel_slices_0__active_format_i_fmt_slice/gen_num_lanes_0__active_lane_lane_instance_i_fma/n1879 (net)                                                      3                   0.00       5.95 f                   
  gemm_unit/u_accumulator_vec/g_lane_30__u_add/fpnew_add/gen_operation_groups_0__i_opgroup_block/gen_parallel_slices_0__active_format_i_fmt_slice/gen_num_lanes_0__active_lane_lane_instance_i_fma/U1296/CON (CGENI_X1M_A9TR)                                                 0.07      0.06 *     6.01 r                   0.90
  gemm_unit/u_accumulator_vec/g_lane_30__u_add/fpnew_add/gen_operation_groups_0__i_opgroup_block/gen_parallel_slices_0__active_format_i_fmt_slice/gen_num_lanes_0__active_lane_lane_instance_i_fma/n1781 (net)                                                      2                   0.00       6.01 r                   
  gemm_unit/u_accumulator_vec/g_lane_30__u_add/fpnew_add/gen_operation_groups_0__i_opgroup_block/gen_parallel_slices_0__active_format_i_fmt_slice/gen_num_lanes_0__active_lane_lane_instance_i_fma/U1298/Y (NOR2_X0P5B_A9TR)                                                  0.07      0.05 *     6.06 f                   0.90
  gemm_unit/u_accumulator_vec/g_lane_30__u_add/fpnew_add/gen_operation_groups_0__i_opgroup_block/gen_parallel_slices_0__active_format_i_fmt_slice/gen_num_lanes_0__active_lane_lane_instance_i_fma/n2579 (net)                                                      3                   0.00       6.06 f                   
  gemm_unit/u_accumulator_vec/g_lane_30__u_add/fpnew_add/gen_operation_groups_0__i_opgroup_block/gen_parallel_slices_0__active_format_i_fmt_slice/gen_num_lanes_0__active_lane_lane_instance_i_fma/U1299/Y (NAND2_X0P5M_A9TR)                                                 0.07      0.07 *     6.12 r                   0.90
  gemm_unit/u_accumulator_vec/g_lane_30__u_add/fpnew_add/gen_operation_groups_0__i_opgroup_block/gen_parallel_slices_0__active_format_i_fmt_slice/gen_num_lanes_0__active_lane_lane_instance_i_fma/n2578 (net)                                                      3                   0.00       6.12 r                   
  gemm_unit/u_accumulator_vec/g_lane_30__u_add/fpnew_add/gen_operation_groups_0__i_opgroup_block/gen_parallel_slices_0__active_format_i_fmt_slice/gen_num_lanes_0__active_lane_lane_instance_i_fma/U1300/Y (NOR2_X0P5B_A9TR)                                                  0.06      0.05 *     6.18 f                   0.90
  gemm_unit/u_accumulator_vec/g_lane_30__u_add/fpnew_add/gen_operation_groups_0__i_opgroup_block/gen_parallel_slices_0__active_format_i_fmt_slice/gen_num_lanes_0__active_lane_lane_instance_i_fma/n1809 (net)                                                      3                   0.00       6.18 f                   
  gemm_unit/u_accumulator_vec/g_lane_30__u_add/fpnew_add/gen_operation_groups_0__i_opgroup_block/gen_parallel_slices_0__active_format_i_fmt_slice/gen_num_lanes_0__active_lane_lane_instance_i_fma/U1301/Y (NAND2_X0P5M_A9TR)                                                 0.09      0.07 *     6.24 r                   0.90
  gemm_unit/u_accumulator_vec/g_lane_30__u_add/fpnew_add/gen_operation_groups_0__i_opgroup_block/gen_parallel_slices_0__active_format_i_fmt_slice/gen_num_lanes_0__active_lane_lane_instance_i_fma/n1788 (net)                                                      3                   0.00       6.24 r                   
  gemm_unit/u_accumulator_vec/g_lane_30__u_add/fpnew_add/gen_operation_groups_0__i_opgroup_block/gen_parallel_slices_0__active_format_i_fmt_slice/gen_num_lanes_0__active_lane_lane_instance_i_fma/U1302/Y (NOR2_X0P5B_A9TR)                                                  0.06      0.06 *     6.30 f                   0.90
  gemm_unit/u_accumulator_vec/g_lane_30__u_add/fpnew_add/gen_operation_groups_0__i_opgroup_block/gen_parallel_slices_0__active_format_i_fmt_slice/gen_num_lanes_0__active_lane_lane_instance_i_fma/n1787 (net)                                                      3                   0.00       6.30 f                   
  gemm_unit/u_accumulator_vec/g_lane_30__u_add/fpnew_add/gen_operation_groups_0__i_opgroup_block/gen_parallel_slices_0__active_format_i_fmt_slice/gen_num_lanes_0__active_lane_lane_instance_i_fma/U1303/Y (NAND2_X0P5M_A9TR)                                                 0.09      0.06 *     6.37 r                   0.90
  gemm_unit/u_accumulator_vec/g_lane_30__u_add/fpnew_add/gen_operation_groups_0__i_opgroup_block/gen_parallel_slices_0__active_format_i_fmt_slice/gen_num_lanes_0__active_lane_lane_instance_i_fma/n1817 (net)                                                      3                   0.00       6.37 r                   
  gemm_unit/u_accumulator_vec/g_lane_30__u_add/fpnew_add/gen_operation_groups_0__i_opgroup_block/gen_parallel_slices_0__active_format_i_fmt_slice/gen_num_lanes_0__active_lane_lane_instance_i_fma/U1304/Y (NOR2_X0P5B_A9TR)                                                  0.06      0.06 *     6.42 f                   0.90
  gemm_unit/u_accumulator_vec/g_lane_30__u_add/fpnew_add/gen_operation_groups_0__i_opgroup_block/gen_parallel_slices_0__active_format_i_fmt_slice/gen_num_lanes_0__active_lane_lane_instance_i_fma/n1816 (net)                                                      3                   0.00       6.42 f                   
  gemm_unit/u_accumulator_vec/g_lane_30__u_add/fpnew_add/gen_operation_groups_0__i_opgroup_block/gen_parallel_slices_0__active_format_i_fmt_slice/gen_num_lanes_0__active_lane_lane_instance_i_fma/U1305/Y (NAND2_X0P5M_A9TR)                                                 0.08      0.06 *     6.49 r                   0.90
  gemm_unit/u_accumulator_vec/g_lane_30__u_add/fpnew_add/gen_operation_groups_0__i_opgroup_block/gen_parallel_slices_0__active_format_i_fmt_slice/gen_num_lanes_0__active_lane_lane_instance_i_fma/n1825 (net)                                                      3                   0.00       6.49 r                   
  gemm_unit/u_accumulator_vec/g_lane_30__u_add/fpnew_add/gen_operation_groups_0__i_opgroup_block/gen_parallel_slices_0__active_format_i_fmt_slice/gen_num_lanes_0__active_lane_lane_instance_i_fma/U1306/Y (NOR2_X0P5B_A9TR)                                                  0.06      0.06 *     6.54 f                   0.90
  gemm_unit/u_accumulator_vec/g_lane_30__u_add/fpnew_add/gen_operation_groups_0__i_opgroup_block/gen_parallel_slices_0__active_format_i_fmt_slice/gen_num_lanes_0__active_lane_lane_instance_i_fma/n1824 (net)                                                      3                   0.00       6.54 f                   
  gemm_unit/u_accumulator_vec/g_lane_30__u_add/fpnew_add/gen_operation_groups_0__i_opgroup_block/gen_parallel_slices_0__active_format_i_fmt_slice/gen_num_lanes_0__active_lane_lane_instance_i_fma/U1307/Y (NAND2_X0P5M_A9TR)                                                 0.08      0.06 *     6.61 r                   0.90
  gemm_unit/u_accumulator_vec/g_lane_30__u_add/fpnew_add/gen_operation_groups_0__i_opgroup_block/gen_parallel_slices_0__active_format_i_fmt_slice/gen_num_lanes_0__active_lane_lane_instance_i_fma/n1865 (net)                                                      3                   0.00       6.61 r                   
  gemm_unit/u_accumulator_vec/g_lane_30__u_add/fpnew_add/gen_operation_groups_0__i_opgroup_block/gen_parallel_slices_0__active_format_i_fmt_slice/gen_num_lanes_0__active_lane_lane_instance_i_fma/U1308/Y (NOR2_X0P5B_A9TR)                                                  0.06      0.06 *     6.66 f                   0.90
  gemm_unit/u_accumulator_vec/g_lane_30__u_add/fpnew_add/gen_operation_groups_0__i_opgroup_block/gen_parallel_slices_0__active_format_i_fmt_slice/gen_num_lanes_0__active_lane_lane_instance_i_fma/n1864 (net)                                                      3                   0.00       6.66 f                   
  gemm_unit/u_accumulator_vec/g_lane_30__u_add/fpnew_add/gen_operation_groups_0__i_opgroup_block/gen_parallel_slices_0__active_format_i_fmt_slice/gen_num_lanes_0__active_lane_lane_instance_i_fma/U1309/Y (NAND2_X0P5M_A9TR)                                                 0.08      0.06 *     6.72 r                   0.90
  gemm_unit/u_accumulator_vec/g_lane_30__u_add/fpnew_add/gen_operation_groups_0__i_opgroup_block/gen_parallel_slices_0__active_format_i_fmt_slice/gen_num_lanes_0__active_lane_lane_instance_i_fma/n1833 (net)                                                      3                   0.00       6.72 r                   
  gemm_unit/u_accumulator_vec/g_lane_30__u_add/fpnew_add/gen_operation_groups_0__i_opgroup_block/gen_parallel_slices_0__active_format_i_fmt_slice/gen_num_lanes_0__active_lane_lane_instance_i_fma/U1310/Y (NOR2_X0P5B_A9TR)                                                  0.06      0.05 *     6.78 f                   0.90
  gemm_unit/u_accumulator_vec/g_lane_30__u_add/fpnew_add/gen_operation_groups_0__i_opgroup_block/gen_parallel_slices_0__active_format_i_fmt_slice/gen_num_lanes_0__active_lane_lane_instance_i_fma/n1832 (net)                                                      3                   0.00       6.78 f                   
  gemm_unit/u_accumulator_vec/g_lane_30__u_add/fpnew_add/gen_operation_groups_0__i_opgroup_block/gen_parallel_slices_0__active_format_i_fmt_slice/gen_num_lanes_0__active_lane_lane_instance_i_fma/U1311/Y (NAND2_X0P5M_A9TR)                                                 0.08      0.06 *     6.84 r                   0.90
  gemm_unit/u_accumulator_vec/g_lane_30__u_add/fpnew_add/gen_operation_groups_0__i_opgroup_block/gen_parallel_slices_0__active_format_i_fmt_slice/gen_num_lanes_0__active_lane_lane_instance_i_fma/n1841 (net)                                                      3                   0.00       6.84 r                   
  gemm_unit/u_accumulator_vec/g_lane_30__u_add/fpnew_add/gen_operation_groups_0__i_opgroup_block/gen_parallel_slices_0__active_format_i_fmt_slice/gen_num_lanes_0__active_lane_lane_instance_i_fma/U1312/Y (NOR2_X0P5B_A9TR)                                                  0.06      0.06 *     6.90 f                   0.90
  gemm_unit/u_accumulator_vec/g_lane_30__u_add/fpnew_add/gen_operation_groups_0__i_opgroup_block/gen_parallel_slices_0__active_format_i_fmt_slice/gen_num_lanes_0__active_lane_lane_instance_i_fma/n1840 (net)                                                      3                   0.00       6.90 f                   
  gemm_unit/u_accumulator_vec/g_lane_30__u_add/fpnew_add/gen_operation_groups_0__i_opgroup_block/gen_parallel_slices_0__active_format_i_fmt_slice/gen_num_lanes_0__active_lane_lane_instance_i_fma/U1313/Y (NAND2_X0P5M_A9TR)                                                 0.08      0.06 *     6.96 r                   0.90
  gemm_unit/u_accumulator_vec/g_lane_30__u_add/fpnew_add/gen_operation_groups_0__i_opgroup_block/gen_parallel_slices_0__active_format_i_fmt_slice/gen_num_lanes_0__active_lane_lane_instance_i_fma/n1857 (net)                                                      3                   0.00       6.96 r                   
  gemm_unit/u_accumulator_vec/g_lane_30__u_add/fpnew_add/gen_operation_groups_0__i_opgroup_block/gen_parallel_slices_0__active_format_i_fmt_slice/gen_num_lanes_0__active_lane_lane_instance_i_fma/U1314/Y (NOR2_X0P5B_A9TR)                                                  0.06      0.06 *     7.01 f                   0.90
  gemm_unit/u_accumulator_vec/g_lane_30__u_add/fpnew_add/gen_operation_groups_0__i_opgroup_block/gen_parallel_slices_0__active_format_i_fmt_slice/gen_num_lanes_0__active_lane_lane_instance_i_fma/n1856 (net)                                                      3                   0.00       7.01 f                   
  gemm_unit/u_accumulator_vec/g_lane_30__u_add/fpnew_add/gen_operation_groups_0__i_opgroup_block/gen_parallel_slices_0__active_format_i_fmt_slice/gen_num_lanes_0__active_lane_lane_instance_i_fma/U1315/Y (NAND2_X0P5M_A9TR)                                                 0.08      0.06 *     7.07 r                   0.90
  gemm_unit/u_accumulator_vec/g_lane_30__u_add/fpnew_add/gen_operation_groups_0__i_opgroup_block/gen_parallel_slices_0__active_format_i_fmt_slice/gen_num_lanes_0__active_lane_lane_instance_i_fma/n1849 (net)                                                      3                   0.00       7.07 r                   
  gemm_unit/u_accumulator_vec/g_lane_30__u_add/fpnew_add/gen_operation_groups_0__i_opgroup_block/gen_parallel_slices_0__active_format_i_fmt_slice/gen_num_lanes_0__active_lane_lane_instance_i_fma/U1316/Y (NOR2_X0P5B_A9TR)                                                  0.06      0.06 *     7.13 f                   0.90
  gemm_unit/u_accumulator_vec/g_lane_30__u_add/fpnew_add/gen_operation_groups_0__i_opgroup_block/gen_parallel_slices_0__active_format_i_fmt_slice/gen_num_lanes_0__active_lane_lane_instance_i_fma/n1848 (net)                                                      3                   0.00       7.13 f                   
  gemm_unit/u_accumulator_vec/g_lane_30__u_add/fpnew_add/gen_operation_groups_0__i_opgroup_block/gen_parallel_slices_0__active_format_i_fmt_slice/gen_num_lanes_0__active_lane_lane_instance_i_fma/U1317/Y (NAND2_X0P5M_A9TR)                                                 0.09      0.06 *     7.19 r                   0.90
  gemm_unit/u_accumulator_vec/g_lane_30__u_add/fpnew_add/gen_operation_groups_0__i_opgroup_block/gen_parallel_slices_0__active_format_i_fmt_slice/gen_num_lanes_0__active_lane_lane_instance_i_fma/n1802 (net)                                                      3                   0.00       7.19 r                   
  gemm_unit/u_accumulator_vec/g_lane_30__u_add/fpnew_add/gen_operation_groups_0__i_opgroup_block/gen_parallel_slices_0__active_format_i_fmt_slice/gen_num_lanes_0__active_lane_lane_instance_i_fma/U1318/Y (NOR2_X0P5B_A9TR)                                                  0.06      0.06 *     7.25 f                   0.90
  gemm_unit/u_accumulator_vec/g_lane_30__u_add/fpnew_add/gen_operation_groups_0__i_opgroup_block/gen_parallel_slices_0__active_format_i_fmt_slice/gen_num_lanes_0__active_lane_lane_instance_i_fma/n1801 (net)                                                      3                   0.00       7.25 f                   
  gemm_unit/u_accumulator_vec/g_lane_30__u_add/fpnew_add/gen_operation_groups_0__i_opgroup_block/gen_parallel_slices_0__active_format_i_fmt_slice/gen_num_lanes_0__active_lane_lane_instance_i_fma/U1319/Y (NAND2_X0P5M_A9TR)                                                 0.09      0.06 *     7.31 r                   0.90
  gemm_unit/u_accumulator_vec/g_lane_30__u_add/fpnew_add/gen_operation_groups_0__i_opgroup_block/gen_parallel_slices_0__active_format_i_fmt_slice/gen_num_lanes_0__active_lane_lane_instance_i_fma/n1795 (net)                                                      3                   0.00       7.31 r                   
  gemm_unit/u_accumulator_vec/g_lane_30__u_add/fpnew_add/gen_operation_groups_0__i_opgroup_block/gen_parallel_slices_0__active_format_i_fmt_slice/gen_num_lanes_0__active_lane_lane_instance_i_fma/U1320/Y (NOR2_X0P5B_A9TR)                                                  0.06      0.06 *     7.37 f                   0.90
  gemm_unit/u_accumulator_vec/g_lane_30__u_add/fpnew_add/gen_operation_groups_0__i_opgroup_block/gen_parallel_slices_0__active_format_i_fmt_slice/gen_num_lanes_0__active_lane_lane_instance_i_fma/n2572 (net)                                                      3                   0.00       7.37 f                   
  gemm_unit/u_accumulator_vec/g_lane_30__u_add/fpnew_add/gen_operation_groups_0__i_opgroup_block/gen_parallel_slices_0__active_format_i_fmt_slice/gen_num_lanes_0__active_lane_lane_instance_i_fma/U1321/Y (NAND2_X0P5M_A9TR)                                                 0.06      0.06 *     7.43 r                   0.90
  gemm_unit/u_accumulator_vec/g_lane_30__u_add/fpnew_add/gen_operation_groups_0__i_opgroup_block/gen_parallel_slices_0__active_format_i_fmt_slice/gen_num_lanes_0__active_lane_lane_instance_i_fma/n2571 (net)                                                      2                   0.00       7.43 r                   
  gemm_unit/u_accumulator_vec/g_lane_30__u_add/fpnew_add/gen_operation_groups_0__i_opgroup_block/gen_parallel_slices_0__active_format_i_fmt_slice/gen_num_lanes_0__active_lane_lane_instance_i_fma/U1322/Y (NOR2_X0P5B_A9TR)                                                  0.04      0.05 *     7.47 f                   0.90
  gemm_unit/u_accumulator_vec/g_lane_30__u_add/fpnew_add/gen_operation_groups_0__i_opgroup_block/gen_parallel_slices_0__active_format_i_fmt_slice/gen_num_lanes_0__active_lane_lane_instance_i_fma/n2483 (net)                                                      2                   0.00       7.47 f                   
  gemm_unit/u_accumulator_vec/g_lane_30__u_add/fpnew_add/gen_operation_groups_0__i_opgroup_block/gen_parallel_slices_0__active_format_i_fmt_slice/gen_num_lanes_0__active_lane_lane_instance_i_fma/U1323/Y (AOI31_X0P7M_A9TR)                                                 0.77      0.46 *     7.94 r                   0.90
  gemm_unit/u_accumulator_vec/g_lane_30__u_add/fpnew_add/gen_operation_groups_0__i_opgroup_block/gen_parallel_slices_0__active_format_i_fmt_slice/gen_num_lanes_0__active_lane_lane_instance_i_fma/n1735 (net)                                                     33                   0.00       7.94 r                   
  gemm_unit/u_accumulator_vec/g_lane_30__u_add/fpnew_add/gen_operation_groups_0__i_opgroup_block/gen_parallel_slices_0__active_format_i_fmt_slice/gen_num_lanes_0__active_lane_lane_instance_i_fma/U960/Y (BUF_X1M_A9TR)                                                      0.19      0.23 *     8.17 r                   0.90
  gemm_unit/u_accumulator_vec/g_lane_30__u_add/fpnew_add/gen_operation_groups_0__i_opgroup_block/gen_parallel_slices_0__active_format_i_fmt_slice/gen_num_lanes_0__active_lane_lane_instance_i_fma/n2687 (net)                                                     20                   0.00       8.17 r                   
  gemm_unit/u_accumulator_vec/g_lane_30__u_add/fpnew_add/gen_operation_groups_0__i_opgroup_block/gen_parallel_slices_0__active_format_i_fmt_slice/gen_num_lanes_0__active_lane_lane_instance_i_fma/U966/Y (INV_X0P7M_A9TR)                                                    0.15      0.15 *     8.32 f                   0.90
  gemm_unit/u_accumulator_vec/g_lane_30__u_add/fpnew_add/gen_operation_groups_0__i_opgroup_block/gen_parallel_slices_0__active_format_i_fmt_slice/gen_num_lanes_0__active_lane_lane_instance_i_fma/n2688 (net)                                                     19                   0.00       8.32 f                   
  gemm_unit/u_accumulator_vec/g_lane_30__u_add/fpnew_add/gen_operation_groups_0__i_opgroup_block/gen_parallel_slices_0__active_format_i_fmt_slice/gen_num_lanes_0__active_lane_lane_instance_i_fma/U1462/Y (AOI221_X0P7M_A9TR)                                                0.10      0.10 *     8.42 r                   0.90
  gemm_unit/u_accumulator_vec/g_lane_30__u_add/fpnew_add/gen_operation_groups_0__i_opgroup_block/gen_parallel_slices_0__active_format_i_fmt_slice/gen_num_lanes_0__active_lane_lane_instance_i_fma/n1951 (net)                                                      1                   0.00       8.42 r                   
  gemm_unit/u_accumulator_vec/g_lane_30__u_add/fpnew_add/gen_operation_groups_0__i_opgroup_block/gen_parallel_slices_0__active_format_i_fmt_slice/gen_num_lanes_0__active_lane_lane_instance_i_fma/U1463/Y (OA21A1OI2_X0P7M_A9TR)                                             0.05      0.04 *     8.46 f                   0.90
  gemm_unit/u_accumulator_vec/g_lane_30__u_add/fpnew_add/gen_operation_groups_0__i_opgroup_block/gen_parallel_slices_0__active_format_i_fmt_slice/gen_num_lanes_0__active_lane_lane_instance_i_fma/n1955 (net)                                                      1                   0.00       8.46 f                   
  gemm_unit/u_accumulator_vec/g_lane_30__u_add/fpnew_add/gen_operation_groups_0__i_opgroup_block/gen_parallel_slices_0__active_format_i_fmt_slice/gen_num_lanes_0__active_lane_lane_instance_i_fma/U1464/Y (XNOR2_X0P5M_A9TR)                                                 0.06      0.06 *     8.52 r                   0.90
  gemm_unit/u_accumulator_vec/g_lane_30__u_add/fpnew_add/gen_operation_groups_0__i_opgroup_block/gen_parallel_slices_0__active_format_i_fmt_slice/gen_num_lanes_0__active_lane_lane_instance_i_fma/sum[30] (net)                                                    1                   0.00       8.52 r                   
  gemm_unit/u_accumulator_vec/g_lane_30__u_add/fpnew_add/gen_operation_groups_0__i_opgroup_block/gen_parallel_slices_0__active_format_i_fmt_slice/gen_num_lanes_0__active_lane_lane_instance_i_fma/mid_pipe_sum_q_reg_1__30_/D (DFFRPQ_X0P5M_A9TR)                            0.06      0.00 *     8.52 r                   0.90
  data arrival time                                                                                                                                                                                                                                                                                8.52                     

  clock CLK (rise edge)                                                                                                                                                                                                                                                                10.00      10.00                     
  clock network delay (ideal)                                                                                                                                                                                                                                                           0.00      10.00                     
  gemm_unit/u_accumulator_vec/g_lane_30__u_add/fpnew_add/gen_operation_groups_0__i_opgroup_block/gen_parallel_slices_0__active_format_i_fmt_slice/gen_num_lanes_0__active_lane_lane_instance_i_fma/mid_pipe_sum_q_reg_1__30_/CK (DFFRPQ_X0P5M_A9TR)                                     0.00      10.00 r                   
  library setup time                                                                                                                                                                                                                                                                   -0.06       9.94                     
  data required time                                                                                                                                                                                                                                                                               9.94                     
  ---------------------------------------------------------------------------------------------------------------------------------------------------------------------------------------------------------------------------------------------------------------------------------------------------------------------------------------
  data required time                                                                                                                                                                                                                                                                               9.94                     
  data arrival time                                                                                                                                                                                                                                                                               -8.52                     
  ---------------------------------------------------------------------------------------------------------------------------------------------------------------------------------------------------------------------------------------------------------------------------------------------------------------------------------------
  slack (MET)                                                                                                                                                                                                                                                                                      1.42                     


  Startpoint: gemm_unit/u_accumulator_vec/g_lane_30__u_add/input_buffer/g_eb1_pipe_buffer/g_register_g_pipe_regs_0__pipe_register/g_shift_register/g_shift_pipe_reg_0__0_
              (rising edge-triggered flip-flop clocked by CLK)
  Endpoint: gemm_unit/u_accumulator_vec/g_lane_30__u_add/fpnew_add/gen_operation_groups_0__i_opgroup_block/gen_parallel_slices_0__active_format_i_fmt_slice/gen_num_lanes_0__active_lane_lane_instance_i_fma/mid_pipe_sum_q_reg_1__28_
            (rising edge-triggered flip-flop clocked by CLK)
  Scenario: mode_norm.OC_rvt_ss_0p900v_125c
  Path Group: CLK
  Path Type: max

Attributes:
    d - dont_touch
    u - dont_use
   mo - map_only
   so - size_only
    i - ideal_net or ideal_network
  inf - infeasible path

  Point                                                                                                                                                                                                                                                           Fanout     Trans      Incr       Path      Attributes     Voltage
  ---------------------------------------------------------------------------------------------------------------------------------------------------------------------------------------------------------------------------------------------------------------------------------------------------------------------------------------
  clock CLK (rise edge)                                                                                                                                                                                                                                                                 0.00       0.00                     
  clock network delay (ideal)                                                                                                                                                                                                                                                           0.00       0.00                     
  gemm_unit/u_accumulator_vec/g_lane_30__u_add/input_buffer/g_eb1_pipe_buffer/g_register_g_pipe_regs_0__pipe_register/g_shift_register/g_shift_pipe_reg_0__0_/CK (DFFQ_X0P5M_A9TR)                                                                                            0.00      0.00       0.00 r    i              0.90
  gemm_unit/u_accumulator_vec/g_lane_30__u_add/input_buffer/g_eb1_pipe_buffer/g_register_g_pipe_regs_0__pipe_register/g_shift_register/g_shift_pipe_reg_0__0_/Q (DFFQ_X0P5M_A9TR)                                                                                             0.06      0.14       0.14 f                   0.90
  gemm_unit/u_accumulator_vec/g_lane_30__u_add/input_buffer/g_eb1_pipe_buffer/g_register_g_pipe_regs_0__pipe_register/g_shift_register/data_out[0] (net)                                                                                                            4                   0.00       0.14 f                   
  gemm_unit/u_accumulator_vec/g_lane_30__u_add/input_buffer/g_eb1_pipe_buffer/g_register_g_pipe_regs_0__pipe_register/g_shift_register/data_out[0] (VX_shift_register_65_1_1_0_1)                                                                                                       0.00       0.14 f                   
  gemm_unit/u_accumulator_vec/g_lane_30__u_add/input_buffer/g_eb1_pipe_buffer/g_register_g_pipe_regs_0__pipe_register/data_out[0] (net)                                                                                                                                                 0.00       0.14 f                   
  gemm_unit/u_accumulator_vec/g_lane_30__u_add/input_buffer/g_eb1_pipe_buffer/g_register_g_pipe_regs_0__pipe_register/data_out[0] (VX_pipe_register_16_1)                                                                                                                               0.00       0.14 f                   
  gemm_unit/u_accumulator_vec/g_lane_30__u_add/input_buffer/g_eb1_pipe_buffer/data_out[0] (net)                                                                                                                                                                                         0.00       0.14 f                   
  gemm_unit/u_accumulator_vec/g_lane_30__u_add/input_buffer/g_eb1_pipe_buffer/data_out[0] (VX_pipe_buffer_48_1)                                                                                                                                                                         0.00       0.14 f                   
  gemm_unit/u_accumulator_vec/g_lane_30__u_add/input_buffer/data_out[0] (net)                                                                                                                                                                                                           0.00       0.14 f                   
  gemm_unit/u_accumulator_vec/g_lane_30__u_add/input_buffer/data_out[0] (VX_elastic_buffer_9_1)                                                                                                                                                                                         0.00       0.14 f                   
  gemm_unit/u_accumulator_vec/g_lane_30__u_add/fpnew_inputs_data[0] (net)                                                                                                                                                                                                               0.00       0.14 f                   
  gemm_unit/u_accumulator_vec/g_lane_30__u_add/fpnew_add/operands_i[32] (fpnew_top_00000010302__logic_Z_1yB__566949_1)                                                                                                                                                                  0.00       0.14 f                   
  gemm_unit/u_accumulator_vec/g_lane_30__u_add/fpnew_add/operands_i[32] (net)                                                                                                                                                                                                           0.00       0.14 f                   
  gemm_unit/u_accumulator_vec/g_lane_30__u_add/fpnew_add/gen_operation_groups_0__i_opgroup_block/operands_i[32] (fpnew_opgroup_block_0_00000020_0_2_10_2_155_3__logic_Z_1yB__00000000_388949_1)                                                                                         0.00       0.14 f                   
  gemm_unit/u_accumulator_vec/g_lane_30__u_add/fpnew_add/gen_operation_groups_0__i_opgroup_block/operands_i[32] (net)                                                                                                                                                                   0.00       0.14 f                   
  gemm_unit/u_accumulator_vec/g_lane_30__u_add/fpnew_add/gen_operation_groups_0__i_opgroup_block/gen_parallel_slices_0__active_format_i_fmt_slice/operands_i[32] (fpnew_opgroup_fmt_slice_0_0_00000020_0_00000001_3__logic_Z_1yB__00000000_1)                                           0.00       0.14 f                   
  gemm_unit/u_accumulator_vec/g_lane_30__u_add/fpnew_add/gen_operation_groups_0__i_opgroup_block/gen_parallel_slices_0__active_format_i_fmt_slice/operands_i[32] (net)                                                                                                                  0.00       0.14 f                   
  gemm_unit/u_accumulator_vec/g_lane_30__u_add/fpnew_add/gen_operation_groups_0__i_opgroup_block/gen_parallel_slices_0__active_format_i_fmt_slice/gen_num_lanes_0__active_lane_lane_instance_i_fma/operands_i[32] (fpnew_fma_0_00000001_3__logic_Z_1yB___logic_Z_1yB__1)                0.00       0.14 f                   
  gemm_unit/u_accumulator_vec/g_lane_30__u_add/fpnew_add/gen_operation_groups_0__i_opgroup_block/gen_parallel_slices_0__active_format_i_fmt_slice/gen_num_lanes_0__active_lane_lane_instance_i_fma/operands_i[32] (net)                                                                 0.00       0.14 f                   
  gemm_unit/u_accumulator_vec/g_lane_30__u_add/fpnew_add/gen_operation_groups_0__i_opgroup_block/gen_parallel_slices_0__active_format_i_fmt_slice/gen_num_lanes_0__active_lane_lane_instance_i_fma/i_class_inputs/operands_i[32] (fpnew_classifier_0_3_1)                               0.00       0.14 f                   
  gemm_unit/u_accumulator_vec/g_lane_30__u_add/fpnew_add/gen_operation_groups_0__i_opgroup_block/gen_parallel_slices_0__active_format_i_fmt_slice/gen_num_lanes_0__active_lane_lane_instance_i_fma/i_class_inputs/operands_i[32] (net)                                                  0.00       0.14 f                   
  gemm_unit/u_accumulator_vec/g_lane_30__u_add/fpnew_add/gen_operation_groups_0__i_opgroup_block/gen_parallel_slices_0__active_format_i_fmt_slice/gen_num_lanes_0__active_lane_lane_instance_i_fma/i_class_inputs/U21/Y (NOR3_X0P7M_A9TR)                                     0.10      0.09 *     0.23 r                   0.90
  gemm_unit/u_accumulator_vec/g_lane_30__u_add/fpnew_add/gen_operation_groups_0__i_opgroup_block/gen_parallel_slices_0__active_format_i_fmt_slice/gen_num_lanes_0__active_lane_lane_instance_i_fma/i_class_inputs/n77 (net)                                         1                   0.00       0.23 r                   
  gemm_unit/u_accumulator_vec/g_lane_30__u_add/fpnew_add/gen_operation_groups_0__i_opgroup_block/gen_parallel_slices_0__active_format_i_fmt_slice/gen_num_lanes_0__active_lane_lane_instance_i_fma/i_class_inputs/U22/Y (NOR4BB_X1M_A9TR)                                     0.06      0.09 *     0.32 r                   0.90
  gemm_unit/u_accumulator_vec/g_lane_30__u_add/fpnew_add/gen_operation_groups_0__i_opgroup_block/gen_parallel_slices_0__active_format_i_fmt_slice/gen_num_lanes_0__active_lane_lane_instance_i_fma/i_class_inputs/n79 (net)                                         1                   0.00       0.32 r                   
  gemm_unit/u_accumulator_vec/g_lane_30__u_add/fpnew_add/gen_operation_groups_0__i_opgroup_block/gen_parallel_slices_0__active_format_i_fmt_slice/gen_num_lanes_0__active_lane_lane_instance_i_fma/i_class_inputs/U23/Y (NOR4BB_X1M_A9TR)                                     0.06      0.08 *     0.40 r                   0.90
  gemm_unit/u_accumulator_vec/g_lane_30__u_add/fpnew_add/gen_operation_groups_0__i_opgroup_block/gen_parallel_slices_0__active_format_i_fmt_slice/gen_num_lanes_0__active_lane_lane_instance_i_fma/i_class_inputs/n81 (net)                                         1                   0.00       0.40 r                   
  gemm_unit/u_accumulator_vec/g_lane_30__u_add/fpnew_add/gen_operation_groups_0__i_opgroup_block/gen_parallel_slices_0__active_format_i_fmt_slice/gen_num_lanes_0__active_lane_lane_instance_i_fma/i_class_inputs/U24/Y (NOR4BB_X1M_A9TR)                                     0.19      0.15 *     0.55 r                   0.90
  gemm_unit/u_accumulator_vec/g_lane_30__u_add/fpnew_add/gen_operation_groups_0__i_opgroup_block/gen_parallel_slices_0__active_format_i_fmt_slice/gen_num_lanes_0__active_lane_lane_instance_i_fma/i_class_inputs/n91 (net)                                         3                   0.00       0.55 r                   
  gemm_unit/u_accumulator_vec/g_lane_30__u_add/fpnew_add/gen_operation_groups_0__i_opgroup_block/gen_parallel_slices_0__active_format_i_fmt_slice/gen_num_lanes_0__active_lane_lane_instance_i_fma/i_class_inputs/U34/Y (NOR2_X0P5B_A9TR)                                     0.08      0.10 *     0.65 f                   0.90
  gemm_unit/u_accumulator_vec/g_lane_30__u_add/fpnew_add/gen_operation_groups_0__i_opgroup_block/gen_parallel_slices_0__active_format_i_fmt_slice/gen_num_lanes_0__active_lane_lane_instance_i_fma/i_class_inputs/info_o[14] (net)                                  4                   0.00       0.65 f                   
  gemm_unit/u_accumulator_vec/g_lane_30__u_add/fpnew_add/gen_operation_groups_0__i_opgroup_block/gen_parallel_slices_0__active_format_i_fmt_slice/gen_num_lanes_0__active_lane_lane_instance_i_fma/i_class_inputs/info_o[14] (fpnew_classifier_0_3_1)                                   0.00       0.65 f                   
  gemm_unit/u_accumulator_vec/g_lane_30__u_add/fpnew_add/gen_operation_groups_0__i_opgroup_block/gen_parallel_slices_0__active_format_i_fmt_slice/gen_num_lanes_0__active_lane_lane_instance_i_fma/info_q[3] (net)                                                                      0.00       0.65 f                   
  gemm_unit/u_accumulator_vec/g_lane_30__u_add/fpnew_add/gen_operation_groups_0__i_opgroup_block/gen_parallel_slices_0__active_format_i_fmt_slice/gen_num_lanes_0__active_lane_lane_instance_i_fma/U1563/Y (AND2_X0P7M_A9TR)                                                  0.02      0.07 *     0.72 f                   0.90
  gemm_unit/u_accumulator_vec/g_lane_30__u_add/fpnew_add/gen_operation_groups_0__i_opgroup_block/gen_parallel_slices_0__active_format_i_fmt_slice/gen_num_lanes_0__active_lane_lane_instance_i_fma/n2115 (net)                                                      1                   0.00       0.72 f                   
  gemm_unit/u_accumulator_vec/g_lane_30__u_add/fpnew_add/gen_operation_groups_0__i_opgroup_block/gen_parallel_slices_0__active_format_i_fmt_slice/gen_num_lanes_0__active_lane_lane_instance_i_fma/U1564/Y (OA21A1OI2_X0P7M_A9TR)                                             0.13      0.10 *     0.82 r                   0.90
  gemm_unit/u_accumulator_vec/g_lane_30__u_add/fpnew_add/gen_operation_groups_0__i_opgroup_block/gen_parallel_slices_0__active_format_i_fmt_slice/gen_num_lanes_0__active_lane_lane_instance_i_fma/n2612 (net)                                                      2                   0.00       0.82 r                   
  gemm_unit/u_accumulator_vec/g_lane_30__u_add/fpnew_add/gen_operation_groups_0__i_opgroup_block/gen_parallel_slices_0__active_format_i_fmt_slice/gen_num_lanes_0__active_lane_lane_instance_i_fma/U1887/Y (INV_X0P7M_A9TR)                                                   0.06      0.06 *     0.88 f                   0.90
  gemm_unit/u_accumulator_vec/g_lane_30__u_add/fpnew_add/gen_operation_groups_0__i_opgroup_block/gen_parallel_slices_0__active_format_i_fmt_slice/gen_num_lanes_0__active_lane_lane_instance_i_fma/exponent_product[1] (net)                                        2                   0.00       0.88 f                   
  gemm_unit/u_accumulator_vec/g_lane_30__u_add/fpnew_add/gen_operation_groups_0__i_opgroup_block/gen_parallel_slices_0__active_format_i_fmt_slice/gen_num_lanes_0__active_lane_lane_instance_i_fma/intadd_2865_U8/CO (ADDF_X1M_A9TR)                                          0.03      0.10 *     0.99 f    mo             0.90
  gemm_unit/u_accumulator_vec/g_lane_30__u_add/fpnew_add/gen_operation_groups_0__i_opgroup_block/gen_parallel_slices_0__active_format_i_fmt_slice/gen_num_lanes_0__active_lane_lane_instance_i_fma/intadd_2865_n7 (net)                                             1                   0.00       0.99 f                   
  gemm_unit/u_accumulator_vec/g_lane_30__u_add/fpnew_add/gen_operation_groups_0__i_opgroup_block/gen_parallel_slices_0__active_format_i_fmt_slice/gen_num_lanes_0__active_lane_lane_instance_i_fma/intadd_2865_U7/CO (ADDF_X1M_A9TR)                                          0.03      0.08 *     1.07 f    mo             0.90
  gemm_unit/u_accumulator_vec/g_lane_30__u_add/fpnew_add/gen_operation_groups_0__i_opgroup_block/gen_parallel_slices_0__active_format_i_fmt_slice/gen_num_lanes_0__active_lane_lane_instance_i_fma/intadd_2865_n6 (net)                                             1                   0.00       1.07 f                   
  gemm_unit/u_accumulator_vec/g_lane_30__u_add/fpnew_add/gen_operation_groups_0__i_opgroup_block/gen_parallel_slices_0__active_format_i_fmt_slice/gen_num_lanes_0__active_lane_lane_instance_i_fma/intadd_2865_U6/CO (ADDF_X1M_A9TR)                                          0.03      0.08 *     1.15 f    mo             0.90
  gemm_unit/u_accumulator_vec/g_lane_30__u_add/fpnew_add/gen_operation_groups_0__i_opgroup_block/gen_parallel_slices_0__active_format_i_fmt_slice/gen_num_lanes_0__active_lane_lane_instance_i_fma/intadd_2865_n5 (net)                                             1                   0.00       1.15 f                   
  gemm_unit/u_accumulator_vec/g_lane_30__u_add/fpnew_add/gen_operation_groups_0__i_opgroup_block/gen_parallel_slices_0__active_format_i_fmt_slice/gen_num_lanes_0__active_lane_lane_instance_i_fma/intadd_2865_U5/CO (ADDF_X1M_A9TR)                                          0.03      0.08 *     1.24 f    mo             0.90
  gemm_unit/u_accumulator_vec/g_lane_30__u_add/fpnew_add/gen_operation_groups_0__i_opgroup_block/gen_parallel_slices_0__active_format_i_fmt_slice/gen_num_lanes_0__active_lane_lane_instance_i_fma/intadd_2865_n4 (net)                                             1                   0.00       1.24 f                   
  gemm_unit/u_accumulator_vec/g_lane_30__u_add/fpnew_add/gen_operation_groups_0__i_opgroup_block/gen_parallel_slices_0__active_format_i_fmt_slice/gen_num_lanes_0__active_lane_lane_instance_i_fma/intadd_2865_U4/CO (ADDF_X1M_A9TR)                                          0.03      0.08 *     1.32 f    mo             0.90
  gemm_unit/u_accumulator_vec/g_lane_30__u_add/fpnew_add/gen_operation_groups_0__i_opgroup_block/gen_parallel_slices_0__active_format_i_fmt_slice/gen_num_lanes_0__active_lane_lane_instance_i_fma/intadd_2865_n3 (net)                                             1                   0.00       1.32 f                   
  gemm_unit/u_accumulator_vec/g_lane_30__u_add/fpnew_add/gen_operation_groups_0__i_opgroup_block/gen_parallel_slices_0__active_format_i_fmt_slice/gen_num_lanes_0__active_lane_lane_instance_i_fma/intadd_2865_U3/CO (ADDF_X1M_A9TR)                                          0.03      0.08 *     1.40 f    mo             0.90
  gemm_unit/u_accumulator_vec/g_lane_30__u_add/fpnew_add/gen_operation_groups_0__i_opgroup_block/gen_parallel_slices_0__active_format_i_fmt_slice/gen_num_lanes_0__active_lane_lane_instance_i_fma/intadd_2865_n2 (net)                                             1                   0.00       1.40 f                   
  gemm_unit/u_accumulator_vec/g_lane_30__u_add/fpnew_add/gen_operation_groups_0__i_opgroup_block/gen_parallel_slices_0__active_format_i_fmt_slice/gen_num_lanes_0__active_lane_lane_instance_i_fma/intadd_2865_U2/CO (ADDF_X1M_A9TR)                                          0.03      0.08 *     1.48 f    mo             0.90
  gemm_unit/u_accumulator_vec/g_lane_30__u_add/fpnew_add/gen_operation_groups_0__i_opgroup_block/gen_parallel_slices_0__active_format_i_fmt_slice/gen_num_lanes_0__active_lane_lane_instance_i_fma/intadd_2865_n1 (net)                                             2                   0.00       1.48 f                   
  gemm_unit/u_accumulator_vec/g_lane_30__u_add/fpnew_add/gen_operation_groups_0__i_opgroup_block/gen_parallel_slices_0__active_format_i_fmt_slice/gen_num_lanes_0__active_lane_lane_instance_i_fma/U19/Y (NOR2_X0P5B_A9TR)                                                    0.05      0.04 *     1.52 r                   0.90
  gemm_unit/u_accumulator_vec/g_lane_30__u_add/fpnew_add/gen_operation_groups_0__i_opgroup_block/gen_parallel_slices_0__active_format_i_fmt_slice/gen_num_lanes_0__active_lane_lane_instance_i_fma/n945 (net)                                                       2                   0.00       1.52 r                   
  gemm_unit/u_accumulator_vec/g_lane_30__u_add/fpnew_add/gen_operation_groups_0__i_opgroup_block/gen_parallel_slices_0__active_format_i_fmt_slice/gen_num_lanes_0__active_lane_lane_instance_i_fma/U34/Y (NAND3BB_X1M_A9TR)                                                   0.16      0.13 *     1.65 r                   0.90
  gemm_unit/u_accumulator_vec/g_lane_30__u_add/fpnew_add/gen_operation_groups_0__i_opgroup_block/gen_parallel_slices_0__active_format_i_fmt_slice/gen_num_lanes_0__active_lane_lane_instance_i_fma/n2117 (net)                                                     14                   0.00       1.65 r                   
  gemm_unit/u_accumulator_vec/g_lane_30__u_add/fpnew_add/gen_operation_groups_0__i_opgroup_block/gen_parallel_slices_0__active_format_i_fmt_slice/gen_num_lanes_0__active_lane_lane_instance_i_fma/U133/Y (INV_X0P7M_A9TR)                                                    0.08      0.09 *     1.74 f                   0.90
  gemm_unit/u_accumulator_vec/g_lane_30__u_add/fpnew_add/gen_operation_groups_0__i_opgroup_block/gen_parallel_slices_0__active_format_i_fmt_slice/gen_num_lanes_0__active_lane_lane_instance_i_fma/n2631 (net)                                                      7                   0.00       1.74 f                   
  gemm_unit/u_accumulator_vec/g_lane_30__u_add/fpnew_add/gen_operation_groups_0__i_opgroup_block/gen_parallel_slices_0__active_format_i_fmt_slice/gen_num_lanes_0__active_lane_lane_instance_i_fma/U44/Y (NAND2_X0P5M_A9TR)                                                   0.07      0.07 *     1.81 r                   0.90
  gemm_unit/u_accumulator_vec/g_lane_30__u_add/fpnew_add/gen_operation_groups_0__i_opgroup_block/gen_parallel_slices_0__active_format_i_fmt_slice/gen_num_lanes_0__active_lane_lane_instance_i_fma/n1182 (net)                                                      3                   0.00       1.81 r                   
  gemm_unit/u_accumulator_vec/g_lane_30__u_add/fpnew_add/gen_operation_groups_0__i_opgroup_block/gen_parallel_slices_0__active_format_i_fmt_slice/gen_num_lanes_0__active_lane_lane_instance_i_fma/U49/Y (NAND2_X0P5M_A9TR)                                                   0.07      0.07 *     1.88 f                   0.90
  gemm_unit/u_accumulator_vec/g_lane_30__u_add/fpnew_add/gen_operation_groups_0__i_opgroup_block/gen_parallel_slices_0__active_format_i_fmt_slice/gen_num_lanes_0__active_lane_lane_instance_i_fma/n1491 (net)                                                      4                   0.00       1.88 f                   
  gemm_unit/u_accumulator_vec/g_lane_30__u_add/fpnew_add/gen_operation_groups_0__i_opgroup_block/gen_parallel_slices_0__active_format_i_fmt_slice/gen_num_lanes_0__active_lane_lane_instance_i_fma/U819/Y (NOR2_X1M_A9TR)                                                     0.16      0.12 *     1.99 r                   0.90
  gemm_unit/u_accumulator_vec/g_lane_30__u_add/fpnew_add/gen_operation_groups_0__i_opgroup_block/gen_parallel_slices_0__active_format_i_fmt_slice/gen_num_lanes_0__active_lane_lane_instance_i_fma/addend_shamt[0] (net)                                            9                   0.00       1.99 r                   
  gemm_unit/u_accumulator_vec/g_lane_30__u_add/fpnew_add/gen_operation_groups_0__i_opgroup_block/gen_parallel_slices_0__active_format_i_fmt_slice/gen_num_lanes_0__active_lane_lane_instance_i_fma/U166/Y (INV_X0P7M_A9TR)                                                    0.08      0.09 *     2.08 f                   0.90
  gemm_unit/u_accumulator_vec/g_lane_30__u_add/fpnew_add/gen_operation_groups_0__i_opgroup_block/gen_parallel_slices_0__active_format_i_fmt_slice/gen_num_lanes_0__active_lane_lane_instance_i_fma/n2643 (net)                                                      8                   0.00       2.08 f                   
  gemm_unit/u_accumulator_vec/g_lane_30__u_add/fpnew_add/gen_operation_groups_0__i_opgroup_block/gen_parallel_slices_0__active_format_i_fmt_slice/gen_num_lanes_0__active_lane_lane_instance_i_fma/U833/Y (NOR2_X1M_A9TR)                                                     0.29      0.20 *     2.28 r                   0.90
  gemm_unit/u_accumulator_vec/g_lane_30__u_add/fpnew_add/gen_operation_groups_0__i_opgroup_block/gen_parallel_slices_0__active_format_i_fmt_slice/gen_num_lanes_0__active_lane_lane_instance_i_fma/n1554 (net)                                                     20                   0.00       2.28 r                   
  gemm_unit/u_accumulator_vec/g_lane_30__u_add/fpnew_add/gen_operation_groups_0__i_opgroup_block/gen_parallel_slices_0__active_format_i_fmt_slice/gen_num_lanes_0__active_lane_lane_instance_i_fma/U892/Y (AOI222_X0P7M_A9TR)                                                 0.15      0.15 *     2.43 f                   0.90
  gemm_unit/u_accumulator_vec/g_lane_30__u_add/fpnew_add/gen_operation_groups_0__i_opgroup_block/gen_parallel_slices_0__active_format_i_fmt_slice/gen_num_lanes_0__active_lane_lane_instance_i_fma/n1532 (net)                                                      2                   0.00       2.43 f                   
  gemm_unit/u_accumulator_vec/g_lane_30__u_add/fpnew_add/gen_operation_groups_0__i_opgroup_block/gen_parallel_slices_0__active_format_i_fmt_slice/gen_num_lanes_0__active_lane_lane_instance_i_fma/U895/Y (AOI22_X0P5M_A9TR)                                                  0.20      0.18 *     2.61 r                   0.90
  gemm_unit/u_accumulator_vec/g_lane_30__u_add/fpnew_add/gen_operation_groups_0__i_opgroup_block/gen_parallel_slices_0__active_format_i_fmt_slice/gen_num_lanes_0__active_lane_lane_instance_i_fma/n1699 (net)                                                      5                   0.00       2.61 r                   
  gemm_unit/u_accumulator_vec/g_lane_30__u_add/fpnew_add/gen_operation_groups_0__i_opgroup_block/gen_parallel_slices_0__active_format_i_fmt_slice/gen_num_lanes_0__active_lane_lane_instance_i_fma/U896/Y (OAI22_X0P7M_A9TR)                                                  0.12      0.12 *     2.73 f                   0.90
  gemm_unit/u_accumulator_vec/g_lane_30__u_add/fpnew_add/gen_operation_groups_0__i_opgroup_block/gen_parallel_slices_0__active_format_i_fmt_slice/gen_num_lanes_0__active_lane_lane_instance_i_fma/n1660 (net)                                                      4                   0.00       2.73 f                   
  gemm_unit/u_accumulator_vec/g_lane_30__u_add/fpnew_add/gen_operation_groups_0__i_opgroup_block/gen_parallel_slices_0__active_format_i_fmt_slice/gen_num_lanes_0__active_lane_lane_instance_i_fma/U911/Y (AOI22_X0P5M_A9TR)                                                  0.12      0.11 *     2.83 r                   0.90
  gemm_unit/u_accumulator_vec/g_lane_30__u_add/fpnew_add/gen_operation_groups_0__i_opgroup_block/gen_parallel_slices_0__active_format_i_fmt_slice/gen_num_lanes_0__active_lane_lane_instance_i_fma/n1711 (net)                                                      2                   0.00       2.83 r                   
  gemm_unit/u_accumulator_vec/g_lane_30__u_add/fpnew_add/gen_operation_groups_0__i_opgroup_block/gen_parallel_slices_0__active_format_i_fmt_slice/gen_num_lanes_0__active_lane_lane_instance_i_fma/U912/Y (NAND2_X0P5M_A9TR)                                                  0.07      0.06 *     2.89 f                   0.90
  gemm_unit/u_accumulator_vec/g_lane_30__u_add/fpnew_add/gen_operation_groups_0__i_opgroup_block/gen_parallel_slices_0__active_format_i_fmt_slice/gen_num_lanes_0__active_lane_lane_instance_i_fma/n1655 (net)                                                      2                   0.00       2.89 f                   
  gemm_unit/u_accumulator_vec/g_lane_30__u_add/fpnew_add/gen_operation_groups_0__i_opgroup_block/gen_parallel_slices_0__active_format_i_fmt_slice/gen_num_lanes_0__active_lane_lane_instance_i_fma/U922/Y (AND4_X0P7M_A9TR)                                                   0.03      0.08 *     2.97 f                   0.90
  gemm_unit/u_accumulator_vec/g_lane_30__u_add/fpnew_add/gen_operation_groups_0__i_opgroup_block/gen_parallel_slices_0__active_format_i_fmt_slice/gen_num_lanes_0__active_lane_lane_instance_i_fma/n1579 (net)                                                      1                   0.00       2.97 f                   
  gemm_unit/u_accumulator_vec/g_lane_30__u_add/fpnew_add/gen_operation_groups_0__i_opgroup_block/gen_parallel_slices_0__active_format_i_fmt_slice/gen_num_lanes_0__active_lane_lane_instance_i_fma/U988/Y (NOR4BB_X0P7M_A9TR)                                                 0.06      0.06 *     3.04 f                   0.90
  gemm_unit/u_accumulator_vec/g_lane_30__u_add/fpnew_add/gen_operation_groups_0__i_opgroup_block/gen_parallel_slices_0__active_format_i_fmt_slice/gen_num_lanes_0__active_lane_lane_instance_i_fma/n1613 (net)                                                      1                   0.00       3.04 f                   
  gemm_unit/u_accumulator_vec/g_lane_30__u_add/fpnew_add/gen_operation_groups_0__i_opgroup_block/gen_parallel_slices_0__active_format_i_fmt_slice/gen_num_lanes_0__active_lane_lane_instance_i_fma/U1016/Y (NOR4BB_X0P7M_A9TR)                                                0.05      0.07 *     3.11 f                   0.90
  gemm_unit/u_accumulator_vec/g_lane_30__u_add/fpnew_add/gen_operation_groups_0__i_opgroup_block/gen_parallel_slices_0__active_format_i_fmt_slice/gen_num_lanes_0__active_lane_lane_instance_i_fma/n1625 (net)                                                      1                   0.00       3.11 f                   
  gemm_unit/u_accumulator_vec/g_lane_30__u_add/fpnew_add/gen_operation_groups_0__i_opgroup_block/gen_parallel_slices_0__active_format_i_fmt_slice/gen_num_lanes_0__active_lane_lane_instance_i_fma/U1027/Y (OAI22_X0P5M_A9TR)                                                 0.15      0.11 *     3.22 r                   0.90
  gemm_unit/u_accumulator_vec/g_lane_30__u_add/fpnew_add/gen_operation_groups_0__i_opgroup_block/gen_parallel_slices_0__active_format_i_fmt_slice/gen_num_lanes_0__active_lane_lane_instance_i_fma/mid_pipe_sticky_q[0] (net)                                       3                   0.00       3.22 r                   
  gemm_unit/u_accumulator_vec/g_lane_30__u_add/fpnew_add/gen_operation_groups_0__i_opgroup_block/gen_parallel_slices_0__active_format_i_fmt_slice/gen_num_lanes_0__active_lane_lane_instance_i_fma/U1221/Y (NOR3_X1M_A9TR)                                                    0.10      0.10 *     3.31 f                   0.90
  gemm_unit/u_accumulator_vec/g_lane_30__u_add/fpnew_add/gen_operation_groups_0__i_opgroup_block/gen_parallel_slices_0__active_format_i_fmt_slice/gen_num_lanes_0__active_lane_lane_instance_i_fma/n2566 (net)                                                      3                   0.00       3.31 f                   
  gemm_unit/u_accumulator_vec/g_lane_30__u_add/fpnew_add/gen_operation_groups_0__i_opgroup_block/gen_parallel_slices_0__active_format_i_fmt_slice/gen_num_lanes_0__active_lane_lane_instance_i_fma/U1226/Y (NAND3_X0P7M_A9TR)                                                 0.11      0.10 *     3.41 r                   0.90
  gemm_unit/u_accumulator_vec/g_lane_30__u_add/fpnew_add/gen_operation_groups_0__i_opgroup_block/gen_parallel_slices_0__active_format_i_fmt_slice/gen_num_lanes_0__active_lane_lane_instance_i_fma/n2563 (net)                                                      5                   0.00       3.41 r                   
  gemm_unit/u_accumulator_vec/g_lane_30__u_add/fpnew_add/gen_operation_groups_0__i_opgroup_block/gen_parallel_slices_0__active_format_i_fmt_slice/gen_num_lanes_0__active_lane_lane_instance_i_fma/U1227/Y (NOR3_X1M_A9TR)                                                    0.07      0.08 *     3.50 f                   0.90
  gemm_unit/u_accumulator_vec/g_lane_30__u_add/fpnew_add/gen_operation_groups_0__i_opgroup_block/gen_parallel_slices_0__active_format_i_fmt_slice/gen_num_lanes_0__active_lane_lane_instance_i_fma/n2560 (net)                                                      3                   0.00       3.50 f                   
  gemm_unit/u_accumulator_vec/g_lane_30__u_add/fpnew_add/gen_operation_groups_0__i_opgroup_block/gen_parallel_slices_0__active_format_i_fmt_slice/gen_num_lanes_0__active_lane_lane_instance_i_fma/U1232/Y (NAND3_X0P7M_A9TR)                                                 0.12      0.09 *     3.58 r                   0.90
  gemm_unit/u_accumulator_vec/g_lane_30__u_add/fpnew_add/gen_operation_groups_0__i_opgroup_block/gen_parallel_slices_0__active_format_i_fmt_slice/gen_num_lanes_0__active_lane_lane_instance_i_fma/n2557 (net)                                                      5                   0.00       3.58 r                   
  gemm_unit/u_accumulator_vec/g_lane_30__u_add/fpnew_add/gen_operation_groups_0__i_opgroup_block/gen_parallel_slices_0__active_format_i_fmt_slice/gen_num_lanes_0__active_lane_lane_instance_i_fma/U1233/Y (NOR3_X1M_A9TR)                                                    0.08      0.08 *     3.67 f                   0.90
  gemm_unit/u_accumulator_vec/g_lane_30__u_add/fpnew_add/gen_operation_groups_0__i_opgroup_block/gen_parallel_slices_0__active_format_i_fmt_slice/gen_num_lanes_0__active_lane_lane_instance_i_fma/n2523 (net)                                                      3                   0.00       3.67 f                   
  gemm_unit/u_accumulator_vec/g_lane_30__u_add/fpnew_add/gen_operation_groups_0__i_opgroup_block/gen_parallel_slices_0__active_format_i_fmt_slice/gen_num_lanes_0__active_lane_lane_instance_i_fma/U1238/Y (NAND3_X0P7M_A9TR)                                                 0.12      0.09 *     3.76 r                   0.90
  gemm_unit/u_accumulator_vec/g_lane_30__u_add/fpnew_add/gen_operation_groups_0__i_opgroup_block/gen_parallel_slices_0__active_format_i_fmt_slice/gen_num_lanes_0__active_lane_lane_instance_i_fma/n2536 (net)                                                      5                   0.00       3.76 r                   
  gemm_unit/u_accumulator_vec/g_lane_30__u_add/fpnew_add/gen_operation_groups_0__i_opgroup_block/gen_parallel_slices_0__active_format_i_fmt_slice/gen_num_lanes_0__active_lane_lane_instance_i_fma/U1241/Y (NOR3_X1M_A9TR)                                                    0.07      0.08 *     3.85 f                   0.90
  gemm_unit/u_accumulator_vec/g_lane_30__u_add/fpnew_add/gen_operation_groups_0__i_opgroup_block/gen_parallel_slices_0__active_format_i_fmt_slice/gen_num_lanes_0__active_lane_lane_instance_i_fma/n2595 (net)                                                      4                   0.00       3.85 f                   
  gemm_unit/u_accumulator_vec/g_lane_30__u_add/fpnew_add/gen_operation_groups_0__i_opgroup_block/gen_parallel_slices_0__active_format_i_fmt_slice/gen_num_lanes_0__active_lane_lane_instance_i_fma/U1247/Y (NAND3_X0P7A_A9TR)                                                 0.10      0.08 *     3.93 r                   0.90
  gemm_unit/u_accumulator_vec/g_lane_30__u_add/fpnew_add/gen_operation_groups_0__i_opgroup_block/gen_parallel_slices_0__active_format_i_fmt_slice/gen_num_lanes_0__active_lane_lane_instance_i_fma/n2605 (net)                                                      5                   0.00       3.93 r                   
  gemm_unit/u_accumulator_vec/g_lane_30__u_add/fpnew_add/gen_operation_groups_0__i_opgroup_block/gen_parallel_slices_0__active_format_i_fmt_slice/gen_num_lanes_0__active_lane_lane_instance_i_fma/U1252/Y (NOR3_X1M_A9TR)                                                    0.07      0.07 *     4.00 f                   0.90
  gemm_unit/u_accumulator_vec/g_lane_30__u_add/fpnew_add/gen_operation_groups_0__i_opgroup_block/gen_parallel_slices_0__active_format_i_fmt_slice/gen_num_lanes_0__active_lane_lane_instance_i_fma/n2602 (net)                                                      4                   0.00       4.00 f                   
  gemm_unit/u_accumulator_vec/g_lane_30__u_add/fpnew_add/gen_operation_groups_0__i_opgroup_block/gen_parallel_slices_0__active_format_i_fmt_slice/gen_num_lanes_0__active_lane_lane_instance_i_fma/U1257/Y (NAND3_X0P7M_A9TR)                                                 0.14      0.10 *     4.10 r                   0.90
  gemm_unit/u_accumulator_vec/g_lane_30__u_add/fpnew_add/gen_operation_groups_0__i_opgroup_block/gen_parallel_slices_0__active_format_i_fmt_slice/gen_num_lanes_0__active_lane_lane_instance_i_fma/n2541 (net)                                                      5                   0.00       4.10 r                   
  gemm_unit/u_accumulator_vec/g_lane_30__u_add/fpnew_add/gen_operation_groups_0__i_opgroup_block/gen_parallel_slices_0__active_format_i_fmt_slice/gen_num_lanes_0__active_lane_lane_instance_i_fma/U1262/Y (NOR3_X1M_A9TR)                                                    0.07      0.09 *     4.19 f                   0.90
  gemm_unit/u_accumulator_vec/g_lane_30__u_add/fpnew_add/gen_operation_groups_0__i_opgroup_block/gen_parallel_slices_0__active_format_i_fmt_slice/gen_num_lanes_0__active_lane_lane_instance_i_fma/n2553 (net)                                                      3                   0.00       4.19 f                   
  gemm_unit/u_accumulator_vec/g_lane_30__u_add/fpnew_add/gen_operation_groups_0__i_opgroup_block/gen_parallel_slices_0__active_format_i_fmt_slice/gen_num_lanes_0__active_lane_lane_instance_i_fma/U1267/Y (NAND3_X0P7M_A9TR)                                                 0.11      0.08 *     4.27 r                   0.90
  gemm_unit/u_accumulator_vec/g_lane_30__u_add/fpnew_add/gen_operation_groups_0__i_opgroup_block/gen_parallel_slices_0__active_format_i_fmt_slice/gen_num_lanes_0__active_lane_lane_instance_i_fma/n2550 (net)                                                      4                   0.00       4.27 r                   
  gemm_unit/u_accumulator_vec/g_lane_30__u_add/fpnew_add/gen_operation_groups_0__i_opgroup_block/gen_parallel_slices_0__active_format_i_fmt_slice/gen_num_lanes_0__active_lane_lane_instance_i_fma/U1268/Y (NOR3_X1M_A9TR)                                                    0.08      0.09 *     4.36 f                   0.90
  gemm_unit/u_accumulator_vec/g_lane_30__u_add/fpnew_add/gen_operation_groups_0__i_opgroup_block/gen_parallel_slices_0__active_format_i_fmt_slice/gen_num_lanes_0__active_lane_lane_instance_i_fma/n2586 (net)                                                      2                   0.00       4.36 f                   
  gemm_unit/u_accumulator_vec/g_lane_30__u_add/fpnew_add/gen_operation_groups_0__i_opgroup_block/gen_parallel_slices_0__active_format_i_fmt_slice/gen_num_lanes_0__active_lane_lane_instance_i_fma/U1875/CO (ADDF_X1M_A9TR)                                                   0.04      0.11 *     4.47 f                   0.90
  gemm_unit/u_accumulator_vec/g_lane_30__u_add/fpnew_add/gen_operation_groups_0__i_opgroup_block/gen_parallel_slices_0__active_format_i_fmt_slice/gen_num_lanes_0__active_lane_lane_instance_i_fma/n1971 (net)                                                      3                   0.00       4.47 f                   
  gemm_unit/u_accumulator_vec/g_lane_30__u_add/fpnew_add/gen_operation_groups_0__i_opgroup_block/gen_parallel_slices_0__active_format_i_fmt_slice/gen_num_lanes_0__active_lane_lane_instance_i_fma/U1271/CON (CGENI_X1M_A9TR)                                                 0.10      0.07 *     4.54 r                   0.90
  gemm_unit/u_accumulator_vec/g_lane_30__u_add/fpnew_add/gen_operation_groups_0__i_opgroup_block/gen_parallel_slices_0__active_format_i_fmt_slice/gen_num_lanes_0__active_lane_lane_instance_i_fma/n1906 (net)                                                      3                   0.00       4.54 r                   
  gemm_unit/u_accumulator_vec/g_lane_30__u_add/fpnew_add/gen_operation_groups_0__i_opgroup_block/gen_parallel_slices_0__active_format_i_fmt_slice/gen_num_lanes_0__active_lane_lane_instance_i_fma/U1272/CON (CGENI_X1M_A9TR)                                                 0.07      0.06 *     4.60 f                   0.90
  gemm_unit/u_accumulator_vec/g_lane_30__u_add/fpnew_add/gen_operation_groups_0__i_opgroup_block/gen_parallel_slices_0__active_format_i_fmt_slice/gen_num_lanes_0__active_lane_lane_instance_i_fma/n1944 (net)                                                      3                   0.00       4.60 f                   
  gemm_unit/u_accumulator_vec/g_lane_30__u_add/fpnew_add/gen_operation_groups_0__i_opgroup_block/gen_parallel_slices_0__active_format_i_fmt_slice/gen_num_lanes_0__active_lane_lane_instance_i_fma/U1273/CON (CGENI_X1M_A9TR)                                                 0.10      0.07 *     4.68 r                   0.90
  gemm_unit/u_accumulator_vec/g_lane_30__u_add/fpnew_add/gen_operation_groups_0__i_opgroup_block/gen_parallel_slices_0__active_format_i_fmt_slice/gen_num_lanes_0__active_lane_lane_instance_i_fma/n1888 (net)                                                      3                   0.00       4.68 r                   
  gemm_unit/u_accumulator_vec/g_lane_30__u_add/fpnew_add/gen_operation_groups_0__i_opgroup_block/gen_parallel_slices_0__active_format_i_fmt_slice/gen_num_lanes_0__active_lane_lane_instance_i_fma/U1274/CON (CGENI_X1M_A9TR)                                                 0.06      0.06 *     4.74 f                   0.90
  gemm_unit/u_accumulator_vec/g_lane_30__u_add/fpnew_add/gen_operation_groups_0__i_opgroup_block/gen_parallel_slices_0__active_format_i_fmt_slice/gen_num_lanes_0__active_lane_lane_instance_i_fma/n1953 (net)                                                      3                   0.00       4.74 f                   
  gemm_unit/u_accumulator_vec/g_lane_30__u_add/fpnew_add/gen_operation_groups_0__i_opgroup_block/gen_parallel_slices_0__active_format_i_fmt_slice/gen_num_lanes_0__active_lane_lane_instance_i_fma/U1275/CON (CGENI_X1M_A9TR)                                                 0.09      0.07 *     4.81 r                   0.90
  gemm_unit/u_accumulator_vec/g_lane_30__u_add/fpnew_add/gen_operation_groups_0__i_opgroup_block/gen_parallel_slices_0__active_format_i_fmt_slice/gen_num_lanes_0__active_lane_lane_instance_i_fma/n1963 (net)                                                      3                   0.00       4.81 r                   
  gemm_unit/u_accumulator_vec/g_lane_30__u_add/fpnew_add/gen_operation_groups_0__i_opgroup_block/gen_parallel_slices_0__active_format_i_fmt_slice/gen_num_lanes_0__active_lane_lane_instance_i_fma/U1276/CON (CGENI_X1M_A9TR)                                                 0.07      0.06 *     4.87 f                   0.90
  gemm_unit/u_accumulator_vec/g_lane_30__u_add/fpnew_add/gen_operation_groups_0__i_opgroup_block/gen_parallel_slices_0__active_format_i_fmt_slice/gen_num_lanes_0__active_lane_lane_instance_i_fma/n2052 (net)                                                      3                   0.00       4.87 f                   
  gemm_unit/u_accumulator_vec/g_lane_30__u_add/fpnew_add/gen_operation_groups_0__i_opgroup_block/gen_parallel_slices_0__active_format_i_fmt_slice/gen_num_lanes_0__active_lane_lane_instance_i_fma/U1277/CON (CGENI_X1M_A9TR)                                                 0.09      0.07 *     4.95 r                   0.90
  gemm_unit/u_accumulator_vec/g_lane_30__u_add/fpnew_add/gen_operation_groups_0__i_opgroup_block/gen_parallel_slices_0__active_format_i_fmt_slice/gen_num_lanes_0__active_lane_lane_instance_i_fma/n2071 (net)                                                      3                   0.00       4.95 r                   
  gemm_unit/u_accumulator_vec/g_lane_30__u_add/fpnew_add/gen_operation_groups_0__i_opgroup_block/gen_parallel_slices_0__active_format_i_fmt_slice/gen_num_lanes_0__active_lane_lane_instance_i_fma/U1278/CON (CGENI_X1M_A9TR)                                                 0.07      0.06 *     5.01 f                   0.90
  gemm_unit/u_accumulator_vec/g_lane_30__u_add/fpnew_add/gen_operation_groups_0__i_opgroup_block/gen_parallel_slices_0__active_format_i_fmt_slice/gen_num_lanes_0__active_lane_lane_instance_i_fma/n2007 (net)                                                      3                   0.00       5.01 f                   
  gemm_unit/u_accumulator_vec/g_lane_30__u_add/fpnew_add/gen_operation_groups_0__i_opgroup_block/gen_parallel_slices_0__active_format_i_fmt_slice/gen_num_lanes_0__active_lane_lane_instance_i_fma/U1279/CON (CGENI_X1M_A9TR)                                                 0.09      0.07 *     5.08 r                   0.90
  gemm_unit/u_accumulator_vec/g_lane_30__u_add/fpnew_add/gen_operation_groups_0__i_opgroup_block/gen_parallel_slices_0__active_format_i_fmt_slice/gen_num_lanes_0__active_lane_lane_instance_i_fma/n2044 (net)                                                      3                   0.00       5.08 r                   
  gemm_unit/u_accumulator_vec/g_lane_30__u_add/fpnew_add/gen_operation_groups_0__i_opgroup_block/gen_parallel_slices_0__active_format_i_fmt_slice/gen_num_lanes_0__active_lane_lane_instance_i_fma/U1280/CON (CGENI_X1M_A9TR)                                                 0.06      0.06 *     5.14 f                   0.90
  gemm_unit/u_accumulator_vec/g_lane_30__u_add/fpnew_add/gen_operation_groups_0__i_opgroup_block/gen_parallel_slices_0__active_format_i_fmt_slice/gen_num_lanes_0__active_lane_lane_instance_i_fma/n1998 (net)                                                      3                   0.00       5.14 f                   
  gemm_unit/u_accumulator_vec/g_lane_30__u_add/fpnew_add/gen_operation_groups_0__i_opgroup_block/gen_parallel_slices_0__active_format_i_fmt_slice/gen_num_lanes_0__active_lane_lane_instance_i_fma/U1281/CON (CGENI_X1M_A9TR)                                                 0.09      0.07 *     5.21 r                   0.90
  gemm_unit/u_accumulator_vec/g_lane_30__u_add/fpnew_add/gen_operation_groups_0__i_opgroup_block/gen_parallel_slices_0__active_format_i_fmt_slice/gen_num_lanes_0__active_lane_lane_instance_i_fma/n2081 (net)                                                      3                   0.00       5.21 r                   
  gemm_unit/u_accumulator_vec/g_lane_30__u_add/fpnew_add/gen_operation_groups_0__i_opgroup_block/gen_parallel_slices_0__active_format_i_fmt_slice/gen_num_lanes_0__active_lane_lane_instance_i_fma/U1282/CON (CGENI_X1M_A9TR)                                                 0.06      0.06 *     5.27 f                   0.90
  gemm_unit/u_accumulator_vec/g_lane_30__u_add/fpnew_add/gen_operation_groups_0__i_opgroup_block/gen_parallel_slices_0__active_format_i_fmt_slice/gen_num_lanes_0__active_lane_lane_instance_i_fma/n2061 (net)                                                      3                   0.00       5.27 f                   
  gemm_unit/u_accumulator_vec/g_lane_30__u_add/fpnew_add/gen_operation_groups_0__i_opgroup_block/gen_parallel_slices_0__active_format_i_fmt_slice/gen_num_lanes_0__active_lane_lane_instance_i_fma/U1283/CON (CGENI_X1M_A9TR)                                                 0.09      0.07 *     5.34 r                   0.90
  gemm_unit/u_accumulator_vec/g_lane_30__u_add/fpnew_add/gen_operation_groups_0__i_opgroup_block/gen_parallel_slices_0__active_format_i_fmt_slice/gen_num_lanes_0__active_lane_lane_instance_i_fma/n1981 (net)                                                      3                   0.00       5.34 r                   
  gemm_unit/u_accumulator_vec/g_lane_30__u_add/fpnew_add/gen_operation_groups_0__i_opgroup_block/gen_parallel_slices_0__active_format_i_fmt_slice/gen_num_lanes_0__active_lane_lane_instance_i_fma/U1284/CON (CGENI_X1M_A9TR)                                                 0.06      0.06 *     5.40 f                   0.90
  gemm_unit/u_accumulator_vec/g_lane_30__u_add/fpnew_add/gen_operation_groups_0__i_opgroup_block/gen_parallel_slices_0__active_format_i_fmt_slice/gen_num_lanes_0__active_lane_lane_instance_i_fma/n1896 (net)                                                      3                   0.00       5.40 f                   
  gemm_unit/u_accumulator_vec/g_lane_30__u_add/fpnew_add/gen_operation_groups_0__i_opgroup_block/gen_parallel_slices_0__active_format_i_fmt_slice/gen_num_lanes_0__active_lane_lane_instance_i_fma/U1285/CON (CGENI_X1M_A9TR)                                                 0.10      0.08 *     5.48 r                   0.90
  gemm_unit/u_accumulator_vec/g_lane_30__u_add/fpnew_add/gen_operation_groups_0__i_opgroup_block/gen_parallel_slices_0__active_format_i_fmt_slice/gen_num_lanes_0__active_lane_lane_instance_i_fma/n1935 (net)                                                      3                   0.00       5.48 r                   
  gemm_unit/u_accumulator_vec/g_lane_30__u_add/fpnew_add/gen_operation_groups_0__i_opgroup_block/gen_parallel_slices_0__active_format_i_fmt_slice/gen_num_lanes_0__active_lane_lane_instance_i_fma/U1287/CON (CGENI_X1M_A9TR)                                                 0.07      0.06 *     5.54 f                   0.90
  gemm_unit/u_accumulator_vec/g_lane_30__u_add/fpnew_add/gen_operation_groups_0__i_opgroup_block/gen_parallel_slices_0__active_format_i_fmt_slice/gen_num_lanes_0__active_lane_lane_instance_i_fma/n2017 (net)                                                      3                   0.00       5.54 f                   
  gemm_unit/u_accumulator_vec/g_lane_30__u_add/fpnew_add/gen_operation_groups_0__i_opgroup_block/gen_parallel_slices_0__active_format_i_fmt_slice/gen_num_lanes_0__active_lane_lane_instance_i_fma/U1288/CON (CGENI_X1M_A9TR)                                                 0.10      0.08 *     5.62 r                   0.90
  gemm_unit/u_accumulator_vec/g_lane_30__u_add/fpnew_add/gen_operation_groups_0__i_opgroup_block/gen_parallel_slices_0__active_format_i_fmt_slice/gen_num_lanes_0__active_lane_lane_instance_i_fma/n2026 (net)                                                      3                   0.00       5.62 r                   
  gemm_unit/u_accumulator_vec/g_lane_30__u_add/fpnew_add/gen_operation_groups_0__i_opgroup_block/gen_parallel_slices_0__active_format_i_fmt_slice/gen_num_lanes_0__active_lane_lane_instance_i_fma/U1289/CON (CGENI_X1M_A9TR)                                                 0.07      0.06 *     5.68 f                   0.90
  gemm_unit/u_accumulator_vec/g_lane_30__u_add/fpnew_add/gen_operation_groups_0__i_opgroup_block/gen_parallel_slices_0__active_format_i_fmt_slice/gen_num_lanes_0__active_lane_lane_instance_i_fma/n1990 (net)                                                      3                   0.00       5.68 f                   
  gemm_unit/u_accumulator_vec/g_lane_30__u_add/fpnew_add/gen_operation_groups_0__i_opgroup_block/gen_parallel_slices_0__active_format_i_fmt_slice/gen_num_lanes_0__active_lane_lane_instance_i_fma/U1290/CON (CGENI_X1M_A9TR)                                                 0.10      0.08 *     5.76 r                   0.90
  gemm_unit/u_accumulator_vec/g_lane_30__u_add/fpnew_add/gen_operation_groups_0__i_opgroup_block/gen_parallel_slices_0__active_format_i_fmt_slice/gen_num_lanes_0__active_lane_lane_instance_i_fma/n1915 (net)                                                      3                   0.00       5.76 r                   
  gemm_unit/u_accumulator_vec/g_lane_30__u_add/fpnew_add/gen_operation_groups_0__i_opgroup_block/gen_parallel_slices_0__active_format_i_fmt_slice/gen_num_lanes_0__active_lane_lane_instance_i_fma/U1292/CON (CGENI_X1M_A9TR)                                                 0.07      0.06 *     5.82 f                   0.90
  gemm_unit/u_accumulator_vec/g_lane_30__u_add/fpnew_add/gen_operation_groups_0__i_opgroup_block/gen_parallel_slices_0__active_format_i_fmt_slice/gen_num_lanes_0__active_lane_lane_instance_i_fma/n2035 (net)                                                      3                   0.00       5.82 f                   
  gemm_unit/u_accumulator_vec/g_lane_30__u_add/fpnew_add/gen_operation_groups_0__i_opgroup_block/gen_parallel_slices_0__active_format_i_fmt_slice/gen_num_lanes_0__active_lane_lane_instance_i_fma/U1293/CON (CGENI_X1M_A9TR)                                                 0.09      0.08 *     5.89 r                   0.90
  gemm_unit/u_accumulator_vec/g_lane_30__u_add/fpnew_add/gen_operation_groups_0__i_opgroup_block/gen_parallel_slices_0__active_format_i_fmt_slice/gen_num_lanes_0__active_lane_lane_instance_i_fma/n1925 (net)                                                      3                   0.00       5.89 r                   
  gemm_unit/u_accumulator_vec/g_lane_30__u_add/fpnew_add/gen_operation_groups_0__i_opgroup_block/gen_parallel_slices_0__active_format_i_fmt_slice/gen_num_lanes_0__active_lane_lane_instance_i_fma/U1295/CON (CGENI_X1M_A9TR)                                                 0.07      0.06 *     5.95 f                   0.90
  gemm_unit/u_accumulator_vec/g_lane_30__u_add/fpnew_add/gen_operation_groups_0__i_opgroup_block/gen_parallel_slices_0__active_format_i_fmt_slice/gen_num_lanes_0__active_lane_lane_instance_i_fma/n1879 (net)                                                      3                   0.00       5.95 f                   
  gemm_unit/u_accumulator_vec/g_lane_30__u_add/fpnew_add/gen_operation_groups_0__i_opgroup_block/gen_parallel_slices_0__active_format_i_fmt_slice/gen_num_lanes_0__active_lane_lane_instance_i_fma/U1296/CON (CGENI_X1M_A9TR)                                                 0.07      0.06 *     6.01 r                   0.90
  gemm_unit/u_accumulator_vec/g_lane_30__u_add/fpnew_add/gen_operation_groups_0__i_opgroup_block/gen_parallel_slices_0__active_format_i_fmt_slice/gen_num_lanes_0__active_lane_lane_instance_i_fma/n1781 (net)                                                      2                   0.00       6.01 r                   
  gemm_unit/u_accumulator_vec/g_lane_30__u_add/fpnew_add/gen_operation_groups_0__i_opgroup_block/gen_parallel_slices_0__active_format_i_fmt_slice/gen_num_lanes_0__active_lane_lane_instance_i_fma/U1298/Y (NOR2_X0P5B_A9TR)                                                  0.07      0.05 *     6.06 f                   0.90
  gemm_unit/u_accumulator_vec/g_lane_30__u_add/fpnew_add/gen_operation_groups_0__i_opgroup_block/gen_parallel_slices_0__active_format_i_fmt_slice/gen_num_lanes_0__active_lane_lane_instance_i_fma/n2579 (net)                                                      3                   0.00       6.06 f                   
  gemm_unit/u_accumulator_vec/g_lane_30__u_add/fpnew_add/gen_operation_groups_0__i_opgroup_block/gen_parallel_slices_0__active_format_i_fmt_slice/gen_num_lanes_0__active_lane_lane_instance_i_fma/U1299/Y (NAND2_X0P5M_A9TR)                                                 0.07      0.07 *     6.12 r                   0.90
  gemm_unit/u_accumulator_vec/g_lane_30__u_add/fpnew_add/gen_operation_groups_0__i_opgroup_block/gen_parallel_slices_0__active_format_i_fmt_slice/gen_num_lanes_0__active_lane_lane_instance_i_fma/n2578 (net)                                                      3                   0.00       6.12 r                   
  gemm_unit/u_accumulator_vec/g_lane_30__u_add/fpnew_add/gen_operation_groups_0__i_opgroup_block/gen_parallel_slices_0__active_format_i_fmt_slice/gen_num_lanes_0__active_lane_lane_instance_i_fma/U1300/Y (NOR2_X0P5B_A9TR)                                                  0.06      0.05 *     6.18 f                   0.90
  gemm_unit/u_accumulator_vec/g_lane_30__u_add/fpnew_add/gen_operation_groups_0__i_opgroup_block/gen_parallel_slices_0__active_format_i_fmt_slice/gen_num_lanes_0__active_lane_lane_instance_i_fma/n1809 (net)                                                      3                   0.00       6.18 f                   
  gemm_unit/u_accumulator_vec/g_lane_30__u_add/fpnew_add/gen_operation_groups_0__i_opgroup_block/gen_parallel_slices_0__active_format_i_fmt_slice/gen_num_lanes_0__active_lane_lane_instance_i_fma/U1301/Y (NAND2_X0P5M_A9TR)                                                 0.09      0.07 *     6.24 r                   0.90
  gemm_unit/u_accumulator_vec/g_lane_30__u_add/fpnew_add/gen_operation_groups_0__i_opgroup_block/gen_parallel_slices_0__active_format_i_fmt_slice/gen_num_lanes_0__active_lane_lane_instance_i_fma/n1788 (net)                                                      3                   0.00       6.24 r                   
  gemm_unit/u_accumulator_vec/g_lane_30__u_add/fpnew_add/gen_operation_groups_0__i_opgroup_block/gen_parallel_slices_0__active_format_i_fmt_slice/gen_num_lanes_0__active_lane_lane_instance_i_fma/U1302/Y (NOR2_X0P5B_A9TR)                                                  0.06      0.06 *     6.30 f                   0.90
  gemm_unit/u_accumulator_vec/g_lane_30__u_add/fpnew_add/gen_operation_groups_0__i_opgroup_block/gen_parallel_slices_0__active_format_i_fmt_slice/gen_num_lanes_0__active_lane_lane_instance_i_fma/n1787 (net)                                                      3                   0.00       6.30 f                   
  gemm_unit/u_accumulator_vec/g_lane_30__u_add/fpnew_add/gen_operation_groups_0__i_opgroup_block/gen_parallel_slices_0__active_format_i_fmt_slice/gen_num_lanes_0__active_lane_lane_instance_i_fma/U1303/Y (NAND2_X0P5M_A9TR)                                                 0.09      0.06 *     6.37 r                   0.90
  gemm_unit/u_accumulator_vec/g_lane_30__u_add/fpnew_add/gen_operation_groups_0__i_opgroup_block/gen_parallel_slices_0__active_format_i_fmt_slice/gen_num_lanes_0__active_lane_lane_instance_i_fma/n1817 (net)                                                      3                   0.00       6.37 r                   
  gemm_unit/u_accumulator_vec/g_lane_30__u_add/fpnew_add/gen_operation_groups_0__i_opgroup_block/gen_parallel_slices_0__active_format_i_fmt_slice/gen_num_lanes_0__active_lane_lane_instance_i_fma/U1304/Y (NOR2_X0P5B_A9TR)                                                  0.06      0.06 *     6.42 f                   0.90
  gemm_unit/u_accumulator_vec/g_lane_30__u_add/fpnew_add/gen_operation_groups_0__i_opgroup_block/gen_parallel_slices_0__active_format_i_fmt_slice/gen_num_lanes_0__active_lane_lane_instance_i_fma/n1816 (net)                                                      3                   0.00       6.42 f                   
  gemm_unit/u_accumulator_vec/g_lane_30__u_add/fpnew_add/gen_operation_groups_0__i_opgroup_block/gen_parallel_slices_0__active_format_i_fmt_slice/gen_num_lanes_0__active_lane_lane_instance_i_fma/U1305/Y (NAND2_X0P5M_A9TR)                                                 0.08      0.06 *     6.49 r                   0.90
  gemm_unit/u_accumulator_vec/g_lane_30__u_add/fpnew_add/gen_operation_groups_0__i_opgroup_block/gen_parallel_slices_0__active_format_i_fmt_slice/gen_num_lanes_0__active_lane_lane_instance_i_fma/n1825 (net)                                                      3                   0.00       6.49 r                   
  gemm_unit/u_accumulator_vec/g_lane_30__u_add/fpnew_add/gen_operation_groups_0__i_opgroup_block/gen_parallel_slices_0__active_format_i_fmt_slice/gen_num_lanes_0__active_lane_lane_instance_i_fma/U1306/Y (NOR2_X0P5B_A9TR)                                                  0.06      0.06 *     6.54 f                   0.90
  gemm_unit/u_accumulator_vec/g_lane_30__u_add/fpnew_add/gen_operation_groups_0__i_opgroup_block/gen_parallel_slices_0__active_format_i_fmt_slice/gen_num_lanes_0__active_lane_lane_instance_i_fma/n1824 (net)                                                      3                   0.00       6.54 f                   
  gemm_unit/u_accumulator_vec/g_lane_30__u_add/fpnew_add/gen_operation_groups_0__i_opgroup_block/gen_parallel_slices_0__active_format_i_fmt_slice/gen_num_lanes_0__active_lane_lane_instance_i_fma/U1307/Y (NAND2_X0P5M_A9TR)                                                 0.08      0.06 *     6.61 r                   0.90
  gemm_unit/u_accumulator_vec/g_lane_30__u_add/fpnew_add/gen_operation_groups_0__i_opgroup_block/gen_parallel_slices_0__active_format_i_fmt_slice/gen_num_lanes_0__active_lane_lane_instance_i_fma/n1865 (net)                                                      3                   0.00       6.61 r                   
  gemm_unit/u_accumulator_vec/g_lane_30__u_add/fpnew_add/gen_operation_groups_0__i_opgroup_block/gen_parallel_slices_0__active_format_i_fmt_slice/gen_num_lanes_0__active_lane_lane_instance_i_fma/U1308/Y (NOR2_X0P5B_A9TR)                                                  0.06      0.06 *     6.66 f                   0.90
  gemm_unit/u_accumulator_vec/g_lane_30__u_add/fpnew_add/gen_operation_groups_0__i_opgroup_block/gen_parallel_slices_0__active_format_i_fmt_slice/gen_num_lanes_0__active_lane_lane_instance_i_fma/n1864 (net)                                                      3                   0.00       6.66 f                   
  gemm_unit/u_accumulator_vec/g_lane_30__u_add/fpnew_add/gen_operation_groups_0__i_opgroup_block/gen_parallel_slices_0__active_format_i_fmt_slice/gen_num_lanes_0__active_lane_lane_instance_i_fma/U1309/Y (NAND2_X0P5M_A9TR)                                                 0.08      0.06 *     6.72 r                   0.90
  gemm_unit/u_accumulator_vec/g_lane_30__u_add/fpnew_add/gen_operation_groups_0__i_opgroup_block/gen_parallel_slices_0__active_format_i_fmt_slice/gen_num_lanes_0__active_lane_lane_instance_i_fma/n1833 (net)                                                      3                   0.00       6.72 r                   
  gemm_unit/u_accumulator_vec/g_lane_30__u_add/fpnew_add/gen_operation_groups_0__i_opgroup_block/gen_parallel_slices_0__active_format_i_fmt_slice/gen_num_lanes_0__active_lane_lane_instance_i_fma/U1310/Y (NOR2_X0P5B_A9TR)                                                  0.06      0.05 *     6.78 f                   0.90
  gemm_unit/u_accumulator_vec/g_lane_30__u_add/fpnew_add/gen_operation_groups_0__i_opgroup_block/gen_parallel_slices_0__active_format_i_fmt_slice/gen_num_lanes_0__active_lane_lane_instance_i_fma/n1832 (net)                                                      3                   0.00       6.78 f                   
  gemm_unit/u_accumulator_vec/g_lane_30__u_add/fpnew_add/gen_operation_groups_0__i_opgroup_block/gen_parallel_slices_0__active_format_i_fmt_slice/gen_num_lanes_0__active_lane_lane_instance_i_fma/U1311/Y (NAND2_X0P5M_A9TR)                                                 0.08      0.06 *     6.84 r                   0.90
  gemm_unit/u_accumulator_vec/g_lane_30__u_add/fpnew_add/gen_operation_groups_0__i_opgroup_block/gen_parallel_slices_0__active_format_i_fmt_slice/gen_num_lanes_0__active_lane_lane_instance_i_fma/n1841 (net)                                                      3                   0.00       6.84 r                   
  gemm_unit/u_accumulator_vec/g_lane_30__u_add/fpnew_add/gen_operation_groups_0__i_opgroup_block/gen_parallel_slices_0__active_format_i_fmt_slice/gen_num_lanes_0__active_lane_lane_instance_i_fma/U1312/Y (NOR2_X0P5B_A9TR)                                                  0.06      0.06 *     6.90 f                   0.90
  gemm_unit/u_accumulator_vec/g_lane_30__u_add/fpnew_add/gen_operation_groups_0__i_opgroup_block/gen_parallel_slices_0__active_format_i_fmt_slice/gen_num_lanes_0__active_lane_lane_instance_i_fma/n1840 (net)                                                      3                   0.00       6.90 f                   
  gemm_unit/u_accumulator_vec/g_lane_30__u_add/fpnew_add/gen_operation_groups_0__i_opgroup_block/gen_parallel_slices_0__active_format_i_fmt_slice/gen_num_lanes_0__active_lane_lane_instance_i_fma/U1313/Y (NAND2_X0P5M_A9TR)                                                 0.08      0.06 *     6.96 r                   0.90
  gemm_unit/u_accumulator_vec/g_lane_30__u_add/fpnew_add/gen_operation_groups_0__i_opgroup_block/gen_parallel_slices_0__active_format_i_fmt_slice/gen_num_lanes_0__active_lane_lane_instance_i_fma/n1857 (net)                                                      3                   0.00       6.96 r                   
  gemm_unit/u_accumulator_vec/g_lane_30__u_add/fpnew_add/gen_operation_groups_0__i_opgroup_block/gen_parallel_slices_0__active_format_i_fmt_slice/gen_num_lanes_0__active_lane_lane_instance_i_fma/U1314/Y (NOR2_X0P5B_A9TR)                                                  0.06      0.06 *     7.01 f                   0.90
  gemm_unit/u_accumulator_vec/g_lane_30__u_add/fpnew_add/gen_operation_groups_0__i_opgroup_block/gen_parallel_slices_0__active_format_i_fmt_slice/gen_num_lanes_0__active_lane_lane_instance_i_fma/n1856 (net)                                                      3                   0.00       7.01 f                   
  gemm_unit/u_accumulator_vec/g_lane_30__u_add/fpnew_add/gen_operation_groups_0__i_opgroup_block/gen_parallel_slices_0__active_format_i_fmt_slice/gen_num_lanes_0__active_lane_lane_instance_i_fma/U1315/Y (NAND2_X0P5M_A9TR)                                                 0.08      0.06 *     7.07 r                   0.90
  gemm_unit/u_accumulator_vec/g_lane_30__u_add/fpnew_add/gen_operation_groups_0__i_opgroup_block/gen_parallel_slices_0__active_format_i_fmt_slice/gen_num_lanes_0__active_lane_lane_instance_i_fma/n1849 (net)                                                      3                   0.00       7.07 r                   
  gemm_unit/u_accumulator_vec/g_lane_30__u_add/fpnew_add/gen_operation_groups_0__i_opgroup_block/gen_parallel_slices_0__active_format_i_fmt_slice/gen_num_lanes_0__active_lane_lane_instance_i_fma/U1316/Y (NOR2_X0P5B_A9TR)                                                  0.06      0.06 *     7.13 f                   0.90
  gemm_unit/u_accumulator_vec/g_lane_30__u_add/fpnew_add/gen_operation_groups_0__i_opgroup_block/gen_parallel_slices_0__active_format_i_fmt_slice/gen_num_lanes_0__active_lane_lane_instance_i_fma/n1848 (net)                                                      3                   0.00       7.13 f                   
  gemm_unit/u_accumulator_vec/g_lane_30__u_add/fpnew_add/gen_operation_groups_0__i_opgroup_block/gen_parallel_slices_0__active_format_i_fmt_slice/gen_num_lanes_0__active_lane_lane_instance_i_fma/U1317/Y (NAND2_X0P5M_A9TR)                                                 0.09      0.06 *     7.19 r                   0.90
  gemm_unit/u_accumulator_vec/g_lane_30__u_add/fpnew_add/gen_operation_groups_0__i_opgroup_block/gen_parallel_slices_0__active_format_i_fmt_slice/gen_num_lanes_0__active_lane_lane_instance_i_fma/n1802 (net)                                                      3                   0.00       7.19 r                   
  gemm_unit/u_accumulator_vec/g_lane_30__u_add/fpnew_add/gen_operation_groups_0__i_opgroup_block/gen_parallel_slices_0__active_format_i_fmt_slice/gen_num_lanes_0__active_lane_lane_instance_i_fma/U1318/Y (NOR2_X0P5B_A9TR)                                                  0.06      0.06 *     7.25 f                   0.90
  gemm_unit/u_accumulator_vec/g_lane_30__u_add/fpnew_add/gen_operation_groups_0__i_opgroup_block/gen_parallel_slices_0__active_format_i_fmt_slice/gen_num_lanes_0__active_lane_lane_instance_i_fma/n1801 (net)                                                      3                   0.00       7.25 f                   
  gemm_unit/u_accumulator_vec/g_lane_30__u_add/fpnew_add/gen_operation_groups_0__i_opgroup_block/gen_parallel_slices_0__active_format_i_fmt_slice/gen_num_lanes_0__active_lane_lane_instance_i_fma/U1319/Y (NAND2_X0P5M_A9TR)                                                 0.09      0.06 *     7.31 r                   0.90
  gemm_unit/u_accumulator_vec/g_lane_30__u_add/fpnew_add/gen_operation_groups_0__i_opgroup_block/gen_parallel_slices_0__active_format_i_fmt_slice/gen_num_lanes_0__active_lane_lane_instance_i_fma/n1795 (net)                                                      3                   0.00       7.31 r                   
  gemm_unit/u_accumulator_vec/g_lane_30__u_add/fpnew_add/gen_operation_groups_0__i_opgroup_block/gen_parallel_slices_0__active_format_i_fmt_slice/gen_num_lanes_0__active_lane_lane_instance_i_fma/U1320/Y (NOR2_X0P5B_A9TR)                                                  0.06      0.06 *     7.37 f                   0.90
  gemm_unit/u_accumulator_vec/g_lane_30__u_add/fpnew_add/gen_operation_groups_0__i_opgroup_block/gen_parallel_slices_0__active_format_i_fmt_slice/gen_num_lanes_0__active_lane_lane_instance_i_fma/n2572 (net)                                                      3                   0.00       7.37 f                   
  gemm_unit/u_accumulator_vec/g_lane_30__u_add/fpnew_add/gen_operation_groups_0__i_opgroup_block/gen_parallel_slices_0__active_format_i_fmt_slice/gen_num_lanes_0__active_lane_lane_instance_i_fma/U1321/Y (NAND2_X0P5M_A9TR)                                                 0.06      0.06 *     7.43 r                   0.90
  gemm_unit/u_accumulator_vec/g_lane_30__u_add/fpnew_add/gen_operation_groups_0__i_opgroup_block/gen_parallel_slices_0__active_format_i_fmt_slice/gen_num_lanes_0__active_lane_lane_instance_i_fma/n2571 (net)                                                      2                   0.00       7.43 r                   
  gemm_unit/u_accumulator_vec/g_lane_30__u_add/fpnew_add/gen_operation_groups_0__i_opgroup_block/gen_parallel_slices_0__active_format_i_fmt_slice/gen_num_lanes_0__active_lane_lane_instance_i_fma/U1322/Y (NOR2_X0P5B_A9TR)                                                  0.04      0.05 *     7.47 f                   0.90
  gemm_unit/u_accumulator_vec/g_lane_30__u_add/fpnew_add/gen_operation_groups_0__i_opgroup_block/gen_parallel_slices_0__active_format_i_fmt_slice/gen_num_lanes_0__active_lane_lane_instance_i_fma/n2483 (net)                                                      2                   0.00       7.47 f                   
  gemm_unit/u_accumulator_vec/g_lane_30__u_add/fpnew_add/gen_operation_groups_0__i_opgroup_block/gen_parallel_slices_0__active_format_i_fmt_slice/gen_num_lanes_0__active_lane_lane_instance_i_fma/U1323/Y (AOI31_X0P7M_A9TR)                                                 0.77      0.46 *     7.94 r                   0.90
  gemm_unit/u_accumulator_vec/g_lane_30__u_add/fpnew_add/gen_operation_groups_0__i_opgroup_block/gen_parallel_slices_0__active_format_i_fmt_slice/gen_num_lanes_0__active_lane_lane_instance_i_fma/n1735 (net)                                                     33                   0.00       7.94 r                   
  gemm_unit/u_accumulator_vec/g_lane_30__u_add/fpnew_add/gen_operation_groups_0__i_opgroup_block/gen_parallel_slices_0__active_format_i_fmt_slice/gen_num_lanes_0__active_lane_lane_instance_i_fma/U960/Y (BUF_X1M_A9TR)                                                      0.19      0.23 *     8.17 r                   0.90
  gemm_unit/u_accumulator_vec/g_lane_30__u_add/fpnew_add/gen_operation_groups_0__i_opgroup_block/gen_parallel_slices_0__active_format_i_fmt_slice/gen_num_lanes_0__active_lane_lane_instance_i_fma/n2687 (net)                                                     20                   0.00       8.17 r                   
  gemm_unit/u_accumulator_vec/g_lane_30__u_add/fpnew_add/gen_operation_groups_0__i_opgroup_block/gen_parallel_slices_0__active_format_i_fmt_slice/gen_num_lanes_0__active_lane_lane_instance_i_fma/U966/Y (INV_X0P7M_A9TR)                                                    0.15      0.15 *     8.32 f                   0.90
  gemm_unit/u_accumulator_vec/g_lane_30__u_add/fpnew_add/gen_operation_groups_0__i_opgroup_block/gen_parallel_slices_0__active_format_i_fmt_slice/gen_num_lanes_0__active_lane_lane_instance_i_fma/n2688 (net)                                                     19                   0.00       8.32 f                   
  gemm_unit/u_accumulator_vec/g_lane_30__u_add/fpnew_add/gen_operation_groups_0__i_opgroup_block/gen_parallel_slices_0__active_format_i_fmt_slice/gen_num_lanes_0__active_lane_lane_instance_i_fma/U1457/Y (AOI221_X0P7M_A9TR)                                                0.10      0.10 *     8.42 r                   0.90
  gemm_unit/u_accumulator_vec/g_lane_30__u_add/fpnew_add/gen_operation_groups_0__i_opgroup_block/gen_parallel_slices_0__active_format_i_fmt_slice/gen_num_lanes_0__active_lane_lane_instance_i_fma/n1942 (net)                                                      1                   0.00       8.42 r                   
  gemm_unit/u_accumulator_vec/g_lane_30__u_add/fpnew_add/gen_operation_groups_0__i_opgroup_block/gen_parallel_slices_0__active_format_i_fmt_slice/gen_num_lanes_0__active_lane_lane_instance_i_fma/U1458/Y (OA21A1OI2_X0P7M_A9TR)                                             0.05      0.04 *     8.46 f                   0.90
  gemm_unit/u_accumulator_vec/g_lane_30__u_add/fpnew_add/gen_operation_groups_0__i_opgroup_block/gen_parallel_slices_0__active_format_i_fmt_slice/gen_num_lanes_0__active_lane_lane_instance_i_fma/n1946 (net)                                                      1                   0.00       8.46 f                   
  gemm_unit/u_accumulator_vec/g_lane_30__u_add/fpnew_add/gen_operation_groups_0__i_opgroup_block/gen_parallel_slices_0__active_format_i_fmt_slice/gen_num_lanes_0__active_lane_lane_instance_i_fma/U1459/Y (XNOR2_X0P5M_A9TR)                                                 0.06      0.06 *     8.52 r                   0.90
  gemm_unit/u_accumulator_vec/g_lane_30__u_add/fpnew_add/gen_operation_groups_0__i_opgroup_block/gen_parallel_slices_0__active_format_i_fmt_slice/gen_num_lanes_0__active_lane_lane_instance_i_fma/sum[28] (net)                                                    1                   0.00       8.52 r                   
  gemm_unit/u_accumulator_vec/g_lane_30__u_add/fpnew_add/gen_operation_groups_0__i_opgroup_block/gen_parallel_slices_0__active_format_i_fmt_slice/gen_num_lanes_0__active_lane_lane_instance_i_fma/mid_pipe_sum_q_reg_1__28_/D (DFFRPQ_X0P5M_A9TR)                            0.06      0.00 *     8.52 r                   0.90
  data arrival time                                                                                                                                                                                                                                                                                8.52                     

  clock CLK (rise edge)                                                                                                                                                                                                                                                                10.00      10.00                     
  clock network delay (ideal)                                                                                                                                                                                                                                                           0.00      10.00                     
  gemm_unit/u_accumulator_vec/g_lane_30__u_add/fpnew_add/gen_operation_groups_0__i_opgroup_block/gen_parallel_slices_0__active_format_i_fmt_slice/gen_num_lanes_0__active_lane_lane_instance_i_fma/mid_pipe_sum_q_reg_1__28_/CK (DFFRPQ_X0P5M_A9TR)                                     0.00      10.00 r                   
  library setup time                                                                                                                                                                                                                                                                   -0.06       9.94                     
  data required time                                                                                                                                                                                                                                                                               9.94                     
  ---------------------------------------------------------------------------------------------------------------------------------------------------------------------------------------------------------------------------------------------------------------------------------------------------------------------------------------
  data required time                                                                                                                                                                                                                                                                               9.94                     
  data arrival time                                                                                                                                                                                                                                                                               -8.52                     
  ---------------------------------------------------------------------------------------------------------------------------------------------------------------------------------------------------------------------------------------------------------------------------------------------------------------------------------------
  slack (MET)                                                                                                                                                                                                                                                                                      1.42                     


  Startpoint: gemm_unit/u_accumulator_vec/g_lane_30__u_add/input_buffer/g_eb1_pipe_buffer/g_register_g_pipe_regs_0__pipe_register/g_shift_register/g_shift_pipe_reg_0__0_
              (rising edge-triggered flip-flop clocked by CLK)
  Endpoint: gemm_unit/u_accumulator_vec/g_lane_30__u_add/fpnew_add/gen_operation_groups_0__i_opgroup_block/gen_parallel_slices_0__active_format_i_fmt_slice/gen_num_lanes_0__active_lane_lane_instance_i_fma/mid_pipe_sum_q_reg_1__26_
            (rising edge-triggered flip-flop clocked by CLK)
  Scenario: mode_norm.OC_rvt_ss_0p900v_125c
  Path Group: CLK
  Path Type: max

Attributes:
    d - dont_touch
    u - dont_use
   mo - map_only
   so - size_only
    i - ideal_net or ideal_network
  inf - infeasible path

  Point                                                                                                                                                                                                                                                           Fanout     Trans      Incr       Path      Attributes     Voltage
  ---------------------------------------------------------------------------------------------------------------------------------------------------------------------------------------------------------------------------------------------------------------------------------------------------------------------------------------
  clock CLK (rise edge)                                                                                                                                                                                                                                                                 0.00       0.00                     
  clock network delay (ideal)                                                                                                                                                                                                                                                           0.00       0.00                     
  gemm_unit/u_accumulator_vec/g_lane_30__u_add/input_buffer/g_eb1_pipe_buffer/g_register_g_pipe_regs_0__pipe_register/g_shift_register/g_shift_pipe_reg_0__0_/CK (DFFQ_X0P5M_A9TR)                                                                                            0.00      0.00       0.00 r    i              0.90
  gemm_unit/u_accumulator_vec/g_lane_30__u_add/input_buffer/g_eb1_pipe_buffer/g_register_g_pipe_regs_0__pipe_register/g_shift_register/g_shift_pipe_reg_0__0_/Q (DFFQ_X0P5M_A9TR)                                                                                             0.06      0.14       0.14 f                   0.90
  gemm_unit/u_accumulator_vec/g_lane_30__u_add/input_buffer/g_eb1_pipe_buffer/g_register_g_pipe_regs_0__pipe_register/g_shift_register/data_out[0] (net)                                                                                                            4                   0.00       0.14 f                   
  gemm_unit/u_accumulator_vec/g_lane_30__u_add/input_buffer/g_eb1_pipe_buffer/g_register_g_pipe_regs_0__pipe_register/g_shift_register/data_out[0] (VX_shift_register_65_1_1_0_1)                                                                                                       0.00       0.14 f                   
  gemm_unit/u_accumulator_vec/g_lane_30__u_add/input_buffer/g_eb1_pipe_buffer/g_register_g_pipe_regs_0__pipe_register/data_out[0] (net)                                                                                                                                                 0.00       0.14 f                   
  gemm_unit/u_accumulator_vec/g_lane_30__u_add/input_buffer/g_eb1_pipe_buffer/g_register_g_pipe_regs_0__pipe_register/data_out[0] (VX_pipe_register_16_1)                                                                                                                               0.00       0.14 f                   
  gemm_unit/u_accumulator_vec/g_lane_30__u_add/input_buffer/g_eb1_pipe_buffer/data_out[0] (net)                                                                                                                                                                                         0.00       0.14 f                   
  gemm_unit/u_accumulator_vec/g_lane_30__u_add/input_buffer/g_eb1_pipe_buffer/data_out[0] (VX_pipe_buffer_48_1)                                                                                                                                                                         0.00       0.14 f                   
  gemm_unit/u_accumulator_vec/g_lane_30__u_add/input_buffer/data_out[0] (net)                                                                                                                                                                                                           0.00       0.14 f                   
  gemm_unit/u_accumulator_vec/g_lane_30__u_add/input_buffer/data_out[0] (VX_elastic_buffer_9_1)                                                                                                                                                                                         0.00       0.14 f                   
  gemm_unit/u_accumulator_vec/g_lane_30__u_add/fpnew_inputs_data[0] (net)                                                                                                                                                                                                               0.00       0.14 f                   
  gemm_unit/u_accumulator_vec/g_lane_30__u_add/fpnew_add/operands_i[32] (fpnew_top_00000010302__logic_Z_1yB__566949_1)                                                                                                                                                                  0.00       0.14 f                   
  gemm_unit/u_accumulator_vec/g_lane_30__u_add/fpnew_add/operands_i[32] (net)                                                                                                                                                                                                           0.00       0.14 f                   
  gemm_unit/u_accumulator_vec/g_lane_30__u_add/fpnew_add/gen_operation_groups_0__i_opgroup_block/operands_i[32] (fpnew_opgroup_block_0_00000020_0_2_10_2_155_3__logic_Z_1yB__00000000_388949_1)                                                                                         0.00       0.14 f                   
  gemm_unit/u_accumulator_vec/g_lane_30__u_add/fpnew_add/gen_operation_groups_0__i_opgroup_block/operands_i[32] (net)                                                                                                                                                                   0.00       0.14 f                   
  gemm_unit/u_accumulator_vec/g_lane_30__u_add/fpnew_add/gen_operation_groups_0__i_opgroup_block/gen_parallel_slices_0__active_format_i_fmt_slice/operands_i[32] (fpnew_opgroup_fmt_slice_0_0_00000020_0_00000001_3__logic_Z_1yB__00000000_1)                                           0.00       0.14 f                   
  gemm_unit/u_accumulator_vec/g_lane_30__u_add/fpnew_add/gen_operation_groups_0__i_opgroup_block/gen_parallel_slices_0__active_format_i_fmt_slice/operands_i[32] (net)                                                                                                                  0.00       0.14 f                   
  gemm_unit/u_accumulator_vec/g_lane_30__u_add/fpnew_add/gen_operation_groups_0__i_opgroup_block/gen_parallel_slices_0__active_format_i_fmt_slice/gen_num_lanes_0__active_lane_lane_instance_i_fma/operands_i[32] (fpnew_fma_0_00000001_3__logic_Z_1yB___logic_Z_1yB__1)                0.00       0.14 f                   
  gemm_unit/u_accumulator_vec/g_lane_30__u_add/fpnew_add/gen_operation_groups_0__i_opgroup_block/gen_parallel_slices_0__active_format_i_fmt_slice/gen_num_lanes_0__active_lane_lane_instance_i_fma/operands_i[32] (net)                                                                 0.00       0.14 f                   
  gemm_unit/u_accumulator_vec/g_lane_30__u_add/fpnew_add/gen_operation_groups_0__i_opgroup_block/gen_parallel_slices_0__active_format_i_fmt_slice/gen_num_lanes_0__active_lane_lane_instance_i_fma/i_class_inputs/operands_i[32] (fpnew_classifier_0_3_1)                               0.00       0.14 f                   
  gemm_unit/u_accumulator_vec/g_lane_30__u_add/fpnew_add/gen_operation_groups_0__i_opgroup_block/gen_parallel_slices_0__active_format_i_fmt_slice/gen_num_lanes_0__active_lane_lane_instance_i_fma/i_class_inputs/operands_i[32] (net)                                                  0.00       0.14 f                   
  gemm_unit/u_accumulator_vec/g_lane_30__u_add/fpnew_add/gen_operation_groups_0__i_opgroup_block/gen_parallel_slices_0__active_format_i_fmt_slice/gen_num_lanes_0__active_lane_lane_instance_i_fma/i_class_inputs/U21/Y (NOR3_X0P7M_A9TR)                                     0.10      0.09 *     0.23 r                   0.90
  gemm_unit/u_accumulator_vec/g_lane_30__u_add/fpnew_add/gen_operation_groups_0__i_opgroup_block/gen_parallel_slices_0__active_format_i_fmt_slice/gen_num_lanes_0__active_lane_lane_instance_i_fma/i_class_inputs/n77 (net)                                         1                   0.00       0.23 r                   
  gemm_unit/u_accumulator_vec/g_lane_30__u_add/fpnew_add/gen_operation_groups_0__i_opgroup_block/gen_parallel_slices_0__active_format_i_fmt_slice/gen_num_lanes_0__active_lane_lane_instance_i_fma/i_class_inputs/U22/Y (NOR4BB_X1M_A9TR)                                     0.06      0.09 *     0.32 r                   0.90
  gemm_unit/u_accumulator_vec/g_lane_30__u_add/fpnew_add/gen_operation_groups_0__i_opgroup_block/gen_parallel_slices_0__active_format_i_fmt_slice/gen_num_lanes_0__active_lane_lane_instance_i_fma/i_class_inputs/n79 (net)                                         1                   0.00       0.32 r                   
  gemm_unit/u_accumulator_vec/g_lane_30__u_add/fpnew_add/gen_operation_groups_0__i_opgroup_block/gen_parallel_slices_0__active_format_i_fmt_slice/gen_num_lanes_0__active_lane_lane_instance_i_fma/i_class_inputs/U23/Y (NOR4BB_X1M_A9TR)                                     0.06      0.08 *     0.40 r                   0.90
  gemm_unit/u_accumulator_vec/g_lane_30__u_add/fpnew_add/gen_operation_groups_0__i_opgroup_block/gen_parallel_slices_0__active_format_i_fmt_slice/gen_num_lanes_0__active_lane_lane_instance_i_fma/i_class_inputs/n81 (net)                                         1                   0.00       0.40 r                   
  gemm_unit/u_accumulator_vec/g_lane_30__u_add/fpnew_add/gen_operation_groups_0__i_opgroup_block/gen_parallel_slices_0__active_format_i_fmt_slice/gen_num_lanes_0__active_lane_lane_instance_i_fma/i_class_inputs/U24/Y (NOR4BB_X1M_A9TR)                                     0.19      0.15 *     0.55 r                   0.90
  gemm_unit/u_accumulator_vec/g_lane_30__u_add/fpnew_add/gen_operation_groups_0__i_opgroup_block/gen_parallel_slices_0__active_format_i_fmt_slice/gen_num_lanes_0__active_lane_lane_instance_i_fma/i_class_inputs/n91 (net)                                         3                   0.00       0.55 r                   
  gemm_unit/u_accumulator_vec/g_lane_30__u_add/fpnew_add/gen_operation_groups_0__i_opgroup_block/gen_parallel_slices_0__active_format_i_fmt_slice/gen_num_lanes_0__active_lane_lane_instance_i_fma/i_class_inputs/U34/Y (NOR2_X0P5B_A9TR)                                     0.08      0.10 *     0.65 f                   0.90
  gemm_unit/u_accumulator_vec/g_lane_30__u_add/fpnew_add/gen_operation_groups_0__i_opgroup_block/gen_parallel_slices_0__active_format_i_fmt_slice/gen_num_lanes_0__active_lane_lane_instance_i_fma/i_class_inputs/info_o[14] (net)                                  4                   0.00       0.65 f                   
  gemm_unit/u_accumulator_vec/g_lane_30__u_add/fpnew_add/gen_operation_groups_0__i_opgroup_block/gen_parallel_slices_0__active_format_i_fmt_slice/gen_num_lanes_0__active_lane_lane_instance_i_fma/i_class_inputs/info_o[14] (fpnew_classifier_0_3_1)                                   0.00       0.65 f                   
  gemm_unit/u_accumulator_vec/g_lane_30__u_add/fpnew_add/gen_operation_groups_0__i_opgroup_block/gen_parallel_slices_0__active_format_i_fmt_slice/gen_num_lanes_0__active_lane_lane_instance_i_fma/info_q[3] (net)                                                                      0.00       0.65 f                   
  gemm_unit/u_accumulator_vec/g_lane_30__u_add/fpnew_add/gen_operation_groups_0__i_opgroup_block/gen_parallel_slices_0__active_format_i_fmt_slice/gen_num_lanes_0__active_lane_lane_instance_i_fma/U1563/Y (AND2_X0P7M_A9TR)                                                  0.02      0.07 *     0.72 f                   0.90
  gemm_unit/u_accumulator_vec/g_lane_30__u_add/fpnew_add/gen_operation_groups_0__i_opgroup_block/gen_parallel_slices_0__active_format_i_fmt_slice/gen_num_lanes_0__active_lane_lane_instance_i_fma/n2115 (net)                                                      1                   0.00       0.72 f                   
  gemm_unit/u_accumulator_vec/g_lane_30__u_add/fpnew_add/gen_operation_groups_0__i_opgroup_block/gen_parallel_slices_0__active_format_i_fmt_slice/gen_num_lanes_0__active_lane_lane_instance_i_fma/U1564/Y (OA21A1OI2_X0P7M_A9TR)                                             0.13      0.10 *     0.82 r                   0.90
  gemm_unit/u_accumulator_vec/g_lane_30__u_add/fpnew_add/gen_operation_groups_0__i_opgroup_block/gen_parallel_slices_0__active_format_i_fmt_slice/gen_num_lanes_0__active_lane_lane_instance_i_fma/n2612 (net)                                                      2                   0.00       0.82 r                   
  gemm_unit/u_accumulator_vec/g_lane_30__u_add/fpnew_add/gen_operation_groups_0__i_opgroup_block/gen_parallel_slices_0__active_format_i_fmt_slice/gen_num_lanes_0__active_lane_lane_instance_i_fma/U1887/Y (INV_X0P7M_A9TR)                                                   0.06      0.06 *     0.88 f                   0.90
  gemm_unit/u_accumulator_vec/g_lane_30__u_add/fpnew_add/gen_operation_groups_0__i_opgroup_block/gen_parallel_slices_0__active_format_i_fmt_slice/gen_num_lanes_0__active_lane_lane_instance_i_fma/exponent_product[1] (net)                                        2                   0.00       0.88 f                   
  gemm_unit/u_accumulator_vec/g_lane_30__u_add/fpnew_add/gen_operation_groups_0__i_opgroup_block/gen_parallel_slices_0__active_format_i_fmt_slice/gen_num_lanes_0__active_lane_lane_instance_i_fma/intadd_2865_U8/CO (ADDF_X1M_A9TR)                                          0.03      0.10 *     0.99 f    mo             0.90
  gemm_unit/u_accumulator_vec/g_lane_30__u_add/fpnew_add/gen_operation_groups_0__i_opgroup_block/gen_parallel_slices_0__active_format_i_fmt_slice/gen_num_lanes_0__active_lane_lane_instance_i_fma/intadd_2865_n7 (net)                                             1                   0.00       0.99 f                   
  gemm_unit/u_accumulator_vec/g_lane_30__u_add/fpnew_add/gen_operation_groups_0__i_opgroup_block/gen_parallel_slices_0__active_format_i_fmt_slice/gen_num_lanes_0__active_lane_lane_instance_i_fma/intadd_2865_U7/CO (ADDF_X1M_A9TR)                                          0.03      0.08 *     1.07 f    mo             0.90
  gemm_unit/u_accumulator_vec/g_lane_30__u_add/fpnew_add/gen_operation_groups_0__i_opgroup_block/gen_parallel_slices_0__active_format_i_fmt_slice/gen_num_lanes_0__active_lane_lane_instance_i_fma/intadd_2865_n6 (net)                                             1                   0.00       1.07 f                   
  gemm_unit/u_accumulator_vec/g_lane_30__u_add/fpnew_add/gen_operation_groups_0__i_opgroup_block/gen_parallel_slices_0__active_format_i_fmt_slice/gen_num_lanes_0__active_lane_lane_instance_i_fma/intadd_2865_U6/CO (ADDF_X1M_A9TR)                                          0.03      0.08 *     1.15 f    mo             0.90
  gemm_unit/u_accumulator_vec/g_lane_30__u_add/fpnew_add/gen_operation_groups_0__i_opgroup_block/gen_parallel_slices_0__active_format_i_fmt_slice/gen_num_lanes_0__active_lane_lane_instance_i_fma/intadd_2865_n5 (net)                                             1                   0.00       1.15 f                   
  gemm_unit/u_accumulator_vec/g_lane_30__u_add/fpnew_add/gen_operation_groups_0__i_opgroup_block/gen_parallel_slices_0__active_format_i_fmt_slice/gen_num_lanes_0__active_lane_lane_instance_i_fma/intadd_2865_U5/CO (ADDF_X1M_A9TR)                                          0.03      0.08 *     1.24 f    mo             0.90
  gemm_unit/u_accumulator_vec/g_lane_30__u_add/fpnew_add/gen_operation_groups_0__i_opgroup_block/gen_parallel_slices_0__active_format_i_fmt_slice/gen_num_lanes_0__active_lane_lane_instance_i_fma/intadd_2865_n4 (net)                                             1                   0.00       1.24 f                   
  gemm_unit/u_accumulator_vec/g_lane_30__u_add/fpnew_add/gen_operation_groups_0__i_opgroup_block/gen_parallel_slices_0__active_format_i_fmt_slice/gen_num_lanes_0__active_lane_lane_instance_i_fma/intadd_2865_U4/CO (ADDF_X1M_A9TR)                                          0.03      0.08 *     1.32 f    mo             0.90
  gemm_unit/u_accumulator_vec/g_lane_30__u_add/fpnew_add/gen_operation_groups_0__i_opgroup_block/gen_parallel_slices_0__active_format_i_fmt_slice/gen_num_lanes_0__active_lane_lane_instance_i_fma/intadd_2865_n3 (net)                                             1                   0.00       1.32 f                   
  gemm_unit/u_accumulator_vec/g_lane_30__u_add/fpnew_add/gen_operation_groups_0__i_opgroup_block/gen_parallel_slices_0__active_format_i_fmt_slice/gen_num_lanes_0__active_lane_lane_instance_i_fma/intadd_2865_U3/CO (ADDF_X1M_A9TR)                                          0.03      0.08 *     1.40 f    mo             0.90
  gemm_unit/u_accumulator_vec/g_lane_30__u_add/fpnew_add/gen_operation_groups_0__i_opgroup_block/gen_parallel_slices_0__active_format_i_fmt_slice/gen_num_lanes_0__active_lane_lane_instance_i_fma/intadd_2865_n2 (net)                                             1                   0.00       1.40 f                   
  gemm_unit/u_accumulator_vec/g_lane_30__u_add/fpnew_add/gen_operation_groups_0__i_opgroup_block/gen_parallel_slices_0__active_format_i_fmt_slice/gen_num_lanes_0__active_lane_lane_instance_i_fma/intadd_2865_U2/CO (ADDF_X1M_A9TR)                                          0.03      0.08 *     1.48 f    mo             0.90
  gemm_unit/u_accumulator_vec/g_lane_30__u_add/fpnew_add/gen_operation_groups_0__i_opgroup_block/gen_parallel_slices_0__active_format_i_fmt_slice/gen_num_lanes_0__active_lane_lane_instance_i_fma/intadd_2865_n1 (net)                                             2                   0.00       1.48 f                   
  gemm_unit/u_accumulator_vec/g_lane_30__u_add/fpnew_add/gen_operation_groups_0__i_opgroup_block/gen_parallel_slices_0__active_format_i_fmt_slice/gen_num_lanes_0__active_lane_lane_instance_i_fma/U19/Y (NOR2_X0P5B_A9TR)                                                    0.05      0.04 *     1.52 r                   0.90
  gemm_unit/u_accumulator_vec/g_lane_30__u_add/fpnew_add/gen_operation_groups_0__i_opgroup_block/gen_parallel_slices_0__active_format_i_fmt_slice/gen_num_lanes_0__active_lane_lane_instance_i_fma/n945 (net)                                                       2                   0.00       1.52 r                   
  gemm_unit/u_accumulator_vec/g_lane_30__u_add/fpnew_add/gen_operation_groups_0__i_opgroup_block/gen_parallel_slices_0__active_format_i_fmt_slice/gen_num_lanes_0__active_lane_lane_instance_i_fma/U34/Y (NAND3BB_X1M_A9TR)                                                   0.16      0.13 *     1.65 r                   0.90
  gemm_unit/u_accumulator_vec/g_lane_30__u_add/fpnew_add/gen_operation_groups_0__i_opgroup_block/gen_parallel_slices_0__active_format_i_fmt_slice/gen_num_lanes_0__active_lane_lane_instance_i_fma/n2117 (net)                                                     14                   0.00       1.65 r                   
  gemm_unit/u_accumulator_vec/g_lane_30__u_add/fpnew_add/gen_operation_groups_0__i_opgroup_block/gen_parallel_slices_0__active_format_i_fmt_slice/gen_num_lanes_0__active_lane_lane_instance_i_fma/U133/Y (INV_X0P7M_A9TR)                                                    0.08      0.09 *     1.74 f                   0.90
  gemm_unit/u_accumulator_vec/g_lane_30__u_add/fpnew_add/gen_operation_groups_0__i_opgroup_block/gen_parallel_slices_0__active_format_i_fmt_slice/gen_num_lanes_0__active_lane_lane_instance_i_fma/n2631 (net)                                                      7                   0.00       1.74 f                   
  gemm_unit/u_accumulator_vec/g_lane_30__u_add/fpnew_add/gen_operation_groups_0__i_opgroup_block/gen_parallel_slices_0__active_format_i_fmt_slice/gen_num_lanes_0__active_lane_lane_instance_i_fma/U44/Y (NAND2_X0P5M_A9TR)                                                   0.07      0.07 *     1.81 r                   0.90
  gemm_unit/u_accumulator_vec/g_lane_30__u_add/fpnew_add/gen_operation_groups_0__i_opgroup_block/gen_parallel_slices_0__active_format_i_fmt_slice/gen_num_lanes_0__active_lane_lane_instance_i_fma/n1182 (net)                                                      3                   0.00       1.81 r                   
  gemm_unit/u_accumulator_vec/g_lane_30__u_add/fpnew_add/gen_operation_groups_0__i_opgroup_block/gen_parallel_slices_0__active_format_i_fmt_slice/gen_num_lanes_0__active_lane_lane_instance_i_fma/U49/Y (NAND2_X0P5M_A9TR)                                                   0.07      0.07 *     1.88 f                   0.90
  gemm_unit/u_accumulator_vec/g_lane_30__u_add/fpnew_add/gen_operation_groups_0__i_opgroup_block/gen_parallel_slices_0__active_format_i_fmt_slice/gen_num_lanes_0__active_lane_lane_instance_i_fma/n1491 (net)                                                      4                   0.00       1.88 f                   
  gemm_unit/u_accumulator_vec/g_lane_30__u_add/fpnew_add/gen_operation_groups_0__i_opgroup_block/gen_parallel_slices_0__active_format_i_fmt_slice/gen_num_lanes_0__active_lane_lane_instance_i_fma/U819/Y (NOR2_X1M_A9TR)                                                     0.16      0.12 *     1.99 r                   0.90
  gemm_unit/u_accumulator_vec/g_lane_30__u_add/fpnew_add/gen_operation_groups_0__i_opgroup_block/gen_parallel_slices_0__active_format_i_fmt_slice/gen_num_lanes_0__active_lane_lane_instance_i_fma/addend_shamt[0] (net)                                            9                   0.00       1.99 r                   
  gemm_unit/u_accumulator_vec/g_lane_30__u_add/fpnew_add/gen_operation_groups_0__i_opgroup_block/gen_parallel_slices_0__active_format_i_fmt_slice/gen_num_lanes_0__active_lane_lane_instance_i_fma/U166/Y (INV_X0P7M_A9TR)                                                    0.08      0.09 *     2.08 f                   0.90
  gemm_unit/u_accumulator_vec/g_lane_30__u_add/fpnew_add/gen_operation_groups_0__i_opgroup_block/gen_parallel_slices_0__active_format_i_fmt_slice/gen_num_lanes_0__active_lane_lane_instance_i_fma/n2643 (net)                                                      8                   0.00       2.08 f                   
  gemm_unit/u_accumulator_vec/g_lane_30__u_add/fpnew_add/gen_operation_groups_0__i_opgroup_block/gen_parallel_slices_0__active_format_i_fmt_slice/gen_num_lanes_0__active_lane_lane_instance_i_fma/U833/Y (NOR2_X1M_A9TR)                                                     0.29      0.20 *     2.28 r                   0.90
  gemm_unit/u_accumulator_vec/g_lane_30__u_add/fpnew_add/gen_operation_groups_0__i_opgroup_block/gen_parallel_slices_0__active_format_i_fmt_slice/gen_num_lanes_0__active_lane_lane_instance_i_fma/n1554 (net)                                                     20                   0.00       2.28 r                   
  gemm_unit/u_accumulator_vec/g_lane_30__u_add/fpnew_add/gen_operation_groups_0__i_opgroup_block/gen_parallel_slices_0__active_format_i_fmt_slice/gen_num_lanes_0__active_lane_lane_instance_i_fma/U892/Y (AOI222_X0P7M_A9TR)                                                 0.15      0.15 *     2.43 f                   0.90
  gemm_unit/u_accumulator_vec/g_lane_30__u_add/fpnew_add/gen_operation_groups_0__i_opgroup_block/gen_parallel_slices_0__active_format_i_fmt_slice/gen_num_lanes_0__active_lane_lane_instance_i_fma/n1532 (net)                                                      2                   0.00       2.43 f                   
  gemm_unit/u_accumulator_vec/g_lane_30__u_add/fpnew_add/gen_operation_groups_0__i_opgroup_block/gen_parallel_slices_0__active_format_i_fmt_slice/gen_num_lanes_0__active_lane_lane_instance_i_fma/U895/Y (AOI22_X0P5M_A9TR)                                                  0.20      0.18 *     2.61 r                   0.90
  gemm_unit/u_accumulator_vec/g_lane_30__u_add/fpnew_add/gen_operation_groups_0__i_opgroup_block/gen_parallel_slices_0__active_format_i_fmt_slice/gen_num_lanes_0__active_lane_lane_instance_i_fma/n1699 (net)                                                      5                   0.00       2.61 r                   
  gemm_unit/u_accumulator_vec/g_lane_30__u_add/fpnew_add/gen_operation_groups_0__i_opgroup_block/gen_parallel_slices_0__active_format_i_fmt_slice/gen_num_lanes_0__active_lane_lane_instance_i_fma/U896/Y (OAI22_X0P7M_A9TR)                                                  0.12      0.12 *     2.73 f                   0.90
  gemm_unit/u_accumulator_vec/g_lane_30__u_add/fpnew_add/gen_operation_groups_0__i_opgroup_block/gen_parallel_slices_0__active_format_i_fmt_slice/gen_num_lanes_0__active_lane_lane_instance_i_fma/n1660 (net)                                                      4                   0.00       2.73 f                   
  gemm_unit/u_accumulator_vec/g_lane_30__u_add/fpnew_add/gen_operation_groups_0__i_opgroup_block/gen_parallel_slices_0__active_format_i_fmt_slice/gen_num_lanes_0__active_lane_lane_instance_i_fma/U911/Y (AOI22_X0P5M_A9TR)                                                  0.12      0.11 *     2.83 r                   0.90
  gemm_unit/u_accumulator_vec/g_lane_30__u_add/fpnew_add/gen_operation_groups_0__i_opgroup_block/gen_parallel_slices_0__active_format_i_fmt_slice/gen_num_lanes_0__active_lane_lane_instance_i_fma/n1711 (net)                                                      2                   0.00       2.83 r                   
  gemm_unit/u_accumulator_vec/g_lane_30__u_add/fpnew_add/gen_operation_groups_0__i_opgroup_block/gen_parallel_slices_0__active_format_i_fmt_slice/gen_num_lanes_0__active_lane_lane_instance_i_fma/U912/Y (NAND2_X0P5M_A9TR)                                                  0.07      0.06 *     2.89 f                   0.90
  gemm_unit/u_accumulator_vec/g_lane_30__u_add/fpnew_add/gen_operation_groups_0__i_opgroup_block/gen_parallel_slices_0__active_format_i_fmt_slice/gen_num_lanes_0__active_lane_lane_instance_i_fma/n1655 (net)                                                      2                   0.00       2.89 f                   
  gemm_unit/u_accumulator_vec/g_lane_30__u_add/fpnew_add/gen_operation_groups_0__i_opgroup_block/gen_parallel_slices_0__active_format_i_fmt_slice/gen_num_lanes_0__active_lane_lane_instance_i_fma/U922/Y (AND4_X0P7M_A9TR)                                                   0.03      0.08 *     2.97 f                   0.90
  gemm_unit/u_accumulator_vec/g_lane_30__u_add/fpnew_add/gen_operation_groups_0__i_opgroup_block/gen_parallel_slices_0__active_format_i_fmt_slice/gen_num_lanes_0__active_lane_lane_instance_i_fma/n1579 (net)                                                      1                   0.00       2.97 f                   
  gemm_unit/u_accumulator_vec/g_lane_30__u_add/fpnew_add/gen_operation_groups_0__i_opgroup_block/gen_parallel_slices_0__active_format_i_fmt_slice/gen_num_lanes_0__active_lane_lane_instance_i_fma/U988/Y (NOR4BB_X0P7M_A9TR)                                                 0.06      0.06 *     3.04 f                   0.90
  gemm_unit/u_accumulator_vec/g_lane_30__u_add/fpnew_add/gen_operation_groups_0__i_opgroup_block/gen_parallel_slices_0__active_format_i_fmt_slice/gen_num_lanes_0__active_lane_lane_instance_i_fma/n1613 (net)                                                      1                   0.00       3.04 f                   
  gemm_unit/u_accumulator_vec/g_lane_30__u_add/fpnew_add/gen_operation_groups_0__i_opgroup_block/gen_parallel_slices_0__active_format_i_fmt_slice/gen_num_lanes_0__active_lane_lane_instance_i_fma/U1016/Y (NOR4BB_X0P7M_A9TR)                                                0.05      0.07 *     3.11 f                   0.90
  gemm_unit/u_accumulator_vec/g_lane_30__u_add/fpnew_add/gen_operation_groups_0__i_opgroup_block/gen_parallel_slices_0__active_format_i_fmt_slice/gen_num_lanes_0__active_lane_lane_instance_i_fma/n1625 (net)                                                      1                   0.00       3.11 f                   
  gemm_unit/u_accumulator_vec/g_lane_30__u_add/fpnew_add/gen_operation_groups_0__i_opgroup_block/gen_parallel_slices_0__active_format_i_fmt_slice/gen_num_lanes_0__active_lane_lane_instance_i_fma/U1027/Y (OAI22_X0P5M_A9TR)                                                 0.15      0.11 *     3.22 r                   0.90
  gemm_unit/u_accumulator_vec/g_lane_30__u_add/fpnew_add/gen_operation_groups_0__i_opgroup_block/gen_parallel_slices_0__active_format_i_fmt_slice/gen_num_lanes_0__active_lane_lane_instance_i_fma/mid_pipe_sticky_q[0] (net)                                       3                   0.00       3.22 r                   
  gemm_unit/u_accumulator_vec/g_lane_30__u_add/fpnew_add/gen_operation_groups_0__i_opgroup_block/gen_parallel_slices_0__active_format_i_fmt_slice/gen_num_lanes_0__active_lane_lane_instance_i_fma/U1221/Y (NOR3_X1M_A9TR)                                                    0.10      0.10 *     3.31 f                   0.90
  gemm_unit/u_accumulator_vec/g_lane_30__u_add/fpnew_add/gen_operation_groups_0__i_opgroup_block/gen_parallel_slices_0__active_format_i_fmt_slice/gen_num_lanes_0__active_lane_lane_instance_i_fma/n2566 (net)                                                      3                   0.00       3.31 f                   
  gemm_unit/u_accumulator_vec/g_lane_30__u_add/fpnew_add/gen_operation_groups_0__i_opgroup_block/gen_parallel_slices_0__active_format_i_fmt_slice/gen_num_lanes_0__active_lane_lane_instance_i_fma/U1226/Y (NAND3_X0P7M_A9TR)                                                 0.11      0.10 *     3.41 r                   0.90
  gemm_unit/u_accumulator_vec/g_lane_30__u_add/fpnew_add/gen_operation_groups_0__i_opgroup_block/gen_parallel_slices_0__active_format_i_fmt_slice/gen_num_lanes_0__active_lane_lane_instance_i_fma/n2563 (net)                                                      5                   0.00       3.41 r                   
  gemm_unit/u_accumulator_vec/g_lane_30__u_add/fpnew_add/gen_operation_groups_0__i_opgroup_block/gen_parallel_slices_0__active_format_i_fmt_slice/gen_num_lanes_0__active_lane_lane_instance_i_fma/U1227/Y (NOR3_X1M_A9TR)                                                    0.07      0.08 *     3.50 f                   0.90
  gemm_unit/u_accumulator_vec/g_lane_30__u_add/fpnew_add/gen_operation_groups_0__i_opgroup_block/gen_parallel_slices_0__active_format_i_fmt_slice/gen_num_lanes_0__active_lane_lane_instance_i_fma/n2560 (net)                                                      3                   0.00       3.50 f                   
  gemm_unit/u_accumulator_vec/g_lane_30__u_add/fpnew_add/gen_operation_groups_0__i_opgroup_block/gen_parallel_slices_0__active_format_i_fmt_slice/gen_num_lanes_0__active_lane_lane_instance_i_fma/U1232/Y (NAND3_X0P7M_A9TR)                                                 0.12      0.09 *     3.58 r                   0.90
  gemm_unit/u_accumulator_vec/g_lane_30__u_add/fpnew_add/gen_operation_groups_0__i_opgroup_block/gen_parallel_slices_0__active_format_i_fmt_slice/gen_num_lanes_0__active_lane_lane_instance_i_fma/n2557 (net)                                                      5                   0.00       3.58 r                   
  gemm_unit/u_accumulator_vec/g_lane_30__u_add/fpnew_add/gen_operation_groups_0__i_opgroup_block/gen_parallel_slices_0__active_format_i_fmt_slice/gen_num_lanes_0__active_lane_lane_instance_i_fma/U1233/Y (NOR3_X1M_A9TR)                                                    0.08      0.08 *     3.67 f                   0.90
  gemm_unit/u_accumulator_vec/g_lane_30__u_add/fpnew_add/gen_operation_groups_0__i_opgroup_block/gen_parallel_slices_0__active_format_i_fmt_slice/gen_num_lanes_0__active_lane_lane_instance_i_fma/n2523 (net)                                                      3                   0.00       3.67 f                   
  gemm_unit/u_accumulator_vec/g_lane_30__u_add/fpnew_add/gen_operation_groups_0__i_opgroup_block/gen_parallel_slices_0__active_format_i_fmt_slice/gen_num_lanes_0__active_lane_lane_instance_i_fma/U1238/Y (NAND3_X0P7M_A9TR)                                                 0.12      0.09 *     3.76 r                   0.90
  gemm_unit/u_accumulator_vec/g_lane_30__u_add/fpnew_add/gen_operation_groups_0__i_opgroup_block/gen_parallel_slices_0__active_format_i_fmt_slice/gen_num_lanes_0__active_lane_lane_instance_i_fma/n2536 (net)                                                      5                   0.00       3.76 r                   
  gemm_unit/u_accumulator_vec/g_lane_30__u_add/fpnew_add/gen_operation_groups_0__i_opgroup_block/gen_parallel_slices_0__active_format_i_fmt_slice/gen_num_lanes_0__active_lane_lane_instance_i_fma/U1241/Y (NOR3_X1M_A9TR)                                                    0.07      0.08 *     3.85 f                   0.90
  gemm_unit/u_accumulator_vec/g_lane_30__u_add/fpnew_add/gen_operation_groups_0__i_opgroup_block/gen_parallel_slices_0__active_format_i_fmt_slice/gen_num_lanes_0__active_lane_lane_instance_i_fma/n2595 (net)                                                      4                   0.00       3.85 f                   
  gemm_unit/u_accumulator_vec/g_lane_30__u_add/fpnew_add/gen_operation_groups_0__i_opgroup_block/gen_parallel_slices_0__active_format_i_fmt_slice/gen_num_lanes_0__active_lane_lane_instance_i_fma/U1247/Y (NAND3_X0P7A_A9TR)                                                 0.10      0.08 *     3.93 r                   0.90
  gemm_unit/u_accumulator_vec/g_lane_30__u_add/fpnew_add/gen_operation_groups_0__i_opgroup_block/gen_parallel_slices_0__active_format_i_fmt_slice/gen_num_lanes_0__active_lane_lane_instance_i_fma/n2605 (net)                                                      5                   0.00       3.93 r                   
  gemm_unit/u_accumulator_vec/g_lane_30__u_add/fpnew_add/gen_operation_groups_0__i_opgroup_block/gen_parallel_slices_0__active_format_i_fmt_slice/gen_num_lanes_0__active_lane_lane_instance_i_fma/U1252/Y (NOR3_X1M_A9TR)                                                    0.07      0.07 *     4.00 f                   0.90
  gemm_unit/u_accumulator_vec/g_lane_30__u_add/fpnew_add/gen_operation_groups_0__i_opgroup_block/gen_parallel_slices_0__active_format_i_fmt_slice/gen_num_lanes_0__active_lane_lane_instance_i_fma/n2602 (net)                                                      4                   0.00       4.00 f                   
  gemm_unit/u_accumulator_vec/g_lane_30__u_add/fpnew_add/gen_operation_groups_0__i_opgroup_block/gen_parallel_slices_0__active_format_i_fmt_slice/gen_num_lanes_0__active_lane_lane_instance_i_fma/U1257/Y (NAND3_X0P7M_A9TR)                                                 0.14      0.10 *     4.10 r                   0.90
  gemm_unit/u_accumulator_vec/g_lane_30__u_add/fpnew_add/gen_operation_groups_0__i_opgroup_block/gen_parallel_slices_0__active_format_i_fmt_slice/gen_num_lanes_0__active_lane_lane_instance_i_fma/n2541 (net)                                                      5                   0.00       4.10 r                   
  gemm_unit/u_accumulator_vec/g_lane_30__u_add/fpnew_add/gen_operation_groups_0__i_opgroup_block/gen_parallel_slices_0__active_format_i_fmt_slice/gen_num_lanes_0__active_lane_lane_instance_i_fma/U1262/Y (NOR3_X1M_A9TR)                                                    0.07      0.09 *     4.19 f                   0.90
  gemm_unit/u_accumulator_vec/g_lane_30__u_add/fpnew_add/gen_operation_groups_0__i_opgroup_block/gen_parallel_slices_0__active_format_i_fmt_slice/gen_num_lanes_0__active_lane_lane_instance_i_fma/n2553 (net)                                                      3                   0.00       4.19 f                   
  gemm_unit/u_accumulator_vec/g_lane_30__u_add/fpnew_add/gen_operation_groups_0__i_opgroup_block/gen_parallel_slices_0__active_format_i_fmt_slice/gen_num_lanes_0__active_lane_lane_instance_i_fma/U1267/Y (NAND3_X0P7M_A9TR)                                                 0.11      0.08 *     4.27 r                   0.90
  gemm_unit/u_accumulator_vec/g_lane_30__u_add/fpnew_add/gen_operation_groups_0__i_opgroup_block/gen_parallel_slices_0__active_format_i_fmt_slice/gen_num_lanes_0__active_lane_lane_instance_i_fma/n2550 (net)                                                      4                   0.00       4.27 r                   
  gemm_unit/u_accumulator_vec/g_lane_30__u_add/fpnew_add/gen_operation_groups_0__i_opgroup_block/gen_parallel_slices_0__active_format_i_fmt_slice/gen_num_lanes_0__active_lane_lane_instance_i_fma/U1268/Y (NOR3_X1M_A9TR)                                                    0.08      0.09 *     4.36 f                   0.90
  gemm_unit/u_accumulator_vec/g_lane_30__u_add/fpnew_add/gen_operation_groups_0__i_opgroup_block/gen_parallel_slices_0__active_format_i_fmt_slice/gen_num_lanes_0__active_lane_lane_instance_i_fma/n2586 (net)                                                      2                   0.00       4.36 f                   
  gemm_unit/u_accumulator_vec/g_lane_30__u_add/fpnew_add/gen_operation_groups_0__i_opgroup_block/gen_parallel_slices_0__active_format_i_fmt_slice/gen_num_lanes_0__active_lane_lane_instance_i_fma/U1875/CO (ADDF_X1M_A9TR)                                                   0.04      0.11 *     4.47 f                   0.90
  gemm_unit/u_accumulator_vec/g_lane_30__u_add/fpnew_add/gen_operation_groups_0__i_opgroup_block/gen_parallel_slices_0__active_format_i_fmt_slice/gen_num_lanes_0__active_lane_lane_instance_i_fma/n1971 (net)                                                      3                   0.00       4.47 f                   
  gemm_unit/u_accumulator_vec/g_lane_30__u_add/fpnew_add/gen_operation_groups_0__i_opgroup_block/gen_parallel_slices_0__active_format_i_fmt_slice/gen_num_lanes_0__active_lane_lane_instance_i_fma/U1271/CON (CGENI_X1M_A9TR)                                                 0.10      0.07 *     4.54 r                   0.90
  gemm_unit/u_accumulator_vec/g_lane_30__u_add/fpnew_add/gen_operation_groups_0__i_opgroup_block/gen_parallel_slices_0__active_format_i_fmt_slice/gen_num_lanes_0__active_lane_lane_instance_i_fma/n1906 (net)                                                      3                   0.00       4.54 r                   
  gemm_unit/u_accumulator_vec/g_lane_30__u_add/fpnew_add/gen_operation_groups_0__i_opgroup_block/gen_parallel_slices_0__active_format_i_fmt_slice/gen_num_lanes_0__active_lane_lane_instance_i_fma/U1272/CON (CGENI_X1M_A9TR)                                                 0.07      0.06 *     4.60 f                   0.90
  gemm_unit/u_accumulator_vec/g_lane_30__u_add/fpnew_add/gen_operation_groups_0__i_opgroup_block/gen_parallel_slices_0__active_format_i_fmt_slice/gen_num_lanes_0__active_lane_lane_instance_i_fma/n1944 (net)                                                      3                   0.00       4.60 f                   
  gemm_unit/u_accumulator_vec/g_lane_30__u_add/fpnew_add/gen_operation_groups_0__i_opgroup_block/gen_parallel_slices_0__active_format_i_fmt_slice/gen_num_lanes_0__active_lane_lane_instance_i_fma/U1273/CON (CGENI_X1M_A9TR)                                                 0.10      0.07 *     4.68 r                   0.90
  gemm_unit/u_accumulator_vec/g_lane_30__u_add/fpnew_add/gen_operation_groups_0__i_opgroup_block/gen_parallel_slices_0__active_format_i_fmt_slice/gen_num_lanes_0__active_lane_lane_instance_i_fma/n1888 (net)                                                      3                   0.00       4.68 r                   
  gemm_unit/u_accumulator_vec/g_lane_30__u_add/fpnew_add/gen_operation_groups_0__i_opgroup_block/gen_parallel_slices_0__active_format_i_fmt_slice/gen_num_lanes_0__active_lane_lane_instance_i_fma/U1274/CON (CGENI_X1M_A9TR)                                                 0.06      0.06 *     4.74 f                   0.90
  gemm_unit/u_accumulator_vec/g_lane_30__u_add/fpnew_add/gen_operation_groups_0__i_opgroup_block/gen_parallel_slices_0__active_format_i_fmt_slice/gen_num_lanes_0__active_lane_lane_instance_i_fma/n1953 (net)                                                      3                   0.00       4.74 f                   
  gemm_unit/u_accumulator_vec/g_lane_30__u_add/fpnew_add/gen_operation_groups_0__i_opgroup_block/gen_parallel_slices_0__active_format_i_fmt_slice/gen_num_lanes_0__active_lane_lane_instance_i_fma/U1275/CON (CGENI_X1M_A9TR)                                                 0.09      0.07 *     4.81 r                   0.90
  gemm_unit/u_accumulator_vec/g_lane_30__u_add/fpnew_add/gen_operation_groups_0__i_opgroup_block/gen_parallel_slices_0__active_format_i_fmt_slice/gen_num_lanes_0__active_lane_lane_instance_i_fma/n1963 (net)                                                      3                   0.00       4.81 r                   
  gemm_unit/u_accumulator_vec/g_lane_30__u_add/fpnew_add/gen_operation_groups_0__i_opgroup_block/gen_parallel_slices_0__active_format_i_fmt_slice/gen_num_lanes_0__active_lane_lane_instance_i_fma/U1276/CON (CGENI_X1M_A9TR)                                                 0.07      0.06 *     4.87 f                   0.90
  gemm_unit/u_accumulator_vec/g_lane_30__u_add/fpnew_add/gen_operation_groups_0__i_opgroup_block/gen_parallel_slices_0__active_format_i_fmt_slice/gen_num_lanes_0__active_lane_lane_instance_i_fma/n2052 (net)                                                      3                   0.00       4.87 f                   
  gemm_unit/u_accumulator_vec/g_lane_30__u_add/fpnew_add/gen_operation_groups_0__i_opgroup_block/gen_parallel_slices_0__active_format_i_fmt_slice/gen_num_lanes_0__active_lane_lane_instance_i_fma/U1277/CON (CGENI_X1M_A9TR)                                                 0.09      0.07 *     4.95 r                   0.90
  gemm_unit/u_accumulator_vec/g_lane_30__u_add/fpnew_add/gen_operation_groups_0__i_opgroup_block/gen_parallel_slices_0__active_format_i_fmt_slice/gen_num_lanes_0__active_lane_lane_instance_i_fma/n2071 (net)                                                      3                   0.00       4.95 r                   
  gemm_unit/u_accumulator_vec/g_lane_30__u_add/fpnew_add/gen_operation_groups_0__i_opgroup_block/gen_parallel_slices_0__active_format_i_fmt_slice/gen_num_lanes_0__active_lane_lane_instance_i_fma/U1278/CON (CGENI_X1M_A9TR)                                                 0.07      0.06 *     5.01 f                   0.90
  gemm_unit/u_accumulator_vec/g_lane_30__u_add/fpnew_add/gen_operation_groups_0__i_opgroup_block/gen_parallel_slices_0__active_format_i_fmt_slice/gen_num_lanes_0__active_lane_lane_instance_i_fma/n2007 (net)                                                      3                   0.00       5.01 f                   
  gemm_unit/u_accumulator_vec/g_lane_30__u_add/fpnew_add/gen_operation_groups_0__i_opgroup_block/gen_parallel_slices_0__active_format_i_fmt_slice/gen_num_lanes_0__active_lane_lane_instance_i_fma/U1279/CON (CGENI_X1M_A9TR)                                                 0.09      0.07 *     5.08 r                   0.90
  gemm_unit/u_accumulator_vec/g_lane_30__u_add/fpnew_add/gen_operation_groups_0__i_opgroup_block/gen_parallel_slices_0__active_format_i_fmt_slice/gen_num_lanes_0__active_lane_lane_instance_i_fma/n2044 (net)                                                      3                   0.00       5.08 r                   
  gemm_unit/u_accumulator_vec/g_lane_30__u_add/fpnew_add/gen_operation_groups_0__i_opgroup_block/gen_parallel_slices_0__active_format_i_fmt_slice/gen_num_lanes_0__active_lane_lane_instance_i_fma/U1280/CON (CGENI_X1M_A9TR)                                                 0.06      0.06 *     5.14 f                   0.90
  gemm_unit/u_accumulator_vec/g_lane_30__u_add/fpnew_add/gen_operation_groups_0__i_opgroup_block/gen_parallel_slices_0__active_format_i_fmt_slice/gen_num_lanes_0__active_lane_lane_instance_i_fma/n1998 (net)                                                      3                   0.00       5.14 f                   
  gemm_unit/u_accumulator_vec/g_lane_30__u_add/fpnew_add/gen_operation_groups_0__i_opgroup_block/gen_parallel_slices_0__active_format_i_fmt_slice/gen_num_lanes_0__active_lane_lane_instance_i_fma/U1281/CON (CGENI_X1M_A9TR)                                                 0.09      0.07 *     5.21 r                   0.90
  gemm_unit/u_accumulator_vec/g_lane_30__u_add/fpnew_add/gen_operation_groups_0__i_opgroup_block/gen_parallel_slices_0__active_format_i_fmt_slice/gen_num_lanes_0__active_lane_lane_instance_i_fma/n2081 (net)                                                      3                   0.00       5.21 r                   
  gemm_unit/u_accumulator_vec/g_lane_30__u_add/fpnew_add/gen_operation_groups_0__i_opgroup_block/gen_parallel_slices_0__active_format_i_fmt_slice/gen_num_lanes_0__active_lane_lane_instance_i_fma/U1282/CON (CGENI_X1M_A9TR)                                                 0.06      0.06 *     5.27 f                   0.90
  gemm_unit/u_accumulator_vec/g_lane_30__u_add/fpnew_add/gen_operation_groups_0__i_opgroup_block/gen_parallel_slices_0__active_format_i_fmt_slice/gen_num_lanes_0__active_lane_lane_instance_i_fma/n2061 (net)                                                      3                   0.00       5.27 f                   
  gemm_unit/u_accumulator_vec/g_lane_30__u_add/fpnew_add/gen_operation_groups_0__i_opgroup_block/gen_parallel_slices_0__active_format_i_fmt_slice/gen_num_lanes_0__active_lane_lane_instance_i_fma/U1283/CON (CGENI_X1M_A9TR)                                                 0.09      0.07 *     5.34 r                   0.90
  gemm_unit/u_accumulator_vec/g_lane_30__u_add/fpnew_add/gen_operation_groups_0__i_opgroup_block/gen_parallel_slices_0__active_format_i_fmt_slice/gen_num_lanes_0__active_lane_lane_instance_i_fma/n1981 (net)                                                      3                   0.00       5.34 r                   
  gemm_unit/u_accumulator_vec/g_lane_30__u_add/fpnew_add/gen_operation_groups_0__i_opgroup_block/gen_parallel_slices_0__active_format_i_fmt_slice/gen_num_lanes_0__active_lane_lane_instance_i_fma/U1284/CON (CGENI_X1M_A9TR)                                                 0.06      0.06 *     5.40 f                   0.90
  gemm_unit/u_accumulator_vec/g_lane_30__u_add/fpnew_add/gen_operation_groups_0__i_opgroup_block/gen_parallel_slices_0__active_format_i_fmt_slice/gen_num_lanes_0__active_lane_lane_instance_i_fma/n1896 (net)                                                      3                   0.00       5.40 f                   
  gemm_unit/u_accumulator_vec/g_lane_30__u_add/fpnew_add/gen_operation_groups_0__i_opgroup_block/gen_parallel_slices_0__active_format_i_fmt_slice/gen_num_lanes_0__active_lane_lane_instance_i_fma/U1285/CON (CGENI_X1M_A9TR)                                                 0.10      0.08 *     5.48 r                   0.90
  gemm_unit/u_accumulator_vec/g_lane_30__u_add/fpnew_add/gen_operation_groups_0__i_opgroup_block/gen_parallel_slices_0__active_format_i_fmt_slice/gen_num_lanes_0__active_lane_lane_instance_i_fma/n1935 (net)                                                      3                   0.00       5.48 r                   
  gemm_unit/u_accumulator_vec/g_lane_30__u_add/fpnew_add/gen_operation_groups_0__i_opgroup_block/gen_parallel_slices_0__active_format_i_fmt_slice/gen_num_lanes_0__active_lane_lane_instance_i_fma/U1287/CON (CGENI_X1M_A9TR)                                                 0.07      0.06 *     5.54 f                   0.90
  gemm_unit/u_accumulator_vec/g_lane_30__u_add/fpnew_add/gen_operation_groups_0__i_opgroup_block/gen_parallel_slices_0__active_format_i_fmt_slice/gen_num_lanes_0__active_lane_lane_instance_i_fma/n2017 (net)                                                      3                   0.00       5.54 f                   
  gemm_unit/u_accumulator_vec/g_lane_30__u_add/fpnew_add/gen_operation_groups_0__i_opgroup_block/gen_parallel_slices_0__active_format_i_fmt_slice/gen_num_lanes_0__active_lane_lane_instance_i_fma/U1288/CON (CGENI_X1M_A9TR)                                                 0.10      0.08 *     5.62 r                   0.90
  gemm_unit/u_accumulator_vec/g_lane_30__u_add/fpnew_add/gen_operation_groups_0__i_opgroup_block/gen_parallel_slices_0__active_format_i_fmt_slice/gen_num_lanes_0__active_lane_lane_instance_i_fma/n2026 (net)                                                      3                   0.00       5.62 r                   
  gemm_unit/u_accumulator_vec/g_lane_30__u_add/fpnew_add/gen_operation_groups_0__i_opgroup_block/gen_parallel_slices_0__active_format_i_fmt_slice/gen_num_lanes_0__active_lane_lane_instance_i_fma/U1289/CON (CGENI_X1M_A9TR)                                                 0.07      0.06 *     5.68 f                   0.90
  gemm_unit/u_accumulator_vec/g_lane_30__u_add/fpnew_add/gen_operation_groups_0__i_opgroup_block/gen_parallel_slices_0__active_format_i_fmt_slice/gen_num_lanes_0__active_lane_lane_instance_i_fma/n1990 (net)                                                      3                   0.00       5.68 f                   
  gemm_unit/u_accumulator_vec/g_lane_30__u_add/fpnew_add/gen_operation_groups_0__i_opgroup_block/gen_parallel_slices_0__active_format_i_fmt_slice/gen_num_lanes_0__active_lane_lane_instance_i_fma/U1290/CON (CGENI_X1M_A9TR)                                                 0.10      0.08 *     5.76 r                   0.90
  gemm_unit/u_accumulator_vec/g_lane_30__u_add/fpnew_add/gen_operation_groups_0__i_opgroup_block/gen_parallel_slices_0__active_format_i_fmt_slice/gen_num_lanes_0__active_lane_lane_instance_i_fma/n1915 (net)                                                      3                   0.00       5.76 r                   
  gemm_unit/u_accumulator_vec/g_lane_30__u_add/fpnew_add/gen_operation_groups_0__i_opgroup_block/gen_parallel_slices_0__active_format_i_fmt_slice/gen_num_lanes_0__active_lane_lane_instance_i_fma/U1292/CON (CGENI_X1M_A9TR)                                                 0.07      0.06 *     5.82 f                   0.90
  gemm_unit/u_accumulator_vec/g_lane_30__u_add/fpnew_add/gen_operation_groups_0__i_opgroup_block/gen_parallel_slices_0__active_format_i_fmt_slice/gen_num_lanes_0__active_lane_lane_instance_i_fma/n2035 (net)                                                      3                   0.00       5.82 f                   
  gemm_unit/u_accumulator_vec/g_lane_30__u_add/fpnew_add/gen_operation_groups_0__i_opgroup_block/gen_parallel_slices_0__active_format_i_fmt_slice/gen_num_lanes_0__active_lane_lane_instance_i_fma/U1293/CON (CGENI_X1M_A9TR)                                                 0.09      0.08 *     5.89 r                   0.90
  gemm_unit/u_accumulator_vec/g_lane_30__u_add/fpnew_add/gen_operation_groups_0__i_opgroup_block/gen_parallel_slices_0__active_format_i_fmt_slice/gen_num_lanes_0__active_lane_lane_instance_i_fma/n1925 (net)                                                      3                   0.00       5.89 r                   
  gemm_unit/u_accumulator_vec/g_lane_30__u_add/fpnew_add/gen_operation_groups_0__i_opgroup_block/gen_parallel_slices_0__active_format_i_fmt_slice/gen_num_lanes_0__active_lane_lane_instance_i_fma/U1295/CON (CGENI_X1M_A9TR)                                                 0.07      0.06 *     5.95 f                   0.90
  gemm_unit/u_accumulator_vec/g_lane_30__u_add/fpnew_add/gen_operation_groups_0__i_opgroup_block/gen_parallel_slices_0__active_format_i_fmt_slice/gen_num_lanes_0__active_lane_lane_instance_i_fma/n1879 (net)                                                      3                   0.00       5.95 f                   
  gemm_unit/u_accumulator_vec/g_lane_30__u_add/fpnew_add/gen_operation_groups_0__i_opgroup_block/gen_parallel_slices_0__active_format_i_fmt_slice/gen_num_lanes_0__active_lane_lane_instance_i_fma/U1296/CON (CGENI_X1M_A9TR)                                                 0.07      0.06 *     6.01 r                   0.90
  gemm_unit/u_accumulator_vec/g_lane_30__u_add/fpnew_add/gen_operation_groups_0__i_opgroup_block/gen_parallel_slices_0__active_format_i_fmt_slice/gen_num_lanes_0__active_lane_lane_instance_i_fma/n1781 (net)                                                      2                   0.00       6.01 r                   
  gemm_unit/u_accumulator_vec/g_lane_30__u_add/fpnew_add/gen_operation_groups_0__i_opgroup_block/gen_parallel_slices_0__active_format_i_fmt_slice/gen_num_lanes_0__active_lane_lane_instance_i_fma/U1298/Y (NOR2_X0P5B_A9TR)                                                  0.07      0.05 *     6.06 f                   0.90
  gemm_unit/u_accumulator_vec/g_lane_30__u_add/fpnew_add/gen_operation_groups_0__i_opgroup_block/gen_parallel_slices_0__active_format_i_fmt_slice/gen_num_lanes_0__active_lane_lane_instance_i_fma/n2579 (net)                                                      3                   0.00       6.06 f                   
  gemm_unit/u_accumulator_vec/g_lane_30__u_add/fpnew_add/gen_operation_groups_0__i_opgroup_block/gen_parallel_slices_0__active_format_i_fmt_slice/gen_num_lanes_0__active_lane_lane_instance_i_fma/U1299/Y (NAND2_X0P5M_A9TR)                                                 0.07      0.07 *     6.12 r                   0.90
  gemm_unit/u_accumulator_vec/g_lane_30__u_add/fpnew_add/gen_operation_groups_0__i_opgroup_block/gen_parallel_slices_0__active_format_i_fmt_slice/gen_num_lanes_0__active_lane_lane_instance_i_fma/n2578 (net)                                                      3                   0.00       6.12 r                   
  gemm_unit/u_accumulator_vec/g_lane_30__u_add/fpnew_add/gen_operation_groups_0__i_opgroup_block/gen_parallel_slices_0__active_format_i_fmt_slice/gen_num_lanes_0__active_lane_lane_instance_i_fma/U1300/Y (NOR2_X0P5B_A9TR)                                                  0.06      0.05 *     6.18 f                   0.90
  gemm_unit/u_accumulator_vec/g_lane_30__u_add/fpnew_add/gen_operation_groups_0__i_opgroup_block/gen_parallel_slices_0__active_format_i_fmt_slice/gen_num_lanes_0__active_lane_lane_instance_i_fma/n1809 (net)                                                      3                   0.00       6.18 f                   
  gemm_unit/u_accumulator_vec/g_lane_30__u_add/fpnew_add/gen_operation_groups_0__i_opgroup_block/gen_parallel_slices_0__active_format_i_fmt_slice/gen_num_lanes_0__active_lane_lane_instance_i_fma/U1301/Y (NAND2_X0P5M_A9TR)                                                 0.09      0.07 *     6.24 r                   0.90
  gemm_unit/u_accumulator_vec/g_lane_30__u_add/fpnew_add/gen_operation_groups_0__i_opgroup_block/gen_parallel_slices_0__active_format_i_fmt_slice/gen_num_lanes_0__active_lane_lane_instance_i_fma/n1788 (net)                                                      3                   0.00       6.24 r                   
  gemm_unit/u_accumulator_vec/g_lane_30__u_add/fpnew_add/gen_operation_groups_0__i_opgroup_block/gen_parallel_slices_0__active_format_i_fmt_slice/gen_num_lanes_0__active_lane_lane_instance_i_fma/U1302/Y (NOR2_X0P5B_A9TR)                                                  0.06      0.06 *     6.30 f                   0.90
  gemm_unit/u_accumulator_vec/g_lane_30__u_add/fpnew_add/gen_operation_groups_0__i_opgroup_block/gen_parallel_slices_0__active_format_i_fmt_slice/gen_num_lanes_0__active_lane_lane_instance_i_fma/n1787 (net)                                                      3                   0.00       6.30 f                   
  gemm_unit/u_accumulator_vec/g_lane_30__u_add/fpnew_add/gen_operation_groups_0__i_opgroup_block/gen_parallel_slices_0__active_format_i_fmt_slice/gen_num_lanes_0__active_lane_lane_instance_i_fma/U1303/Y (NAND2_X0P5M_A9TR)                                                 0.09      0.06 *     6.37 r                   0.90
  gemm_unit/u_accumulator_vec/g_lane_30__u_add/fpnew_add/gen_operation_groups_0__i_opgroup_block/gen_parallel_slices_0__active_format_i_fmt_slice/gen_num_lanes_0__active_lane_lane_instance_i_fma/n1817 (net)                                                      3                   0.00       6.37 r                   
  gemm_unit/u_accumulator_vec/g_lane_30__u_add/fpnew_add/gen_operation_groups_0__i_opgroup_block/gen_parallel_slices_0__active_format_i_fmt_slice/gen_num_lanes_0__active_lane_lane_instance_i_fma/U1304/Y (NOR2_X0P5B_A9TR)                                                  0.06      0.06 *     6.42 f                   0.90
  gemm_unit/u_accumulator_vec/g_lane_30__u_add/fpnew_add/gen_operation_groups_0__i_opgroup_block/gen_parallel_slices_0__active_format_i_fmt_slice/gen_num_lanes_0__active_lane_lane_instance_i_fma/n1816 (net)                                                      3                   0.00       6.42 f                   
  gemm_unit/u_accumulator_vec/g_lane_30__u_add/fpnew_add/gen_operation_groups_0__i_opgroup_block/gen_parallel_slices_0__active_format_i_fmt_slice/gen_num_lanes_0__active_lane_lane_instance_i_fma/U1305/Y (NAND2_X0P5M_A9TR)                                                 0.08      0.06 *     6.49 r                   0.90
  gemm_unit/u_accumulator_vec/g_lane_30__u_add/fpnew_add/gen_operation_groups_0__i_opgroup_block/gen_parallel_slices_0__active_format_i_fmt_slice/gen_num_lanes_0__active_lane_lane_instance_i_fma/n1825 (net)                                                      3                   0.00       6.49 r                   
  gemm_unit/u_accumulator_vec/g_lane_30__u_add/fpnew_add/gen_operation_groups_0__i_opgroup_block/gen_parallel_slices_0__active_format_i_fmt_slice/gen_num_lanes_0__active_lane_lane_instance_i_fma/U1306/Y (NOR2_X0P5B_A9TR)                                                  0.06      0.06 *     6.54 f                   0.90
  gemm_unit/u_accumulator_vec/g_lane_30__u_add/fpnew_add/gen_operation_groups_0__i_opgroup_block/gen_parallel_slices_0__active_format_i_fmt_slice/gen_num_lanes_0__active_lane_lane_instance_i_fma/n1824 (net)                                                      3                   0.00       6.54 f                   
  gemm_unit/u_accumulator_vec/g_lane_30__u_add/fpnew_add/gen_operation_groups_0__i_opgroup_block/gen_parallel_slices_0__active_format_i_fmt_slice/gen_num_lanes_0__active_lane_lane_instance_i_fma/U1307/Y (NAND2_X0P5M_A9TR)                                                 0.08      0.06 *     6.61 r                   0.90
  gemm_unit/u_accumulator_vec/g_lane_30__u_add/fpnew_add/gen_operation_groups_0__i_opgroup_block/gen_parallel_slices_0__active_format_i_fmt_slice/gen_num_lanes_0__active_lane_lane_instance_i_fma/n1865 (net)                                                      3                   0.00       6.61 r                   
  gemm_unit/u_accumulator_vec/g_lane_30__u_add/fpnew_add/gen_operation_groups_0__i_opgroup_block/gen_parallel_slices_0__active_format_i_fmt_slice/gen_num_lanes_0__active_lane_lane_instance_i_fma/U1308/Y (NOR2_X0P5B_A9TR)                                                  0.06      0.06 *     6.66 f                   0.90
  gemm_unit/u_accumulator_vec/g_lane_30__u_add/fpnew_add/gen_operation_groups_0__i_opgroup_block/gen_parallel_slices_0__active_format_i_fmt_slice/gen_num_lanes_0__active_lane_lane_instance_i_fma/n1864 (net)                                                      3                   0.00       6.66 f                   
  gemm_unit/u_accumulator_vec/g_lane_30__u_add/fpnew_add/gen_operation_groups_0__i_opgroup_block/gen_parallel_slices_0__active_format_i_fmt_slice/gen_num_lanes_0__active_lane_lane_instance_i_fma/U1309/Y (NAND2_X0P5M_A9TR)                                                 0.08      0.06 *     6.72 r                   0.90
  gemm_unit/u_accumulator_vec/g_lane_30__u_add/fpnew_add/gen_operation_groups_0__i_opgroup_block/gen_parallel_slices_0__active_format_i_fmt_slice/gen_num_lanes_0__active_lane_lane_instance_i_fma/n1833 (net)                                                      3                   0.00       6.72 r                   
  gemm_unit/u_accumulator_vec/g_lane_30__u_add/fpnew_add/gen_operation_groups_0__i_opgroup_block/gen_parallel_slices_0__active_format_i_fmt_slice/gen_num_lanes_0__active_lane_lane_instance_i_fma/U1310/Y (NOR2_X0P5B_A9TR)                                                  0.06      0.05 *     6.78 f                   0.90
  gemm_unit/u_accumulator_vec/g_lane_30__u_add/fpnew_add/gen_operation_groups_0__i_opgroup_block/gen_parallel_slices_0__active_format_i_fmt_slice/gen_num_lanes_0__active_lane_lane_instance_i_fma/n1832 (net)                                                      3                   0.00       6.78 f                   
  gemm_unit/u_accumulator_vec/g_lane_30__u_add/fpnew_add/gen_operation_groups_0__i_opgroup_block/gen_parallel_slices_0__active_format_i_fmt_slice/gen_num_lanes_0__active_lane_lane_instance_i_fma/U1311/Y (NAND2_X0P5M_A9TR)                                                 0.08      0.06 *     6.84 r                   0.90
  gemm_unit/u_accumulator_vec/g_lane_30__u_add/fpnew_add/gen_operation_groups_0__i_opgroup_block/gen_parallel_slices_0__active_format_i_fmt_slice/gen_num_lanes_0__active_lane_lane_instance_i_fma/n1841 (net)                                                      3                   0.00       6.84 r                   
  gemm_unit/u_accumulator_vec/g_lane_30__u_add/fpnew_add/gen_operation_groups_0__i_opgroup_block/gen_parallel_slices_0__active_format_i_fmt_slice/gen_num_lanes_0__active_lane_lane_instance_i_fma/U1312/Y (NOR2_X0P5B_A9TR)                                                  0.06      0.06 *     6.90 f                   0.90
  gemm_unit/u_accumulator_vec/g_lane_30__u_add/fpnew_add/gen_operation_groups_0__i_opgroup_block/gen_parallel_slices_0__active_format_i_fmt_slice/gen_num_lanes_0__active_lane_lane_instance_i_fma/n1840 (net)                                                      3                   0.00       6.90 f                   
  gemm_unit/u_accumulator_vec/g_lane_30__u_add/fpnew_add/gen_operation_groups_0__i_opgroup_block/gen_parallel_slices_0__active_format_i_fmt_slice/gen_num_lanes_0__active_lane_lane_instance_i_fma/U1313/Y (NAND2_X0P5M_A9TR)                                                 0.08      0.06 *     6.96 r                   0.90
  gemm_unit/u_accumulator_vec/g_lane_30__u_add/fpnew_add/gen_operation_groups_0__i_opgroup_block/gen_parallel_slices_0__active_format_i_fmt_slice/gen_num_lanes_0__active_lane_lane_instance_i_fma/n1857 (net)                                                      3                   0.00       6.96 r                   
  gemm_unit/u_accumulator_vec/g_lane_30__u_add/fpnew_add/gen_operation_groups_0__i_opgroup_block/gen_parallel_slices_0__active_format_i_fmt_slice/gen_num_lanes_0__active_lane_lane_instance_i_fma/U1314/Y (NOR2_X0P5B_A9TR)                                                  0.06      0.06 *     7.01 f                   0.90
  gemm_unit/u_accumulator_vec/g_lane_30__u_add/fpnew_add/gen_operation_groups_0__i_opgroup_block/gen_parallel_slices_0__active_format_i_fmt_slice/gen_num_lanes_0__active_lane_lane_instance_i_fma/n1856 (net)                                                      3                   0.00       7.01 f                   
  gemm_unit/u_accumulator_vec/g_lane_30__u_add/fpnew_add/gen_operation_groups_0__i_opgroup_block/gen_parallel_slices_0__active_format_i_fmt_slice/gen_num_lanes_0__active_lane_lane_instance_i_fma/U1315/Y (NAND2_X0P5M_A9TR)                                                 0.08      0.06 *     7.07 r                   0.90
  gemm_unit/u_accumulator_vec/g_lane_30__u_add/fpnew_add/gen_operation_groups_0__i_opgroup_block/gen_parallel_slices_0__active_format_i_fmt_slice/gen_num_lanes_0__active_lane_lane_instance_i_fma/n1849 (net)                                                      3                   0.00       7.07 r                   
  gemm_unit/u_accumulator_vec/g_lane_30__u_add/fpnew_add/gen_operation_groups_0__i_opgroup_block/gen_parallel_slices_0__active_format_i_fmt_slice/gen_num_lanes_0__active_lane_lane_instance_i_fma/U1316/Y (NOR2_X0P5B_A9TR)                                                  0.06      0.06 *     7.13 f                   0.90
  gemm_unit/u_accumulator_vec/g_lane_30__u_add/fpnew_add/gen_operation_groups_0__i_opgroup_block/gen_parallel_slices_0__active_format_i_fmt_slice/gen_num_lanes_0__active_lane_lane_instance_i_fma/n1848 (net)                                                      3                   0.00       7.13 f                   
  gemm_unit/u_accumulator_vec/g_lane_30__u_add/fpnew_add/gen_operation_groups_0__i_opgroup_block/gen_parallel_slices_0__active_format_i_fmt_slice/gen_num_lanes_0__active_lane_lane_instance_i_fma/U1317/Y (NAND2_X0P5M_A9TR)                                                 0.09      0.06 *     7.19 r                   0.90
  gemm_unit/u_accumulator_vec/g_lane_30__u_add/fpnew_add/gen_operation_groups_0__i_opgroup_block/gen_parallel_slices_0__active_format_i_fmt_slice/gen_num_lanes_0__active_lane_lane_instance_i_fma/n1802 (net)                                                      3                   0.00       7.19 r                   
  gemm_unit/u_accumulator_vec/g_lane_30__u_add/fpnew_add/gen_operation_groups_0__i_opgroup_block/gen_parallel_slices_0__active_format_i_fmt_slice/gen_num_lanes_0__active_lane_lane_instance_i_fma/U1318/Y (NOR2_X0P5B_A9TR)                                                  0.06      0.06 *     7.25 f                   0.90
  gemm_unit/u_accumulator_vec/g_lane_30__u_add/fpnew_add/gen_operation_groups_0__i_opgroup_block/gen_parallel_slices_0__active_format_i_fmt_slice/gen_num_lanes_0__active_lane_lane_instance_i_fma/n1801 (net)                                                      3                   0.00       7.25 f                   
  gemm_unit/u_accumulator_vec/g_lane_30__u_add/fpnew_add/gen_operation_groups_0__i_opgroup_block/gen_parallel_slices_0__active_format_i_fmt_slice/gen_num_lanes_0__active_lane_lane_instance_i_fma/U1319/Y (NAND2_X0P5M_A9TR)                                                 0.09      0.06 *     7.31 r                   0.90
  gemm_unit/u_accumulator_vec/g_lane_30__u_add/fpnew_add/gen_operation_groups_0__i_opgroup_block/gen_parallel_slices_0__active_format_i_fmt_slice/gen_num_lanes_0__active_lane_lane_instance_i_fma/n1795 (net)                                                      3                   0.00       7.31 r                   
  gemm_unit/u_accumulator_vec/g_lane_30__u_add/fpnew_add/gen_operation_groups_0__i_opgroup_block/gen_parallel_slices_0__active_format_i_fmt_slice/gen_num_lanes_0__active_lane_lane_instance_i_fma/U1320/Y (NOR2_X0P5B_A9TR)                                                  0.06      0.06 *     7.37 f                   0.90
  gemm_unit/u_accumulator_vec/g_lane_30__u_add/fpnew_add/gen_operation_groups_0__i_opgroup_block/gen_parallel_slices_0__active_format_i_fmt_slice/gen_num_lanes_0__active_lane_lane_instance_i_fma/n2572 (net)                                                      3                   0.00       7.37 f                   
  gemm_unit/u_accumulator_vec/g_lane_30__u_add/fpnew_add/gen_operation_groups_0__i_opgroup_block/gen_parallel_slices_0__active_format_i_fmt_slice/gen_num_lanes_0__active_lane_lane_instance_i_fma/U1321/Y (NAND2_X0P5M_A9TR)                                                 0.06      0.06 *     7.43 r                   0.90
  gemm_unit/u_accumulator_vec/g_lane_30__u_add/fpnew_add/gen_operation_groups_0__i_opgroup_block/gen_parallel_slices_0__active_format_i_fmt_slice/gen_num_lanes_0__active_lane_lane_instance_i_fma/n2571 (net)                                                      2                   0.00       7.43 r                   
  gemm_unit/u_accumulator_vec/g_lane_30__u_add/fpnew_add/gen_operation_groups_0__i_opgroup_block/gen_parallel_slices_0__active_format_i_fmt_slice/gen_num_lanes_0__active_lane_lane_instance_i_fma/U1322/Y (NOR2_X0P5B_A9TR)                                                  0.04      0.05 *     7.47 f                   0.90
  gemm_unit/u_accumulator_vec/g_lane_30__u_add/fpnew_add/gen_operation_groups_0__i_opgroup_block/gen_parallel_slices_0__active_format_i_fmt_slice/gen_num_lanes_0__active_lane_lane_instance_i_fma/n2483 (net)                                                      2                   0.00       7.47 f                   
  gemm_unit/u_accumulator_vec/g_lane_30__u_add/fpnew_add/gen_operation_groups_0__i_opgroup_block/gen_parallel_slices_0__active_format_i_fmt_slice/gen_num_lanes_0__active_lane_lane_instance_i_fma/U1323/Y (AOI31_X0P7M_A9TR)                                                 0.77      0.46 *     7.94 r                   0.90
  gemm_unit/u_accumulator_vec/g_lane_30__u_add/fpnew_add/gen_operation_groups_0__i_opgroup_block/gen_parallel_slices_0__active_format_i_fmt_slice/gen_num_lanes_0__active_lane_lane_instance_i_fma/n1735 (net)                                                     33                   0.00       7.94 r                   
  gemm_unit/u_accumulator_vec/g_lane_30__u_add/fpnew_add/gen_operation_groups_0__i_opgroup_block/gen_parallel_slices_0__active_format_i_fmt_slice/gen_num_lanes_0__active_lane_lane_instance_i_fma/U960/Y (BUF_X1M_A9TR)                                                      0.19      0.23 *     8.17 r                   0.90
  gemm_unit/u_accumulator_vec/g_lane_30__u_add/fpnew_add/gen_operation_groups_0__i_opgroup_block/gen_parallel_slices_0__active_format_i_fmt_slice/gen_num_lanes_0__active_lane_lane_instance_i_fma/n2687 (net)                                                     20                   0.00       8.17 r                   
  gemm_unit/u_accumulator_vec/g_lane_30__u_add/fpnew_add/gen_operation_groups_0__i_opgroup_block/gen_parallel_slices_0__active_format_i_fmt_slice/gen_num_lanes_0__active_lane_lane_instance_i_fma/U966/Y (INV_X0P7M_A9TR)                                                    0.15      0.15 *     8.32 f                   0.90
  gemm_unit/u_accumulator_vec/g_lane_30__u_add/fpnew_add/gen_operation_groups_0__i_opgroup_block/gen_parallel_slices_0__active_format_i_fmt_slice/gen_num_lanes_0__active_lane_lane_instance_i_fma/n2688 (net)                                                     19                   0.00       8.32 f                   
  gemm_unit/u_accumulator_vec/g_lane_30__u_add/fpnew_add/gen_operation_groups_0__i_opgroup_block/gen_parallel_slices_0__active_format_i_fmt_slice/gen_num_lanes_0__active_lane_lane_instance_i_fma/U1472/Y (AOI221_X0P7M_A9TR)                                                0.09      0.10 *     8.42 r                   0.90
  gemm_unit/u_accumulator_vec/g_lane_30__u_add/fpnew_add/gen_operation_groups_0__i_opgroup_block/gen_parallel_slices_0__active_format_i_fmt_slice/gen_num_lanes_0__active_lane_lane_instance_i_fma/n1969 (net)                                                      1                   0.00       8.42 r                   
  gemm_unit/u_accumulator_vec/g_lane_30__u_add/fpnew_add/gen_operation_groups_0__i_opgroup_block/gen_parallel_slices_0__active_format_i_fmt_slice/gen_num_lanes_0__active_lane_lane_instance_i_fma/U1473/Y (OA21A1OI2_X0P7M_A9TR)                                             0.05      0.04 *     8.46 f                   0.90
  gemm_unit/u_accumulator_vec/g_lane_30__u_add/fpnew_add/gen_operation_groups_0__i_opgroup_block/gen_parallel_slices_0__active_format_i_fmt_slice/gen_num_lanes_0__active_lane_lane_instance_i_fma/n1973 (net)                                                      1                   0.00       8.46 f                   
  gemm_unit/u_accumulator_vec/g_lane_30__u_add/fpnew_add/gen_operation_groups_0__i_opgroup_block/gen_parallel_slices_0__active_format_i_fmt_slice/gen_num_lanes_0__active_lane_lane_instance_i_fma/U1474/Y (XNOR2_X0P5M_A9TR)                                                 0.06      0.07 *     8.53 f                   0.90
  gemm_unit/u_accumulator_vec/g_lane_30__u_add/fpnew_add/gen_operation_groups_0__i_opgroup_block/gen_parallel_slices_0__active_format_i_fmt_slice/gen_num_lanes_0__active_lane_lane_instance_i_fma/sum[26] (net)                                                    1                   0.00       8.53 f                   
  gemm_unit/u_accumulator_vec/g_lane_30__u_add/fpnew_add/gen_operation_groups_0__i_opgroup_block/gen_parallel_slices_0__active_format_i_fmt_slice/gen_num_lanes_0__active_lane_lane_instance_i_fma/mid_pipe_sum_q_reg_1__26_/D (DFFRPQ_X0P5M_A9TR)                            0.06      0.00 *     8.53 f                   0.90
  data arrival time                                                                                                                                                                                                                                                                                8.53                     

  clock CLK (rise edge)                                                                                                                                                                                                                                                                10.00      10.00                     
  clock network delay (ideal)                                                                                                                                                                                                                                                           0.00      10.00                     
  gemm_unit/u_accumulator_vec/g_lane_30__u_add/fpnew_add/gen_operation_groups_0__i_opgroup_block/gen_parallel_slices_0__active_format_i_fmt_slice/gen_num_lanes_0__active_lane_lane_instance_i_fma/mid_pipe_sum_q_reg_1__26_/CK (DFFRPQ_X0P5M_A9TR)                                     0.00      10.00 r                   
  library setup time                                                                                                                                                                                                                                                                   -0.06       9.94                     
  data required time                                                                                                                                                                                                                                                                               9.94                     
  ---------------------------------------------------------------------------------------------------------------------------------------------------------------------------------------------------------------------------------------------------------------------------------------------------------------------------------------
  data required time                                                                                                                                                                                                                                                                               9.94                     
  data arrival time                                                                                                                                                                                                                                                                               -8.53                     
  ---------------------------------------------------------------------------------------------------------------------------------------------------------------------------------------------------------------------------------------------------------------------------------------------------------------------------------------
  slack (MET)                                                                                                                                                                                                                                                                                      1.42                     


  Startpoint: gemm_unit/u_accumulator_vec/g_lane_15__u_add/input_buffer/g_eb1_pipe_buffer/g_register_g_pipe_regs_0__pipe_register/g_shift_register/g_shift_pipe_reg_0__19_
              (rising edge-triggered flip-flop clocked by CLK)
  Endpoint: gemm_unit/u_accumulator_vec/g_lane_15__u_add/fpnew_add/gen_operation_groups_0__i_opgroup_block/gen_parallel_slices_0__active_format_i_fmt_slice/gen_num_lanes_0__active_lane_lane_instance_i_fma/mid_pipe_sum_q_reg_1__31_
            (rising edge-triggered flip-flop clocked by CLK)
  Scenario: mode_norm.OC_rvt_ss_0p900v_125c
  Path Group: CLK
  Path Type: max

Attributes:
    d - dont_touch
    u - dont_use
   mo - map_only
   so - size_only
    i - ideal_net or ideal_network
  inf - infeasible path

  Point                                                                                                                                                                                                                                                            Fanout     Trans      Incr       Path      Attributes     Voltage
  ----------------------------------------------------------------------------------------------------------------------------------------------------------------------------------------------------------------------------------------------------------------------------------------------------------------------------------------
  clock CLK (rise edge)                                                                                                                                                                                                                                                                  0.00       0.00                     
  clock network delay (ideal)                                                                                                                                                                                                                                                            0.00       0.00                     
  gemm_unit/u_accumulator_vec/g_lane_15__u_add/input_buffer/g_eb1_pipe_buffer/g_register_g_pipe_regs_0__pipe_register/g_shift_register/g_shift_pipe_reg_0__19_/CK (DFFQ_X0P5M_A9TR)                                                                                            0.00      0.00       0.00 r    i              0.90
  gemm_unit/u_accumulator_vec/g_lane_15__u_add/input_buffer/g_eb1_pipe_buffer/g_register_g_pipe_regs_0__pipe_register/g_shift_register/g_shift_pipe_reg_0__19_/Q (DFFQ_X0P5M_A9TR)                                                                                             0.15      0.17       0.17 r                   0.90
  gemm_unit/u_accumulator_vec/g_lane_15__u_add/input_buffer/g_eb1_pipe_buffer/g_register_g_pipe_regs_0__pipe_register/g_shift_register/data_out[19] (net)                                                                                                            4                   0.00       0.17 r                   
  gemm_unit/u_accumulator_vec/g_lane_15__u_add/input_buffer/g_eb1_pipe_buffer/g_register_g_pipe_regs_0__pipe_register/g_shift_register/data_out[19] (VX_shift_register_65_1_1_0_16)                                                                                                      0.00       0.17 r                   
  gemm_unit/u_accumulator_vec/g_lane_15__u_add/input_buffer/g_eb1_pipe_buffer/g_register_g_pipe_regs_0__pipe_register/data_out[19] (net)                                                                                                                                                 0.00       0.17 r                   
  gemm_unit/u_accumulator_vec/g_lane_15__u_add/input_buffer/g_eb1_pipe_buffer/g_register_g_pipe_regs_0__pipe_register/data_out[19] (VX_pipe_register_16_16)                                                                                                                              0.00       0.17 r                   
  gemm_unit/u_accumulator_vec/g_lane_15__u_add/input_buffer/g_eb1_pipe_buffer/data_out[19] (net)                                                                                                                                                                                         0.00       0.17 r                   
  gemm_unit/u_accumulator_vec/g_lane_15__u_add/input_buffer/g_eb1_pipe_buffer/data_out[19] (VX_pipe_buffer_48_16)                                                                                                                                                                        0.00       0.17 r                   
  gemm_unit/u_accumulator_vec/g_lane_15__u_add/input_buffer/data_out[19] (net)                                                                                                                                                                                                           0.00       0.17 r                   
  gemm_unit/u_accumulator_vec/g_lane_15__u_add/input_buffer/data_out[19] (VX_elastic_buffer_9_16)                                                                                                                                                                                        0.00       0.17 r                   
  gemm_unit/u_accumulator_vec/g_lane_15__u_add/fpnew_inputs_data[19] (net)                                                                                                                                                                                                               0.00       0.17 r                   
  gemm_unit/u_accumulator_vec/g_lane_15__u_add/fpnew_add/operands_i[51] (fpnew_top_00000010302__logic_Z_1yB__566949_16)                                                                                                                                                                  0.00       0.17 r                   
  gemm_unit/u_accumulator_vec/g_lane_15__u_add/fpnew_add/operands_i[51] (net)                                                                                                                                                                                                            0.00       0.17 r                   
  gemm_unit/u_accumulator_vec/g_lane_15__u_add/fpnew_add/gen_operation_groups_0__i_opgroup_block/operands_i[51] (fpnew_opgroup_block_0_00000020_0_2_10_2_155_3__logic_Z_1yB__00000000_388949_16)                                                                                         0.00       0.17 r                   
  gemm_unit/u_accumulator_vec/g_lane_15__u_add/fpnew_add/gen_operation_groups_0__i_opgroup_block/operands_i[51] (net)                                                                                                                                                                    0.00       0.17 r                   
  gemm_unit/u_accumulator_vec/g_lane_15__u_add/fpnew_add/gen_operation_groups_0__i_opgroup_block/gen_parallel_slices_0__active_format_i_fmt_slice/operands_i[51] (fpnew_opgroup_fmt_slice_0_0_00000020_0_00000001_3__logic_Z_1yB__00000000_16)                                           0.00       0.17 r                   
  gemm_unit/u_accumulator_vec/g_lane_15__u_add/fpnew_add/gen_operation_groups_0__i_opgroup_block/gen_parallel_slices_0__active_format_i_fmt_slice/operands_i[51] (net)                                                                                                                   0.00       0.17 r                   
  gemm_unit/u_accumulator_vec/g_lane_15__u_add/fpnew_add/gen_operation_groups_0__i_opgroup_block/gen_parallel_slices_0__active_format_i_fmt_slice/gen_num_lanes_0__active_lane_lane_instance_i_fma/operands_i[51] (fpnew_fma_0_00000001_3__logic_Z_1yB___logic_Z_1yB__16)                0.00       0.17 r                   
  gemm_unit/u_accumulator_vec/g_lane_15__u_add/fpnew_add/gen_operation_groups_0__i_opgroup_block/gen_parallel_slices_0__active_format_i_fmt_slice/gen_num_lanes_0__active_lane_lane_instance_i_fma/operands_i[51] (net)                                                                  0.00       0.17 r                   
  gemm_unit/u_accumulator_vec/g_lane_15__u_add/fpnew_add/gen_operation_groups_0__i_opgroup_block/gen_parallel_slices_0__active_format_i_fmt_slice/gen_num_lanes_0__active_lane_lane_instance_i_fma/i_class_inputs/operands_i[51] (fpnew_classifier_0_3_16)                               0.00       0.17 r                   
  gemm_unit/u_accumulator_vec/g_lane_15__u_add/fpnew_add/gen_operation_groups_0__i_opgroup_block/gen_parallel_slices_0__active_format_i_fmt_slice/gen_num_lanes_0__active_lane_lane_instance_i_fma/i_class_inputs/operands_i[51] (net)                                                   0.00       0.17 r                   
  gemm_unit/u_accumulator_vec/g_lane_15__u_add/fpnew_add/gen_operation_groups_0__i_opgroup_block/gen_parallel_slices_0__active_format_i_fmt_slice/gen_num_lanes_0__active_lane_lane_instance_i_fma/i_class_inputs/U21/Y (NOR3_X0P7M_A9TR)                                      0.06      0.07 *     0.25 f                   0.90
  gemm_unit/u_accumulator_vec/g_lane_15__u_add/fpnew_add/gen_operation_groups_0__i_opgroup_block/gen_parallel_slices_0__active_format_i_fmt_slice/gen_num_lanes_0__active_lane_lane_instance_i_fma/i_class_inputs/n77 (net)                                          1                   0.00       0.25 f                   
  gemm_unit/u_accumulator_vec/g_lane_15__u_add/fpnew_add/gen_operation_groups_0__i_opgroup_block/gen_parallel_slices_0__active_format_i_fmt_slice/gen_num_lanes_0__active_lane_lane_instance_i_fma/i_class_inputs/U22/Y (NOR4BB_X1M_A9TR)                                      0.05      0.07 *     0.32 f                   0.90
  gemm_unit/u_accumulator_vec/g_lane_15__u_add/fpnew_add/gen_operation_groups_0__i_opgroup_block/gen_parallel_slices_0__active_format_i_fmt_slice/gen_num_lanes_0__active_lane_lane_instance_i_fma/i_class_inputs/n79 (net)                                          1                   0.00       0.32 f                   
  gemm_unit/u_accumulator_vec/g_lane_15__u_add/fpnew_add/gen_operation_groups_0__i_opgroup_block/gen_parallel_slices_0__active_format_i_fmt_slice/gen_num_lanes_0__active_lane_lane_instance_i_fma/i_class_inputs/U23/Y (NOR4BB_X1M_A9TR)                                      0.06      0.07 *     0.39 f                   0.90
  gemm_unit/u_accumulator_vec/g_lane_15__u_add/fpnew_add/gen_operation_groups_0__i_opgroup_block/gen_parallel_slices_0__active_format_i_fmt_slice/gen_num_lanes_0__active_lane_lane_instance_i_fma/i_class_inputs/n81 (net)                                          1                   0.00       0.39 f                   
  gemm_unit/u_accumulator_vec/g_lane_15__u_add/fpnew_add/gen_operation_groups_0__i_opgroup_block/gen_parallel_slices_0__active_format_i_fmt_slice/gen_num_lanes_0__active_lane_lane_instance_i_fma/i_class_inputs/U24/Y (NOR4BB_X1M_A9TR)                                      0.07      0.09 *     0.48 f                   0.90
  gemm_unit/u_accumulator_vec/g_lane_15__u_add/fpnew_add/gen_operation_groups_0__i_opgroup_block/gen_parallel_slices_0__active_format_i_fmt_slice/gen_num_lanes_0__active_lane_lane_instance_i_fma/i_class_inputs/n91 (net)                                          3                   0.00       0.48 f                   
  gemm_unit/u_accumulator_vec/g_lane_15__u_add/fpnew_add/gen_operation_groups_0__i_opgroup_block/gen_parallel_slices_0__active_format_i_fmt_slice/gen_num_lanes_0__active_lane_lane_instance_i_fma/i_class_inputs/U25/Y (INV_X0P7M_A9TR)                                       0.04      0.04 *     0.52 r                   0.90
  gemm_unit/u_accumulator_vec/g_lane_15__u_add/fpnew_add/gen_operation_groups_0__i_opgroup_block/gen_parallel_slices_0__active_format_i_fmt_slice/gen_num_lanes_0__active_lane_lane_instance_i_fma/i_class_inputs/n87 (net)                                          2                   0.00       0.52 r                   
  gemm_unit/u_accumulator_vec/g_lane_15__u_add/fpnew_add/gen_operation_groups_0__i_opgroup_block/gen_parallel_slices_0__active_format_i_fmt_slice/gen_num_lanes_0__active_lane_lane_instance_i_fma/i_class_inputs/U33/Y (NOR2_X1M_A9TR)                                        0.08      0.06 *     0.58 f                   0.90
  gemm_unit/u_accumulator_vec/g_lane_15__u_add/fpnew_add/gen_operation_groups_0__i_opgroup_block/gen_parallel_slices_0__active_format_i_fmt_slice/gen_num_lanes_0__active_lane_lane_instance_i_fma/i_class_inputs/info_o[13] (net)                                   8                   0.00       0.58 f                   
  gemm_unit/u_accumulator_vec/g_lane_15__u_add/fpnew_add/gen_operation_groups_0__i_opgroup_block/gen_parallel_slices_0__active_format_i_fmt_slice/gen_num_lanes_0__active_lane_lane_instance_i_fma/i_class_inputs/info_o[13] (fpnew_classifier_0_3_16)                                   0.00       0.58 f                   
  gemm_unit/u_accumulator_vec/g_lane_15__u_add/fpnew_add/gen_operation_groups_0__i_opgroup_block/gen_parallel_slices_0__active_format_i_fmt_slice/gen_num_lanes_0__active_lane_lane_instance_i_fma/info_q[2] (net)                                                                       0.00       0.58 f                   
  gemm_unit/u_accumulator_vec/g_lane_15__u_add/fpnew_add/gen_operation_groups_0__i_opgroup_block/gen_parallel_slices_0__active_format_i_fmt_slice/gen_num_lanes_0__active_lane_lane_instance_i_fma/U6/Y (INV_X0P7M_A9TR)                                                       0.07      0.07 *     0.65 r                   0.90
  gemm_unit/u_accumulator_vec/g_lane_15__u_add/fpnew_add/gen_operation_groups_0__i_opgroup_block/gen_parallel_slices_0__active_format_i_fmt_slice/gen_num_lanes_0__active_lane_lane_instance_i_fma/n2084 (net)                                                       5                   0.00       0.65 r                   
  gemm_unit/u_accumulator_vec/g_lane_15__u_add/fpnew_add/gen_operation_groups_0__i_opgroup_block/gen_parallel_slices_0__active_format_i_fmt_slice/gen_num_lanes_0__active_lane_lane_instance_i_fma/U814/Y (AO21A1AI2_X0P7M_A9TR)                                               0.08      0.07 *     0.72 f                   0.90
  gemm_unit/u_accumulator_vec/g_lane_15__u_add/fpnew_add/gen_operation_groups_0__i_opgroup_block/gen_parallel_slices_0__active_format_i_fmt_slice/gen_num_lanes_0__active_lane_lane_instance_i_fma/exponent_product[0] (net)                                         3                   0.00       0.72 f                   
  gemm_unit/u_accumulator_vec/g_lane_15__u_add/fpnew_add/gen_operation_groups_0__i_opgroup_block/gen_parallel_slices_0__active_format_i_fmt_slice/gen_num_lanes_0__active_lane_lane_instance_i_fma/U816/Y (INV_X0P7M_A9TR)                                                     0.04      0.04 *     0.76 r                   0.90
  gemm_unit/u_accumulator_vec/g_lane_15__u_add/fpnew_add/gen_operation_groups_0__i_opgroup_block/gen_parallel_slices_0__active_format_i_fmt_slice/gen_num_lanes_0__active_lane_lane_instance_i_fma/n1490 (net)                                                       2                   0.00       0.76 r                   
  gemm_unit/u_accumulator_vec/g_lane_15__u_add/fpnew_add/gen_operation_groups_0__i_opgroup_block/gen_parallel_slices_0__active_format_i_fmt_slice/gen_num_lanes_0__active_lane_lane_instance_i_fma/U817/Y (NOR2_X0P5B_A9TR)                                                    0.07      0.06 *     0.82 f                   0.90
  gemm_unit/u_accumulator_vec/g_lane_15__u_add/fpnew_add/gen_operation_groups_0__i_opgroup_block/gen_parallel_slices_0__active_format_i_fmt_slice/gen_num_lanes_0__active_lane_lane_instance_i_fma/intadd_2835_B_0_ (net)                                            2                   0.00       0.82 f                   
  gemm_unit/u_accumulator_vec/g_lane_15__u_add/fpnew_add/gen_operation_groups_0__i_opgroup_block/gen_parallel_slices_0__active_format_i_fmt_slice/gen_num_lanes_0__active_lane_lane_instance_i_fma/intadd_2835_U8/CO (ADDF_X1M_A9TR)                                           0.03      0.11 *     0.92 f    mo             0.90
  gemm_unit/u_accumulator_vec/g_lane_15__u_add/fpnew_add/gen_operation_groups_0__i_opgroup_block/gen_parallel_slices_0__active_format_i_fmt_slice/gen_num_lanes_0__active_lane_lane_instance_i_fma/intadd_2835_n7 (net)                                              1                   0.00       0.92 f                   
  gemm_unit/u_accumulator_vec/g_lane_15__u_add/fpnew_add/gen_operation_groups_0__i_opgroup_block/gen_parallel_slices_0__active_format_i_fmt_slice/gen_num_lanes_0__active_lane_lane_instance_i_fma/intadd_2835_U7/CO (ADDF_X1M_A9TR)                                           0.03      0.08 *     1.01 f    mo             0.90
  gemm_unit/u_accumulator_vec/g_lane_15__u_add/fpnew_add/gen_operation_groups_0__i_opgroup_block/gen_parallel_slices_0__active_format_i_fmt_slice/gen_num_lanes_0__active_lane_lane_instance_i_fma/intadd_2835_n6 (net)                                              1                   0.00       1.01 f                   
  gemm_unit/u_accumulator_vec/g_lane_15__u_add/fpnew_add/gen_operation_groups_0__i_opgroup_block/gen_parallel_slices_0__active_format_i_fmt_slice/gen_num_lanes_0__active_lane_lane_instance_i_fma/intadd_2835_U6/CO (ADDF_X1M_A9TR)                                           0.03      0.08 *     1.09 f    mo             0.90
  gemm_unit/u_accumulator_vec/g_lane_15__u_add/fpnew_add/gen_operation_groups_0__i_opgroup_block/gen_parallel_slices_0__active_format_i_fmt_slice/gen_num_lanes_0__active_lane_lane_instance_i_fma/intadd_2835_n5 (net)                                              1                   0.00       1.09 f                   
  gemm_unit/u_accumulator_vec/g_lane_15__u_add/fpnew_add/gen_operation_groups_0__i_opgroup_block/gen_parallel_slices_0__active_format_i_fmt_slice/gen_num_lanes_0__active_lane_lane_instance_i_fma/intadd_2835_U5/CO (ADDF_X1M_A9TR)                                           0.03      0.08 *     1.18 f    mo             0.90
  gemm_unit/u_accumulator_vec/g_lane_15__u_add/fpnew_add/gen_operation_groups_0__i_opgroup_block/gen_parallel_slices_0__active_format_i_fmt_slice/gen_num_lanes_0__active_lane_lane_instance_i_fma/intadd_2835_n4 (net)                                              1                   0.00       1.18 f                   
  gemm_unit/u_accumulator_vec/g_lane_15__u_add/fpnew_add/gen_operation_groups_0__i_opgroup_block/gen_parallel_slices_0__active_format_i_fmt_slice/gen_num_lanes_0__active_lane_lane_instance_i_fma/intadd_2835_U4/CO (ADDF_X1M_A9TR)                                           0.03      0.08 *     1.26 f    mo             0.90
  gemm_unit/u_accumulator_vec/g_lane_15__u_add/fpnew_add/gen_operation_groups_0__i_opgroup_block/gen_parallel_slices_0__active_format_i_fmt_slice/gen_num_lanes_0__active_lane_lane_instance_i_fma/intadd_2835_n3 (net)                                              1                   0.00       1.26 f                   
  gemm_unit/u_accumulator_vec/g_lane_15__u_add/fpnew_add/gen_operation_groups_0__i_opgroup_block/gen_parallel_slices_0__active_format_i_fmt_slice/gen_num_lanes_0__active_lane_lane_instance_i_fma/intadd_2835_U3/CO (ADDF_X1M_A9TR)                                           0.03      0.08 *     1.35 f    mo             0.90
  gemm_unit/u_accumulator_vec/g_lane_15__u_add/fpnew_add/gen_operation_groups_0__i_opgroup_block/gen_parallel_slices_0__active_format_i_fmt_slice/gen_num_lanes_0__active_lane_lane_instance_i_fma/intadd_2835_n2 (net)                                              1                   0.00       1.35 f                   
  gemm_unit/u_accumulator_vec/g_lane_15__u_add/fpnew_add/gen_operation_groups_0__i_opgroup_block/gen_parallel_slices_0__active_format_i_fmt_slice/gen_num_lanes_0__active_lane_lane_instance_i_fma/intadd_2835_U2/CO (ADDF_X1M_A9TR)                                           0.03      0.08 *     1.43 f    mo             0.90
  gemm_unit/u_accumulator_vec/g_lane_15__u_add/fpnew_add/gen_operation_groups_0__i_opgroup_block/gen_parallel_slices_0__active_format_i_fmt_slice/gen_num_lanes_0__active_lane_lane_instance_i_fma/intadd_2835_n1 (net)                                              2                   0.00       1.43 f                   
  gemm_unit/u_accumulator_vec/g_lane_15__u_add/fpnew_add/gen_operation_groups_0__i_opgroup_block/gen_parallel_slices_0__active_format_i_fmt_slice/gen_num_lanes_0__active_lane_lane_instance_i_fma/U19/Y (NOR2_X0P5B_A9TR)                                                     0.05      0.04 *     1.47 r                   0.90
  gemm_unit/u_accumulator_vec/g_lane_15__u_add/fpnew_add/gen_operation_groups_0__i_opgroup_block/gen_parallel_slices_0__active_format_i_fmt_slice/gen_num_lanes_0__active_lane_lane_instance_i_fma/n945 (net)                                                        2                   0.00       1.47 r                   
  gemm_unit/u_accumulator_vec/g_lane_15__u_add/fpnew_add/gen_operation_groups_0__i_opgroup_block/gen_parallel_slices_0__active_format_i_fmt_slice/gen_num_lanes_0__active_lane_lane_instance_i_fma/U34/Y (NAND3BB_X1M_A9TR)                                                    0.15      0.12 *     1.59 r                   0.90
  gemm_unit/u_accumulator_vec/g_lane_15__u_add/fpnew_add/gen_operation_groups_0__i_opgroup_block/gen_parallel_slices_0__active_format_i_fmt_slice/gen_num_lanes_0__active_lane_lane_instance_i_fma/n2118 (net)                                                      14                   0.00       1.59 r                   
  gemm_unit/u_accumulator_vec/g_lane_15__u_add/fpnew_add/gen_operation_groups_0__i_opgroup_block/gen_parallel_slices_0__active_format_i_fmt_slice/gen_num_lanes_0__active_lane_lane_instance_i_fma/U133/Y (INV_X0P7M_A9TR)                                                     0.08      0.09 *     1.68 f                   0.90
  gemm_unit/u_accumulator_vec/g_lane_15__u_add/fpnew_add/gen_operation_groups_0__i_opgroup_block/gen_parallel_slices_0__active_format_i_fmt_slice/gen_num_lanes_0__active_lane_lane_instance_i_fma/n2631 (net)                                                       7                   0.00       1.68 f                   
  gemm_unit/u_accumulator_vec/g_lane_15__u_add/fpnew_add/gen_operation_groups_0__i_opgroup_block/gen_parallel_slices_0__active_format_i_fmt_slice/gen_num_lanes_0__active_lane_lane_instance_i_fma/U44/Y (NAND2_X0P5M_A9TR)                                                    0.08      0.07 *     1.75 r                   0.90
  gemm_unit/u_accumulator_vec/g_lane_15__u_add/fpnew_add/gen_operation_groups_0__i_opgroup_block/gen_parallel_slices_0__active_format_i_fmt_slice/gen_num_lanes_0__active_lane_lane_instance_i_fma/n1182 (net)                                                       3                   0.00       1.75 r                   
  gemm_unit/u_accumulator_vec/g_lane_15__u_add/fpnew_add/gen_operation_groups_0__i_opgroup_block/gen_parallel_slices_0__active_format_i_fmt_slice/gen_num_lanes_0__active_lane_lane_instance_i_fma/U49/Y (NAND2_X0P5M_A9TR)                                                    0.08      0.07 *     1.82 f                   0.90
  gemm_unit/u_accumulator_vec/g_lane_15__u_add/fpnew_add/gen_operation_groups_0__i_opgroup_block/gen_parallel_slices_0__active_format_i_fmt_slice/gen_num_lanes_0__active_lane_lane_instance_i_fma/n1491 (net)                                                       4                   0.00       1.82 f                   
  gemm_unit/u_accumulator_vec/g_lane_15__u_add/fpnew_add/gen_operation_groups_0__i_opgroup_block/gen_parallel_slices_0__active_format_i_fmt_slice/gen_num_lanes_0__active_lane_lane_instance_i_fma/U819/Y (NOR2_X1M_A9TR)                                                      0.15      0.12 *     1.93 r                   0.90
  gemm_unit/u_accumulator_vec/g_lane_15__u_add/fpnew_add/gen_operation_groups_0__i_opgroup_block/gen_parallel_slices_0__active_format_i_fmt_slice/gen_num_lanes_0__active_lane_lane_instance_i_fma/addend_shamt[0] (net)                                             9                   0.00       1.93 r                   
  gemm_unit/u_accumulator_vec/g_lane_15__u_add/fpnew_add/gen_operation_groups_0__i_opgroup_block/gen_parallel_slices_0__active_format_i_fmt_slice/gen_num_lanes_0__active_lane_lane_instance_i_fma/U166/Y (INV_X0P7M_A9TR)                                                     0.08      0.09 *     2.02 f                   0.90
  gemm_unit/u_accumulator_vec/g_lane_15__u_add/fpnew_add/gen_operation_groups_0__i_opgroup_block/gen_parallel_slices_0__active_format_i_fmt_slice/gen_num_lanes_0__active_lane_lane_instance_i_fma/n2643 (net)                                                       8                   0.00       2.02 f                   
  gemm_unit/u_accumulator_vec/g_lane_15__u_add/fpnew_add/gen_operation_groups_0__i_opgroup_block/gen_parallel_slices_0__active_format_i_fmt_slice/gen_num_lanes_0__active_lane_lane_instance_i_fma/U833/Y (NOR2_X1M_A9TR)                                                      0.29      0.20 *     2.22 r                   0.90
  gemm_unit/u_accumulator_vec/g_lane_15__u_add/fpnew_add/gen_operation_groups_0__i_opgroup_block/gen_parallel_slices_0__active_format_i_fmt_slice/gen_num_lanes_0__active_lane_lane_instance_i_fma/n1554 (net)                                                      20                   0.00       2.22 r                   
  gemm_unit/u_accumulator_vec/g_lane_15__u_add/fpnew_add/gen_operation_groups_0__i_opgroup_block/gen_parallel_slices_0__active_format_i_fmt_slice/gen_num_lanes_0__active_lane_lane_instance_i_fma/U892/Y (AOI222_X0P7M_A9TR)                                                  0.14      0.15 *     2.37 f                   0.90
  gemm_unit/u_accumulator_vec/g_lane_15__u_add/fpnew_add/gen_operation_groups_0__i_opgroup_block/gen_parallel_slices_0__active_format_i_fmt_slice/gen_num_lanes_0__active_lane_lane_instance_i_fma/n1532 (net)                                                       2                   0.00       2.37 f                   
  gemm_unit/u_accumulator_vec/g_lane_15__u_add/fpnew_add/gen_operation_groups_0__i_opgroup_block/gen_parallel_slices_0__active_format_i_fmt_slice/gen_num_lanes_0__active_lane_lane_instance_i_fma/U895/Y (AOI22_X0P5M_A9TR)                                                   0.21      0.18 *     2.55 r                   0.90
  gemm_unit/u_accumulator_vec/g_lane_15__u_add/fpnew_add/gen_operation_groups_0__i_opgroup_block/gen_parallel_slices_0__active_format_i_fmt_slice/gen_num_lanes_0__active_lane_lane_instance_i_fma/n1699 (net)                                                       5                   0.00       2.55 r                   
  gemm_unit/u_accumulator_vec/g_lane_15__u_add/fpnew_add/gen_operation_groups_0__i_opgroup_block/gen_parallel_slices_0__active_format_i_fmt_slice/gen_num_lanes_0__active_lane_lane_instance_i_fma/U896/Y (OAI22_X0P5M_A9TR)                                                   0.13      0.13 *     2.67 f                   0.90
  gemm_unit/u_accumulator_vec/g_lane_15__u_add/fpnew_add/gen_operation_groups_0__i_opgroup_block/gen_parallel_slices_0__active_format_i_fmt_slice/gen_num_lanes_0__active_lane_lane_instance_i_fma/n1660 (net)                                                       4                   0.00       2.67 f                   
  gemm_unit/u_accumulator_vec/g_lane_15__u_add/fpnew_add/gen_operation_groups_0__i_opgroup_block/gen_parallel_slices_0__active_format_i_fmt_slice/gen_num_lanes_0__active_lane_lane_instance_i_fma/U911/Y (AOI22_X0P5M_A9TR)                                                   0.10      0.12 *     2.79 r                   0.90
  gemm_unit/u_accumulator_vec/g_lane_15__u_add/fpnew_add/gen_operation_groups_0__i_opgroup_block/gen_parallel_slices_0__active_format_i_fmt_slice/gen_num_lanes_0__active_lane_lane_instance_i_fma/n1711 (net)                                                       2                   0.00       2.79 r                   
  gemm_unit/u_accumulator_vec/g_lane_15__u_add/fpnew_add/gen_operation_groups_0__i_opgroup_block/gen_parallel_slices_0__active_format_i_fmt_slice/gen_num_lanes_0__active_lane_lane_instance_i_fma/U912/Y (NAND2_X0P5M_A9TR)                                                   0.07      0.05 *     2.84 f                   0.90
  gemm_unit/u_accumulator_vec/g_lane_15__u_add/fpnew_add/gen_operation_groups_0__i_opgroup_block/gen_parallel_slices_0__active_format_i_fmt_slice/gen_num_lanes_0__active_lane_lane_instance_i_fma/n1655 (net)                                                       2                   0.00       2.84 f                   
  gemm_unit/u_accumulator_vec/g_lane_15__u_add/fpnew_add/gen_operation_groups_0__i_opgroup_block/gen_parallel_slices_0__active_format_i_fmt_slice/gen_num_lanes_0__active_lane_lane_instance_i_fma/U922/Y (AND4_X0P7M_A9TR)                                                    0.02      0.08 *     2.93 f                   0.90
  gemm_unit/u_accumulator_vec/g_lane_15__u_add/fpnew_add/gen_operation_groups_0__i_opgroup_block/gen_parallel_slices_0__active_format_i_fmt_slice/gen_num_lanes_0__active_lane_lane_instance_i_fma/n1579 (net)                                                       1                   0.00       2.93 f                   
  gemm_unit/u_accumulator_vec/g_lane_15__u_add/fpnew_add/gen_operation_groups_0__i_opgroup_block/gen_parallel_slices_0__active_format_i_fmt_slice/gen_num_lanes_0__active_lane_lane_instance_i_fma/U988/Y (NOR4BB_X0P7M_A9TR)                                                  0.04      0.06 *     2.99 f                   0.90
  gemm_unit/u_accumulator_vec/g_lane_15__u_add/fpnew_add/gen_operation_groups_0__i_opgroup_block/gen_parallel_slices_0__active_format_i_fmt_slice/gen_num_lanes_0__active_lane_lane_instance_i_fma/n1613 (net)                                                       1                   0.00       2.99 f                   
  gemm_unit/u_accumulator_vec/g_lane_15__u_add/fpnew_add/gen_operation_groups_0__i_opgroup_block/gen_parallel_slices_0__active_format_i_fmt_slice/gen_num_lanes_0__active_lane_lane_instance_i_fma/U1016/Y (NOR4BB_X0P7M_A9TR)                                                 0.05      0.07 *     3.05 f                   0.90
  gemm_unit/u_accumulator_vec/g_lane_15__u_add/fpnew_add/gen_operation_groups_0__i_opgroup_block/gen_parallel_slices_0__active_format_i_fmt_slice/gen_num_lanes_0__active_lane_lane_instance_i_fma/n1625 (net)                                                       1                   0.00       3.05 f                   
  gemm_unit/u_accumulator_vec/g_lane_15__u_add/fpnew_add/gen_operation_groups_0__i_opgroup_block/gen_parallel_slices_0__active_format_i_fmt_slice/gen_num_lanes_0__active_lane_lane_instance_i_fma/U1027/Y (OAI22_X0P5M_A9TR)                                                  0.17      0.12 *     3.17 r                   0.90
  gemm_unit/u_accumulator_vec/g_lane_15__u_add/fpnew_add/gen_operation_groups_0__i_opgroup_block/gen_parallel_slices_0__active_format_i_fmt_slice/gen_num_lanes_0__active_lane_lane_instance_i_fma/mid_pipe_sticky_q[0] (net)                                        3                   0.00       3.17 r                   
  gemm_unit/u_accumulator_vec/g_lane_15__u_add/fpnew_add/gen_operation_groups_0__i_opgroup_block/gen_parallel_slices_0__active_format_i_fmt_slice/gen_num_lanes_0__active_lane_lane_instance_i_fma/U1221/Y (NOR3_X1M_A9TR)                                                     0.10      0.10 *     3.27 f                   0.90
  gemm_unit/u_accumulator_vec/g_lane_15__u_add/fpnew_add/gen_operation_groups_0__i_opgroup_block/gen_parallel_slices_0__active_format_i_fmt_slice/gen_num_lanes_0__active_lane_lane_instance_i_fma/n2566 (net)                                                       3                   0.00       3.27 f                   
  gemm_unit/u_accumulator_vec/g_lane_15__u_add/fpnew_add/gen_operation_groups_0__i_opgroup_block/gen_parallel_slices_0__active_format_i_fmt_slice/gen_num_lanes_0__active_lane_lane_instance_i_fma/U1226/Y (NAND3_X0P7M_A9TR)                                                  0.12      0.10 *     3.37 r                   0.90
  gemm_unit/u_accumulator_vec/g_lane_15__u_add/fpnew_add/gen_operation_groups_0__i_opgroup_block/gen_parallel_slices_0__active_format_i_fmt_slice/gen_num_lanes_0__active_lane_lane_instance_i_fma/n2563 (net)                                                       5                   0.00       3.37 r                   
  gemm_unit/u_accumulator_vec/g_lane_15__u_add/fpnew_add/gen_operation_groups_0__i_opgroup_block/gen_parallel_slices_0__active_format_i_fmt_slice/gen_num_lanes_0__active_lane_lane_instance_i_fma/U1227/Y (NOR3_X1M_A9TR)                                                     0.08      0.08 *     3.46 f                   0.90
  gemm_unit/u_accumulator_vec/g_lane_15__u_add/fpnew_add/gen_operation_groups_0__i_opgroup_block/gen_parallel_slices_0__active_format_i_fmt_slice/gen_num_lanes_0__active_lane_lane_instance_i_fma/n2560 (net)                                                       3                   0.00       3.46 f                   
  gemm_unit/u_accumulator_vec/g_lane_15__u_add/fpnew_add/gen_operation_groups_0__i_opgroup_block/gen_parallel_slices_0__active_format_i_fmt_slice/gen_num_lanes_0__active_lane_lane_instance_i_fma/U1232/Y (NAND3_X0P7M_A9TR)                                                  0.12      0.09 *     3.55 r                   0.90
  gemm_unit/u_accumulator_vec/g_lane_15__u_add/fpnew_add/gen_operation_groups_0__i_opgroup_block/gen_parallel_slices_0__active_format_i_fmt_slice/gen_num_lanes_0__active_lane_lane_instance_i_fma/n2557 (net)                                                       5                   0.00       3.55 r                   
  gemm_unit/u_accumulator_vec/g_lane_15__u_add/fpnew_add/gen_operation_groups_0__i_opgroup_block/gen_parallel_slices_0__active_format_i_fmt_slice/gen_num_lanes_0__active_lane_lane_instance_i_fma/U1233/Y (NOR3_X1M_A9TR)                                                     0.08      0.09 *     3.64 f                   0.90
  gemm_unit/u_accumulator_vec/g_lane_15__u_add/fpnew_add/gen_operation_groups_0__i_opgroup_block/gen_parallel_slices_0__active_format_i_fmt_slice/gen_num_lanes_0__active_lane_lane_instance_i_fma/n2523 (net)                                                       3                   0.00       3.64 f                   
  gemm_unit/u_accumulator_vec/g_lane_15__u_add/fpnew_add/gen_operation_groups_0__i_opgroup_block/gen_parallel_slices_0__active_format_i_fmt_slice/gen_num_lanes_0__active_lane_lane_instance_i_fma/U1238/Y (NAND3_X0P7M_A9TR)                                                  0.12      0.09 *     3.73 r                   0.90
  gemm_unit/u_accumulator_vec/g_lane_15__u_add/fpnew_add/gen_operation_groups_0__i_opgroup_block/gen_parallel_slices_0__active_format_i_fmt_slice/gen_num_lanes_0__active_lane_lane_instance_i_fma/n2534 (net)                                                       5                   0.00       3.73 r                   
  gemm_unit/u_accumulator_vec/g_lane_15__u_add/fpnew_add/gen_operation_groups_0__i_opgroup_block/gen_parallel_slices_0__active_format_i_fmt_slice/gen_num_lanes_0__active_lane_lane_instance_i_fma/U1241/Y (NOR3_X1M_A9TR)                                                     0.08      0.08 *     3.82 f                   0.90
  gemm_unit/u_accumulator_vec/g_lane_15__u_add/fpnew_add/gen_operation_groups_0__i_opgroup_block/gen_parallel_slices_0__active_format_i_fmt_slice/gen_num_lanes_0__active_lane_lane_instance_i_fma/n2595 (net)                                                       4                   0.00       3.82 f                   
  gemm_unit/u_accumulator_vec/g_lane_15__u_add/fpnew_add/gen_operation_groups_0__i_opgroup_block/gen_parallel_slices_0__active_format_i_fmt_slice/gen_num_lanes_0__active_lane_lane_instance_i_fma/U1247/Y (NAND3_X0P7M_A9TR)                                                  0.14      0.10 *     3.92 r                   0.90
  gemm_unit/u_accumulator_vec/g_lane_15__u_add/fpnew_add/gen_operation_groups_0__i_opgroup_block/gen_parallel_slices_0__active_format_i_fmt_slice/gen_num_lanes_0__active_lane_lane_instance_i_fma/n2605 (net)                                                       5                   0.00       3.92 r                   
  gemm_unit/u_accumulator_vec/g_lane_15__u_add/fpnew_add/gen_operation_groups_0__i_opgroup_block/gen_parallel_slices_0__active_format_i_fmt_slice/gen_num_lanes_0__active_lane_lane_instance_i_fma/U1252/Y (NOR3_X1M_A9TR)                                                     0.07      0.09 *     4.00 f                   0.90
  gemm_unit/u_accumulator_vec/g_lane_15__u_add/fpnew_add/gen_operation_groups_0__i_opgroup_block/gen_parallel_slices_0__active_format_i_fmt_slice/gen_num_lanes_0__active_lane_lane_instance_i_fma/n2602 (net)                                                       4                   0.00       4.00 f                   
  gemm_unit/u_accumulator_vec/g_lane_15__u_add/fpnew_add/gen_operation_groups_0__i_opgroup_block/gen_parallel_slices_0__active_format_i_fmt_slice/gen_num_lanes_0__active_lane_lane_instance_i_fma/U1257/Y (NAND3_X0P7M_A9TR)                                                  0.14      0.10 *     4.10 r                   0.90
  gemm_unit/u_accumulator_vec/g_lane_15__u_add/fpnew_add/gen_operation_groups_0__i_opgroup_block/gen_parallel_slices_0__active_format_i_fmt_slice/gen_num_lanes_0__active_lane_lane_instance_i_fma/n2539 (net)                                                       5                   0.00       4.10 r                   
  gemm_unit/u_accumulator_vec/g_lane_15__u_add/fpnew_add/gen_operation_groups_0__i_opgroup_block/gen_parallel_slices_0__active_format_i_fmt_slice/gen_num_lanes_0__active_lane_lane_instance_i_fma/U1262/Y (NOR3_X1M_A9TR)                                                     0.07      0.09 *     4.19 f                   0.90
  gemm_unit/u_accumulator_vec/g_lane_15__u_add/fpnew_add/gen_operation_groups_0__i_opgroup_block/gen_parallel_slices_0__active_format_i_fmt_slice/gen_num_lanes_0__active_lane_lane_instance_i_fma/n2553 (net)                                                       3                   0.00       4.19 f                   
  gemm_unit/u_accumulator_vec/g_lane_15__u_add/fpnew_add/gen_operation_groups_0__i_opgroup_block/gen_parallel_slices_0__active_format_i_fmt_slice/gen_num_lanes_0__active_lane_lane_instance_i_fma/U1267/Y (NAND3_X0P7M_A9TR)                                                  0.11      0.08 *     4.27 r                   0.90
  gemm_unit/u_accumulator_vec/g_lane_15__u_add/fpnew_add/gen_operation_groups_0__i_opgroup_block/gen_parallel_slices_0__active_format_i_fmt_slice/gen_num_lanes_0__active_lane_lane_instance_i_fma/n2550 (net)                                                       4                   0.00       4.27 r                   
  gemm_unit/u_accumulator_vec/g_lane_15__u_add/fpnew_add/gen_operation_groups_0__i_opgroup_block/gen_parallel_slices_0__active_format_i_fmt_slice/gen_num_lanes_0__active_lane_lane_instance_i_fma/U1268/Y (NOR3_X1M_A9TR)                                                     0.08      0.09 *     4.36 f                   0.90
  gemm_unit/u_accumulator_vec/g_lane_15__u_add/fpnew_add/gen_operation_groups_0__i_opgroup_block/gen_parallel_slices_0__active_format_i_fmt_slice/gen_num_lanes_0__active_lane_lane_instance_i_fma/n2586 (net)                                                       2                   0.00       4.36 f                   
  gemm_unit/u_accumulator_vec/g_lane_15__u_add/fpnew_add/gen_operation_groups_0__i_opgroup_block/gen_parallel_slices_0__active_format_i_fmt_slice/gen_num_lanes_0__active_lane_lane_instance_i_fma/U1875/CO (ADDF_X1M_A9TR)                                                    0.04      0.11 *     4.47 f                   0.90
  gemm_unit/u_accumulator_vec/g_lane_15__u_add/fpnew_add/gen_operation_groups_0__i_opgroup_block/gen_parallel_slices_0__active_format_i_fmt_slice/gen_num_lanes_0__active_lane_lane_instance_i_fma/n1971 (net)                                                       3                   0.00       4.47 f                   
  gemm_unit/u_accumulator_vec/g_lane_15__u_add/fpnew_add/gen_operation_groups_0__i_opgroup_block/gen_parallel_slices_0__active_format_i_fmt_slice/gen_num_lanes_0__active_lane_lane_instance_i_fma/U1271/CON (CGENI_X1M_A9TR)                                                  0.09      0.07 *     4.54 r                   0.90
  gemm_unit/u_accumulator_vec/g_lane_15__u_add/fpnew_add/gen_operation_groups_0__i_opgroup_block/gen_parallel_slices_0__active_format_i_fmt_slice/gen_num_lanes_0__active_lane_lane_instance_i_fma/n1906 (net)                                                       3                   0.00       4.54 r                   
  gemm_unit/u_accumulator_vec/g_lane_15__u_add/fpnew_add/gen_operation_groups_0__i_opgroup_block/gen_parallel_slices_0__active_format_i_fmt_slice/gen_num_lanes_0__active_lane_lane_instance_i_fma/U1272/CON (CGENI_X1M_A9TR)                                                  0.06      0.06 *     4.60 f                   0.90
  gemm_unit/u_accumulator_vec/g_lane_15__u_add/fpnew_add/gen_operation_groups_0__i_opgroup_block/gen_parallel_slices_0__active_format_i_fmt_slice/gen_num_lanes_0__active_lane_lane_instance_i_fma/n1944 (net)                                                       3                   0.00       4.60 f                   
  gemm_unit/u_accumulator_vec/g_lane_15__u_add/fpnew_add/gen_operation_groups_0__i_opgroup_block/gen_parallel_slices_0__active_format_i_fmt_slice/gen_num_lanes_0__active_lane_lane_instance_i_fma/U1273/CON (CGENI_X1M_A9TR)                                                  0.09      0.07 *     4.67 r                   0.90
  gemm_unit/u_accumulator_vec/g_lane_15__u_add/fpnew_add/gen_operation_groups_0__i_opgroup_block/gen_parallel_slices_0__active_format_i_fmt_slice/gen_num_lanes_0__active_lane_lane_instance_i_fma/n1888 (net)                                                       3                   0.00       4.67 r                   
  gemm_unit/u_accumulator_vec/g_lane_15__u_add/fpnew_add/gen_operation_groups_0__i_opgroup_block/gen_parallel_slices_0__active_format_i_fmt_slice/gen_num_lanes_0__active_lane_lane_instance_i_fma/U1274/CON (CGENI_X1M_A9TR)                                                  0.06      0.06 *     4.73 f                   0.90
  gemm_unit/u_accumulator_vec/g_lane_15__u_add/fpnew_add/gen_operation_groups_0__i_opgroup_block/gen_parallel_slices_0__active_format_i_fmt_slice/gen_num_lanes_0__active_lane_lane_instance_i_fma/n1953 (net)                                                       3                   0.00       4.73 f                   
  gemm_unit/u_accumulator_vec/g_lane_15__u_add/fpnew_add/gen_operation_groups_0__i_opgroup_block/gen_parallel_slices_0__active_format_i_fmt_slice/gen_num_lanes_0__active_lane_lane_instance_i_fma/U1275/CON (CGENI_X1M_A9TR)                                                  0.09      0.07 *     4.81 r                   0.90
  gemm_unit/u_accumulator_vec/g_lane_15__u_add/fpnew_add/gen_operation_groups_0__i_opgroup_block/gen_parallel_slices_0__active_format_i_fmt_slice/gen_num_lanes_0__active_lane_lane_instance_i_fma/n1963 (net)                                                       3                   0.00       4.81 r                   
  gemm_unit/u_accumulator_vec/g_lane_15__u_add/fpnew_add/gen_operation_groups_0__i_opgroup_block/gen_parallel_slices_0__active_format_i_fmt_slice/gen_num_lanes_0__active_lane_lane_instance_i_fma/U1276/CON (CGENI_X1M_A9TR)                                                  0.06      0.06 *     4.87 f                   0.90
  gemm_unit/u_accumulator_vec/g_lane_15__u_add/fpnew_add/gen_operation_groups_0__i_opgroup_block/gen_parallel_slices_0__active_format_i_fmt_slice/gen_num_lanes_0__active_lane_lane_instance_i_fma/n2052 (net)                                                       3                   0.00       4.87 f                   
  gemm_unit/u_accumulator_vec/g_lane_15__u_add/fpnew_add/gen_operation_groups_0__i_opgroup_block/gen_parallel_slices_0__active_format_i_fmt_slice/gen_num_lanes_0__active_lane_lane_instance_i_fma/U1277/CON (CGENI_X1M_A9TR)                                                  0.10      0.07 *     4.94 r                   0.90
  gemm_unit/u_accumulator_vec/g_lane_15__u_add/fpnew_add/gen_operation_groups_0__i_opgroup_block/gen_parallel_slices_0__active_format_i_fmt_slice/gen_num_lanes_0__active_lane_lane_instance_i_fma/n2071 (net)                                                       3                   0.00       4.94 r                   
  gemm_unit/u_accumulator_vec/g_lane_15__u_add/fpnew_add/gen_operation_groups_0__i_opgroup_block/gen_parallel_slices_0__active_format_i_fmt_slice/gen_num_lanes_0__active_lane_lane_instance_i_fma/U1278/CON (CGENI_X1M_A9TR)                                                  0.06      0.06 *     5.00 f                   0.90
  gemm_unit/u_accumulator_vec/g_lane_15__u_add/fpnew_add/gen_operation_groups_0__i_opgroup_block/gen_parallel_slices_0__active_format_i_fmt_slice/gen_num_lanes_0__active_lane_lane_instance_i_fma/n2007 (net)                                                       3                   0.00       5.00 f                   
  gemm_unit/u_accumulator_vec/g_lane_15__u_add/fpnew_add/gen_operation_groups_0__i_opgroup_block/gen_parallel_slices_0__active_format_i_fmt_slice/gen_num_lanes_0__active_lane_lane_instance_i_fma/U1279/CON (CGENI_X1M_A9TR)                                                  0.09      0.07 *     5.08 r                   0.90
  gemm_unit/u_accumulator_vec/g_lane_15__u_add/fpnew_add/gen_operation_groups_0__i_opgroup_block/gen_parallel_slices_0__active_format_i_fmt_slice/gen_num_lanes_0__active_lane_lane_instance_i_fma/n2044 (net)                                                       3                   0.00       5.08 r                   
  gemm_unit/u_accumulator_vec/g_lane_15__u_add/fpnew_add/gen_operation_groups_0__i_opgroup_block/gen_parallel_slices_0__active_format_i_fmt_slice/gen_num_lanes_0__active_lane_lane_instance_i_fma/U1280/CON (CGENI_X1M_A9TR)                                                  0.06      0.06 *     5.14 f                   0.90
  gemm_unit/u_accumulator_vec/g_lane_15__u_add/fpnew_add/gen_operation_groups_0__i_opgroup_block/gen_parallel_slices_0__active_format_i_fmt_slice/gen_num_lanes_0__active_lane_lane_instance_i_fma/n1998 (net)                                                       3                   0.00       5.14 f                   
  gemm_unit/u_accumulator_vec/g_lane_15__u_add/fpnew_add/gen_operation_groups_0__i_opgroup_block/gen_parallel_slices_0__active_format_i_fmt_slice/gen_num_lanes_0__active_lane_lane_instance_i_fma/U1281/CON (CGENI_X1M_A9TR)                                                  0.10      0.08 *     5.21 r                   0.90
  gemm_unit/u_accumulator_vec/g_lane_15__u_add/fpnew_add/gen_operation_groups_0__i_opgroup_block/gen_parallel_slices_0__active_format_i_fmt_slice/gen_num_lanes_0__active_lane_lane_instance_i_fma/n2081 (net)                                                       3                   0.00       5.21 r                   
  gemm_unit/u_accumulator_vec/g_lane_15__u_add/fpnew_add/gen_operation_groups_0__i_opgroup_block/gen_parallel_slices_0__active_format_i_fmt_slice/gen_num_lanes_0__active_lane_lane_instance_i_fma/U1282/CON (CGENI_X1M_A9TR)                                                  0.07      0.06 *     5.27 f                   0.90
  gemm_unit/u_accumulator_vec/g_lane_15__u_add/fpnew_add/gen_operation_groups_0__i_opgroup_block/gen_parallel_slices_0__active_format_i_fmt_slice/gen_num_lanes_0__active_lane_lane_instance_i_fma/n2061 (net)                                                       3                   0.00       5.27 f                   
  gemm_unit/u_accumulator_vec/g_lane_15__u_add/fpnew_add/gen_operation_groups_0__i_opgroup_block/gen_parallel_slices_0__active_format_i_fmt_slice/gen_num_lanes_0__active_lane_lane_instance_i_fma/U1283/CON (CGENI_X1M_A9TR)                                                  0.10      0.08 *     5.35 r                   0.90
  gemm_unit/u_accumulator_vec/g_lane_15__u_add/fpnew_add/gen_operation_groups_0__i_opgroup_block/gen_parallel_slices_0__active_format_i_fmt_slice/gen_num_lanes_0__active_lane_lane_instance_i_fma/n1981 (net)                                                       3                   0.00       5.35 r                   
  gemm_unit/u_accumulator_vec/g_lane_15__u_add/fpnew_add/gen_operation_groups_0__i_opgroup_block/gen_parallel_slices_0__active_format_i_fmt_slice/gen_num_lanes_0__active_lane_lane_instance_i_fma/U1284/CON (CGENI_X1M_A9TR)                                                  0.07      0.06 *     5.41 f                   0.90
  gemm_unit/u_accumulator_vec/g_lane_15__u_add/fpnew_add/gen_operation_groups_0__i_opgroup_block/gen_parallel_slices_0__active_format_i_fmt_slice/gen_num_lanes_0__active_lane_lane_instance_i_fma/n1896 (net)                                                       3                   0.00       5.41 f                   
  gemm_unit/u_accumulator_vec/g_lane_15__u_add/fpnew_add/gen_operation_groups_0__i_opgroup_block/gen_parallel_slices_0__active_format_i_fmt_slice/gen_num_lanes_0__active_lane_lane_instance_i_fma/U1285/CON (CGENI_X1M_A9TR)                                                  0.10      0.08 *     5.49 r                   0.90
  gemm_unit/u_accumulator_vec/g_lane_15__u_add/fpnew_add/gen_operation_groups_0__i_opgroup_block/gen_parallel_slices_0__active_format_i_fmt_slice/gen_num_lanes_0__active_lane_lane_instance_i_fma/n1935 (net)                                                       3                   0.00       5.49 r                   
  gemm_unit/u_accumulator_vec/g_lane_15__u_add/fpnew_add/gen_operation_groups_0__i_opgroup_block/gen_parallel_slices_0__active_format_i_fmt_slice/gen_num_lanes_0__active_lane_lane_instance_i_fma/U1287/CON (CGENI_X1M_A9TR)                                                  0.07      0.06 *     5.55 f                   0.90
  gemm_unit/u_accumulator_vec/g_lane_15__u_add/fpnew_add/gen_operation_groups_0__i_opgroup_block/gen_parallel_slices_0__active_format_i_fmt_slice/gen_num_lanes_0__active_lane_lane_instance_i_fma/n2017 (net)                                                       3                   0.00       5.55 f                   
  gemm_unit/u_accumulator_vec/g_lane_15__u_add/fpnew_add/gen_operation_groups_0__i_opgroup_block/gen_parallel_slices_0__active_format_i_fmt_slice/gen_num_lanes_0__active_lane_lane_instance_i_fma/U1288/CON (CGENI_X1M_A9TR)                                                  0.10      0.08 *     5.63 r                   0.90
  gemm_unit/u_accumulator_vec/g_lane_15__u_add/fpnew_add/gen_operation_groups_0__i_opgroup_block/gen_parallel_slices_0__active_format_i_fmt_slice/gen_num_lanes_0__active_lane_lane_instance_i_fma/n2026 (net)                                                       3                   0.00       5.63 r                   
  gemm_unit/u_accumulator_vec/g_lane_15__u_add/fpnew_add/gen_operation_groups_0__i_opgroup_block/gen_parallel_slices_0__active_format_i_fmt_slice/gen_num_lanes_0__active_lane_lane_instance_i_fma/U1289/CON (CGENI_X1M_A9TR)                                                  0.06      0.06 *     5.69 f                   0.90
  gemm_unit/u_accumulator_vec/g_lane_15__u_add/fpnew_add/gen_operation_groups_0__i_opgroup_block/gen_parallel_slices_0__active_format_i_fmt_slice/gen_num_lanes_0__active_lane_lane_instance_i_fma/n1990 (net)                                                       3                   0.00       5.69 f                   
  gemm_unit/u_accumulator_vec/g_lane_15__u_add/fpnew_add/gen_operation_groups_0__i_opgroup_block/gen_parallel_slices_0__active_format_i_fmt_slice/gen_num_lanes_0__active_lane_lane_instance_i_fma/U1290/CON (CGENI_X1M_A9TR)                                                  0.11      0.08 *     5.77 r                   0.90
  gemm_unit/u_accumulator_vec/g_lane_15__u_add/fpnew_add/gen_operation_groups_0__i_opgroup_block/gen_parallel_slices_0__active_format_i_fmt_slice/gen_num_lanes_0__active_lane_lane_instance_i_fma/n1915 (net)                                                       3                   0.00       5.77 r                   
  gemm_unit/u_accumulator_vec/g_lane_15__u_add/fpnew_add/gen_operation_groups_0__i_opgroup_block/gen_parallel_slices_0__active_format_i_fmt_slice/gen_num_lanes_0__active_lane_lane_instance_i_fma/U1292/CON (CGENI_X1M_A9TR)                                                  0.08      0.06 *     5.83 f                   0.90
  gemm_unit/u_accumulator_vec/g_lane_15__u_add/fpnew_add/gen_operation_groups_0__i_opgroup_block/gen_parallel_slices_0__active_format_i_fmt_slice/gen_num_lanes_0__active_lane_lane_instance_i_fma/n2035 (net)                                                       3                   0.00       5.83 f                   
  gemm_unit/u_accumulator_vec/g_lane_15__u_add/fpnew_add/gen_operation_groups_0__i_opgroup_block/gen_parallel_slices_0__active_format_i_fmt_slice/gen_num_lanes_0__active_lane_lane_instance_i_fma/U1293/CON (CGENI_X1M_A9TR)                                                  0.10      0.08 *     5.91 r                   0.90
  gemm_unit/u_accumulator_vec/g_lane_15__u_add/fpnew_add/gen_operation_groups_0__i_opgroup_block/gen_parallel_slices_0__active_format_i_fmt_slice/gen_num_lanes_0__active_lane_lane_instance_i_fma/n1925 (net)                                                       3                   0.00       5.91 r                   
  gemm_unit/u_accumulator_vec/g_lane_15__u_add/fpnew_add/gen_operation_groups_0__i_opgroup_block/gen_parallel_slices_0__active_format_i_fmt_slice/gen_num_lanes_0__active_lane_lane_instance_i_fma/U1295/CON (CGENI_X1M_A9TR)                                                  0.08      0.06 *     5.97 f                   0.90
  gemm_unit/u_accumulator_vec/g_lane_15__u_add/fpnew_add/gen_operation_groups_0__i_opgroup_block/gen_parallel_slices_0__active_format_i_fmt_slice/gen_num_lanes_0__active_lane_lane_instance_i_fma/n1879 (net)                                                       3                   0.00       5.97 f                   
  gemm_unit/u_accumulator_vec/g_lane_15__u_add/fpnew_add/gen_operation_groups_0__i_opgroup_block/gen_parallel_slices_0__active_format_i_fmt_slice/gen_num_lanes_0__active_lane_lane_instance_i_fma/U1296/CON (CGENI_X1M_A9TR)                                                  0.08      0.06 *     6.03 r                   0.90
  gemm_unit/u_accumulator_vec/g_lane_15__u_add/fpnew_add/gen_operation_groups_0__i_opgroup_block/gen_parallel_slices_0__active_format_i_fmt_slice/gen_num_lanes_0__active_lane_lane_instance_i_fma/n1781 (net)                                                       2                   0.00       6.03 r                   
  gemm_unit/u_accumulator_vec/g_lane_15__u_add/fpnew_add/gen_operation_groups_0__i_opgroup_block/gen_parallel_slices_0__active_format_i_fmt_slice/gen_num_lanes_0__active_lane_lane_instance_i_fma/U1298/Y (NOR2_X0P5B_A9TR)                                                   0.06      0.05 *     6.08 f                   0.90
  gemm_unit/u_accumulator_vec/g_lane_15__u_add/fpnew_add/gen_operation_groups_0__i_opgroup_block/gen_parallel_slices_0__active_format_i_fmt_slice/gen_num_lanes_0__active_lane_lane_instance_i_fma/n2579 (net)                                                       3                   0.00       6.08 f                   
  gemm_unit/u_accumulator_vec/g_lane_15__u_add/fpnew_add/gen_operation_groups_0__i_opgroup_block/gen_parallel_slices_0__active_format_i_fmt_slice/gen_num_lanes_0__active_lane_lane_instance_i_fma/U1299/Y (NAND2_X0P5M_A9TR)                                                  0.07      0.06 *     6.15 r                   0.90
  gemm_unit/u_accumulator_vec/g_lane_15__u_add/fpnew_add/gen_operation_groups_0__i_opgroup_block/gen_parallel_slices_0__active_format_i_fmt_slice/gen_num_lanes_0__active_lane_lane_instance_i_fma/n2578 (net)                                                       3                   0.00       6.15 r                   
  gemm_unit/u_accumulator_vec/g_lane_15__u_add/fpnew_add/gen_operation_groups_0__i_opgroup_block/gen_parallel_slices_0__active_format_i_fmt_slice/gen_num_lanes_0__active_lane_lane_instance_i_fma/U1300/Y (NOR2_X0P5B_A9TR)                                                   0.06      0.05 *     6.20 f                   0.90
  gemm_unit/u_accumulator_vec/g_lane_15__u_add/fpnew_add/gen_operation_groups_0__i_opgroup_block/gen_parallel_slices_0__active_format_i_fmt_slice/gen_num_lanes_0__active_lane_lane_instance_i_fma/n1811 (net)                                                       3                   0.00       6.20 f                   
  gemm_unit/u_accumulator_vec/g_lane_15__u_add/fpnew_add/gen_operation_groups_0__i_opgroup_block/gen_parallel_slices_0__active_format_i_fmt_slice/gen_num_lanes_0__active_lane_lane_instance_i_fma/U1301/Y (NAND2_X0P5M_A9TR)                                                  0.09      0.06 *     6.26 r                   0.90
  gemm_unit/u_accumulator_vec/g_lane_15__u_add/fpnew_add/gen_operation_groups_0__i_opgroup_block/gen_parallel_slices_0__active_format_i_fmt_slice/gen_num_lanes_0__active_lane_lane_instance_i_fma/n1788 (net)                                                       3                   0.00       6.26 r                   
  gemm_unit/u_accumulator_vec/g_lane_15__u_add/fpnew_add/gen_operation_groups_0__i_opgroup_block/gen_parallel_slices_0__active_format_i_fmt_slice/gen_num_lanes_0__active_lane_lane_instance_i_fma/U1302/Y (NOR2_X0P5B_A9TR)                                                   0.06      0.06 *     6.32 f                   0.90
  gemm_unit/u_accumulator_vec/g_lane_15__u_add/fpnew_add/gen_operation_groups_0__i_opgroup_block/gen_parallel_slices_0__active_format_i_fmt_slice/gen_num_lanes_0__active_lane_lane_instance_i_fma/n1787 (net)                                                       3                   0.00       6.32 f                   
  gemm_unit/u_accumulator_vec/g_lane_15__u_add/fpnew_add/gen_operation_groups_0__i_opgroup_block/gen_parallel_slices_0__active_format_i_fmt_slice/gen_num_lanes_0__active_lane_lane_instance_i_fma/U1303/Y (NAND2_X0P5M_A9TR)                                                  0.09      0.06 *     6.38 r                   0.90
  gemm_unit/u_accumulator_vec/g_lane_15__u_add/fpnew_add/gen_operation_groups_0__i_opgroup_block/gen_parallel_slices_0__active_format_i_fmt_slice/gen_num_lanes_0__active_lane_lane_instance_i_fma/n1804 (net)                                                       3                   0.00       6.38 r                   
  gemm_unit/u_accumulator_vec/g_lane_15__u_add/fpnew_add/gen_operation_groups_0__i_opgroup_block/gen_parallel_slices_0__active_format_i_fmt_slice/gen_num_lanes_0__active_lane_lane_instance_i_fma/U1304/Y (NOR2_X0P5B_A9TR)                                                   0.06      0.06 *     6.44 f                   0.90
  gemm_unit/u_accumulator_vec/g_lane_15__u_add/fpnew_add/gen_operation_groups_0__i_opgroup_block/gen_parallel_slices_0__active_format_i_fmt_slice/gen_num_lanes_0__active_lane_lane_instance_i_fma/n1803 (net)                                                       3                   0.00       6.44 f                   
  gemm_unit/u_accumulator_vec/g_lane_15__u_add/fpnew_add/gen_operation_groups_0__i_opgroup_block/gen_parallel_slices_0__active_format_i_fmt_slice/gen_num_lanes_0__active_lane_lane_instance_i_fma/U1305/Y (NAND2_X0P5M_A9TR)                                                  0.09      0.06 *     6.50 r                   0.90
  gemm_unit/u_accumulator_vec/g_lane_15__u_add/fpnew_add/gen_operation_groups_0__i_opgroup_block/gen_parallel_slices_0__active_format_i_fmt_slice/gen_num_lanes_0__active_lane_lane_instance_i_fma/n1796 (net)                                                       3                   0.00       6.50 r                   
  gemm_unit/u_accumulator_vec/g_lane_15__u_add/fpnew_add/gen_operation_groups_0__i_opgroup_block/gen_parallel_slices_0__active_format_i_fmt_slice/gen_num_lanes_0__active_lane_lane_instance_i_fma/U1306/Y (NOR2_X0P5B_A9TR)                                                   0.06      0.06 *     6.56 f                   0.90
  gemm_unit/u_accumulator_vec/g_lane_15__u_add/fpnew_add/gen_operation_groups_0__i_opgroup_block/gen_parallel_slices_0__active_format_i_fmt_slice/gen_num_lanes_0__active_lane_lane_instance_i_fma/n1795 (net)                                                       3                   0.00       6.56 f                   
  gemm_unit/u_accumulator_vec/g_lane_15__u_add/fpnew_add/gen_operation_groups_0__i_opgroup_block/gen_parallel_slices_0__active_format_i_fmt_slice/gen_num_lanes_0__active_lane_lane_instance_i_fma/U1307/Y (NAND2_X0P5M_A9TR)                                                  0.08      0.06 *     6.62 r                   0.90
  gemm_unit/u_accumulator_vec/g_lane_15__u_add/fpnew_add/gen_operation_groups_0__i_opgroup_block/gen_parallel_slices_0__active_format_i_fmt_slice/gen_num_lanes_0__active_lane_lane_instance_i_fma/n1865 (net)                                                       3                   0.00       6.62 r                   
  gemm_unit/u_accumulator_vec/g_lane_15__u_add/fpnew_add/gen_operation_groups_0__i_opgroup_block/gen_parallel_slices_0__active_format_i_fmt_slice/gen_num_lanes_0__active_lane_lane_instance_i_fma/U1308/Y (NOR2_X0P5B_A9TR)                                                   0.06      0.06 *     6.68 f                   0.90
  gemm_unit/u_accumulator_vec/g_lane_15__u_add/fpnew_add/gen_operation_groups_0__i_opgroup_block/gen_parallel_slices_0__active_format_i_fmt_slice/gen_num_lanes_0__active_lane_lane_instance_i_fma/n1864 (net)                                                       3                   0.00       6.68 f                   
  gemm_unit/u_accumulator_vec/g_lane_15__u_add/fpnew_add/gen_operation_groups_0__i_opgroup_block/gen_parallel_slices_0__active_format_i_fmt_slice/gen_num_lanes_0__active_lane_lane_instance_i_fma/U1309/Y (NAND2_X0P5M_A9TR)                                                  0.09      0.06 *     6.75 r                   0.90
  gemm_unit/u_accumulator_vec/g_lane_15__u_add/fpnew_add/gen_operation_groups_0__i_opgroup_block/gen_parallel_slices_0__active_format_i_fmt_slice/gen_num_lanes_0__active_lane_lane_instance_i_fma/n1857 (net)                                                       3                   0.00       6.75 r                   
  gemm_unit/u_accumulator_vec/g_lane_15__u_add/fpnew_add/gen_operation_groups_0__i_opgroup_block/gen_parallel_slices_0__active_format_i_fmt_slice/gen_num_lanes_0__active_lane_lane_instance_i_fma/U1310/Y (NOR2_X0P5B_A9TR)                                                   0.06      0.06 *     6.80 f                   0.90
  gemm_unit/u_accumulator_vec/g_lane_15__u_add/fpnew_add/gen_operation_groups_0__i_opgroup_block/gen_parallel_slices_0__active_format_i_fmt_slice/gen_num_lanes_0__active_lane_lane_instance_i_fma/n1856 (net)                                                       3                   0.00       6.80 f                   
  gemm_unit/u_accumulator_vec/g_lane_15__u_add/fpnew_add/gen_operation_groups_0__i_opgroup_block/gen_parallel_slices_0__active_format_i_fmt_slice/gen_num_lanes_0__active_lane_lane_instance_i_fma/U1311/Y (NAND2_X0P5M_A9TR)                                                  0.08      0.07 *     6.87 r                   0.90
  gemm_unit/u_accumulator_vec/g_lane_15__u_add/fpnew_add/gen_operation_groups_0__i_opgroup_block/gen_parallel_slices_0__active_format_i_fmt_slice/gen_num_lanes_0__active_lane_lane_instance_i_fma/n1849 (net)                                                       3                   0.00       6.87 r                   
  gemm_unit/u_accumulator_vec/g_lane_15__u_add/fpnew_add/gen_operation_groups_0__i_opgroup_block/gen_parallel_slices_0__active_format_i_fmt_slice/gen_num_lanes_0__active_lane_lane_instance_i_fma/U1312/Y (NOR2_X0P5B_A9TR)                                                   0.06      0.06 *     6.93 f                   0.90
  gemm_unit/u_accumulator_vec/g_lane_15__u_add/fpnew_add/gen_operation_groups_0__i_opgroup_block/gen_parallel_slices_0__active_format_i_fmt_slice/gen_num_lanes_0__active_lane_lane_instance_i_fma/n1848 (net)                                                       3                   0.00       6.93 f                   
  gemm_unit/u_accumulator_vec/g_lane_15__u_add/fpnew_add/gen_operation_groups_0__i_opgroup_block/gen_parallel_slices_0__active_format_i_fmt_slice/gen_num_lanes_0__active_lane_lane_instance_i_fma/U1313/Y (NAND2_X0P5M_A9TR)                                                  0.08      0.06 *     6.99 r                   0.90
  gemm_unit/u_accumulator_vec/g_lane_15__u_add/fpnew_add/gen_operation_groups_0__i_opgroup_block/gen_parallel_slices_0__active_format_i_fmt_slice/gen_num_lanes_0__active_lane_lane_instance_i_fma/n1833 (net)                                                       3                   0.00       6.99 r                   
  gemm_unit/u_accumulator_vec/g_lane_15__u_add/fpnew_add/gen_operation_groups_0__i_opgroup_block/gen_parallel_slices_0__active_format_i_fmt_slice/gen_num_lanes_0__active_lane_lane_instance_i_fma/U1314/Y (NOR2_X0P5B_A9TR)                                                   0.06      0.05 *     7.04 f                   0.90
  gemm_unit/u_accumulator_vec/g_lane_15__u_add/fpnew_add/gen_operation_groups_0__i_opgroup_block/gen_parallel_slices_0__active_format_i_fmt_slice/gen_num_lanes_0__active_lane_lane_instance_i_fma/n1832 (net)                                                       3                   0.00       7.04 f                   
  gemm_unit/u_accumulator_vec/g_lane_15__u_add/fpnew_add/gen_operation_groups_0__i_opgroup_block/gen_parallel_slices_0__active_format_i_fmt_slice/gen_num_lanes_0__active_lane_lane_instance_i_fma/U1315/Y (NAND2_X0P5M_A9TR)                                                  0.08      0.06 *     7.10 r                   0.90
  gemm_unit/u_accumulator_vec/g_lane_15__u_add/fpnew_add/gen_operation_groups_0__i_opgroup_block/gen_parallel_slices_0__active_format_i_fmt_slice/gen_num_lanes_0__active_lane_lane_instance_i_fma/n1841 (net)                                                       3                   0.00       7.10 r                   
  gemm_unit/u_accumulator_vec/g_lane_15__u_add/fpnew_add/gen_operation_groups_0__i_opgroup_block/gen_parallel_slices_0__active_format_i_fmt_slice/gen_num_lanes_0__active_lane_lane_instance_i_fma/U1316/Y (NOR2_X0P5B_A9TR)                                                   0.06      0.05 *     7.16 f                   0.90
  gemm_unit/u_accumulator_vec/g_lane_15__u_add/fpnew_add/gen_operation_groups_0__i_opgroup_block/gen_parallel_slices_0__active_format_i_fmt_slice/gen_num_lanes_0__active_lane_lane_instance_i_fma/n1840 (net)                                                       3                   0.00       7.16 f                   
  gemm_unit/u_accumulator_vec/g_lane_15__u_add/fpnew_add/gen_operation_groups_0__i_opgroup_block/gen_parallel_slices_0__active_format_i_fmt_slice/gen_num_lanes_0__active_lane_lane_instance_i_fma/U1317/Y (NAND2_X0P5M_A9TR)                                                  0.08      0.06 *     7.22 r                   0.90
  gemm_unit/u_accumulator_vec/g_lane_15__u_add/fpnew_add/gen_operation_groups_0__i_opgroup_block/gen_parallel_slices_0__active_format_i_fmt_slice/gen_num_lanes_0__active_lane_lane_instance_i_fma/n1819 (net)                                                       3                   0.00       7.22 r                   
  gemm_unit/u_accumulator_vec/g_lane_15__u_add/fpnew_add/gen_operation_groups_0__i_opgroup_block/gen_parallel_slices_0__active_format_i_fmt_slice/gen_num_lanes_0__active_lane_lane_instance_i_fma/U1318/Y (NOR2_X0P5B_A9TR)                                                   0.06      0.06 *     7.28 f                   0.90
  gemm_unit/u_accumulator_vec/g_lane_15__u_add/fpnew_add/gen_operation_groups_0__i_opgroup_block/gen_parallel_slices_0__active_format_i_fmt_slice/gen_num_lanes_0__active_lane_lane_instance_i_fma/n1818 (net)                                                       3                   0.00       7.28 f                   
  gemm_unit/u_accumulator_vec/g_lane_15__u_add/fpnew_add/gen_operation_groups_0__i_opgroup_block/gen_parallel_slices_0__active_format_i_fmt_slice/gen_num_lanes_0__active_lane_lane_instance_i_fma/U1319/Y (NAND2_X0P5M_A9TR)                                                  0.08      0.06 *     7.34 r                   0.90
  gemm_unit/u_accumulator_vec/g_lane_15__u_add/fpnew_add/gen_operation_groups_0__i_opgroup_block/gen_parallel_slices_0__active_format_i_fmt_slice/gen_num_lanes_0__active_lane_lane_instance_i_fma/n1826 (net)                                                       3                   0.00       7.34 r                   
  gemm_unit/u_accumulator_vec/g_lane_15__u_add/fpnew_add/gen_operation_groups_0__i_opgroup_block/gen_parallel_slices_0__active_format_i_fmt_slice/gen_num_lanes_0__active_lane_lane_instance_i_fma/U1320/Y (NOR2_X0P5B_A9TR)                                                   0.06      0.06 *     7.39 f                   0.90
  gemm_unit/u_accumulator_vec/g_lane_15__u_add/fpnew_add/gen_operation_groups_0__i_opgroup_block/gen_parallel_slices_0__active_format_i_fmt_slice/gen_num_lanes_0__active_lane_lane_instance_i_fma/n2572 (net)                                                       3                   0.00       7.39 f                   
  gemm_unit/u_accumulator_vec/g_lane_15__u_add/fpnew_add/gen_operation_groups_0__i_opgroup_block/gen_parallel_slices_0__active_format_i_fmt_slice/gen_num_lanes_0__active_lane_lane_instance_i_fma/U1321/Y (NAND2_X0P5M_A9TR)                                                  0.06      0.05 *     7.45 r                   0.90
  gemm_unit/u_accumulator_vec/g_lane_15__u_add/fpnew_add/gen_operation_groups_0__i_opgroup_block/gen_parallel_slices_0__active_format_i_fmt_slice/gen_num_lanes_0__active_lane_lane_instance_i_fma/n2571 (net)                                                       2                   0.00       7.45 r                   
  gemm_unit/u_accumulator_vec/g_lane_15__u_add/fpnew_add/gen_operation_groups_0__i_opgroup_block/gen_parallel_slices_0__active_format_i_fmt_slice/gen_num_lanes_0__active_lane_lane_instance_i_fma/U1322/Y (NOR2_X0P5B_A9TR)                                                   0.04      0.04 *     7.49 f                   0.90
  gemm_unit/u_accumulator_vec/g_lane_15__u_add/fpnew_add/gen_operation_groups_0__i_opgroup_block/gen_parallel_slices_0__active_format_i_fmt_slice/gen_num_lanes_0__active_lane_lane_instance_i_fma/n2483 (net)                                                       2                   0.00       7.49 f                   
  gemm_unit/u_accumulator_vec/g_lane_15__u_add/fpnew_add/gen_operation_groups_0__i_opgroup_block/gen_parallel_slices_0__active_format_i_fmt_slice/gen_num_lanes_0__active_lane_lane_instance_i_fma/U1323/Y (AOI31_X0P7M_A9TR)                                                  0.71      0.43 *     7.92 r                   0.90
  gemm_unit/u_accumulator_vec/g_lane_15__u_add/fpnew_add/gen_operation_groups_0__i_opgroup_block/gen_parallel_slices_0__active_format_i_fmt_slice/gen_num_lanes_0__active_lane_lane_instance_i_fma/n1735 (net)                                                      31                   0.00       7.92 r                   
  gemm_unit/u_accumulator_vec/g_lane_15__u_add/fpnew_add/gen_operation_groups_0__i_opgroup_block/gen_parallel_slices_0__active_format_i_fmt_slice/gen_num_lanes_0__active_lane_lane_instance_i_fma/U1169/Y (BUF_X1M_A9TR)                                                      0.18      0.22 *     8.14 r                   0.90
  gemm_unit/u_accumulator_vec/g_lane_15__u_add/fpnew_add/gen_operation_groups_0__i_opgroup_block/gen_parallel_slices_0__active_format_i_fmt_slice/gen_num_lanes_0__active_lane_lane_instance_i_fma/n2692 (net)                                                      18                   0.00       8.14 r                   
  gemm_unit/u_accumulator_vec/g_lane_15__u_add/fpnew_add/gen_operation_groups_0__i_opgroup_block/gen_parallel_slices_0__active_format_i_fmt_slice/gen_num_lanes_0__active_lane_lane_instance_i_fma/U1324/Y (INV_X0P7M_A9TR)                                                    0.14      0.15 *     8.29 f                   0.90
  gemm_unit/u_accumulator_vec/g_lane_15__u_add/fpnew_add/gen_operation_groups_0__i_opgroup_block/gen_parallel_slices_0__active_format_i_fmt_slice/gen_num_lanes_0__active_lane_lane_instance_i_fma/n2693 (net)                                                      17                   0.00       8.29 f                   
  gemm_unit/u_accumulator_vec/g_lane_15__u_add/fpnew_add/gen_operation_groups_0__i_opgroup_block/gen_parallel_slices_0__active_format_i_fmt_slice/gen_num_lanes_0__active_lane_lane_instance_i_fma/U1468/Y (AOI221_X0P7M_A9TR)                                                 0.10      0.10 *     8.38 r                   0.90
  gemm_unit/u_accumulator_vec/g_lane_15__u_add/fpnew_add/gen_operation_groups_0__i_opgroup_block/gen_parallel_slices_0__active_format_i_fmt_slice/gen_num_lanes_0__active_lane_lane_instance_i_fma/n1960 (net)                                                       1                   0.00       8.38 r                   
  gemm_unit/u_accumulator_vec/g_lane_15__u_add/fpnew_add/gen_operation_groups_0__i_opgroup_block/gen_parallel_slices_0__active_format_i_fmt_slice/gen_num_lanes_0__active_lane_lane_instance_i_fma/U1469/Y (OA21A1OI2_X0P7M_A9TR)                                              0.06      0.05 *     8.43 f                   0.90
  gemm_unit/u_accumulator_vec/g_lane_15__u_add/fpnew_add/gen_operation_groups_0__i_opgroup_block/gen_parallel_slices_0__active_format_i_fmt_slice/gen_num_lanes_0__active_lane_lane_instance_i_fma/n1964 (net)                                                       1                   0.00       8.43 f                   
  gemm_unit/u_accumulator_vec/g_lane_15__u_add/fpnew_add/gen_operation_groups_0__i_opgroup_block/gen_parallel_slices_0__active_format_i_fmt_slice/gen_num_lanes_0__active_lane_lane_instance_i_fma/U1470/Y (XNOR2_X0P5M_A9TR)                                                  0.09      0.07 *     8.51 r                   0.90
  gemm_unit/u_accumulator_vec/g_lane_15__u_add/fpnew_add/gen_operation_groups_0__i_opgroup_block/gen_parallel_slices_0__active_format_i_fmt_slice/gen_num_lanes_0__active_lane_lane_instance_i_fma/sum[31] (net)                                                     1                   0.00       8.51 r                   
  gemm_unit/u_accumulator_vec/g_lane_15__u_add/fpnew_add/gen_operation_groups_0__i_opgroup_block/gen_parallel_slices_0__active_format_i_fmt_slice/gen_num_lanes_0__active_lane_lane_instance_i_fma/mid_pipe_sum_q_reg_1__31_/D (DFFRPQ_X0P5M_A9TR)                             0.09      0.00 *     8.51 r                   0.90
  data arrival time                                                                                                                                                                                                                                                                                 8.51                     

  clock CLK (rise edge)                                                                                                                                                                                                                                                                 10.00      10.00                     
  clock network delay (ideal)                                                                                                                                                                                                                                                            0.00      10.00                     
  gemm_unit/u_accumulator_vec/g_lane_15__u_add/fpnew_add/gen_operation_groups_0__i_opgroup_block/gen_parallel_slices_0__active_format_i_fmt_slice/gen_num_lanes_0__active_lane_lane_instance_i_fma/mid_pipe_sum_q_reg_1__31_/CK (DFFRPQ_X0P5M_A9TR)                                      0.00      10.00 r                   
  library setup time                                                                                                                                                                                                                                                                    -0.07       9.93                     
  data required time                                                                                                                                                                                                                                                                                9.93                     
  ----------------------------------------------------------------------------------------------------------------------------------------------------------------------------------------------------------------------------------------------------------------------------------------------------------------------------------------
  data required time                                                                                                                                                                                                                                                                                9.93                     
  data arrival time                                                                                                                                                                                                                                                                                -8.51                     
  ----------------------------------------------------------------------------------------------------------------------------------------------------------------------------------------------------------------------------------------------------------------------------------------------------------------------------------------
  slack (MET)                                                                                                                                                                                                                                                                                       1.43                     


  Startpoint: acc_mem_rdata_i[568]
              (input port clocked by CLK)
  Endpoint: o_rsp_data[279]
            (output port clocked by CLK)
  Scenario: mode_norm.OC_rvt_ss_0p900v_125c
  Path Group: FEEDTHROUGH
  Path Type: max

Attributes:
    d - dont_touch
    u - dont_use
   mo - map_only
   so - size_only
    i - ideal_net or ideal_network
  inf - infeasible path

  Point                                                               Fanout     Trans      Incr       Path      Attributes     Voltage
  -------------------------------------------------------------------------------------------------------------------------------------------
  clock CLK (rise edge)                                                                     0.00       0.00                     
  clock network delay (ideal)                                                               0.00       0.00                     
  input external delay                                                                      0.00       0.00 r                   
  acc_mem_rdata_i[568] (in)                                                       0.79      0.43       0.43 r                   
  acc_mem_rdata_i[568] (net)                                            2                   0.00       0.43 r                   
  gemm_unit/acc_mem_rdata_i[568] (VX_gemm_unit_h_903_242_469)                               0.00       0.43 r                   
  gemm_unit/acc_mem_rdata_i[568] (net)                                                      0.00       0.43 r                   
  gemm_unit/U21491/Y (AOI22_X0P7M_A9TR)                                           0.26      0.24 *     0.66 f                   0.90
  gemm_unit/n22142 (net)                                                1                   0.00       0.66 f                   
  gemm_unit/U21492/Y (NAND2_X0P7B_A9TR)                                           0.23      0.22 *     0.89 r                   0.90
  gemm_unit/f32_to_f16_data_vec[568] (net)                             13                   0.00       0.89 r                   
  gemm_unit/u_f32_to_f16_vec/data_i[568] (VX_vec_f32_to_f16)                                0.00       0.89 r                   
  gemm_unit/u_f32_to_f16_vec/data_i[568] (net)                                              0.00       0.89 r                   
  gemm_unit/u_f32_to_f16_vec/g_lane_17__u_cast/data_i[24] (VX_f32_to_f16_14)                0.00       0.89 r                   
  gemm_unit/u_f32_to_f16_vec/g_lane_17__u_cast/data_i[24] (net)                             0.00       0.89 r                   
  gemm_unit/u_f32_to_f16_vec/g_lane_17__u_cast/U23/Y (NOR2_X0P5B_A9TR)            0.09      0.10 *     0.99 f                   0.90
  gemm_unit/u_f32_to_f16_vec/g_lane_17__u_cast/n579 (net)               3                   0.00       0.99 f                   
  gemm_unit/u_f32_to_f16_vec/g_lane_17__u_cast/U25/Y (NAND2_X0P5M_A9TR)           0.11      0.09 *     1.09 r                   0.90
  gemm_unit/u_f32_to_f16_vec/g_lane_17__u_cast/n546 (net)               4                   0.00       1.09 r                   
  gemm_unit/u_f32_to_f16_vec/g_lane_17__u_cast/U47/Y (INV_X0P7M_A9TR)             0.03      0.03 *     1.12 f                   0.90
  gemm_unit/u_f32_to_f16_vec/g_lane_17__u_cast/n545 (net)               1                   0.00       1.12 f                   
  gemm_unit/u_f32_to_f16_vec/g_lane_17__u_cast/U48/Y (OA21A1OI2_X0P7M_A9TR)       0.21      0.14 *     1.25 r                   0.90
  gemm_unit/u_f32_to_f16_vec/g_lane_17__u_cast/n591 (net)               5                   0.00       1.25 r                   
  gemm_unit/u_f32_to_f16_vec/g_lane_17__u_cast/U83/Y (NOR2_X0P5B_A9TR)            0.11      0.13 *     1.38 f                   0.90
  gemm_unit/u_f32_to_f16_vec/g_lane_17__u_cast/n603 (net)               6                   0.00       1.38 f                   
  gemm_unit/u_f32_to_f16_vec/g_lane_17__u_cast/U110/Y (AO21A1AI2_X0P7M_A9TR)      0.15      0.14 *     1.52 r                   0.90
  gemm_unit/u_f32_to_f16_vec/g_lane_17__u_cast/n658 (net)               5                   0.00       1.52 r                   
  gemm_unit/u_f32_to_f16_vec/g_lane_17__u_cast/U120/Y (NOR2_X0P5B_A9TR)           0.06      0.07 *     1.59 f                   0.90
  gemm_unit/u_f32_to_f16_vec/g_lane_17__u_cast/n646 (net)               2                   0.00       1.59 f                   
  gemm_unit/u_f32_to_f16_vec/g_lane_17__u_cast/U123/Y (NAND2_X0P5M_A9TR)          0.08      0.06 *     1.65 r                   0.90
  gemm_unit/u_f32_to_f16_vec/g_lane_17__u_cast/n660 (net)               2                   0.00       1.65 r                   
  gemm_unit/u_f32_to_f16_vec/g_lane_17__u_cast/U124/Y (NOR2_X0P5B_A9TR)           0.04      0.05 *     1.70 f                   0.90
  gemm_unit/u_f32_to_f16_vec/g_lane_17__u_cast/n665 (net)               2                   0.00       1.70 f                   
  gemm_unit/u_f32_to_f16_vec/g_lane_17__u_cast/U127/Y (NAND2_X0P5M_A9TR)          0.06      0.05 *     1.75 r                   0.90
  gemm_unit/u_f32_to_f16_vec/g_lane_17__u_cast/n677 (net)               2                   0.00       1.75 r                   
  gemm_unit/u_f32_to_f16_vec/g_lane_17__u_cast/U128/Y (NOR2_X0P5B_A9TR)           0.05      0.04 *     1.79 f                   0.90
  gemm_unit/u_f32_to_f16_vec/g_lane_17__u_cast/n701 (net)               2                   0.00       1.79 f                   
  gemm_unit/u_f32_to_f16_vec/g_lane_17__u_cast/U130/Y (NAND2_X0P5M_A9TR)          0.07      0.06 *     1.85 r                   0.90
  gemm_unit/u_f32_to_f16_vec/g_lane_17__u_cast/n693 (net)               2                   0.00       1.85 r                   
  gemm_unit/u_f32_to_f16_vec/g_lane_17__u_cast/U193/Y (NOR2_X0P5B_A9TR)           0.08      0.05 *     1.91 f                   0.90
  gemm_unit/u_f32_to_f16_vec/g_lane_17__u_cast/n718 (net)               3                   0.00       1.91 f                   
  gemm_unit/u_f32_to_f16_vec/g_lane_17__u_cast/U202/Y (OAI22_X0P5M_A9TR)          0.08      0.07 *     1.97 r                   0.90
  gemm_unit/u_f32_to_f16_vec/g_lane_17__u_cast/n717 (net)               1                   0.00       1.97 r                   
  gemm_unit/u_f32_to_f16_vec/g_lane_17__u_cast/U203/Y (AOI21_X0P7M_A9TR)          0.05      0.04 *     2.01 f                   0.90
  gemm_unit/u_f32_to_f16_vec/g_lane_17__u_cast/n720 (net)               1                   0.00       2.01 f                   
  gemm_unit/u_f32_to_f16_vec/g_lane_17__u_cast/U204/Y (OAI31_X1M_A9TR)            0.49      0.20 *     2.21 r                   0.90
  gemm_unit/u_f32_to_f16_vec/g_lane_17__u_cast/data_o[7] (net)          1                   0.00       2.21 r                   
  gemm_unit/u_f32_to_f16_vec/g_lane_17__u_cast/data_o[7] (VX_f32_to_f16_14)                 0.00       2.21 r                   
  gemm_unit/u_f32_to_f16_vec/data_o[279] (net)                                              0.00       2.21 r                   
  gemm_unit/u_f32_to_f16_vec/data_o[279] (VX_vec_f32_to_f16)                                0.00       2.21 r                   
  gemm_unit/o_lmem_bus_if_rsp_data[282] (net)                                               0.00       2.21 r                   
  gemm_unit/o_lmem_bus_if_rsp_data[282] (VX_gemm_unit_h_903_242_469)                        0.00       2.21 r                   
  o_rsp_data[279] (net)                                                                     0.00       2.21 r                   
  o_rsp_data[279] (out)                                                           0.49      0.00 *     2.22 r                   
  data arrival time                                                                                    2.22                     

  clock CLK (rise edge)                                                                    10.00      10.00                     
  clock network delay (ideal)                                                               0.00      10.00                     
  output external delay                                                                     0.00      10.00                     
  data required time                                                                                  10.00                     
  -------------------------------------------------------------------------------------------------------------------------------------------
  data required time                                                                                  10.00                     
  data arrival time                                                                                   -2.22                     
  -------------------------------------------------------------------------------------------------------------------------------------------
  slack (MET)                                                                                          7.78                     


  Startpoint: acc_mem_rdata_i[568]
              (input port clocked by CLK)
  Endpoint: o_rsp_data[275]
            (output port clocked by CLK)
  Scenario: mode_norm.OC_rvt_ss_0p900v_125c
  Path Group: FEEDTHROUGH
  Path Type: max

Attributes:
    d - dont_touch
    u - dont_use
   mo - map_only
   so - size_only
    i - ideal_net or ideal_network
  inf - infeasible path

  Point                                                               Fanout     Trans      Incr       Path      Attributes     Voltage
  -------------------------------------------------------------------------------------------------------------------------------------------
  clock CLK (rise edge)                                                                     0.00       0.00                     
  clock network delay (ideal)                                                               0.00       0.00                     
  input external delay                                                                      0.00       0.00 r                   
  acc_mem_rdata_i[568] (in)                                                       0.79      0.43       0.43 r                   
  acc_mem_rdata_i[568] (net)                                            2                   0.00       0.43 r                   
  gemm_unit/acc_mem_rdata_i[568] (VX_gemm_unit_h_903_242_469)                               0.00       0.43 r                   
  gemm_unit/acc_mem_rdata_i[568] (net)                                                      0.00       0.43 r                   
  gemm_unit/U21491/Y (AOI22_X0P7M_A9TR)                                           0.26      0.24 *     0.66 f                   0.90
  gemm_unit/n22142 (net)                                                1                   0.00       0.66 f                   
  gemm_unit/U21492/Y (NAND2_X0P7B_A9TR)                                           0.23      0.22 *     0.89 r                   0.90
  gemm_unit/f32_to_f16_data_vec[568] (net)                             13                   0.00       0.89 r                   
  gemm_unit/u_f32_to_f16_vec/data_i[568] (VX_vec_f32_to_f16)                                0.00       0.89 r                   
  gemm_unit/u_f32_to_f16_vec/data_i[568] (net)                                              0.00       0.89 r                   
  gemm_unit/u_f32_to_f16_vec/g_lane_17__u_cast/data_i[24] (VX_f32_to_f16_14)                0.00       0.89 r                   
  gemm_unit/u_f32_to_f16_vec/g_lane_17__u_cast/data_i[24] (net)                             0.00       0.89 r                   
  gemm_unit/u_f32_to_f16_vec/g_lane_17__u_cast/U23/Y (NOR2_X0P5B_A9TR)            0.09      0.10 *     0.99 f                   0.90
  gemm_unit/u_f32_to_f16_vec/g_lane_17__u_cast/n579 (net)               3                   0.00       0.99 f                   
  gemm_unit/u_f32_to_f16_vec/g_lane_17__u_cast/U25/Y (NAND2_X0P5M_A9TR)           0.11      0.09 *     1.09 r                   0.90
  gemm_unit/u_f32_to_f16_vec/g_lane_17__u_cast/n546 (net)               4                   0.00       1.09 r                   
  gemm_unit/u_f32_to_f16_vec/g_lane_17__u_cast/U47/Y (INV_X0P7M_A9TR)             0.03      0.03 *     1.12 f                   0.90
  gemm_unit/u_f32_to_f16_vec/g_lane_17__u_cast/n545 (net)               1                   0.00       1.12 f                   
  gemm_unit/u_f32_to_f16_vec/g_lane_17__u_cast/U48/Y (OA21A1OI2_X0P7M_A9TR)       0.21      0.14 *     1.25 r                   0.90
  gemm_unit/u_f32_to_f16_vec/g_lane_17__u_cast/n591 (net)               5                   0.00       1.25 r                   
  gemm_unit/u_f32_to_f16_vec/g_lane_17__u_cast/U83/Y (NOR2_X0P5B_A9TR)            0.11      0.13 *     1.38 f                   0.90
  gemm_unit/u_f32_to_f16_vec/g_lane_17__u_cast/n603 (net)               6                   0.00       1.38 f                   
  gemm_unit/u_f32_to_f16_vec/g_lane_17__u_cast/U110/Y (AO21A1AI2_X0P7M_A9TR)      0.15      0.14 *     1.52 r                   0.90
  gemm_unit/u_f32_to_f16_vec/g_lane_17__u_cast/n658 (net)               5                   0.00       1.52 r                   
  gemm_unit/u_f32_to_f16_vec/g_lane_17__u_cast/U111/Y (NAND4_X0P5A_A9TR)          0.06      0.08 *     1.60 f                   0.90
  gemm_unit/u_f32_to_f16_vec/g_lane_17__u_cast/n589 (net)               1                   0.00       1.60 f                   
  gemm_unit/u_f32_to_f16_vec/g_lane_17__u_cast/U114/Y (AO21A1AI2_X0P7M_A9TR)      0.20      0.15 *     1.75 r                   0.90
  gemm_unit/u_f32_to_f16_vec/g_lane_17__u_cast/n705 (net)               7                   0.00       1.75 r                   
  gemm_unit/u_f32_to_f16_vec/g_lane_17__u_cast/U172/Y (NOR2_X0P5B_A9TR)           0.08      0.10 *     1.84 f                   0.90
  gemm_unit/u_f32_to_f16_vec/g_lane_17__u_cast/n674 (net)               3                   0.00       1.84 f                   
  gemm_unit/u_f32_to_f16_vec/g_lane_17__u_cast/U180/Y (OAI22_X0P5M_A9TR)          0.08      0.08 *     1.92 r                   0.90
  gemm_unit/u_f32_to_f16_vec/g_lane_17__u_cast/n672 (net)               1                   0.00       1.92 r                   
  gemm_unit/u_f32_to_f16_vec/g_lane_17__u_cast/U181/Y (AOI21_X0P7M_A9TR)          0.05      0.04 *     1.96 f                   0.90
  gemm_unit/u_f32_to_f16_vec/g_lane_17__u_cast/n675 (net)               1                   0.00       1.96 f                   
  gemm_unit/u_f32_to_f16_vec/g_lane_17__u_cast/U182/Y (OAI31_X1M_A9TR)            0.51      0.21 *     2.17 r                   0.90
  gemm_unit/u_f32_to_f16_vec/g_lane_17__u_cast/data_o[3] (net)          1                   0.00       2.17 r                   
  gemm_unit/u_f32_to_f16_vec/g_lane_17__u_cast/data_o[3] (VX_f32_to_f16_14)                 0.00       2.17 r                   
  gemm_unit/u_f32_to_f16_vec/data_o[275] (net)                                              0.00       2.17 r                   
  gemm_unit/u_f32_to_f16_vec/data_o[275] (VX_vec_f32_to_f16)                                0.00       2.17 r                   
  gemm_unit/o_lmem_bus_if_rsp_data[278] (net)                                               0.00       2.17 r                   
  gemm_unit/o_lmem_bus_if_rsp_data[278] (VX_gemm_unit_h_903_242_469)                        0.00       2.17 r                   
  o_rsp_data[275] (net)                                                                     0.00       2.17 r                   
  o_rsp_data[275] (out)                                                           0.51      0.01 *     2.18 r                   
  data arrival time                                                                                    2.18                     

  clock CLK (rise edge)                                                                    10.00      10.00                     
  clock network delay (ideal)                                                               0.00      10.00                     
  output external delay                                                                     0.00      10.00                     
  data required time                                                                                  10.00                     
  -------------------------------------------------------------------------------------------------------------------------------------------
  data required time                                                                                  10.00                     
  data arrival time                                                                                   -2.18                     
  -------------------------------------------------------------------------------------------------------------------------------------------
  slack (MET)                                                                                          7.82                     


  Startpoint: acc_mem_rdata_i[568]
              (input port clocked by CLK)
  Endpoint: o_rsp_data[277]
            (output port clocked by CLK)
  Scenario: mode_norm.OC_rvt_ss_0p900v_125c
  Path Group: FEEDTHROUGH
  Path Type: max

Attributes:
    d - dont_touch
    u - dont_use
   mo - map_only
   so - size_only
    i - ideal_net or ideal_network
  inf - infeasible path

  Point                                                               Fanout     Trans      Incr       Path      Attributes     Voltage
  -------------------------------------------------------------------------------------------------------------------------------------------
  clock CLK (rise edge)                                                                     0.00       0.00                     
  clock network delay (ideal)                                                               0.00       0.00                     
  input external delay                                                                      0.00       0.00 r                   
  acc_mem_rdata_i[568] (in)                                                       0.79      0.43       0.43 r                   
  acc_mem_rdata_i[568] (net)                                            2                   0.00       0.43 r                   
  gemm_unit/acc_mem_rdata_i[568] (VX_gemm_unit_h_903_242_469)                               0.00       0.43 r                   
  gemm_unit/acc_mem_rdata_i[568] (net)                                                      0.00       0.43 r                   
  gemm_unit/U21491/Y (AOI22_X0P7M_A9TR)                                           0.26      0.24 *     0.66 f                   0.90
  gemm_unit/n22142 (net)                                                1                   0.00       0.66 f                   
  gemm_unit/U21492/Y (NAND2_X0P7B_A9TR)                                           0.23      0.22 *     0.89 r                   0.90
  gemm_unit/f32_to_f16_data_vec[568] (net)                             13                   0.00       0.89 r                   
  gemm_unit/u_f32_to_f16_vec/data_i[568] (VX_vec_f32_to_f16)                                0.00       0.89 r                   
  gemm_unit/u_f32_to_f16_vec/data_i[568] (net)                                              0.00       0.89 r                   
  gemm_unit/u_f32_to_f16_vec/g_lane_17__u_cast/data_i[24] (VX_f32_to_f16_14)                0.00       0.89 r                   
  gemm_unit/u_f32_to_f16_vec/g_lane_17__u_cast/data_i[24] (net)                             0.00       0.89 r                   
  gemm_unit/u_f32_to_f16_vec/g_lane_17__u_cast/U23/Y (NOR2_X0P5B_A9TR)            0.09      0.10 *     0.99 f                   0.90
  gemm_unit/u_f32_to_f16_vec/g_lane_17__u_cast/n579 (net)               3                   0.00       0.99 f                   
  gemm_unit/u_f32_to_f16_vec/g_lane_17__u_cast/U25/Y (NAND2_X0P5M_A9TR)           0.11      0.09 *     1.09 r                   0.90
  gemm_unit/u_f32_to_f16_vec/g_lane_17__u_cast/n546 (net)               4                   0.00       1.09 r                   
  gemm_unit/u_f32_to_f16_vec/g_lane_17__u_cast/U47/Y (INV_X0P7M_A9TR)             0.03      0.03 *     1.12 f                   0.90
  gemm_unit/u_f32_to_f16_vec/g_lane_17__u_cast/n545 (net)               1                   0.00       1.12 f                   
  gemm_unit/u_f32_to_f16_vec/g_lane_17__u_cast/U48/Y (OA21A1OI2_X0P7M_A9TR)       0.21      0.14 *     1.25 r                   0.90
  gemm_unit/u_f32_to_f16_vec/g_lane_17__u_cast/n591 (net)               5                   0.00       1.25 r                   
  gemm_unit/u_f32_to_f16_vec/g_lane_17__u_cast/U83/Y (NOR2_X0P5B_A9TR)            0.11      0.13 *     1.38 f                   0.90
  gemm_unit/u_f32_to_f16_vec/g_lane_17__u_cast/n603 (net)               6                   0.00       1.38 f                   
  gemm_unit/u_f32_to_f16_vec/g_lane_17__u_cast/U110/Y (AO21A1AI2_X0P7M_A9TR)      0.15      0.14 *     1.52 r                   0.90
  gemm_unit/u_f32_to_f16_vec/g_lane_17__u_cast/n658 (net)               5                   0.00       1.52 r                   
  gemm_unit/u_f32_to_f16_vec/g_lane_17__u_cast/U111/Y (NAND4_X0P5A_A9TR)          0.06      0.08 *     1.60 f                   0.90
  gemm_unit/u_f32_to_f16_vec/g_lane_17__u_cast/n589 (net)               1                   0.00       1.60 f                   
  gemm_unit/u_f32_to_f16_vec/g_lane_17__u_cast/U114/Y (AO21A1AI2_X0P7M_A9TR)      0.20      0.15 *     1.75 r                   0.90
  gemm_unit/u_f32_to_f16_vec/g_lane_17__u_cast/n705 (net)               7                   0.00       1.75 r                   
  gemm_unit/u_f32_to_f16_vec/g_lane_17__u_cast/U183/Y (NOR2_X0P5B_A9TR)           0.08      0.09 *     1.84 f                   0.90
  gemm_unit/u_f32_to_f16_vec/g_lane_17__u_cast/n707 (net)               3                   0.00       1.84 f                   
  gemm_unit/u_f32_to_f16_vec/g_lane_17__u_cast/U185/Y (OAI22_X0P5M_A9TR)          0.08      0.08 *     1.91 r                   0.90
  gemm_unit/u_f32_to_f16_vec/g_lane_17__u_cast/n679 (net)               1                   0.00       1.91 r                   
  gemm_unit/u_f32_to_f16_vec/g_lane_17__u_cast/U186/Y (AOI21_X0P7M_A9TR)          0.05      0.04 *     1.95 f                   0.90
  gemm_unit/u_f32_to_f16_vec/g_lane_17__u_cast/n680 (net)               1                   0.00       1.95 f                   
  gemm_unit/u_f32_to_f16_vec/g_lane_17__u_cast/U187/Y (OAI31_X1M_A9TR)            0.51      0.21 *     2.17 r                   0.90
  gemm_unit/u_f32_to_f16_vec/g_lane_17__u_cast/data_o[5] (net)          1                   0.00       2.17 r                   
  gemm_unit/u_f32_to_f16_vec/g_lane_17__u_cast/data_o[5] (VX_f32_to_f16_14)                 0.00       2.17 r                   
  gemm_unit/u_f32_to_f16_vec/data_o[277] (net)                                              0.00       2.17 r                   
  gemm_unit/u_f32_to_f16_vec/data_o[277] (VX_vec_f32_to_f16)                                0.00       2.17 r                   
  gemm_unit/o_lmem_bus_if_rsp_data[280] (net)                                               0.00       2.17 r                   
  gemm_unit/o_lmem_bus_if_rsp_data[280] (VX_gemm_unit_h_903_242_469)                        0.00       2.17 r                   
  o_rsp_data[277] (net)                                                                     0.00       2.17 r                   
  o_rsp_data[277] (out)                                                           0.51      0.01 *     2.17 r                   
  data arrival time                                                                                    2.17                     

  clock CLK (rise edge)                                                                    10.00      10.00                     
  clock network delay (ideal)                                                               0.00      10.00                     
  output external delay                                                                     0.00      10.00                     
  data required time                                                                                  10.00                     
  -------------------------------------------------------------------------------------------------------------------------------------------
  data required time                                                                                  10.00                     
  data arrival time                                                                                   -2.17                     
  -------------------------------------------------------------------------------------------------------------------------------------------
  slack (MET)                                                                                          7.83                     


  Startpoint: acc_mem_rdata_i[568]
              (input port clocked by CLK)
  Endpoint: o_rsp_data[278]
            (output port clocked by CLK)
  Scenario: mode_norm.OC_rvt_ss_0p900v_125c
  Path Group: FEEDTHROUGH
  Path Type: max

Attributes:
    d - dont_touch
    u - dont_use
   mo - map_only
   so - size_only
    i - ideal_net or ideal_network
  inf - infeasible path

  Point                                                               Fanout     Trans      Incr       Path      Attributes     Voltage
  -------------------------------------------------------------------------------------------------------------------------------------------
  clock CLK (rise edge)                                                                     0.00       0.00                     
  clock network delay (ideal)                                                               0.00       0.00                     
  input external delay                                                                      0.00       0.00 r                   
  acc_mem_rdata_i[568] (in)                                                       0.79      0.43       0.43 r                   
  acc_mem_rdata_i[568] (net)                                            2                   0.00       0.43 r                   
  gemm_unit/acc_mem_rdata_i[568] (VX_gemm_unit_h_903_242_469)                               0.00       0.43 r                   
  gemm_unit/acc_mem_rdata_i[568] (net)                                                      0.00       0.43 r                   
  gemm_unit/U21491/Y (AOI22_X0P7M_A9TR)                                           0.26      0.24 *     0.66 f                   0.90
  gemm_unit/n22142 (net)                                                1                   0.00       0.66 f                   
  gemm_unit/U21492/Y (NAND2_X0P7B_A9TR)                                           0.23      0.22 *     0.89 r                   0.90
  gemm_unit/f32_to_f16_data_vec[568] (net)                             13                   0.00       0.89 r                   
  gemm_unit/u_f32_to_f16_vec/data_i[568] (VX_vec_f32_to_f16)                                0.00       0.89 r                   
  gemm_unit/u_f32_to_f16_vec/data_i[568] (net)                                              0.00       0.89 r                   
  gemm_unit/u_f32_to_f16_vec/g_lane_17__u_cast/data_i[24] (VX_f32_to_f16_14)                0.00       0.89 r                   
  gemm_unit/u_f32_to_f16_vec/g_lane_17__u_cast/data_i[24] (net)                             0.00       0.89 r                   
  gemm_unit/u_f32_to_f16_vec/g_lane_17__u_cast/U23/Y (NOR2_X0P5B_A9TR)            0.09      0.10 *     0.99 f                   0.90
  gemm_unit/u_f32_to_f16_vec/g_lane_17__u_cast/n579 (net)               3                   0.00       0.99 f                   
  gemm_unit/u_f32_to_f16_vec/g_lane_17__u_cast/U25/Y (NAND2_X0P5M_A9TR)           0.11      0.09 *     1.09 r                   0.90
  gemm_unit/u_f32_to_f16_vec/g_lane_17__u_cast/n546 (net)               4                   0.00       1.09 r                   
  gemm_unit/u_f32_to_f16_vec/g_lane_17__u_cast/U47/Y (INV_X0P7M_A9TR)             0.03      0.03 *     1.12 f                   0.90
  gemm_unit/u_f32_to_f16_vec/g_lane_17__u_cast/n545 (net)               1                   0.00       1.12 f                   
  gemm_unit/u_f32_to_f16_vec/g_lane_17__u_cast/U48/Y (OA21A1OI2_X0P7M_A9TR)       0.21      0.14 *     1.25 r                   0.90
  gemm_unit/u_f32_to_f16_vec/g_lane_17__u_cast/n591 (net)               5                   0.00       1.25 r                   
  gemm_unit/u_f32_to_f16_vec/g_lane_17__u_cast/U83/Y (NOR2_X0P5B_A9TR)            0.11      0.13 *     1.38 f                   0.90
  gemm_unit/u_f32_to_f16_vec/g_lane_17__u_cast/n603 (net)               6                   0.00       1.38 f                   
  gemm_unit/u_f32_to_f16_vec/g_lane_17__u_cast/U110/Y (AO21A1AI2_X0P7M_A9TR)      0.15      0.14 *     1.52 r                   0.90
  gemm_unit/u_f32_to_f16_vec/g_lane_17__u_cast/n658 (net)               5                   0.00       1.52 r                   
  gemm_unit/u_f32_to_f16_vec/g_lane_17__u_cast/U111/Y (NAND4_X0P5A_A9TR)          0.06      0.08 *     1.60 f                   0.90
  gemm_unit/u_f32_to_f16_vec/g_lane_17__u_cast/n589 (net)               1                   0.00       1.60 f                   
  gemm_unit/u_f32_to_f16_vec/g_lane_17__u_cast/U114/Y (AO21A1AI2_X0P7M_A9TR)      0.20      0.15 *     1.75 r                   0.90
  gemm_unit/u_f32_to_f16_vec/g_lane_17__u_cast/n705 (net)               7                   0.00       1.75 r                   
  gemm_unit/u_f32_to_f16_vec/g_lane_17__u_cast/U183/Y (NOR2_X0P5B_A9TR)           0.08      0.09 *     1.84 f                   0.90
  gemm_unit/u_f32_to_f16_vec/g_lane_17__u_cast/n707 (net)               3                   0.00       1.84 f                   
  gemm_unit/u_f32_to_f16_vec/g_lane_17__u_cast/U199/Y (OAI22_X0P5M_A9TR)          0.10      0.09 *     1.93 r                   0.90
  gemm_unit/u_f32_to_f16_vec/g_lane_17__u_cast/n708 (net)               1                   0.00       1.93 r                   
  gemm_unit/u_f32_to_f16_vec/g_lane_17__u_cast/U200/Y (AOI31_X0P5M_A9TR)          0.06      0.04 *     1.97 f                   0.90
  gemm_unit/u_f32_to_f16_vec/g_lane_17__u_cast/n711 (net)               1                   0.00       1.97 f                   
  gemm_unit/u_f32_to_f16_vec/g_lane_17__u_cast/U201/Y (AO21A1AI2_X1M_A9TR)        0.36      0.17 *     2.15 r                   0.90
  gemm_unit/u_f32_to_f16_vec/g_lane_17__u_cast/data_o[6] (net)          1                   0.00       2.15 r                   
  gemm_unit/u_f32_to_f16_vec/g_lane_17__u_cast/data_o[6] (VX_f32_to_f16_14)                 0.00       2.15 r                   
  gemm_unit/u_f32_to_f16_vec/data_o[278] (net)                                              0.00       2.15 r                   
  gemm_unit/u_f32_to_f16_vec/data_o[278] (VX_vec_f32_to_f16)                                0.00       2.15 r                   
  gemm_unit/o_lmem_bus_if_rsp_data[281] (net)                                               0.00       2.15 r                   
  gemm_unit/o_lmem_bus_if_rsp_data[281] (VX_gemm_unit_h_903_242_469)                        0.00       2.15 r                   
  o_rsp_data[278] (net)                                                                     0.00       2.15 r                   
  o_rsp_data[278] (out)                                                           0.36      0.01 *     2.15 r                   
  data arrival time                                                                                    2.15                     

  clock CLK (rise edge)                                                                    10.00      10.00                     
  clock network delay (ideal)                                                               0.00      10.00                     
  output external delay                                                                     0.00      10.00                     
  data required time                                                                                  10.00                     
  -------------------------------------------------------------------------------------------------------------------------------------------
  data required time                                                                                  10.00                     
  data arrival time                                                                                   -2.15                     
  -------------------------------------------------------------------------------------------------------------------------------------------
  slack (MET)                                                                                          7.85                     


  Startpoint: acc_mem_rdata_i[857]
              (input port clocked by CLK)
  Endpoint: o_rsp_data[423]
            (output port clocked by CLK)
  Scenario: mode_norm.OC_rvt_ss_0p900v_125c
  Path Group: FEEDTHROUGH
  Path Type: max

Attributes:
    d - dont_touch
    u - dont_use
   mo - map_only
   so - size_only
    i - ideal_net or ideal_network
  inf - infeasible path

  Point                                                               Fanout     Trans      Incr       Path      Attributes     Voltage
  -------------------------------------------------------------------------------------------------------------------------------------------
  clock CLK (rise edge)                                                                     0.00       0.00                     
  clock network delay (ideal)                                                               0.00       0.00                     
  input external delay                                                                      0.00       0.00 r                   
  acc_mem_rdata_i[857] (in)                                                       0.77      0.42       0.42 r                   
  acc_mem_rdata_i[857] (net)                                            2                   0.00       0.42 r                   
  gemm_unit/acc_mem_rdata_i[857] (VX_gemm_unit_h_903_242_469)                               0.00       0.42 r                   
  gemm_unit/acc_mem_rdata_i[857] (net)                                                      0.00       0.42 r                   
  gemm_unit/U20171/Y (AOI22_X0P5M_A9TR)                                           0.23      0.24 *     0.65 f                   0.90
  gemm_unit/n21174 (net)                                                1                   0.00       0.65 f                   
  gemm_unit/U20172/Y (NAND2_X0P7B_A9TR)                                           0.19      0.19 *     0.84 r                   0.90
  gemm_unit/f32_to_f16_data_vec[857] (net)                              9                   0.00       0.84 r                   
  gemm_unit/u_f32_to_f16_vec/data_i[857] (VX_vec_f32_to_f16)                                0.00       0.84 r                   
  gemm_unit/u_f32_to_f16_vec/data_i[857] (net)                                              0.00       0.84 r                   
  gemm_unit/u_f32_to_f16_vec/g_lane_26__u_cast/data_i[25] (VX_f32_to_f16_5)                 0.00       0.84 r                   
  gemm_unit/u_f32_to_f16_vec/g_lane_26__u_cast/data_i[25] (net)                             0.00       0.84 r                   
  gemm_unit/u_f32_to_f16_vec/g_lane_26__u_cast/U23/Y (NOR2_X0P5B_A9TR)            0.09      0.09 *     0.93 f                   0.90
  gemm_unit/u_f32_to_f16_vec/g_lane_26__u_cast/n579 (net)               3                   0.00       0.93 f                   
  gemm_unit/u_f32_to_f16_vec/g_lane_26__u_cast/U25/Y (NAND2_X0P5M_A9TR)           0.09      0.09 *     1.02 r                   0.90
  gemm_unit/u_f32_to_f16_vec/g_lane_26__u_cast/n546 (net)               4                   0.00       1.02 r                   
  gemm_unit/u_f32_to_f16_vec/g_lane_26__u_cast/U47/Y (INV_X0P7M_A9TR)             0.03      0.03 *     1.05 f                   0.90
  gemm_unit/u_f32_to_f16_vec/g_lane_26__u_cast/n545 (net)               1                   0.00       1.05 f                   
  gemm_unit/u_f32_to_f16_vec/g_lane_26__u_cast/U48/Y (OA21A1OI2_X0P7M_A9TR)       0.23      0.15 *     1.20 r                   0.90
  gemm_unit/u_f32_to_f16_vec/g_lane_26__u_cast/n591 (net)               5                   0.00       1.20 r                   
  gemm_unit/u_f32_to_f16_vec/g_lane_26__u_cast/U83/Y (NOR2_X0P5B_A9TR)            0.11      0.13 *     1.33 f                   0.90
  gemm_unit/u_f32_to_f16_vec/g_lane_26__u_cast/n603 (net)               6                   0.00       1.33 f                   
  gemm_unit/u_f32_to_f16_vec/g_lane_26__u_cast/U110/Y (AO21A1AI2_X0P7M_A9TR)      0.15      0.13 *     1.46 r                   0.90
  gemm_unit/u_f32_to_f16_vec/g_lane_26__u_cast/n658 (net)               5                   0.00       1.46 r                   
  gemm_unit/u_f32_to_f16_vec/g_lane_26__u_cast/U120/Y (NOR2_X0P5B_A9TR)           0.06      0.07 *     1.53 f                   0.90
  gemm_unit/u_f32_to_f16_vec/g_lane_26__u_cast/n646 (net)               2                   0.00       1.53 f                   
  gemm_unit/u_f32_to_f16_vec/g_lane_26__u_cast/U123/Y (NAND2_X0P5M_A9TR)          0.08      0.06 *     1.60 r                   0.90
  gemm_unit/u_f32_to_f16_vec/g_lane_26__u_cast/n660 (net)               2                   0.00       1.60 r                   
  gemm_unit/u_f32_to_f16_vec/g_lane_26__u_cast/U124/Y (NOR2_X0P5B_A9TR)           0.04      0.05 *     1.65 f                   0.90
  gemm_unit/u_f32_to_f16_vec/g_lane_26__u_cast/n665 (net)               2                   0.00       1.65 f                   
  gemm_unit/u_f32_to_f16_vec/g_lane_26__u_cast/U127/Y (NAND2_X0P5M_A9TR)          0.06      0.05 *     1.69 r                   0.90
  gemm_unit/u_f32_to_f16_vec/g_lane_26__u_cast/n677 (net)               2                   0.00       1.69 r                   
  gemm_unit/u_f32_to_f16_vec/g_lane_26__u_cast/U128/Y (NOR2_X0P5B_A9TR)           0.05      0.04 *     1.73 f                   0.90
  gemm_unit/u_f32_to_f16_vec/g_lane_26__u_cast/n701 (net)               2                   0.00       1.73 f                   
  gemm_unit/u_f32_to_f16_vec/g_lane_26__u_cast/U130/Y (NAND2_X0P5M_A9TR)          0.07      0.05 *     1.79 r                   0.90
  gemm_unit/u_f32_to_f16_vec/g_lane_26__u_cast/n693 (net)               2                   0.00       1.79 r                   
  gemm_unit/u_f32_to_f16_vec/g_lane_26__u_cast/U193/Y (NOR2_X0P5B_A9TR)           0.08      0.05 *     1.84 f                   0.90
  gemm_unit/u_f32_to_f16_vec/g_lane_26__u_cast/n718 (net)               3                   0.00       1.84 f                   
  gemm_unit/u_f32_to_f16_vec/g_lane_26__u_cast/U202/Y (OAI22_X0P5M_A9TR)          0.08      0.07 *     1.91 r                   0.90
  gemm_unit/u_f32_to_f16_vec/g_lane_26__u_cast/n717 (net)               1                   0.00       1.91 r                   
  gemm_unit/u_f32_to_f16_vec/g_lane_26__u_cast/U203/Y (AOI21_X0P7M_A9TR)          0.05      0.04 *     1.95 f                   0.90
  gemm_unit/u_f32_to_f16_vec/g_lane_26__u_cast/n720 (net)               1                   0.00       1.95 f                   
  gemm_unit/u_f32_to_f16_vec/g_lane_26__u_cast/U204/Y (OAI31_X1M_A9TR)            0.47      0.19 *     2.14 r                   0.90
  gemm_unit/u_f32_to_f16_vec/g_lane_26__u_cast/data_o[7] (net)          1                   0.00       2.14 r                   
  gemm_unit/u_f32_to_f16_vec/g_lane_26__u_cast/data_o[7] (VX_f32_to_f16_5)                  0.00       2.14 r                   
  gemm_unit/u_f32_to_f16_vec/data_o[423] (net)                                              0.00       2.14 r                   
  gemm_unit/u_f32_to_f16_vec/data_o[423] (VX_vec_f32_to_f16)                                0.00       2.14 r                   
  gemm_unit/o_lmem_bus_if_rsp_data[426] (net)                                               0.00       2.14 r                   
  gemm_unit/o_lmem_bus_if_rsp_data[426] (VX_gemm_unit_h_903_242_469)                        0.00       2.14 r                   
  o_rsp_data[423] (net)                                                                     0.00       2.14 r                   
  o_rsp_data[423] (out)                                                           0.47      0.00 *     2.15 r                   
  data arrival time                                                                                    2.15                     

  clock CLK (rise edge)                                                                    10.00      10.00                     
  clock network delay (ideal)                                                               0.00      10.00                     
  output external delay                                                                     0.00      10.00                     
  data required time                                                                                  10.00                     
  -------------------------------------------------------------------------------------------------------------------------------------------
  data required time                                                                                  10.00                     
  data arrival time                                                                                   -2.15                     
  -------------------------------------------------------------------------------------------------------------------------------------------
  slack (MET)                                                                                          7.85                     


  Startpoint: acc_mem_rdata_i[152]
              (input port clocked by CLK)
  Endpoint: o_rsp_data[71]
            (output port clocked by CLK)
  Scenario: mode_norm.OC_rvt_ss_0p900v_125c
  Path Group: FEEDTHROUGH
  Path Type: max

Attributes:
    d - dont_touch
    u - dont_use
   mo - map_only
   so - size_only
    i - ideal_net or ideal_network
  inf - infeasible path

  Point                                                              Fanout     Trans      Incr       Path      Attributes     Voltage
  ------------------------------------------------------------------------------------------------------------------------------------------
  clock CLK (rise edge)                                                                    0.00       0.00                     
  clock network delay (ideal)                                                              0.00       0.00                     
  input external delay                                                                     0.00       0.00 r                   
  acc_mem_rdata_i[152] (in)                                                      0.76      0.41       0.41 r                   
  acc_mem_rdata_i[152] (net)                                           2                   0.00       0.41 r                   
  gemm_unit/acc_mem_rdata_i[152] (VX_gemm_unit_h_903_242_469)                              0.00       0.41 r                   
  gemm_unit/acc_mem_rdata_i[152] (net)                                                     0.00       0.41 r                   
  gemm_unit/U22246/Y (AOI22_X0P5M_A9TR)                                          0.20      0.17 *     0.58 f                   0.90
  gemm_unit/n22780 (net)                                               1                   0.00       0.58 f                   
  gemm_unit/U22248/Y (NAND2_X0P7B_A9TR)                                          0.24      0.21 *     0.79 r                   0.90
  gemm_unit/f32_to_f16_data_vec[152] (net)                            13                   0.00       0.79 r                   
  gemm_unit/u_f32_to_f16_vec/data_i[152] (VX_vec_f32_to_f16)                               0.00       0.79 r                   
  gemm_unit/u_f32_to_f16_vec/data_i[152] (net)                                             0.00       0.79 r                   
  gemm_unit/u_f32_to_f16_vec/g_lane_4__u_cast/data_i[24] (VX_f32_to_f16_27)                0.00       0.79 r                   
  gemm_unit/u_f32_to_f16_vec/g_lane_4__u_cast/data_i[24] (net)                             0.00       0.79 r                   
  gemm_unit/u_f32_to_f16_vec/g_lane_4__u_cast/U23/Y (NOR2_X0P5B_A9TR)            0.08      0.10 *     0.89 f                   0.90
  gemm_unit/u_f32_to_f16_vec/g_lane_4__u_cast/n579 (net)               3                   0.00       0.89 f                   
  gemm_unit/u_f32_to_f16_vec/g_lane_4__u_cast/U25/Y (NAND2_X0P5M_A9TR)           0.10      0.09 *     0.98 r                   0.90
  gemm_unit/u_f32_to_f16_vec/g_lane_4__u_cast/n546 (net)               4                   0.00       0.98 r                   
  gemm_unit/u_f32_to_f16_vec/g_lane_4__u_cast/U47/Y (INV_X0P7M_A9TR)             0.03      0.03 *     1.01 f                   0.90
  gemm_unit/u_f32_to_f16_vec/g_lane_4__u_cast/n545 (net)               1                   0.00       1.01 f                   
  gemm_unit/u_f32_to_f16_vec/g_lane_4__u_cast/U48/Y (OA21A1OI2_X0P7M_A9TR)       0.21      0.13 *     1.15 r                   0.90
  gemm_unit/u_f32_to_f16_vec/g_lane_4__u_cast/n591 (net)               5                   0.00       1.15 r                   
  gemm_unit/u_f32_to_f16_vec/g_lane_4__u_cast/U83/Y (NOR2_X0P5B_A9TR)            0.11      0.12 *     1.27 f                   0.90
  gemm_unit/u_f32_to_f16_vec/g_lane_4__u_cast/n603 (net)               6                   0.00       1.27 f                   
  gemm_unit/u_f32_to_f16_vec/g_lane_4__u_cast/U110/Y (AO21A1AI2_X0P7M_A9TR)      0.17      0.15 *     1.42 r                   0.90
  gemm_unit/u_f32_to_f16_vec/g_lane_4__u_cast/n658 (net)               5                   0.00       1.42 r                   
  gemm_unit/u_f32_to_f16_vec/g_lane_4__u_cast/U120/Y (NOR2_X0P5B_A9TR)           0.06      0.07 *     1.49 f                   0.90
  gemm_unit/u_f32_to_f16_vec/g_lane_4__u_cast/n646 (net)               2                   0.00       1.49 f                   
  gemm_unit/u_f32_to_f16_vec/g_lane_4__u_cast/U123/Y (NAND2_X0P5M_A9TR)          0.07      0.05 *     1.55 r                   0.90
  gemm_unit/u_f32_to_f16_vec/g_lane_4__u_cast/n660 (net)               2                   0.00       1.55 r                   
  gemm_unit/u_f32_to_f16_vec/g_lane_4__u_cast/U124/Y (NOR2_X0P5B_A9TR)           0.05      0.05 *     1.59 f                   0.90
  gemm_unit/u_f32_to_f16_vec/g_lane_4__u_cast/n665 (net)               2                   0.00       1.59 f                   
  gemm_unit/u_f32_to_f16_vec/g_lane_4__u_cast/U127/Y (NAND2_X0P5M_A9TR)          0.06      0.05 *     1.64 r                   0.90
  gemm_unit/u_f32_to_f16_vec/g_lane_4__u_cast/n677 (net)               2                   0.00       1.64 r                   
  gemm_unit/u_f32_to_f16_vec/g_lane_4__u_cast/U128/Y (NOR2_X0P5B_A9TR)           0.06      0.05 *     1.69 f                   0.90
  gemm_unit/u_f32_to_f16_vec/g_lane_4__u_cast/n701 (net)               2                   0.00       1.69 f                   
  gemm_unit/u_f32_to_f16_vec/g_lane_4__u_cast/U130/Y (NAND2_X0P5M_A9TR)          0.06      0.05 *     1.74 r                   0.90
  gemm_unit/u_f32_to_f16_vec/g_lane_4__u_cast/n693 (net)               2                   0.00       1.74 r                   
  gemm_unit/u_f32_to_f16_vec/g_lane_4__u_cast/U193/Y (NOR2_X0P5B_A9TR)           0.09      0.05 *     1.79 f                   0.90
  gemm_unit/u_f32_to_f16_vec/g_lane_4__u_cast/n718 (net)               3                   0.00       1.79 f                   
  gemm_unit/u_f32_to_f16_vec/g_lane_4__u_cast/U202/Y (OAI22_X0P5M_A9TR)          0.07      0.07 *     1.86 r                   0.90
  gemm_unit/u_f32_to_f16_vec/g_lane_4__u_cast/n717 (net)               1                   0.00       1.86 r                   
  gemm_unit/u_f32_to_f16_vec/g_lane_4__u_cast/U203/Y (AOI21_X0P7M_A9TR)          0.05      0.04 *     1.90 f                   0.90
  gemm_unit/u_f32_to_f16_vec/g_lane_4__u_cast/n720 (net)               1                   0.00       1.90 f                   
  gemm_unit/u_f32_to_f16_vec/g_lane_4__u_cast/U204/Y (OAI31_X1M_A9TR)            0.56      0.23 *     2.13 r                   0.90
  gemm_unit/u_f32_to_f16_vec/g_lane_4__u_cast/data_o[7] (net)          1                   0.00       2.13 r                   
  gemm_unit/u_f32_to_f16_vec/g_lane_4__u_cast/data_o[7] (VX_f32_to_f16_27)                 0.00       2.13 r                   
  gemm_unit/u_f32_to_f16_vec/data_o[71] (net)                                              0.00       2.13 r                   
  gemm_unit/u_f32_to_f16_vec/data_o[71] (VX_vec_f32_to_f16)                                0.00       2.13 r                   
  gemm_unit/o_lmem_bus_if_rsp_data[74] (net)                                               0.00       2.13 r                   
  gemm_unit/o_lmem_bus_if_rsp_data[74] (VX_gemm_unit_h_903_242_469)                        0.00       2.13 r                   
  o_rsp_data[71] (net)                                                                     0.00       2.13 r                   
  o_rsp_data[71] (out)                                                           0.56      0.01 *     2.14 r                   
  data arrival time                                                                                   2.14                     

  clock CLK (rise edge)                                                                   10.00      10.00                     
  clock network delay (ideal)                                                              0.00      10.00                     
  output external delay                                                                    0.00      10.00                     
  data required time                                                                                 10.00                     
  ------------------------------------------------------------------------------------------------------------------------------------------
  data required time                                                                                 10.00                     
  data arrival time                                                                                  -2.14                     
  ------------------------------------------------------------------------------------------------------------------------------------------
  slack (MET)                                                                                         7.86                     


  Startpoint: acc_mem_rdata_i[568]
              (input port clocked by CLK)
  Endpoint: o_rsp_data[280]
            (output port clocked by CLK)
  Scenario: mode_norm.OC_rvt_ss_0p900v_125c
  Path Group: FEEDTHROUGH
  Path Type: max

Attributes:
    d - dont_touch
    u - dont_use
   mo - map_only
   so - size_only
    i - ideal_net or ideal_network
  inf - infeasible path

  Point                                                               Fanout     Trans      Incr       Path      Attributes     Voltage
  -------------------------------------------------------------------------------------------------------------------------------------------
  clock CLK (rise edge)                                                                     0.00       0.00                     
  clock network delay (ideal)                                                               0.00       0.00                     
  input external delay                                                                      0.00       0.00 r                   
  acc_mem_rdata_i[568] (in)                                                       0.79      0.43       0.43 r                   
  acc_mem_rdata_i[568] (net)                                            2                   0.00       0.43 r                   
  gemm_unit/acc_mem_rdata_i[568] (VX_gemm_unit_h_903_242_469)                               0.00       0.43 r                   
  gemm_unit/acc_mem_rdata_i[568] (net)                                                      0.00       0.43 r                   
  gemm_unit/U21491/Y (AOI22_X0P7M_A9TR)                                           0.26      0.24 *     0.66 f                   0.90
  gemm_unit/n22142 (net)                                                1                   0.00       0.66 f                   
  gemm_unit/U21492/Y (NAND2_X0P7B_A9TR)                                           0.23      0.22 *     0.89 r                   0.90
  gemm_unit/f32_to_f16_data_vec[568] (net)                             13                   0.00       0.89 r                   
  gemm_unit/u_f32_to_f16_vec/data_i[568] (VX_vec_f32_to_f16)                                0.00       0.89 r                   
  gemm_unit/u_f32_to_f16_vec/data_i[568] (net)                                              0.00       0.89 r                   
  gemm_unit/u_f32_to_f16_vec/g_lane_17__u_cast/data_i[24] (VX_f32_to_f16_14)                0.00       0.89 r                   
  gemm_unit/u_f32_to_f16_vec/g_lane_17__u_cast/data_i[24] (net)                             0.00       0.89 r                   
  gemm_unit/u_f32_to_f16_vec/g_lane_17__u_cast/U23/Y (NOR2_X0P5B_A9TR)            0.09      0.10 *     0.99 f                   0.90
  gemm_unit/u_f32_to_f16_vec/g_lane_17__u_cast/n579 (net)               3                   0.00       0.99 f                   
  gemm_unit/u_f32_to_f16_vec/g_lane_17__u_cast/U25/Y (NAND2_X0P5M_A9TR)           0.11      0.09 *     1.09 r                   0.90
  gemm_unit/u_f32_to_f16_vec/g_lane_17__u_cast/n546 (net)               4                   0.00       1.09 r                   
  gemm_unit/u_f32_to_f16_vec/g_lane_17__u_cast/U47/Y (INV_X0P7M_A9TR)             0.03      0.03 *     1.12 f                   0.90
  gemm_unit/u_f32_to_f16_vec/g_lane_17__u_cast/n545 (net)               1                   0.00       1.12 f                   
  gemm_unit/u_f32_to_f16_vec/g_lane_17__u_cast/U48/Y (OA21A1OI2_X0P7M_A9TR)       0.21      0.14 *     1.25 r                   0.90
  gemm_unit/u_f32_to_f16_vec/g_lane_17__u_cast/n591 (net)               5                   0.00       1.25 r                   
  gemm_unit/u_f32_to_f16_vec/g_lane_17__u_cast/U83/Y (NOR2_X0P5B_A9TR)            0.11      0.13 *     1.38 f                   0.90
  gemm_unit/u_f32_to_f16_vec/g_lane_17__u_cast/n603 (net)               6                   0.00       1.38 f                   
  gemm_unit/u_f32_to_f16_vec/g_lane_17__u_cast/U110/Y (AO21A1AI2_X0P7M_A9TR)      0.15      0.14 *     1.52 r                   0.90
  gemm_unit/u_f32_to_f16_vec/g_lane_17__u_cast/n658 (net)               5                   0.00       1.52 r                   
  gemm_unit/u_f32_to_f16_vec/g_lane_17__u_cast/U120/Y (NOR2_X0P5B_A9TR)           0.06      0.07 *     1.59 f                   0.90
  gemm_unit/u_f32_to_f16_vec/g_lane_17__u_cast/n646 (net)               2                   0.00       1.59 f                   
  gemm_unit/u_f32_to_f16_vec/g_lane_17__u_cast/U123/Y (NAND2_X0P5M_A9TR)          0.08      0.06 *     1.65 r                   0.90
  gemm_unit/u_f32_to_f16_vec/g_lane_17__u_cast/n660 (net)               2                   0.00       1.65 r                   
  gemm_unit/u_f32_to_f16_vec/g_lane_17__u_cast/U124/Y (NOR2_X0P5B_A9TR)           0.04      0.05 *     1.70 f                   0.90
  gemm_unit/u_f32_to_f16_vec/g_lane_17__u_cast/n665 (net)               2                   0.00       1.70 f                   
  gemm_unit/u_f32_to_f16_vec/g_lane_17__u_cast/U127/Y (NAND2_X0P5M_A9TR)          0.06      0.05 *     1.75 r                   0.90
  gemm_unit/u_f32_to_f16_vec/g_lane_17__u_cast/n677 (net)               2                   0.00       1.75 r                   
  gemm_unit/u_f32_to_f16_vec/g_lane_17__u_cast/U128/Y (NOR2_X0P5B_A9TR)           0.05      0.04 *     1.79 f                   0.90
  gemm_unit/u_f32_to_f16_vec/g_lane_17__u_cast/n701 (net)               2                   0.00       1.79 f                   
  gemm_unit/u_f32_to_f16_vec/g_lane_17__u_cast/U130/Y (NAND2_X0P5M_A9TR)          0.07      0.06 *     1.85 r                   0.90
  gemm_unit/u_f32_to_f16_vec/g_lane_17__u_cast/n693 (net)               2                   0.00       1.85 r                   
  gemm_unit/u_f32_to_f16_vec/g_lane_17__u_cast/U131/Y (NOR3_X0P7M_A9TR)           0.08      0.05 *     1.91 f                   0.90
  gemm_unit/u_f32_to_f16_vec/g_lane_17__u_cast/n615 (net)               1                   0.00       1.91 f                   
  gemm_unit/u_f32_to_f16_vec/g_lane_17__u_cast/U133/Y (XNOR2_X0P5M_A9TR)          0.06      0.07 *     1.97 f                   0.90
  gemm_unit/u_f32_to_f16_vec/g_lane_17__u_cast/n616 (net)               1                   0.00       1.97 f                   
  gemm_unit/u_f32_to_f16_vec/g_lane_17__u_cast/U134/Y (NAND2_X0P7B_A9TR)          0.22      0.15 *     2.12 r                   0.90
  gemm_unit/u_f32_to_f16_vec/g_lane_17__u_cast/data_o[8] (net)          1                   0.00       2.12 r                   
  gemm_unit/u_f32_to_f16_vec/g_lane_17__u_cast/data_o[8] (VX_f32_to_f16_14)                 0.00       2.12 r                   
  gemm_unit/u_f32_to_f16_vec/data_o[280] (net)                                              0.00       2.12 r                   
  gemm_unit/u_f32_to_f16_vec/data_o[280] (VX_vec_f32_to_f16)                                0.00       2.12 r                   
  gemm_unit/o_lmem_bus_if_rsp_data[283] (net)                                               0.00       2.12 r                   
  gemm_unit/o_lmem_bus_if_rsp_data[283] (VX_gemm_unit_h_903_242_469)                        0.00       2.12 r                   
  o_rsp_data[280] (net)                                                                     0.00       2.12 r                   
  o_rsp_data[280] (out)                                                           0.22      0.00 *     2.13 r                   
  data arrival time                                                                                    2.13                     

  clock CLK (rise edge)                                                                    10.00      10.00                     
  clock network delay (ideal)                                                               0.00      10.00                     
  output external delay                                                                     0.00      10.00                     
  data required time                                                                                  10.00                     
  -------------------------------------------------------------------------------------------------------------------------------------------
  data required time                                                                                  10.00                     
  data arrival time                                                                                   -2.13                     
  -------------------------------------------------------------------------------------------------------------------------------------------
  slack (MET)                                                                                          7.87                     


  Startpoint: acc_mem_rdata_i[568]
              (input port clocked by CLK)
  Endpoint: o_rsp_data[281]
            (output port clocked by CLK)
  Scenario: mode_norm.OC_rvt_ss_0p900v_125c
  Path Group: FEEDTHROUGH
  Path Type: max

Attributes:
    d - dont_touch
    u - dont_use
   mo - map_only
   so - size_only
    i - ideal_net or ideal_network
  inf - infeasible path

  Point                                                               Fanout     Trans      Incr       Path      Attributes     Voltage
  -------------------------------------------------------------------------------------------------------------------------------------------
  clock CLK (rise edge)                                                                     0.00       0.00                     
  clock network delay (ideal)                                                               0.00       0.00                     
  input external delay                                                                      0.00       0.00 r                   
  acc_mem_rdata_i[568] (in)                                                       0.79      0.43       0.43 r                   
  acc_mem_rdata_i[568] (net)                                            2                   0.00       0.43 r                   
  gemm_unit/acc_mem_rdata_i[568] (VX_gemm_unit_h_903_242_469)                               0.00       0.43 r                   
  gemm_unit/acc_mem_rdata_i[568] (net)                                                      0.00       0.43 r                   
  gemm_unit/U21491/Y (AOI22_X0P7M_A9TR)                                           0.26      0.24 *     0.66 f                   0.90
  gemm_unit/n22142 (net)                                                1                   0.00       0.66 f                   
  gemm_unit/U21492/Y (NAND2_X0P7B_A9TR)                                           0.23      0.22 *     0.89 r                   0.90
  gemm_unit/f32_to_f16_data_vec[568] (net)                             13                   0.00       0.89 r                   
  gemm_unit/u_f32_to_f16_vec/data_i[568] (VX_vec_f32_to_f16)                                0.00       0.89 r                   
  gemm_unit/u_f32_to_f16_vec/data_i[568] (net)                                              0.00       0.89 r                   
  gemm_unit/u_f32_to_f16_vec/g_lane_17__u_cast/data_i[24] (VX_f32_to_f16_14)                0.00       0.89 r                   
  gemm_unit/u_f32_to_f16_vec/g_lane_17__u_cast/data_i[24] (net)                             0.00       0.89 r                   
  gemm_unit/u_f32_to_f16_vec/g_lane_17__u_cast/U23/Y (NOR2_X0P5B_A9TR)            0.09      0.10 *     0.99 f                   0.90
  gemm_unit/u_f32_to_f16_vec/g_lane_17__u_cast/n579 (net)               3                   0.00       0.99 f                   
  gemm_unit/u_f32_to_f16_vec/g_lane_17__u_cast/U25/Y (NAND2_X0P5M_A9TR)           0.11      0.09 *     1.09 r                   0.90
  gemm_unit/u_f32_to_f16_vec/g_lane_17__u_cast/n546 (net)               4                   0.00       1.09 r                   
  gemm_unit/u_f32_to_f16_vec/g_lane_17__u_cast/U47/Y (INV_X0P7M_A9TR)             0.03      0.03 *     1.12 f                   0.90
  gemm_unit/u_f32_to_f16_vec/g_lane_17__u_cast/n545 (net)               1                   0.00       1.12 f                   
  gemm_unit/u_f32_to_f16_vec/g_lane_17__u_cast/U48/Y (OA21A1OI2_X0P7M_A9TR)       0.21      0.14 *     1.25 r                   0.90
  gemm_unit/u_f32_to_f16_vec/g_lane_17__u_cast/n591 (net)               5                   0.00       1.25 r                   
  gemm_unit/u_f32_to_f16_vec/g_lane_17__u_cast/U83/Y (NOR2_X0P5B_A9TR)            0.11      0.13 *     1.38 f                   0.90
  gemm_unit/u_f32_to_f16_vec/g_lane_17__u_cast/n603 (net)               6                   0.00       1.38 f                   
  gemm_unit/u_f32_to_f16_vec/g_lane_17__u_cast/U110/Y (AO21A1AI2_X0P7M_A9TR)      0.15      0.14 *     1.52 r                   0.90
  gemm_unit/u_f32_to_f16_vec/g_lane_17__u_cast/n658 (net)               5                   0.00       1.52 r                   
  gemm_unit/u_f32_to_f16_vec/g_lane_17__u_cast/U120/Y (NOR2_X0P5B_A9TR)           0.06      0.07 *     1.59 f                   0.90
  gemm_unit/u_f32_to_f16_vec/g_lane_17__u_cast/n646 (net)               2                   0.00       1.59 f                   
  gemm_unit/u_f32_to_f16_vec/g_lane_17__u_cast/U123/Y (NAND2_X0P5M_A9TR)          0.08      0.06 *     1.65 r                   0.90
  gemm_unit/u_f32_to_f16_vec/g_lane_17__u_cast/n660 (net)               2                   0.00       1.65 r                   
  gemm_unit/u_f32_to_f16_vec/g_lane_17__u_cast/U124/Y (NOR2_X0P5B_A9TR)           0.04      0.05 *     1.70 f                   0.90
  gemm_unit/u_f32_to_f16_vec/g_lane_17__u_cast/n665 (net)               2                   0.00       1.70 f                   
  gemm_unit/u_f32_to_f16_vec/g_lane_17__u_cast/U127/Y (NAND2_X0P5M_A9TR)          0.06      0.05 *     1.75 r                   0.90
  gemm_unit/u_f32_to_f16_vec/g_lane_17__u_cast/n677 (net)               2                   0.00       1.75 r                   
  gemm_unit/u_f32_to_f16_vec/g_lane_17__u_cast/U128/Y (NOR2_X0P5B_A9TR)           0.05      0.04 *     1.79 f                   0.90
  gemm_unit/u_f32_to_f16_vec/g_lane_17__u_cast/n701 (net)               2                   0.00       1.79 f                   
  gemm_unit/u_f32_to_f16_vec/g_lane_17__u_cast/U130/Y (NAND2_X0P5M_A9TR)          0.07      0.06 *     1.85 r                   0.90
  gemm_unit/u_f32_to_f16_vec/g_lane_17__u_cast/n693 (net)               2                   0.00       1.85 r                   
  gemm_unit/u_f32_to_f16_vec/g_lane_17__u_cast/U193/Y (NOR2_X0P5B_A9TR)           0.08      0.05 *     1.91 f                   0.90
  gemm_unit/u_f32_to_f16_vec/g_lane_17__u_cast/n718 (net)               3                   0.00       1.91 f                   
  gemm_unit/u_f32_to_f16_vec/g_lane_17__u_cast/U194/Y (NAND4BB_X0P7M_A9TR)        0.07      0.07 *     1.98 r                   0.90
  gemm_unit/u_f32_to_f16_vec/g_lane_17__u_cast/n696 (net)               1                   0.00       1.98 r                   
  gemm_unit/u_f32_to_f16_vec/g_lane_17__u_cast/U195/Y (OAI211_X1M_A9TR)           0.21      0.14 *     2.12 f                   0.90
  gemm_unit/u_f32_to_f16_vec/g_lane_17__u_cast/data_o[9] (net)          1                   0.00       2.12 f                   
  gemm_unit/u_f32_to_f16_vec/g_lane_17__u_cast/data_o[9] (VX_f32_to_f16_14)                 0.00       2.12 f                   
  gemm_unit/u_f32_to_f16_vec/data_o[281] (net)                                              0.00       2.12 f                   
  gemm_unit/u_f32_to_f16_vec/data_o[281] (VX_vec_f32_to_f16)                                0.00       2.12 f                   
  gemm_unit/o_lmem_bus_if_rsp_data[284] (net)                                               0.00       2.12 f                   
  gemm_unit/o_lmem_bus_if_rsp_data[284] (VX_gemm_unit_h_903_242_469)                        0.00       2.12 f                   
  o_rsp_data[281] (net)                                                                     0.00       2.12 f                   
  o_rsp_data[281] (out)                                                           0.21      0.00 *     2.12 f                   
  data arrival time                                                                                    2.12                     

  clock CLK (rise edge)                                                                    10.00      10.00                     
  clock network delay (ideal)                                                               0.00      10.00                     
  output external delay                                                                     0.00      10.00                     
  data required time                                                                                  10.00                     
  -------------------------------------------------------------------------------------------------------------------------------------------
  data required time                                                                                  10.00                     
  data arrival time                                                                                   -2.12                     
  -------------------------------------------------------------------------------------------------------------------------------------------
  slack (MET)                                                                                          7.88                     


  Startpoint: acc_mem_rdata_i[152]
              (input port clocked by CLK)
  Endpoint: o_rsp_data[69]
            (output port clocked by CLK)
  Scenario: mode_norm.OC_rvt_ss_0p900v_125c
  Path Group: FEEDTHROUGH
  Path Type: max

Attributes:
    d - dont_touch
    u - dont_use
   mo - map_only
   so - size_only
    i - ideal_net or ideal_network
  inf - infeasible path

  Point                                                              Fanout     Trans      Incr       Path      Attributes     Voltage
  ------------------------------------------------------------------------------------------------------------------------------------------
  clock CLK (rise edge)                                                                    0.00       0.00                     
  clock network delay (ideal)                                                              0.00       0.00                     
  input external delay                                                                     0.00       0.00 r                   
  acc_mem_rdata_i[152] (in)                                                      0.76      0.41       0.41 r                   
  acc_mem_rdata_i[152] (net)                                           2                   0.00       0.41 r                   
  gemm_unit/acc_mem_rdata_i[152] (VX_gemm_unit_h_903_242_469)                              0.00       0.41 r                   
  gemm_unit/acc_mem_rdata_i[152] (net)                                                     0.00       0.41 r                   
  gemm_unit/U22246/Y (AOI22_X0P5M_A9TR)                                          0.20      0.17 *     0.58 f                   0.90
  gemm_unit/n22780 (net)                                               1                   0.00       0.58 f                   
  gemm_unit/U22248/Y (NAND2_X0P7B_A9TR)                                          0.24      0.21 *     0.79 r                   0.90
  gemm_unit/f32_to_f16_data_vec[152] (net)                            13                   0.00       0.79 r                   
  gemm_unit/u_f32_to_f16_vec/data_i[152] (VX_vec_f32_to_f16)                               0.00       0.79 r                   
  gemm_unit/u_f32_to_f16_vec/data_i[152] (net)                                             0.00       0.79 r                   
  gemm_unit/u_f32_to_f16_vec/g_lane_4__u_cast/data_i[24] (VX_f32_to_f16_27)                0.00       0.79 r                   
  gemm_unit/u_f32_to_f16_vec/g_lane_4__u_cast/data_i[24] (net)                             0.00       0.79 r                   
  gemm_unit/u_f32_to_f16_vec/g_lane_4__u_cast/U23/Y (NOR2_X0P5B_A9TR)            0.08      0.10 *     0.89 f                   0.90
  gemm_unit/u_f32_to_f16_vec/g_lane_4__u_cast/n579 (net)               3                   0.00       0.89 f                   
  gemm_unit/u_f32_to_f16_vec/g_lane_4__u_cast/U25/Y (NAND2_X0P5M_A9TR)           0.10      0.09 *     0.98 r                   0.90
  gemm_unit/u_f32_to_f16_vec/g_lane_4__u_cast/n546 (net)               4                   0.00       0.98 r                   
  gemm_unit/u_f32_to_f16_vec/g_lane_4__u_cast/U47/Y (INV_X0P7M_A9TR)             0.03      0.03 *     1.01 f                   0.90
  gemm_unit/u_f32_to_f16_vec/g_lane_4__u_cast/n545 (net)               1                   0.00       1.01 f                   
  gemm_unit/u_f32_to_f16_vec/g_lane_4__u_cast/U48/Y (OA21A1OI2_X0P7M_A9TR)       0.21      0.13 *     1.15 r                   0.90
  gemm_unit/u_f32_to_f16_vec/g_lane_4__u_cast/n591 (net)               5                   0.00       1.15 r                   
  gemm_unit/u_f32_to_f16_vec/g_lane_4__u_cast/U83/Y (NOR2_X0P5B_A9TR)            0.11      0.12 *     1.27 f                   0.90
  gemm_unit/u_f32_to_f16_vec/g_lane_4__u_cast/n603 (net)               6                   0.00       1.27 f                   
  gemm_unit/u_f32_to_f16_vec/g_lane_4__u_cast/U110/Y (AO21A1AI2_X0P7M_A9TR)      0.17      0.15 *     1.42 r                   0.90
  gemm_unit/u_f32_to_f16_vec/g_lane_4__u_cast/n658 (net)               5                   0.00       1.42 r                   
  gemm_unit/u_f32_to_f16_vec/g_lane_4__u_cast/U111/Y (NAND4_X0P5A_A9TR)          0.07      0.09 *     1.50 f                   0.90
  gemm_unit/u_f32_to_f16_vec/g_lane_4__u_cast/n589 (net)               1                   0.00       1.50 f                   
  gemm_unit/u_f32_to_f16_vec/g_lane_4__u_cast/U114/Y (AO21A1AI2_X0P7M_A9TR)      0.22      0.16 *     1.66 r                   0.90
  gemm_unit/u_f32_to_f16_vec/g_lane_4__u_cast/n705 (net)               7                   0.00       1.66 r                   
  gemm_unit/u_f32_to_f16_vec/g_lane_4__u_cast/U183/Y (NOR2_X0P5B_A9TR)           0.09      0.11 *     1.77 f                   0.90
  gemm_unit/u_f32_to_f16_vec/g_lane_4__u_cast/n707 (net)               3                   0.00       1.77 f                   
  gemm_unit/u_f32_to_f16_vec/g_lane_4__u_cast/U185/Y (OAI22_X0P5M_A9TR)          0.08      0.08 *     1.85 r                   0.90
  gemm_unit/u_f32_to_f16_vec/g_lane_4__u_cast/n679 (net)               1                   0.00       1.85 r                   
  gemm_unit/u_f32_to_f16_vec/g_lane_4__u_cast/U186/Y (AOI21_X0P7M_A9TR)          0.05      0.04 *     1.89 f                   0.90
  gemm_unit/u_f32_to_f16_vec/g_lane_4__u_cast/n680 (net)               1                   0.00       1.89 f                   
  gemm_unit/u_f32_to_f16_vec/g_lane_4__u_cast/U187/Y (OAI31_X1M_A9TR)            0.54      0.22 *     2.11 r                   0.90
  gemm_unit/u_f32_to_f16_vec/g_lane_4__u_cast/data_o[5] (net)          1                   0.00       2.11 r                   
  gemm_unit/u_f32_to_f16_vec/g_lane_4__u_cast/data_o[5] (VX_f32_to_f16_27)                 0.00       2.11 r                   
  gemm_unit/u_f32_to_f16_vec/data_o[69] (net)                                              0.00       2.11 r                   
  gemm_unit/u_f32_to_f16_vec/data_o[69] (VX_vec_f32_to_f16)                                0.00       2.11 r                   
  gemm_unit/o_lmem_bus_if_rsp_data[72] (net)                                               0.00       2.11 r                   
  gemm_unit/o_lmem_bus_if_rsp_data[72] (VX_gemm_unit_h_903_242_469)                        0.00       2.11 r                   
  o_rsp_data[69] (net)                                                                     0.00       2.11 r                   
  o_rsp_data[69] (out)                                                           0.54      0.01 *     2.12 r                   
  data arrival time                                                                                   2.12                     

  clock CLK (rise edge)                                                                   10.00      10.00                     
  clock network delay (ideal)                                                              0.00      10.00                     
  output external delay                                                                    0.00      10.00                     
  data required time                                                                                 10.00                     
  ------------------------------------------------------------------------------------------------------------------------------------------
  data required time                                                                                 10.00                     
  data arrival time                                                                                  -2.12                     
  ------------------------------------------------------------------------------------------------------------------------------------------
  slack (MET)                                                                                         7.88                     


  Startpoint: acc_mem_rdata_i[152]
              (input port clocked by CLK)
  Endpoint: o_rsp_data[67]
            (output port clocked by CLK)
  Scenario: mode_norm.OC_rvt_ss_0p900v_125c
  Path Group: FEEDTHROUGH
  Path Type: max

Attributes:
    d - dont_touch
    u - dont_use
   mo - map_only
   so - size_only
    i - ideal_net or ideal_network
  inf - infeasible path

  Point                                                              Fanout     Trans      Incr       Path      Attributes     Voltage
  ------------------------------------------------------------------------------------------------------------------------------------------
  clock CLK (rise edge)                                                                    0.00       0.00                     
  clock network delay (ideal)                                                              0.00       0.00                     
  input external delay                                                                     0.00       0.00 r                   
  acc_mem_rdata_i[152] (in)                                                      0.76      0.41       0.41 r                   
  acc_mem_rdata_i[152] (net)                                           2                   0.00       0.41 r                   
  gemm_unit/acc_mem_rdata_i[152] (VX_gemm_unit_h_903_242_469)                              0.00       0.41 r                   
  gemm_unit/acc_mem_rdata_i[152] (net)                                                     0.00       0.41 r                   
  gemm_unit/U22246/Y (AOI22_X0P5M_A9TR)                                          0.20      0.17 *     0.58 f                   0.90
  gemm_unit/n22780 (net)                                               1                   0.00       0.58 f                   
  gemm_unit/U22248/Y (NAND2_X0P7B_A9TR)                                          0.24      0.21 *     0.79 r                   0.90
  gemm_unit/f32_to_f16_data_vec[152] (net)                            13                   0.00       0.79 r                   
  gemm_unit/u_f32_to_f16_vec/data_i[152] (VX_vec_f32_to_f16)                               0.00       0.79 r                   
  gemm_unit/u_f32_to_f16_vec/data_i[152] (net)                                             0.00       0.79 r                   
  gemm_unit/u_f32_to_f16_vec/g_lane_4__u_cast/data_i[24] (VX_f32_to_f16_27)                0.00       0.79 r                   
  gemm_unit/u_f32_to_f16_vec/g_lane_4__u_cast/data_i[24] (net)                             0.00       0.79 r                   
  gemm_unit/u_f32_to_f16_vec/g_lane_4__u_cast/U23/Y (NOR2_X0P5B_A9TR)            0.08      0.10 *     0.89 f                   0.90
  gemm_unit/u_f32_to_f16_vec/g_lane_4__u_cast/n579 (net)               3                   0.00       0.89 f                   
  gemm_unit/u_f32_to_f16_vec/g_lane_4__u_cast/U25/Y (NAND2_X0P5M_A9TR)           0.10      0.09 *     0.98 r                   0.90
  gemm_unit/u_f32_to_f16_vec/g_lane_4__u_cast/n546 (net)               4                   0.00       0.98 r                   
  gemm_unit/u_f32_to_f16_vec/g_lane_4__u_cast/U47/Y (INV_X0P7M_A9TR)             0.03      0.03 *     1.01 f                   0.90
  gemm_unit/u_f32_to_f16_vec/g_lane_4__u_cast/n545 (net)               1                   0.00       1.01 f                   
  gemm_unit/u_f32_to_f16_vec/g_lane_4__u_cast/U48/Y (OA21A1OI2_X0P7M_A9TR)       0.21      0.13 *     1.15 r                   0.90
  gemm_unit/u_f32_to_f16_vec/g_lane_4__u_cast/n591 (net)               5                   0.00       1.15 r                   
  gemm_unit/u_f32_to_f16_vec/g_lane_4__u_cast/U83/Y (NOR2_X0P5B_A9TR)            0.11      0.12 *     1.27 f                   0.90
  gemm_unit/u_f32_to_f16_vec/g_lane_4__u_cast/n603 (net)               6                   0.00       1.27 f                   
  gemm_unit/u_f32_to_f16_vec/g_lane_4__u_cast/U110/Y (AO21A1AI2_X0P7M_A9TR)      0.17      0.15 *     1.42 r                   0.90
  gemm_unit/u_f32_to_f16_vec/g_lane_4__u_cast/n658 (net)               5                   0.00       1.42 r                   
  gemm_unit/u_f32_to_f16_vec/g_lane_4__u_cast/U111/Y (NAND4_X0P5A_A9TR)          0.07      0.09 *     1.50 f                   0.90
  gemm_unit/u_f32_to_f16_vec/g_lane_4__u_cast/n589 (net)               1                   0.00       1.50 f                   
  gemm_unit/u_f32_to_f16_vec/g_lane_4__u_cast/U114/Y (AO21A1AI2_X0P7M_A9TR)      0.22      0.16 *     1.66 r                   0.90
  gemm_unit/u_f32_to_f16_vec/g_lane_4__u_cast/n705 (net)               7                   0.00       1.66 r                   
  gemm_unit/u_f32_to_f16_vec/g_lane_4__u_cast/U172/Y (NOR2_X0P5B_A9TR)           0.09      0.11 *     1.77 f                   0.90
  gemm_unit/u_f32_to_f16_vec/g_lane_4__u_cast/n674 (net)               3                   0.00       1.77 f                   
  gemm_unit/u_f32_to_f16_vec/g_lane_4__u_cast/U180/Y (OAI22_X0P5M_A9TR)          0.08      0.08 *     1.85 r                   0.90
  gemm_unit/u_f32_to_f16_vec/g_lane_4__u_cast/n672 (net)               1                   0.00       1.85 r                   
  gemm_unit/u_f32_to_f16_vec/g_lane_4__u_cast/U181/Y (AOI21_X0P7M_A9TR)          0.05      0.04 *     1.89 f                   0.90
  gemm_unit/u_f32_to_f16_vec/g_lane_4__u_cast/n675 (net)               1                   0.00       1.89 f                   
  gemm_unit/u_f32_to_f16_vec/g_lane_4__u_cast/U182/Y (OAI31_X1M_A9TR)            0.53      0.22 *     2.11 r                   0.90
  gemm_unit/u_f32_to_f16_vec/g_lane_4__u_cast/data_o[3] (net)          1                   0.00       2.11 r                   
  gemm_unit/u_f32_to_f16_vec/g_lane_4__u_cast/data_o[3] (VX_f32_to_f16_27)                 0.00       2.11 r                   
  gemm_unit/u_f32_to_f16_vec/data_o[67] (net)                                              0.00       2.11 r                   
  gemm_unit/u_f32_to_f16_vec/data_o[67] (VX_vec_f32_to_f16)                                0.00       2.11 r                   
  gemm_unit/o_lmem_bus_if_rsp_data[70] (net)                                               0.00       2.11 r                   
  gemm_unit/o_lmem_bus_if_rsp_data[70] (VX_gemm_unit_h_903_242_469)                        0.00       2.11 r                   
  o_rsp_data[67] (net)                                                                     0.00       2.11 r                   
  o_rsp_data[67] (out)                                                           0.53      0.01 *     2.11 r                   
  data arrival time                                                                                   2.11                     

  clock CLK (rise edge)                                                                   10.00      10.00                     
  clock network delay (ideal)                                                              0.00      10.00                     
  output external delay                                                                    0.00      10.00                     
  data required time                                                                                 10.00                     
  ------------------------------------------------------------------------------------------------------------------------------------------
  data required time                                                                                 10.00                     
  data arrival time                                                                                  -2.11                     
  ------------------------------------------------------------------------------------------------------------------------------------------
  slack (MET)                                                                                         7.89                     


  Startpoint: w_req_addr[1]
              (input port clocked by CLK)
  Endpoint: gemm_unit/u_mxu/u_weight_regs/mem_reg_0__0__0__0_
            (rising edge-triggered flip-flop clocked by CLK)
  Scenario: mode_norm.OC_rvt_ss_0p900v_125c
  Path Group: REGIN
  Path Type: max

Attributes:
    d - dont_touch
    u - dont_use
   mo - map_only
   so - size_only
    i - ideal_net or ideal_network
  inf - infeasible path

  Point                                                             Fanout     Trans      Incr       Path      Attributes     Voltage
  -----------------------------------------------------------------------------------------------------------------------------------------
  clock CLK (rise edge)                                                                   0.00       0.00                     
  clock network delay (ideal)                                                             0.00       0.00                     
  input external delay                                                                    0.00       0.00 r                   
  w_req_addr[1] (in)                                                            0.03      0.01       0.01 r                   
  w_req_addr[1] (net)                                                 1                   0.00       0.01 r                   
  U730/Y (BUF_X1M_A9TR)                                                         0.17      0.12 *     0.14 r                   0.90
  n729 (net)                                                          1                   0.00       0.14 r                   
  gemm_unit/w_lmem_bus_if_req_data[583] (VX_gemm_unit_h_903_242_469)                      0.00       0.14 r                   
  gemm_unit/w_lmem_bus_if_req_data[583] (net)                                             0.00       0.14 r                   
  gemm_unit/u_mxu/weight_load_dir_i (VX_gemm_tree_v1)                                     0.00       0.14 r                   
  gemm_unit/u_mxu/weight_load_dir_i (net)                                                 0.00       0.14 r                   
  gemm_unit/u_mxu/u_weight_regs/weight_load_dir_i (VX_gemm_weight_regs_v1)                0.00       0.14 r                   
  gemm_unit/u_mxu/u_weight_regs/weight_load_dir_i (net)                                   0.00       0.14 r                   
  gemm_unit/u_mxu/u_weight_regs/U4/Y (BUF_X3M_A9TR)                             0.71      0.46 *     0.59 r                   0.90
  gemm_unit/u_mxu/u_weight_regs/n13715 (net)                         93                   0.00       0.59 r                   
  gemm_unit/u_mxu/u_weight_regs/U88/Y (BUF_X1M_A9TR)                            0.11      0.19 *     0.78 r                   0.90
  gemm_unit/u_mxu/u_weight_regs/n13763 (net)                          9                   0.00       0.78 r                   
  gemm_unit/u_mxu/u_weight_regs/U89/Y (INV_X0P7M_A9TR)                          0.14      0.12 *     0.91 f                   0.90
  gemm_unit/u_mxu/u_weight_regs/n13764 (net)                         17                   0.00       0.91 f                   
  gemm_unit/u_mxu/u_weight_regs/U1333/Y (NOR2_X1B_A9TR)                         0.64      0.41 *     1.32 r                   0.90
  gemm_unit/u_mxu/u_weight_regs/n3723 (net)                           4                   0.00       1.32 r                   
  gemm_unit/u_mxu/u_weight_regs/U4233/Y (BUF_X2P5M_A9TR)                        0.70      0.51 *     1.82 r                   0.90
  gemm_unit/u_mxu/u_weight_regs/n14679 (net)                         93                   0.00       1.82 r                   
  gemm_unit/u_mxu/u_weight_regs/U4301/Y (BUF_X1M_A9TR)                          0.33      0.33 *     2.15 r                   0.90
  gemm_unit/u_mxu/u_weight_regs/n14717 (net)                         35                   0.00       2.15 r                   
  gemm_unit/u_mxu/u_weight_regs/U9683/Y (AOI22_X0P5M_A9TR)                      0.34      0.25 *     2.41 f                   0.90
  gemm_unit/u_mxu/u_weight_regs/n10022 (net)                          1                   0.00       2.41 f                   
  gemm_unit/u_mxu/u_weight_regs/U9684/Y (NAND2_X0P7B_A9TR)                      0.24      0.25 *     2.66 r                   0.90
  gemm_unit/u_mxu/u_weight_regs/n13 (net)                             2                   0.00       2.66 r                   
  gemm_unit/u_mxu/u_weight_regs/mem_reg_0__0__0__0_/D (DFFQ_X0P5M_A9TR)         0.24      0.00 *     2.66 r                   0.90
  data arrival time                                                                                  2.66                     

  clock CLK (rise edge)                                                                  10.00      10.00                     
  clock network delay (ideal)                                                             0.00      10.00                     
  gemm_unit/u_mxu/u_weight_regs/mem_reg_0__0__0__0_/CK (DFFQ_X0P5M_A9TR)                  0.00      10.00 r                   
  library setup time                                                                     -0.09       9.91                     
  data required time                                                                                 9.91                     
  -----------------------------------------------------------------------------------------------------------------------------------------
  data required time                                                                                 9.91                     
  data arrival time                                                                                 -2.66                     
  -----------------------------------------------------------------------------------------------------------------------------------------
  slack (MET)                                                                                        7.25                     


  Startpoint: w_req_addr[1]
              (input port clocked by CLK)
  Endpoint: gemm_unit/u_mxu/u_weight_regs/mem_reg_0__0__1__0_
            (rising edge-triggered flip-flop clocked by CLK)
  Scenario: mode_norm.OC_rvt_ss_0p900v_125c
  Path Group: REGIN
  Path Type: max

Attributes:
    d - dont_touch
    u - dont_use
   mo - map_only
   so - size_only
    i - ideal_net or ideal_network
  inf - infeasible path

  Point                                                             Fanout     Trans      Incr       Path      Attributes     Voltage
  -----------------------------------------------------------------------------------------------------------------------------------------
  clock CLK (rise edge)                                                                   0.00       0.00                     
  clock network delay (ideal)                                                             0.00       0.00                     
  input external delay                                                                    0.00       0.00 r                   
  w_req_addr[1] (in)                                                            0.03      0.01       0.01 r                   
  w_req_addr[1] (net)                                                 1                   0.00       0.01 r                   
  U730/Y (BUF_X1M_A9TR)                                                         0.17      0.12 *     0.14 r                   0.90
  n729 (net)                                                          1                   0.00       0.14 r                   
  gemm_unit/w_lmem_bus_if_req_data[583] (VX_gemm_unit_h_903_242_469)                      0.00       0.14 r                   
  gemm_unit/w_lmem_bus_if_req_data[583] (net)                                             0.00       0.14 r                   
  gemm_unit/u_mxu/weight_load_dir_i (VX_gemm_tree_v1)                                     0.00       0.14 r                   
  gemm_unit/u_mxu/weight_load_dir_i (net)                                                 0.00       0.14 r                   
  gemm_unit/u_mxu/u_weight_regs/weight_load_dir_i (VX_gemm_weight_regs_v1)                0.00       0.14 r                   
  gemm_unit/u_mxu/u_weight_regs/weight_load_dir_i (net)                                   0.00       0.14 r                   
  gemm_unit/u_mxu/u_weight_regs/U4/Y (BUF_X3M_A9TR)                             0.71      0.46 *     0.59 r                   0.90
  gemm_unit/u_mxu/u_weight_regs/n13715 (net)                         93                   0.00       0.59 r                   
  gemm_unit/u_mxu/u_weight_regs/U88/Y (BUF_X1M_A9TR)                            0.11      0.19 *     0.78 r                   0.90
  gemm_unit/u_mxu/u_weight_regs/n13763 (net)                          9                   0.00       0.78 r                   
  gemm_unit/u_mxu/u_weight_regs/U89/Y (INV_X0P7M_A9TR)                          0.14      0.12 *     0.91 f                   0.90
  gemm_unit/u_mxu/u_weight_regs/n13764 (net)                         17                   0.00       0.91 f                   
  gemm_unit/u_mxu/u_weight_regs/U1333/Y (NOR2_X1B_A9TR)                         0.64      0.41 *     1.32 r                   0.90
  gemm_unit/u_mxu/u_weight_regs/n3723 (net)                           4                   0.00       1.32 r                   
  gemm_unit/u_mxu/u_weight_regs/U4233/Y (BUF_X2P5M_A9TR)                        0.70      0.51 *     1.82 r                   0.90
  gemm_unit/u_mxu/u_weight_regs/n14679 (net)                         93                   0.00       1.82 r                   
  gemm_unit/u_mxu/u_weight_regs/U4301/Y (BUF_X1M_A9TR)                          0.33      0.33 *     2.15 r                   0.90
  gemm_unit/u_mxu/u_weight_regs/n14717 (net)                         35                   0.00       2.15 r                   
  gemm_unit/u_mxu/u_weight_regs/U9683/Y (AOI22_X0P5M_A9TR)                      0.34      0.25 *     2.41 f                   0.90
  gemm_unit/u_mxu/u_weight_regs/n10022 (net)                          1                   0.00       2.41 f                   
  gemm_unit/u_mxu/u_weight_regs/U9684/Y (NAND2_X0P7B_A9TR)                      0.24      0.25 *     2.66 r                   0.90
  gemm_unit/u_mxu/u_weight_regs/n13 (net)                             2                   0.00       2.66 r                   
  gemm_unit/u_mxu/u_weight_regs/mem_reg_0__0__1__0_/D (DFFQ_X0P5M_A9TR)         0.24      0.00 *     2.66 r                   0.90
  data arrival time                                                                                  2.66                     

  clock CLK (rise edge)                                                                  10.00      10.00                     
  clock network delay (ideal)                                                             0.00      10.00                     
  gemm_unit/u_mxu/u_weight_regs/mem_reg_0__0__1__0_/CK (DFFQ_X0P5M_A9TR)                  0.00      10.00 r                   
  library setup time                                                                     -0.09       9.91                     
  data required time                                                                                 9.91                     
  -----------------------------------------------------------------------------------------------------------------------------------------
  data required time                                                                                 9.91                     
  data arrival time                                                                                 -2.66                     
  -----------------------------------------------------------------------------------------------------------------------------------------
  slack (MET)                                                                                        7.25                     


  Startpoint: sz_req_data[80]
              (input port clocked by CLK)
  Endpoint: gemm_unit/zero_regs_reg_0__5__14_
            (rising edge-triggered flip-flop clocked by CLK)
  Scenario: mode_norm.OC_rvt_ss_0p900v_125c
  Path Group: REGIN
  Path Type: max

Attributes:
    d - dont_touch
    u - dont_use
   mo - map_only
   so - size_only
    i - ideal_net or ideal_network
  inf - infeasible path

  Point                                                        Fanout     Trans      Incr       Path      Attributes     Voltage
  ------------------------------------------------------------------------------------------------------------------------------------
  clock CLK (rise edge)                                                              0.00       0.00                     
  clock network delay (ideal)                                                        0.00       0.00                     
  input external delay                                                               0.00       0.00 r                   
  sz_req_data[80] (in)                                                     0.03      0.01       0.01 r                   
  sz_req_data[80] (net)                                          1                   0.00       0.01 r                   
  U703/Y (BUF_X1P4B_A9TR)                                                  0.69      0.41 *     0.42 r                   0.90
  n702 (net)                                                     8                   0.00       0.42 r                   
  gemm_unit/sz_lmem_bus_if_req_data[150] (VX_gemm_unit_h_903_242_469)                0.00       0.42 r                   
  gemm_unit/sz_lmem_bus_if_req_data[150] (net)                                       0.00       0.42 r                   
  gemm_unit/U17268/Y (NOR3_X0P7M_A9TR)                                     0.19      0.18 *     0.60 f                   0.90
  gemm_unit/n26533 (net)                                         2                   0.00       0.60 f                   
  gemm_unit/U17269/Y (INV_X0P7M_A9TR)                                      0.08      0.08 *     0.68 r                   0.90
  gemm_unit/n26586 (net)                                         2                   0.00       0.68 r                   
  gemm_unit/U17270/Y (NOR2_X1M_A9TR)                                       0.15      0.04 *     0.73 f                   0.90
  gemm_unit/n26585 (net)                                         2                   0.00       0.73 f                   
  gemm_unit/U17271/Y (INV_X0P7M_A9TR)                                      0.07      0.07 *     0.80 r                   0.90
  gemm_unit/n26628 (net)                                         2                   0.00       0.80 r                   
  gemm_unit/U17272/Y (NOR2_X1M_A9TR)                                       0.15      0.05 *     0.84 f                   0.90
  gemm_unit/n26627 (net)                                         2                   0.00       0.84 f                   
  gemm_unit/U17273/Y (INV_X0P7M_A9TR)                                      0.07      0.07 *     0.91 r                   0.90
  gemm_unit/n26734 (net)                                         2                   0.00       0.91 r                   
  gemm_unit/U17274/Y (NOR2_X1M_A9TR)                                       0.15      0.05 *     0.96 f                   0.90
  gemm_unit/n26733 (net)                                         2                   0.00       0.96 f                   
  gemm_unit/U17275/Y (INV_X0P7M_A9TR)                                      0.07      0.07 *     1.03 r                   0.90
  gemm_unit/n26846 (net)                                         2                   0.00       1.03 r                   
  gemm_unit/U17276/Y (NOR2_X1M_A9TR)                                       0.15      0.05 *     1.08 f                   0.90
  gemm_unit/n26845 (net)                                         2                   0.00       1.08 f                   
  gemm_unit/U17277/Y (INV_X0P7M_A9TR)                                      0.07      0.07 *     1.15 r                   0.90
  gemm_unit/n26874 (net)                                         2                   0.00       1.15 r                   
  gemm_unit/U17278/Y (NOR2_X1M_A9TR)                                       0.15      0.04 *     1.19 f                   0.90
  gemm_unit/n26873 (net)                                         2                   0.00       1.19 f                   
  gemm_unit/U17279/Y (INV_X0P7M_A9TR)                                      0.07      0.07 *     1.27 r                   0.90
  gemm_unit/n26962 (net)                                         2                   0.00       1.27 r                   
  gemm_unit/U17280/Y (NOR2_X1M_A9TR)                                       0.15      0.05 *     1.31 f                   0.90
  gemm_unit/n26961 (net)                                         2                   0.00       1.31 f                   
  gemm_unit/U17281/Y (INV_X0P7M_A9TR)                                      0.07      0.07 *     1.38 r                   0.90
  gemm_unit/n27042 (net)                                         2                   0.00       1.38 r                   
  gemm_unit/U17282/Y (NOR2_X1M_A9TR)                                       0.15      0.04 *     1.43 f                   0.90
  gemm_unit/n27041 (net)                                         2                   0.00       1.43 f                   
  gemm_unit/U17283/Y (INV_X0P7M_A9TR)                                      0.07      0.07 *     1.50 r                   0.90
  gemm_unit/n27198 (net)                                         2                   0.00       1.50 r                   
  gemm_unit/U17284/Y (NOR2_X1M_A9TR)                                       0.13      0.05 *     1.54 f                   0.90
  gemm_unit/n27197 (net)                                         2                   0.00       1.54 f                   
  gemm_unit/U17285/Y (INV_X0P7M_A9TR)                                      0.06      0.07 *     1.61 r                   0.90
  gemm_unit/n27268 (net)                                         2                   0.00       1.61 r                   
  gemm_unit/U17286/Y (NOR2_X1M_A9TR)                                       0.15      0.04 *     1.65 f                   0.90
  gemm_unit/n27267 (net)                                         2                   0.00       1.65 f                   
  gemm_unit/U17287/Y (INV_X0P7M_A9TR)                                      0.07      0.07 *     1.72 r                   0.90
  gemm_unit/n27499 (net)                                         2                   0.00       1.72 r                   
  gemm_unit/U17288/Y (NOR2_X1M_A9TR)                                       0.13      0.05 *     1.77 f                   0.90
  gemm_unit/n27498 (net)                                         2                   0.00       1.77 f                   
  gemm_unit/U17289/Y (INV_X0P7M_A9TR)                                      0.06      0.07 *     1.83 r                   0.90
  gemm_unit/n27689 (net)                                         2                   0.00       1.83 r                   
  gemm_unit/U17290/Y (NOR2_X1M_A9TR)                                       0.13      0.04 *     1.88 f                   0.90
  gemm_unit/n27688 (net)                                         2                   0.00       1.88 f                   
  gemm_unit/U17291/Y (INV_X0P7M_A9TR)                                      0.06      0.06 *     1.94 r                   0.90
  gemm_unit/n27741 (net)                                         2                   0.00       1.94 r                   
  gemm_unit/U17292/Y (NOR2_X1M_A9TR)                                       0.07      0.05 *     1.98 f                   0.90
  gemm_unit/n27740 (net)                                         2                   0.00       1.98 f                   
  gemm_unit/U36512/Y (AOI21_X1M_A9TR)                                      0.79      0.47 *     2.46 r                   0.90
  gemm_unit/n764 (net)                                           2                   0.00       2.46 r                   
  gemm_unit/zero_regs_reg_0__5__14_/D (DFFRPQ_X0P5M_A9TR)                  0.79      0.03 *     2.48 r                   0.90
  data arrival time                                                                             2.48                     

  clock CLK (rise edge)                                                             10.00      10.00                     
  clock network delay (ideal)                                                        0.00      10.00                     
  gemm_unit/zero_regs_reg_0__5__14_/CK (DFFRPQ_X0P5M_A9TR)                           0.00      10.00 r                   
  library setup time                                                                -0.18       9.82                     
  data required time                                                                            9.82                     
  ------------------------------------------------------------------------------------------------------------------------------------
  data required time                                                                            9.82                     
  data arrival time                                                                            -2.48                     
  ------------------------------------------------------------------------------------------------------------------------------------
  slack (MET)                                                                                   7.34                     


  Startpoint: sz_req_data[80]
              (input port clocked by CLK)
  Endpoint: gemm_unit/zero_regs_reg_1__5__14_
            (rising edge-triggered flip-flop clocked by CLK)
  Scenario: mode_norm.OC_rvt_ss_0p900v_125c
  Path Group: REGIN
  Path Type: max

Attributes:
    d - dont_touch
    u - dont_use
   mo - map_only
   so - size_only
    i - ideal_net or ideal_network
  inf - infeasible path

  Point                                                        Fanout     Trans      Incr       Path      Attributes     Voltage
  ------------------------------------------------------------------------------------------------------------------------------------
  clock CLK (rise edge)                                                              0.00       0.00                     
  clock network delay (ideal)                                                        0.00       0.00                     
  input external delay                                                               0.00       0.00 r                   
  sz_req_data[80] (in)                                                     0.03      0.01       0.01 r                   
  sz_req_data[80] (net)                                          1                   0.00       0.01 r                   
  U703/Y (BUF_X1P4B_A9TR)                                                  0.69      0.41 *     0.42 r                   0.90
  n702 (net)                                                     8                   0.00       0.42 r                   
  gemm_unit/sz_lmem_bus_if_req_data[150] (VX_gemm_unit_h_903_242_469)                0.00       0.42 r                   
  gemm_unit/sz_lmem_bus_if_req_data[150] (net)                                       0.00       0.42 r                   
  gemm_unit/U17268/Y (NOR3_X0P7M_A9TR)                                     0.19      0.18 *     0.60 f                   0.90
  gemm_unit/n26533 (net)                                         2                   0.00       0.60 f                   
  gemm_unit/U17269/Y (INV_X0P7M_A9TR)                                      0.08      0.08 *     0.68 r                   0.90
  gemm_unit/n26586 (net)                                         2                   0.00       0.68 r                   
  gemm_unit/U17270/Y (NOR2_X1M_A9TR)                                       0.15      0.04 *     0.73 f                   0.90
  gemm_unit/n26585 (net)                                         2                   0.00       0.73 f                   
  gemm_unit/U17271/Y (INV_X0P7M_A9TR)                                      0.07      0.07 *     0.80 r                   0.90
  gemm_unit/n26628 (net)                                         2                   0.00       0.80 r                   
  gemm_unit/U17272/Y (NOR2_X1M_A9TR)                                       0.15      0.05 *     0.84 f                   0.90
  gemm_unit/n26627 (net)                                         2                   0.00       0.84 f                   
  gemm_unit/U17273/Y (INV_X0P7M_A9TR)                                      0.07      0.07 *     0.91 r                   0.90
  gemm_unit/n26734 (net)                                         2                   0.00       0.91 r                   
  gemm_unit/U17274/Y (NOR2_X1M_A9TR)                                       0.15      0.05 *     0.96 f                   0.90
  gemm_unit/n26733 (net)                                         2                   0.00       0.96 f                   
  gemm_unit/U17275/Y (INV_X0P7M_A9TR)                                      0.07      0.07 *     1.03 r                   0.90
  gemm_unit/n26846 (net)                                         2                   0.00       1.03 r                   
  gemm_unit/U17276/Y (NOR2_X1M_A9TR)                                       0.15      0.05 *     1.08 f                   0.90
  gemm_unit/n26845 (net)                                         2                   0.00       1.08 f                   
  gemm_unit/U17277/Y (INV_X0P7M_A9TR)                                      0.07      0.07 *     1.15 r                   0.90
  gemm_unit/n26874 (net)                                         2                   0.00       1.15 r                   
  gemm_unit/U17278/Y (NOR2_X1M_A9TR)                                       0.15      0.04 *     1.19 f                   0.90
  gemm_unit/n26873 (net)                                         2                   0.00       1.19 f                   
  gemm_unit/U17279/Y (INV_X0P7M_A9TR)                                      0.07      0.07 *     1.27 r                   0.90
  gemm_unit/n26962 (net)                                         2                   0.00       1.27 r                   
  gemm_unit/U17280/Y (NOR2_X1M_A9TR)                                       0.15      0.05 *     1.31 f                   0.90
  gemm_unit/n26961 (net)                                         2                   0.00       1.31 f                   
  gemm_unit/U17281/Y (INV_X0P7M_A9TR)                                      0.07      0.07 *     1.38 r                   0.90
  gemm_unit/n27042 (net)                                         2                   0.00       1.38 r                   
  gemm_unit/U17282/Y (NOR2_X1M_A9TR)                                       0.15      0.04 *     1.43 f                   0.90
  gemm_unit/n27041 (net)                                         2                   0.00       1.43 f                   
  gemm_unit/U17283/Y (INV_X0P7M_A9TR)                                      0.07      0.07 *     1.50 r                   0.90
  gemm_unit/n27198 (net)                                         2                   0.00       1.50 r                   
  gemm_unit/U17284/Y (NOR2_X1M_A9TR)                                       0.13      0.05 *     1.54 f                   0.90
  gemm_unit/n27197 (net)                                         2                   0.00       1.54 f                   
  gemm_unit/U17285/Y (INV_X0P7M_A9TR)                                      0.06      0.07 *     1.61 r                   0.90
  gemm_unit/n27268 (net)                                         2                   0.00       1.61 r                   
  gemm_unit/U17286/Y (NOR2_X1M_A9TR)                                       0.15      0.04 *     1.65 f                   0.90
  gemm_unit/n27267 (net)                                         2                   0.00       1.65 f                   
  gemm_unit/U17287/Y (INV_X0P7M_A9TR)                                      0.07      0.07 *     1.72 r                   0.90
  gemm_unit/n27499 (net)                                         2                   0.00       1.72 r                   
  gemm_unit/U17288/Y (NOR2_X1M_A9TR)                                       0.13      0.05 *     1.77 f                   0.90
  gemm_unit/n27498 (net)                                         2                   0.00       1.77 f                   
  gemm_unit/U17289/Y (INV_X0P7M_A9TR)                                      0.06      0.07 *     1.83 r                   0.90
  gemm_unit/n27689 (net)                                         2                   0.00       1.83 r                   
  gemm_unit/U17290/Y (NOR2_X1M_A9TR)                                       0.13      0.04 *     1.88 f                   0.90
  gemm_unit/n27688 (net)                                         2                   0.00       1.88 f                   
  gemm_unit/U17291/Y (INV_X0P7M_A9TR)                                      0.06      0.06 *     1.94 r                   0.90
  gemm_unit/n27741 (net)                                         2                   0.00       1.94 r                   
  gemm_unit/U17292/Y (NOR2_X1M_A9TR)                                       0.07      0.05 *     1.98 f                   0.90
  gemm_unit/n27740 (net)                                         2                   0.00       1.98 f                   
  gemm_unit/U36512/Y (AOI21_X1M_A9TR)                                      0.79      0.47 *     2.46 r                   0.90
  gemm_unit/n764 (net)                                           2                   0.00       2.46 r                   
  gemm_unit/zero_regs_reg_1__5__14_/D (DFFRPQ_X0P5M_A9TR)                  0.79      0.03 *     2.48 r                   0.90
  data arrival time                                                                             2.48                     

  clock CLK (rise edge)                                                             10.00      10.00                     
  clock network delay (ideal)                                                        0.00      10.00                     
  gemm_unit/zero_regs_reg_1__5__14_/CK (DFFRPQ_X0P5M_A9TR)                           0.00      10.00 r                   
  library setup time                                                                -0.18       9.82                     
  data required time                                                                            9.82                     
  ------------------------------------------------------------------------------------------------------------------------------------
  data required time                                                                            9.82                     
  data arrival time                                                                            -2.48                     
  ------------------------------------------------------------------------------------------------------------------------------------
  slack (MET)                                                                                   7.34                     


  Startpoint: w_req_addr[1]
              (input port clocked by CLK)
  Endpoint: gemm_unit/u_mxu/u_weight_regs/mem_reg_4__9__1__0_
            (rising edge-triggered flip-flop clocked by CLK)
  Scenario: mode_norm.OC_rvt_ss_0p900v_125c
  Path Group: REGIN
  Path Type: max

Attributes:
    d - dont_touch
    u - dont_use
   mo - map_only
   so - size_only
    i - ideal_net or ideal_network
  inf - infeasible path

  Point                                                             Fanout     Trans      Incr       Path      Attributes     Voltage
  -----------------------------------------------------------------------------------------------------------------------------------------
  clock CLK (rise edge)                                                                   0.00       0.00                     
  clock network delay (ideal)                                                             0.00       0.00                     
  input external delay                                                                    0.00       0.00 r                   
  w_req_addr[1] (in)                                                            0.03      0.01       0.01 r                   
  w_req_addr[1] (net)                                                 1                   0.00       0.01 r                   
  U730/Y (BUF_X1M_A9TR)                                                         0.17      0.12 *     0.14 r                   0.90
  n729 (net)                                                          1                   0.00       0.14 r                   
  gemm_unit/w_lmem_bus_if_req_data[583] (VX_gemm_unit_h_903_242_469)                      0.00       0.14 r                   
  gemm_unit/w_lmem_bus_if_req_data[583] (net)                                             0.00       0.14 r                   
  gemm_unit/u_mxu/weight_load_dir_i (VX_gemm_tree_v1)                                     0.00       0.14 r                   
  gemm_unit/u_mxu/weight_load_dir_i (net)                                                 0.00       0.14 r                   
  gemm_unit/u_mxu/u_weight_regs/weight_load_dir_i (VX_gemm_weight_regs_v1)                0.00       0.14 r                   
  gemm_unit/u_mxu/u_weight_regs/weight_load_dir_i (net)                                   0.00       0.14 r                   
  gemm_unit/u_mxu/u_weight_regs/U4/Y (BUF_X3M_A9TR)                             0.71      0.46 *     0.59 r                   0.90
  gemm_unit/u_mxu/u_weight_regs/n13715 (net)                         93                   0.00       0.59 r                   
  gemm_unit/u_mxu/u_weight_regs/U88/Y (BUF_X1M_A9TR)                            0.11      0.19 *     0.78 r                   0.90
  gemm_unit/u_mxu/u_weight_regs/n13763 (net)                          9                   0.00       0.78 r                   
  gemm_unit/u_mxu/u_weight_regs/U89/Y (INV_X0P7M_A9TR)                          0.14      0.12 *     0.91 f                   0.90
  gemm_unit/u_mxu/u_weight_regs/n13764 (net)                         17                   0.00       0.91 f                   
  gemm_unit/u_mxu/u_weight_regs/U1333/Y (NOR2_X1B_A9TR)                         0.64      0.41 *     1.32 r                   0.90
  gemm_unit/u_mxu/u_weight_regs/n3723 (net)                           4                   0.00       1.32 r                   
  gemm_unit/u_mxu/u_weight_regs/U4233/Y (BUF_X2P5M_A9TR)                        0.70      0.51 *     1.82 r                   0.90
  gemm_unit/u_mxu/u_weight_regs/n14679 (net)                         93                   0.00       1.82 r                   
  gemm_unit/u_mxu/u_weight_regs/U4293/Y (BUF_X1M_A9TR)                          0.37      0.36 *     2.18 r                   0.90
  gemm_unit/u_mxu/u_weight_regs/n14714 (net)                         39                   0.00       2.18 r                   
  gemm_unit/u_mxu/u_weight_regs/U8618/Y (AOI22_X0P5M_A9TR)                      0.25      0.26 *     2.44 f                   0.90
  gemm_unit/u_mxu/u_weight_regs/n9277 (net)                           1                   0.00       2.44 f                   
  gemm_unit/u_mxu/u_weight_regs/U8619/Y (NAND2_X0P5M_A9TR)                      0.10      0.11 *     2.55 r                   0.90
  gemm_unit/u_mxu/u_weight_regs/n1424 (net)                           2                   0.00       2.55 r                   
  gemm_unit/u_mxu/u_weight_regs/mem_reg_4__9__1__0_/D (DFFQ_X0P5M_A9TR)         0.10      0.00 *     2.55 r                   0.90
  data arrival time                                                                                  2.55                     

  clock CLK (rise edge)                                                                  10.00      10.00                     
  clock network delay (ideal)                                                             0.00      10.00                     
  gemm_unit/u_mxu/u_weight_regs/mem_reg_4__9__1__0_/CK (DFFQ_X0P5M_A9TR)                  0.00      10.00 r                   
  library setup time                                                                     -0.06       9.94                     
  data required time                                                                                 9.94                     
  -----------------------------------------------------------------------------------------------------------------------------------------
  data required time                                                                                 9.94                     
  data arrival time                                                                                 -2.55                     
  -----------------------------------------------------------------------------------------------------------------------------------------
  slack (MET)                                                                                        7.39                     


  Startpoint: w_req_addr[1]
              (input port clocked by CLK)
  Endpoint: gemm_unit/u_mxu/u_weight_regs/mem_reg_4__9__0__0_
            (rising edge-triggered flip-flop clocked by CLK)
  Scenario: mode_norm.OC_rvt_ss_0p900v_125c
  Path Group: REGIN
  Path Type: max

Attributes:
    d - dont_touch
    u - dont_use
   mo - map_only
   so - size_only
    i - ideal_net or ideal_network
  inf - infeasible path

  Point                                                             Fanout     Trans      Incr       Path      Attributes     Voltage
  -----------------------------------------------------------------------------------------------------------------------------------------
  clock CLK (rise edge)                                                                   0.00       0.00                     
  clock network delay (ideal)                                                             0.00       0.00                     
  input external delay                                                                    0.00       0.00 r                   
  w_req_addr[1] (in)                                                            0.03      0.01       0.01 r                   
  w_req_addr[1] (net)                                                 1                   0.00       0.01 r                   
  U730/Y (BUF_X1M_A9TR)                                                         0.17      0.12 *     0.14 r                   0.90
  n729 (net)                                                          1                   0.00       0.14 r                   
  gemm_unit/w_lmem_bus_if_req_data[583] (VX_gemm_unit_h_903_242_469)                      0.00       0.14 r                   
  gemm_unit/w_lmem_bus_if_req_data[583] (net)                                             0.00       0.14 r                   
  gemm_unit/u_mxu/weight_load_dir_i (VX_gemm_tree_v1)                                     0.00       0.14 r                   
  gemm_unit/u_mxu/weight_load_dir_i (net)                                                 0.00       0.14 r                   
  gemm_unit/u_mxu/u_weight_regs/weight_load_dir_i (VX_gemm_weight_regs_v1)                0.00       0.14 r                   
  gemm_unit/u_mxu/u_weight_regs/weight_load_dir_i (net)                                   0.00       0.14 r                   
  gemm_unit/u_mxu/u_weight_regs/U4/Y (BUF_X3M_A9TR)                             0.71      0.46 *     0.59 r                   0.90
  gemm_unit/u_mxu/u_weight_regs/n13715 (net)                         93                   0.00       0.59 r                   
  gemm_unit/u_mxu/u_weight_regs/U88/Y (BUF_X1M_A9TR)                            0.11      0.19 *     0.78 r                   0.90
  gemm_unit/u_mxu/u_weight_regs/n13763 (net)                          9                   0.00       0.78 r                   
  gemm_unit/u_mxu/u_weight_regs/U89/Y (INV_X0P7M_A9TR)                          0.14      0.12 *     0.91 f                   0.90
  gemm_unit/u_mxu/u_weight_regs/n13764 (net)                         17                   0.00       0.91 f                   
  gemm_unit/u_mxu/u_weight_regs/U1333/Y (NOR2_X1B_A9TR)                         0.64      0.41 *     1.32 r                   0.90
  gemm_unit/u_mxu/u_weight_regs/n3723 (net)                           4                   0.00       1.32 r                   
  gemm_unit/u_mxu/u_weight_regs/U4233/Y (BUF_X2P5M_A9TR)                        0.70      0.51 *     1.82 r                   0.90
  gemm_unit/u_mxu/u_weight_regs/n14679 (net)                         93                   0.00       1.82 r                   
  gemm_unit/u_mxu/u_weight_regs/U4293/Y (BUF_X1M_A9TR)                          0.37      0.36 *     2.18 r                   0.90
  gemm_unit/u_mxu/u_weight_regs/n14714 (net)                         39                   0.00       2.18 r                   
  gemm_unit/u_mxu/u_weight_regs/U8618/Y (AOI22_X0P5M_A9TR)                      0.25      0.26 *     2.44 f                   0.90
  gemm_unit/u_mxu/u_weight_regs/n9277 (net)                           1                   0.00       2.44 f                   
  gemm_unit/u_mxu/u_weight_regs/U8619/Y (NAND2_X0P5M_A9TR)                      0.10      0.11 *     2.55 r                   0.90
  gemm_unit/u_mxu/u_weight_regs/n1424 (net)                           2                   0.00       2.55 r                   
  gemm_unit/u_mxu/u_weight_regs/mem_reg_4__9__0__0_/D (DFFQ_X0P5M_A9TR)         0.10      0.00 *     2.55 r                   0.90
  data arrival time                                                                                  2.55                     

  clock CLK (rise edge)                                                                  10.00      10.00                     
  clock network delay (ideal)                                                             0.00      10.00                     
  gemm_unit/u_mxu/u_weight_regs/mem_reg_4__9__0__0_/CK (DFFQ_X0P5M_A9TR)                  0.00      10.00 r                   
  library setup time                                                                     -0.06       9.94                     
  data required time                                                                                 9.94                     
  -----------------------------------------------------------------------------------------------------------------------------------------
  data required time                                                                                 9.94                     
  data arrival time                                                                                 -2.55                     
  -----------------------------------------------------------------------------------------------------------------------------------------
  slack (MET)                                                                                        7.39                     


  Startpoint: w_req_addr[1]
              (input port clocked by CLK)
  Endpoint: gemm_unit/u_mxu/u_weight_regs/mem_reg_1__2__0__0_
            (rising edge-triggered flip-flop clocked by CLK)
  Scenario: mode_norm.OC_rvt_ss_0p900v_125c
  Path Group: REGIN
  Path Type: max

Attributes:
    d - dont_touch
    u - dont_use
   mo - map_only
   so - size_only
    i - ideal_net or ideal_network
  inf - infeasible path

  Point                                                             Fanout     Trans      Incr       Path      Attributes     Voltage
  -----------------------------------------------------------------------------------------------------------------------------------------
  clock CLK (rise edge)                                                                   0.00       0.00                     
  clock network delay (ideal)                                                             0.00       0.00                     
  input external delay                                                                    0.00       0.00 r                   
  w_req_addr[1] (in)                                                            0.03      0.01       0.01 r                   
  w_req_addr[1] (net)                                                 1                   0.00       0.01 r                   
  U730/Y (BUF_X1M_A9TR)                                                         0.17      0.12 *     0.14 r                   0.90
  n729 (net)                                                          1                   0.00       0.14 r                   
  gemm_unit/w_lmem_bus_if_req_data[583] (VX_gemm_unit_h_903_242_469)                      0.00       0.14 r                   
  gemm_unit/w_lmem_bus_if_req_data[583] (net)                                             0.00       0.14 r                   
  gemm_unit/u_mxu/weight_load_dir_i (VX_gemm_tree_v1)                                     0.00       0.14 r                   
  gemm_unit/u_mxu/weight_load_dir_i (net)                                                 0.00       0.14 r                   
  gemm_unit/u_mxu/u_weight_regs/weight_load_dir_i (VX_gemm_weight_regs_v1)                0.00       0.14 r                   
  gemm_unit/u_mxu/u_weight_regs/weight_load_dir_i (net)                                   0.00       0.14 r                   
  gemm_unit/u_mxu/u_weight_regs/U4/Y (BUF_X3M_A9TR)                             0.71      0.46 *     0.59 r                   0.90
  gemm_unit/u_mxu/u_weight_regs/n13715 (net)                         93                   0.00       0.59 r                   
  gemm_unit/u_mxu/u_weight_regs/U88/Y (BUF_X1M_A9TR)                            0.11      0.19 *     0.78 r                   0.90
  gemm_unit/u_mxu/u_weight_regs/n13763 (net)                          9                   0.00       0.78 r                   
  gemm_unit/u_mxu/u_weight_regs/U89/Y (INV_X0P7M_A9TR)                          0.14      0.12 *     0.91 f                   0.90
  gemm_unit/u_mxu/u_weight_regs/n13764 (net)                         17                   0.00       0.91 f                   
  gemm_unit/u_mxu/u_weight_regs/U1333/Y (NOR2_X1B_A9TR)                         0.64      0.41 *     1.32 r                   0.90
  gemm_unit/u_mxu/u_weight_regs/n3723 (net)                           4                   0.00       1.32 r                   
  gemm_unit/u_mxu/u_weight_regs/U4233/Y (BUF_X2P5M_A9TR)                        0.70      0.51 *     1.82 r                   0.90
  gemm_unit/u_mxu/u_weight_regs/n14679 (net)                         93                   0.00       1.82 r                   
  gemm_unit/u_mxu/u_weight_regs/U4293/Y (BUF_X1M_A9TR)                          0.37      0.36 *     2.18 r                   0.90
  gemm_unit/u_mxu/u_weight_regs/n14714 (net)                         39                   0.00       2.18 r                   
  gemm_unit/u_mxu/u_weight_regs/U12784/Y (AOI22_X0P5M_A9TR)                     0.12      0.12 *     2.30 f                   0.90
  gemm_unit/u_mxu/u_weight_regs/n12350 (net)                          1                   0.00       2.30 f                   
  gemm_unit/u_mxu/u_weight_regs/U12786/Y (NAND2_X1B_A9TR)                       0.26      0.20 *     2.50 r                   0.90
  gemm_unit/u_mxu/u_weight_regs/n388 (net)                            2                   0.00       2.50 r                   
  gemm_unit/u_mxu/u_weight_regs/mem_reg_1__2__0__0_/D (DFFQ_X0P5M_A9TR)         0.26      0.01 *     2.51 r                   0.90
  data arrival time                                                                                  2.51                     

  clock CLK (rise edge)                                                                  10.00      10.00                     
  clock network delay (ideal)                                                             0.00      10.00                     
  gemm_unit/u_mxu/u_weight_regs/mem_reg_1__2__0__0_/CK (DFFQ_X0P5M_A9TR)                  0.00      10.00 r                   
  library setup time                                                                     -0.10       9.90                     
  data required time                                                                                 9.90                     
  -----------------------------------------------------------------------------------------------------------------------------------------
  data required time                                                                                 9.90                     
  data arrival time                                                                                 -2.51                     
  -----------------------------------------------------------------------------------------------------------------------------------------
  slack (MET)                                                                                        7.39                     


  Startpoint: w_req_addr[1]
              (input port clocked by CLK)
  Endpoint: gemm_unit/u_mxu/u_weight_regs/mem_reg_1__2__1__0_
            (rising edge-triggered flip-flop clocked by CLK)
  Scenario: mode_norm.OC_rvt_ss_0p900v_125c
  Path Group: REGIN
  Path Type: max

Attributes:
    d - dont_touch
    u - dont_use
   mo - map_only
   so - size_only
    i - ideal_net or ideal_network
  inf - infeasible path

  Point                                                             Fanout     Trans      Incr       Path      Attributes     Voltage
  -----------------------------------------------------------------------------------------------------------------------------------------
  clock CLK (rise edge)                                                                   0.00       0.00                     
  clock network delay (ideal)                                                             0.00       0.00                     
  input external delay                                                                    0.00       0.00 r                   
  w_req_addr[1] (in)                                                            0.03      0.01       0.01 r                   
  w_req_addr[1] (net)                                                 1                   0.00       0.01 r                   
  U730/Y (BUF_X1M_A9TR)                                                         0.17      0.12 *     0.14 r                   0.90
  n729 (net)                                                          1                   0.00       0.14 r                   
  gemm_unit/w_lmem_bus_if_req_data[583] (VX_gemm_unit_h_903_242_469)                      0.00       0.14 r                   
  gemm_unit/w_lmem_bus_if_req_data[583] (net)                                             0.00       0.14 r                   
  gemm_unit/u_mxu/weight_load_dir_i (VX_gemm_tree_v1)                                     0.00       0.14 r                   
  gemm_unit/u_mxu/weight_load_dir_i (net)                                                 0.00       0.14 r                   
  gemm_unit/u_mxu/u_weight_regs/weight_load_dir_i (VX_gemm_weight_regs_v1)                0.00       0.14 r                   
  gemm_unit/u_mxu/u_weight_regs/weight_load_dir_i (net)                                   0.00       0.14 r                   
  gemm_unit/u_mxu/u_weight_regs/U4/Y (BUF_X3M_A9TR)                             0.71      0.46 *     0.59 r                   0.90
  gemm_unit/u_mxu/u_weight_regs/n13715 (net)                         93                   0.00       0.59 r                   
  gemm_unit/u_mxu/u_weight_regs/U88/Y (BUF_X1M_A9TR)                            0.11      0.19 *     0.78 r                   0.90
  gemm_unit/u_mxu/u_weight_regs/n13763 (net)                          9                   0.00       0.78 r                   
  gemm_unit/u_mxu/u_weight_regs/U89/Y (INV_X0P7M_A9TR)                          0.14      0.12 *     0.91 f                   0.90
  gemm_unit/u_mxu/u_weight_regs/n13764 (net)                         17                   0.00       0.91 f                   
  gemm_unit/u_mxu/u_weight_regs/U1333/Y (NOR2_X1B_A9TR)                         0.64      0.41 *     1.32 r                   0.90
  gemm_unit/u_mxu/u_weight_regs/n3723 (net)                           4                   0.00       1.32 r                   
  gemm_unit/u_mxu/u_weight_regs/U4233/Y (BUF_X2P5M_A9TR)                        0.70      0.51 *     1.82 r                   0.90
  gemm_unit/u_mxu/u_weight_regs/n14679 (net)                         93                   0.00       1.82 r                   
  gemm_unit/u_mxu/u_weight_regs/U4293/Y (BUF_X1M_A9TR)                          0.37      0.36 *     2.18 r                   0.90
  gemm_unit/u_mxu/u_weight_regs/n14714 (net)                         39                   0.00       2.18 r                   
  gemm_unit/u_mxu/u_weight_regs/U12784/Y (AOI22_X0P5M_A9TR)                     0.12      0.12 *     2.30 f                   0.90
  gemm_unit/u_mxu/u_weight_regs/n12350 (net)                          1                   0.00       2.30 f                   
  gemm_unit/u_mxu/u_weight_regs/U12786/Y (NAND2_X1B_A9TR)                       0.26      0.20 *     2.50 r                   0.90
  gemm_unit/u_mxu/u_weight_regs/n388 (net)                            2                   0.00       2.50 r                   
  gemm_unit/u_mxu/u_weight_regs/mem_reg_1__2__1__0_/D (DFFQ_X0P5M_A9TR)         0.26      0.01 *     2.51 r                   0.90
  data arrival time                                                                                  2.51                     

  clock CLK (rise edge)                                                                  10.00      10.00                     
  clock network delay (ideal)                                                             0.00      10.00                     
  gemm_unit/u_mxu/u_weight_regs/mem_reg_1__2__1__0_/CK (DFFQ_X0P5M_A9TR)                  0.00      10.00 r                   
  library setup time                                                                     -0.10       9.90                     
  data required time                                                                                 9.90                     
  -----------------------------------------------------------------------------------------------------------------------------------------
  data required time                                                                                 9.90                     
  data arrival time                                                                                 -2.51                     
  -----------------------------------------------------------------------------------------------------------------------------------------
  slack (MET)                                                                                        7.39                     


  Startpoint: w_req_addr[1]
              (input port clocked by CLK)
  Endpoint: gemm_unit/u_mxu/u_weight_regs/mem_reg_1__2__0__1_
            (rising edge-triggered flip-flop clocked by CLK)
  Scenario: mode_norm.OC_rvt_ss_0p900v_125c
  Path Group: REGIN
  Path Type: max

Attributes:
    d - dont_touch
    u - dont_use
   mo - map_only
   so - size_only
    i - ideal_net or ideal_network
  inf - infeasible path

  Point                                                             Fanout     Trans      Incr       Path      Attributes     Voltage
  -----------------------------------------------------------------------------------------------------------------------------------------
  clock CLK (rise edge)                                                                   0.00       0.00                     
  clock network delay (ideal)                                                             0.00       0.00                     
  input external delay                                                                    0.00       0.00 r                   
  w_req_addr[1] (in)                                                            0.03      0.01       0.01 r                   
  w_req_addr[1] (net)                                                 1                   0.00       0.01 r                   
  U730/Y (BUF_X1M_A9TR)                                                         0.17      0.12 *     0.14 r                   0.90
  n729 (net)                                                          1                   0.00       0.14 r                   
  gemm_unit/w_lmem_bus_if_req_data[583] (VX_gemm_unit_h_903_242_469)                      0.00       0.14 r                   
  gemm_unit/w_lmem_bus_if_req_data[583] (net)                                             0.00       0.14 r                   
  gemm_unit/u_mxu/weight_load_dir_i (VX_gemm_tree_v1)                                     0.00       0.14 r                   
  gemm_unit/u_mxu/weight_load_dir_i (net)                                                 0.00       0.14 r                   
  gemm_unit/u_mxu/u_weight_regs/weight_load_dir_i (VX_gemm_weight_regs_v1)                0.00       0.14 r                   
  gemm_unit/u_mxu/u_weight_regs/weight_load_dir_i (net)                                   0.00       0.14 r                   
  gemm_unit/u_mxu/u_weight_regs/U4/Y (BUF_X3M_A9TR)                             0.71      0.46 *     0.59 r                   0.90
  gemm_unit/u_mxu/u_weight_regs/n13715 (net)                         93                   0.00       0.59 r                   
  gemm_unit/u_mxu/u_weight_regs/U88/Y (BUF_X1M_A9TR)                            0.11      0.19 *     0.78 r                   0.90
  gemm_unit/u_mxu/u_weight_regs/n13763 (net)                          9                   0.00       0.78 r                   
  gemm_unit/u_mxu/u_weight_regs/U89/Y (INV_X0P7M_A9TR)                          0.14      0.12 *     0.91 f                   0.90
  gemm_unit/u_mxu/u_weight_regs/n13764 (net)                         17                   0.00       0.91 f                   
  gemm_unit/u_mxu/u_weight_regs/U1333/Y (NOR2_X1B_A9TR)                         0.64      0.41 *     1.32 r                   0.90
  gemm_unit/u_mxu/u_weight_regs/n3723 (net)                           4                   0.00       1.32 r                   
  gemm_unit/u_mxu/u_weight_regs/U4233/Y (BUF_X2P5M_A9TR)                        0.70      0.51 *     1.82 r                   0.90
  gemm_unit/u_mxu/u_weight_regs/n14679 (net)                         93                   0.00       1.82 r                   
  gemm_unit/u_mxu/u_weight_regs/U4293/Y (BUF_X1M_A9TR)                          0.37      0.36 *     2.18 r                   0.90
  gemm_unit/u_mxu/u_weight_regs/n14714 (net)                         39                   0.00       2.18 r                   
  gemm_unit/u_mxu/u_weight_regs/U10446/Y (AOI22_X0P5M_A9TR)                     0.12      0.12 *     2.30 f                   0.90
  gemm_unit/u_mxu/u_weight_regs/n10541 (net)                          1                   0.00       2.30 f                   
  gemm_unit/u_mxu/u_weight_regs/U10447/Y (NAND2_X1B_A9TR)                       0.26      0.19 *     2.50 r                   0.90
  gemm_unit/u_mxu/u_weight_regs/n389 (net)                            2                   0.00       2.50 r                   
  gemm_unit/u_mxu/u_weight_regs/mem_reg_1__2__0__1_/D (DFFQ_X0P5M_A9TR)         0.26      0.01 *     2.51 r                   0.90
  data arrival time                                                                                  2.51                     

  clock CLK (rise edge)                                                                  10.00      10.00                     
  clock network delay (ideal)                                                             0.00      10.00                     
  gemm_unit/u_mxu/u_weight_regs/mem_reg_1__2__0__1_/CK (DFFQ_X0P5M_A9TR)                  0.00      10.00 r                   
  library setup time                                                                     -0.10       9.90                     
  data required time                                                                                 9.90                     
  -----------------------------------------------------------------------------------------------------------------------------------------
  data required time                                                                                 9.90                     
  data arrival time                                                                                 -2.51                     
  -----------------------------------------------------------------------------------------------------------------------------------------
  slack (MET)                                                                                        7.39                     


  Startpoint: w_req_addr[1]
              (input port clocked by CLK)
  Endpoint: gemm_unit/u_mxu/u_weight_regs/mem_reg_1__2__1__1_
            (rising edge-triggered flip-flop clocked by CLK)
  Scenario: mode_norm.OC_rvt_ss_0p900v_125c
  Path Group: REGIN
  Path Type: max

Attributes:
    d - dont_touch
    u - dont_use
   mo - map_only
   so - size_only
    i - ideal_net or ideal_network
  inf - infeasible path

  Point                                                             Fanout     Trans      Incr       Path      Attributes     Voltage
  -----------------------------------------------------------------------------------------------------------------------------------------
  clock CLK (rise edge)                                                                   0.00       0.00                     
  clock network delay (ideal)                                                             0.00       0.00                     
  input external delay                                                                    0.00       0.00 r                   
  w_req_addr[1] (in)                                                            0.03      0.01       0.01 r                   
  w_req_addr[1] (net)                                                 1                   0.00       0.01 r                   
  U730/Y (BUF_X1M_A9TR)                                                         0.17      0.12 *     0.14 r                   0.90
  n729 (net)                                                          1                   0.00       0.14 r                   
  gemm_unit/w_lmem_bus_if_req_data[583] (VX_gemm_unit_h_903_242_469)                      0.00       0.14 r                   
  gemm_unit/w_lmem_bus_if_req_data[583] (net)                                             0.00       0.14 r                   
  gemm_unit/u_mxu/weight_load_dir_i (VX_gemm_tree_v1)                                     0.00       0.14 r                   
  gemm_unit/u_mxu/weight_load_dir_i (net)                                                 0.00       0.14 r                   
  gemm_unit/u_mxu/u_weight_regs/weight_load_dir_i (VX_gemm_weight_regs_v1)                0.00       0.14 r                   
  gemm_unit/u_mxu/u_weight_regs/weight_load_dir_i (net)                                   0.00       0.14 r                   
  gemm_unit/u_mxu/u_weight_regs/U4/Y (BUF_X3M_A9TR)                             0.71      0.46 *     0.59 r                   0.90
  gemm_unit/u_mxu/u_weight_regs/n13715 (net)                         93                   0.00       0.59 r                   
  gemm_unit/u_mxu/u_weight_regs/U88/Y (BUF_X1M_A9TR)                            0.11      0.19 *     0.78 r                   0.90
  gemm_unit/u_mxu/u_weight_regs/n13763 (net)                          9                   0.00       0.78 r                   
  gemm_unit/u_mxu/u_weight_regs/U89/Y (INV_X0P7M_A9TR)                          0.14      0.12 *     0.91 f                   0.90
  gemm_unit/u_mxu/u_weight_regs/n13764 (net)                         17                   0.00       0.91 f                   
  gemm_unit/u_mxu/u_weight_regs/U1333/Y (NOR2_X1B_A9TR)                         0.64      0.41 *     1.32 r                   0.90
  gemm_unit/u_mxu/u_weight_regs/n3723 (net)                           4                   0.00       1.32 r                   
  gemm_unit/u_mxu/u_weight_regs/U4233/Y (BUF_X2P5M_A9TR)                        0.70      0.51 *     1.82 r                   0.90
  gemm_unit/u_mxu/u_weight_regs/n14679 (net)                         93                   0.00       1.82 r                   
  gemm_unit/u_mxu/u_weight_regs/U4293/Y (BUF_X1M_A9TR)                          0.37      0.36 *     2.18 r                   0.90
  gemm_unit/u_mxu/u_weight_regs/n14714 (net)                         39                   0.00       2.18 r                   
  gemm_unit/u_mxu/u_weight_regs/U10446/Y (AOI22_X0P5M_A9TR)                     0.12      0.12 *     2.30 f                   0.90
  gemm_unit/u_mxu/u_weight_regs/n10541 (net)                          1                   0.00       2.30 f                   
  gemm_unit/u_mxu/u_weight_regs/U10447/Y (NAND2_X1B_A9TR)                       0.26      0.19 *     2.50 r                   0.90
  gemm_unit/u_mxu/u_weight_regs/n389 (net)                            2                   0.00       2.50 r                   
  gemm_unit/u_mxu/u_weight_regs/mem_reg_1__2__1__1_/D (DFFQ_X0P5M_A9TR)         0.26      0.01 *     2.51 r                   0.90
  data arrival time                                                                                  2.51                     

  clock CLK (rise edge)                                                                  10.00      10.00                     
  clock network delay (ideal)                                                             0.00      10.00                     
  gemm_unit/u_mxu/u_weight_regs/mem_reg_1__2__1__1_/CK (DFFQ_X0P5M_A9TR)                  0.00      10.00 r                   
  library setup time                                                                     -0.10       9.90                     
  data required time                                                                                 9.90                     
  -----------------------------------------------------------------------------------------------------------------------------------------
  data required time                                                                                 9.90                     
  data arrival time                                                                                 -2.51                     
  -----------------------------------------------------------------------------------------------------------------------------------------
  slack (MET)                                                                                        7.39                     


  Startpoint: gemm_unit/gemm_unit_ctrl_reg_quant_dir_
              (rising edge-triggered flip-flop clocked by CLK)
  Endpoint: acc_mem_wdata_o[1435]
            (output port clocked by CLK)
  Scenario: mode_norm.OC_rvt_ss_0p900v_125c
  Path Group: REGOUT
  Path Type: max

Attributes:
    d - dont_touch
    u - dont_use
   mo - map_only
   so - size_only
    i - ideal_net or ideal_network
  inf - infeasible path

  Point                                                 Fanout     Trans      Incr       Path      Attributes     Voltage
  -----------------------------------------------------------------------------------------------------------------------------
  clock CLK (rise edge)                                                       0.00       0.00                     
  clock network delay (ideal)                                                 0.00       0.00                     
  gemm_unit/gemm_unit_ctrl_reg_quant_dir_/CK (DFFRPQ_X1M_A9TR)      0.00      0.00       0.00 r                   0.90
  gemm_unit/gemm_unit_ctrl_reg_quant_dir_/Q (DFFRPQ_X1M_A9TR)       0.68      0.46       0.46 r                   0.90
  gemm_unit/gemm_unit_ctrl_quant_dir_ (net)               8                   0.00       0.46 r                   
  gemm_unit/U2197/Y (BUF_X3M_A9TR)                                  0.71      0.52 *     0.98 r                   0.90
  gemm_unit/n50853 (net)                                 96                   0.00       0.98 r                   
  gemm_unit/U3218/Y (INV_X0P7M_A9TR)                                0.26      0.31 *     1.30 f                   0.90
  gemm_unit/n51048 (net)                                  8                   0.00       1.30 f                   
  gemm_unit/U298/Y (NAND2_X0P5M_A9TR)                               0.13      0.13 *     1.43 r                   0.90
  gemm_unit/n27783 (net)                                  1                   0.00       1.43 r                   
  gemm_unit/U15461/Y (BUF_X1M_A9TR)                                 0.58      0.37 *     1.80 r                   0.90
  gemm_unit/n53477 (net)                                  1                   0.00       1.80 r                   
  gemm_unit/U15462/Y (BUF_X7P5M_A9TR)                               0.54      0.46 *     2.27 r                   0.90
  gemm_unit/n53478 (net)                                 36                   0.00       2.27 r                   
  gemm_unit/U302/Y (NAND2_X1B_A9TR)                                 0.41      0.63 *     2.90 f                   0.90
  gemm_unit/n26917 (net)                                  3                   0.00       2.90 f                   
  gemm_unit/U310/Y (OAI221_X1M_A9TR)                                0.73      0.58 *     3.48 r                   0.90
  gemm_unit/n14713 (net)                                  1                   0.00       3.48 r                   
  gemm_unit/U311/Y (INV_X0P7M_A9TR)                                 0.42      0.48 *     3.96 f                   0.90
  gemm_unit/n26991 (net)                                  8                   0.00       3.96 f                   
  gemm_unit/U314/Y (NAND3_X1A_A9TR)                                 0.12      0.12 *     4.08 r                   0.90
  gemm_unit/n14714 (net)                                  1                   0.00       4.08 r                   
  gemm_unit/U315/Y (NOR2_X2B_A9TR)                                  0.39      0.26 *     4.35 f                   0.90
  gemm_unit/n55365 (net)                                  1                   0.00       4.35 f                   
  gemm_unit/U21196/Y (BUF_X2B_A9TR)                                 0.55      0.48 *     4.82 f                   0.90
  gemm_unit/n54113 (net)                                  2                   0.00       4.82 f                   
  gemm_unit/U21249/Y (BUF_X3M_A9TR)                                 0.41      0.58 *     5.40 f                   0.90
  gemm_unit/n54116 (net)                                  9                   0.00       5.40 f                   
  gemm_unit/U21251/Y (BUF_X1P4B_A9TR)                               0.63      0.66 *     6.05 f                   0.90
  gemm_unit/n54117 (net)                                 16                   0.00       6.05 f                   
  gemm_unit/U21298/Y (INV_X2B_A9TR)                                 0.59      0.64 *     6.69 r                   0.90
  gemm_unit/n54122 (net)                                 34                   0.00       6.69 r                   
  gemm_unit/U6092/Y (NOR2_X0P5M_A9TR)                               0.33      0.43 *     7.12 f                   0.90
  gemm_unit/acc_mem_wdata_o[1435] (net)                   1                   0.00       7.12 f                   
  gemm_unit/acc_mem_wdata_o[1435] (VX_gemm_unit_h_903_242_469)                0.00       7.12 f                   
  acc_mem_wdata_o[1435] (net)                                                 0.00       7.12 f                   
  acc_mem_wdata_o[1435] (out)                                       0.33      0.01 *     7.13 f                   
  data arrival time                                                                      7.13                     

  clock CLK (rise edge)                                                      10.00      10.00                     
  clock network delay (ideal)                                                 0.00      10.00                     
  output external delay                                                       0.00      10.00                     
  data required time                                                                    10.00                     
  -----------------------------------------------------------------------------------------------------------------------------
  data required time                                                                    10.00                     
  data arrival time                                                                     -7.13                     
  -----------------------------------------------------------------------------------------------------------------------------
  slack (MET)                                                                            2.87                     


  Startpoint: gemm_unit/gemm_unit_ctrl_reg_quant_dir_
              (rising edge-triggered flip-flop clocked by CLK)
  Endpoint: acc_mem_wdata_o[411]
            (output port clocked by CLK)
  Scenario: mode_norm.OC_rvt_ss_0p900v_125c
  Path Group: REGOUT
  Path Type: max

Attributes:
    d - dont_touch
    u - dont_use
   mo - map_only
   so - size_only
    i - ideal_net or ideal_network
  inf - infeasible path

  Point                                                 Fanout     Trans      Incr       Path      Attributes     Voltage
  -----------------------------------------------------------------------------------------------------------------------------
  clock CLK (rise edge)                                                       0.00       0.00                     
  clock network delay (ideal)                                                 0.00       0.00                     
  gemm_unit/gemm_unit_ctrl_reg_quant_dir_/CK (DFFRPQ_X1M_A9TR)      0.00      0.00       0.00 r                   0.90
  gemm_unit/gemm_unit_ctrl_reg_quant_dir_/Q (DFFRPQ_X1M_A9TR)       0.68      0.46       0.46 r                   0.90
  gemm_unit/gemm_unit_ctrl_quant_dir_ (net)               8                   0.00       0.46 r                   
  gemm_unit/U2197/Y (BUF_X3M_A9TR)                                  0.71      0.52 *     0.98 r                   0.90
  gemm_unit/n50853 (net)                                 96                   0.00       0.98 r                   
  gemm_unit/U3218/Y (INV_X0P7M_A9TR)                                0.26      0.31 *     1.30 f                   0.90
  gemm_unit/n51048 (net)                                  8                   0.00       1.30 f                   
  gemm_unit/U298/Y (NAND2_X0P5M_A9TR)                               0.13      0.13 *     1.43 r                   0.90
  gemm_unit/n27783 (net)                                  1                   0.00       1.43 r                   
  gemm_unit/U15461/Y (BUF_X1M_A9TR)                                 0.58      0.37 *     1.80 r                   0.90
  gemm_unit/n53477 (net)                                  1                   0.00       1.80 r                   
  gemm_unit/U15462/Y (BUF_X7P5M_A9TR)                               0.54      0.46 *     2.27 r                   0.90
  gemm_unit/n53478 (net)                                 36                   0.00       2.27 r                   
  gemm_unit/U302/Y (NAND2_X1B_A9TR)                                 0.41      0.63 *     2.90 f                   0.90
  gemm_unit/n26917 (net)                                  3                   0.00       2.90 f                   
  gemm_unit/U310/Y (OAI221_X1M_A9TR)                                0.73      0.58 *     3.48 r                   0.90
  gemm_unit/n14713 (net)                                  1                   0.00       3.48 r                   
  gemm_unit/U311/Y (INV_X0P7M_A9TR)                                 0.42      0.48 *     3.96 f                   0.90
  gemm_unit/n26991 (net)                                  8                   0.00       3.96 f                   
  gemm_unit/U316/Y (NAND3XXB_X1M_A9TR)                              0.17      0.18 *     4.14 r                   0.90
  gemm_unit/n14715 (net)                                  1                   0.00       4.14 r                   
  gemm_unit/U317/Y (NOR2_X6B_A9TR)                                  0.38      0.28 *     4.42 f                   0.90
  gemm_unit/n55366 (net)                                  2                   0.00       4.42 f                   
  gemm_unit/U20524/Y (BUF_X3M_A9TR)                                 0.41      0.80 *     5.22 f                   0.90
  gemm_unit/n54068 (net)                                  9                   0.00       5.22 f                   
  gemm_unit/U20553/Y (BUF_X1P4B_A9TR)                               0.61      0.64 *     5.85 f                   0.90
  gemm_unit/n54070 (net)                                 18                   0.00       5.85 f                   
  gemm_unit/U20656/Y (INV_X1M_A9TR)                                 0.72      0.70 *     6.56 r                   0.90
  gemm_unit/n54074 (net)                                 34                   0.00       6.56 r                   
  gemm_unit/U7133/Y (NOR2_X0P5M_A9TR)                               0.36      0.41 *     6.97 f                   0.90
  gemm_unit/acc_mem_wdata_o[411] (net)                    1                   0.00       6.97 f                   
  gemm_unit/acc_mem_wdata_o[411] (VX_gemm_unit_h_903_242_469)                 0.00       6.97 f                   
  acc_mem_wdata_o[411] (net)                                                  0.00       6.97 f                   
  acc_mem_wdata_o[411] (out)                                        0.36      0.01 *     6.97 f                   
  data arrival time                                                                      6.97                     

  clock CLK (rise edge)                                                      10.00      10.00                     
  clock network delay (ideal)                                                 0.00      10.00                     
  output external delay                                                       0.00      10.00                     
  data required time                                                                    10.00                     
  -----------------------------------------------------------------------------------------------------------------------------
  data required time                                                                    10.00                     
  data arrival time                                                                     -6.97                     
  -----------------------------------------------------------------------------------------------------------------------------
  slack (MET)                                                                            3.03                     


  Startpoint: gemm_unit/gemm_unit_ctrl_reg_quant_dir_
              (rising edge-triggered flip-flop clocked by CLK)
  Endpoint: acc_mem_wdata_o[1783]
            (output port clocked by CLK)
  Scenario: mode_norm.OC_rvt_ss_0p900v_125c
  Path Group: REGOUT
  Path Type: max

Attributes:
    d - dont_touch
    u - dont_use
   mo - map_only
   so - size_only
    i - ideal_net or ideal_network
  inf - infeasible path

  Point                                                 Fanout     Trans      Incr       Path      Attributes     Voltage
  -----------------------------------------------------------------------------------------------------------------------------
  clock CLK (rise edge)                                                       0.00       0.00                     
  clock network delay (ideal)                                                 0.00       0.00                     
  gemm_unit/gemm_unit_ctrl_reg_quant_dir_/CK (DFFRPQ_X1M_A9TR)      0.00      0.00       0.00 r                   0.90
  gemm_unit/gemm_unit_ctrl_reg_quant_dir_/Q (DFFRPQ_X1M_A9TR)       0.68      0.46       0.46 r                   0.90
  gemm_unit/gemm_unit_ctrl_quant_dir_ (net)               8                   0.00       0.46 r                   
  gemm_unit/U2197/Y (BUF_X3M_A9TR)                                  0.71      0.52 *     0.98 r                   0.90
  gemm_unit/n50853 (net)                                 96                   0.00       0.98 r                   
  gemm_unit/U3218/Y (INV_X0P7M_A9TR)                                0.26      0.31 *     1.30 f                   0.90
  gemm_unit/n51048 (net)                                  8                   0.00       1.30 f                   
  gemm_unit/U298/Y (NAND2_X0P5M_A9TR)                               0.13      0.13 *     1.43 r                   0.90
  gemm_unit/n27783 (net)                                  1                   0.00       1.43 r                   
  gemm_unit/U15461/Y (BUF_X1M_A9TR)                                 0.58      0.37 *     1.80 r                   0.90
  gemm_unit/n53477 (net)                                  1                   0.00       1.80 r                   
  gemm_unit/U15462/Y (BUF_X7P5M_A9TR)                               0.54      0.46 *     2.27 r                   0.90
  gemm_unit/n53478 (net)                                 36                   0.00       2.27 r                   
  gemm_unit/U302/Y (NAND2_X1B_A9TR)                                 0.41      0.63 *     2.90 f                   0.90
  gemm_unit/n26917 (net)                                  3                   0.00       2.90 f                   
  gemm_unit/U310/Y (OAI221_X1M_A9TR)                                0.73      0.58 *     3.48 r                   0.90
  gemm_unit/n14713 (net)                                  1                   0.00       3.48 r                   
  gemm_unit/U311/Y (INV_X0P7M_A9TR)                                 0.42      0.48 *     3.96 f                   0.90
  gemm_unit/n26991 (net)                                  8                   0.00       3.96 f                   
  gemm_unit/U314/Y (NAND3_X1A_A9TR)                                 0.12      0.12 *     4.08 r                   0.90
  gemm_unit/n14714 (net)                                  1                   0.00       4.08 r                   
  gemm_unit/U315/Y (NOR2_X2B_A9TR)                                  0.39      0.26 *     4.35 f                   0.90
  gemm_unit/n55365 (net)                                  1                   0.00       4.35 f                   
  gemm_unit/U21196/Y (BUF_X2B_A9TR)                                 0.55      0.48 *     4.82 f                   0.90
  gemm_unit/n54113 (net)                                  2                   0.00       4.82 f                   
  gemm_unit/U21249/Y (BUF_X3M_A9TR)                                 0.41      0.58 *     5.40 f                   0.90
  gemm_unit/n54116 (net)                                  9                   0.00       5.40 f                   
  gemm_unit/U21251/Y (BUF_X1P4B_A9TR)                               0.63      0.66 *     6.05 f                   0.90
  gemm_unit/n54117 (net)                                 16                   0.00       6.05 f                   
  gemm_unit/U21298/Y (INV_X2B_A9TR)                                 0.59      0.64 *     6.69 r                   0.90
  gemm_unit/n54122 (net)                                 34                   0.00       6.69 r                   
  gemm_unit/U5522/Y (NOR2_X0P5B_A9TR)                               0.14      0.18 *     6.87 f                   0.90
  gemm_unit/acc_mem_wdata_o[1783] (net)                   1                   0.00       6.87 f                   
  gemm_unit/acc_mem_wdata_o[1783] (VX_gemm_unit_h_903_242_469)                0.00       6.87 f                   
  acc_mem_wdata_o[1783] (net)                                                 0.00       6.87 f                   
  acc_mem_wdata_o[1783] (out)                                       0.14      0.00 *     6.87 f                   
  data arrival time                                                                      6.87                     

  clock CLK (rise edge)                                                      10.00      10.00                     
  clock network delay (ideal)                                                 0.00      10.00                     
  output external delay                                                       0.00      10.00                     
  data required time                                                                    10.00                     
  -----------------------------------------------------------------------------------------------------------------------------
  data required time                                                                    10.00                     
  data arrival time                                                                     -6.87                     
  -----------------------------------------------------------------------------------------------------------------------------
  slack (MET)                                                                            3.13                     


  Startpoint: gemm_unit/gemm_unit_ctrl_reg_quant_dir_
              (rising edge-triggered flip-flop clocked by CLK)
  Endpoint: acc_mem_wdata_o[1780]
            (output port clocked by CLK)
  Scenario: mode_norm.OC_rvt_ss_0p900v_125c
  Path Group: REGOUT
  Path Type: max

Attributes:
    d - dont_touch
    u - dont_use
   mo - map_only
   so - size_only
    i - ideal_net or ideal_network
  inf - infeasible path

  Point                                                 Fanout     Trans      Incr       Path      Attributes     Voltage
  -----------------------------------------------------------------------------------------------------------------------------
  clock CLK (rise edge)                                                       0.00       0.00                     
  clock network delay (ideal)                                                 0.00       0.00                     
  gemm_unit/gemm_unit_ctrl_reg_quant_dir_/CK (DFFRPQ_X1M_A9TR)      0.00      0.00       0.00 r                   0.90
  gemm_unit/gemm_unit_ctrl_reg_quant_dir_/Q (DFFRPQ_X1M_A9TR)       0.68      0.46       0.46 r                   0.90
  gemm_unit/gemm_unit_ctrl_quant_dir_ (net)               8                   0.00       0.46 r                   
  gemm_unit/U2197/Y (BUF_X3M_A9TR)                                  0.71      0.52 *     0.98 r                   0.90
  gemm_unit/n50853 (net)                                 96                   0.00       0.98 r                   
  gemm_unit/U3218/Y (INV_X0P7M_A9TR)                                0.26      0.31 *     1.30 f                   0.90
  gemm_unit/n51048 (net)                                  8                   0.00       1.30 f                   
  gemm_unit/U298/Y (NAND2_X0P5M_A9TR)                               0.13      0.13 *     1.43 r                   0.90
  gemm_unit/n27783 (net)                                  1                   0.00       1.43 r                   
  gemm_unit/U15461/Y (BUF_X1M_A9TR)                                 0.58      0.37 *     1.80 r                   0.90
  gemm_unit/n53477 (net)                                  1                   0.00       1.80 r                   
  gemm_unit/U15462/Y (BUF_X7P5M_A9TR)                               0.54      0.46 *     2.27 r                   0.90
  gemm_unit/n53478 (net)                                 36                   0.00       2.27 r                   
  gemm_unit/U302/Y (NAND2_X1B_A9TR)                                 0.41      0.63 *     2.90 f                   0.90
  gemm_unit/n26917 (net)                                  3                   0.00       2.90 f                   
  gemm_unit/U310/Y (OAI221_X1M_A9TR)                                0.73      0.58 *     3.48 r                   0.90
  gemm_unit/n14713 (net)                                  1                   0.00       3.48 r                   
  gemm_unit/U311/Y (INV_X0P7M_A9TR)                                 0.42      0.48 *     3.96 f                   0.90
  gemm_unit/n26991 (net)                                  8                   0.00       3.96 f                   
  gemm_unit/U314/Y (NAND3_X1A_A9TR)                                 0.12      0.12 *     4.08 r                   0.90
  gemm_unit/n14714 (net)                                  1                   0.00       4.08 r                   
  gemm_unit/U315/Y (NOR2_X2B_A9TR)                                  0.39      0.26 *     4.35 f                   0.90
  gemm_unit/n55365 (net)                                  1                   0.00       4.35 f                   
  gemm_unit/U21196/Y (BUF_X2B_A9TR)                                 0.55      0.48 *     4.82 f                   0.90
  gemm_unit/n54113 (net)                                  2                   0.00       4.82 f                   
  gemm_unit/U21249/Y (BUF_X3M_A9TR)                                 0.41      0.58 *     5.40 f                   0.90
  gemm_unit/n54116 (net)                                  9                   0.00       5.40 f                   
  gemm_unit/U21251/Y (BUF_X1P4B_A9TR)                               0.63      0.66 *     6.05 f                   0.90
  gemm_unit/n54117 (net)                                 16                   0.00       6.05 f                   
  gemm_unit/U21298/Y (INV_X2B_A9TR)                                 0.59      0.64 *     6.69 r                   0.90
  gemm_unit/n54122 (net)                                 34                   0.00       6.69 r                   
  gemm_unit/U5519/Y (NOR2_X0P5B_A9TR)                               0.14      0.18 *     6.87 f                   0.90
  gemm_unit/acc_mem_wdata_o[1780] (net)                   1                   0.00       6.87 f                   
  gemm_unit/acc_mem_wdata_o[1780] (VX_gemm_unit_h_903_242_469)                0.00       6.87 f                   
  acc_mem_wdata_o[1780] (net)                                                 0.00       6.87 f                   
  acc_mem_wdata_o[1780] (out)                                       0.14      0.00 *     6.87 f                   
  data arrival time                                                                      6.87                     

  clock CLK (rise edge)                                                      10.00      10.00                     
  clock network delay (ideal)                                                 0.00      10.00                     
  output external delay                                                       0.00      10.00                     
  data required time                                                                    10.00                     
  -----------------------------------------------------------------------------------------------------------------------------
  data required time                                                                    10.00                     
  data arrival time                                                                     -6.87                     
  -----------------------------------------------------------------------------------------------------------------------------
  slack (MET)                                                                            3.13                     


  Startpoint: gemm_unit/gemm_unit_ctrl_reg_quant_dir_
              (rising edge-triggered flip-flop clocked by CLK)
  Endpoint: acc_mem_wdata_o[1768]
            (output port clocked by CLK)
  Scenario: mode_norm.OC_rvt_ss_0p900v_125c
  Path Group: REGOUT
  Path Type: max

Attributes:
    d - dont_touch
    u - dont_use
   mo - map_only
   so - size_only
    i - ideal_net or ideal_network
  inf - infeasible path

  Point                                                 Fanout     Trans      Incr       Path      Attributes     Voltage
  -----------------------------------------------------------------------------------------------------------------------------
  clock CLK (rise edge)                                                       0.00       0.00                     
  clock network delay (ideal)                                                 0.00       0.00                     
  gemm_unit/gemm_unit_ctrl_reg_quant_dir_/CK (DFFRPQ_X1M_A9TR)      0.00      0.00       0.00 r                   0.90
  gemm_unit/gemm_unit_ctrl_reg_quant_dir_/Q (DFFRPQ_X1M_A9TR)       0.68      0.46       0.46 r                   0.90
  gemm_unit/gemm_unit_ctrl_quant_dir_ (net)               8                   0.00       0.46 r                   
  gemm_unit/U2197/Y (BUF_X3M_A9TR)                                  0.71      0.52 *     0.98 r                   0.90
  gemm_unit/n50853 (net)                                 96                   0.00       0.98 r                   
  gemm_unit/U3218/Y (INV_X0P7M_A9TR)                                0.26      0.31 *     1.30 f                   0.90
  gemm_unit/n51048 (net)                                  8                   0.00       1.30 f                   
  gemm_unit/U298/Y (NAND2_X0P5M_A9TR)                               0.13      0.13 *     1.43 r                   0.90
  gemm_unit/n27783 (net)                                  1                   0.00       1.43 r                   
  gemm_unit/U15461/Y (BUF_X1M_A9TR)                                 0.58      0.37 *     1.80 r                   0.90
  gemm_unit/n53477 (net)                                  1                   0.00       1.80 r                   
  gemm_unit/U15462/Y (BUF_X7P5M_A9TR)                               0.54      0.46 *     2.27 r                   0.90
  gemm_unit/n53478 (net)                                 36                   0.00       2.27 r                   
  gemm_unit/U302/Y (NAND2_X1B_A9TR)                                 0.41      0.63 *     2.90 f                   0.90
  gemm_unit/n26917 (net)                                  3                   0.00       2.90 f                   
  gemm_unit/U310/Y (OAI221_X1M_A9TR)                                0.73      0.58 *     3.48 r                   0.90
  gemm_unit/n14713 (net)                                  1                   0.00       3.48 r                   
  gemm_unit/U311/Y (INV_X0P7M_A9TR)                                 0.42      0.48 *     3.96 f                   0.90
  gemm_unit/n26991 (net)                                  8                   0.00       3.96 f                   
  gemm_unit/U314/Y (NAND3_X1A_A9TR)                                 0.12      0.12 *     4.08 r                   0.90
  gemm_unit/n14714 (net)                                  1                   0.00       4.08 r                   
  gemm_unit/U315/Y (NOR2_X2B_A9TR)                                  0.39      0.26 *     4.35 f                   0.90
  gemm_unit/n55365 (net)                                  1                   0.00       4.35 f                   
  gemm_unit/U21196/Y (BUF_X2B_A9TR)                                 0.55      0.48 *     4.82 f                   0.90
  gemm_unit/n54113 (net)                                  2                   0.00       4.82 f                   
  gemm_unit/U21249/Y (BUF_X3M_A9TR)                                 0.41      0.58 *     5.40 f                   0.90
  gemm_unit/n54116 (net)                                  9                   0.00       5.40 f                   
  gemm_unit/U21251/Y (BUF_X1P4B_A9TR)                               0.63      0.66 *     6.05 f                   0.90
  gemm_unit/n54117 (net)                                 16                   0.00       6.05 f                   
  gemm_unit/U21298/Y (INV_X2B_A9TR)                                 0.59      0.64 *     6.69 r                   0.90
  gemm_unit/n54122 (net)                                 34                   0.00       6.69 r                   
  gemm_unit/U5506/Y (NOR2_X0P5B_A9TR)                               0.15      0.18 *     6.87 f                   0.90
  gemm_unit/acc_mem_wdata_o[1768] (net)                   1                   0.00       6.87 f                   
  gemm_unit/acc_mem_wdata_o[1768] (VX_gemm_unit_h_903_242_469)                0.00       6.87 f                   
  acc_mem_wdata_o[1768] (net)                                                 0.00       6.87 f                   
  acc_mem_wdata_o[1768] (out)                                       0.15      0.00 *     6.87 f                   
  data arrival time                                                                      6.87                     

  clock CLK (rise edge)                                                      10.00      10.00                     
  clock network delay (ideal)                                                 0.00      10.00                     
  output external delay                                                       0.00      10.00                     
  data required time                                                                    10.00                     
  -----------------------------------------------------------------------------------------------------------------------------
  data required time                                                                    10.00                     
  data arrival time                                                                     -6.87                     
  -----------------------------------------------------------------------------------------------------------------------------
  slack (MET)                                                                            3.13                     


  Startpoint: gemm_unit/gemm_unit_ctrl_reg_quant_dir_
              (rising edge-triggered flip-flop clocked by CLK)
  Endpoint: acc_mem_wdata_o[1773]
            (output port clocked by CLK)
  Scenario: mode_norm.OC_rvt_ss_0p900v_125c
  Path Group: REGOUT
  Path Type: max

Attributes:
    d - dont_touch
    u - dont_use
   mo - map_only
   so - size_only
    i - ideal_net or ideal_network
  inf - infeasible path

  Point                                                 Fanout     Trans      Incr       Path      Attributes     Voltage
  -----------------------------------------------------------------------------------------------------------------------------
  clock CLK (rise edge)                                                       0.00       0.00                     
  clock network delay (ideal)                                                 0.00       0.00                     
  gemm_unit/gemm_unit_ctrl_reg_quant_dir_/CK (DFFRPQ_X1M_A9TR)      0.00      0.00       0.00 r                   0.90
  gemm_unit/gemm_unit_ctrl_reg_quant_dir_/Q (DFFRPQ_X1M_A9TR)       0.68      0.46       0.46 r                   0.90
  gemm_unit/gemm_unit_ctrl_quant_dir_ (net)               8                   0.00       0.46 r                   
  gemm_unit/U2197/Y (BUF_X3M_A9TR)                                  0.71      0.52 *     0.98 r                   0.90
  gemm_unit/n50853 (net)                                 96                   0.00       0.98 r                   
  gemm_unit/U3218/Y (INV_X0P7M_A9TR)                                0.26      0.31 *     1.30 f                   0.90
  gemm_unit/n51048 (net)                                  8                   0.00       1.30 f                   
  gemm_unit/U298/Y (NAND2_X0P5M_A9TR)                               0.13      0.13 *     1.43 r                   0.90
  gemm_unit/n27783 (net)                                  1                   0.00       1.43 r                   
  gemm_unit/U15461/Y (BUF_X1M_A9TR)                                 0.58      0.37 *     1.80 r                   0.90
  gemm_unit/n53477 (net)                                  1                   0.00       1.80 r                   
  gemm_unit/U15462/Y (BUF_X7P5M_A9TR)                               0.54      0.46 *     2.27 r                   0.90
  gemm_unit/n53478 (net)                                 36                   0.00       2.27 r                   
  gemm_unit/U302/Y (NAND2_X1B_A9TR)                                 0.41      0.63 *     2.90 f                   0.90
  gemm_unit/n26917 (net)                                  3                   0.00       2.90 f                   
  gemm_unit/U310/Y (OAI221_X1M_A9TR)                                0.73      0.58 *     3.48 r                   0.90
  gemm_unit/n14713 (net)                                  1                   0.00       3.48 r                   
  gemm_unit/U311/Y (INV_X0P7M_A9TR)                                 0.42      0.48 *     3.96 f                   0.90
  gemm_unit/n26991 (net)                                  8                   0.00       3.96 f                   
  gemm_unit/U314/Y (NAND3_X1A_A9TR)                                 0.12      0.12 *     4.08 r                   0.90
  gemm_unit/n14714 (net)                                  1                   0.00       4.08 r                   
  gemm_unit/U315/Y (NOR2_X2B_A9TR)                                  0.39      0.26 *     4.35 f                   0.90
  gemm_unit/n55365 (net)                                  1                   0.00       4.35 f                   
  gemm_unit/U21196/Y (BUF_X2B_A9TR)                                 0.55      0.48 *     4.82 f                   0.90
  gemm_unit/n54113 (net)                                  2                   0.00       4.82 f                   
  gemm_unit/U21249/Y (BUF_X3M_A9TR)                                 0.41      0.58 *     5.40 f                   0.90
  gemm_unit/n54116 (net)                                  9                   0.00       5.40 f                   
  gemm_unit/U21251/Y (BUF_X1P4B_A9TR)                               0.63      0.66 *     6.05 f                   0.90
  gemm_unit/n54117 (net)                                 16                   0.00       6.05 f                   
  gemm_unit/U21298/Y (INV_X2B_A9TR)                                 0.59      0.64 *     6.69 r                   0.90
  gemm_unit/n54122 (net)                                 34                   0.00       6.69 r                   
  gemm_unit/U5512/Y (NOR2_X0P5B_A9TR)                               0.14      0.18 *     6.87 f                   0.90
  gemm_unit/acc_mem_wdata_o[1773] (net)                   1                   0.00       6.87 f                   
  gemm_unit/acc_mem_wdata_o[1773] (VX_gemm_unit_h_903_242_469)                0.00       6.87 f                   
  acc_mem_wdata_o[1773] (net)                                                 0.00       6.87 f                   
  acc_mem_wdata_o[1773] (out)                                       0.14      0.00 *     6.87 f                   
  data arrival time                                                                      6.87                     

  clock CLK (rise edge)                                                      10.00      10.00                     
  clock network delay (ideal)                                                 0.00      10.00                     
  output external delay                                                       0.00      10.00                     
  data required time                                                                    10.00                     
  -----------------------------------------------------------------------------------------------------------------------------
  data required time                                                                    10.00                     
  data arrival time                                                                     -6.87                     
  -----------------------------------------------------------------------------------------------------------------------------
  slack (MET)                                                                            3.13                     


  Startpoint: gemm_unit/gemm_unit_ctrl_reg_quant_dir_
              (rising edge-triggered flip-flop clocked by CLK)
  Endpoint: acc_mem_wdata_o[1771]
            (output port clocked by CLK)
  Scenario: mode_norm.OC_rvt_ss_0p900v_125c
  Path Group: REGOUT
  Path Type: max

Attributes:
    d - dont_touch
    u - dont_use
   mo - map_only
   so - size_only
    i - ideal_net or ideal_network
  inf - infeasible path

  Point                                                 Fanout     Trans      Incr       Path      Attributes     Voltage
  -----------------------------------------------------------------------------------------------------------------------------
  clock CLK (rise edge)                                                       0.00       0.00                     
  clock network delay (ideal)                                                 0.00       0.00                     
  gemm_unit/gemm_unit_ctrl_reg_quant_dir_/CK (DFFRPQ_X1M_A9TR)      0.00      0.00       0.00 r                   0.90
  gemm_unit/gemm_unit_ctrl_reg_quant_dir_/Q (DFFRPQ_X1M_A9TR)       0.68      0.46       0.46 r                   0.90
  gemm_unit/gemm_unit_ctrl_quant_dir_ (net)               8                   0.00       0.46 r                   
  gemm_unit/U2197/Y (BUF_X3M_A9TR)                                  0.71      0.52 *     0.98 r                   0.90
  gemm_unit/n50853 (net)                                 96                   0.00       0.98 r                   
  gemm_unit/U3218/Y (INV_X0P7M_A9TR)                                0.26      0.31 *     1.30 f                   0.90
  gemm_unit/n51048 (net)                                  8                   0.00       1.30 f                   
  gemm_unit/U298/Y (NAND2_X0P5M_A9TR)                               0.13      0.13 *     1.43 r                   0.90
  gemm_unit/n27783 (net)                                  1                   0.00       1.43 r                   
  gemm_unit/U15461/Y (BUF_X1M_A9TR)                                 0.58      0.37 *     1.80 r                   0.90
  gemm_unit/n53477 (net)                                  1                   0.00       1.80 r                   
  gemm_unit/U15462/Y (BUF_X7P5M_A9TR)                               0.54      0.46 *     2.27 r                   0.90
  gemm_unit/n53478 (net)                                 36                   0.00       2.27 r                   
  gemm_unit/U302/Y (NAND2_X1B_A9TR)                                 0.41      0.63 *     2.90 f                   0.90
  gemm_unit/n26917 (net)                                  3                   0.00       2.90 f                   
  gemm_unit/U310/Y (OAI221_X1M_A9TR)                                0.73      0.58 *     3.48 r                   0.90
  gemm_unit/n14713 (net)                                  1                   0.00       3.48 r                   
  gemm_unit/U311/Y (INV_X0P7M_A9TR)                                 0.42      0.48 *     3.96 f                   0.90
  gemm_unit/n26991 (net)                                  8                   0.00       3.96 f                   
  gemm_unit/U314/Y (NAND3_X1A_A9TR)                                 0.12      0.12 *     4.08 r                   0.90
  gemm_unit/n14714 (net)                                  1                   0.00       4.08 r                   
  gemm_unit/U315/Y (NOR2_X2B_A9TR)                                  0.39      0.26 *     4.35 f                   0.90
  gemm_unit/n55365 (net)                                  1                   0.00       4.35 f                   
  gemm_unit/U21196/Y (BUF_X2B_A9TR)                                 0.55      0.48 *     4.82 f                   0.90
  gemm_unit/n54113 (net)                                  2                   0.00       4.82 f                   
  gemm_unit/U21249/Y (BUF_X3M_A9TR)                                 0.41      0.58 *     5.40 f                   0.90
  gemm_unit/n54116 (net)                                  9                   0.00       5.40 f                   
  gemm_unit/U21251/Y (BUF_X1P4B_A9TR)                               0.63      0.66 *     6.05 f                   0.90
  gemm_unit/n54117 (net)                                 16                   0.00       6.05 f                   
  gemm_unit/U21298/Y (INV_X2B_A9TR)                                 0.59      0.64 *     6.69 r                   0.90
  gemm_unit/n54122 (net)                                 34                   0.00       6.69 r                   
  gemm_unit/U5509/Y (NOR2_X0P5B_A9TR)                               0.15      0.18 *     6.86 f                   0.90
  gemm_unit/acc_mem_wdata_o[1771] (net)                   1                   0.00       6.86 f                   
  gemm_unit/acc_mem_wdata_o[1771] (VX_gemm_unit_h_903_242_469)                0.00       6.86 f                   
  acc_mem_wdata_o[1771] (net)                                                 0.00       6.86 f                   
  acc_mem_wdata_o[1771] (out)                                       0.15      0.00 *     6.86 f                   
  data arrival time                                                                      6.86                     

  clock CLK (rise edge)                                                      10.00      10.00                     
  clock network delay (ideal)                                                 0.00      10.00                     
  output external delay                                                       0.00      10.00                     
  data required time                                                                    10.00                     
  -----------------------------------------------------------------------------------------------------------------------------
  data required time                                                                    10.00                     
  data arrival time                                                                     -6.86                     
  -----------------------------------------------------------------------------------------------------------------------------
  slack (MET)                                                                            3.14                     


  Startpoint: gemm_unit/gemm_unit_ctrl_reg_quant_dir_
              (rising edge-triggered flip-flop clocked by CLK)
  Endpoint: acc_mem_wdata_o[1767]
            (output port clocked by CLK)
  Scenario: mode_norm.OC_rvt_ss_0p900v_125c
  Path Group: REGOUT
  Path Type: max

Attributes:
    d - dont_touch
    u - dont_use
   mo - map_only
   so - size_only
    i - ideal_net or ideal_network
  inf - infeasible path

  Point                                                 Fanout     Trans      Incr       Path      Attributes     Voltage
  -----------------------------------------------------------------------------------------------------------------------------
  clock CLK (rise edge)                                                       0.00       0.00                     
  clock network delay (ideal)                                                 0.00       0.00                     
  gemm_unit/gemm_unit_ctrl_reg_quant_dir_/CK (DFFRPQ_X1M_A9TR)      0.00      0.00       0.00 r                   0.90
  gemm_unit/gemm_unit_ctrl_reg_quant_dir_/Q (DFFRPQ_X1M_A9TR)       0.68      0.46       0.46 r                   0.90
  gemm_unit/gemm_unit_ctrl_quant_dir_ (net)               8                   0.00       0.46 r                   
  gemm_unit/U2197/Y (BUF_X3M_A9TR)                                  0.71      0.52 *     0.98 r                   0.90
  gemm_unit/n50853 (net)                                 96                   0.00       0.98 r                   
  gemm_unit/U3218/Y (INV_X0P7M_A9TR)                                0.26      0.31 *     1.30 f                   0.90
  gemm_unit/n51048 (net)                                  8                   0.00       1.30 f                   
  gemm_unit/U298/Y (NAND2_X0P5M_A9TR)                               0.13      0.13 *     1.43 r                   0.90
  gemm_unit/n27783 (net)                                  1                   0.00       1.43 r                   
  gemm_unit/U15461/Y (BUF_X1M_A9TR)                                 0.58      0.37 *     1.80 r                   0.90
  gemm_unit/n53477 (net)                                  1                   0.00       1.80 r                   
  gemm_unit/U15462/Y (BUF_X7P5M_A9TR)                               0.54      0.46 *     2.27 r                   0.90
  gemm_unit/n53478 (net)                                 36                   0.00       2.27 r                   
  gemm_unit/U302/Y (NAND2_X1B_A9TR)                                 0.41      0.63 *     2.90 f                   0.90
  gemm_unit/n26917 (net)                                  3                   0.00       2.90 f                   
  gemm_unit/U310/Y (OAI221_X1M_A9TR)                                0.73      0.58 *     3.48 r                   0.90
  gemm_unit/n14713 (net)                                  1                   0.00       3.48 r                   
  gemm_unit/U311/Y (INV_X0P7M_A9TR)                                 0.42      0.48 *     3.96 f                   0.90
  gemm_unit/n26991 (net)                                  8                   0.00       3.96 f                   
  gemm_unit/U314/Y (NAND3_X1A_A9TR)                                 0.12      0.12 *     4.08 r                   0.90
  gemm_unit/n14714 (net)                                  1                   0.00       4.08 r                   
  gemm_unit/U315/Y (NOR2_X2B_A9TR)                                  0.39      0.26 *     4.35 f                   0.90
  gemm_unit/n55365 (net)                                  1                   0.00       4.35 f                   
  gemm_unit/U21196/Y (BUF_X2B_A9TR)                                 0.55      0.48 *     4.82 f                   0.90
  gemm_unit/n54113 (net)                                  2                   0.00       4.82 f                   
  gemm_unit/U21249/Y (BUF_X3M_A9TR)                                 0.41      0.58 *     5.40 f                   0.90
  gemm_unit/n54116 (net)                                  9                   0.00       5.40 f                   
  gemm_unit/U21251/Y (BUF_X1P4B_A9TR)                               0.63      0.66 *     6.05 f                   0.90
  gemm_unit/n54117 (net)                                 16                   0.00       6.05 f                   
  gemm_unit/U21298/Y (INV_X2B_A9TR)                                 0.59      0.64 *     6.69 r                   0.90
  gemm_unit/n54122 (net)                                 34                   0.00       6.69 r                   
  gemm_unit/U5505/Y (NOR2_X0P5B_A9TR)                               0.14      0.17 *     6.86 f                   0.90
  gemm_unit/acc_mem_wdata_o[1767] (net)                   1                   0.00       6.86 f                   
  gemm_unit/acc_mem_wdata_o[1767] (VX_gemm_unit_h_903_242_469)                0.00       6.86 f                   
  acc_mem_wdata_o[1767] (net)                                                 0.00       6.86 f                   
  acc_mem_wdata_o[1767] (out)                                       0.14      0.00 *     6.86 f                   
  data arrival time                                                                      6.86                     

  clock CLK (rise edge)                                                      10.00      10.00                     
  clock network delay (ideal)                                                 0.00      10.00                     
  output external delay                                                       0.00      10.00                     
  data required time                                                                    10.00                     
  -----------------------------------------------------------------------------------------------------------------------------
  data required time                                                                    10.00                     
  data arrival time                                                                     -6.86                     
  -----------------------------------------------------------------------------------------------------------------------------
  slack (MET)                                                                            3.14                     


  Startpoint: gemm_unit/gemm_unit_ctrl_reg_quant_dir_
              (rising edge-triggered flip-flop clocked by CLK)
  Endpoint: acc_mem_wdata_o[1782]
            (output port clocked by CLK)
  Scenario: mode_norm.OC_rvt_ss_0p900v_125c
  Path Group: REGOUT
  Path Type: max

Attributes:
    d - dont_touch
    u - dont_use
   mo - map_only
   so - size_only
    i - ideal_net or ideal_network
  inf - infeasible path

  Point                                                 Fanout     Trans      Incr       Path      Attributes     Voltage
  -----------------------------------------------------------------------------------------------------------------------------
  clock CLK (rise edge)                                                       0.00       0.00                     
  clock network delay (ideal)                                                 0.00       0.00                     
  gemm_unit/gemm_unit_ctrl_reg_quant_dir_/CK (DFFRPQ_X1M_A9TR)      0.00      0.00       0.00 r                   0.90
  gemm_unit/gemm_unit_ctrl_reg_quant_dir_/Q (DFFRPQ_X1M_A9TR)       0.68      0.46       0.46 r                   0.90
  gemm_unit/gemm_unit_ctrl_quant_dir_ (net)               8                   0.00       0.46 r                   
  gemm_unit/U2197/Y (BUF_X3M_A9TR)                                  0.71      0.52 *     0.98 r                   0.90
  gemm_unit/n50853 (net)                                 96                   0.00       0.98 r                   
  gemm_unit/U3218/Y (INV_X0P7M_A9TR)                                0.26      0.31 *     1.30 f                   0.90
  gemm_unit/n51048 (net)                                  8                   0.00       1.30 f                   
  gemm_unit/U298/Y (NAND2_X0P5M_A9TR)                               0.13      0.13 *     1.43 r                   0.90
  gemm_unit/n27783 (net)                                  1                   0.00       1.43 r                   
  gemm_unit/U15461/Y (BUF_X1M_A9TR)                                 0.58      0.37 *     1.80 r                   0.90
  gemm_unit/n53477 (net)                                  1                   0.00       1.80 r                   
  gemm_unit/U15462/Y (BUF_X7P5M_A9TR)                               0.54      0.46 *     2.27 r                   0.90
  gemm_unit/n53478 (net)                                 36                   0.00       2.27 r                   
  gemm_unit/U302/Y (NAND2_X1B_A9TR)                                 0.41      0.63 *     2.90 f                   0.90
  gemm_unit/n26917 (net)                                  3                   0.00       2.90 f                   
  gemm_unit/U310/Y (OAI221_X1M_A9TR)                                0.73      0.58 *     3.48 r                   0.90
  gemm_unit/n14713 (net)                                  1                   0.00       3.48 r                   
  gemm_unit/U311/Y (INV_X0P7M_A9TR)                                 0.42      0.48 *     3.96 f                   0.90
  gemm_unit/n26991 (net)                                  8                   0.00       3.96 f                   
  gemm_unit/U314/Y (NAND3_X1A_A9TR)                                 0.12      0.12 *     4.08 r                   0.90
  gemm_unit/n14714 (net)                                  1                   0.00       4.08 r                   
  gemm_unit/U315/Y (NOR2_X2B_A9TR)                                  0.39      0.26 *     4.35 f                   0.90
  gemm_unit/n55365 (net)                                  1                   0.00       4.35 f                   
  gemm_unit/U21196/Y (BUF_X2B_A9TR)                                 0.55      0.48 *     4.82 f                   0.90
  gemm_unit/n54113 (net)                                  2                   0.00       4.82 f                   
  gemm_unit/U21249/Y (BUF_X3M_A9TR)                                 0.41      0.58 *     5.40 f                   0.90
  gemm_unit/n54116 (net)                                  9                   0.00       5.40 f                   
  gemm_unit/U21251/Y (BUF_X1P4B_A9TR)                               0.63      0.66 *     6.05 f                   0.90
  gemm_unit/n54117 (net)                                 16                   0.00       6.05 f                   
  gemm_unit/U21298/Y (INV_X2B_A9TR)                                 0.59      0.64 *     6.69 r                   0.90
  gemm_unit/n54122 (net)                                 34                   0.00       6.69 r                   
  gemm_unit/U5521/Y (NOR2_X0P5B_A9TR)                               0.14      0.17 *     6.86 f                   0.90
  gemm_unit/acc_mem_wdata_o[1782] (net)                   1                   0.00       6.86 f                   
  gemm_unit/acc_mem_wdata_o[1782] (VX_gemm_unit_h_903_242_469)                0.00       6.86 f                   
  acc_mem_wdata_o[1782] (net)                                                 0.00       6.86 f                   
  acc_mem_wdata_o[1782] (out)                                       0.14      0.00 *     6.86 f                   
  data arrival time                                                                      6.86                     

  clock CLK (rise edge)                                                      10.00      10.00                     
  clock network delay (ideal)                                                 0.00      10.00                     
  output external delay                                                       0.00      10.00                     
  data required time                                                                    10.00                     
  -----------------------------------------------------------------------------------------------------------------------------
  data required time                                                                    10.00                     
  data arrival time                                                                     -6.86                     
  -----------------------------------------------------------------------------------------------------------------------------
  slack (MET)                                                                            3.14                     


  Startpoint: gemm_unit/gemm_unit_ctrl_reg_quant_dir_
              (rising edge-triggered flip-flop clocked by CLK)
  Endpoint: acc_mem_wdata_o[1774]
            (output port clocked by CLK)
  Scenario: mode_norm.OC_rvt_ss_0p900v_125c
  Path Group: REGOUT
  Path Type: max

Attributes:
    d - dont_touch
    u - dont_use
   mo - map_only
   so - size_only
    i - ideal_net or ideal_network
  inf - infeasible path

  Point                                                 Fanout     Trans      Incr       Path      Attributes     Voltage
  -----------------------------------------------------------------------------------------------------------------------------
  clock CLK (rise edge)                                                       0.00       0.00                     
  clock network delay (ideal)                                                 0.00       0.00                     
  gemm_unit/gemm_unit_ctrl_reg_quant_dir_/CK (DFFRPQ_X1M_A9TR)      0.00      0.00       0.00 r                   0.90
  gemm_unit/gemm_unit_ctrl_reg_quant_dir_/Q (DFFRPQ_X1M_A9TR)       0.68      0.46       0.46 r                   0.90
  gemm_unit/gemm_unit_ctrl_quant_dir_ (net)               8                   0.00       0.46 r                   
  gemm_unit/U2197/Y (BUF_X3M_A9TR)                                  0.71      0.52 *     0.98 r                   0.90
  gemm_unit/n50853 (net)                                 96                   0.00       0.98 r                   
  gemm_unit/U3218/Y (INV_X0P7M_A9TR)                                0.26      0.31 *     1.30 f                   0.90
  gemm_unit/n51048 (net)                                  8                   0.00       1.30 f                   
  gemm_unit/U298/Y (NAND2_X0P5M_A9TR)                               0.13      0.13 *     1.43 r                   0.90
  gemm_unit/n27783 (net)                                  1                   0.00       1.43 r                   
  gemm_unit/U15461/Y (BUF_X1M_A9TR)                                 0.58      0.37 *     1.80 r                   0.90
  gemm_unit/n53477 (net)                                  1                   0.00       1.80 r                   
  gemm_unit/U15462/Y (BUF_X7P5M_A9TR)                               0.54      0.46 *     2.27 r                   0.90
  gemm_unit/n53478 (net)                                 36                   0.00       2.27 r                   
  gemm_unit/U302/Y (NAND2_X1B_A9TR)                                 0.41      0.63 *     2.90 f                   0.90
  gemm_unit/n26917 (net)                                  3                   0.00       2.90 f                   
  gemm_unit/U310/Y (OAI221_X1M_A9TR)                                0.73      0.58 *     3.48 r                   0.90
  gemm_unit/n14713 (net)                                  1                   0.00       3.48 r                   
  gemm_unit/U311/Y (INV_X0P7M_A9TR)                                 0.42      0.48 *     3.96 f                   0.90
  gemm_unit/n26991 (net)                                  8                   0.00       3.96 f                   
  gemm_unit/U314/Y (NAND3_X1A_A9TR)                                 0.12      0.12 *     4.08 r                   0.90
  gemm_unit/n14714 (net)                                  1                   0.00       4.08 r                   
  gemm_unit/U315/Y (NOR2_X2B_A9TR)                                  0.39      0.26 *     4.35 f                   0.90
  gemm_unit/n55365 (net)                                  1                   0.00       4.35 f                   
  gemm_unit/U21196/Y (BUF_X2B_A9TR)                                 0.55      0.48 *     4.82 f                   0.90
  gemm_unit/n54113 (net)                                  2                   0.00       4.82 f                   
  gemm_unit/U21249/Y (BUF_X3M_A9TR)                                 0.41      0.58 *     5.40 f                   0.90
  gemm_unit/n54116 (net)                                  9                   0.00       5.40 f                   
  gemm_unit/U21251/Y (BUF_X1P4B_A9TR)                               0.63      0.66 *     6.05 f                   0.90
  gemm_unit/n54117 (net)                                 16                   0.00       6.05 f                   
  gemm_unit/U21298/Y (INV_X2B_A9TR)                                 0.59      0.64 *     6.69 r                   0.90
  gemm_unit/n54122 (net)                                 34                   0.00       6.69 r                   
  gemm_unit/U5513/Y (NOR2_X0P5B_A9TR)                               0.14      0.17 *     6.86 f                   0.90
  gemm_unit/acc_mem_wdata_o[1774] (net)                   1                   0.00       6.86 f                   
  gemm_unit/acc_mem_wdata_o[1774] (VX_gemm_unit_h_903_242_469)                0.00       6.86 f                   
  acc_mem_wdata_o[1774] (net)                                                 0.00       6.86 f                   
  acc_mem_wdata_o[1774] (out)                                       0.14      0.00 *     6.86 f                   
  data arrival time                                                                      6.86                     

  clock CLK (rise edge)                                                      10.00      10.00                     
  clock network delay (ideal)                                                 0.00      10.00                     
  output external delay                                                       0.00      10.00                     
  data required time                                                                    10.00                     
  -----------------------------------------------------------------------------------------------------------------------------
  data required time                                                                    10.00                     
  data arrival time                                                                     -6.86                     
  -----------------------------------------------------------------------------------------------------------------------------
  slack (MET)                                                                            3.14                     


1
