 
****************************************
Report : timing
        -path full
        -delay max
        -nets
        -max_paths 10
        -transition_time
Design : VX_tcu_unit__d2e8e198f1ee
Scenario(s): mode_norm.OC_rvt_ss_0p900v_125c
Version: V-2023.12-SP5-3
Date   : Wed Jul 22 21:30:12 2026
****************************************

 * Some/all delay information is back-annotated.
Wire Load Model Mode: Inactive.

  Startpoint: g_blocks_0__tcu_fp/g_i_6__g_j_3__fedp/g_red_tree_0__g_add_1__reduce_add/pipe_rnd/g_shift_register/g_shift_pipe_reg_0__28_
              (rising edge-triggered flip-flop clocked by CLK)
  Endpoint: g_blocks_0__tcu_fp/g_i_6__g_j_3__fedp/g_red_tree_1__g_add_0__reduce_add/pipe_add/g_shift_register/g_shift_pipe_reg_0__40_
            (rising edge-triggered flip-flop clocked by CLK)
  Scenario: mode_norm.OC_rvt_ss_0p900v_125c
  Path Group: CLK
  Path Type: max

Attributes:
    d - dont_touch
    u - dont_use
   mo - map_only
   so - size_only
    i - ideal_net or ideal_network
  inf - infeasible path

  Point                                                                                                                                   Fanout     Trans      Incr       Path      Attributes     Voltage
  ---------------------------------------------------------------------------------------------------------------------------------------------------------------------------------------------------------------
  clock CLK (rise edge)                                                                                                                                                                                                                                                                              0.00       0.00                     
  clock network delay (ideal)                                                                                                                                   0.00       0.00                     
  g_blocks_0__tcu_fp/g_i_6__g_j_3__fedp/g_red_tree_0__g_add_1__reduce_add/pipe_rnd/g_shift_register/g_shift_pipe_reg_0__28_/CK (DFFQ_X0P5M_A9TR)      0.00      0.00       0.00 r                   0.90
  g_blocks_0__tcu_fp/g_i_6__g_j_3__fedp/g_red_tree_0__g_add_1__reduce_add/pipe_rnd/g_shift_register/g_shift_pipe_reg_0__28_/Q (DFFQ_X0P5M_A9TR)       0.02      0.11       0.11 f                   0.90
  g_blocks_0__tcu_fp/g_i_6__g_j_3__fedp/g_red_tree_0__g_add_1__reduce_add/pipe_rnd/g_shift_register/data_out[28] (net)                      1                   0.00       0.11 f                   
  g_blocks_0__tcu_fp/g_i_6__g_j_3__fedp/g_red_tree_0__g_add_1__reduce_add/pipe_rnd/g_shift_register/data_out[28] (VX_shift_register_38_0_1_0_65)                0.00       0.11 f                   
  g_blocks_0__tcu_fp/g_i_6__g_j_3__fedp/g_red_tree_0__g_add_1__reduce_add/pipe_rnd/data_out[28] (net)                                                           0.00       0.11 f                   
  g_blocks_0__tcu_fp/g_i_6__g_j_3__fedp/g_red_tree_0__g_add_1__reduce_add/pipe_rnd/data_out[28] (VX_pipe_register_31_65)                                        0.00       0.11 f                   
  g_blocks_0__tcu_fp/g_i_6__g_j_3__fedp/g_red_tree_0__g_add_1__reduce_add/y[23] (net)                                                                           0.00       0.11 f                   
  g_blocks_0__tcu_fp/g_i_6__g_j_3__fedp/g_red_tree_0__g_add_1__reduce_add/y[23] (VX_tcu_bhf_fadd_34)                                                            0.00       0.11 f                   
  g_blocks_0__tcu_fp/g_i_6__g_j_3__fedp/red_in_1__1__23_ (net)                                                                                                  0.00       0.11 f                   
  g_blocks_0__tcu_fp/g_i_6__g_j_3__fedp/g_red_tree_1__g_add_0__reduce_add/b[23] (VX_tcu_bhf_fadd_31)                                                            0.00       0.11 f                   
  g_blocks_0__tcu_fp/g_i_6__g_j_3__fedp/g_red_tree_1__g_add_0__reduce_add/b[23] (net)                                                                           0.00       0.11 f                   
  g_blocks_0__tcu_fp/g_i_6__g_j_3__fedp/g_red_tree_1__g_add_0__reduce_add/adder/b[23] (addRecFNToRaw_35)                                                        0.00       0.11 f                   
  g_blocks_0__tcu_fp/g_i_6__g_j_3__fedp/g_red_tree_1__g_add_0__reduce_add/adder/b[23] (net)                                                                     0.00       0.11 f                   
  g_blocks_0__tcu_fp/g_i_6__g_j_3__fedp/g_red_tree_1__g_add_0__reduce_add/adder/recFNToRawFN_b/in[23] (recFNToRawFN_1_75)                                       0.00       0.11 f                   
  g_blocks_0__tcu_fp/g_i_6__g_j_3__fedp/g_red_tree_1__g_add_0__reduce_add/adder/recFNToRawFN_b/in[23] (net)                                                     0.00       0.11 f                   
  g_blocks_0__tcu_fp/g_i_6__g_j_3__fedp/g_red_tree_1__g_add_0__reduce_add/adder/recFNToRawFN_b/U2/Y (BUF_X1M_A9TR)                                    0.02      0.04 *     0.16 f                   0.90
  g_blocks_0__tcu_fp/g_i_6__g_j_3__fedp/g_red_tree_1__g_add_0__reduce_add/adder/recFNToRawFN_b/sExp[0] (net)                                3                   0.00       0.16 f                   
  g_blocks_0__tcu_fp/g_i_6__g_j_3__fedp/g_red_tree_1__g_add_0__reduce_add/adder/recFNToRawFN_b/sExp[0] (recFNToRawFN_1_75)                                      0.00       0.16 f                   
  g_blocks_0__tcu_fp/g_i_6__g_j_3__fedp/g_red_tree_1__g_add_0__reduce_add/adder/sExpB[0] (net)                                                                  0.00       0.16 f                   
  g_blocks_0__tcu_fp/g_i_6__g_j_3__fedp/g_red_tree_1__g_add_0__reduce_add/adder/U9/Y (NOR2XB_X0P7M_A9TR)                                              0.07      0.08 *     0.23 f                   0.90
  g_blocks_0__tcu_fp/g_i_6__g_j_3__fedp/g_red_tree_1__g_add_0__reduce_add/adder/n880 (net)                                                  3                   0.00       0.23 f                   
  g_blocks_0__tcu_fp/g_i_6__g_j_3__fedp/g_red_tree_1__g_add_0__reduce_add/adder/U11/CON (CGENI_X1M_A9TR)                                              0.09      0.09 *     0.32 r                   0.90
  g_blocks_0__tcu_fp/g_i_6__g_j_3__fedp/g_red_tree_1__g_add_0__reduce_add/adder/n858 (net)                                                  2                   0.00       0.32 r                   
  g_blocks_0__tcu_fp/g_i_6__g_j_3__fedp/g_red_tree_1__g_add_0__reduce_add/adder/U12/CON (CGENI_X1M_A9TR)                                              0.06      0.06 *     0.38 f                   0.90
  g_blocks_0__tcu_fp/g_i_6__g_j_3__fedp/g_red_tree_1__g_add_0__reduce_add/adder/n859 (net)                                                  2                   0.00       0.38 f                   
  g_blocks_0__tcu_fp/g_i_6__g_j_3__fedp/g_red_tree_1__g_add_0__reduce_add/adder/U34/CON (CGENI_X1M_A9TR)                                              0.06      0.07 *     0.45 r                   0.90
  g_blocks_0__tcu_fp/g_i_6__g_j_3__fedp/g_red_tree_1__g_add_0__reduce_add/adder/n1358 (net)                                                 2                   0.00       0.45 r                   
  g_blocks_0__tcu_fp/g_i_6__g_j_3__fedp/g_red_tree_1__g_add_0__reduce_add/adder/U691/CON (CGENI_X1M_A9TR)                                             0.05      0.05 *     0.50 f                   0.90
  g_blocks_0__tcu_fp/g_i_6__g_j_3__fedp/g_red_tree_1__g_add_0__reduce_add/adder/intadd_3346_CI (net)                                        1                   0.00       0.50 f                   
  g_blocks_0__tcu_fp/g_i_6__g_j_3__fedp/g_red_tree_1__g_add_0__reduce_add/adder/intadd_3346_U5/CO (ADDF_X1M_A9TR)                                     0.03      0.09 *     0.59 f    mo             0.90
  g_blocks_0__tcu_fp/g_i_6__g_j_3__fedp/g_red_tree_1__g_add_0__reduce_add/adder/intadd_3346_n4 (net)                                        1                   0.00       0.59 f                   
  g_blocks_0__tcu_fp/g_i_6__g_j_3__fedp/g_red_tree_1__g_add_0__reduce_add/adder/intadd_3346_U4/CO (ADDF_X1M_A9TR)                                     0.03      0.09 *     0.67 f    mo             0.90
  g_blocks_0__tcu_fp/g_i_6__g_j_3__fedp/g_red_tree_1__g_add_0__reduce_add/adder/intadd_3346_n3 (net)                                        1                   0.00       0.67 f                   
  g_blocks_0__tcu_fp/g_i_6__g_j_3__fedp/g_red_tree_1__g_add_0__reduce_add/adder/intadd_3346_U3/CO (ADDF_X1M_A9TR)                                     0.04      0.09 *     0.76 f    mo             0.90
  g_blocks_0__tcu_fp/g_i_6__g_j_3__fedp/g_red_tree_1__g_add_0__reduce_add/adder/intadd_3346_n2 (net)                                        1                   0.00       0.76 f                   
  g_blocks_0__tcu_fp/g_i_6__g_j_3__fedp/g_red_tree_1__g_add_0__reduce_add/adder/intadd_3346_U2/CO (ADDF_X1M_A9TR)                                     0.24      0.22 *     0.98 f    mo             0.90
  g_blocks_0__tcu_fp/g_i_6__g_j_3__fedp/g_red_tree_1__g_add_0__reduce_add/adder/intadd_3346_n1 (net)                                       67                   0.00       0.98 f                   
  g_blocks_0__tcu_fp/g_i_6__g_j_3__fedp/g_red_tree_1__g_add_0__reduce_add/adder/U104/Y (INV_X0P7M_A9TR)                                               0.24      0.23 *     1.21 r                   0.90
  g_blocks_0__tcu_fp/g_i_6__g_j_3__fedp/g_red_tree_1__g_add_0__reduce_add/adder/n1372 (net)                                                25                   0.00       1.21 r                   
  g_blocks_0__tcu_fp/g_i_6__g_j_3__fedp/g_red_tree_1__g_add_0__reduce_add/adder/U54/Y (NAND2_X0P7B_A9TR)                                              0.21      0.20 *     1.40 f                   0.90
  g_blocks_0__tcu_fp/g_i_6__g_j_3__fedp/g_red_tree_1__g_add_0__reduce_add/adder/n1352 (net)                                                23                   0.00       1.40 f                   
  g_blocks_0__tcu_fp/g_i_6__g_j_3__fedp/g_red_tree_1__g_add_0__reduce_add/adder/U638/Y (OAI22_X0P5M_A9TR)                                             0.12      0.10 *     1.50 r                   0.90
  g_blocks_0__tcu_fp/g_i_6__g_j_3__fedp/g_red_tree_1__g_add_0__reduce_add/adder/n1308 (net)                                                 1                   0.00       1.50 r                   
  g_blocks_0__tcu_fp/g_i_6__g_j_3__fedp/g_red_tree_1__g_add_0__reduce_add/adder/U639/Y (AOI21_X0P7M_A9TR)                                             0.11      0.07 *     1.58 f                   0.90
  g_blocks_0__tcu_fp/g_i_6__g_j_3__fedp/g_red_tree_1__g_add_0__reduce_add/adder/intadd_3345_B_0_ (net)                                      1                   0.00       1.58 f                   
  g_blocks_0__tcu_fp/g_i_6__g_j_3__fedp/g_red_tree_1__g_add_0__reduce_add/adder/intadd_3345_U24/CO (ADDF_X1M_A9TR)                                    0.03      0.12 *     1.70 f    mo             0.90
  g_blocks_0__tcu_fp/g_i_6__g_j_3__fedp/g_red_tree_1__g_add_0__reduce_add/adder/intadd_3345_n23 (net)                                       1                   0.00       1.70 f                   
  g_blocks_0__tcu_fp/g_i_6__g_j_3__fedp/g_red_tree_1__g_add_0__reduce_add/adder/intadd_3345_U23/CO (ADDF_X1M_A9TR)                                    0.03      0.08 *     1.78 f    mo             0.90
  g_blocks_0__tcu_fp/g_i_6__g_j_3__fedp/g_red_tree_1__g_add_0__reduce_add/adder/intadd_3345_n22 (net)                                       1                   0.00       1.78 f                   
  g_blocks_0__tcu_fp/g_i_6__g_j_3__fedp/g_red_tree_1__g_add_0__reduce_add/adder/intadd_3345_U22/CO (ADDF_X1M_A9TR)                                    0.03      0.08 *     1.87 f    mo             0.90
  g_blocks_0__tcu_fp/g_i_6__g_j_3__fedp/g_red_tree_1__g_add_0__reduce_add/adder/intadd_3345_n21 (net)                                       1                   0.00       1.87 f                   
  g_blocks_0__tcu_fp/g_i_6__g_j_3__fedp/g_red_tree_1__g_add_0__reduce_add/adder/intadd_3345_U21/CO (ADDF_X1M_A9TR)                                    0.03      0.08 *     1.95 f    mo             0.90
  g_blocks_0__tcu_fp/g_i_6__g_j_3__fedp/g_red_tree_1__g_add_0__reduce_add/adder/intadd_3345_n20 (net)                                       1                   0.00       1.95 f                   
  g_blocks_0__tcu_fp/g_i_6__g_j_3__fedp/g_red_tree_1__g_add_0__reduce_add/adder/intadd_3345_U20/CO (ADDF_X1M_A9TR)                                    0.03      0.08 *     2.03 f    mo             0.90
  g_blocks_0__tcu_fp/g_i_6__g_j_3__fedp/g_red_tree_1__g_add_0__reduce_add/adder/intadd_3345_n19 (net)                                       1                   0.00       2.03 f                   
  g_blocks_0__tcu_fp/g_i_6__g_j_3__fedp/g_red_tree_1__g_add_0__reduce_add/adder/intadd_3345_U19/CO (ADDF_X1M_A9TR)                                    0.03      0.08 *     2.12 f    mo             0.90
  g_blocks_0__tcu_fp/g_i_6__g_j_3__fedp/g_red_tree_1__g_add_0__reduce_add/adder/intadd_3345_n18 (net)                                       1                   0.00       2.12 f                   
  g_blocks_0__tcu_fp/g_i_6__g_j_3__fedp/g_red_tree_1__g_add_0__reduce_add/adder/intadd_3345_U18/CO (ADDF_X1M_A9TR)                                    0.03      0.08 *     2.20 f    mo             0.90
  g_blocks_0__tcu_fp/g_i_6__g_j_3__fedp/g_red_tree_1__g_add_0__reduce_add/adder/intadd_3345_n17 (net)                                       1                   0.00       2.20 f                   
  g_blocks_0__tcu_fp/g_i_6__g_j_3__fedp/g_red_tree_1__g_add_0__reduce_add/adder/intadd_3345_U17/CO (ADDF_X1M_A9TR)                                    0.03      0.08 *     2.29 f    mo             0.90
  g_blocks_0__tcu_fp/g_i_6__g_j_3__fedp/g_red_tree_1__g_add_0__reduce_add/adder/intadd_3345_n16 (net)                                       1                   0.00       2.29 f                   
  g_blocks_0__tcu_fp/g_i_6__g_j_3__fedp/g_red_tree_1__g_add_0__reduce_add/adder/intadd_3345_U16/CO (ADDF_X1M_A9TR)                                    0.03      0.08 *     2.37 f    mo             0.90
  g_blocks_0__tcu_fp/g_i_6__g_j_3__fedp/g_red_tree_1__g_add_0__reduce_add/adder/intadd_3345_n15 (net)                                       1                   0.00       2.37 f                   
  g_blocks_0__tcu_fp/g_i_6__g_j_3__fedp/g_red_tree_1__g_add_0__reduce_add/adder/intadd_3345_U15/CO (ADDF_X1M_A9TR)                                    0.03      0.08 *     2.46 f    mo             0.90
  g_blocks_0__tcu_fp/g_i_6__g_j_3__fedp/g_red_tree_1__g_add_0__reduce_add/adder/intadd_3345_n14 (net)                                       1                   0.00       2.46 f                   
  g_blocks_0__tcu_fp/g_i_6__g_j_3__fedp/g_red_tree_1__g_add_0__reduce_add/adder/intadd_3345_U14/CO (ADDF_X1M_A9TR)                                    0.03      0.08 *     2.54 f    mo             0.90
  g_blocks_0__tcu_fp/g_i_6__g_j_3__fedp/g_red_tree_1__g_add_0__reduce_add/adder/intadd_3345_n13 (net)                                       1                   0.00       2.54 f                   
  g_blocks_0__tcu_fp/g_i_6__g_j_3__fedp/g_red_tree_1__g_add_0__reduce_add/adder/intadd_3345_U13/CO (ADDF_X1M_A9TR)                                    0.03      0.08 *     2.62 f    mo             0.90
  g_blocks_0__tcu_fp/g_i_6__g_j_3__fedp/g_red_tree_1__g_add_0__reduce_add/adder/intadd_3345_n12 (net)                                       1                   0.00       2.62 f                   
  g_blocks_0__tcu_fp/g_i_6__g_j_3__fedp/g_red_tree_1__g_add_0__reduce_add/adder/intadd_3345_U12/CO (ADDF_X1M_A9TR)                                    0.03      0.08 *     2.71 f    mo             0.90
  g_blocks_0__tcu_fp/g_i_6__g_j_3__fedp/g_red_tree_1__g_add_0__reduce_add/adder/intadd_3345_n11 (net)                                       1                   0.00       2.71 f                   
  g_blocks_0__tcu_fp/g_i_6__g_j_3__fedp/g_red_tree_1__g_add_0__reduce_add/adder/intadd_3345_U11/CO (ADDF_X1M_A9TR)                                    0.03      0.08 *     2.79 f    mo             0.90
  g_blocks_0__tcu_fp/g_i_6__g_j_3__fedp/g_red_tree_1__g_add_0__reduce_add/adder/intadd_3345_n10 (net)                                       1                   0.00       2.79 f                   
  g_blocks_0__tcu_fp/g_i_6__g_j_3__fedp/g_red_tree_1__g_add_0__reduce_add/adder/intadd_3345_U10/CO (ADDF_X1M_A9TR)                                    0.03      0.08 *     2.88 f    mo             0.90
  g_blocks_0__tcu_fp/g_i_6__g_j_3__fedp/g_red_tree_1__g_add_0__reduce_add/adder/intadd_3345_n9 (net)                                        1                   0.00       2.88 f                   
  g_blocks_0__tcu_fp/g_i_6__g_j_3__fedp/g_red_tree_1__g_add_0__reduce_add/adder/intadd_3345_U9/CO (ADDF_X1M_A9TR)                                     0.03      0.08 *     2.96 f    mo             0.90
  g_blocks_0__tcu_fp/g_i_6__g_j_3__fedp/g_red_tree_1__g_add_0__reduce_add/adder/intadd_3345_n8 (net)                                        1                   0.00       2.96 f                   
  g_blocks_0__tcu_fp/g_i_6__g_j_3__fedp/g_red_tree_1__g_add_0__reduce_add/adder/intadd_3345_U8/CO (ADDF_X1M_A9TR)                                     0.03      0.08 *     3.04 f    mo             0.90
  g_blocks_0__tcu_fp/g_i_6__g_j_3__fedp/g_red_tree_1__g_add_0__reduce_add/adder/intadd_3345_n7 (net)                                        1                   0.00       3.04 f                   
  g_blocks_0__tcu_fp/g_i_6__g_j_3__fedp/g_red_tree_1__g_add_0__reduce_add/adder/intadd_3345_U7/CO (ADDF_X1M_A9TR)                                     0.03      0.08 *     3.13 f    mo             0.90
  g_blocks_0__tcu_fp/g_i_6__g_j_3__fedp/g_red_tree_1__g_add_0__reduce_add/adder/intadd_3345_n6 (net)                                        1                   0.00       3.13 f                   
  g_blocks_0__tcu_fp/g_i_6__g_j_3__fedp/g_red_tree_1__g_add_0__reduce_add/adder/intadd_3345_U6/CO (ADDF_X1M_A9TR)                                     0.03      0.08 *     3.21 f    mo             0.90
  g_blocks_0__tcu_fp/g_i_6__g_j_3__fedp/g_red_tree_1__g_add_0__reduce_add/adder/intadd_3345_n5 (net)                                        1                   0.00       3.21 f                   
  g_blocks_0__tcu_fp/g_i_6__g_j_3__fedp/g_red_tree_1__g_add_0__reduce_add/adder/intadd_3345_U5/CO (ADDF_X1M_A9TR)                                     0.03      0.08 *     3.30 f    mo             0.90
  g_blocks_0__tcu_fp/g_i_6__g_j_3__fedp/g_red_tree_1__g_add_0__reduce_add/adder/intadd_3345_n4 (net)                                        1                   0.00       3.30 f                   
  g_blocks_0__tcu_fp/g_i_6__g_j_3__fedp/g_red_tree_1__g_add_0__reduce_add/adder/intadd_3345_U4/CO (ADDF_X1M_A9TR)                                     0.03      0.08 *     3.38 f    mo             0.90
  g_blocks_0__tcu_fp/g_i_6__g_j_3__fedp/g_red_tree_1__g_add_0__reduce_add/adder/intadd_3345_n3 (net)                                        1                   0.00       3.38 f                   
  g_blocks_0__tcu_fp/g_i_6__g_j_3__fedp/g_red_tree_1__g_add_0__reduce_add/adder/intadd_3345_U3/CO (ADDF_X1M_A9TR)                                     0.03      0.08 *     3.46 f    mo             0.90
  g_blocks_0__tcu_fp/g_i_6__g_j_3__fedp/g_red_tree_1__g_add_0__reduce_add/adder/intadd_3345_n2 (net)                                        1                   0.00       3.46 f                   
  g_blocks_0__tcu_fp/g_i_6__g_j_3__fedp/g_red_tree_1__g_add_0__reduce_add/adder/intadd_3345_U2/CO (ADDF_X1M_A9TR)                                     0.03      0.08 *     3.55 f    mo             0.90
  g_blocks_0__tcu_fp/g_i_6__g_j_3__fedp/g_red_tree_1__g_add_0__reduce_add/adder/intadd_3345_n1 (net)                                        2                   0.00       3.55 f                   
  g_blocks_0__tcu_fp/g_i_6__g_j_3__fedp/g_red_tree_1__g_add_0__reduce_add/adder/U56/Y (OAI21_X1M_A9TR)                                                0.23      0.11 *     3.65 r                   0.90
  g_blocks_0__tcu_fp/g_i_6__g_j_3__fedp/g_red_tree_1__g_add_0__reduce_add/adder/n1294 (net)                                                12                   0.00       3.65 r                   
  g_blocks_0__tcu_fp/g_i_6__g_j_3__fedp/g_red_tree_1__g_add_0__reduce_add/adder/U431/Y (INV_X0P7M_A9TR)                                               0.19      0.20 *     3.85 f                   0.90
  g_blocks_0__tcu_fp/g_i_6__g_j_3__fedp/g_red_tree_1__g_add_0__reduce_add/adder/n1387 (net)                                                29                   0.00       3.85 f                   
  g_blocks_0__tcu_fp/g_i_6__g_j_3__fedp/g_red_tree_1__g_add_0__reduce_add/adder/U539/Y (NAND3_X0P7M_A9TR)                                             0.07      0.08 *     3.93 r                   0.90
  g_blocks_0__tcu_fp/g_i_6__g_j_3__fedp/g_red_tree_1__g_add_0__reduce_add/adder/n1177 (net)                                                 1                   0.00       3.93 r                   
  g_blocks_0__tcu_fp/g_i_6__g_j_3__fedp/g_red_tree_1__g_add_0__reduce_add/adder/U540/Y (AO21A1AI2_X0P7M_A9TR)                                         0.09      0.06 *     3.99 f                   0.90
  g_blocks_0__tcu_fp/g_i_6__g_j_3__fedp/g_red_tree_1__g_add_0__reduce_add/adder/close_sigSum[23] (net)                                      3                   0.00       3.99 f                   
  g_blocks_0__tcu_fp/g_i_6__g_j_3__fedp/g_red_tree_1__g_add_0__reduce_add/adder/compressBy2_close_sigSum/in[23] (compressBy2_35)                                0.00       3.99 f                   
  g_blocks_0__tcu_fp/g_i_6__g_j_3__fedp/g_red_tree_1__g_add_0__reduce_add/adder/compressBy2_close_sigSum/in[23] (net)                                           0.00       3.99 f                   
  g_blocks_0__tcu_fp/g_i_6__g_j_3__fedp/g_red_tree_1__g_add_0__reduce_add/adder/compressBy2_close_sigSum/U5/Y (OR2_X0P7B_A9TR)                        0.02      0.07 *     4.06 f                   0.90
  g_blocks_0__tcu_fp/g_i_6__g_j_3__fedp/g_red_tree_1__g_add_0__reduce_add/adder/compressBy2_close_sigSum/out[11] (net)                      1                   0.00       4.06 f                   
  g_blocks_0__tcu_fp/g_i_6__g_j_3__fedp/g_red_tree_1__g_add_0__reduce_add/adder/compressBy2_close_sigSum/out[11] (compressBy2_35)                               0.00       4.06 f                   
  g_blocks_0__tcu_fp/g_i_6__g_j_3__fedp/g_red_tree_1__g_add_0__reduce_add/adder/close_reduced2SigSum[11] (net)                                                  0.00       4.06 f                   
  g_blocks_0__tcu_fp/g_i_6__g_j_3__fedp/g_red_tree_1__g_add_0__reduce_add/adder/countLeadingZeros_close/in[11] (countLeadingZeros_35)                           0.00       4.06 f                   
  g_blocks_0__tcu_fp/g_i_6__g_j_3__fedp/g_red_tree_1__g_add_0__reduce_add/adder/countLeadingZeros_close/in[11] (net)                                            0.00       4.06 f                   
  g_blocks_0__tcu_fp/g_i_6__g_j_3__fedp/g_red_tree_1__g_add_0__reduce_add/adder/countLeadingZeros_close/reverse_in/in[11] (reverse_37)                          0.00       4.06 f                   
  g_blocks_0__tcu_fp/g_i_6__g_j_3__fedp/g_red_tree_1__g_add_0__reduce_add/adder/countLeadingZeros_close/reverse_in/in[11] (net)                                 0.00       4.06 f                   
  g_blocks_0__tcu_fp/g_i_6__g_j_3__fedp/g_red_tree_1__g_add_0__reduce_add/adder/countLeadingZeros_close/reverse_in/U3/Y (BUF_X1M_A9TR)                0.02      0.04 *     4.11 f                   0.90
  g_blocks_0__tcu_fp/g_i_6__g_j_3__fedp/g_red_tree_1__g_add_0__reduce_add/adder/countLeadingZeros_close/reverse_in/out[1] (net)             3                   0.00       4.11 f                   
  g_blocks_0__tcu_fp/g_i_6__g_j_3__fedp/g_red_tree_1__g_add_0__reduce_add/adder/countLeadingZeros_close/reverse_in/out[1] (reverse_37)                          0.00       4.11 f                   
  g_blocks_0__tcu_fp/g_i_6__g_j_3__fedp/g_red_tree_1__g_add_0__reduce_add/adder/countLeadingZeros_close/reverseIn[1] (net)                                      0.00       4.11 f                   
  g_blocks_0__tcu_fp/g_i_6__g_j_3__fedp/g_red_tree_1__g_add_0__reduce_add/adder/countLeadingZeros_close/U3/Y (NOR3_X0P7M_A9TR)                        0.09      0.07 *     4.18 r                   0.90
  g_blocks_0__tcu_fp/g_i_6__g_j_3__fedp/g_red_tree_1__g_add_0__reduce_add/adder/countLeadingZeros_close/n49 (net)                           2                   0.00       4.18 r                   
  g_blocks_0__tcu_fp/g_i_6__g_j_3__fedp/g_red_tree_1__g_add_0__reduce_add/adder/countLeadingZeros_close/U4/Y (NOR2XB_X0P7M_A9TR)                      0.05      0.08 *     4.26 r                   0.90
  g_blocks_0__tcu_fp/g_i_6__g_j_3__fedp/g_red_tree_1__g_add_0__reduce_add/adder/countLeadingZeros_close/n64 (net)                           2                   0.00       4.26 r                   
  g_blocks_0__tcu_fp/g_i_6__g_j_3__fedp/g_red_tree_1__g_add_0__reduce_add/adder/countLeadingZeros_close/U5/Y (NOR2XB_X0P7M_A9TR)                      0.07      0.08 *     4.35 r                   0.90
  g_blocks_0__tcu_fp/g_i_6__g_j_3__fedp/g_red_tree_1__g_add_0__reduce_add/adder/countLeadingZeros_close/n59 (net)                           3                   0.00       4.35 r                   
  g_blocks_0__tcu_fp/g_i_6__g_j_3__fedp/g_red_tree_1__g_add_0__reduce_add/adder/countLeadingZeros_close/U6/Y (INV_X0P7M_A9TR)                         0.02      0.03 *     4.37 f                   0.90
  g_blocks_0__tcu_fp/g_i_6__g_j_3__fedp/g_red_tree_1__g_add_0__reduce_add/adder/countLeadingZeros_close/n48 (net)                           1                   0.00       4.37 f                   
  g_blocks_0__tcu_fp/g_i_6__g_j_3__fedp/g_red_tree_1__g_add_0__reduce_add/adder/countLeadingZeros_close/U7/Y (NOR3_X1M_A9TR)                          0.09      0.08 *     4.45 r                   0.90
  g_blocks_0__tcu_fp/g_i_6__g_j_3__fedp/g_red_tree_1__g_add_0__reduce_add/adder/countLeadingZeros_close/n50 (net)                           3                   0.00       4.45 r                   
  g_blocks_0__tcu_fp/g_i_6__g_j_3__fedp/g_red_tree_1__g_add_0__reduce_add/adder/countLeadingZeros_close/U10/Y (NAND2XB_X0P7M_A9TR)                    0.05      0.05 *     4.49 f                   0.90
  g_blocks_0__tcu_fp/g_i_6__g_j_3__fedp/g_red_tree_1__g_add_0__reduce_add/adder/countLeadingZeros_close/n56 (net)                           3                   0.00       4.49 f                   
  g_blocks_0__tcu_fp/g_i_6__g_j_3__fedp/g_red_tree_1__g_add_0__reduce_add/adder/countLeadingZeros_close/U11/Y (NOR3_X0P7M_A9TR)                       0.09      0.08 *     4.57 r                   0.90
  g_blocks_0__tcu_fp/g_i_6__g_j_3__fedp/g_red_tree_1__g_add_0__reduce_add/adder/countLeadingZeros_close/n63 (net)                           2                   0.00       4.57 r                   
  g_blocks_0__tcu_fp/g_i_6__g_j_3__fedp/g_red_tree_1__g_add_0__reduce_add/adder/countLeadingZeros_close/U12/Y (AOI22_X0P5M_A9TR)                      0.06      0.05 *     4.63 f                   0.90
  g_blocks_0__tcu_fp/g_i_6__g_j_3__fedp/g_red_tree_1__g_add_0__reduce_add/adder/countLeadingZeros_close/n51 (net)                           1                   0.00       4.63 f                   
  g_blocks_0__tcu_fp/g_i_6__g_j_3__fedp/g_red_tree_1__g_add_0__reduce_add/adder/countLeadingZeros_close/U14/Y (AND2_X0P7M_A9TR)                       0.02      0.06 *     4.69 f                   0.90
  g_blocks_0__tcu_fp/g_i_6__g_j_3__fedp/g_red_tree_1__g_add_0__reduce_add/adder/countLeadingZeros_close/n61 (net)                           2                   0.00       4.69 f                   
  g_blocks_0__tcu_fp/g_i_6__g_j_3__fedp/g_red_tree_1__g_add_0__reduce_add/adder/countLeadingZeros_close/U23/Y (NAND3XXB_X1M_A9TR)                     0.20      0.11 *     4.81 r                   0.90
  g_blocks_0__tcu_fp/g_i_6__g_j_3__fedp/g_red_tree_1__g_add_0__reduce_add/adder/countLeadingZeros_close/count[0] (net)                     14                   0.00       4.81 r                   
  g_blocks_0__tcu_fp/g_i_6__g_j_3__fedp/g_red_tree_1__g_add_0__reduce_add/adder/countLeadingZeros_close/count[0] (countLeadingZeros_35)                         0.00       4.81 r                   
  g_blocks_0__tcu_fp/g_i_6__g_j_3__fedp/g_red_tree_1__g_add_0__reduce_add/adder/close_normDistReduced2[0] (net)                                                 0.00       4.81 r                   
  g_blocks_0__tcu_fp/g_i_6__g_j_3__fedp/g_red_tree_1__g_add_0__reduce_add/adder/U694/Y (INV_X0P7M_A9TR)                                               0.10      0.11 *     4.92 f                   0.90
  g_blocks_0__tcu_fp/g_i_6__g_j_3__fedp/g_red_tree_1__g_add_0__reduce_add/adder/n1390 (net)                                                12                   0.00       4.92 f                   
  g_blocks_0__tcu_fp/g_i_6__g_j_3__fedp/g_red_tree_1__g_add_0__reduce_add/adder/U120/Y (NOR2_X0P5B_A9TR)                                              0.25      0.18 *     5.10 r                   0.90
  g_blocks_0__tcu_fp/g_i_6__g_j_3__fedp/g_red_tree_1__g_add_0__reduce_add/adder/n1220 (net)                                                14                   0.00       5.10 r                   
  g_blocks_0__tcu_fp/g_i_6__g_j_3__fedp/g_red_tree_1__g_add_0__reduce_add/adder/U170/Y (AOI222_X0P7M_A9TR)                                            0.13      0.12 *     5.22 f                   0.90
  g_blocks_0__tcu_fp/g_i_6__g_j_3__fedp/g_red_tree_1__g_add_0__reduce_add/adder/n1134 (net)                                                 2                   0.00       5.22 f                   
  g_blocks_0__tcu_fp/g_i_6__g_j_3__fedp/g_red_tree_1__g_add_0__reduce_add/adder/U171/Y (AOI22_X0P5M_A9TR)                                             0.10      0.09 *     5.31 r                   0.90
  g_blocks_0__tcu_fp/g_i_6__g_j_3__fedp/g_red_tree_1__g_add_0__reduce_add/adder/n1226 (net)                                                 2                   0.00       5.31 r                   
  g_blocks_0__tcu_fp/g_i_6__g_j_3__fedp/g_red_tree_1__g_add_0__reduce_add/adder/U573/Y (AOI32_X0P5M_A9TR)                                             0.08      0.07 *     5.38 f                   0.90
  g_blocks_0__tcu_fp/g_i_6__g_j_3__fedp/g_red_tree_1__g_add_0__reduce_add/adder/n1285 (net)                                                 2                   0.00       5.38 f                   
  g_blocks_0__tcu_fp/g_i_6__g_j_3__fedp/g_red_tree_1__g_add_0__reduce_add/adder/U622/Y (NAND2_X0P5M_A9TR)                                             0.07      0.07 *     5.45 r                   0.90
  g_blocks_0__tcu_fp/g_i_6__g_j_3__fedp/g_red_tree_1__g_add_0__reduce_add/adder/n1292 (net)                                                 2                   0.00       5.45 r                   
  g_blocks_0__tcu_fp/g_i_6__g_j_3__fedp/g_red_tree_1__g_add_0__reduce_add/adder/U632/Y (OAI221_X0P5M_A9TR)                                            0.07      0.05 *     5.51 f                   0.90
  g_blocks_0__tcu_fp/g_i_6__g_j_3__fedp/g_red_tree_1__g_add_0__reduce_add/adder/n1304 (net)                                                 1                   0.00       5.51 f                   
  g_blocks_0__tcu_fp/g_i_6__g_j_3__fedp/g_red_tree_1__g_add_0__reduce_add/adder/U636/Y (OAI31_X0P7M_A9TR)                                             0.10      0.08 *     5.59 r                   0.90
  g_blocks_0__tcu_fp/g_i_6__g_j_3__fedp/g_red_tree_1__g_add_0__reduce_add/adder/out_sign (net)                                              1                   0.00       5.59 r                   
  g_blocks_0__tcu_fp/g_i_6__g_j_3__fedp/g_red_tree_1__g_add_0__reduce_add/adder/out_sign (addRecFNToRaw_35)                                                     0.00       5.59 r                   
  g_blocks_0__tcu_fp/g_i_6__g_j_3__fedp/g_red_tree_1__g_add_0__reduce_add/s1_sign (net)                                                                         0.00       5.59 r                   
  g_blocks_0__tcu_fp/g_i_6__g_j_3__fedp/g_red_tree_1__g_add_0__reduce_add/pipe_add/data_in[40] (VX_pipe_register_32_35)                                         0.00       5.59 r                   
  g_blocks_0__tcu_fp/g_i_6__g_j_3__fedp/g_red_tree_1__g_add_0__reduce_add/pipe_add/data_in[40] (net)                                                            0.00       5.59 r                   
  g_blocks_0__tcu_fp/g_i_6__g_j_3__fedp/g_red_tree_1__g_add_0__reduce_add/pipe_add/g_shift_register/data_in[40] (VX_shift_register_45_0_2_0_35)                 0.00       5.59 r                   
  g_blocks_0__tcu_fp/g_i_6__g_j_3__fedp/g_red_tree_1__g_add_0__reduce_add/pipe_add/g_shift_register/data_in[40] (net)                                           0.00       5.59 r                   
  g_blocks_0__tcu_fp/g_i_6__g_j_3__fedp/g_red_tree_1__g_add_0__reduce_add/pipe_add/g_shift_register/g_shift_pipe_reg_0__40_/D (DFFQ_X0P5M_A9TR)       0.10      0.00 *     5.59 r                   0.90
  data arrival time                                                                                                                                                        5.59                     

  clock CLK (rise edge)                                                                                                                                         9.90       9.90                     
  clock network delay (ideal)                                                                                                                                   0.00       9.90                     
  g_blocks_0__tcu_fp/g_i_6__g_j_3__fedp/g_red_tree_1__g_add_0__reduce_add/pipe_add/g_shift_register/g_shift_pipe_reg_0__40_/CK (DFFQ_X0P5M_A9TR)                0.00       9.90 r                   
  library setup time                                                                                                                                           -0.06       9.84                     
  data required time                                                                                                                                                       9.84                     
  ---------------------------------------------------------------------------------------------------------------------------------------------------------------------------------------------------------------
  data required time                                                                                                                                                       9.84                     
  data arrival time                                                                                                                                                       -5.59                     
  ---------------------------------------------------------------------------------------------------------------------------------------------------------------------------------------------------------------
  slack (MET)                                                                                                                                                              4.25                     


  Startpoint: g_blocks_0__tcu_fp/g_i_7__g_j_1__fedp/g_red_tree_1__g_add_1__reduce_add/pipe_rnd/g_shift_register/g_shift_pipe_reg_0__28_
              (rising edge-triggered flip-flop clocked by CLK)
  Endpoint: g_blocks_0__tcu_fp/g_i_7__g_j_1__fedp/g_red_tree_2__g_add_0__reduce_add/pipe_add/g_shift_register/g_shift_pipe_reg_0__40_
            (rising edge-triggered flip-flop clocked by CLK)
  Scenario: mode_norm.OC_rvt_ss_0p900v_125c
  Path Group: CLK
  Path Type: max

Attributes:
    d - dont_touch
    u - dont_use
   mo - map_only
   so - size_only
    i - ideal_net or ideal_network
  inf - infeasible path

  Point                                                                                                                                   Fanout     Trans      Incr       Path      Attributes     Voltage
  ---------------------------------------------------------------------------------------------------------------------------------------------------------------------------------------------------------------
  clock CLK (rise edge)                                                                                                                                         0.00       0.00                     
  clock network delay (ideal)                                                                                                                                   0.00       0.00                     
  g_blocks_0__tcu_fp/g_i_7__g_j_1__fedp/g_red_tree_1__g_add_1__reduce_add/pipe_rnd/g_shift_register/g_shift_pipe_reg_0__28_/CK (DFFQ_X0P5M_A9TR)      0.00      0.00       0.00 r                   0.90
  g_blocks_0__tcu_fp/g_i_7__g_j_1__fedp/g_red_tree_1__g_add_1__reduce_add/pipe_rnd/g_shift_register/g_shift_pipe_reg_0__28_/Q (DFFQ_X0P5M_A9TR)       0.02      0.11       0.11 f                   0.90
  g_blocks_0__tcu_fp/g_i_7__g_j_1__fedp/g_red_tree_1__g_add_1__reduce_add/pipe_rnd/g_shift_register/data_out[28] (net)                      1                   0.00       0.11 f                   
  g_blocks_0__tcu_fp/g_i_7__g_j_1__fedp/g_red_tree_1__g_add_1__reduce_add/pipe_rnd/g_shift_register/data_out[28] (VX_shift_register_38_0_1_0_31)                0.00       0.11 f                   
  g_blocks_0__tcu_fp/g_i_7__g_j_1__fedp/g_red_tree_1__g_add_1__reduce_add/pipe_rnd/data_out[28] (net)                                                           0.00       0.11 f                   
  g_blocks_0__tcu_fp/g_i_7__g_j_1__fedp/g_red_tree_1__g_add_1__reduce_add/pipe_rnd/data_out[28] (VX_pipe_register_31_31)                                        0.00       0.11 f                   
  g_blocks_0__tcu_fp/g_i_7__g_j_1__fedp/g_red_tree_1__g_add_1__reduce_add/y[23] (net)                                                                           0.00       0.11 f                   
  g_blocks_0__tcu_fp/g_i_7__g_j_1__fedp/g_red_tree_1__g_add_1__reduce_add/y[23] (VX_tcu_bhf_fadd_16)                                                            0.00       0.11 f                   
  g_blocks_0__tcu_fp/g_i_7__g_j_1__fedp/red_in_2__1__23_ (net)                                                                                                  0.00       0.11 f                   
  g_blocks_0__tcu_fp/g_i_7__g_j_1__fedp/g_red_tree_2__g_add_0__reduce_add/b[23] (VX_tcu_bhf_fadd_15)                                                            0.00       0.11 f                   
  g_blocks_0__tcu_fp/g_i_7__g_j_1__fedp/g_red_tree_2__g_add_0__reduce_add/b[23] (net)                                                                           0.00       0.11 f                   
  g_blocks_0__tcu_fp/g_i_7__g_j_1__fedp/g_red_tree_2__g_add_0__reduce_add/adder/b[23] (addRecFNToRaw_17)                                                        0.00       0.11 f                   
  g_blocks_0__tcu_fp/g_i_7__g_j_1__fedp/g_red_tree_2__g_add_0__reduce_add/adder/b[23] (net)                                                                     0.00       0.11 f                   
  g_blocks_0__tcu_fp/g_i_7__g_j_1__fedp/g_red_tree_2__g_add_0__reduce_add/adder/recFNToRawFN_b/in[23] (recFNToRawFN_1_37)                                       0.00       0.11 f                   
  g_blocks_0__tcu_fp/g_i_7__g_j_1__fedp/g_red_tree_2__g_add_0__reduce_add/adder/recFNToRawFN_b/in[23] (net)                                                     0.00       0.11 f                   
  g_blocks_0__tcu_fp/g_i_7__g_j_1__fedp/g_red_tree_2__g_add_0__reduce_add/adder/recFNToRawFN_b/U2/Y (BUF_X1M_A9TR)                                    0.02      0.04 *     0.16 f                   0.90
  g_blocks_0__tcu_fp/g_i_7__g_j_1__fedp/g_red_tree_2__g_add_0__reduce_add/adder/recFNToRawFN_b/sExp[0] (net)                                3                   0.00       0.16 f                   
  g_blocks_0__tcu_fp/g_i_7__g_j_1__fedp/g_red_tree_2__g_add_0__reduce_add/adder/recFNToRawFN_b/sExp[0] (recFNToRawFN_1_37)                                      0.00       0.16 f                   
  g_blocks_0__tcu_fp/g_i_7__g_j_1__fedp/g_red_tree_2__g_add_0__reduce_add/adder/sExpB[0] (net)                                                                  0.00       0.16 f                   
  g_blocks_0__tcu_fp/g_i_7__g_j_1__fedp/g_red_tree_2__g_add_0__reduce_add/adder/U9/Y (NOR2XB_X0P7M_A9TR)                                              0.05      0.07 *     0.23 f                   0.90
  g_blocks_0__tcu_fp/g_i_7__g_j_1__fedp/g_red_tree_2__g_add_0__reduce_add/adder/n880 (net)                                                  3                   0.00       0.23 f                   
  g_blocks_0__tcu_fp/g_i_7__g_j_1__fedp/g_red_tree_2__g_add_0__reduce_add/adder/U11/CON (CGENI_X1M_A9TR)                                              0.08      0.07 *     0.30 r                   0.90
  g_blocks_0__tcu_fp/g_i_7__g_j_1__fedp/g_red_tree_2__g_add_0__reduce_add/adder/n858 (net)                                                  2                   0.00       0.30 r                   
  g_blocks_0__tcu_fp/g_i_7__g_j_1__fedp/g_red_tree_2__g_add_0__reduce_add/adder/U12/CON (CGENI_X1M_A9TR)                                              0.06      0.06 *     0.36 f                   0.90
  g_blocks_0__tcu_fp/g_i_7__g_j_1__fedp/g_red_tree_2__g_add_0__reduce_add/adder/n859 (net)                                                  2                   0.00       0.36 f                   
  g_blocks_0__tcu_fp/g_i_7__g_j_1__fedp/g_red_tree_2__g_add_0__reduce_add/adder/U34/CON (CGENI_X1M_A9TR)                                              0.06      0.07 *     0.42 r                   0.90
  g_blocks_0__tcu_fp/g_i_7__g_j_1__fedp/g_red_tree_2__g_add_0__reduce_add/adder/n1358 (net)                                                 2                   0.00       0.42 r                   
  g_blocks_0__tcu_fp/g_i_7__g_j_1__fedp/g_red_tree_2__g_add_0__reduce_add/adder/U691/CON (CGENI_X1M_A9TR)                                             0.05      0.05 *     0.47 f                   0.90
  g_blocks_0__tcu_fp/g_i_7__g_j_1__fedp/g_red_tree_2__g_add_0__reduce_add/adder/intadd_3594_CI (net)                                        1                   0.00       0.47 f                   
  g_blocks_0__tcu_fp/g_i_7__g_j_1__fedp/g_red_tree_2__g_add_0__reduce_add/adder/intadd_3594_U5/CO (ADDF_X1M_A9TR)                                     0.03      0.09 *     0.56 f    mo             0.90
  g_blocks_0__tcu_fp/g_i_7__g_j_1__fedp/g_red_tree_2__g_add_0__reduce_add/adder/intadd_3594_n4 (net)                                        1                   0.00       0.56 f                   
  g_blocks_0__tcu_fp/g_i_7__g_j_1__fedp/g_red_tree_2__g_add_0__reduce_add/adder/intadd_3594_U4/CO (ADDF_X1M_A9TR)                                     0.03      0.08 *     0.65 f    mo             0.90
  g_blocks_0__tcu_fp/g_i_7__g_j_1__fedp/g_red_tree_2__g_add_0__reduce_add/adder/intadd_3594_n3 (net)                                        1                   0.00       0.65 f                   
  g_blocks_0__tcu_fp/g_i_7__g_j_1__fedp/g_red_tree_2__g_add_0__reduce_add/adder/intadd_3594_U3/CO (ADDF_X1M_A9TR)                                     0.03      0.08 *     0.73 f    mo             0.90
  g_blocks_0__tcu_fp/g_i_7__g_j_1__fedp/g_red_tree_2__g_add_0__reduce_add/adder/intadd_3594_n2 (net)                                        1                   0.00       0.73 f                   
  g_blocks_0__tcu_fp/g_i_7__g_j_1__fedp/g_red_tree_2__g_add_0__reduce_add/adder/intadd_3594_U2/CO (ADDF_X1M_A9TR)                                     0.23      0.21 *     0.94 f    mo             0.90
  g_blocks_0__tcu_fp/g_i_7__g_j_1__fedp/g_red_tree_2__g_add_0__reduce_add/adder/intadd_3594_n1 (net)                                       66                   0.00       0.94 f                   
  g_blocks_0__tcu_fp/g_i_7__g_j_1__fedp/g_red_tree_2__g_add_0__reduce_add/adder/U100/Y (INV_X0P7M_A9TR)                                               0.27      0.24 *     1.18 r                   0.90
  g_blocks_0__tcu_fp/g_i_7__g_j_1__fedp/g_red_tree_2__g_add_0__reduce_add/adder/n1370 (net)                                                27                   0.00       1.18 r                   
  g_blocks_0__tcu_fp/g_i_7__g_j_1__fedp/g_red_tree_2__g_add_0__reduce_add/adder/U54/Y (NAND2_X0P7B_A9TR)                                              0.22      0.20 *     1.38 f                   0.90
  g_blocks_0__tcu_fp/g_i_7__g_j_1__fedp/g_red_tree_2__g_add_0__reduce_add/adder/n1352 (net)                                                23                   0.00       1.38 f                   
  g_blocks_0__tcu_fp/g_i_7__g_j_1__fedp/g_red_tree_2__g_add_0__reduce_add/adder/U638/Y (OAI22_X0P5M_A9TR)                                             0.12      0.10 *     1.48 r                   0.90
  g_blocks_0__tcu_fp/g_i_7__g_j_1__fedp/g_red_tree_2__g_add_0__reduce_add/adder/n1308 (net)                                                 1                   0.00       1.48 r                   
  g_blocks_0__tcu_fp/g_i_7__g_j_1__fedp/g_red_tree_2__g_add_0__reduce_add/adder/U639/Y (AOI21_X0P7M_A9TR)                                             0.11      0.07 *     1.55 f                   0.90
  g_blocks_0__tcu_fp/g_i_7__g_j_1__fedp/g_red_tree_2__g_add_0__reduce_add/adder/intadd_3593_B_0_ (net)                                      1                   0.00       1.55 f                   
  g_blocks_0__tcu_fp/g_i_7__g_j_1__fedp/g_red_tree_2__g_add_0__reduce_add/adder/intadd_3593_U24/CO (ADDF_X1M_A9TR)                                    0.03      0.12 *     1.67 f    mo             0.90
  g_blocks_0__tcu_fp/g_i_7__g_j_1__fedp/g_red_tree_2__g_add_0__reduce_add/adder/intadd_3593_n23 (net)                                       1                   0.00       1.67 f                   
  g_blocks_0__tcu_fp/g_i_7__g_j_1__fedp/g_red_tree_2__g_add_0__reduce_add/adder/intadd_3593_U23/CO (ADDF_X1M_A9TR)                                    0.03      0.08 *     1.76 f    mo             0.90
  g_blocks_0__tcu_fp/g_i_7__g_j_1__fedp/g_red_tree_2__g_add_0__reduce_add/adder/intadd_3593_n22 (net)                                       1                   0.00       1.76 f                   
  g_blocks_0__tcu_fp/g_i_7__g_j_1__fedp/g_red_tree_2__g_add_0__reduce_add/adder/intadd_3593_U22/CO (ADDF_X1M_A9TR)                                    0.03      0.08 *     1.84 f    mo             0.90
  g_blocks_0__tcu_fp/g_i_7__g_j_1__fedp/g_red_tree_2__g_add_0__reduce_add/adder/intadd_3593_n21 (net)                                       1                   0.00       1.84 f                   
  g_blocks_0__tcu_fp/g_i_7__g_j_1__fedp/g_red_tree_2__g_add_0__reduce_add/adder/intadd_3593_U21/CO (ADDF_X1M_A9TR)                                    0.03      0.09 *     1.93 f    mo             0.90
  g_blocks_0__tcu_fp/g_i_7__g_j_1__fedp/g_red_tree_2__g_add_0__reduce_add/adder/intadd_3593_n20 (net)                                       1                   0.00       1.93 f                   
  g_blocks_0__tcu_fp/g_i_7__g_j_1__fedp/g_red_tree_2__g_add_0__reduce_add/adder/intadd_3593_U20/CO (ADDF_X1M_A9TR)                                    0.03      0.08 *     2.01 f    mo             0.90
  g_blocks_0__tcu_fp/g_i_7__g_j_1__fedp/g_red_tree_2__g_add_0__reduce_add/adder/intadd_3593_n19 (net)                                       1                   0.00       2.01 f                   
  g_blocks_0__tcu_fp/g_i_7__g_j_1__fedp/g_red_tree_2__g_add_0__reduce_add/adder/intadd_3593_U19/CO (ADDF_X1M_A9TR)                                    0.03      0.08 *     2.10 f    mo             0.90
  g_blocks_0__tcu_fp/g_i_7__g_j_1__fedp/g_red_tree_2__g_add_0__reduce_add/adder/intadd_3593_n18 (net)                                       1                   0.00       2.10 f                   
  g_blocks_0__tcu_fp/g_i_7__g_j_1__fedp/g_red_tree_2__g_add_0__reduce_add/adder/intadd_3593_U18/CO (ADDF_X1M_A9TR)                                    0.03      0.08 *     2.18 f    mo             0.90
  g_blocks_0__tcu_fp/g_i_7__g_j_1__fedp/g_red_tree_2__g_add_0__reduce_add/adder/intadd_3593_n17 (net)                                       1                   0.00       2.18 f                   
  g_blocks_0__tcu_fp/g_i_7__g_j_1__fedp/g_red_tree_2__g_add_0__reduce_add/adder/intadd_3593_U17/CO (ADDF_X1M_A9TR)                                    0.03      0.08 *     2.27 f    mo             0.90
  g_blocks_0__tcu_fp/g_i_7__g_j_1__fedp/g_red_tree_2__g_add_0__reduce_add/adder/intadd_3593_n16 (net)                                       1                   0.00       2.27 f                   
  g_blocks_0__tcu_fp/g_i_7__g_j_1__fedp/g_red_tree_2__g_add_0__reduce_add/adder/intadd_3593_U16/CO (ADDF_X1M_A9TR)                                    0.03      0.08 *     2.35 f    mo             0.90
  g_blocks_0__tcu_fp/g_i_7__g_j_1__fedp/g_red_tree_2__g_add_0__reduce_add/adder/intadd_3593_n15 (net)                                       1                   0.00       2.35 f                   
  g_blocks_0__tcu_fp/g_i_7__g_j_1__fedp/g_red_tree_2__g_add_0__reduce_add/adder/intadd_3593_U15/CO (ADDF_X1M_A9TR)                                    0.03      0.08 *     2.43 f    mo             0.90
  g_blocks_0__tcu_fp/g_i_7__g_j_1__fedp/g_red_tree_2__g_add_0__reduce_add/adder/intadd_3593_n14 (net)                                       1                   0.00       2.43 f                   
  g_blocks_0__tcu_fp/g_i_7__g_j_1__fedp/g_red_tree_2__g_add_0__reduce_add/adder/intadd_3593_U14/CO (ADDF_X1M_A9TR)                                    0.03      0.08 *     2.52 f    mo             0.90
  g_blocks_0__tcu_fp/g_i_7__g_j_1__fedp/g_red_tree_2__g_add_0__reduce_add/adder/intadd_3593_n13 (net)                                       1                   0.00       2.52 f                   
  g_blocks_0__tcu_fp/g_i_7__g_j_1__fedp/g_red_tree_2__g_add_0__reduce_add/adder/intadd_3593_U13/CO (ADDF_X1M_A9TR)                                    0.03      0.08 *     2.60 f    mo             0.90
  g_blocks_0__tcu_fp/g_i_7__g_j_1__fedp/g_red_tree_2__g_add_0__reduce_add/adder/intadd_3593_n12 (net)                                       1                   0.00       2.60 f                   
  g_blocks_0__tcu_fp/g_i_7__g_j_1__fedp/g_red_tree_2__g_add_0__reduce_add/adder/intadd_3593_U12/CO (ADDF_X1M_A9TR)                                    0.03      0.08 *     2.68 f    mo             0.90
  g_blocks_0__tcu_fp/g_i_7__g_j_1__fedp/g_red_tree_2__g_add_0__reduce_add/adder/intadd_3593_n11 (net)                                       1                   0.00       2.68 f                   
  g_blocks_0__tcu_fp/g_i_7__g_j_1__fedp/g_red_tree_2__g_add_0__reduce_add/adder/intadd_3593_U11/CO (ADDF_X1M_A9TR)                                    0.03      0.08 *     2.77 f    mo             0.90
  g_blocks_0__tcu_fp/g_i_7__g_j_1__fedp/g_red_tree_2__g_add_0__reduce_add/adder/intadd_3593_n10 (net)                                       1                   0.00       2.77 f                   
  g_blocks_0__tcu_fp/g_i_7__g_j_1__fedp/g_red_tree_2__g_add_0__reduce_add/adder/intadd_3593_U10/CO (ADDF_X1M_A9TR)                                    0.03      0.08 *     2.85 f    mo             0.90
  g_blocks_0__tcu_fp/g_i_7__g_j_1__fedp/g_red_tree_2__g_add_0__reduce_add/adder/intadd_3593_n9 (net)                                        1                   0.00       2.85 f                   
  g_blocks_0__tcu_fp/g_i_7__g_j_1__fedp/g_red_tree_2__g_add_0__reduce_add/adder/intadd_3593_U9/CO (ADDF_X1M_A9TR)                                     0.03      0.08 *     2.94 f    mo             0.90
  g_blocks_0__tcu_fp/g_i_7__g_j_1__fedp/g_red_tree_2__g_add_0__reduce_add/adder/intadd_3593_n8 (net)                                        1                   0.00       2.94 f                   
  g_blocks_0__tcu_fp/g_i_7__g_j_1__fedp/g_red_tree_2__g_add_0__reduce_add/adder/intadd_3593_U8/CO (ADDF_X1M_A9TR)                                     0.03      0.08 *     3.02 f    mo             0.90
  g_blocks_0__tcu_fp/g_i_7__g_j_1__fedp/g_red_tree_2__g_add_0__reduce_add/adder/intadd_3593_n7 (net)                                        1                   0.00       3.02 f                   
  g_blocks_0__tcu_fp/g_i_7__g_j_1__fedp/g_red_tree_2__g_add_0__reduce_add/adder/intadd_3593_U7/CO (ADDF_X1M_A9TR)                                     0.03      0.08 *     3.11 f    mo             0.90
  g_blocks_0__tcu_fp/g_i_7__g_j_1__fedp/g_red_tree_2__g_add_0__reduce_add/adder/intadd_3593_n6 (net)                                        1                   0.00       3.11 f                   
  g_blocks_0__tcu_fp/g_i_7__g_j_1__fedp/g_red_tree_2__g_add_0__reduce_add/adder/intadd_3593_U6/CO (ADDF_X1M_A9TR)                                     0.03      0.08 *     3.19 f    mo             0.90
  g_blocks_0__tcu_fp/g_i_7__g_j_1__fedp/g_red_tree_2__g_add_0__reduce_add/adder/intadd_3593_n5 (net)                                        1                   0.00       3.19 f                   
  g_blocks_0__tcu_fp/g_i_7__g_j_1__fedp/g_red_tree_2__g_add_0__reduce_add/adder/intadd_3593_U5/CO (ADDF_X1M_A9TR)                                     0.03      0.08 *     3.27 f    mo             0.90
  g_blocks_0__tcu_fp/g_i_7__g_j_1__fedp/g_red_tree_2__g_add_0__reduce_add/adder/intadd_3593_n4 (net)                                        1                   0.00       3.27 f                   
  g_blocks_0__tcu_fp/g_i_7__g_j_1__fedp/g_red_tree_2__g_add_0__reduce_add/adder/intadd_3593_U4/CO (ADDF_X1M_A9TR)                                     0.03      0.08 *     3.36 f    mo             0.90
  g_blocks_0__tcu_fp/g_i_7__g_j_1__fedp/g_red_tree_2__g_add_0__reduce_add/adder/intadd_3593_n3 (net)                                        1                   0.00       3.36 f                   
  g_blocks_0__tcu_fp/g_i_7__g_j_1__fedp/g_red_tree_2__g_add_0__reduce_add/adder/intadd_3593_U3/CO (ADDF_X1M_A9TR)                                     0.03      0.08 *     3.44 f    mo             0.90
  g_blocks_0__tcu_fp/g_i_7__g_j_1__fedp/g_red_tree_2__g_add_0__reduce_add/adder/intadd_3593_n2 (net)                                        1                   0.00       3.44 f                   
  g_blocks_0__tcu_fp/g_i_7__g_j_1__fedp/g_red_tree_2__g_add_0__reduce_add/adder/intadd_3593_U2/CO (ADDF_X1M_A9TR)                                     0.03      0.08 *     3.52 f    mo             0.90
  g_blocks_0__tcu_fp/g_i_7__g_j_1__fedp/g_red_tree_2__g_add_0__reduce_add/adder/intadd_3593_n1 (net)                                        2                   0.00       3.52 f                   
  g_blocks_0__tcu_fp/g_i_7__g_j_1__fedp/g_red_tree_2__g_add_0__reduce_add/adder/U56/Y (OAI21_X1M_A9TR)                                                0.24      0.11 *     3.63 r                   0.90
  g_blocks_0__tcu_fp/g_i_7__g_j_1__fedp/g_red_tree_2__g_add_0__reduce_add/adder/n1294 (net)                                                12                   0.00       3.63 r                   
  g_blocks_0__tcu_fp/g_i_7__g_j_1__fedp/g_red_tree_2__g_add_0__reduce_add/adder/U255/Y (INV_X0P7M_A9TR)                                               0.19      0.20 *     3.83 f                   0.90
  g_blocks_0__tcu_fp/g_i_7__g_j_1__fedp/g_red_tree_2__g_add_0__reduce_add/adder/n1385 (net)                                                29                   0.00       3.83 f                   
  g_blocks_0__tcu_fp/g_i_7__g_j_1__fedp/g_red_tree_2__g_add_0__reduce_add/adder/U545/Y (NAND3_X0P7M_A9TR)                                             0.07      0.08 *     3.91 r                   0.90
  g_blocks_0__tcu_fp/g_i_7__g_j_1__fedp/g_red_tree_2__g_add_0__reduce_add/adder/n1185 (net)                                                 1                   0.00       3.91 r                   
  g_blocks_0__tcu_fp/g_i_7__g_j_1__fedp/g_red_tree_2__g_add_0__reduce_add/adder/U546/Y (AO21A1AI2_X0P7M_A9TR)                                         0.09      0.07 *     3.97 f                   0.90
  g_blocks_0__tcu_fp/g_i_7__g_j_1__fedp/g_red_tree_2__g_add_0__reduce_add/adder/close_sigSum[23] (net)                                      3                   0.00       3.97 f                   
  g_blocks_0__tcu_fp/g_i_7__g_j_1__fedp/g_red_tree_2__g_add_0__reduce_add/adder/compressBy2_close_sigSum/in[23] (compressBy2_17)                                0.00       3.97 f                   
  g_blocks_0__tcu_fp/g_i_7__g_j_1__fedp/g_red_tree_2__g_add_0__reduce_add/adder/compressBy2_close_sigSum/in[23] (net)                                           0.00       3.97 f                   
  g_blocks_0__tcu_fp/g_i_7__g_j_1__fedp/g_red_tree_2__g_add_0__reduce_add/adder/compressBy2_close_sigSum/U5/Y (OR2_X0P7B_A9TR)                        0.03      0.07 *     4.05 f                   0.90
  g_blocks_0__tcu_fp/g_i_7__g_j_1__fedp/g_red_tree_2__g_add_0__reduce_add/adder/compressBy2_close_sigSum/out[11] (net)                      1                   0.00       4.05 f                   
  g_blocks_0__tcu_fp/g_i_7__g_j_1__fedp/g_red_tree_2__g_add_0__reduce_add/adder/compressBy2_close_sigSum/out[11] (compressBy2_17)                               0.00       4.05 f                   
  g_blocks_0__tcu_fp/g_i_7__g_j_1__fedp/g_red_tree_2__g_add_0__reduce_add/adder/close_reduced2SigSum[11] (net)                                                  0.00       4.05 f                   
  g_blocks_0__tcu_fp/g_i_7__g_j_1__fedp/g_red_tree_2__g_add_0__reduce_add/adder/countLeadingZeros_close/in[11] (countLeadingZeros_17)                           0.00       4.05 f                   
  g_blocks_0__tcu_fp/g_i_7__g_j_1__fedp/g_red_tree_2__g_add_0__reduce_add/adder/countLeadingZeros_close/in[11] (net)                                            0.00       4.05 f                   
  g_blocks_0__tcu_fp/g_i_7__g_j_1__fedp/g_red_tree_2__g_add_0__reduce_add/adder/countLeadingZeros_close/reverse_in/in[11] (reverse_19)                          0.00       4.05 f                   
  g_blocks_0__tcu_fp/g_i_7__g_j_1__fedp/g_red_tree_2__g_add_0__reduce_add/adder/countLeadingZeros_close/reverse_in/in[11] (net)                                 0.00       4.05 f                   
  g_blocks_0__tcu_fp/g_i_7__g_j_1__fedp/g_red_tree_2__g_add_0__reduce_add/adder/countLeadingZeros_close/reverse_in/U3/Y (BUF_X1M_A9TR)                0.02      0.05 *     4.09 f                   0.90
  g_blocks_0__tcu_fp/g_i_7__g_j_1__fedp/g_red_tree_2__g_add_0__reduce_add/adder/countLeadingZeros_close/reverse_in/out[1] (net)             3                   0.00       4.09 f                   
  g_blocks_0__tcu_fp/g_i_7__g_j_1__fedp/g_red_tree_2__g_add_0__reduce_add/adder/countLeadingZeros_close/reverse_in/out[1] (reverse_19)                          0.00       4.09 f                   
  g_blocks_0__tcu_fp/g_i_7__g_j_1__fedp/g_red_tree_2__g_add_0__reduce_add/adder/countLeadingZeros_close/reverseIn[1] (net)                                      0.00       4.09 f                   
  g_blocks_0__tcu_fp/g_i_7__g_j_1__fedp/g_red_tree_2__g_add_0__reduce_add/adder/countLeadingZeros_close/U3/Y (NOR3_X0P7M_A9TR)                        0.09      0.07 *     4.17 r                   0.90
  g_blocks_0__tcu_fp/g_i_7__g_j_1__fedp/g_red_tree_2__g_add_0__reduce_add/adder/countLeadingZeros_close/n49 (net)                           2                   0.00       4.17 r                   
  g_blocks_0__tcu_fp/g_i_7__g_j_1__fedp/g_red_tree_2__g_add_0__reduce_add/adder/countLeadingZeros_close/U4/Y (NOR2XB_X0P7M_A9TR)                      0.06      0.08 *     4.25 r                   0.90
  g_blocks_0__tcu_fp/g_i_7__g_j_1__fedp/g_red_tree_2__g_add_0__reduce_add/adder/countLeadingZeros_close/n64 (net)                           2                   0.00       4.25 r                   
  g_blocks_0__tcu_fp/g_i_7__g_j_1__fedp/g_red_tree_2__g_add_0__reduce_add/adder/countLeadingZeros_close/U5/Y (NOR2XB_X0P7M_A9TR)                      0.07      0.08 *     4.33 r                   0.90
  g_blocks_0__tcu_fp/g_i_7__g_j_1__fedp/g_red_tree_2__g_add_0__reduce_add/adder/countLeadingZeros_close/n59 (net)                           3                   0.00       4.33 r                   
  g_blocks_0__tcu_fp/g_i_7__g_j_1__fedp/g_red_tree_2__g_add_0__reduce_add/adder/countLeadingZeros_close/U6/Y (INV_X0P7M_A9TR)                         0.02      0.03 *     4.36 f                   0.90
  g_blocks_0__tcu_fp/g_i_7__g_j_1__fedp/g_red_tree_2__g_add_0__reduce_add/adder/countLeadingZeros_close/n48 (net)                           1                   0.00       4.36 f                   
  g_blocks_0__tcu_fp/g_i_7__g_j_1__fedp/g_red_tree_2__g_add_0__reduce_add/adder/countLeadingZeros_close/U7/Y (NOR3_X1M_A9TR)                          0.09      0.07 *     4.43 r                   0.90
  g_blocks_0__tcu_fp/g_i_7__g_j_1__fedp/g_red_tree_2__g_add_0__reduce_add/adder/countLeadingZeros_close/n50 (net)                           3                   0.00       4.43 r                   
  g_blocks_0__tcu_fp/g_i_7__g_j_1__fedp/g_red_tree_2__g_add_0__reduce_add/adder/countLeadingZeros_close/U10/Y (NAND2XB_X0P7M_A9TR)                    0.05      0.05 *     4.48 f                   0.90
  g_blocks_0__tcu_fp/g_i_7__g_j_1__fedp/g_red_tree_2__g_add_0__reduce_add/adder/countLeadingZeros_close/n56 (net)                           3                   0.00       4.48 f                   
  g_blocks_0__tcu_fp/g_i_7__g_j_1__fedp/g_red_tree_2__g_add_0__reduce_add/adder/countLeadingZeros_close/U11/Y (NOR3_X0P7M_A9TR)                       0.09      0.08 *     4.56 r                   0.90
  g_blocks_0__tcu_fp/g_i_7__g_j_1__fedp/g_red_tree_2__g_add_0__reduce_add/adder/countLeadingZeros_close/n63 (net)                           2                   0.00       4.56 r                   
  g_blocks_0__tcu_fp/g_i_7__g_j_1__fedp/g_red_tree_2__g_add_0__reduce_add/adder/countLeadingZeros_close/U12/Y (AOI22_X0P5M_A9TR)                      0.06      0.05 *     4.61 f                   0.90
  g_blocks_0__tcu_fp/g_i_7__g_j_1__fedp/g_red_tree_2__g_add_0__reduce_add/adder/countLeadingZeros_close/n51 (net)                           1                   0.00       4.61 f                   
  g_blocks_0__tcu_fp/g_i_7__g_j_1__fedp/g_red_tree_2__g_add_0__reduce_add/adder/countLeadingZeros_close/U14/Y (AND2_X0P7M_A9TR)                       0.03      0.07 *     4.68 f                   0.90
  g_blocks_0__tcu_fp/g_i_7__g_j_1__fedp/g_red_tree_2__g_add_0__reduce_add/adder/countLeadingZeros_close/n61 (net)                           2                   0.00       4.68 f                   
  g_blocks_0__tcu_fp/g_i_7__g_j_1__fedp/g_red_tree_2__g_add_0__reduce_add/adder/countLeadingZeros_close/U23/Y (NAND3XXB_X1M_A9TR)                     0.20      0.12 *     4.79 r                   0.90
  g_blocks_0__tcu_fp/g_i_7__g_j_1__fedp/g_red_tree_2__g_add_0__reduce_add/adder/countLeadingZeros_close/count[0] (net)                     14                   0.00       4.79 r                   
  g_blocks_0__tcu_fp/g_i_7__g_j_1__fedp/g_red_tree_2__g_add_0__reduce_add/adder/countLeadingZeros_close/count[0] (countLeadingZeros_17)                         0.00       4.79 r                   
  g_blocks_0__tcu_fp/g_i_7__g_j_1__fedp/g_red_tree_2__g_add_0__reduce_add/adder/close_normDistReduced2[0] (net)                                                 0.00       4.79 r                   
  g_blocks_0__tcu_fp/g_i_7__g_j_1__fedp/g_red_tree_2__g_add_0__reduce_add/adder/U640/Y (INV_X0P7M_A9TR)                                               0.10      0.11 *     4.90 f                   0.90
  g_blocks_0__tcu_fp/g_i_7__g_j_1__fedp/g_red_tree_2__g_add_0__reduce_add/adder/n1388 (net)                                                12                   0.00       4.90 f                   
  g_blocks_0__tcu_fp/g_i_7__g_j_1__fedp/g_red_tree_2__g_add_0__reduce_add/adder/U120/Y (NOR2_X0P5B_A9TR)                                              0.25      0.18 *     5.09 r                   0.90
  g_blocks_0__tcu_fp/g_i_7__g_j_1__fedp/g_red_tree_2__g_add_0__reduce_add/adder/n1220 (net)                                                14                   0.00       5.09 r                   
  g_blocks_0__tcu_fp/g_i_7__g_j_1__fedp/g_red_tree_2__g_add_0__reduce_add/adder/U170/Y (AOI222_X0P7M_A9TR)                                            0.12      0.12 *     5.20 f                   0.90
  g_blocks_0__tcu_fp/g_i_7__g_j_1__fedp/g_red_tree_2__g_add_0__reduce_add/adder/n1134 (net)                                                 2                   0.00       5.20 f                   
  g_blocks_0__tcu_fp/g_i_7__g_j_1__fedp/g_red_tree_2__g_add_0__reduce_add/adder/U171/Y (AOI22_X0P5M_A9TR)                                             0.11      0.10 *     5.30 r                   0.90
  g_blocks_0__tcu_fp/g_i_7__g_j_1__fedp/g_red_tree_2__g_add_0__reduce_add/adder/n1226 (net)                                                 2                   0.00       5.30 r                   
  g_blocks_0__tcu_fp/g_i_7__g_j_1__fedp/g_red_tree_2__g_add_0__reduce_add/adder/U573/Y (AOI32_X0P5M_A9TR)                                             0.08      0.07 *     5.37 f                   0.90
  g_blocks_0__tcu_fp/g_i_7__g_j_1__fedp/g_red_tree_2__g_add_0__reduce_add/adder/n1285 (net)                                                 2                   0.00       5.37 f                   
  g_blocks_0__tcu_fp/g_i_7__g_j_1__fedp/g_red_tree_2__g_add_0__reduce_add/adder/U622/Y (NAND2_X0P5M_A9TR)                                             0.07      0.07 *     5.44 r                   0.90
  g_blocks_0__tcu_fp/g_i_7__g_j_1__fedp/g_red_tree_2__g_add_0__reduce_add/adder/n1292 (net)                                                 2                   0.00       5.44 r                   
  g_blocks_0__tcu_fp/g_i_7__g_j_1__fedp/g_red_tree_2__g_add_0__reduce_add/adder/U632/Y (OAI221_X0P5M_A9TR)                                            0.08      0.06 *     5.50 f                   0.90
  g_blocks_0__tcu_fp/g_i_7__g_j_1__fedp/g_red_tree_2__g_add_0__reduce_add/adder/n1304 (net)                                                 1                   0.00       5.50 f                   
  g_blocks_0__tcu_fp/g_i_7__g_j_1__fedp/g_red_tree_2__g_add_0__reduce_add/adder/U636/Y (OAI31_X0P7M_A9TR)                                             0.10      0.08 *     5.58 r                   0.90
  g_blocks_0__tcu_fp/g_i_7__g_j_1__fedp/g_red_tree_2__g_add_0__reduce_add/adder/out_sign (net)                                              1                   0.00       5.58 r                   
  g_blocks_0__tcu_fp/g_i_7__g_j_1__fedp/g_red_tree_2__g_add_0__reduce_add/adder/out_sign (addRecFNToRaw_17)                                                     0.00       5.58 r                   
  g_blocks_0__tcu_fp/g_i_7__g_j_1__fedp/g_red_tree_2__g_add_0__reduce_add/s1_sign (net)                                                                         0.00       5.58 r                   
  g_blocks_0__tcu_fp/g_i_7__g_j_1__fedp/g_red_tree_2__g_add_0__reduce_add/pipe_add/data_in[40] (VX_pipe_register_32_17)                                         0.00       5.58 r                   
  g_blocks_0__tcu_fp/g_i_7__g_j_1__fedp/g_red_tree_2__g_add_0__reduce_add/pipe_add/data_in[40] (net)                                                            0.00       5.58 r                   
  g_blocks_0__tcu_fp/g_i_7__g_j_1__fedp/g_red_tree_2__g_add_0__reduce_add/pipe_add/g_shift_register/data_in[40] (VX_shift_register_45_0_2_0_17)                 0.00       5.58 r                   
  g_blocks_0__tcu_fp/g_i_7__g_j_1__fedp/g_red_tree_2__g_add_0__reduce_add/pipe_add/g_shift_register/data_in[40] (net)                                           0.00       5.58 r                   
  g_blocks_0__tcu_fp/g_i_7__g_j_1__fedp/g_red_tree_2__g_add_0__reduce_add/pipe_add/g_shift_register/g_shift_pipe_reg_0__40_/D (DFFQ_X0P5M_A9TR)       0.10      0.00 *     5.58 r                   0.90
  data arrival time                                                                                                                                                        5.58                     

  clock CLK (rise edge)                                                                                                                                         9.90       9.90                     
  clock network delay (ideal)                                                                                                                                   0.00       9.90                     
  g_blocks_0__tcu_fp/g_i_7__g_j_1__fedp/g_red_tree_2__g_add_0__reduce_add/pipe_add/g_shift_register/g_shift_pipe_reg_0__40_/CK (DFFQ_X0P5M_A9TR)                0.00       9.90 r                   
  library setup time                                                                                                                                           -0.06       9.84                     
  data required time                                                                                                                                                       9.84                     
  ---------------------------------------------------------------------------------------------------------------------------------------------------------------------------------------------------------------
  data required time                                                                                                                                                       9.84                     
  data arrival time                                                                                                                                                       -5.58                     
  ---------------------------------------------------------------------------------------------------------------------------------------------------------------------------------------------------------------
  slack (MET)                                                                                                                                                              4.26                     


  Startpoint: g_blocks_0__tcu_fp/g_i_6__g_j_2__fedp/g_red_tree_1__g_add_1__reduce_add/pipe_rnd/g_shift_register/g_shift_pipe_reg_0__28_
              (rising edge-triggered flip-flop clocked by CLK)
  Endpoint: g_blocks_0__tcu_fp/g_i_6__g_j_2__fedp/g_red_tree_2__g_add_0__reduce_add/pipe_add/g_shift_register/g_shift_pipe_reg_0__40_
            (rising edge-triggered flip-flop clocked by CLK)
  Scenario: mode_norm.OC_rvt_ss_0p900v_125c
  Path Group: CLK
  Path Type: max

Attributes:
    d - dont_touch
    u - dont_use
   mo - map_only
   so - size_only
    i - ideal_net or ideal_network
  inf - infeasible path

  Point                                                                                                                                   Fanout     Trans      Incr       Path      Attributes     Voltage
  ---------------------------------------------------------------------------------------------------------------------------------------------------------------------------------------------------------------
  clock CLK (rise edge)                                                                                                                                         0.00       0.00                     
  clock network delay (ideal)                                                                                                                                   0.00       0.00                     
  g_blocks_0__tcu_fp/g_i_6__g_j_2__fedp/g_red_tree_1__g_add_1__reduce_add/pipe_rnd/g_shift_register/g_shift_pipe_reg_0__28_/CK (DFFQ_X0P5M_A9TR)      0.00      0.00       0.00 r                   0.90
  g_blocks_0__tcu_fp/g_i_6__g_j_2__fedp/g_red_tree_1__g_add_1__reduce_add/pipe_rnd/g_shift_register/g_shift_pipe_reg_0__28_/Q (DFFQ_X0P5M_A9TR)       0.02      0.12       0.12 f                   0.90
  g_blocks_0__tcu_fp/g_i_6__g_j_2__fedp/g_red_tree_1__g_add_1__reduce_add/pipe_rnd/g_shift_register/data_out[28] (net)                      1                   0.00       0.12 f                   
  g_blocks_0__tcu_fp/g_i_6__g_j_2__fedp/g_red_tree_1__g_add_1__reduce_add/pipe_rnd/g_shift_register/data_out[28] (VX_shift_register_38_0_1_0_76)                0.00       0.12 f                   
  g_blocks_0__tcu_fp/g_i_6__g_j_2__fedp/g_red_tree_1__g_add_1__reduce_add/pipe_rnd/data_out[28] (net)                                                           0.00       0.12 f                   
  g_blocks_0__tcu_fp/g_i_6__g_j_2__fedp/g_red_tree_1__g_add_1__reduce_add/pipe_rnd/data_out[28] (VX_pipe_register_31_76)                                        0.00       0.12 f                   
  g_blocks_0__tcu_fp/g_i_6__g_j_2__fedp/g_red_tree_1__g_add_1__reduce_add/y[23] (net)                                                                           0.00       0.12 f                   
  g_blocks_0__tcu_fp/g_i_6__g_j_2__fedp/g_red_tree_1__g_add_1__reduce_add/y[23] (VX_tcu_bhf_fadd_37)                                                            0.00       0.12 f                   
  g_blocks_0__tcu_fp/g_i_6__g_j_2__fedp/red_in_2__1__23_ (net)                                                                                                  0.00       0.12 f                   
  g_blocks_0__tcu_fp/g_i_6__g_j_2__fedp/g_red_tree_2__g_add_0__reduce_add/b[23] (VX_tcu_bhf_fadd_36)                                                            0.00       0.12 f                   
  g_blocks_0__tcu_fp/g_i_6__g_j_2__fedp/g_red_tree_2__g_add_0__reduce_add/b[23] (net)                                                                           0.00       0.12 f                   
  g_blocks_0__tcu_fp/g_i_6__g_j_2__fedp/g_red_tree_2__g_add_0__reduce_add/adder/b[23] (addRecFNToRaw_41)                                                        0.00       0.12 f                   
  g_blocks_0__tcu_fp/g_i_6__g_j_2__fedp/g_red_tree_2__g_add_0__reduce_add/adder/b[23] (net)                                                                     0.00       0.12 f                   
  g_blocks_0__tcu_fp/g_i_6__g_j_2__fedp/g_red_tree_2__g_add_0__reduce_add/adder/recFNToRawFN_b/in[23] (recFNToRawFN_1_88)                                       0.00       0.12 f                   
  g_blocks_0__tcu_fp/g_i_6__g_j_2__fedp/g_red_tree_2__g_add_0__reduce_add/adder/recFNToRawFN_b/in[23] (net)                                                     0.00       0.12 f                   
  g_blocks_0__tcu_fp/g_i_6__g_j_2__fedp/g_red_tree_2__g_add_0__reduce_add/adder/recFNToRawFN_b/U2/Y (BUF_X1M_A9TR)                                    0.02      0.04 *     0.16 f                   0.90
  g_blocks_0__tcu_fp/g_i_6__g_j_2__fedp/g_red_tree_2__g_add_0__reduce_add/adder/recFNToRawFN_b/sExp[0] (net)                                3                   0.00       0.16 f                   
  g_blocks_0__tcu_fp/g_i_6__g_j_2__fedp/g_red_tree_2__g_add_0__reduce_add/adder/recFNToRawFN_b/sExp[0] (recFNToRawFN_1_88)                                      0.00       0.16 f                   
  g_blocks_0__tcu_fp/g_i_6__g_j_2__fedp/g_red_tree_2__g_add_0__reduce_add/adder/sExpB[0] (net)                                                                  0.00       0.16 f                   
  g_blocks_0__tcu_fp/g_i_6__g_j_2__fedp/g_red_tree_2__g_add_0__reduce_add/adder/U9/Y (NOR2XB_X0P7M_A9TR)                                              0.06      0.07 *     0.23 f                   0.90
  g_blocks_0__tcu_fp/g_i_6__g_j_2__fedp/g_red_tree_2__g_add_0__reduce_add/adder/n880 (net)                                                  3                   0.00       0.23 f                   
  g_blocks_0__tcu_fp/g_i_6__g_j_2__fedp/g_red_tree_2__g_add_0__reduce_add/adder/U11/CON (CGENI_X1M_A9TR)                                              0.08      0.08 *     0.31 r                   0.90
  g_blocks_0__tcu_fp/g_i_6__g_j_2__fedp/g_red_tree_2__g_add_0__reduce_add/adder/n858 (net)                                                  2                   0.00       0.31 r                   
  g_blocks_0__tcu_fp/g_i_6__g_j_2__fedp/g_red_tree_2__g_add_0__reduce_add/adder/U12/CON (CGENI_X1M_A9TR)                                              0.06      0.06 *     0.37 f                   0.90
  g_blocks_0__tcu_fp/g_i_6__g_j_2__fedp/g_red_tree_2__g_add_0__reduce_add/adder/n859 (net)                                                  2                   0.00       0.37 f                   
  g_blocks_0__tcu_fp/g_i_6__g_j_2__fedp/g_red_tree_2__g_add_0__reduce_add/adder/U34/CON (CGENI_X1M_A9TR)                                              0.07      0.07 *     0.44 r                   0.90
  g_blocks_0__tcu_fp/g_i_6__g_j_2__fedp/g_red_tree_2__g_add_0__reduce_add/adder/n1358 (net)                                                 2                   0.00       0.44 r                   
  g_blocks_0__tcu_fp/g_i_6__g_j_2__fedp/g_red_tree_2__g_add_0__reduce_add/adder/U691/CON (CGENI_X1M_A9TR)                                             0.05      0.05 *     0.49 f                   0.90
  g_blocks_0__tcu_fp/g_i_6__g_j_2__fedp/g_red_tree_2__g_add_0__reduce_add/adder/intadd_3234_CI (net)                                        1                   0.00       0.49 f                   
  g_blocks_0__tcu_fp/g_i_6__g_j_2__fedp/g_red_tree_2__g_add_0__reduce_add/adder/intadd_3234_U5/CO (ADDF_X1M_A9TR)                                     0.04      0.09 *     0.58 f    mo             0.90
  g_blocks_0__tcu_fp/g_i_6__g_j_2__fedp/g_red_tree_2__g_add_0__reduce_add/adder/intadd_3234_n4 (net)                                        1                   0.00       0.58 f                   
  g_blocks_0__tcu_fp/g_i_6__g_j_2__fedp/g_red_tree_2__g_add_0__reduce_add/adder/intadd_3234_U4/CO (ADDF_X1M_A9TR)                                     0.03      0.09 *     0.67 f    mo             0.90
  g_blocks_0__tcu_fp/g_i_6__g_j_2__fedp/g_red_tree_2__g_add_0__reduce_add/adder/intadd_3234_n3 (net)                                        1                   0.00       0.67 f                   
  g_blocks_0__tcu_fp/g_i_6__g_j_2__fedp/g_red_tree_2__g_add_0__reduce_add/adder/intadd_3234_U3/CO (ADDF_X1M_A9TR)                                     0.03      0.08 *     0.75 f    mo             0.90
  g_blocks_0__tcu_fp/g_i_6__g_j_2__fedp/g_red_tree_2__g_add_0__reduce_add/adder/intadd_3234_n2 (net)                                        1                   0.00       0.75 f                   
  g_blocks_0__tcu_fp/g_i_6__g_j_2__fedp/g_red_tree_2__g_add_0__reduce_add/adder/intadd_3234_U2/CO (ADDF_X1M_A9TR)                                     0.23      0.22 *     0.97 f    mo             0.90
  g_blocks_0__tcu_fp/g_i_6__g_j_2__fedp/g_red_tree_2__g_add_0__reduce_add/adder/intadd_3234_n1 (net)                                       67                   0.00       0.97 f                   
  g_blocks_0__tcu_fp/g_i_6__g_j_2__fedp/g_red_tree_2__g_add_0__reduce_add/adder/U100/Y (INV_X0P7M_A9TR)                                               0.23      0.22 *     1.19 r                   0.90
  g_blocks_0__tcu_fp/g_i_6__g_j_2__fedp/g_red_tree_2__g_add_0__reduce_add/adder/n1370 (net)                                                21                   0.00       1.19 r                   
  g_blocks_0__tcu_fp/g_i_6__g_j_2__fedp/g_red_tree_2__g_add_0__reduce_add/adder/U54/Y (NAND2_X0P7B_A9TR)                                              0.22      0.20 *     1.39 f                   0.90
  g_blocks_0__tcu_fp/g_i_6__g_j_2__fedp/g_red_tree_2__g_add_0__reduce_add/adder/n1352 (net)                                                23                   0.00       1.39 f                   
  g_blocks_0__tcu_fp/g_i_6__g_j_2__fedp/g_red_tree_2__g_add_0__reduce_add/adder/U638/Y (OAI22_X0P5M_A9TR)                                             0.11      0.10 *     1.48 r                   0.90
  g_blocks_0__tcu_fp/g_i_6__g_j_2__fedp/g_red_tree_2__g_add_0__reduce_add/adder/n1308 (net)                                                 1                   0.00       1.48 r                   
  g_blocks_0__tcu_fp/g_i_6__g_j_2__fedp/g_red_tree_2__g_add_0__reduce_add/adder/U639/Y (AOI21_X0P7M_A9TR)                                             0.11      0.07 *     1.56 f                   0.90
  g_blocks_0__tcu_fp/g_i_6__g_j_2__fedp/g_red_tree_2__g_add_0__reduce_add/adder/intadd_3233_B_0_ (net)                                      1                   0.00       1.56 f                   
  g_blocks_0__tcu_fp/g_i_6__g_j_2__fedp/g_red_tree_2__g_add_0__reduce_add/adder/intadd_3233_U24/CO (ADDF_X1M_A9TR)                                    0.03      0.12 *     1.68 f    mo             0.90
  g_blocks_0__tcu_fp/g_i_6__g_j_2__fedp/g_red_tree_2__g_add_0__reduce_add/adder/intadd_3233_n23 (net)                                       1                   0.00       1.68 f                   
  g_blocks_0__tcu_fp/g_i_6__g_j_2__fedp/g_red_tree_2__g_add_0__reduce_add/adder/intadd_3233_U23/CO (ADDF_X1M_A9TR)                                    0.03      0.08 *     1.76 f    mo             0.90
  g_blocks_0__tcu_fp/g_i_6__g_j_2__fedp/g_red_tree_2__g_add_0__reduce_add/adder/intadd_3233_n22 (net)                                       1                   0.00       1.76 f                   
  g_blocks_0__tcu_fp/g_i_6__g_j_2__fedp/g_red_tree_2__g_add_0__reduce_add/adder/intadd_3233_U22/CO (ADDF_X1M_A9TR)                                    0.03      0.08 *     1.84 f    mo             0.90
  g_blocks_0__tcu_fp/g_i_6__g_j_2__fedp/g_red_tree_2__g_add_0__reduce_add/adder/intadd_3233_n21 (net)                                       1                   0.00       1.84 f                   
  g_blocks_0__tcu_fp/g_i_6__g_j_2__fedp/g_red_tree_2__g_add_0__reduce_add/adder/intadd_3233_U21/CO (ADDF_X1M_A9TR)                                    0.03      0.08 *     1.93 f    mo             0.90
  g_blocks_0__tcu_fp/g_i_6__g_j_2__fedp/g_red_tree_2__g_add_0__reduce_add/adder/intadd_3233_n20 (net)                                       1                   0.00       1.93 f                   
  g_blocks_0__tcu_fp/g_i_6__g_j_2__fedp/g_red_tree_2__g_add_0__reduce_add/adder/intadd_3233_U20/CO (ADDF_X1M_A9TR)                                    0.03      0.08 *     2.01 f    mo             0.90
  g_blocks_0__tcu_fp/g_i_6__g_j_2__fedp/g_red_tree_2__g_add_0__reduce_add/adder/intadd_3233_n19 (net)                                       1                   0.00       2.01 f                   
  g_blocks_0__tcu_fp/g_i_6__g_j_2__fedp/g_red_tree_2__g_add_0__reduce_add/adder/intadd_3233_U19/CO (ADDF_X1M_A9TR)                                    0.03      0.08 *     2.10 f    mo             0.90
  g_blocks_0__tcu_fp/g_i_6__g_j_2__fedp/g_red_tree_2__g_add_0__reduce_add/adder/intadd_3233_n18 (net)                                       1                   0.00       2.10 f                   
  g_blocks_0__tcu_fp/g_i_6__g_j_2__fedp/g_red_tree_2__g_add_0__reduce_add/adder/intadd_3233_U18/CO (ADDF_X1M_A9TR)                                    0.03      0.08 *     2.18 f    mo             0.90
  g_blocks_0__tcu_fp/g_i_6__g_j_2__fedp/g_red_tree_2__g_add_0__reduce_add/adder/intadd_3233_n17 (net)                                       1                   0.00       2.18 f                   
  g_blocks_0__tcu_fp/g_i_6__g_j_2__fedp/g_red_tree_2__g_add_0__reduce_add/adder/intadd_3233_U17/CO (ADDF_X1M_A9TR)                                    0.03      0.08 *     2.27 f    mo             0.90
  g_blocks_0__tcu_fp/g_i_6__g_j_2__fedp/g_red_tree_2__g_add_0__reduce_add/adder/intadd_3233_n16 (net)                                       1                   0.00       2.27 f                   
  g_blocks_0__tcu_fp/g_i_6__g_j_2__fedp/g_red_tree_2__g_add_0__reduce_add/adder/intadd_3233_U16/CO (ADDF_X1M_A9TR)                                    0.03      0.08 *     2.35 f    mo             0.90
  g_blocks_0__tcu_fp/g_i_6__g_j_2__fedp/g_red_tree_2__g_add_0__reduce_add/adder/intadd_3233_n15 (net)                                       1                   0.00       2.35 f                   
  g_blocks_0__tcu_fp/g_i_6__g_j_2__fedp/g_red_tree_2__g_add_0__reduce_add/adder/intadd_3233_U15/CO (ADDF_X1M_A9TR)                                    0.03      0.09 *     2.44 f    mo             0.90
  g_blocks_0__tcu_fp/g_i_6__g_j_2__fedp/g_red_tree_2__g_add_0__reduce_add/adder/intadd_3233_n14 (net)                                       1                   0.00       2.44 f                   
  g_blocks_0__tcu_fp/g_i_6__g_j_2__fedp/g_red_tree_2__g_add_0__reduce_add/adder/intadd_3233_U14/CO (ADDF_X1M_A9TR)                                    0.03      0.08 *     2.52 f    mo             0.90
  g_blocks_0__tcu_fp/g_i_6__g_j_2__fedp/g_red_tree_2__g_add_0__reduce_add/adder/intadd_3233_n13 (net)                                       1                   0.00       2.52 f                   
  g_blocks_0__tcu_fp/g_i_6__g_j_2__fedp/g_red_tree_2__g_add_0__reduce_add/adder/intadd_3233_U13/CO (ADDF_X1M_A9TR)                                    0.03      0.08 *     2.61 f    mo             0.90
  g_blocks_0__tcu_fp/g_i_6__g_j_2__fedp/g_red_tree_2__g_add_0__reduce_add/adder/intadd_3233_n12 (net)                                       1                   0.00       2.61 f                   
  g_blocks_0__tcu_fp/g_i_6__g_j_2__fedp/g_red_tree_2__g_add_0__reduce_add/adder/intadd_3233_U12/CO (ADDF_X1M_A9TR)                                    0.03      0.08 *     2.69 f    mo             0.90
  g_blocks_0__tcu_fp/g_i_6__g_j_2__fedp/g_red_tree_2__g_add_0__reduce_add/adder/intadd_3233_n11 (net)                                       1                   0.00       2.69 f                   
  g_blocks_0__tcu_fp/g_i_6__g_j_2__fedp/g_red_tree_2__g_add_0__reduce_add/adder/intadd_3233_U11/CO (ADDF_X1M_A9TR)                                    0.03      0.08 *     2.77 f    mo             0.90
  g_blocks_0__tcu_fp/g_i_6__g_j_2__fedp/g_red_tree_2__g_add_0__reduce_add/adder/intadd_3233_n10 (net)                                       1                   0.00       2.77 f                   
  g_blocks_0__tcu_fp/g_i_6__g_j_2__fedp/g_red_tree_2__g_add_0__reduce_add/adder/intadd_3233_U10/CO (ADDF_X1M_A9TR)                                    0.03      0.08 *     2.86 f    mo             0.90
  g_blocks_0__tcu_fp/g_i_6__g_j_2__fedp/g_red_tree_2__g_add_0__reduce_add/adder/intadd_3233_n9 (net)                                        1                   0.00       2.86 f                   
  g_blocks_0__tcu_fp/g_i_6__g_j_2__fedp/g_red_tree_2__g_add_0__reduce_add/adder/intadd_3233_U9/CO (ADDF_X1M_A9TR)                                     0.03      0.08 *     2.94 f    mo             0.90
  g_blocks_0__tcu_fp/g_i_6__g_j_2__fedp/g_red_tree_2__g_add_0__reduce_add/adder/intadd_3233_n8 (net)                                        1                   0.00       2.94 f                   
  g_blocks_0__tcu_fp/g_i_6__g_j_2__fedp/g_red_tree_2__g_add_0__reduce_add/adder/intadd_3233_U8/CO (ADDF_X1M_A9TR)                                     0.03      0.08 *     3.03 f    mo             0.90
  g_blocks_0__tcu_fp/g_i_6__g_j_2__fedp/g_red_tree_2__g_add_0__reduce_add/adder/intadd_3233_n7 (net)                                        1                   0.00       3.03 f                   
  g_blocks_0__tcu_fp/g_i_6__g_j_2__fedp/g_red_tree_2__g_add_0__reduce_add/adder/intadd_3233_U7/CO (ADDF_X1M_A9TR)                                     0.03      0.08 *     3.11 f    mo             0.90
  g_blocks_0__tcu_fp/g_i_6__g_j_2__fedp/g_red_tree_2__g_add_0__reduce_add/adder/intadd_3233_n6 (net)                                        1                   0.00       3.11 f                   
  g_blocks_0__tcu_fp/g_i_6__g_j_2__fedp/g_red_tree_2__g_add_0__reduce_add/adder/intadd_3233_U6/CO (ADDF_X1M_A9TR)                                     0.03      0.08 *     3.20 f    mo             0.90
  g_blocks_0__tcu_fp/g_i_6__g_j_2__fedp/g_red_tree_2__g_add_0__reduce_add/adder/intadd_3233_n5 (net)                                        1                   0.00       3.20 f                   
  g_blocks_0__tcu_fp/g_i_6__g_j_2__fedp/g_red_tree_2__g_add_0__reduce_add/adder/intadd_3233_U5/CO (ADDF_X1M_A9TR)                                     0.03      0.08 *     3.28 f    mo             0.90
  g_blocks_0__tcu_fp/g_i_6__g_j_2__fedp/g_red_tree_2__g_add_0__reduce_add/adder/intadd_3233_n4 (net)                                        1                   0.00       3.28 f                   
  g_blocks_0__tcu_fp/g_i_6__g_j_2__fedp/g_red_tree_2__g_add_0__reduce_add/adder/intadd_3233_U4/CO (ADDF_X1M_A9TR)                                     0.03      0.08 *     3.37 f    mo             0.90
  g_blocks_0__tcu_fp/g_i_6__g_j_2__fedp/g_red_tree_2__g_add_0__reduce_add/adder/intadd_3233_n3 (net)                                        1                   0.00       3.37 f                   
  g_blocks_0__tcu_fp/g_i_6__g_j_2__fedp/g_red_tree_2__g_add_0__reduce_add/adder/intadd_3233_U3/CO (ADDF_X1M_A9TR)                                     0.03      0.08 *     3.45 f    mo             0.90
  g_blocks_0__tcu_fp/g_i_6__g_j_2__fedp/g_red_tree_2__g_add_0__reduce_add/adder/intadd_3233_n2 (net)                                        1                   0.00       3.45 f                   
  g_blocks_0__tcu_fp/g_i_6__g_j_2__fedp/g_red_tree_2__g_add_0__reduce_add/adder/intadd_3233_U2/CO (ADDF_X1M_A9TR)                                     0.03      0.08 *     3.53 f    mo             0.90
  g_blocks_0__tcu_fp/g_i_6__g_j_2__fedp/g_red_tree_2__g_add_0__reduce_add/adder/intadd_3233_n1 (net)                                        2                   0.00       3.53 f                   
  g_blocks_0__tcu_fp/g_i_6__g_j_2__fedp/g_red_tree_2__g_add_0__reduce_add/adder/U56/Y (OAI21_X1M_A9TR)                                                0.23      0.11 *     3.64 r                   0.90
  g_blocks_0__tcu_fp/g_i_6__g_j_2__fedp/g_red_tree_2__g_add_0__reduce_add/adder/n1294 (net)                                                12                   0.00       3.64 r                   
  g_blocks_0__tcu_fp/g_i_6__g_j_2__fedp/g_red_tree_2__g_add_0__reduce_add/adder/U431/Y (INV_X0P7M_A9TR)                                               0.20      0.20 *     3.84 f                   0.90
  g_blocks_0__tcu_fp/g_i_6__g_j_2__fedp/g_red_tree_2__g_add_0__reduce_add/adder/n1387 (net)                                                29                   0.00       3.84 f                   
  g_blocks_0__tcu_fp/g_i_6__g_j_2__fedp/g_red_tree_2__g_add_0__reduce_add/adder/U539/Y (NAND3_X0P7M_A9TR)                                             0.08      0.08 *     3.92 r                   0.90
  g_blocks_0__tcu_fp/g_i_6__g_j_2__fedp/g_red_tree_2__g_add_0__reduce_add/adder/n1177 (net)                                                 1                   0.00       3.92 r                   
  g_blocks_0__tcu_fp/g_i_6__g_j_2__fedp/g_red_tree_2__g_add_0__reduce_add/adder/U540/Y (AO21A1AI2_X0P7M_A9TR)                                         0.09      0.07 *     3.98 f                   0.90
  g_blocks_0__tcu_fp/g_i_6__g_j_2__fedp/g_red_tree_2__g_add_0__reduce_add/adder/close_sigSum[23] (net)                                      3                   0.00       3.98 f                   
  g_blocks_0__tcu_fp/g_i_6__g_j_2__fedp/g_red_tree_2__g_add_0__reduce_add/adder/compressBy2_close_sigSum/in[23] (compressBy2_41)                                0.00       3.98 f                   
  g_blocks_0__tcu_fp/g_i_6__g_j_2__fedp/g_red_tree_2__g_add_0__reduce_add/adder/compressBy2_close_sigSum/in[23] (net)                                           0.00       3.98 f                   
  g_blocks_0__tcu_fp/g_i_6__g_j_2__fedp/g_red_tree_2__g_add_0__reduce_add/adder/compressBy2_close_sigSum/U5/Y (OR2_X0P7B_A9TR)                        0.03      0.07 *     4.05 f                   0.90
  g_blocks_0__tcu_fp/g_i_6__g_j_2__fedp/g_red_tree_2__g_add_0__reduce_add/adder/compressBy2_close_sigSum/out[11] (net)                      1                   0.00       4.05 f                   
  g_blocks_0__tcu_fp/g_i_6__g_j_2__fedp/g_red_tree_2__g_add_0__reduce_add/adder/compressBy2_close_sigSum/out[11] (compressBy2_41)                               0.00       4.05 f                   
  g_blocks_0__tcu_fp/g_i_6__g_j_2__fedp/g_red_tree_2__g_add_0__reduce_add/adder/close_reduced2SigSum[11] (net)                                                  0.00       4.05 f                   
  g_blocks_0__tcu_fp/g_i_6__g_j_2__fedp/g_red_tree_2__g_add_0__reduce_add/adder/countLeadingZeros_close/in[11] (countLeadingZeros_41)                           0.00       4.05 f                   
  g_blocks_0__tcu_fp/g_i_6__g_j_2__fedp/g_red_tree_2__g_add_0__reduce_add/adder/countLeadingZeros_close/in[11] (net)                                            0.00       4.05 f                   
  g_blocks_0__tcu_fp/g_i_6__g_j_2__fedp/g_red_tree_2__g_add_0__reduce_add/adder/countLeadingZeros_close/reverse_in/in[11] (reverse_43)                          0.00       4.05 f                   
  g_blocks_0__tcu_fp/g_i_6__g_j_2__fedp/g_red_tree_2__g_add_0__reduce_add/adder/countLeadingZeros_close/reverse_in/in[11] (net)                                 0.00       4.05 f                   
  g_blocks_0__tcu_fp/g_i_6__g_j_2__fedp/g_red_tree_2__g_add_0__reduce_add/adder/countLeadingZeros_close/reverse_in/U2/Y (BUF_X1M_A9TR)                0.02      0.05 *     4.10 f                   0.90
  g_blocks_0__tcu_fp/g_i_6__g_j_2__fedp/g_red_tree_2__g_add_0__reduce_add/adder/countLeadingZeros_close/reverse_in/out[1] (net)             3                   0.00       4.10 f                   
  g_blocks_0__tcu_fp/g_i_6__g_j_2__fedp/g_red_tree_2__g_add_0__reduce_add/adder/countLeadingZeros_close/reverse_in/out[1] (reverse_43)                          0.00       4.10 f                   
  g_blocks_0__tcu_fp/g_i_6__g_j_2__fedp/g_red_tree_2__g_add_0__reduce_add/adder/countLeadingZeros_close/reverseIn[1] (net)                                      0.00       4.10 f                   
  g_blocks_0__tcu_fp/g_i_6__g_j_2__fedp/g_red_tree_2__g_add_0__reduce_add/adder/countLeadingZeros_close/U3/Y (NOR3_X0P7M_A9TR)                        0.09      0.07 *     4.17 r                   0.90
  g_blocks_0__tcu_fp/g_i_6__g_j_2__fedp/g_red_tree_2__g_add_0__reduce_add/adder/countLeadingZeros_close/n49 (net)                           2                   0.00       4.17 r                   
  g_blocks_0__tcu_fp/g_i_6__g_j_2__fedp/g_red_tree_2__g_add_0__reduce_add/adder/countLeadingZeros_close/U4/Y (NOR2XB_X0P7M_A9TR)                      0.05      0.08 *     4.26 r                   0.90
  g_blocks_0__tcu_fp/g_i_6__g_j_2__fedp/g_red_tree_2__g_add_0__reduce_add/adder/countLeadingZeros_close/n64 (net)                           2                   0.00       4.26 r                   
  g_blocks_0__tcu_fp/g_i_6__g_j_2__fedp/g_red_tree_2__g_add_0__reduce_add/adder/countLeadingZeros_close/U5/Y (NOR2XB_X0P7M_A9TR)                      0.07      0.08 *     4.34 r                   0.90
  g_blocks_0__tcu_fp/g_i_6__g_j_2__fedp/g_red_tree_2__g_add_0__reduce_add/adder/countLeadingZeros_close/n59 (net)                           3                   0.00       4.34 r                   
  g_blocks_0__tcu_fp/g_i_6__g_j_2__fedp/g_red_tree_2__g_add_0__reduce_add/adder/countLeadingZeros_close/U6/Y (INV_X0P7M_A9TR)                         0.02      0.03 *     4.36 f                   0.90
  g_blocks_0__tcu_fp/g_i_6__g_j_2__fedp/g_red_tree_2__g_add_0__reduce_add/adder/countLeadingZeros_close/n48 (net)                           1                   0.00       4.36 f                   
  g_blocks_0__tcu_fp/g_i_6__g_j_2__fedp/g_red_tree_2__g_add_0__reduce_add/adder/countLeadingZeros_close/U7/Y (NOR3_X1M_A9TR)                          0.09      0.07 *     4.44 r                   0.90
  g_blocks_0__tcu_fp/g_i_6__g_j_2__fedp/g_red_tree_2__g_add_0__reduce_add/adder/countLeadingZeros_close/n50 (net)                           3                   0.00       4.44 r                   
  g_blocks_0__tcu_fp/g_i_6__g_j_2__fedp/g_red_tree_2__g_add_0__reduce_add/adder/countLeadingZeros_close/U10/Y (NAND2XB_X0P7M_A9TR)                    0.05      0.05 *     4.48 f                   0.90
  g_blocks_0__tcu_fp/g_i_6__g_j_2__fedp/g_red_tree_2__g_add_0__reduce_add/adder/countLeadingZeros_close/n56 (net)                           3                   0.00       4.48 f                   
  g_blocks_0__tcu_fp/g_i_6__g_j_2__fedp/g_red_tree_2__g_add_0__reduce_add/adder/countLeadingZeros_close/U11/Y (NOR3_X0P7M_A9TR)                       0.09      0.08 *     4.57 r                   0.90
  g_blocks_0__tcu_fp/g_i_6__g_j_2__fedp/g_red_tree_2__g_add_0__reduce_add/adder/countLeadingZeros_close/n63 (net)                           2                   0.00       4.57 r                   
  g_blocks_0__tcu_fp/g_i_6__g_j_2__fedp/g_red_tree_2__g_add_0__reduce_add/adder/countLeadingZeros_close/U12/Y (AOI22_X0P5M_A9TR)                      0.05      0.05 *     4.62 f                   0.90
  g_blocks_0__tcu_fp/g_i_6__g_j_2__fedp/g_red_tree_2__g_add_0__reduce_add/adder/countLeadingZeros_close/n51 (net)                           1                   0.00       4.62 f                   
  g_blocks_0__tcu_fp/g_i_6__g_j_2__fedp/g_red_tree_2__g_add_0__reduce_add/adder/countLeadingZeros_close/U14/Y (AND2_X0P7M_A9TR)                       0.02      0.06 *     4.68 f                   0.90
  g_blocks_0__tcu_fp/g_i_6__g_j_2__fedp/g_red_tree_2__g_add_0__reduce_add/adder/countLeadingZeros_close/n61 (net)                           2                   0.00       4.68 f                   
  g_blocks_0__tcu_fp/g_i_6__g_j_2__fedp/g_red_tree_2__g_add_0__reduce_add/adder/countLeadingZeros_close/U23/Y (NAND3XXB_X1M_A9TR)                     0.20      0.11 *     4.79 r                   0.90
  g_blocks_0__tcu_fp/g_i_6__g_j_2__fedp/g_red_tree_2__g_add_0__reduce_add/adder/countLeadingZeros_close/count[0] (net)                     14                   0.00       4.79 r                   
  g_blocks_0__tcu_fp/g_i_6__g_j_2__fedp/g_red_tree_2__g_add_0__reduce_add/adder/countLeadingZeros_close/count[0] (countLeadingZeros_41)                         0.00       4.79 r                   
  g_blocks_0__tcu_fp/g_i_6__g_j_2__fedp/g_red_tree_2__g_add_0__reduce_add/adder/close_normDistReduced2[0] (net)                                                 0.00       4.79 r                   
  g_blocks_0__tcu_fp/g_i_6__g_j_2__fedp/g_red_tree_2__g_add_0__reduce_add/adder/U694/Y (INV_X0P7M_A9TR)                                               0.10      0.11 *     4.90 f                   0.90
  g_blocks_0__tcu_fp/g_i_6__g_j_2__fedp/g_red_tree_2__g_add_0__reduce_add/adder/n1390 (net)                                                12                   0.00       4.90 f                   
  g_blocks_0__tcu_fp/g_i_6__g_j_2__fedp/g_red_tree_2__g_add_0__reduce_add/adder/U120/Y (NOR2_X0P5B_A9TR)                                              0.24      0.17 *     5.08 r                   0.90
  g_blocks_0__tcu_fp/g_i_6__g_j_2__fedp/g_red_tree_2__g_add_0__reduce_add/adder/n1220 (net)                                                14                   0.00       5.08 r                   
  g_blocks_0__tcu_fp/g_i_6__g_j_2__fedp/g_red_tree_2__g_add_0__reduce_add/adder/U170/Y (AOI222_X0P7M_A9TR)                                            0.12      0.11 *     5.19 f                   0.90
  g_blocks_0__tcu_fp/g_i_6__g_j_2__fedp/g_red_tree_2__g_add_0__reduce_add/adder/n1128 (net)                                                 2                   0.00       5.19 f                   
  g_blocks_0__tcu_fp/g_i_6__g_j_2__fedp/g_red_tree_2__g_add_0__reduce_add/adder/U171/Y (AOI22_X0P5M_A9TR)                                             0.10      0.09 *     5.28 r                   0.90
  g_blocks_0__tcu_fp/g_i_6__g_j_2__fedp/g_red_tree_2__g_add_0__reduce_add/adder/n1226 (net)                                                 2                   0.00       5.28 r                   
  g_blocks_0__tcu_fp/g_i_6__g_j_2__fedp/g_red_tree_2__g_add_0__reduce_add/adder/U573/Y (AOI32_X0P5M_A9TR)                                             0.07      0.07 *     5.35 f                   0.90
  g_blocks_0__tcu_fp/g_i_6__g_j_2__fedp/g_red_tree_2__g_add_0__reduce_add/adder/n1285 (net)                                                 2                   0.00       5.35 f                   
  g_blocks_0__tcu_fp/g_i_6__g_j_2__fedp/g_red_tree_2__g_add_0__reduce_add/adder/U622/Y (NAND2_X0P5M_A9TR)                                             0.09      0.08 *     5.43 r                   0.90
  g_blocks_0__tcu_fp/g_i_6__g_j_2__fedp/g_red_tree_2__g_add_0__reduce_add/adder/n1292 (net)                                                 2                   0.00       5.43 r                   
  g_blocks_0__tcu_fp/g_i_6__g_j_2__fedp/g_red_tree_2__g_add_0__reduce_add/adder/U632/Y (OAI221_X0P5M_A9TR)                                            0.07      0.06 *     5.48 f                   0.90
  g_blocks_0__tcu_fp/g_i_6__g_j_2__fedp/g_red_tree_2__g_add_0__reduce_add/adder/n1304 (net)                                                 1                   0.00       5.48 f                   
  g_blocks_0__tcu_fp/g_i_6__g_j_2__fedp/g_red_tree_2__g_add_0__reduce_add/adder/U636/Y (OAI31_X0P7M_A9TR)                                             0.11      0.08 *     5.57 r                   0.90
  g_blocks_0__tcu_fp/g_i_6__g_j_2__fedp/g_red_tree_2__g_add_0__reduce_add/adder/out_sign (net)                                              1                   0.00       5.57 r                   
  g_blocks_0__tcu_fp/g_i_6__g_j_2__fedp/g_red_tree_2__g_add_0__reduce_add/adder/out_sign (addRecFNToRaw_41)                                                     0.00       5.57 r                   
  g_blocks_0__tcu_fp/g_i_6__g_j_2__fedp/g_red_tree_2__g_add_0__reduce_add/s1_sign (net)                                                                         0.00       5.57 r                   
  g_blocks_0__tcu_fp/g_i_6__g_j_2__fedp/g_red_tree_2__g_add_0__reduce_add/pipe_add/data_in[40] (VX_pipe_register_32_41)                                         0.00       5.57 r                   
  g_blocks_0__tcu_fp/g_i_6__g_j_2__fedp/g_red_tree_2__g_add_0__reduce_add/pipe_add/data_in[40] (net)                                                            0.00       5.57 r                   
  g_blocks_0__tcu_fp/g_i_6__g_j_2__fedp/g_red_tree_2__g_add_0__reduce_add/pipe_add/g_shift_register/data_in[40] (VX_shift_register_45_0_2_0_41)                 0.00       5.57 r                   
  g_blocks_0__tcu_fp/g_i_6__g_j_2__fedp/g_red_tree_2__g_add_0__reduce_add/pipe_add/g_shift_register/data_in[40] (net)                                           0.00       5.57 r                   
  g_blocks_0__tcu_fp/g_i_6__g_j_2__fedp/g_red_tree_2__g_add_0__reduce_add/pipe_add/g_shift_register/g_shift_pipe_reg_0__40_/D (DFFQ_X0P5M_A9TR)       0.11      0.00 *     5.57 r                   0.90
  data arrival time                                                                                                                                                        5.57                     

  clock CLK (rise edge)                                                                                                                                         9.90       9.90                     
  clock network delay (ideal)                                                                                                                                   0.00       9.90                     
  g_blocks_0__tcu_fp/g_i_6__g_j_2__fedp/g_red_tree_2__g_add_0__reduce_add/pipe_add/g_shift_register/g_shift_pipe_reg_0__40_/CK (DFFQ_X0P5M_A9TR)                0.00       9.90 r                   
  library setup time                                                                                                                                           -0.06       9.84                     
  data required time                                                                                                                                                       9.84                     
  ---------------------------------------------------------------------------------------------------------------------------------------------------------------------------------------------------------------
  data required time                                                                                                                                                       9.84                     
  data arrival time                                                                                                                                                       -5.57                     
  ---------------------------------------------------------------------------------------------------------------------------------------------------------------------------------------------------------------
  slack (MET)                                                                                                                                                              4.27                     


  Startpoint: g_blocks_0__tcu_fp/g_i_1__g_j_1__fedp/g_red_tree_0__g_add_3__reduce_add/pipe_rnd/g_shift_register/g_shift_pipe_reg_0__28_
              (rising edge-triggered flip-flop clocked by CLK)
  Endpoint: g_blocks_0__tcu_fp/g_i_1__g_j_1__fedp/g_red_tree_1__g_add_1__reduce_add/pipe_add/g_shift_register/g_shift_pipe_reg_0__40_
            (rising edge-triggered flip-flop clocked by CLK)
  Scenario: mode_norm.OC_rvt_ss_0p900v_125c
  Path Group: CLK
  Path Type: max

Attributes:
    d - dont_touch
    u - dont_use
   mo - map_only
   so - size_only
    i - ideal_net or ideal_network
  inf - infeasible path

  Point                                                                                                                                    Fanout     Trans      Incr       Path      Attributes     Voltage
  ----------------------------------------------------------------------------------------------------------------------------------------------------------------------------------------------------------------
  clock CLK (rise edge)                                                                                                                                          0.00       0.00                     
  clock network delay (ideal)                                                                                                                                    0.00       0.00                     
  g_blocks_0__tcu_fp/g_i_1__g_j_1__fedp/g_red_tree_0__g_add_3__reduce_add/pipe_rnd/g_shift_register/g_shift_pipe_reg_0__28_/CK (DFFQ_X0P5M_A9TR)       0.00      0.00       0.00 r                   0.90
  g_blocks_0__tcu_fp/g_i_1__g_j_1__fedp/g_red_tree_0__g_add_3__reduce_add/pipe_rnd/g_shift_register/g_shift_pipe_reg_0__28_/Q (DFFQ_X0P5M_A9TR)        0.02      0.11       0.11 f                   0.90
  g_blocks_0__tcu_fp/g_i_1__g_j_1__fedp/g_red_tree_0__g_add_3__reduce_add/pipe_rnd/g_shift_register/data_out[28] (net)                       1                   0.00       0.11 f                   
  g_blocks_0__tcu_fp/g_i_1__g_j_1__fedp/g_red_tree_0__g_add_3__reduce_add/pipe_rnd/g_shift_register/data_out[28] (VX_shift_register_38_0_1_0_393)                0.00       0.11 f                   
  g_blocks_0__tcu_fp/g_i_1__g_j_1__fedp/g_red_tree_0__g_add_3__reduce_add/pipe_rnd/data_out[28] (net)                                                            0.00       0.11 f                   
  g_blocks_0__tcu_fp/g_i_1__g_j_1__fedp/g_red_tree_0__g_add_3__reduce_add/pipe_rnd/data_out[28] (VX_pipe_register_31_393)                                        0.00       0.11 f                   
  g_blocks_0__tcu_fp/g_i_1__g_j_1__fedp/g_red_tree_0__g_add_3__reduce_add/y[23] (net)                                                                            0.00       0.11 f                   
  g_blocks_0__tcu_fp/g_i_1__g_j_1__fedp/g_red_tree_0__g_add_3__reduce_add/y[23] (VX_tcu_bhf_fadd_186)                                                            0.00       0.11 f                   
  g_blocks_0__tcu_fp/g_i_1__g_j_1__fedp/red_in_1__3__23_ (net)                                                                                                   0.00       0.11 f                   
  g_blocks_0__tcu_fp/g_i_1__g_j_1__fedp/g_red_tree_1__g_add_1__reduce_add/b[23] (VX_tcu_bhf_fadd_184)                                                            0.00       0.11 f                   
  g_blocks_0__tcu_fp/g_i_1__g_j_1__fedp/g_red_tree_1__g_add_1__reduce_add/b[23] (net)                                                                            0.00       0.11 f                   
  g_blocks_0__tcu_fp/g_i_1__g_j_1__fedp/g_red_tree_1__g_add_1__reduce_add/adder/b[23] (addRecFNToRaw_210)                                                        0.00       0.11 f                   
  g_blocks_0__tcu_fp/g_i_1__g_j_1__fedp/g_red_tree_1__g_add_1__reduce_add/adder/b[23] (net)                                                                      0.00       0.11 f                   
  g_blocks_0__tcu_fp/g_i_1__g_j_1__fedp/g_red_tree_1__g_add_1__reduce_add/adder/recFNToRawFN_b/in[23] (recFNToRawFN_1_447)                                       0.00       0.11 f                   
  g_blocks_0__tcu_fp/g_i_1__g_j_1__fedp/g_red_tree_1__g_add_1__reduce_add/adder/recFNToRawFN_b/in[23] (net)                                                      0.00       0.11 f                   
  g_blocks_0__tcu_fp/g_i_1__g_j_1__fedp/g_red_tree_1__g_add_1__reduce_add/adder/recFNToRawFN_b/U2/Y (BUF_X1M_A9TR)                                     0.02      0.04 *     0.16 f                   0.90
  g_blocks_0__tcu_fp/g_i_1__g_j_1__fedp/g_red_tree_1__g_add_1__reduce_add/adder/recFNToRawFN_b/sExp[0] (net)                                 3                   0.00       0.16 f                   
  g_blocks_0__tcu_fp/g_i_1__g_j_1__fedp/g_red_tree_1__g_add_1__reduce_add/adder/recFNToRawFN_b/sExp[0] (recFNToRawFN_1_447)                                      0.00       0.16 f                   
  g_blocks_0__tcu_fp/g_i_1__g_j_1__fedp/g_red_tree_1__g_add_1__reduce_add/adder/sExpB[0] (net)                                                                   0.00       0.16 f                   
  g_blocks_0__tcu_fp/g_i_1__g_j_1__fedp/g_red_tree_1__g_add_1__reduce_add/adder/U9/Y (NOR2XB_X0P7M_A9TR)                                               0.07      0.08 *     0.23 f                   0.90
  g_blocks_0__tcu_fp/g_i_1__g_j_1__fedp/g_red_tree_1__g_add_1__reduce_add/adder/n880 (net)                                                   3                   0.00       0.23 f                   
  g_blocks_0__tcu_fp/g_i_1__g_j_1__fedp/g_red_tree_1__g_add_1__reduce_add/adder/U11/CON (CGENI_X1M_A9TR)                                               0.09      0.08 *     0.32 r                   0.90
  g_blocks_0__tcu_fp/g_i_1__g_j_1__fedp/g_red_tree_1__g_add_1__reduce_add/adder/n858 (net)                                                   2                   0.00       0.32 r                   
  g_blocks_0__tcu_fp/g_i_1__g_j_1__fedp/g_red_tree_1__g_add_1__reduce_add/adder/U12/CON (CGENI_X1M_A9TR)                                               0.06      0.06 *     0.38 f                   0.90
  g_blocks_0__tcu_fp/g_i_1__g_j_1__fedp/g_red_tree_1__g_add_1__reduce_add/adder/n859 (net)                                                   2                   0.00       0.38 f                   
  g_blocks_0__tcu_fp/g_i_1__g_j_1__fedp/g_red_tree_1__g_add_1__reduce_add/adder/U34/CON (CGENI_X1M_A9TR)                                               0.06      0.07 *     0.44 r                   0.90
  g_blocks_0__tcu_fp/g_i_1__g_j_1__fedp/g_red_tree_1__g_add_1__reduce_add/adder/n1358 (net)                                                  2                   0.00       0.44 r                   
  g_blocks_0__tcu_fp/g_i_1__g_j_1__fedp/g_red_tree_1__g_add_1__reduce_add/adder/U691/CON (CGENI_X1M_A9TR)                                              0.05      0.05 *     0.49 f                   0.90
  g_blocks_0__tcu_fp/g_i_1__g_j_1__fedp/g_red_tree_1__g_add_1__reduce_add/adder/intadd_710_CI (net)                                          1                   0.00       0.49 f                   
  g_blocks_0__tcu_fp/g_i_1__g_j_1__fedp/g_red_tree_1__g_add_1__reduce_add/adder/intadd_710_U5/CO (ADDF_X1M_A9TR)                                       0.04      0.09 *     0.59 f    mo             0.90
  g_blocks_0__tcu_fp/g_i_1__g_j_1__fedp/g_red_tree_1__g_add_1__reduce_add/adder/intadd_710_n4 (net)                                          1                   0.00       0.59 f                   
  g_blocks_0__tcu_fp/g_i_1__g_j_1__fedp/g_red_tree_1__g_add_1__reduce_add/adder/intadd_710_U4/CO (ADDF_X1M_A9TR)                                       0.04      0.09 *     0.67 f    mo             0.90
  g_blocks_0__tcu_fp/g_i_1__g_j_1__fedp/g_red_tree_1__g_add_1__reduce_add/adder/intadd_710_n3 (net)                                          1                   0.00       0.67 f                   
  g_blocks_0__tcu_fp/g_i_1__g_j_1__fedp/g_red_tree_1__g_add_1__reduce_add/adder/intadd_710_U3/CO (ADDF_X1M_A9TR)                                       0.04      0.09 *     0.76 f    mo             0.90
  g_blocks_0__tcu_fp/g_i_1__g_j_1__fedp/g_red_tree_1__g_add_1__reduce_add/adder/intadd_710_n2 (net)                                          1                   0.00       0.76 f                   
  g_blocks_0__tcu_fp/g_i_1__g_j_1__fedp/g_red_tree_1__g_add_1__reduce_add/adder/intadd_710_U2/CO (ADDF_X1M_A9TR)                                       0.23      0.22 *     0.98 f    mo             0.90
  g_blocks_0__tcu_fp/g_i_1__g_j_1__fedp/g_red_tree_1__g_add_1__reduce_add/adder/intadd_710_n1 (net)                                         67                   0.00       0.98 f                   
  g_blocks_0__tcu_fp/g_i_1__g_j_1__fedp/g_red_tree_1__g_add_1__reduce_add/adder/U104/Y (INV_X0P7M_A9TR)                                                0.24      0.22 *     1.20 r                   0.90
  g_blocks_0__tcu_fp/g_i_1__g_j_1__fedp/g_red_tree_1__g_add_1__reduce_add/adder/n1372 (net)                                                 22                   0.00       1.20 r                   
  g_blocks_0__tcu_fp/g_i_1__g_j_1__fedp/g_red_tree_1__g_add_1__reduce_add/adder/U54/Y (NAND2_X0P7B_A9TR)                                               0.22      0.20 *     1.39 f                   0.90
  g_blocks_0__tcu_fp/g_i_1__g_j_1__fedp/g_red_tree_1__g_add_1__reduce_add/adder/n1352 (net)                                                 23                   0.00       1.39 f                   
  g_blocks_0__tcu_fp/g_i_1__g_j_1__fedp/g_red_tree_1__g_add_1__reduce_add/adder/U638/Y (OAI22_X0P5M_A9TR)                                              0.11      0.10 *     1.49 r                   0.90
  g_blocks_0__tcu_fp/g_i_1__g_j_1__fedp/g_red_tree_1__g_add_1__reduce_add/adder/n1308 (net)                                                  1                   0.00       1.49 r                   
  g_blocks_0__tcu_fp/g_i_1__g_j_1__fedp/g_red_tree_1__g_add_1__reduce_add/adder/U639/Y (AOI21_X0P7M_A9TR)                                              0.11      0.07 *     1.56 f                   0.90
  g_blocks_0__tcu_fp/g_i_1__g_j_1__fedp/g_red_tree_1__g_add_1__reduce_add/adder/intadd_709_B_0_ (net)                                        1                   0.00       1.56 f                   
  g_blocks_0__tcu_fp/g_i_1__g_j_1__fedp/g_red_tree_1__g_add_1__reduce_add/adder/intadd_709_U24/CO (ADDF_X1M_A9TR)                                      0.03      0.12 *     1.68 f    mo             0.90
  g_blocks_0__tcu_fp/g_i_1__g_j_1__fedp/g_red_tree_1__g_add_1__reduce_add/adder/intadd_709_n23 (net)                                         1                   0.00       1.68 f                   
  g_blocks_0__tcu_fp/g_i_1__g_j_1__fedp/g_red_tree_1__g_add_1__reduce_add/adder/intadd_709_U23/CO (ADDF_X1M_A9TR)                                      0.03      0.08 *     1.77 f    mo             0.90
  g_blocks_0__tcu_fp/g_i_1__g_j_1__fedp/g_red_tree_1__g_add_1__reduce_add/adder/intadd_709_n22 (net)                                         1                   0.00       1.77 f                   
  g_blocks_0__tcu_fp/g_i_1__g_j_1__fedp/g_red_tree_1__g_add_1__reduce_add/adder/intadd_709_U22/CO (ADDF_X1M_A9TR)                                      0.03      0.08 *     1.85 f    mo             0.90
  g_blocks_0__tcu_fp/g_i_1__g_j_1__fedp/g_red_tree_1__g_add_1__reduce_add/adder/intadd_709_n21 (net)                                         1                   0.00       1.85 f                   
  g_blocks_0__tcu_fp/g_i_1__g_j_1__fedp/g_red_tree_1__g_add_1__reduce_add/adder/intadd_709_U21/CO (ADDF_X1M_A9TR)                                      0.03      0.08 *     1.93 f    mo             0.90
  g_blocks_0__tcu_fp/g_i_1__g_j_1__fedp/g_red_tree_1__g_add_1__reduce_add/adder/intadd_709_n20 (net)                                         1                   0.00       1.93 f                   
  g_blocks_0__tcu_fp/g_i_1__g_j_1__fedp/g_red_tree_1__g_add_1__reduce_add/adder/intadd_709_U20/CO (ADDF_X1M_A9TR)                                      0.03      0.08 *     2.02 f    mo             0.90
  g_blocks_0__tcu_fp/g_i_1__g_j_1__fedp/g_red_tree_1__g_add_1__reduce_add/adder/intadd_709_n19 (net)                                         1                   0.00       2.02 f                   
  g_blocks_0__tcu_fp/g_i_1__g_j_1__fedp/g_red_tree_1__g_add_1__reduce_add/adder/intadd_709_U19/CO (ADDF_X1M_A9TR)                                      0.03      0.08 *     2.10 f    mo             0.90
  g_blocks_0__tcu_fp/g_i_1__g_j_1__fedp/g_red_tree_1__g_add_1__reduce_add/adder/intadd_709_n18 (net)                                         1                   0.00       2.10 f                   
  g_blocks_0__tcu_fp/g_i_1__g_j_1__fedp/g_red_tree_1__g_add_1__reduce_add/adder/intadd_709_U18/CO (ADDF_X1M_A9TR)                                      0.03      0.08 *     2.18 f    mo             0.90
  g_blocks_0__tcu_fp/g_i_1__g_j_1__fedp/g_red_tree_1__g_add_1__reduce_add/adder/intadd_709_n17 (net)                                         1                   0.00       2.18 f                   
  g_blocks_0__tcu_fp/g_i_1__g_j_1__fedp/g_red_tree_1__g_add_1__reduce_add/adder/intadd_709_U17/CO (ADDF_X1M_A9TR)                                      0.03      0.08 *     2.27 f    mo             0.90
  g_blocks_0__tcu_fp/g_i_1__g_j_1__fedp/g_red_tree_1__g_add_1__reduce_add/adder/intadd_709_n16 (net)                                         1                   0.00       2.27 f                   
  g_blocks_0__tcu_fp/g_i_1__g_j_1__fedp/g_red_tree_1__g_add_1__reduce_add/adder/intadd_709_U16/CO (ADDF_X1M_A9TR)                                      0.03      0.08 *     2.35 f    mo             0.90
  g_blocks_0__tcu_fp/g_i_1__g_j_1__fedp/g_red_tree_1__g_add_1__reduce_add/adder/intadd_709_n15 (net)                                         1                   0.00       2.35 f                   
  g_blocks_0__tcu_fp/g_i_1__g_j_1__fedp/g_red_tree_1__g_add_1__reduce_add/adder/intadd_709_U15/CO (ADDF_X1M_A9TR)                                      0.03      0.08 *     2.44 f    mo             0.90
  g_blocks_0__tcu_fp/g_i_1__g_j_1__fedp/g_red_tree_1__g_add_1__reduce_add/adder/intadd_709_n14 (net)                                         1                   0.00       2.44 f                   
  g_blocks_0__tcu_fp/g_i_1__g_j_1__fedp/g_red_tree_1__g_add_1__reduce_add/adder/intadd_709_U14/CO (ADDF_X1M_A9TR)                                      0.03      0.08 *     2.52 f    mo             0.90
  g_blocks_0__tcu_fp/g_i_1__g_j_1__fedp/g_red_tree_1__g_add_1__reduce_add/adder/intadd_709_n13 (net)                                         1                   0.00       2.52 f                   
  g_blocks_0__tcu_fp/g_i_1__g_j_1__fedp/g_red_tree_1__g_add_1__reduce_add/adder/intadd_709_U13/CO (ADDF_X1M_A9TR)                                      0.03      0.08 *     2.61 f    mo             0.90
  g_blocks_0__tcu_fp/g_i_1__g_j_1__fedp/g_red_tree_1__g_add_1__reduce_add/adder/intadd_709_n12 (net)                                         1                   0.00       2.61 f                   
  g_blocks_0__tcu_fp/g_i_1__g_j_1__fedp/g_red_tree_1__g_add_1__reduce_add/adder/intadd_709_U12/CO (ADDF_X1M_A9TR)                                      0.03      0.08 *     2.69 f    mo             0.90
  g_blocks_0__tcu_fp/g_i_1__g_j_1__fedp/g_red_tree_1__g_add_1__reduce_add/adder/intadd_709_n11 (net)                                         1                   0.00       2.69 f                   
  g_blocks_0__tcu_fp/g_i_1__g_j_1__fedp/g_red_tree_1__g_add_1__reduce_add/adder/intadd_709_U11/CO (ADDF_X1M_A9TR)                                      0.03      0.08 *     2.78 f    mo             0.90
  g_blocks_0__tcu_fp/g_i_1__g_j_1__fedp/g_red_tree_1__g_add_1__reduce_add/adder/intadd_709_n10 (net)                                         1                   0.00       2.78 f                   
  g_blocks_0__tcu_fp/g_i_1__g_j_1__fedp/g_red_tree_1__g_add_1__reduce_add/adder/intadd_709_U10/CO (ADDF_X1M_A9TR)                                      0.03      0.08 *     2.86 f    mo             0.90
  g_blocks_0__tcu_fp/g_i_1__g_j_1__fedp/g_red_tree_1__g_add_1__reduce_add/adder/intadd_709_n9 (net)                                          1                   0.00       2.86 f                   
  g_blocks_0__tcu_fp/g_i_1__g_j_1__fedp/g_red_tree_1__g_add_1__reduce_add/adder/intadd_709_U9/CO (ADDF_X1M_A9TR)                                       0.03      0.08 *     2.95 f    mo             0.90
  g_blocks_0__tcu_fp/g_i_1__g_j_1__fedp/g_red_tree_1__g_add_1__reduce_add/adder/intadd_709_n8 (net)                                          1                   0.00       2.95 f                   
  g_blocks_0__tcu_fp/g_i_1__g_j_1__fedp/g_red_tree_1__g_add_1__reduce_add/adder/intadd_709_U8/CO (ADDF_X1M_A9TR)                                       0.03      0.08 *     3.03 f    mo             0.90
  g_blocks_0__tcu_fp/g_i_1__g_j_1__fedp/g_red_tree_1__g_add_1__reduce_add/adder/intadd_709_n7 (net)                                          1                   0.00       3.03 f                   
  g_blocks_0__tcu_fp/g_i_1__g_j_1__fedp/g_red_tree_1__g_add_1__reduce_add/adder/intadd_709_U7/CO (ADDF_X1M_A9TR)                                       0.03      0.08 *     3.12 f    mo             0.90
  g_blocks_0__tcu_fp/g_i_1__g_j_1__fedp/g_red_tree_1__g_add_1__reduce_add/adder/intadd_709_n6 (net)                                          1                   0.00       3.12 f                   
  g_blocks_0__tcu_fp/g_i_1__g_j_1__fedp/g_red_tree_1__g_add_1__reduce_add/adder/intadd_709_U6/CO (ADDF_X1M_A9TR)                                       0.03      0.08 *     3.20 f    mo             0.90
  g_blocks_0__tcu_fp/g_i_1__g_j_1__fedp/g_red_tree_1__g_add_1__reduce_add/adder/intadd_709_n5 (net)                                          1                   0.00       3.20 f                   
  g_blocks_0__tcu_fp/g_i_1__g_j_1__fedp/g_red_tree_1__g_add_1__reduce_add/adder/intadd_709_U5/CO (ADDF_X1M_A9TR)                                       0.03      0.08 *     3.28 f    mo             0.90
  g_blocks_0__tcu_fp/g_i_1__g_j_1__fedp/g_red_tree_1__g_add_1__reduce_add/adder/intadd_709_n4 (net)                                          1                   0.00       3.28 f                   
  g_blocks_0__tcu_fp/g_i_1__g_j_1__fedp/g_red_tree_1__g_add_1__reduce_add/adder/intadd_709_U4/CO (ADDF_X1M_A9TR)                                       0.03      0.08 *     3.37 f    mo             0.90
  g_blocks_0__tcu_fp/g_i_1__g_j_1__fedp/g_red_tree_1__g_add_1__reduce_add/adder/intadd_709_n3 (net)                                          1                   0.00       3.37 f                   
  g_blocks_0__tcu_fp/g_i_1__g_j_1__fedp/g_red_tree_1__g_add_1__reduce_add/adder/intadd_709_U3/CO (ADDF_X1M_A9TR)                                       0.03      0.08 *     3.45 f    mo             0.90
  g_blocks_0__tcu_fp/g_i_1__g_j_1__fedp/g_red_tree_1__g_add_1__reduce_add/adder/intadd_709_n2 (net)                                          1                   0.00       3.45 f                   
  g_blocks_0__tcu_fp/g_i_1__g_j_1__fedp/g_red_tree_1__g_add_1__reduce_add/adder/intadd_709_U2/CO (ADDF_X1M_A9TR)                                       0.03      0.08 *     3.53 f    mo             0.90
  g_blocks_0__tcu_fp/g_i_1__g_j_1__fedp/g_red_tree_1__g_add_1__reduce_add/adder/intadd_709_n1 (net)                                          2                   0.00       3.53 f                   
  g_blocks_0__tcu_fp/g_i_1__g_j_1__fedp/g_red_tree_1__g_add_1__reduce_add/adder/U56/Y (OAI21_X1M_A9TR)                                                 0.24      0.11 *     3.64 r                   0.90
  g_blocks_0__tcu_fp/g_i_1__g_j_1__fedp/g_red_tree_1__g_add_1__reduce_add/adder/n1294 (net)                                                 12                   0.00       3.64 r                   
  g_blocks_0__tcu_fp/g_i_1__g_j_1__fedp/g_red_tree_1__g_add_1__reduce_add/adder/U431/Y (INV_X0P7M_A9TR)                                                0.20      0.20 *     3.85 f                   0.90
  g_blocks_0__tcu_fp/g_i_1__g_j_1__fedp/g_red_tree_1__g_add_1__reduce_add/adder/n1387 (net)                                                 29                   0.00       3.85 f                   
  g_blocks_0__tcu_fp/g_i_1__g_j_1__fedp/g_red_tree_1__g_add_1__reduce_add/adder/U545/Y (NAND3_X0P7M_A9TR)                                              0.08      0.08 *     3.93 r                   0.90
  g_blocks_0__tcu_fp/g_i_1__g_j_1__fedp/g_red_tree_1__g_add_1__reduce_add/adder/n1185 (net)                                                  1                   0.00       3.93 r                   
  g_blocks_0__tcu_fp/g_i_1__g_j_1__fedp/g_red_tree_1__g_add_1__reduce_add/adder/U546/Y (AO21A1AI2_X0P7M_A9TR)                                          0.10      0.07 *     3.99 f                   0.90
  g_blocks_0__tcu_fp/g_i_1__g_j_1__fedp/g_red_tree_1__g_add_1__reduce_add/adder/close_sigSum[23] (net)                                       3                   0.00       3.99 f                   
  g_blocks_0__tcu_fp/g_i_1__g_j_1__fedp/g_red_tree_1__g_add_1__reduce_add/adder/compressBy2_close_sigSum/in[23] (compressBy2_210)                                0.00       3.99 f                   
  g_blocks_0__tcu_fp/g_i_1__g_j_1__fedp/g_red_tree_1__g_add_1__reduce_add/adder/compressBy2_close_sigSum/in[23] (net)                                            0.00       3.99 f                   
  g_blocks_0__tcu_fp/g_i_1__g_j_1__fedp/g_red_tree_1__g_add_1__reduce_add/adder/compressBy2_close_sigSum/U5/Y (OR2_X0P7B_A9TR)                         0.03      0.07 *     4.07 f                   0.90
  g_blocks_0__tcu_fp/g_i_1__g_j_1__fedp/g_red_tree_1__g_add_1__reduce_add/adder/compressBy2_close_sigSum/out[11] (net)                       1                   0.00       4.07 f                   
  g_blocks_0__tcu_fp/g_i_1__g_j_1__fedp/g_red_tree_1__g_add_1__reduce_add/adder/compressBy2_close_sigSum/out[11] (compressBy2_210)                               0.00       4.07 f                   
  g_blocks_0__tcu_fp/g_i_1__g_j_1__fedp/g_red_tree_1__g_add_1__reduce_add/adder/close_reduced2SigSum[11] (net)                                                   0.00       4.07 f                   
  g_blocks_0__tcu_fp/g_i_1__g_j_1__fedp/g_red_tree_1__g_add_1__reduce_add/adder/countLeadingZeros_close/in[11] (countLeadingZeros_210)                           0.00       4.07 f                   
  g_blocks_0__tcu_fp/g_i_1__g_j_1__fedp/g_red_tree_1__g_add_1__reduce_add/adder/countLeadingZeros_close/in[11] (net)                                             0.00       4.07 f                   
  g_blocks_0__tcu_fp/g_i_1__g_j_1__fedp/g_red_tree_1__g_add_1__reduce_add/adder/countLeadingZeros_close/reverse_in/in[11] (reverse_212)                          0.00       4.07 f                   
  g_blocks_0__tcu_fp/g_i_1__g_j_1__fedp/g_red_tree_1__g_add_1__reduce_add/adder/countLeadingZeros_close/reverse_in/in[11] (net)                                  0.00       4.07 f                   
  g_blocks_0__tcu_fp/g_i_1__g_j_1__fedp/g_red_tree_1__g_add_1__reduce_add/adder/countLeadingZeros_close/reverse_in/U2/Y (BUF_X1M_A9TR)                 0.02      0.05 *     4.11 f                   0.90
  g_blocks_0__tcu_fp/g_i_1__g_j_1__fedp/g_red_tree_1__g_add_1__reduce_add/adder/countLeadingZeros_close/reverse_in/out[1] (net)              3                   0.00       4.11 f                   
  g_blocks_0__tcu_fp/g_i_1__g_j_1__fedp/g_red_tree_1__g_add_1__reduce_add/adder/countLeadingZeros_close/reverse_in/out[1] (reverse_212)                          0.00       4.11 f                   
  g_blocks_0__tcu_fp/g_i_1__g_j_1__fedp/g_red_tree_1__g_add_1__reduce_add/adder/countLeadingZeros_close/reverseIn[1] (net)                                       0.00       4.11 f                   
  g_blocks_0__tcu_fp/g_i_1__g_j_1__fedp/g_red_tree_1__g_add_1__reduce_add/adder/countLeadingZeros_close/U3/Y (NOR3_X1M_A9TR)                           0.07      0.06 *     4.18 r                   0.90
  g_blocks_0__tcu_fp/g_i_1__g_j_1__fedp/g_red_tree_1__g_add_1__reduce_add/adder/countLeadingZeros_close/n49 (net)                            2                   0.00       4.18 r                   
  g_blocks_0__tcu_fp/g_i_1__g_j_1__fedp/g_red_tree_1__g_add_1__reduce_add/adder/countLeadingZeros_close/U4/Y (NOR2XB_X0P7M_A9TR)                       0.05      0.08 *     4.25 r                   0.90
  g_blocks_0__tcu_fp/g_i_1__g_j_1__fedp/g_red_tree_1__g_add_1__reduce_add/adder/countLeadingZeros_close/n64 (net)                            2                   0.00       4.25 r                   
  g_blocks_0__tcu_fp/g_i_1__g_j_1__fedp/g_red_tree_1__g_add_1__reduce_add/adder/countLeadingZeros_close/U5/Y (NOR2XB_X0P7M_A9TR)                       0.07      0.08 *     4.33 r                   0.90
  g_blocks_0__tcu_fp/g_i_1__g_j_1__fedp/g_red_tree_1__g_add_1__reduce_add/adder/countLeadingZeros_close/n59 (net)                            3                   0.00       4.33 r                   
  g_blocks_0__tcu_fp/g_i_1__g_j_1__fedp/g_red_tree_1__g_add_1__reduce_add/adder/countLeadingZeros_close/U6/Y (INV_X0P7M_A9TR)                          0.02      0.03 *     4.36 f                   0.90
  g_blocks_0__tcu_fp/g_i_1__g_j_1__fedp/g_red_tree_1__g_add_1__reduce_add/adder/countLeadingZeros_close/n48 (net)                            1                   0.00       4.36 f                   
  g_blocks_0__tcu_fp/g_i_1__g_j_1__fedp/g_red_tree_1__g_add_1__reduce_add/adder/countLeadingZeros_close/U7/Y (NOR3_X1M_A9TR)                           0.09      0.07 *     4.43 r                   0.90
  g_blocks_0__tcu_fp/g_i_1__g_j_1__fedp/g_red_tree_1__g_add_1__reduce_add/adder/countLeadingZeros_close/n50 (net)                            3                   0.00       4.43 r                   
  g_blocks_0__tcu_fp/g_i_1__g_j_1__fedp/g_red_tree_1__g_add_1__reduce_add/adder/countLeadingZeros_close/U10/Y (NAND2XB_X0P7M_A9TR)                     0.05      0.05 *     4.47 f                   0.90
  g_blocks_0__tcu_fp/g_i_1__g_j_1__fedp/g_red_tree_1__g_add_1__reduce_add/adder/countLeadingZeros_close/n56 (net)                            3                   0.00       4.47 f                   
  g_blocks_0__tcu_fp/g_i_1__g_j_1__fedp/g_red_tree_1__g_add_1__reduce_add/adder/countLeadingZeros_close/U11/Y (NOR3_X0P7M_A9TR)                        0.09      0.08 *     4.56 r                   0.90
  g_blocks_0__tcu_fp/g_i_1__g_j_1__fedp/g_red_tree_1__g_add_1__reduce_add/adder/countLeadingZeros_close/n63 (net)                            2                   0.00       4.56 r                   
  g_blocks_0__tcu_fp/g_i_1__g_j_1__fedp/g_red_tree_1__g_add_1__reduce_add/adder/countLeadingZeros_close/U12/Y (AOI22_X0P5M_A9TR)                       0.05      0.05 *     4.61 f                   0.90
  g_blocks_0__tcu_fp/g_i_1__g_j_1__fedp/g_red_tree_1__g_add_1__reduce_add/adder/countLeadingZeros_close/n51 (net)                            1                   0.00       4.61 f                   
  g_blocks_0__tcu_fp/g_i_1__g_j_1__fedp/g_red_tree_1__g_add_1__reduce_add/adder/countLeadingZeros_close/U14/Y (AND2_X0P7M_A9TR)                        0.03      0.06 *     4.67 f                   0.90
  g_blocks_0__tcu_fp/g_i_1__g_j_1__fedp/g_red_tree_1__g_add_1__reduce_add/adder/countLeadingZeros_close/n61 (net)                            2                   0.00       4.67 f                   
  g_blocks_0__tcu_fp/g_i_1__g_j_1__fedp/g_red_tree_1__g_add_1__reduce_add/adder/countLeadingZeros_close/U23/Y (NAND3XXB_X1M_A9TR)                      0.20      0.11 *     4.79 r                   0.90
  g_blocks_0__tcu_fp/g_i_1__g_j_1__fedp/g_red_tree_1__g_add_1__reduce_add/adder/countLeadingZeros_close/count[0] (net)                      14                   0.00       4.79 r                   
  g_blocks_0__tcu_fp/g_i_1__g_j_1__fedp/g_red_tree_1__g_add_1__reduce_add/adder/countLeadingZeros_close/count[0] (countLeadingZeros_210)                         0.00       4.79 r                   
  g_blocks_0__tcu_fp/g_i_1__g_j_1__fedp/g_red_tree_1__g_add_1__reduce_add/adder/close_normDistReduced2[0] (net)                                                  0.00       4.79 r                   
  g_blocks_0__tcu_fp/g_i_1__g_j_1__fedp/g_red_tree_1__g_add_1__reduce_add/adder/U694/Y (INV_X0P7M_A9TR)                                                0.10      0.11 *     4.90 f                   0.90
  g_blocks_0__tcu_fp/g_i_1__g_j_1__fedp/g_red_tree_1__g_add_1__reduce_add/adder/n1390 (net)                                                 12                   0.00       4.90 f                   
  g_blocks_0__tcu_fp/g_i_1__g_j_1__fedp/g_red_tree_1__g_add_1__reduce_add/adder/U120/Y (NOR2_X0P5B_A9TR)                                               0.24      0.17 *     5.07 r                   0.90
  g_blocks_0__tcu_fp/g_i_1__g_j_1__fedp/g_red_tree_1__g_add_1__reduce_add/adder/n1220 (net)                                                 14                   0.00       5.07 r                   
  g_blocks_0__tcu_fp/g_i_1__g_j_1__fedp/g_red_tree_1__g_add_1__reduce_add/adder/U170/Y (AOI222_X0P7M_A9TR)                                             0.12      0.11 *     5.18 f                   0.90
  g_blocks_0__tcu_fp/g_i_1__g_j_1__fedp/g_red_tree_1__g_add_1__reduce_add/adder/n1128 (net)                                                  2                   0.00       5.18 f                   
  g_blocks_0__tcu_fp/g_i_1__g_j_1__fedp/g_red_tree_1__g_add_1__reduce_add/adder/U171/Y (AOI22_X0P5M_A9TR)                                              0.10      0.10 *     5.28 r                   0.90
  g_blocks_0__tcu_fp/g_i_1__g_j_1__fedp/g_red_tree_1__g_add_1__reduce_add/adder/n1226 (net)                                                  2                   0.00       5.28 r                   
  g_blocks_0__tcu_fp/g_i_1__g_j_1__fedp/g_red_tree_1__g_add_1__reduce_add/adder/U573/Y (AOI32_X0P5M_A9TR)                                              0.07      0.07 *     5.34 f                   0.90
  g_blocks_0__tcu_fp/g_i_1__g_j_1__fedp/g_red_tree_1__g_add_1__reduce_add/adder/n1285 (net)                                                  2                   0.00       5.34 f                   
  g_blocks_0__tcu_fp/g_i_1__g_j_1__fedp/g_red_tree_1__g_add_1__reduce_add/adder/U622/Y (NAND2_X0P5M_A9TR)                                              0.09      0.08 *     5.43 r                   0.90
  g_blocks_0__tcu_fp/g_i_1__g_j_1__fedp/g_red_tree_1__g_add_1__reduce_add/adder/n1292 (net)                                                  2                   0.00       5.43 r                   
  g_blocks_0__tcu_fp/g_i_1__g_j_1__fedp/g_red_tree_1__g_add_1__reduce_add/adder/U632/Y (OAI221_X0P5M_A9TR)                                             0.07      0.06 *     5.49 f                   0.90
  g_blocks_0__tcu_fp/g_i_1__g_j_1__fedp/g_red_tree_1__g_add_1__reduce_add/adder/n1304 (net)                                                  1                   0.00       5.49 f                   
  g_blocks_0__tcu_fp/g_i_1__g_j_1__fedp/g_red_tree_1__g_add_1__reduce_add/adder/U636/Y (OAI31_X0P7M_A9TR)                                              0.10      0.08 *     5.56 r                   0.90
  g_blocks_0__tcu_fp/g_i_1__g_j_1__fedp/g_red_tree_1__g_add_1__reduce_add/adder/out_sign (net)                                               1                   0.00       5.56 r                   
  g_blocks_0__tcu_fp/g_i_1__g_j_1__fedp/g_red_tree_1__g_add_1__reduce_add/adder/out_sign (addRecFNToRaw_210)                                                     0.00       5.56 r                   
  g_blocks_0__tcu_fp/g_i_1__g_j_1__fedp/g_red_tree_1__g_add_1__reduce_add/s1_sign (net)                                                                          0.00       5.56 r                   
  g_blocks_0__tcu_fp/g_i_1__g_j_1__fedp/g_red_tree_1__g_add_1__reduce_add/pipe_add/data_in[40] (VX_pipe_register_32_210)                                         0.00       5.56 r                   
  g_blocks_0__tcu_fp/g_i_1__g_j_1__fedp/g_red_tree_1__g_add_1__reduce_add/pipe_add/data_in[40] (net)                                                             0.00       5.56 r                   
  g_blocks_0__tcu_fp/g_i_1__g_j_1__fedp/g_red_tree_1__g_add_1__reduce_add/pipe_add/g_shift_register/data_in[40] (VX_shift_register_45_0_2_0_210)                 0.00       5.56 r                   
  g_blocks_0__tcu_fp/g_i_1__g_j_1__fedp/g_red_tree_1__g_add_1__reduce_add/pipe_add/g_shift_register/data_in[40] (net)                                            0.00       5.56 r                   
  g_blocks_0__tcu_fp/g_i_1__g_j_1__fedp/g_red_tree_1__g_add_1__reduce_add/pipe_add/g_shift_register/g_shift_pipe_reg_0__40_/D (DFFQ_X0P5M_A9TR)        0.10      0.00 *     5.56 r                   0.90
  data arrival time                                                                                                                                                         5.56                     

  clock CLK (rise edge)                                                                                                                                          9.90       9.90                     
  clock network delay (ideal)                                                                                                                                    0.00       9.90                     
  g_blocks_0__tcu_fp/g_i_1__g_j_1__fedp/g_red_tree_1__g_add_1__reduce_add/pipe_add/g_shift_register/g_shift_pipe_reg_0__40_/CK (DFFQ_X0P5M_A9TR)                 0.00       9.90 r                   
  library setup time                                                                                                                                            -0.06       9.84                     
  data required time                                                                                                                                                        9.84                     
  ----------------------------------------------------------------------------------------------------------------------------------------------------------------------------------------------------------------
  data required time                                                                                                                                                        9.84                     
  data arrival time                                                                                                                                                        -5.56                     
  ----------------------------------------------------------------------------------------------------------------------------------------------------------------------------------------------------------------
  slack (MET)                                                                                                                                                               4.28                     


  Startpoint: g_blocks_0__tcu_fp/g_i_6__g_j_0__fedp/g_red_tree_1__g_add_1__reduce_add/pipe_rnd/g_shift_register/g_shift_pipe_reg_0__28_
              (rising edge-triggered flip-flop clocked by CLK)
  Endpoint: g_blocks_0__tcu_fp/g_i_6__g_j_0__fedp/g_red_tree_2__g_add_0__reduce_add/pipe_add/g_shift_register/g_shift_pipe_reg_0__40_
            (rising edge-triggered flip-flop clocked by CLK)
  Scenario: mode_norm.OC_rvt_ss_0p900v_125c
  Path Group: CLK
  Path Type: max

Attributes:
    d - dont_touch
    u - dont_use
   mo - map_only
   so - size_only
    i - ideal_net or ideal_network
  inf - infeasible path

  Point                                                                                                                                    Fanout     Trans      Incr       Path      Attributes     Voltage
  ----------------------------------------------------------------------------------------------------------------------------------------------------------------------------------------------------------------
  clock CLK (rise edge)                                                                                                                                          0.00       0.00                     
  clock network delay (ideal)                                                                                                                                    0.00       0.00                     
  g_blocks_0__tcu_fp/g_i_6__g_j_0__fedp/g_red_tree_1__g_add_1__reduce_add/pipe_rnd/g_shift_register/g_shift_pipe_reg_0__28_/CK (DFFQ_X0P5M_A9TR)       0.00      0.00       0.00 r                   0.90
  g_blocks_0__tcu_fp/g_i_6__g_j_0__fedp/g_red_tree_1__g_add_1__reduce_add/pipe_rnd/g_shift_register/g_shift_pipe_reg_0__28_/Q (DFFQ_X0P5M_A9TR)        0.02      0.11       0.11 f                   0.90
  g_blocks_0__tcu_fp/g_i_6__g_j_0__fedp/g_red_tree_1__g_add_1__reduce_add/pipe_rnd/g_shift_register/data_out[28] (net)                       1                   0.00       0.11 f                   
  g_blocks_0__tcu_fp/g_i_6__g_j_0__fedp/g_red_tree_1__g_add_1__reduce_add/pipe_rnd/g_shift_register/data_out[28] (VX_shift_register_38_0_1_0_106)                0.00       0.11 f                   
  g_blocks_0__tcu_fp/g_i_6__g_j_0__fedp/g_red_tree_1__g_add_1__reduce_add/pipe_rnd/data_out[28] (net)                                                            0.00       0.11 f                   
  g_blocks_0__tcu_fp/g_i_6__g_j_0__fedp/g_red_tree_1__g_add_1__reduce_add/pipe_rnd/data_out[28] (VX_pipe_register_31_106)                                        0.00       0.11 f                   
  g_blocks_0__tcu_fp/g_i_6__g_j_0__fedp/g_red_tree_1__g_add_1__reduce_add/y[23] (net)                                                                            0.00       0.11 f                   
  g_blocks_0__tcu_fp/g_i_6__g_j_0__fedp/g_red_tree_1__g_add_1__reduce_add/y[23] (VX_tcu_bhf_fadd_51)                                                             0.00       0.11 f                   
  g_blocks_0__tcu_fp/g_i_6__g_j_0__fedp/red_in_2__1__23_ (net)                                                                                                   0.00       0.11 f                   
  g_blocks_0__tcu_fp/g_i_6__g_j_0__fedp/g_red_tree_2__g_add_0__reduce_add/b[23] (VX_tcu_bhf_fadd_50)                                                             0.00       0.11 f                   
  g_blocks_0__tcu_fp/g_i_6__g_j_0__fedp/g_red_tree_2__g_add_0__reduce_add/b[23] (net)                                                                            0.00       0.11 f                   
  g_blocks_0__tcu_fp/g_i_6__g_j_0__fedp/g_red_tree_2__g_add_0__reduce_add/adder/b[23] (addRecFNToRaw_57)                                                         0.00       0.11 f                   
  g_blocks_0__tcu_fp/g_i_6__g_j_0__fedp/g_red_tree_2__g_add_0__reduce_add/adder/b[23] (net)                                                                      0.00       0.11 f                   
  g_blocks_0__tcu_fp/g_i_6__g_j_0__fedp/g_red_tree_2__g_add_0__reduce_add/adder/recFNToRawFN_b/in[23] (recFNToRawFN_1_122)                                       0.00       0.11 f                   
  g_blocks_0__tcu_fp/g_i_6__g_j_0__fedp/g_red_tree_2__g_add_0__reduce_add/adder/recFNToRawFN_b/in[23] (net)                                                      0.00       0.11 f                   
  g_blocks_0__tcu_fp/g_i_6__g_j_0__fedp/g_red_tree_2__g_add_0__reduce_add/adder/recFNToRawFN_b/U2/Y (BUF_X1M_A9TR)                                     0.02      0.04 *     0.16 f                   0.90
  g_blocks_0__tcu_fp/g_i_6__g_j_0__fedp/g_red_tree_2__g_add_0__reduce_add/adder/recFNToRawFN_b/sExp[0] (net)                                 3                   0.00       0.16 f                   
  g_blocks_0__tcu_fp/g_i_6__g_j_0__fedp/g_red_tree_2__g_add_0__reduce_add/adder/recFNToRawFN_b/sExp[0] (recFNToRawFN_1_122)                                      0.00       0.16 f                   
  g_blocks_0__tcu_fp/g_i_6__g_j_0__fedp/g_red_tree_2__g_add_0__reduce_add/adder/sExpB[0] (net)                                                                   0.00       0.16 f                   
  g_blocks_0__tcu_fp/g_i_6__g_j_0__fedp/g_red_tree_2__g_add_0__reduce_add/adder/U9/Y (NOR2XB_X0P7M_A9TR)                                               0.05      0.07 *     0.22 f                   0.90
  g_blocks_0__tcu_fp/g_i_6__g_j_0__fedp/g_red_tree_2__g_add_0__reduce_add/adder/n880 (net)                                                   3                   0.00       0.22 f                   
  g_blocks_0__tcu_fp/g_i_6__g_j_0__fedp/g_red_tree_2__g_add_0__reduce_add/adder/U11/CON (CGENI_X1M_A9TR)                                               0.09      0.08 *     0.30 r                   0.90
  g_blocks_0__tcu_fp/g_i_6__g_j_0__fedp/g_red_tree_2__g_add_0__reduce_add/adder/n858 (net)                                                   2                   0.00       0.30 r                   
  g_blocks_0__tcu_fp/g_i_6__g_j_0__fedp/g_red_tree_2__g_add_0__reduce_add/adder/U12/CON (CGENI_X1M_A9TR)                                               0.06      0.06 *     0.36 f                   0.90
  g_blocks_0__tcu_fp/g_i_6__g_j_0__fedp/g_red_tree_2__g_add_0__reduce_add/adder/n859 (net)                                                   2                   0.00       0.36 f                   
  g_blocks_0__tcu_fp/g_i_6__g_j_0__fedp/g_red_tree_2__g_add_0__reduce_add/adder/U34/CON (CGENI_X1M_A9TR)                                               0.06      0.07 *     0.43 r                   0.90
  g_blocks_0__tcu_fp/g_i_6__g_j_0__fedp/g_red_tree_2__g_add_0__reduce_add/adder/n1358 (net)                                                  2                   0.00       0.43 r                   
  g_blocks_0__tcu_fp/g_i_6__g_j_0__fedp/g_red_tree_2__g_add_0__reduce_add/adder/U691/CON (CGENI_X1M_A9TR)                                              0.05      0.05 *     0.48 f                   0.90
  g_blocks_0__tcu_fp/g_i_6__g_j_0__fedp/g_red_tree_2__g_add_0__reduce_add/adder/intadd_2994_CI (net)                                         1                   0.00       0.48 f                   
  g_blocks_0__tcu_fp/g_i_6__g_j_0__fedp/g_red_tree_2__g_add_0__reduce_add/adder/intadd_2994_U5/CO (ADDF_X1M_A9TR)                                      0.04      0.09 *     0.57 f    mo             0.90
  g_blocks_0__tcu_fp/g_i_6__g_j_0__fedp/g_red_tree_2__g_add_0__reduce_add/adder/intadd_2994_n4 (net)                                         1                   0.00       0.57 f                   
  g_blocks_0__tcu_fp/g_i_6__g_j_0__fedp/g_red_tree_2__g_add_0__reduce_add/adder/intadd_2994_U4/CO (ADDF_X1M_A9TR)                                      0.03      0.08 *     0.65 f    mo             0.90
  g_blocks_0__tcu_fp/g_i_6__g_j_0__fedp/g_red_tree_2__g_add_0__reduce_add/adder/intadd_2994_n3 (net)                                         1                   0.00       0.65 f                   
  g_blocks_0__tcu_fp/g_i_6__g_j_0__fedp/g_red_tree_2__g_add_0__reduce_add/adder/intadd_2994_U3/CO (ADDF_X1M_A9TR)                                      0.03      0.08 *     0.74 f    mo             0.90
  g_blocks_0__tcu_fp/g_i_6__g_j_0__fedp/g_red_tree_2__g_add_0__reduce_add/adder/intadd_2994_n2 (net)                                         1                   0.00       0.74 f                   
  g_blocks_0__tcu_fp/g_i_6__g_j_0__fedp/g_red_tree_2__g_add_0__reduce_add/adder/intadd_2994_U2/CO (ADDF_X1M_A9TR)                                      0.23      0.21 *     0.95 f    mo             0.90
  g_blocks_0__tcu_fp/g_i_6__g_j_0__fedp/g_red_tree_2__g_add_0__reduce_add/adder/intadd_2994_n1 (net)                                        66                   0.00       0.95 f                   
  g_blocks_0__tcu_fp/g_i_6__g_j_0__fedp/g_red_tree_2__g_add_0__reduce_add/adder/U102/Y (INV_X0P7M_A9TR)                                                0.24      0.22 *     1.17 r                   0.90
  g_blocks_0__tcu_fp/g_i_6__g_j_0__fedp/g_red_tree_2__g_add_0__reduce_add/adder/n1372 (net)                                                 24                   0.00       1.17 r                   
  g_blocks_0__tcu_fp/g_i_6__g_j_0__fedp/g_red_tree_2__g_add_0__reduce_add/adder/U55/Y (NAND2_X0P7B_A9TR)                                               0.22      0.20 *     1.37 f                   0.90
  g_blocks_0__tcu_fp/g_i_6__g_j_0__fedp/g_red_tree_2__g_add_0__reduce_add/adder/n1352 (net)                                                 23                   0.00       1.37 f                   
  g_blocks_0__tcu_fp/g_i_6__g_j_0__fedp/g_red_tree_2__g_add_0__reduce_add/adder/U638/Y (OAI22_X0P5M_A9TR)                                              0.11      0.10 *     1.47 r                   0.90
  g_blocks_0__tcu_fp/g_i_6__g_j_0__fedp/g_red_tree_2__g_add_0__reduce_add/adder/n1308 (net)                                                  1                   0.00       1.47 r                   
  g_blocks_0__tcu_fp/g_i_6__g_j_0__fedp/g_red_tree_2__g_add_0__reduce_add/adder/U639/Y (AOI21_X0P7M_A9TR)                                              0.11      0.07 *     1.54 f                   0.90
  g_blocks_0__tcu_fp/g_i_6__g_j_0__fedp/g_red_tree_2__g_add_0__reduce_add/adder/intadd_2993_B_0_ (net)                                       1                   0.00       1.54 f                   
  g_blocks_0__tcu_fp/g_i_6__g_j_0__fedp/g_red_tree_2__g_add_0__reduce_add/adder/intadd_2993_U24/CO (ADDF_X1M_A9TR)                                     0.03      0.12 *     1.66 f    mo             0.90
  g_blocks_0__tcu_fp/g_i_6__g_j_0__fedp/g_red_tree_2__g_add_0__reduce_add/adder/intadd_2993_n23 (net)                                        1                   0.00       1.66 f                   
  g_blocks_0__tcu_fp/g_i_6__g_j_0__fedp/g_red_tree_2__g_add_0__reduce_add/adder/intadd_2993_U23/CO (ADDF_X1M_A9TR)                                     0.03      0.08 *     1.74 f    mo             0.90
  g_blocks_0__tcu_fp/g_i_6__g_j_0__fedp/g_red_tree_2__g_add_0__reduce_add/adder/intadd_2993_n22 (net)                                        1                   0.00       1.74 f                   
  g_blocks_0__tcu_fp/g_i_6__g_j_0__fedp/g_red_tree_2__g_add_0__reduce_add/adder/intadd_2993_U22/CO (ADDF_X1M_A9TR)                                     0.03      0.08 *     1.83 f    mo             0.90
  g_blocks_0__tcu_fp/g_i_6__g_j_0__fedp/g_red_tree_2__g_add_0__reduce_add/adder/intadd_2993_n21 (net)                                        1                   0.00       1.83 f                   
  g_blocks_0__tcu_fp/g_i_6__g_j_0__fedp/g_red_tree_2__g_add_0__reduce_add/adder/intadd_2993_U21/CO (ADDF_X1M_A9TR)                                     0.03      0.08 *     1.91 f    mo             0.90
  g_blocks_0__tcu_fp/g_i_6__g_j_0__fedp/g_red_tree_2__g_add_0__reduce_add/adder/intadd_2993_n20 (net)                                        1                   0.00       1.91 f                   
  g_blocks_0__tcu_fp/g_i_6__g_j_0__fedp/g_red_tree_2__g_add_0__reduce_add/adder/intadd_2993_U20/CO (ADDF_X1M_A9TR)                                     0.03      0.08 *     2.00 f    mo             0.90
  g_blocks_0__tcu_fp/g_i_6__g_j_0__fedp/g_red_tree_2__g_add_0__reduce_add/adder/intadd_2993_n19 (net)                                        1                   0.00       2.00 f                   
  g_blocks_0__tcu_fp/g_i_6__g_j_0__fedp/g_red_tree_2__g_add_0__reduce_add/adder/intadd_2993_U19/CO (ADDF_X1M_A9TR)                                     0.03      0.08 *     2.08 f    mo             0.90
  g_blocks_0__tcu_fp/g_i_6__g_j_0__fedp/g_red_tree_2__g_add_0__reduce_add/adder/intadd_2993_n18 (net)                                        1                   0.00       2.08 f                   
  g_blocks_0__tcu_fp/g_i_6__g_j_0__fedp/g_red_tree_2__g_add_0__reduce_add/adder/intadd_2993_U18/CO (ADDF_X1M_A9TR)                                     0.03      0.08 *     2.17 f    mo             0.90
  g_blocks_0__tcu_fp/g_i_6__g_j_0__fedp/g_red_tree_2__g_add_0__reduce_add/adder/intadd_2993_n17 (net)                                        1                   0.00       2.17 f                   
  g_blocks_0__tcu_fp/g_i_6__g_j_0__fedp/g_red_tree_2__g_add_0__reduce_add/adder/intadd_2993_U17/CO (ADDF_X1M_A9TR)                                     0.03      0.08 *     2.25 f    mo             0.90
  g_blocks_0__tcu_fp/g_i_6__g_j_0__fedp/g_red_tree_2__g_add_0__reduce_add/adder/intadd_2993_n16 (net)                                        1                   0.00       2.25 f                   
  g_blocks_0__tcu_fp/g_i_6__g_j_0__fedp/g_red_tree_2__g_add_0__reduce_add/adder/intadd_2993_U16/CO (ADDF_X1M_A9TR)                                     0.03      0.08 *     2.34 f    mo             0.90
  g_blocks_0__tcu_fp/g_i_6__g_j_0__fedp/g_red_tree_2__g_add_0__reduce_add/adder/intadd_2993_n15 (net)                                        1                   0.00       2.34 f                   
  g_blocks_0__tcu_fp/g_i_6__g_j_0__fedp/g_red_tree_2__g_add_0__reduce_add/adder/intadd_2993_U15/CO (ADDF_X1M_A9TR)                                     0.03      0.08 *     2.42 f    mo             0.90
  g_blocks_0__tcu_fp/g_i_6__g_j_0__fedp/g_red_tree_2__g_add_0__reduce_add/adder/intadd_2993_n14 (net)                                        1                   0.00       2.42 f                   
  g_blocks_0__tcu_fp/g_i_6__g_j_0__fedp/g_red_tree_2__g_add_0__reduce_add/adder/intadd_2993_U14/CO (ADDF_X1M_A9TR)                                     0.03      0.08 *     2.51 f    mo             0.90
  g_blocks_0__tcu_fp/g_i_6__g_j_0__fedp/g_red_tree_2__g_add_0__reduce_add/adder/intadd_2993_n13 (net)                                        1                   0.00       2.51 f                   
  g_blocks_0__tcu_fp/g_i_6__g_j_0__fedp/g_red_tree_2__g_add_0__reduce_add/adder/intadd_2993_U13/CO (ADDF_X1M_A9TR)                                     0.03      0.08 *     2.59 f    mo             0.90
  g_blocks_0__tcu_fp/g_i_6__g_j_0__fedp/g_red_tree_2__g_add_0__reduce_add/adder/intadd_2993_n12 (net)                                        1                   0.00       2.59 f                   
  g_blocks_0__tcu_fp/g_i_6__g_j_0__fedp/g_red_tree_2__g_add_0__reduce_add/adder/intadd_2993_U12/CO (ADDF_X1M_A9TR)                                     0.03      0.08 *     2.67 f    mo             0.90
  g_blocks_0__tcu_fp/g_i_6__g_j_0__fedp/g_red_tree_2__g_add_0__reduce_add/adder/intadd_2993_n11 (net)                                        1                   0.00       2.67 f                   
  g_blocks_0__tcu_fp/g_i_6__g_j_0__fedp/g_red_tree_2__g_add_0__reduce_add/adder/intadd_2993_U11/CO (ADDF_X1M_A9TR)                                     0.03      0.08 *     2.76 f    mo             0.90
  g_blocks_0__tcu_fp/g_i_6__g_j_0__fedp/g_red_tree_2__g_add_0__reduce_add/adder/intadd_2993_n10 (net)                                        1                   0.00       2.76 f                   
  g_blocks_0__tcu_fp/g_i_6__g_j_0__fedp/g_red_tree_2__g_add_0__reduce_add/adder/intadd_2993_U10/CO (ADDF_X1M_A9TR)                                     0.03      0.08 *     2.84 f    mo             0.90
  g_blocks_0__tcu_fp/g_i_6__g_j_0__fedp/g_red_tree_2__g_add_0__reduce_add/adder/intadd_2993_n9 (net)                                         1                   0.00       2.84 f                   
  g_blocks_0__tcu_fp/g_i_6__g_j_0__fedp/g_red_tree_2__g_add_0__reduce_add/adder/intadd_2993_U9/CO (ADDF_X1M_A9TR)                                      0.03      0.08 *     2.93 f    mo             0.90
  g_blocks_0__tcu_fp/g_i_6__g_j_0__fedp/g_red_tree_2__g_add_0__reduce_add/adder/intadd_2993_n8 (net)                                         1                   0.00       2.93 f                   
  g_blocks_0__tcu_fp/g_i_6__g_j_0__fedp/g_red_tree_2__g_add_0__reduce_add/adder/intadd_2993_U8/CO (ADDF_X1M_A9TR)                                      0.03      0.08 *     3.01 f    mo             0.90
  g_blocks_0__tcu_fp/g_i_6__g_j_0__fedp/g_red_tree_2__g_add_0__reduce_add/adder/intadd_2993_n7 (net)                                         1                   0.00       3.01 f                   
  g_blocks_0__tcu_fp/g_i_6__g_j_0__fedp/g_red_tree_2__g_add_0__reduce_add/adder/intadd_2993_U7/CO (ADDF_X1M_A9TR)                                      0.03      0.08 *     3.09 f    mo             0.90
  g_blocks_0__tcu_fp/g_i_6__g_j_0__fedp/g_red_tree_2__g_add_0__reduce_add/adder/intadd_2993_n6 (net)                                         1                   0.00       3.09 f                   
  g_blocks_0__tcu_fp/g_i_6__g_j_0__fedp/g_red_tree_2__g_add_0__reduce_add/adder/intadd_2993_U6/CO (ADDF_X1M_A9TR)                                      0.03      0.08 *     3.18 f    mo             0.90
  g_blocks_0__tcu_fp/g_i_6__g_j_0__fedp/g_red_tree_2__g_add_0__reduce_add/adder/intadd_2993_n5 (net)                                         1                   0.00       3.18 f                   
  g_blocks_0__tcu_fp/g_i_6__g_j_0__fedp/g_red_tree_2__g_add_0__reduce_add/adder/intadd_2993_U5/CO (ADDF_X1M_A9TR)                                      0.03      0.08 *     3.26 f    mo             0.90
  g_blocks_0__tcu_fp/g_i_6__g_j_0__fedp/g_red_tree_2__g_add_0__reduce_add/adder/intadd_2993_n4 (net)                                         1                   0.00       3.26 f                   
  g_blocks_0__tcu_fp/g_i_6__g_j_0__fedp/g_red_tree_2__g_add_0__reduce_add/adder/intadd_2993_U4/CO (ADDF_X1M_A9TR)                                      0.03      0.08 *     3.35 f    mo             0.90
  g_blocks_0__tcu_fp/g_i_6__g_j_0__fedp/g_red_tree_2__g_add_0__reduce_add/adder/intadd_2993_n3 (net)                                         1                   0.00       3.35 f                   
  g_blocks_0__tcu_fp/g_i_6__g_j_0__fedp/g_red_tree_2__g_add_0__reduce_add/adder/intadd_2993_U3/CO (ADDF_X1M_A9TR)                                      0.03      0.08 *     3.43 f    mo             0.90
  g_blocks_0__tcu_fp/g_i_6__g_j_0__fedp/g_red_tree_2__g_add_0__reduce_add/adder/intadd_2993_n2 (net)                                         1                   0.00       3.43 f                   
  g_blocks_0__tcu_fp/g_i_6__g_j_0__fedp/g_red_tree_2__g_add_0__reduce_add/adder/intadd_2993_U2/CO (ADDF_X1M_A9TR)                                      0.03      0.08 *     3.51 f    mo             0.90
  g_blocks_0__tcu_fp/g_i_6__g_j_0__fedp/g_red_tree_2__g_add_0__reduce_add/adder/intadd_2993_n1 (net)                                         2                   0.00       3.51 f                   
  g_blocks_0__tcu_fp/g_i_6__g_j_0__fedp/g_red_tree_2__g_add_0__reduce_add/adder/U57/Y (OAI21_X1M_A9TR)                                                 0.25      0.12 *     3.62 r                   0.90
  g_blocks_0__tcu_fp/g_i_6__g_j_0__fedp/g_red_tree_2__g_add_0__reduce_add/adder/n1294 (net)                                                 12                   0.00       3.62 r                   
  g_blocks_0__tcu_fp/g_i_6__g_j_0__fedp/g_red_tree_2__g_add_0__reduce_add/adder/U431/Y (INV_X0P7M_A9TR)                                                0.21      0.21 *     3.84 f                   0.90
  g_blocks_0__tcu_fp/g_i_6__g_j_0__fedp/g_red_tree_2__g_add_0__reduce_add/adder/n1387 (net)                                                 29                   0.00       3.84 f                   
  g_blocks_0__tcu_fp/g_i_6__g_j_0__fedp/g_red_tree_2__g_add_0__reduce_add/adder/U539/Y (NAND3_X0P7M_A9TR)                                              0.08      0.08 *     3.92 r                   0.90
  g_blocks_0__tcu_fp/g_i_6__g_j_0__fedp/g_red_tree_2__g_add_0__reduce_add/adder/n1177 (net)                                                  1                   0.00       3.92 r                   
  g_blocks_0__tcu_fp/g_i_6__g_j_0__fedp/g_red_tree_2__g_add_0__reduce_add/adder/U540/Y (AO21A1AI2_X0P7M_A9TR)                                          0.10      0.07 *     3.99 f                   0.90
  g_blocks_0__tcu_fp/g_i_6__g_j_0__fedp/g_red_tree_2__g_add_0__reduce_add/adder/close_sigSum[23] (net)                                       3                   0.00       3.99 f                   
  g_blocks_0__tcu_fp/g_i_6__g_j_0__fedp/g_red_tree_2__g_add_0__reduce_add/adder/compressBy2_close_sigSum/in[23] (compressBy2_57)                                 0.00       3.99 f                   
  g_blocks_0__tcu_fp/g_i_6__g_j_0__fedp/g_red_tree_2__g_add_0__reduce_add/adder/compressBy2_close_sigSum/in[23] (net)                                            0.00       3.99 f                   
  g_blocks_0__tcu_fp/g_i_6__g_j_0__fedp/g_red_tree_2__g_add_0__reduce_add/adder/compressBy2_close_sigSum/U5/Y (OR2_X0P7B_A9TR)                         0.02      0.07 *     4.06 f                   0.90
  g_blocks_0__tcu_fp/g_i_6__g_j_0__fedp/g_red_tree_2__g_add_0__reduce_add/adder/compressBy2_close_sigSum/out[11] (net)                       1                   0.00       4.06 f                   
  g_blocks_0__tcu_fp/g_i_6__g_j_0__fedp/g_red_tree_2__g_add_0__reduce_add/adder/compressBy2_close_sigSum/out[11] (compressBy2_57)                                0.00       4.06 f                   
  g_blocks_0__tcu_fp/g_i_6__g_j_0__fedp/g_red_tree_2__g_add_0__reduce_add/adder/close_reduced2SigSum[11] (net)                                                   0.00       4.06 f                   
  g_blocks_0__tcu_fp/g_i_6__g_j_0__fedp/g_red_tree_2__g_add_0__reduce_add/adder/countLeadingZeros_close/in[11] (countLeadingZeros_57)                            0.00       4.06 f                   
  g_blocks_0__tcu_fp/g_i_6__g_j_0__fedp/g_red_tree_2__g_add_0__reduce_add/adder/countLeadingZeros_close/in[11] (net)                                             0.00       4.06 f                   
  g_blocks_0__tcu_fp/g_i_6__g_j_0__fedp/g_red_tree_2__g_add_0__reduce_add/adder/countLeadingZeros_close/reverse_in/in[11] (reverse_59)                           0.00       4.06 f                   
  g_blocks_0__tcu_fp/g_i_6__g_j_0__fedp/g_red_tree_2__g_add_0__reduce_add/adder/countLeadingZeros_close/reverse_in/in[11] (net)                                  0.00       4.06 f                   
  g_blocks_0__tcu_fp/g_i_6__g_j_0__fedp/g_red_tree_2__g_add_0__reduce_add/adder/countLeadingZeros_close/reverse_in/U3/Y (BUF_X1M_A9TR)                 0.02      0.04 *     4.10 f                   0.90
  g_blocks_0__tcu_fp/g_i_6__g_j_0__fedp/g_red_tree_2__g_add_0__reduce_add/adder/countLeadingZeros_close/reverse_in/out[1] (net)              3                   0.00       4.10 f                   
  g_blocks_0__tcu_fp/g_i_6__g_j_0__fedp/g_red_tree_2__g_add_0__reduce_add/adder/countLeadingZeros_close/reverse_in/out[1] (reverse_59)                           0.00       4.10 f                   
  g_blocks_0__tcu_fp/g_i_6__g_j_0__fedp/g_red_tree_2__g_add_0__reduce_add/adder/countLeadingZeros_close/reverseIn[1] (net)                                       0.00       4.10 f                   
  g_blocks_0__tcu_fp/g_i_6__g_j_0__fedp/g_red_tree_2__g_add_0__reduce_add/adder/countLeadingZeros_close/U3/Y (NOR3_X0P7M_A9TR)                         0.09      0.07 *     4.17 r                   0.90
  g_blocks_0__tcu_fp/g_i_6__g_j_0__fedp/g_red_tree_2__g_add_0__reduce_add/adder/countLeadingZeros_close/n49 (net)                            2                   0.00       4.17 r                   
  g_blocks_0__tcu_fp/g_i_6__g_j_0__fedp/g_red_tree_2__g_add_0__reduce_add/adder/countLeadingZeros_close/U4/Y (NOR2XB_X0P7M_A9TR)                       0.05      0.08 *     4.26 r                   0.90
  g_blocks_0__tcu_fp/g_i_6__g_j_0__fedp/g_red_tree_2__g_add_0__reduce_add/adder/countLeadingZeros_close/n64 (net)                            2                   0.00       4.26 r                   
  g_blocks_0__tcu_fp/g_i_6__g_j_0__fedp/g_red_tree_2__g_add_0__reduce_add/adder/countLeadingZeros_close/U5/Y (NOR2XB_X0P7M_A9TR)                       0.07      0.08 *     4.34 r                   0.90
  g_blocks_0__tcu_fp/g_i_6__g_j_0__fedp/g_red_tree_2__g_add_0__reduce_add/adder/countLeadingZeros_close/n59 (net)                            3                   0.00       4.34 r                   
  g_blocks_0__tcu_fp/g_i_6__g_j_0__fedp/g_red_tree_2__g_add_0__reduce_add/adder/countLeadingZeros_close/U6/Y (INV_X0P7M_A9TR)                          0.02      0.03 *     4.36 f                   0.90
  g_blocks_0__tcu_fp/g_i_6__g_j_0__fedp/g_red_tree_2__g_add_0__reduce_add/adder/countLeadingZeros_close/n48 (net)                            1                   0.00       4.36 f                   
  g_blocks_0__tcu_fp/g_i_6__g_j_0__fedp/g_red_tree_2__g_add_0__reduce_add/adder/countLeadingZeros_close/U7/Y (NOR3_X1M_A9TR)                           0.10      0.08 *     4.44 r                   0.90
  g_blocks_0__tcu_fp/g_i_6__g_j_0__fedp/g_red_tree_2__g_add_0__reduce_add/adder/countLeadingZeros_close/n50 (net)                            3                   0.00       4.44 r                   
  g_blocks_0__tcu_fp/g_i_6__g_j_0__fedp/g_red_tree_2__g_add_0__reduce_add/adder/countLeadingZeros_close/U10/Y (NAND2XB_X0P7M_A9TR)                     0.05      0.05 *     4.49 f                   0.90
  g_blocks_0__tcu_fp/g_i_6__g_j_0__fedp/g_red_tree_2__g_add_0__reduce_add/adder/countLeadingZeros_close/n56 (net)                            3                   0.00       4.49 f                   
  g_blocks_0__tcu_fp/g_i_6__g_j_0__fedp/g_red_tree_2__g_add_0__reduce_add/adder/countLeadingZeros_close/U11/Y (NOR3_X0P7M_A9TR)                        0.09      0.08 *     4.57 r                   0.90
  g_blocks_0__tcu_fp/g_i_6__g_j_0__fedp/g_red_tree_2__g_add_0__reduce_add/adder/countLeadingZeros_close/n63 (net)                            2                   0.00       4.57 r                   
  g_blocks_0__tcu_fp/g_i_6__g_j_0__fedp/g_red_tree_2__g_add_0__reduce_add/adder/countLeadingZeros_close/U12/Y (AOI22_X0P5M_A9TR)                       0.05      0.05 *     4.62 f                   0.90
  g_blocks_0__tcu_fp/g_i_6__g_j_0__fedp/g_red_tree_2__g_add_0__reduce_add/adder/countLeadingZeros_close/n51 (net)                            1                   0.00       4.62 f                   
  g_blocks_0__tcu_fp/g_i_6__g_j_0__fedp/g_red_tree_2__g_add_0__reduce_add/adder/countLeadingZeros_close/U14/Y (AND2_X0P7M_A9TR)                        0.02      0.06 *     4.68 f                   0.90
  g_blocks_0__tcu_fp/g_i_6__g_j_0__fedp/g_red_tree_2__g_add_0__reduce_add/adder/countLeadingZeros_close/n61 (net)                            2                   0.00       4.68 f                   
  g_blocks_0__tcu_fp/g_i_6__g_j_0__fedp/g_red_tree_2__g_add_0__reduce_add/adder/countLeadingZeros_close/U23/Y (NAND3XXB_X1M_A9TR)                      0.20      0.11 *     4.80 r                   0.90
  g_blocks_0__tcu_fp/g_i_6__g_j_0__fedp/g_red_tree_2__g_add_0__reduce_add/adder/countLeadingZeros_close/count[0] (net)                      14                   0.00       4.80 r                   
  g_blocks_0__tcu_fp/g_i_6__g_j_0__fedp/g_red_tree_2__g_add_0__reduce_add/adder/countLeadingZeros_close/count[0] (countLeadingZeros_57)                          0.00       4.80 r                   
  g_blocks_0__tcu_fp/g_i_6__g_j_0__fedp/g_red_tree_2__g_add_0__reduce_add/adder/close_normDistReduced2[0] (net)                                                  0.00       4.80 r                   
  g_blocks_0__tcu_fp/g_i_6__g_j_0__fedp/g_red_tree_2__g_add_0__reduce_add/adder/U694/Y (INV_X0P7M_A9TR)                                                0.10      0.11 *     4.91 f                   0.90
  g_blocks_0__tcu_fp/g_i_6__g_j_0__fedp/g_red_tree_2__g_add_0__reduce_add/adder/n1390 (net)                                                 12                   0.00       4.91 f                   
  g_blocks_0__tcu_fp/g_i_6__g_j_0__fedp/g_red_tree_2__g_add_0__reduce_add/adder/U118/Y (NOR2_X0P5B_A9TR)                                               0.24      0.17 *     5.08 r                   0.90
  g_blocks_0__tcu_fp/g_i_6__g_j_0__fedp/g_red_tree_2__g_add_0__reduce_add/adder/n1220 (net)                                                 14                   0.00       5.08 r                   
  g_blocks_0__tcu_fp/g_i_6__g_j_0__fedp/g_red_tree_2__g_add_0__reduce_add/adder/U170/Y (AOI222_X0P7M_A9TR)                                             0.12      0.11 *     5.19 f                   0.90
  g_blocks_0__tcu_fp/g_i_6__g_j_0__fedp/g_red_tree_2__g_add_0__reduce_add/adder/n1134 (net)                                                  2                   0.00       5.19 f                   
  g_blocks_0__tcu_fp/g_i_6__g_j_0__fedp/g_red_tree_2__g_add_0__reduce_add/adder/U171/Y (AOI22_X0P5M_A9TR)                                              0.10      0.09 *     5.28 r                   0.90
  g_blocks_0__tcu_fp/g_i_6__g_j_0__fedp/g_red_tree_2__g_add_0__reduce_add/adder/n1226 (net)                                                  2                   0.00       5.28 r                   
  g_blocks_0__tcu_fp/g_i_6__g_j_0__fedp/g_red_tree_2__g_add_0__reduce_add/adder/U573/Y (AOI32_X0P5M_A9TR)                                              0.07      0.06 *     5.35 f                   0.90
  g_blocks_0__tcu_fp/g_i_6__g_j_0__fedp/g_red_tree_2__g_add_0__reduce_add/adder/n1285 (net)                                                  2                   0.00       5.35 f                   
  g_blocks_0__tcu_fp/g_i_6__g_j_0__fedp/g_red_tree_2__g_add_0__reduce_add/adder/U622/Y (NAND2_X0P5M_A9TR)                                              0.08      0.08 *     5.42 r                   0.90
  g_blocks_0__tcu_fp/g_i_6__g_j_0__fedp/g_red_tree_2__g_add_0__reduce_add/adder/n1292 (net)                                                  2                   0.00       5.42 r                   
  g_blocks_0__tcu_fp/g_i_6__g_j_0__fedp/g_red_tree_2__g_add_0__reduce_add/adder/U632/Y (OAI221_X0P5M_A9TR)                                             0.08      0.06 *     5.48 f                   0.90
  g_blocks_0__tcu_fp/g_i_6__g_j_0__fedp/g_red_tree_2__g_add_0__reduce_add/adder/n1304 (net)                                                  1                   0.00       5.48 f                   
  g_blocks_0__tcu_fp/g_i_6__g_j_0__fedp/g_red_tree_2__g_add_0__reduce_add/adder/U636/Y (OAI31_X0P7M_A9TR)                                              0.10      0.08 *     5.56 r                   0.90
  g_blocks_0__tcu_fp/g_i_6__g_j_0__fedp/g_red_tree_2__g_add_0__reduce_add/adder/out_sign (net)                                               1                   0.00       5.56 r                   
  g_blocks_0__tcu_fp/g_i_6__g_j_0__fedp/g_red_tree_2__g_add_0__reduce_add/adder/out_sign (addRecFNToRaw_57)                                                      0.00       5.56 r                   
  g_blocks_0__tcu_fp/g_i_6__g_j_0__fedp/g_red_tree_2__g_add_0__reduce_add/s1_sign (net)                                                                          0.00       5.56 r                   
  g_blocks_0__tcu_fp/g_i_6__g_j_0__fedp/g_red_tree_2__g_add_0__reduce_add/pipe_add/data_in[40] (VX_pipe_register_32_57)                                          0.00       5.56 r                   
  g_blocks_0__tcu_fp/g_i_6__g_j_0__fedp/g_red_tree_2__g_add_0__reduce_add/pipe_add/data_in[40] (net)                                                             0.00       5.56 r                   
  g_blocks_0__tcu_fp/g_i_6__g_j_0__fedp/g_red_tree_2__g_add_0__reduce_add/pipe_add/g_shift_register/data_in[40] (VX_shift_register_45_0_2_0_57)                  0.00       5.56 r                   
  g_blocks_0__tcu_fp/g_i_6__g_j_0__fedp/g_red_tree_2__g_add_0__reduce_add/pipe_add/g_shift_register/data_in[40] (net)                                            0.00       5.56 r                   
  g_blocks_0__tcu_fp/g_i_6__g_j_0__fedp/g_red_tree_2__g_add_0__reduce_add/pipe_add/g_shift_register/g_shift_pipe_reg_0__40_/D (DFFQ_X0P5M_A9TR)        0.10      0.00 *     5.56 r                   0.90
  data arrival time                                                                                                                                                         5.56                     

  clock CLK (rise edge)                                                                                                                                          9.90       9.90                     
  clock network delay (ideal)                                                                                                                                    0.00       9.90                     
  g_blocks_0__tcu_fp/g_i_6__g_j_0__fedp/g_red_tree_2__g_add_0__reduce_add/pipe_add/g_shift_register/g_shift_pipe_reg_0__40_/CK (DFFQ_X0P5M_A9TR)                 0.00       9.90 r                   
  library setup time                                                                                                                                            -0.06       9.84                     
  data required time                                                                                                                                                        9.84                     
  ----------------------------------------------------------------------------------------------------------------------------------------------------------------------------------------------------------------
  data required time                                                                                                                                                        9.84                     
  data arrival time                                                                                                                                                        -5.56                     
  ----------------------------------------------------------------------------------------------------------------------------------------------------------------------------------------------------------------
  slack (MET)                                                                                                                                                               4.28                     


  Startpoint: g_blocks_0__tcu_fp/g_i_5__g_j_3__fedp/pipe_c/g_shift_register/g_shift_pipe_reg_12__23_
              (rising edge-triggered flip-flop clocked by CLK)
  Endpoint: g_blocks_0__tcu_fp/g_i_5__g_j_3__fedp/final_add/pipe_add/g_shift_register/g_shift_pipe_reg_0__40_
            (rising edge-triggered flip-flop clocked by CLK)
  Scenario: mode_norm.OC_rvt_ss_0p900v_125c
  Path Group: CLK
  Path Type: max

Attributes:
    d - dont_touch
    u - dont_use
   mo - map_only
   so - size_only
    i - ideal_net or ideal_network
  inf - infeasible path

  Point                                                                                                          Fanout     Trans      Incr       Path      Attributes     Voltage
  --------------------------------------------------------------------------------------------------------------------------------------------------------------------------------------
  clock CLK (rise edge)                                                                                                                0.00       0.00                     
  clock network delay (ideal)                                                                                                          0.00       0.00                     
  g_blocks_0__tcu_fp/g_i_5__g_j_3__fedp/pipe_c/g_shift_register/g_shift_pipe_reg_12__23_/CK (DFFQ_X0P5M_A9TR)                0.00      0.00       0.00 r                   0.90
  g_blocks_0__tcu_fp/g_i_5__g_j_3__fedp/pipe_c/g_shift_register/g_shift_pipe_reg_12__23_/Q (DFFQ_X0P5M_A9TR)                 0.02      0.11       0.11 f                   0.90
  g_blocks_0__tcu_fp/g_i_5__g_j_3__fedp/pipe_c/g_shift_register/data_out[23] (net)                                 1                   0.00       0.11 f                   
  g_blocks_0__tcu_fp/g_i_5__g_j_3__fedp/pipe_c/g_shift_register/data_out[23] (VX_shift_register_33_0_13_0_8)                           0.00       0.11 f                   
  g_blocks_0__tcu_fp/g_i_5__g_j_3__fedp/pipe_c/data_out[23] (net)                                                                      0.00       0.11 f                   
  g_blocks_0__tcu_fp/g_i_5__g_j_3__fedp/pipe_c/data_out[23] (VX_pipe_register_22_8)                                                    0.00       0.11 f                   
  g_blocks_0__tcu_fp/g_i_5__g_j_3__fedp/c_delayed[23] (net)                                                                            0.00       0.11 f                   
  g_blocks_0__tcu_fp/g_i_5__g_j_3__fedp/final_add/b[23] (VX_tcu_bhf_fadd_1_8)                                                          0.00       0.11 f                   
  g_blocks_0__tcu_fp/g_i_5__g_j_3__fedp/final_add/b[23] (net)                                                                          0.00       0.11 f                   
  g_blocks_0__tcu_fp/g_i_5__g_j_3__fedp/final_add/adder/b[23] (addRecFNToRaw_64)                                                       0.00       0.11 f                   
  g_blocks_0__tcu_fp/g_i_5__g_j_3__fedp/final_add/adder/b[23] (net)                                                                    0.00       0.11 f                   
  g_blocks_0__tcu_fp/g_i_5__g_j_3__fedp/final_add/adder/recFNToRawFN_b/in[23] (recFNToRawFN_1_137)                                     0.00       0.11 f                   
  g_blocks_0__tcu_fp/g_i_5__g_j_3__fedp/final_add/adder/recFNToRawFN_b/in[23] (net)                                                    0.00       0.11 f                   
  g_blocks_0__tcu_fp/g_i_5__g_j_3__fedp/final_add/adder/recFNToRawFN_b/U2/Y (BUF_X1M_A9TR)                                   0.02      0.04 *     0.16 f                   0.90
  g_blocks_0__tcu_fp/g_i_5__g_j_3__fedp/final_add/adder/recFNToRawFN_b/sExp[0] (net)                               3                   0.00       0.16 f                   
  g_blocks_0__tcu_fp/g_i_5__g_j_3__fedp/final_add/adder/recFNToRawFN_b/sExp[0] (recFNToRawFN_1_137)                                    0.00       0.16 f                   
  g_blocks_0__tcu_fp/g_i_5__g_j_3__fedp/final_add/adder/sExpB[0] (net)                                                                 0.00       0.16 f                   
  g_blocks_0__tcu_fp/g_i_5__g_j_3__fedp/final_add/adder/U9/Y (NOR2XB_X0P7M_A9TR)                                             0.05      0.07 *     0.22 f                   0.90
  g_blocks_0__tcu_fp/g_i_5__g_j_3__fedp/final_add/adder/n880 (net)                                                 3                   0.00       0.22 f                   
  g_blocks_0__tcu_fp/g_i_5__g_j_3__fedp/final_add/adder/U11/CON (CGENI_X1M_A9TR)                                             0.08      0.08 *     0.30 r                   0.90
  g_blocks_0__tcu_fp/g_i_5__g_j_3__fedp/final_add/adder/n858 (net)                                                 2                   0.00       0.30 r                   
  g_blocks_0__tcu_fp/g_i_5__g_j_3__fedp/final_add/adder/U12/CON (CGENI_X1M_A9TR)                                             0.06      0.06 *     0.36 f                   0.90
  g_blocks_0__tcu_fp/g_i_5__g_j_3__fedp/final_add/adder/n859 (net)                                                 2                   0.00       0.36 f                   
  g_blocks_0__tcu_fp/g_i_5__g_j_3__fedp/final_add/adder/U34/CON (CGENI_X1M_A9TR)                                             0.07      0.07 *     0.43 r                   0.90
  g_blocks_0__tcu_fp/g_i_5__g_j_3__fedp/final_add/adder/n1358 (net)                                                2                   0.00       0.43 r                   
  g_blocks_0__tcu_fp/g_i_5__g_j_3__fedp/final_add/adder/U691/CON (CGENI_X1M_A9TR)                                            0.05      0.05 *     0.48 f                   0.90
  g_blocks_0__tcu_fp/g_i_5__g_j_3__fedp/final_add/adder/intadd_2878_CI (net)                                       1                   0.00       0.48 f                   
  g_blocks_0__tcu_fp/g_i_5__g_j_3__fedp/final_add/adder/intadd_2878_U5/CO (ADDF_X1M_A9TR)                                    0.03      0.09 *     0.57 f    mo             0.90
  g_blocks_0__tcu_fp/g_i_5__g_j_3__fedp/final_add/adder/intadd_2878_n4 (net)                                       1                   0.00       0.57 f                   
  g_blocks_0__tcu_fp/g_i_5__g_j_3__fedp/final_add/adder/intadd_2878_U4/CO (ADDF_X1M_A9TR)                                    0.03      0.08 *     0.65 f    mo             0.90
  g_blocks_0__tcu_fp/g_i_5__g_j_3__fedp/final_add/adder/intadd_2878_n3 (net)                                       1                   0.00       0.65 f                   
  g_blocks_0__tcu_fp/g_i_5__g_j_3__fedp/final_add/adder/intadd_2878_U3/CO (ADDF_X1M_A9TR)                                    0.03      0.08 *     0.74 f    mo             0.90
  g_blocks_0__tcu_fp/g_i_5__g_j_3__fedp/final_add/adder/intadd_2878_n2 (net)                                       1                   0.00       0.74 f                   
  g_blocks_0__tcu_fp/g_i_5__g_j_3__fedp/final_add/adder/intadd_2878_U2/CO (ADDF_X1M_A9TR)                                    0.24      0.22 *     0.96 f    mo             0.90
  g_blocks_0__tcu_fp/g_i_5__g_j_3__fedp/final_add/adder/intadd_2878_n1 (net)                                      66                   0.00       0.96 f                   
  g_blocks_0__tcu_fp/g_i_5__g_j_3__fedp/final_add/adder/U98/Y (INV_X0P7M_A9TR)                                               0.22      0.21 *     1.17 r                   0.90
  g_blocks_0__tcu_fp/g_i_5__g_j_3__fedp/final_add/adder/n1370 (net)                                               19                   0.00       1.17 r                   
  g_blocks_0__tcu_fp/g_i_5__g_j_3__fedp/final_add/adder/U55/Y (NAND2_X0P7B_A9TR)                                             0.22      0.19 *     1.36 f                   0.90
  g_blocks_0__tcu_fp/g_i_5__g_j_3__fedp/final_add/adder/n1352 (net)                                               23                   0.00       1.36 f                   
  g_blocks_0__tcu_fp/g_i_5__g_j_3__fedp/final_add/adder/U638/Y (OAI22_X0P5M_A9TR)                                            0.11      0.10 *     1.46 r                   0.90
  g_blocks_0__tcu_fp/g_i_5__g_j_3__fedp/final_add/adder/n1308 (net)                                                1                   0.00       1.46 r                   
  g_blocks_0__tcu_fp/g_i_5__g_j_3__fedp/final_add/adder/U639/Y (AOI21_X0P7M_A9TR)                                            0.11      0.07 *     1.53 f                   0.90
  g_blocks_0__tcu_fp/g_i_5__g_j_3__fedp/final_add/adder/intadd_2877_B_0_ (net)                                     1                   0.00       1.53 f                   
  g_blocks_0__tcu_fp/g_i_5__g_j_3__fedp/final_add/adder/intadd_2877_U24/CO (ADDF_X1M_A9TR)                                   0.03      0.12 *     1.65 f    mo             0.90
  g_blocks_0__tcu_fp/g_i_5__g_j_3__fedp/final_add/adder/intadd_2877_n23 (net)                                      1                   0.00       1.65 f                   
  g_blocks_0__tcu_fp/g_i_5__g_j_3__fedp/final_add/adder/intadd_2877_U23/CO (ADDF_X1M_A9TR)                                   0.03      0.08 *     1.74 f    mo             0.90
  g_blocks_0__tcu_fp/g_i_5__g_j_3__fedp/final_add/adder/intadd_2877_n22 (net)                                      1                   0.00       1.74 f                   
  g_blocks_0__tcu_fp/g_i_5__g_j_3__fedp/final_add/adder/intadd_2877_U22/CO (ADDF_X1M_A9TR)                                   0.03      0.08 *     1.82 f    mo             0.90
  g_blocks_0__tcu_fp/g_i_5__g_j_3__fedp/final_add/adder/intadd_2877_n21 (net)                                      1                   0.00       1.82 f                   
  g_blocks_0__tcu_fp/g_i_5__g_j_3__fedp/final_add/adder/intadd_2877_U21/CO (ADDF_X1M_A9TR)                                   0.04      0.09 *     1.91 f    mo             0.90
  g_blocks_0__tcu_fp/g_i_5__g_j_3__fedp/final_add/adder/intadd_2877_n20 (net)                                      1                   0.00       1.91 f                   
  g_blocks_0__tcu_fp/g_i_5__g_j_3__fedp/final_add/adder/intadd_2877_U20/CO (ADDF_X1M_A9TR)                                   0.03      0.09 *     1.99 f    mo             0.90
  g_blocks_0__tcu_fp/g_i_5__g_j_3__fedp/final_add/adder/intadd_2877_n19 (net)                                      1                   0.00       1.99 f                   
  g_blocks_0__tcu_fp/g_i_5__g_j_3__fedp/final_add/adder/intadd_2877_U19/CO (ADDF_X1M_A9TR)                                   0.03      0.09 *     2.08 f    mo             0.90
  g_blocks_0__tcu_fp/g_i_5__g_j_3__fedp/final_add/adder/intadd_2877_n18 (net)                                      1                   0.00       2.08 f                   
  g_blocks_0__tcu_fp/g_i_5__g_j_3__fedp/final_add/adder/intadd_2877_U18/CO (ADDF_X1M_A9TR)                                   0.04      0.09 *     2.16 f    mo             0.90
  g_blocks_0__tcu_fp/g_i_5__g_j_3__fedp/final_add/adder/intadd_2877_n17 (net)                                      1                   0.00       2.16 f                   
  g_blocks_0__tcu_fp/g_i_5__g_j_3__fedp/final_add/adder/intadd_2877_U17/CO (ADDF_X1M_A9TR)                                   0.03      0.09 *     2.25 f    mo             0.90
  g_blocks_0__tcu_fp/g_i_5__g_j_3__fedp/final_add/adder/intadd_2877_n16 (net)                                      1                   0.00       2.25 f                   
  g_blocks_0__tcu_fp/g_i_5__g_j_3__fedp/final_add/adder/intadd_2877_U16/CO (ADDF_X1M_A9TR)                                   0.03      0.08 *     2.33 f    mo             0.90
  g_blocks_0__tcu_fp/g_i_5__g_j_3__fedp/final_add/adder/intadd_2877_n15 (net)                                      1                   0.00       2.33 f                   
  g_blocks_0__tcu_fp/g_i_5__g_j_3__fedp/final_add/adder/intadd_2877_U15/CO (ADDF_X1M_A9TR)                                   0.03      0.08 *     2.42 f    mo             0.90
  g_blocks_0__tcu_fp/g_i_5__g_j_3__fedp/final_add/adder/intadd_2877_n14 (net)                                      1                   0.00       2.42 f                   
  g_blocks_0__tcu_fp/g_i_5__g_j_3__fedp/final_add/adder/intadd_2877_U14/CO (ADDF_X1M_A9TR)                                   0.03      0.08 *     2.50 f    mo             0.90
  g_blocks_0__tcu_fp/g_i_5__g_j_3__fedp/final_add/adder/intadd_2877_n13 (net)                                      1                   0.00       2.50 f                   
  g_blocks_0__tcu_fp/g_i_5__g_j_3__fedp/final_add/adder/intadd_2877_U13/CO (ADDF_X1M_A9TR)                                   0.03      0.08 *     2.58 f    mo             0.90
  g_blocks_0__tcu_fp/g_i_5__g_j_3__fedp/final_add/adder/intadd_2877_n12 (net)                                      1                   0.00       2.58 f                   
  g_blocks_0__tcu_fp/g_i_5__g_j_3__fedp/final_add/adder/intadd_2877_U12/CO (ADDF_X1M_A9TR)                                   0.03      0.08 *     2.67 f    mo             0.90
  g_blocks_0__tcu_fp/g_i_5__g_j_3__fedp/final_add/adder/intadd_2877_n11 (net)                                      1                   0.00       2.67 f                   
  g_blocks_0__tcu_fp/g_i_5__g_j_3__fedp/final_add/adder/intadd_2877_U11/CO (ADDF_X1M_A9TR)                                   0.03      0.08 *     2.75 f    mo             0.90
  g_blocks_0__tcu_fp/g_i_5__g_j_3__fedp/final_add/adder/intadd_2877_n10 (net)                                      1                   0.00       2.75 f                   
  g_blocks_0__tcu_fp/g_i_5__g_j_3__fedp/final_add/adder/intadd_2877_U10/CO (ADDF_X1M_A9TR)                                   0.03      0.08 *     2.84 f    mo             0.90
  g_blocks_0__tcu_fp/g_i_5__g_j_3__fedp/final_add/adder/intadd_2877_n9 (net)                                       1                   0.00       2.84 f                   
  g_blocks_0__tcu_fp/g_i_5__g_j_3__fedp/final_add/adder/intadd_2877_U9/CO (ADDF_X1M_A9TR)                                    0.03      0.08 *     2.92 f    mo             0.90
  g_blocks_0__tcu_fp/g_i_5__g_j_3__fedp/final_add/adder/intadd_2877_n8 (net)                                       1                   0.00       2.92 f                   
  g_blocks_0__tcu_fp/g_i_5__g_j_3__fedp/final_add/adder/intadd_2877_U8/CO (ADDF_X1M_A9TR)                                    0.03      0.08 *     3.00 f    mo             0.90
  g_blocks_0__tcu_fp/g_i_5__g_j_3__fedp/final_add/adder/intadd_2877_n7 (net)                                       1                   0.00       3.00 f                   
  g_blocks_0__tcu_fp/g_i_5__g_j_3__fedp/final_add/adder/intadd_2877_U7/CO (ADDF_X1M_A9TR)                                    0.03      0.08 *     3.09 f    mo             0.90
  g_blocks_0__tcu_fp/g_i_5__g_j_3__fedp/final_add/adder/intadd_2877_n6 (net)                                       1                   0.00       3.09 f                   
  g_blocks_0__tcu_fp/g_i_5__g_j_3__fedp/final_add/adder/intadd_2877_U6/CO (ADDF_X1M_A9TR)                                    0.03      0.08 *     3.17 f    mo             0.90
  g_blocks_0__tcu_fp/g_i_5__g_j_3__fedp/final_add/adder/intadd_2877_n5 (net)                                       1                   0.00       3.17 f                   
  g_blocks_0__tcu_fp/g_i_5__g_j_3__fedp/final_add/adder/intadd_2877_U5/CO (ADDF_X1M_A9TR)                                    0.03      0.08 *     3.26 f    mo             0.90
  g_blocks_0__tcu_fp/g_i_5__g_j_3__fedp/final_add/adder/intadd_2877_n4 (net)                                       1                   0.00       3.26 f                   
  g_blocks_0__tcu_fp/g_i_5__g_j_3__fedp/final_add/adder/intadd_2877_U4/CO (ADDF_X1M_A9TR)                                    0.03      0.08 *     3.34 f    mo             0.90
  g_blocks_0__tcu_fp/g_i_5__g_j_3__fedp/final_add/adder/intadd_2877_n3 (net)                                       1                   0.00       3.34 f                   
  g_blocks_0__tcu_fp/g_i_5__g_j_3__fedp/final_add/adder/intadd_2877_U3/CO (ADDF_X1M_A9TR)                                    0.03      0.08 *     3.42 f    mo             0.90
  g_blocks_0__tcu_fp/g_i_5__g_j_3__fedp/final_add/adder/intadd_2877_n2 (net)                                       1                   0.00       3.42 f                   
  g_blocks_0__tcu_fp/g_i_5__g_j_3__fedp/final_add/adder/intadd_2877_U2/CO (ADDF_X1M_A9TR)                                    0.03      0.08 *     3.51 f    mo             0.90
  g_blocks_0__tcu_fp/g_i_5__g_j_3__fedp/final_add/adder/intadd_2877_n1 (net)                                       2                   0.00       3.51 f                   
  g_blocks_0__tcu_fp/g_i_5__g_j_3__fedp/final_add/adder/U57/Y (OAI21_X1M_A9TR)                                               0.23      0.11 *     3.61 r                   0.90
  g_blocks_0__tcu_fp/g_i_5__g_j_3__fedp/final_add/adder/n1294 (net)                                               12                   0.00       3.61 r                   
  g_blocks_0__tcu_fp/g_i_5__g_j_3__fedp/final_add/adder/U431/Y (INV_X0P7M_A9TR)                                              0.20      0.20 *     3.81 f                   0.90
  g_blocks_0__tcu_fp/g_i_5__g_j_3__fedp/final_add/adder/n1387 (net)                                               29                   0.00       3.81 f                   
  g_blocks_0__tcu_fp/g_i_5__g_j_3__fedp/final_add/adder/U545/Y (NAND3_X0P7M_A9TR)                                            0.08      0.08 *     3.89 r                   0.90
  g_blocks_0__tcu_fp/g_i_5__g_j_3__fedp/final_add/adder/n1185 (net)                                                1                   0.00       3.89 r                   
  g_blocks_0__tcu_fp/g_i_5__g_j_3__fedp/final_add/adder/U546/Y (AO21A1AI2_X0P7M_A9TR)                                        0.10      0.07 *     3.96 f                   0.90
  g_blocks_0__tcu_fp/g_i_5__g_j_3__fedp/final_add/adder/close_sigSum[23] (net)                                     3                   0.00       3.96 f                   
  g_blocks_0__tcu_fp/g_i_5__g_j_3__fedp/final_add/adder/compressBy2_close_sigSum/in[23] (compressBy2_64)                               0.00       3.96 f                   
  g_blocks_0__tcu_fp/g_i_5__g_j_3__fedp/final_add/adder/compressBy2_close_sigSum/in[23] (net)                                          0.00       3.96 f                   
  g_blocks_0__tcu_fp/g_i_5__g_j_3__fedp/final_add/adder/compressBy2_close_sigSum/U5/Y (OR2_X0P7B_A9TR)                       0.02      0.07 *     4.03 f                   0.90
  g_blocks_0__tcu_fp/g_i_5__g_j_3__fedp/final_add/adder/compressBy2_close_sigSum/out[11] (net)                     1                   0.00       4.03 f                   
  g_blocks_0__tcu_fp/g_i_5__g_j_3__fedp/final_add/adder/compressBy2_close_sigSum/out[11] (compressBy2_64)                              0.00       4.03 f                   
  g_blocks_0__tcu_fp/g_i_5__g_j_3__fedp/final_add/adder/close_reduced2SigSum[11] (net)                                                 0.00       4.03 f                   
  g_blocks_0__tcu_fp/g_i_5__g_j_3__fedp/final_add/adder/countLeadingZeros_close/in[11] (countLeadingZeros_64)                          0.00       4.03 f                   
  g_blocks_0__tcu_fp/g_i_5__g_j_3__fedp/final_add/adder/countLeadingZeros_close/in[11] (net)                                           0.00       4.03 f                   
  g_blocks_0__tcu_fp/g_i_5__g_j_3__fedp/final_add/adder/countLeadingZeros_close/reverse_in/in[11] (reverse_66)                         0.00       4.03 f                   
  g_blocks_0__tcu_fp/g_i_5__g_j_3__fedp/final_add/adder/countLeadingZeros_close/reverse_in/in[11] (net)                                0.00       4.03 f                   
  g_blocks_0__tcu_fp/g_i_5__g_j_3__fedp/final_add/adder/countLeadingZeros_close/reverse_in/U1/Y (BUF_X1M_A9TR)               0.02      0.05 *     4.07 f                   0.90
  g_blocks_0__tcu_fp/g_i_5__g_j_3__fedp/final_add/adder/countLeadingZeros_close/reverse_in/out[1] (net)            3                   0.00       4.07 f                   
  g_blocks_0__tcu_fp/g_i_5__g_j_3__fedp/final_add/adder/countLeadingZeros_close/reverse_in/out[1] (reverse_66)                         0.00       4.07 f                   
  g_blocks_0__tcu_fp/g_i_5__g_j_3__fedp/final_add/adder/countLeadingZeros_close/reverseIn[1] (net)                                     0.00       4.07 f                   
  g_blocks_0__tcu_fp/g_i_5__g_j_3__fedp/final_add/adder/countLeadingZeros_close/U3/Y (NOR3_X1M_A9TR)                         0.07      0.06 *     4.14 r                   0.90
  g_blocks_0__tcu_fp/g_i_5__g_j_3__fedp/final_add/adder/countLeadingZeros_close/n49 (net)                          2                   0.00       4.14 r                   
  g_blocks_0__tcu_fp/g_i_5__g_j_3__fedp/final_add/adder/countLeadingZeros_close/U4/Y (NOR2XB_X0P7M_A9TR)                     0.05      0.08 *     4.21 r                   0.90
  g_blocks_0__tcu_fp/g_i_5__g_j_3__fedp/final_add/adder/countLeadingZeros_close/n64 (net)                          2                   0.00       4.21 r                   
  g_blocks_0__tcu_fp/g_i_5__g_j_3__fedp/final_add/adder/countLeadingZeros_close/U5/Y (NOR2XB_X0P7M_A9TR)                     0.07      0.08 *     4.30 r                   0.90
  g_blocks_0__tcu_fp/g_i_5__g_j_3__fedp/final_add/adder/countLeadingZeros_close/n59 (net)                          3                   0.00       4.30 r                   
  g_blocks_0__tcu_fp/g_i_5__g_j_3__fedp/final_add/adder/countLeadingZeros_close/U6/Y (INV_X0P7M_A9TR)                        0.02      0.03 *     4.32 f                   0.90
  g_blocks_0__tcu_fp/g_i_5__g_j_3__fedp/final_add/adder/countLeadingZeros_close/n48 (net)                          1                   0.00       4.32 f                   
  g_blocks_0__tcu_fp/g_i_5__g_j_3__fedp/final_add/adder/countLeadingZeros_close/U7/Y (NOR3_X1M_A9TR)                         0.09      0.07 *     4.40 r                   0.90
  g_blocks_0__tcu_fp/g_i_5__g_j_3__fedp/final_add/adder/countLeadingZeros_close/n50 (net)                          3                   0.00       4.40 r                   
  g_blocks_0__tcu_fp/g_i_5__g_j_3__fedp/final_add/adder/countLeadingZeros_close/U10/Y (NAND2XB_X0P7M_A9TR)                   0.05      0.05 *     4.44 f                   0.90
  g_blocks_0__tcu_fp/g_i_5__g_j_3__fedp/final_add/adder/countLeadingZeros_close/n56 (net)                          3                   0.00       4.44 f                   
  g_blocks_0__tcu_fp/g_i_5__g_j_3__fedp/final_add/adder/countLeadingZeros_close/U11/Y (NOR3_X0P7M_A9TR)                      0.09      0.08 *     4.52 r                   0.90
  g_blocks_0__tcu_fp/g_i_5__g_j_3__fedp/final_add/adder/countLeadingZeros_close/n63 (net)                          2                   0.00       4.52 r                   
  g_blocks_0__tcu_fp/g_i_5__g_j_3__fedp/final_add/adder/countLeadingZeros_close/U12/Y (AOI22_X0P5M_A9TR)                     0.05      0.05 *     4.58 f                   0.90
  g_blocks_0__tcu_fp/g_i_5__g_j_3__fedp/final_add/adder/countLeadingZeros_close/n51 (net)                          1                   0.00       4.58 f                   
  g_blocks_0__tcu_fp/g_i_5__g_j_3__fedp/final_add/adder/countLeadingZeros_close/U14/Y (AND2_X0P7M_A9TR)                      0.03      0.06 *     4.64 f                   0.90
  g_blocks_0__tcu_fp/g_i_5__g_j_3__fedp/final_add/adder/countLeadingZeros_close/n61 (net)                          2                   0.00       4.64 f                   
  g_blocks_0__tcu_fp/g_i_5__g_j_3__fedp/final_add/adder/countLeadingZeros_close/U23/Y (NAND3XXB_X1M_A9TR)                    0.21      0.12 *     4.76 r                   0.90
  g_blocks_0__tcu_fp/g_i_5__g_j_3__fedp/final_add/adder/countLeadingZeros_close/count[0] (net)                    14                   0.00       4.76 r                   
  g_blocks_0__tcu_fp/g_i_5__g_j_3__fedp/final_add/adder/countLeadingZeros_close/count[0] (countLeadingZeros_64)                        0.00       4.76 r                   
  g_blocks_0__tcu_fp/g_i_5__g_j_3__fedp/final_add/adder/close_normDistReduced2[0] (net)                                                0.00       4.76 r                   
  g_blocks_0__tcu_fp/g_i_5__g_j_3__fedp/final_add/adder/U694/Y (INV_X0P7M_A9TR)                                              0.11      0.11 *     4.87 f                   0.90
  g_blocks_0__tcu_fp/g_i_5__g_j_3__fedp/final_add/adder/n1390 (net)                                               12                   0.00       4.87 f                   
  g_blocks_0__tcu_fp/g_i_5__g_j_3__fedp/final_add/adder/U118/Y (NOR2_X0P5B_A9TR)                                             0.24      0.18 *     5.05 r                   0.90
  g_blocks_0__tcu_fp/g_i_5__g_j_3__fedp/final_add/adder/n1220 (net)                                               14                   0.00       5.05 r                   
  g_blocks_0__tcu_fp/g_i_5__g_j_3__fedp/final_add/adder/U170/Y (AOI222_X0P7M_A9TR)                                           0.12      0.11 *     5.16 f                   0.90
  g_blocks_0__tcu_fp/g_i_5__g_j_3__fedp/final_add/adder/n1128 (net)                                                2                   0.00       5.16 f                   
  g_blocks_0__tcu_fp/g_i_5__g_j_3__fedp/final_add/adder/U171/Y (AOI22_X0P5M_A9TR)                                            0.10      0.09 *     5.26 r                   0.90
  g_blocks_0__tcu_fp/g_i_5__g_j_3__fedp/final_add/adder/n1226 (net)                                                2                   0.00       5.26 r                   
  g_blocks_0__tcu_fp/g_i_5__g_j_3__fedp/final_add/adder/U573/Y (AOI32_X0P5M_A9TR)                                            0.08      0.07 *     5.32 f                   0.90
  g_blocks_0__tcu_fp/g_i_5__g_j_3__fedp/final_add/adder/n1285 (net)                                                2                   0.00       5.32 f                   
  g_blocks_0__tcu_fp/g_i_5__g_j_3__fedp/final_add/adder/U622/Y (NAND2_X0P5M_A9TR)                                            0.10      0.08 *     5.41 r                   0.90
  g_blocks_0__tcu_fp/g_i_5__g_j_3__fedp/final_add/adder/n1292 (net)                                                2                   0.00       5.41 r                   
  g_blocks_0__tcu_fp/g_i_5__g_j_3__fedp/final_add/adder/U632/Y (OAI221_X0P5M_A9TR)                                           0.08      0.06 *     5.47 f                   0.90
  g_blocks_0__tcu_fp/g_i_5__g_j_3__fedp/final_add/adder/n1304 (net)                                                1                   0.00       5.47 f                   
  g_blocks_0__tcu_fp/g_i_5__g_j_3__fedp/final_add/adder/U636/Y (OAI31_X0P7M_A9TR)                                            0.10      0.08 *     5.55 r                   0.90
  g_blocks_0__tcu_fp/g_i_5__g_j_3__fedp/final_add/adder/out_sign (net)                                             1                   0.00       5.55 r                   
  g_blocks_0__tcu_fp/g_i_5__g_j_3__fedp/final_add/adder/out_sign (addRecFNToRaw_64)                                                    0.00       5.55 r                   
  g_blocks_0__tcu_fp/g_i_5__g_j_3__fedp/final_add/s1_sign (net)                                                                        0.00       5.55 r                   
  g_blocks_0__tcu_fp/g_i_5__g_j_3__fedp/final_add/pipe_add/data_in[40] (VX_pipe_register_32_64)                                        0.00       5.55 r                   
  g_blocks_0__tcu_fp/g_i_5__g_j_3__fedp/final_add/pipe_add/data_in[40] (net)                                                           0.00       5.55 r                   
  g_blocks_0__tcu_fp/g_i_5__g_j_3__fedp/final_add/pipe_add/g_shift_register/data_in[40] (VX_shift_register_45_0_2_0_64)                0.00       5.55 r                   
  g_blocks_0__tcu_fp/g_i_5__g_j_3__fedp/final_add/pipe_add/g_shift_register/data_in[40] (net)                                          0.00       5.55 r                   
  g_blocks_0__tcu_fp/g_i_5__g_j_3__fedp/final_add/pipe_add/g_shift_register/g_shift_pipe_reg_0__40_/D (DFFQ_X0P5M_A9TR)      0.10      0.00 *     5.55 r                   0.90
  data arrival time                                                                                                                               5.55                     

  clock CLK (rise edge)                                                                                                                9.90       9.90                     
  clock network delay (ideal)                                                                                                          0.00       9.90                     
  g_blocks_0__tcu_fp/g_i_5__g_j_3__fedp/final_add/pipe_add/g_shift_register/g_shift_pipe_reg_0__40_/CK (DFFQ_X0P5M_A9TR)               0.00       9.90 r                   
  library setup time                                                                                                                  -0.06       9.84                     
  data required time                                                                                                                              9.84                     
  --------------------------------------------------------------------------------------------------------------------------------------------------------------------------------------
  data required time                                                                                                                              9.84                     
  data arrival time                                                                                                                              -5.55                     
  --------------------------------------------------------------------------------------------------------------------------------------------------------------------------------------
  slack (MET)                                                                                                                                     4.29                     


  Startpoint: g_blocks_0__tcu_fp/g_i_7__g_j_2__fedp/g_red_tree_0__g_add_3__reduce_add/pipe_rnd/g_shift_register/g_shift_pipe_reg_0__28_
              (rising edge-triggered flip-flop clocked by CLK)
  Endpoint: g_blocks_0__tcu_fp/g_i_7__g_j_2__fedp/g_red_tree_1__g_add_1__reduce_add/pipe_add/g_shift_register/g_shift_pipe_reg_0__40_
            (rising edge-triggered flip-flop clocked by CLK)
  Scenario: mode_norm.OC_rvt_ss_0p900v_125c
  Path Group: CLK
  Path Type: max

Attributes:
    d - dont_touch
    u - dont_use
   mo - map_only
   so - size_only
    i - ideal_net or ideal_network
  inf - infeasible path

  Point                                                                                                                                   Fanout     Trans      Incr       Path      Attributes     Voltage
  ---------------------------------------------------------------------------------------------------------------------------------------------------------------------------------------------------------------
  clock CLK (rise edge)                                                                                                                                         0.00       0.00                     
  clock network delay (ideal)                                                                                                                                   0.00       0.00                     
  g_blocks_0__tcu_fp/g_i_7__g_j_2__fedp/g_red_tree_0__g_add_3__reduce_add/pipe_rnd/g_shift_register/g_shift_pipe_reg_0__28_/CK (DFFQ_X0P5M_A9TR)      0.00      0.00       0.00 r                   0.90
  g_blocks_0__tcu_fp/g_i_7__g_j_2__fedp/g_red_tree_0__g_add_3__reduce_add/pipe_rnd/g_shift_register/g_shift_pipe_reg_0__28_/Q (DFFQ_X0P5M_A9TR)       0.02      0.11       0.11 f                   0.90
  g_blocks_0__tcu_fp/g_i_7__g_j_2__fedp/g_red_tree_0__g_add_3__reduce_add/pipe_rnd/g_shift_register/data_out[28] (net)                      1                   0.00       0.11 f                   
  g_blocks_0__tcu_fp/g_i_7__g_j_2__fedp/g_red_tree_0__g_add_3__reduce_add/pipe_rnd/g_shift_register/data_out[28] (VX_shift_register_38_0_1_0_18)                0.00       0.11 f                   
  g_blocks_0__tcu_fp/g_i_7__g_j_2__fedp/g_red_tree_0__g_add_3__reduce_add/pipe_rnd/data_out[28] (net)                                                           0.00       0.11 f                   
  g_blocks_0__tcu_fp/g_i_7__g_j_2__fedp/g_red_tree_0__g_add_3__reduce_add/pipe_rnd/data_out[28] (VX_pipe_register_31_18)                                        0.00       0.11 f                   
  g_blocks_0__tcu_fp/g_i_7__g_j_2__fedp/g_red_tree_0__g_add_3__reduce_add/y[23] (net)                                                                           0.00       0.11 f                   
  g_blocks_0__tcu_fp/g_i_7__g_j_2__fedp/g_red_tree_0__g_add_3__reduce_add/y[23] (VX_tcu_bhf_fadd_11)                                                            0.00       0.11 f                   
  g_blocks_0__tcu_fp/g_i_7__g_j_2__fedp/red_in_1__3__23_ (net)                                                                                                  0.00       0.11 f                   
  g_blocks_0__tcu_fp/g_i_7__g_j_2__fedp/g_red_tree_1__g_add_1__reduce_add/b[23] (VX_tcu_bhf_fadd_9)                                                             0.00       0.11 f                   
  g_blocks_0__tcu_fp/g_i_7__g_j_2__fedp/g_red_tree_1__g_add_1__reduce_add/b[23] (net)                                                                           0.00       0.11 f                   
  g_blocks_0__tcu_fp/g_i_7__g_j_2__fedp/g_red_tree_1__g_add_1__reduce_add/adder/b[23] (addRecFNToRaw_10)                                                        0.00       0.11 f                   
  g_blocks_0__tcu_fp/g_i_7__g_j_2__fedp/g_red_tree_1__g_add_1__reduce_add/adder/b[23] (net)                                                                     0.00       0.11 f                   
  g_blocks_0__tcu_fp/g_i_7__g_j_2__fedp/g_red_tree_1__g_add_1__reduce_add/adder/recFNToRawFN_b/in[23] (recFNToRawFN_1_22)                                       0.00       0.11 f                   
  g_blocks_0__tcu_fp/g_i_7__g_j_2__fedp/g_red_tree_1__g_add_1__reduce_add/adder/recFNToRawFN_b/in[23] (net)                                                     0.00       0.11 f                   
  g_blocks_0__tcu_fp/g_i_7__g_j_2__fedp/g_red_tree_1__g_add_1__reduce_add/adder/recFNToRawFN_b/U2/Y (BUF_X1M_A9TR)                                    0.02      0.04 *     0.16 f                   0.90
  g_blocks_0__tcu_fp/g_i_7__g_j_2__fedp/g_red_tree_1__g_add_1__reduce_add/adder/recFNToRawFN_b/sExp[0] (net)                                3                   0.00       0.16 f                   
  g_blocks_0__tcu_fp/g_i_7__g_j_2__fedp/g_red_tree_1__g_add_1__reduce_add/adder/recFNToRawFN_b/sExp[0] (recFNToRawFN_1_22)                                      0.00       0.16 f                   
  g_blocks_0__tcu_fp/g_i_7__g_j_2__fedp/g_red_tree_1__g_add_1__reduce_add/adder/sExpB[0] (net)                                                                  0.00       0.16 f                   
  g_blocks_0__tcu_fp/g_i_7__g_j_2__fedp/g_red_tree_1__g_add_1__reduce_add/adder/U9/Y (NOR2XB_X0P7M_A9TR)                                              0.06      0.07 *     0.23 f                   0.90
  g_blocks_0__tcu_fp/g_i_7__g_j_2__fedp/g_red_tree_1__g_add_1__reduce_add/adder/n880 (net)                                                  3                   0.00       0.23 f                   
  g_blocks_0__tcu_fp/g_i_7__g_j_2__fedp/g_red_tree_1__g_add_1__reduce_add/adder/U11/CON (CGENI_X1M_A9TR)                                              0.08      0.08 *     0.30 r                   0.90
  g_blocks_0__tcu_fp/g_i_7__g_j_2__fedp/g_red_tree_1__g_add_1__reduce_add/adder/n858 (net)                                                  2                   0.00       0.30 r                   
  g_blocks_0__tcu_fp/g_i_7__g_j_2__fedp/g_red_tree_1__g_add_1__reduce_add/adder/U12/CON (CGENI_X1M_A9TR)                                              0.06      0.06 *     0.36 f                   0.90
  g_blocks_0__tcu_fp/g_i_7__g_j_2__fedp/g_red_tree_1__g_add_1__reduce_add/adder/n859 (net)                                                  2                   0.00       0.36 f                   
  g_blocks_0__tcu_fp/g_i_7__g_j_2__fedp/g_red_tree_1__g_add_1__reduce_add/adder/U34/CON (CGENI_X1M_A9TR)                                              0.06      0.07 *     0.43 r                   0.90
  g_blocks_0__tcu_fp/g_i_7__g_j_2__fedp/g_red_tree_1__g_add_1__reduce_add/adder/n1358 (net)                                                 2                   0.00       0.43 r                   
  g_blocks_0__tcu_fp/g_i_7__g_j_2__fedp/g_red_tree_1__g_add_1__reduce_add/adder/U691/CON (CGENI_X1M_A9TR)                                             0.05      0.05 *     0.48 f                   0.90
  g_blocks_0__tcu_fp/g_i_7__g_j_2__fedp/g_red_tree_1__g_add_1__reduce_add/adder/intadd_3710_CI (net)                                        1                   0.00       0.48 f                   
  g_blocks_0__tcu_fp/g_i_7__g_j_2__fedp/g_red_tree_1__g_add_1__reduce_add/adder/intadd_3710_U5/CO (ADDF_X1M_A9TR)                                     0.04      0.09 *     0.57 f    mo             0.90
  g_blocks_0__tcu_fp/g_i_7__g_j_2__fedp/g_red_tree_1__g_add_1__reduce_add/adder/intadd_3710_n4 (net)                                        1                   0.00       0.57 f                   
  g_blocks_0__tcu_fp/g_i_7__g_j_2__fedp/g_red_tree_1__g_add_1__reduce_add/adder/intadd_3710_U4/CO (ADDF_X1M_A9TR)                                     0.03      0.09 *     0.66 f    mo             0.90
  g_blocks_0__tcu_fp/g_i_7__g_j_2__fedp/g_red_tree_1__g_add_1__reduce_add/adder/intadd_3710_n3 (net)                                        1                   0.00       0.66 f                   
  g_blocks_0__tcu_fp/g_i_7__g_j_2__fedp/g_red_tree_1__g_add_1__reduce_add/adder/intadd_3710_U3/CO (ADDF_X1M_A9TR)                                     0.03      0.08 *     0.74 f    mo             0.90
  g_blocks_0__tcu_fp/g_i_7__g_j_2__fedp/g_red_tree_1__g_add_1__reduce_add/adder/intadd_3710_n2 (net)                                        1                   0.00       0.74 f                   
  g_blocks_0__tcu_fp/g_i_7__g_j_2__fedp/g_red_tree_1__g_add_1__reduce_add/adder/intadd_3710_U2/CO (ADDF_X1M_A9TR)                                     0.25      0.22 *     0.97 f    mo             0.90
  g_blocks_0__tcu_fp/g_i_7__g_j_2__fedp/g_red_tree_1__g_add_1__reduce_add/adder/intadd_3710_n1 (net)                                       67                   0.00       0.97 f                   
  g_blocks_0__tcu_fp/g_i_7__g_j_2__fedp/g_red_tree_1__g_add_1__reduce_add/adder/U104/Y (INV_X0P7M_A9TR)                                               0.21      0.21 *     1.17 r                   0.90
  g_blocks_0__tcu_fp/g_i_7__g_j_2__fedp/g_red_tree_1__g_add_1__reduce_add/adder/n1372 (net)                                                19                   0.00       1.17 r                   
  g_blocks_0__tcu_fp/g_i_7__g_j_2__fedp/g_red_tree_1__g_add_1__reduce_add/adder/U54/Y (NAND2_X0P7B_A9TR)                                              0.23      0.20 *     1.38 f                   0.90
  g_blocks_0__tcu_fp/g_i_7__g_j_2__fedp/g_red_tree_1__g_add_1__reduce_add/adder/n1352 (net)                                                23                   0.00       1.38 f                   
  g_blocks_0__tcu_fp/g_i_7__g_j_2__fedp/g_red_tree_1__g_add_1__reduce_add/adder/U638/Y (OAI22_X0P5M_A9TR)                                             0.11      0.10 *     1.48 r                   0.90
  g_blocks_0__tcu_fp/g_i_7__g_j_2__fedp/g_red_tree_1__g_add_1__reduce_add/adder/n1308 (net)                                                 1                   0.00       1.48 r                   
  g_blocks_0__tcu_fp/g_i_7__g_j_2__fedp/g_red_tree_1__g_add_1__reduce_add/adder/U639/Y (AOI21_X0P7M_A9TR)                                             0.11      0.07 *     1.55 f                   0.90
  g_blocks_0__tcu_fp/g_i_7__g_j_2__fedp/g_red_tree_1__g_add_1__reduce_add/adder/intadd_3709_B_0_ (net)                                      1                   0.00       1.55 f                   
  g_blocks_0__tcu_fp/g_i_7__g_j_2__fedp/g_red_tree_1__g_add_1__reduce_add/adder/intadd_3709_U24/CO (ADDF_X1M_A9TR)                                    0.03      0.12 *     1.67 f    mo             0.90
  g_blocks_0__tcu_fp/g_i_7__g_j_2__fedp/g_red_tree_1__g_add_1__reduce_add/adder/intadd_3709_n23 (net)                                       1                   0.00       1.67 f                   
  g_blocks_0__tcu_fp/g_i_7__g_j_2__fedp/g_red_tree_1__g_add_1__reduce_add/adder/intadd_3709_U23/CO (ADDF_X1M_A9TR)                                    0.03      0.08 *     1.75 f    mo             0.90
  g_blocks_0__tcu_fp/g_i_7__g_j_2__fedp/g_red_tree_1__g_add_1__reduce_add/adder/intadd_3709_n22 (net)                                       1                   0.00       1.75 f                   
  g_blocks_0__tcu_fp/g_i_7__g_j_2__fedp/g_red_tree_1__g_add_1__reduce_add/adder/intadd_3709_U22/CO (ADDF_X1M_A9TR)                                    0.03      0.08 *     1.84 f    mo             0.90
  g_blocks_0__tcu_fp/g_i_7__g_j_2__fedp/g_red_tree_1__g_add_1__reduce_add/adder/intadd_3709_n21 (net)                                       1                   0.00       1.84 f                   
  g_blocks_0__tcu_fp/g_i_7__g_j_2__fedp/g_red_tree_1__g_add_1__reduce_add/adder/intadd_3709_U21/CO (ADDF_X1M_A9TR)                                    0.03      0.08 *     1.92 f    mo             0.90
  g_blocks_0__tcu_fp/g_i_7__g_j_2__fedp/g_red_tree_1__g_add_1__reduce_add/adder/intadd_3709_n20 (net)                                       1                   0.00       1.92 f                   
  g_blocks_0__tcu_fp/g_i_7__g_j_2__fedp/g_red_tree_1__g_add_1__reduce_add/adder/intadd_3709_U20/CO (ADDF_X1M_A9TR)                                    0.03      0.08 *     2.01 f    mo             0.90
  g_blocks_0__tcu_fp/g_i_7__g_j_2__fedp/g_red_tree_1__g_add_1__reduce_add/adder/intadd_3709_n19 (net)                                       1                   0.00       2.01 f                   
  g_blocks_0__tcu_fp/g_i_7__g_j_2__fedp/g_red_tree_1__g_add_1__reduce_add/adder/intadd_3709_U19/CO (ADDF_X1M_A9TR)                                    0.03      0.08 *     2.09 f    mo             0.90
  g_blocks_0__tcu_fp/g_i_7__g_j_2__fedp/g_red_tree_1__g_add_1__reduce_add/adder/intadd_3709_n18 (net)                                       1                   0.00       2.09 f                   
  g_blocks_0__tcu_fp/g_i_7__g_j_2__fedp/g_red_tree_1__g_add_1__reduce_add/adder/intadd_3709_U18/CO (ADDF_X1M_A9TR)                                    0.03      0.09 *     2.18 f    mo             0.90
  g_blocks_0__tcu_fp/g_i_7__g_j_2__fedp/g_red_tree_1__g_add_1__reduce_add/adder/intadd_3709_n17 (net)                                       1                   0.00       2.18 f                   
  g_blocks_0__tcu_fp/g_i_7__g_j_2__fedp/g_red_tree_1__g_add_1__reduce_add/adder/intadd_3709_U17/CO (ADDF_X1M_A9TR)                                    0.03      0.08 *     2.26 f    mo             0.90
  g_blocks_0__tcu_fp/g_i_7__g_j_2__fedp/g_red_tree_1__g_add_1__reduce_add/adder/intadd_3709_n16 (net)                                       1                   0.00       2.26 f                   
  g_blocks_0__tcu_fp/g_i_7__g_j_2__fedp/g_red_tree_1__g_add_1__reduce_add/adder/intadd_3709_U16/CO (ADDF_X1M_A9TR)                                    0.03      0.08 *     2.34 f    mo             0.90
  g_blocks_0__tcu_fp/g_i_7__g_j_2__fedp/g_red_tree_1__g_add_1__reduce_add/adder/intadd_3709_n15 (net)                                       1                   0.00       2.34 f                   
  g_blocks_0__tcu_fp/g_i_7__g_j_2__fedp/g_red_tree_1__g_add_1__reduce_add/adder/intadd_3709_U15/CO (ADDF_X1M_A9TR)                                    0.03      0.08 *     2.43 f    mo             0.90
  g_blocks_0__tcu_fp/g_i_7__g_j_2__fedp/g_red_tree_1__g_add_1__reduce_add/adder/intadd_3709_n14 (net)                                       1                   0.00       2.43 f                   
  g_blocks_0__tcu_fp/g_i_7__g_j_2__fedp/g_red_tree_1__g_add_1__reduce_add/adder/intadd_3709_U14/CO (ADDF_X1M_A9TR)                                    0.03      0.08 *     2.51 f    mo             0.90
  g_blocks_0__tcu_fp/g_i_7__g_j_2__fedp/g_red_tree_1__g_add_1__reduce_add/adder/intadd_3709_n13 (net)                                       1                   0.00       2.51 f                   
  g_blocks_0__tcu_fp/g_i_7__g_j_2__fedp/g_red_tree_1__g_add_1__reduce_add/adder/intadd_3709_U13/CO (ADDF_X1M_A9TR)                                    0.03      0.08 *     2.60 f    mo             0.90
  g_blocks_0__tcu_fp/g_i_7__g_j_2__fedp/g_red_tree_1__g_add_1__reduce_add/adder/intadd_3709_n12 (net)                                       1                   0.00       2.60 f                   
  g_blocks_0__tcu_fp/g_i_7__g_j_2__fedp/g_red_tree_1__g_add_1__reduce_add/adder/intadd_3709_U12/CO (ADDF_X1M_A9TR)                                    0.03      0.08 *     2.68 f    mo             0.90
  g_blocks_0__tcu_fp/g_i_7__g_j_2__fedp/g_red_tree_1__g_add_1__reduce_add/adder/intadd_3709_n11 (net)                                       1                   0.00       2.68 f                   
  g_blocks_0__tcu_fp/g_i_7__g_j_2__fedp/g_red_tree_1__g_add_1__reduce_add/adder/intadd_3709_U11/CO (ADDF_X1M_A9TR)                                    0.03      0.09 *     2.77 f    mo             0.90
  g_blocks_0__tcu_fp/g_i_7__g_j_2__fedp/g_red_tree_1__g_add_1__reduce_add/adder/intadd_3709_n10 (net)                                       1                   0.00       2.77 f                   
  g_blocks_0__tcu_fp/g_i_7__g_j_2__fedp/g_red_tree_1__g_add_1__reduce_add/adder/intadd_3709_U10/CO (ADDF_X1M_A9TR)                                    0.03      0.08 *     2.85 f    mo             0.90
  g_blocks_0__tcu_fp/g_i_7__g_j_2__fedp/g_red_tree_1__g_add_1__reduce_add/adder/intadd_3709_n9 (net)                                        1                   0.00       2.85 f                   
  g_blocks_0__tcu_fp/g_i_7__g_j_2__fedp/g_red_tree_1__g_add_1__reduce_add/adder/intadd_3709_U9/CO (ADDF_X1M_A9TR)                                     0.03      0.08 *     2.94 f    mo             0.90
  g_blocks_0__tcu_fp/g_i_7__g_j_2__fedp/g_red_tree_1__g_add_1__reduce_add/adder/intadd_3709_n8 (net)                                        1                   0.00       2.94 f                   
  g_blocks_0__tcu_fp/g_i_7__g_j_2__fedp/g_red_tree_1__g_add_1__reduce_add/adder/intadd_3709_U8/CO (ADDF_X1M_A9TR)                                     0.03      0.08 *     3.02 f    mo             0.90
  g_blocks_0__tcu_fp/g_i_7__g_j_2__fedp/g_red_tree_1__g_add_1__reduce_add/adder/intadd_3709_n7 (net)                                        1                   0.00       3.02 f                   
  g_blocks_0__tcu_fp/g_i_7__g_j_2__fedp/g_red_tree_1__g_add_1__reduce_add/adder/intadd_3709_U7/CO (ADDF_X1M_A9TR)                                     0.03      0.08 *     3.11 f    mo             0.90
  g_blocks_0__tcu_fp/g_i_7__g_j_2__fedp/g_red_tree_1__g_add_1__reduce_add/adder/intadd_3709_n6 (net)                                        1                   0.00       3.11 f                   
  g_blocks_0__tcu_fp/g_i_7__g_j_2__fedp/g_red_tree_1__g_add_1__reduce_add/adder/intadd_3709_U6/CO (ADDF_X1M_A9TR)                                     0.03      0.08 *     3.19 f    mo             0.90
  g_blocks_0__tcu_fp/g_i_7__g_j_2__fedp/g_red_tree_1__g_add_1__reduce_add/adder/intadd_3709_n5 (net)                                        1                   0.00       3.19 f                   
  g_blocks_0__tcu_fp/g_i_7__g_j_2__fedp/g_red_tree_1__g_add_1__reduce_add/adder/intadd_3709_U5/CO (ADDF_X1M_A9TR)                                     0.03      0.08 *     3.27 f    mo             0.90
  g_blocks_0__tcu_fp/g_i_7__g_j_2__fedp/g_red_tree_1__g_add_1__reduce_add/adder/intadd_3709_n4 (net)                                        1                   0.00       3.27 f                   
  g_blocks_0__tcu_fp/g_i_7__g_j_2__fedp/g_red_tree_1__g_add_1__reduce_add/adder/intadd_3709_U4/CO (ADDF_X1M_A9TR)                                     0.03      0.08 *     3.36 f    mo             0.90
  g_blocks_0__tcu_fp/g_i_7__g_j_2__fedp/g_red_tree_1__g_add_1__reduce_add/adder/intadd_3709_n3 (net)                                        1                   0.00       3.36 f                   
  g_blocks_0__tcu_fp/g_i_7__g_j_2__fedp/g_red_tree_1__g_add_1__reduce_add/adder/intadd_3709_U3/CO (ADDF_X1M_A9TR)                                     0.03      0.08 *     3.44 f    mo             0.90
  g_blocks_0__tcu_fp/g_i_7__g_j_2__fedp/g_red_tree_1__g_add_1__reduce_add/adder/intadd_3709_n2 (net)                                        1                   0.00       3.44 f                   
  g_blocks_0__tcu_fp/g_i_7__g_j_2__fedp/g_red_tree_1__g_add_1__reduce_add/adder/intadd_3709_U2/CO (ADDF_X1M_A9TR)                                     0.03      0.08 *     3.52 f    mo             0.90
  g_blocks_0__tcu_fp/g_i_7__g_j_2__fedp/g_red_tree_1__g_add_1__reduce_add/adder/intadd_3709_n1 (net)                                        2                   0.00       3.52 f                   
  g_blocks_0__tcu_fp/g_i_7__g_j_2__fedp/g_red_tree_1__g_add_1__reduce_add/adder/U56/Y (OAI21_X1M_A9TR)                                                0.23      0.11 *     3.63 r                   0.90
  g_blocks_0__tcu_fp/g_i_7__g_j_2__fedp/g_red_tree_1__g_add_1__reduce_add/adder/n1294 (net)                                                12                   0.00       3.63 r                   
  g_blocks_0__tcu_fp/g_i_7__g_j_2__fedp/g_red_tree_1__g_add_1__reduce_add/adder/U431/Y (INV_X0P7M_A9TR)                                               0.20      0.20 *     3.83 f                   0.90
  g_blocks_0__tcu_fp/g_i_7__g_j_2__fedp/g_red_tree_1__g_add_1__reduce_add/adder/n1387 (net)                                                29                   0.00       3.83 f                   
  g_blocks_0__tcu_fp/g_i_7__g_j_2__fedp/g_red_tree_1__g_add_1__reduce_add/adder/U545/Y (NAND3_X0P7M_A9TR)                                             0.08      0.08 *     3.91 r                   0.90
  g_blocks_0__tcu_fp/g_i_7__g_j_2__fedp/g_red_tree_1__g_add_1__reduce_add/adder/n1185 (net)                                                 1                   0.00       3.91 r                   
  g_blocks_0__tcu_fp/g_i_7__g_j_2__fedp/g_red_tree_1__g_add_1__reduce_add/adder/U546/Y (AO21A1AI2_X0P7M_A9TR)                                         0.09      0.07 *     3.97 f                   0.90
  g_blocks_0__tcu_fp/g_i_7__g_j_2__fedp/g_red_tree_1__g_add_1__reduce_add/adder/close_sigSum[23] (net)                                      3                   0.00       3.97 f                   
  g_blocks_0__tcu_fp/g_i_7__g_j_2__fedp/g_red_tree_1__g_add_1__reduce_add/adder/compressBy2_close_sigSum/in[23] (compressBy2_10)                                0.00       3.97 f                   
  g_blocks_0__tcu_fp/g_i_7__g_j_2__fedp/g_red_tree_1__g_add_1__reduce_add/adder/compressBy2_close_sigSum/in[23] (net)                                           0.00       3.97 f                   
  g_blocks_0__tcu_fp/g_i_7__g_j_2__fedp/g_red_tree_1__g_add_1__reduce_add/adder/compressBy2_close_sigSum/U5/Y (OR2_X0P7B_A9TR)                        0.02      0.07 *     4.04 f                   0.90
  g_blocks_0__tcu_fp/g_i_7__g_j_2__fedp/g_red_tree_1__g_add_1__reduce_add/adder/compressBy2_close_sigSum/out[11] (net)                      1                   0.00       4.04 f                   
  g_blocks_0__tcu_fp/g_i_7__g_j_2__fedp/g_red_tree_1__g_add_1__reduce_add/adder/compressBy2_close_sigSum/out[11] (compressBy2_10)                               0.00       4.04 f                   
  g_blocks_0__tcu_fp/g_i_7__g_j_2__fedp/g_red_tree_1__g_add_1__reduce_add/adder/close_reduced2SigSum[11] (net)                                                  0.00       4.04 f                   
  g_blocks_0__tcu_fp/g_i_7__g_j_2__fedp/g_red_tree_1__g_add_1__reduce_add/adder/countLeadingZeros_close/in[11] (countLeadingZeros_10)                           0.00       4.04 f                   
  g_blocks_0__tcu_fp/g_i_7__g_j_2__fedp/g_red_tree_1__g_add_1__reduce_add/adder/countLeadingZeros_close/in[11] (net)                                            0.00       4.04 f                   
  g_blocks_0__tcu_fp/g_i_7__g_j_2__fedp/g_red_tree_1__g_add_1__reduce_add/adder/countLeadingZeros_close/reverse_in/in[11] (reverse_12)                          0.00       4.04 f                   
  g_blocks_0__tcu_fp/g_i_7__g_j_2__fedp/g_red_tree_1__g_add_1__reduce_add/adder/countLeadingZeros_close/reverse_in/in[11] (net)                                 0.00       4.04 f                   
  g_blocks_0__tcu_fp/g_i_7__g_j_2__fedp/g_red_tree_1__g_add_1__reduce_add/adder/countLeadingZeros_close/reverse_in/U2/Y (BUF_X1M_A9TR)                0.02      0.04 *     4.09 f                   0.90
  g_blocks_0__tcu_fp/g_i_7__g_j_2__fedp/g_red_tree_1__g_add_1__reduce_add/adder/countLeadingZeros_close/reverse_in/out[1] (net)             3                   0.00       4.09 f                   
  g_blocks_0__tcu_fp/g_i_7__g_j_2__fedp/g_red_tree_1__g_add_1__reduce_add/adder/countLeadingZeros_close/reverse_in/out[1] (reverse_12)                          0.00       4.09 f                   
  g_blocks_0__tcu_fp/g_i_7__g_j_2__fedp/g_red_tree_1__g_add_1__reduce_add/adder/countLeadingZeros_close/reverseIn[1] (net)                                      0.00       4.09 f                   
  g_blocks_0__tcu_fp/g_i_7__g_j_2__fedp/g_red_tree_1__g_add_1__reduce_add/adder/countLeadingZeros_close/U3/Y (NOR3_X0P7M_A9TR)                        0.09      0.07 *     4.16 r                   0.90
  g_blocks_0__tcu_fp/g_i_7__g_j_2__fedp/g_red_tree_1__g_add_1__reduce_add/adder/countLeadingZeros_close/n49 (net)                           2                   0.00       4.16 r                   
  g_blocks_0__tcu_fp/g_i_7__g_j_2__fedp/g_red_tree_1__g_add_1__reduce_add/adder/countLeadingZeros_close/U4/Y (NOR2XB_X0P7M_A9TR)                      0.05      0.08 *     4.24 r                   0.90
  g_blocks_0__tcu_fp/g_i_7__g_j_2__fedp/g_red_tree_1__g_add_1__reduce_add/adder/countLeadingZeros_close/n64 (net)                           2                   0.00       4.24 r                   
  g_blocks_0__tcu_fp/g_i_7__g_j_2__fedp/g_red_tree_1__g_add_1__reduce_add/adder/countLeadingZeros_close/U5/Y (NOR2XB_X0P7M_A9TR)                      0.07      0.08 *     4.33 r                   0.90
  g_blocks_0__tcu_fp/g_i_7__g_j_2__fedp/g_red_tree_1__g_add_1__reduce_add/adder/countLeadingZeros_close/n59 (net)                           3                   0.00       4.33 r                   
  g_blocks_0__tcu_fp/g_i_7__g_j_2__fedp/g_red_tree_1__g_add_1__reduce_add/adder/countLeadingZeros_close/U6/Y (INV_X0P7M_A9TR)                         0.02      0.03 *     4.35 f                   0.90
  g_blocks_0__tcu_fp/g_i_7__g_j_2__fedp/g_red_tree_1__g_add_1__reduce_add/adder/countLeadingZeros_close/n48 (net)                           1                   0.00       4.35 f                   
  g_blocks_0__tcu_fp/g_i_7__g_j_2__fedp/g_red_tree_1__g_add_1__reduce_add/adder/countLeadingZeros_close/U7/Y (NOR3_X1M_A9TR)                          0.09      0.07 *     4.43 r                   0.90
  g_blocks_0__tcu_fp/g_i_7__g_j_2__fedp/g_red_tree_1__g_add_1__reduce_add/adder/countLeadingZeros_close/n50 (net)                           3                   0.00       4.43 r                   
  g_blocks_0__tcu_fp/g_i_7__g_j_2__fedp/g_red_tree_1__g_add_1__reduce_add/adder/countLeadingZeros_close/U10/Y (NAND2XB_X0P7M_A9TR)                    0.05      0.05 *     4.47 f                   0.90
  g_blocks_0__tcu_fp/g_i_7__g_j_2__fedp/g_red_tree_1__g_add_1__reduce_add/adder/countLeadingZeros_close/n56 (net)                           3                   0.00       4.47 f                   
  g_blocks_0__tcu_fp/g_i_7__g_j_2__fedp/g_red_tree_1__g_add_1__reduce_add/adder/countLeadingZeros_close/U11/Y (NOR3_X0P7M_A9TR)                       0.09      0.08 *     4.55 r                   0.90
  g_blocks_0__tcu_fp/g_i_7__g_j_2__fedp/g_red_tree_1__g_add_1__reduce_add/adder/countLeadingZeros_close/n63 (net)                           2                   0.00       4.55 r                   
  g_blocks_0__tcu_fp/g_i_7__g_j_2__fedp/g_red_tree_1__g_add_1__reduce_add/adder/countLeadingZeros_close/U12/Y (AOI22_X0P5M_A9TR)                      0.05      0.05 *     4.61 f                   0.90
  g_blocks_0__tcu_fp/g_i_7__g_j_2__fedp/g_red_tree_1__g_add_1__reduce_add/adder/countLeadingZeros_close/n51 (net)                           1                   0.00       4.61 f                   
  g_blocks_0__tcu_fp/g_i_7__g_j_2__fedp/g_red_tree_1__g_add_1__reduce_add/adder/countLeadingZeros_close/U14/Y (AND2_X0P7M_A9TR)                       0.03      0.06 *     4.67 f                   0.90
  g_blocks_0__tcu_fp/g_i_7__g_j_2__fedp/g_red_tree_1__g_add_1__reduce_add/adder/countLeadingZeros_close/n61 (net)                           2                   0.00       4.67 f                   
  g_blocks_0__tcu_fp/g_i_7__g_j_2__fedp/g_red_tree_1__g_add_1__reduce_add/adder/countLeadingZeros_close/U23/Y (NAND3XXB_X1M_A9TR)                     0.20      0.11 *     4.79 r                   0.90
  g_blocks_0__tcu_fp/g_i_7__g_j_2__fedp/g_red_tree_1__g_add_1__reduce_add/adder/countLeadingZeros_close/count[0] (net)                     14                   0.00       4.79 r                   
  g_blocks_0__tcu_fp/g_i_7__g_j_2__fedp/g_red_tree_1__g_add_1__reduce_add/adder/countLeadingZeros_close/count[0] (countLeadingZeros_10)                         0.00       4.79 r                   
  g_blocks_0__tcu_fp/g_i_7__g_j_2__fedp/g_red_tree_1__g_add_1__reduce_add/adder/close_normDistReduced2[0] (net)                                                 0.00       4.79 r                   
  g_blocks_0__tcu_fp/g_i_7__g_j_2__fedp/g_red_tree_1__g_add_1__reduce_add/adder/U694/Y (INV_X0P7M_A9TR)                                               0.10      0.11 *     4.90 f                   0.90
  g_blocks_0__tcu_fp/g_i_7__g_j_2__fedp/g_red_tree_1__g_add_1__reduce_add/adder/n1390 (net)                                                12                   0.00       4.90 f                   
  g_blocks_0__tcu_fp/g_i_7__g_j_2__fedp/g_red_tree_1__g_add_1__reduce_add/adder/U120/Y (NOR2_X0P5B_A9TR)                                              0.24      0.18 *     5.08 r                   0.90
  g_blocks_0__tcu_fp/g_i_7__g_j_2__fedp/g_red_tree_1__g_add_1__reduce_add/adder/n1220 (net)                                                14                   0.00       5.08 r                   
  g_blocks_0__tcu_fp/g_i_7__g_j_2__fedp/g_red_tree_1__g_add_1__reduce_add/adder/U170/Y (AOI222_X0P7M_A9TR)                                            0.12      0.11 *     5.19 f                   0.90
  g_blocks_0__tcu_fp/g_i_7__g_j_2__fedp/g_red_tree_1__g_add_1__reduce_add/adder/n1134 (net)                                                 2                   0.00       5.19 f                   
  g_blocks_0__tcu_fp/g_i_7__g_j_2__fedp/g_red_tree_1__g_add_1__reduce_add/adder/U171/Y (AOI22_X0P5M_A9TR)                                             0.11      0.10 *     5.28 r                   0.90
  g_blocks_0__tcu_fp/g_i_7__g_j_2__fedp/g_red_tree_1__g_add_1__reduce_add/adder/n1226 (net)                                                 2                   0.00       5.28 r                   
  g_blocks_0__tcu_fp/g_i_7__g_j_2__fedp/g_red_tree_1__g_add_1__reduce_add/adder/U573/Y (AOI32_X0P5M_A9TR)                                             0.08      0.07 *     5.35 f                   0.90
  g_blocks_0__tcu_fp/g_i_7__g_j_2__fedp/g_red_tree_1__g_add_1__reduce_add/adder/n1285 (net)                                                 2                   0.00       5.35 f                   
  g_blocks_0__tcu_fp/g_i_7__g_j_2__fedp/g_red_tree_1__g_add_1__reduce_add/adder/U622/Y (NAND2_X0P5M_A9TR)                                             0.07      0.07 *     5.42 r                   0.90
  g_blocks_0__tcu_fp/g_i_7__g_j_2__fedp/g_red_tree_1__g_add_1__reduce_add/adder/n1292 (net)                                                 2                   0.00       5.42 r                   
  g_blocks_0__tcu_fp/g_i_7__g_j_2__fedp/g_red_tree_1__g_add_1__reduce_add/adder/U632/Y (OAI221_X0P5M_A9TR)                                            0.07      0.05 *     5.47 f                   0.90
  g_blocks_0__tcu_fp/g_i_7__g_j_2__fedp/g_red_tree_1__g_add_1__reduce_add/adder/n1304 (net)                                                 1                   0.00       5.47 f                   
  g_blocks_0__tcu_fp/g_i_7__g_j_2__fedp/g_red_tree_1__g_add_1__reduce_add/adder/U636/Y (OAI31_X0P7M_A9TR)                                             0.10      0.08 *     5.55 r                   0.90
  g_blocks_0__tcu_fp/g_i_7__g_j_2__fedp/g_red_tree_1__g_add_1__reduce_add/adder/out_sign (net)                                              1                   0.00       5.55 r                   
  g_blocks_0__tcu_fp/g_i_7__g_j_2__fedp/g_red_tree_1__g_add_1__reduce_add/adder/out_sign (addRecFNToRaw_10)                                                     0.00       5.55 r                   
  g_blocks_0__tcu_fp/g_i_7__g_j_2__fedp/g_red_tree_1__g_add_1__reduce_add/s1_sign (net)                                                                         0.00       5.55 r                   
  g_blocks_0__tcu_fp/g_i_7__g_j_2__fedp/g_red_tree_1__g_add_1__reduce_add/pipe_add/data_in[40] (VX_pipe_register_32_10)                                         0.00       5.55 r                   
  g_blocks_0__tcu_fp/g_i_7__g_j_2__fedp/g_red_tree_1__g_add_1__reduce_add/pipe_add/data_in[40] (net)                                                            0.00       5.55 r                   
  g_blocks_0__tcu_fp/g_i_7__g_j_2__fedp/g_red_tree_1__g_add_1__reduce_add/pipe_add/g_shift_register/data_in[40] (VX_shift_register_45_0_2_0_10)                 0.00       5.55 r                   
  g_blocks_0__tcu_fp/g_i_7__g_j_2__fedp/g_red_tree_1__g_add_1__reduce_add/pipe_add/g_shift_register/data_in[40] (net)                                           0.00       5.55 r                   
  g_blocks_0__tcu_fp/g_i_7__g_j_2__fedp/g_red_tree_1__g_add_1__reduce_add/pipe_add/g_shift_register/g_shift_pipe_reg_0__40_/D (DFFQ_X0P5M_A9TR)       0.10      0.00 *     5.55 r                   0.90
  data arrival time                                                                                                                                                        5.55                     

  clock CLK (rise edge)                                                                                                                                         9.90       9.90                     
  clock network delay (ideal)                                                                                                                                   0.00       9.90                     
  g_blocks_0__tcu_fp/g_i_7__g_j_2__fedp/g_red_tree_1__g_add_1__reduce_add/pipe_add/g_shift_register/g_shift_pipe_reg_0__40_/CK (DFFQ_X0P5M_A9TR)                0.00       9.90 r                   
  library setup time                                                                                                                                           -0.06       9.84                     
  data required time                                                                                                                                                       9.84                     
  ---------------------------------------------------------------------------------------------------------------------------------------------------------------------------------------------------------------
  data required time                                                                                                                                                       9.84                     
  data arrival time                                                                                                                                                       -5.55                     
  ---------------------------------------------------------------------------------------------------------------------------------------------------------------------------------------------------------------
  slack (MET)                                                                                                                                                              4.29                     


  Startpoint: g_blocks_0__tcu_fp/g_i_4__g_j_3__fedp/g_red_tree_0__g_add_3__reduce_add/pipe_rnd/g_shift_register/g_shift_pipe_reg_0__28_
              (rising edge-triggered flip-flop clocked by CLK)
  Endpoint: g_blocks_0__tcu_fp/g_i_4__g_j_3__fedp/g_red_tree_1__g_add_1__reduce_add/pipe_add/g_shift_register/g_shift_pipe_reg_0__40_
            (rising edge-triggered flip-flop clocked by CLK)
  Scenario: mode_norm.OC_rvt_ss_0p900v_125c
  Path Group: CLK
  Path Type: max

Attributes:
    d - dont_touch
    u - dont_use
   mo - map_only
   so - size_only
    i - ideal_net or ideal_network
  inf - infeasible path

  Point                                                                                                                                    Fanout     Trans      Incr       Path      Attributes     Voltage
  ----------------------------------------------------------------------------------------------------------------------------------------------------------------------------------------------------------------
  clock CLK (rise edge)                                                                                                                                          0.00       0.00                     
  clock network delay (ideal)                                                                                                                                    0.00       0.00                     
  g_blocks_0__tcu_fp/g_i_4__g_j_3__fedp/g_red_tree_0__g_add_3__reduce_add/pipe_rnd/g_shift_register/g_shift_pipe_reg_0__28_/CK (DFFQ_X0P5M_A9TR)       0.00      0.00       0.00 r                   0.90
  g_blocks_0__tcu_fp/g_i_4__g_j_3__fedp/g_red_tree_0__g_add_3__reduce_add/pipe_rnd/g_shift_register/g_shift_pipe_reg_0__28_/Q (DFFQ_X0P5M_A9TR)        0.02      0.11       0.11 f                   0.90
  g_blocks_0__tcu_fp/g_i_4__g_j_3__fedp/g_red_tree_0__g_add_3__reduce_add/pipe_rnd/g_shift_register/data_out[28] (net)                       1                   0.00       0.11 f                   
  g_blocks_0__tcu_fp/g_i_4__g_j_3__fedp/g_red_tree_0__g_add_3__reduce_add/pipe_rnd/g_shift_register/data_out[28] (VX_shift_register_38_0_1_0_183)                0.00       0.11 f                   
  g_blocks_0__tcu_fp/g_i_4__g_j_3__fedp/g_red_tree_0__g_add_3__reduce_add/pipe_rnd/data_out[28] (net)                                                            0.00       0.11 f                   
  g_blocks_0__tcu_fp/g_i_4__g_j_3__fedp/g_red_tree_0__g_add_3__reduce_add/pipe_rnd/data_out[28] (VX_pipe_register_31_183)                                        0.00       0.11 f                   
  g_blocks_0__tcu_fp/g_i_4__g_j_3__fedp/g_red_tree_0__g_add_3__reduce_add/y[23] (net)                                                                            0.00       0.11 f                   
  g_blocks_0__tcu_fp/g_i_4__g_j_3__fedp/g_red_tree_0__g_add_3__reduce_add/y[23] (VX_tcu_bhf_fadd_88)                                                             0.00       0.11 f                   
  g_blocks_0__tcu_fp/g_i_4__g_j_3__fedp/red_in_1__3__23_ (net)                                                                                                   0.00       0.11 f                   
  g_blocks_0__tcu_fp/g_i_4__g_j_3__fedp/g_red_tree_1__g_add_1__reduce_add/b[23] (VX_tcu_bhf_fadd_86)                                                             0.00       0.11 f                   
  g_blocks_0__tcu_fp/g_i_4__g_j_3__fedp/g_red_tree_1__g_add_1__reduce_add/b[23] (net)                                                                            0.00       0.11 f                   
  g_blocks_0__tcu_fp/g_i_4__g_j_3__fedp/g_red_tree_1__g_add_1__reduce_add/adder/b[23] (addRecFNToRaw_98)                                                         0.00       0.11 f                   
  g_blocks_0__tcu_fp/g_i_4__g_j_3__fedp/g_red_tree_1__g_add_1__reduce_add/adder/b[23] (net)                                                                      0.00       0.11 f                   
  g_blocks_0__tcu_fp/g_i_4__g_j_3__fedp/g_red_tree_1__g_add_1__reduce_add/adder/recFNToRawFN_b/in[23] (recFNToRawFN_1_209)                                       0.00       0.11 f                   
  g_blocks_0__tcu_fp/g_i_4__g_j_3__fedp/g_red_tree_1__g_add_1__reduce_add/adder/recFNToRawFN_b/in[23] (net)                                                      0.00       0.11 f                   
  g_blocks_0__tcu_fp/g_i_4__g_j_3__fedp/g_red_tree_1__g_add_1__reduce_add/adder/recFNToRawFN_b/U2/Y (BUF_X1M_A9TR)                                     0.02      0.04 *     0.16 f                   0.90
  g_blocks_0__tcu_fp/g_i_4__g_j_3__fedp/g_red_tree_1__g_add_1__reduce_add/adder/recFNToRawFN_b/sExp[0] (net)                                 3                   0.00       0.16 f                   
  g_blocks_0__tcu_fp/g_i_4__g_j_3__fedp/g_red_tree_1__g_add_1__reduce_add/adder/recFNToRawFN_b/sExp[0] (recFNToRawFN_1_209)                                      0.00       0.16 f                   
  g_blocks_0__tcu_fp/g_i_4__g_j_3__fedp/g_red_tree_1__g_add_1__reduce_add/adder/sExpB[0] (net)                                                                   0.00       0.16 f                   
  g_blocks_0__tcu_fp/g_i_4__g_j_3__fedp/g_red_tree_1__g_add_1__reduce_add/adder/U9/Y (NOR2XB_X0P7M_A9TR)                                               0.06      0.07 *     0.23 f                   0.90
  g_blocks_0__tcu_fp/g_i_4__g_j_3__fedp/g_red_tree_1__g_add_1__reduce_add/adder/n880 (net)                                                   3                   0.00       0.23 f                   
  g_blocks_0__tcu_fp/g_i_4__g_j_3__fedp/g_red_tree_1__g_add_1__reduce_add/adder/U11/CON (CGENI_X1M_A9TR)                                               0.08      0.08 *     0.30 r                   0.90
  g_blocks_0__tcu_fp/g_i_4__g_j_3__fedp/g_red_tree_1__g_add_1__reduce_add/adder/n858 (net)                                                   2                   0.00       0.30 r                   
  g_blocks_0__tcu_fp/g_i_4__g_j_3__fedp/g_red_tree_1__g_add_1__reduce_add/adder/U12/CON (CGENI_X1M_A9TR)                                               0.06      0.06 *     0.36 f                   0.90
  g_blocks_0__tcu_fp/g_i_4__g_j_3__fedp/g_red_tree_1__g_add_1__reduce_add/adder/n859 (net)                                                   2                   0.00       0.36 f                   
  g_blocks_0__tcu_fp/g_i_4__g_j_3__fedp/g_red_tree_1__g_add_1__reduce_add/adder/U34/CON (CGENI_X1M_A9TR)                                               0.06      0.07 *     0.43 r                   0.90
  g_blocks_0__tcu_fp/g_i_4__g_j_3__fedp/g_red_tree_1__g_add_1__reduce_add/adder/n1358 (net)                                                  2                   0.00       0.43 r                   
  g_blocks_0__tcu_fp/g_i_4__g_j_3__fedp/g_red_tree_1__g_add_1__reduce_add/adder/U691/CON (CGENI_X1M_A9TR)                                              0.05      0.05 *     0.48 f                   0.90
  g_blocks_0__tcu_fp/g_i_4__g_j_3__fedp/g_red_tree_1__g_add_1__reduce_add/adder/intadd_2390_CI (net)                                         1                   0.00       0.48 f                   
  g_blocks_0__tcu_fp/g_i_4__g_j_3__fedp/g_red_tree_1__g_add_1__reduce_add/adder/intadd_2390_U5/CO (ADDF_X1M_A9TR)                                      0.04      0.09 *     0.57 f    mo             0.90
  g_blocks_0__tcu_fp/g_i_4__g_j_3__fedp/g_red_tree_1__g_add_1__reduce_add/adder/intadd_2390_n4 (net)                                         1                   0.00       0.57 f                   
  g_blocks_0__tcu_fp/g_i_4__g_j_3__fedp/g_red_tree_1__g_add_1__reduce_add/adder/intadd_2390_U4/CO (ADDF_X1M_A9TR)                                      0.03      0.09 *     0.66 f    mo             0.90
  g_blocks_0__tcu_fp/g_i_4__g_j_3__fedp/g_red_tree_1__g_add_1__reduce_add/adder/intadd_2390_n3 (net)                                         1                   0.00       0.66 f                   
  g_blocks_0__tcu_fp/g_i_4__g_j_3__fedp/g_red_tree_1__g_add_1__reduce_add/adder/intadd_2390_U3/CO (ADDF_X1M_A9TR)                                      0.03      0.08 *     0.74 f    mo             0.90
  g_blocks_0__tcu_fp/g_i_4__g_j_3__fedp/g_red_tree_1__g_add_1__reduce_add/adder/intadd_2390_n2 (net)                                         1                   0.00       0.74 f                   
  g_blocks_0__tcu_fp/g_i_4__g_j_3__fedp/g_red_tree_1__g_add_1__reduce_add/adder/intadd_2390_U2/CO (ADDF_X1M_A9TR)                                      0.23      0.21 *     0.96 f    mo             0.90
  g_blocks_0__tcu_fp/g_i_4__g_j_3__fedp/g_red_tree_1__g_add_1__reduce_add/adder/intadd_2390_n1 (net)                                        67                   0.00       0.96 f                   
  g_blocks_0__tcu_fp/g_i_4__g_j_3__fedp/g_red_tree_1__g_add_1__reduce_add/adder/U110/Y (INV_X0P7M_A9TR)                                                0.23      0.21 *     1.17 r                   0.90
  g_blocks_0__tcu_fp/g_i_4__g_j_3__fedp/g_red_tree_1__g_add_1__reduce_add/adder/n1374 (net)                                                 21                   0.00       1.17 r                   
  g_blocks_0__tcu_fp/g_i_4__g_j_3__fedp/g_red_tree_1__g_add_1__reduce_add/adder/U55/Y (NAND2_X0P7B_A9TR)                                               0.22      0.20 *     1.37 f                   0.90
  g_blocks_0__tcu_fp/g_i_4__g_j_3__fedp/g_red_tree_1__g_add_1__reduce_add/adder/n1352 (net)                                                 23                   0.00       1.37 f                   
  g_blocks_0__tcu_fp/g_i_4__g_j_3__fedp/g_red_tree_1__g_add_1__reduce_add/adder/U638/Y (OAI22_X0P5M_A9TR)                                              0.11      0.10 *     1.46 r                   0.90
  g_blocks_0__tcu_fp/g_i_4__g_j_3__fedp/g_red_tree_1__g_add_1__reduce_add/adder/n1308 (net)                                                  1                   0.00       1.46 r                   
  g_blocks_0__tcu_fp/g_i_4__g_j_3__fedp/g_red_tree_1__g_add_1__reduce_add/adder/U639/Y (AOI21_X0P7M_A9TR)                                              0.12      0.07 *     1.54 f                   0.90
  g_blocks_0__tcu_fp/g_i_4__g_j_3__fedp/g_red_tree_1__g_add_1__reduce_add/adder/intadd_2389_B_0_ (net)                                       1                   0.00       1.54 f                   
  g_blocks_0__tcu_fp/g_i_4__g_j_3__fedp/g_red_tree_1__g_add_1__reduce_add/adder/intadd_2389_U24/CO (ADDF_X1M_A9TR)                                     0.03      0.12 *     1.66 f    mo             0.90
  g_blocks_0__tcu_fp/g_i_4__g_j_3__fedp/g_red_tree_1__g_add_1__reduce_add/adder/intadd_2389_n23 (net)                                        1                   0.00       1.66 f                   
  g_blocks_0__tcu_fp/g_i_4__g_j_3__fedp/g_red_tree_1__g_add_1__reduce_add/adder/intadd_2389_U23/CO (ADDF_X1M_A9TR)                                     0.03      0.08 *     1.74 f    mo             0.90
  g_blocks_0__tcu_fp/g_i_4__g_j_3__fedp/g_red_tree_1__g_add_1__reduce_add/adder/intadd_2389_n22 (net)                                        1                   0.00       1.74 f                   
  g_blocks_0__tcu_fp/g_i_4__g_j_3__fedp/g_red_tree_1__g_add_1__reduce_add/adder/intadd_2389_U22/CO (ADDF_X1M_A9TR)                                     0.03      0.08 *     1.82 f    mo             0.90
  g_blocks_0__tcu_fp/g_i_4__g_j_3__fedp/g_red_tree_1__g_add_1__reduce_add/adder/intadd_2389_n21 (net)                                        1                   0.00       1.82 f                   
  g_blocks_0__tcu_fp/g_i_4__g_j_3__fedp/g_red_tree_1__g_add_1__reduce_add/adder/intadd_2389_U21/CO (ADDF_X1M_A9TR)                                     0.03      0.08 *     1.91 f    mo             0.90
  g_blocks_0__tcu_fp/g_i_4__g_j_3__fedp/g_red_tree_1__g_add_1__reduce_add/adder/intadd_2389_n20 (net)                                        1                   0.00       1.91 f                   
  g_blocks_0__tcu_fp/g_i_4__g_j_3__fedp/g_red_tree_1__g_add_1__reduce_add/adder/intadd_2389_U20/CO (ADDF_X1M_A9TR)                                     0.03      0.08 *     1.99 f    mo             0.90
  g_blocks_0__tcu_fp/g_i_4__g_j_3__fedp/g_red_tree_1__g_add_1__reduce_add/adder/intadd_2389_n19 (net)                                        1                   0.00       1.99 f                   
  g_blocks_0__tcu_fp/g_i_4__g_j_3__fedp/g_red_tree_1__g_add_1__reduce_add/adder/intadd_2389_U19/CO (ADDF_X1M_A9TR)                                     0.03      0.08 *     2.08 f    mo             0.90
  g_blocks_0__tcu_fp/g_i_4__g_j_3__fedp/g_red_tree_1__g_add_1__reduce_add/adder/intadd_2389_n18 (net)                                        1                   0.00       2.08 f                   
  g_blocks_0__tcu_fp/g_i_4__g_j_3__fedp/g_red_tree_1__g_add_1__reduce_add/adder/intadd_2389_U18/CO (ADDF_X1M_A9TR)                                     0.03      0.08 *     2.16 f    mo             0.90
  g_blocks_0__tcu_fp/g_i_4__g_j_3__fedp/g_red_tree_1__g_add_1__reduce_add/adder/intadd_2389_n17 (net)                                        1                   0.00       2.16 f                   
  g_blocks_0__tcu_fp/g_i_4__g_j_3__fedp/g_red_tree_1__g_add_1__reduce_add/adder/intadd_2389_U17/CO (ADDF_X1M_A9TR)                                     0.03      0.08 *     2.25 f    mo             0.90
  g_blocks_0__tcu_fp/g_i_4__g_j_3__fedp/g_red_tree_1__g_add_1__reduce_add/adder/intadd_2389_n16 (net)                                        1                   0.00       2.25 f                   
  g_blocks_0__tcu_fp/g_i_4__g_j_3__fedp/g_red_tree_1__g_add_1__reduce_add/adder/intadd_2389_U16/CO (ADDF_X1M_A9TR)                                     0.03      0.08 *     2.33 f    mo             0.90
  g_blocks_0__tcu_fp/g_i_4__g_j_3__fedp/g_red_tree_1__g_add_1__reduce_add/adder/intadd_2389_n15 (net)                                        1                   0.00       2.33 f                   
  g_blocks_0__tcu_fp/g_i_4__g_j_3__fedp/g_red_tree_1__g_add_1__reduce_add/adder/intadd_2389_U15/CO (ADDF_X1M_A9TR)                                     0.03      0.08 *     2.42 f    mo             0.90
  g_blocks_0__tcu_fp/g_i_4__g_j_3__fedp/g_red_tree_1__g_add_1__reduce_add/adder/intadd_2389_n14 (net)                                        1                   0.00       2.42 f                   
  g_blocks_0__tcu_fp/g_i_4__g_j_3__fedp/g_red_tree_1__g_add_1__reduce_add/adder/intadd_2389_U14/CO (ADDF_X1M_A9TR)                                     0.03      0.08 *     2.50 f    mo             0.90
  g_blocks_0__tcu_fp/g_i_4__g_j_3__fedp/g_red_tree_1__g_add_1__reduce_add/adder/intadd_2389_n13 (net)                                        1                   0.00       2.50 f                   
  g_blocks_0__tcu_fp/g_i_4__g_j_3__fedp/g_red_tree_1__g_add_1__reduce_add/adder/intadd_2389_U13/CO (ADDF_X1M_A9TR)                                     0.03      0.08 *     2.59 f    mo             0.90
  g_blocks_0__tcu_fp/g_i_4__g_j_3__fedp/g_red_tree_1__g_add_1__reduce_add/adder/intadd_2389_n12 (net)                                        1                   0.00       2.59 f                   
  g_blocks_0__tcu_fp/g_i_4__g_j_3__fedp/g_red_tree_1__g_add_1__reduce_add/adder/intadd_2389_U12/CO (ADDF_X1M_A9TR)                                     0.03      0.08 *     2.67 f    mo             0.90
  g_blocks_0__tcu_fp/g_i_4__g_j_3__fedp/g_red_tree_1__g_add_1__reduce_add/adder/intadd_2389_n11 (net)                                        1                   0.00       2.67 f                   
  g_blocks_0__tcu_fp/g_i_4__g_j_3__fedp/g_red_tree_1__g_add_1__reduce_add/adder/intadd_2389_U11/CO (ADDF_X1M_A9TR)                                     0.03      0.08 *     2.75 f    mo             0.90
  g_blocks_0__tcu_fp/g_i_4__g_j_3__fedp/g_red_tree_1__g_add_1__reduce_add/adder/intadd_2389_n10 (net)                                        1                   0.00       2.75 f                   
  g_blocks_0__tcu_fp/g_i_4__g_j_3__fedp/g_red_tree_1__g_add_1__reduce_add/adder/intadd_2389_U10/CO (ADDF_X1M_A9TR)                                     0.03      0.09 *     2.84 f    mo             0.90
  g_blocks_0__tcu_fp/g_i_4__g_j_3__fedp/g_red_tree_1__g_add_1__reduce_add/adder/intadd_2389_n9 (net)                                         1                   0.00       2.84 f                   
  g_blocks_0__tcu_fp/g_i_4__g_j_3__fedp/g_red_tree_1__g_add_1__reduce_add/adder/intadd_2389_U9/CO (ADDF_X1M_A9TR)                                      0.03      0.08 *     2.92 f    mo             0.90
  g_blocks_0__tcu_fp/g_i_4__g_j_3__fedp/g_red_tree_1__g_add_1__reduce_add/adder/intadd_2389_n8 (net)                                         1                   0.00       2.92 f                   
  g_blocks_0__tcu_fp/g_i_4__g_j_3__fedp/g_red_tree_1__g_add_1__reduce_add/adder/intadd_2389_U8/CO (ADDF_X1M_A9TR)                                      0.03      0.08 *     3.01 f    mo             0.90
  g_blocks_0__tcu_fp/g_i_4__g_j_3__fedp/g_red_tree_1__g_add_1__reduce_add/adder/intadd_2389_n7 (net)                                         1                   0.00       3.01 f                   
  g_blocks_0__tcu_fp/g_i_4__g_j_3__fedp/g_red_tree_1__g_add_1__reduce_add/adder/intadd_2389_U7/CO (ADDF_X1M_A9TR)                                      0.03      0.08 *     3.09 f    mo             0.90
  g_blocks_0__tcu_fp/g_i_4__g_j_3__fedp/g_red_tree_1__g_add_1__reduce_add/adder/intadd_2389_n6 (net)                                         1                   0.00       3.09 f                   
  g_blocks_0__tcu_fp/g_i_4__g_j_3__fedp/g_red_tree_1__g_add_1__reduce_add/adder/intadd_2389_U6/CO (ADDF_X1M_A9TR)                                      0.03      0.08 *     3.18 f    mo             0.90
  g_blocks_0__tcu_fp/g_i_4__g_j_3__fedp/g_red_tree_1__g_add_1__reduce_add/adder/intadd_2389_n5 (net)                                         1                   0.00       3.18 f                   
  g_blocks_0__tcu_fp/g_i_4__g_j_3__fedp/g_red_tree_1__g_add_1__reduce_add/adder/intadd_2389_U5/CO (ADDF_X1M_A9TR)                                      0.03      0.08 *     3.26 f    mo             0.90
  g_blocks_0__tcu_fp/g_i_4__g_j_3__fedp/g_red_tree_1__g_add_1__reduce_add/adder/intadd_2389_n4 (net)                                         1                   0.00       3.26 f                   
  g_blocks_0__tcu_fp/g_i_4__g_j_3__fedp/g_red_tree_1__g_add_1__reduce_add/adder/intadd_2389_U4/CO (ADDF_X1M_A9TR)                                      0.03      0.08 *     3.34 f    mo             0.90
  g_blocks_0__tcu_fp/g_i_4__g_j_3__fedp/g_red_tree_1__g_add_1__reduce_add/adder/intadd_2389_n3 (net)                                         1                   0.00       3.34 f                   
  g_blocks_0__tcu_fp/g_i_4__g_j_3__fedp/g_red_tree_1__g_add_1__reduce_add/adder/intadd_2389_U3/CO (ADDF_X1M_A9TR)                                      0.03      0.08 *     3.43 f    mo             0.90
  g_blocks_0__tcu_fp/g_i_4__g_j_3__fedp/g_red_tree_1__g_add_1__reduce_add/adder/intadd_2389_n2 (net)                                         1                   0.00       3.43 f                   
  g_blocks_0__tcu_fp/g_i_4__g_j_3__fedp/g_red_tree_1__g_add_1__reduce_add/adder/intadd_2389_U2/CO (ADDF_X1M_A9TR)                                      0.03      0.08 *     3.51 f    mo             0.90
  g_blocks_0__tcu_fp/g_i_4__g_j_3__fedp/g_red_tree_1__g_add_1__reduce_add/adder/intadd_2389_n1 (net)                                         2                   0.00       3.51 f                   
  g_blocks_0__tcu_fp/g_i_4__g_j_3__fedp/g_red_tree_1__g_add_1__reduce_add/adder/U57/Y (OAI21_X1M_A9TR)                                                 0.24      0.11 *     3.62 r                   0.90
  g_blocks_0__tcu_fp/g_i_4__g_j_3__fedp/g_red_tree_1__g_add_1__reduce_add/adder/n1294 (net)                                                 12                   0.00       3.62 r                   
  g_blocks_0__tcu_fp/g_i_4__g_j_3__fedp/g_red_tree_1__g_add_1__reduce_add/adder/U693/Y (INV_X0P7M_A9TR)                                                0.20      0.20 *     3.82 f                   0.90
  g_blocks_0__tcu_fp/g_i_4__g_j_3__fedp/g_red_tree_1__g_add_1__reduce_add/adder/n1389 (net)                                                 29                   0.00       3.82 f                   
  g_blocks_0__tcu_fp/g_i_4__g_j_3__fedp/g_red_tree_1__g_add_1__reduce_add/adder/U545/Y (NAND3_X0P7M_A9TR)                                              0.07      0.08 *     3.90 r                   0.90
  g_blocks_0__tcu_fp/g_i_4__g_j_3__fedp/g_red_tree_1__g_add_1__reduce_add/adder/n1185 (net)                                                  1                   0.00       3.90 r                   
  g_blocks_0__tcu_fp/g_i_4__g_j_3__fedp/g_red_tree_1__g_add_1__reduce_add/adder/U546/Y (AO21A1AI2_X0P7M_A9TR)                                          0.10      0.07 *     3.97 f                   0.90
  g_blocks_0__tcu_fp/g_i_4__g_j_3__fedp/g_red_tree_1__g_add_1__reduce_add/adder/close_sigSum[23] (net)                                       3                   0.00       3.97 f                   
  g_blocks_0__tcu_fp/g_i_4__g_j_3__fedp/g_red_tree_1__g_add_1__reduce_add/adder/compressBy2_close_sigSum/in[23] (compressBy2_98)                                 0.00       3.97 f                   
  g_blocks_0__tcu_fp/g_i_4__g_j_3__fedp/g_red_tree_1__g_add_1__reduce_add/adder/compressBy2_close_sigSum/in[23] (net)                                            0.00       3.97 f                   
  g_blocks_0__tcu_fp/g_i_4__g_j_3__fedp/g_red_tree_1__g_add_1__reduce_add/adder/compressBy2_close_sigSum/U5/Y (OR2_X0P7B_A9TR)                         0.02      0.07 *     4.04 f                   0.90
  g_blocks_0__tcu_fp/g_i_4__g_j_3__fedp/g_red_tree_1__g_add_1__reduce_add/adder/compressBy2_close_sigSum/out[11] (net)                       1                   0.00       4.04 f                   
  g_blocks_0__tcu_fp/g_i_4__g_j_3__fedp/g_red_tree_1__g_add_1__reduce_add/adder/compressBy2_close_sigSum/out[11] (compressBy2_98)                                0.00       4.04 f                   
  g_blocks_0__tcu_fp/g_i_4__g_j_3__fedp/g_red_tree_1__g_add_1__reduce_add/adder/close_reduced2SigSum[11] (net)                                                   0.00       4.04 f                   
  g_blocks_0__tcu_fp/g_i_4__g_j_3__fedp/g_red_tree_1__g_add_1__reduce_add/adder/countLeadingZeros_close/in[11] (countLeadingZeros_98)                            0.00       4.04 f                   
  g_blocks_0__tcu_fp/g_i_4__g_j_3__fedp/g_red_tree_1__g_add_1__reduce_add/adder/countLeadingZeros_close/in[11] (net)                                             0.00       4.04 f                   
  g_blocks_0__tcu_fp/g_i_4__g_j_3__fedp/g_red_tree_1__g_add_1__reduce_add/adder/countLeadingZeros_close/reverse_in/in[11] (reverse_100)                          0.00       4.04 f                   
  g_blocks_0__tcu_fp/g_i_4__g_j_3__fedp/g_red_tree_1__g_add_1__reduce_add/adder/countLeadingZeros_close/reverse_in/in[11] (net)                                  0.00       4.04 f                   
  g_blocks_0__tcu_fp/g_i_4__g_j_3__fedp/g_red_tree_1__g_add_1__reduce_add/adder/countLeadingZeros_close/reverse_in/U2/Y (BUF_X1M_A9TR)                 0.02      0.04 *     4.08 f                   0.90
  g_blocks_0__tcu_fp/g_i_4__g_j_3__fedp/g_red_tree_1__g_add_1__reduce_add/adder/countLeadingZeros_close/reverse_in/out[1] (net)              3                   0.00       4.08 f                   
  g_blocks_0__tcu_fp/g_i_4__g_j_3__fedp/g_red_tree_1__g_add_1__reduce_add/adder/countLeadingZeros_close/reverse_in/out[1] (reverse_100)                          0.00       4.08 f                   
  g_blocks_0__tcu_fp/g_i_4__g_j_3__fedp/g_red_tree_1__g_add_1__reduce_add/adder/countLeadingZeros_close/reverseIn[1] (net)                                       0.00       4.08 f                   
  g_blocks_0__tcu_fp/g_i_4__g_j_3__fedp/g_red_tree_1__g_add_1__reduce_add/adder/countLeadingZeros_close/U3/Y (NOR3_X0P7M_A9TR)                         0.09      0.07 *     4.15 r                   0.90
  g_blocks_0__tcu_fp/g_i_4__g_j_3__fedp/g_red_tree_1__g_add_1__reduce_add/adder/countLeadingZeros_close/n49 (net)                            2                   0.00       4.15 r                   
  g_blocks_0__tcu_fp/g_i_4__g_j_3__fedp/g_red_tree_1__g_add_1__reduce_add/adder/countLeadingZeros_close/U4/Y (NOR2XB_X0P7M_A9TR)                       0.05      0.08 *     4.24 r                   0.90
  g_blocks_0__tcu_fp/g_i_4__g_j_3__fedp/g_red_tree_1__g_add_1__reduce_add/adder/countLeadingZeros_close/n64 (net)                            2                   0.00       4.24 r                   
  g_blocks_0__tcu_fp/g_i_4__g_j_3__fedp/g_red_tree_1__g_add_1__reduce_add/adder/countLeadingZeros_close/U5/Y (NOR2XB_X0P7M_A9TR)                       0.07      0.08 *     4.32 r                   0.90
  g_blocks_0__tcu_fp/g_i_4__g_j_3__fedp/g_red_tree_1__g_add_1__reduce_add/adder/countLeadingZeros_close/n59 (net)                            3                   0.00       4.32 r                   
  g_blocks_0__tcu_fp/g_i_4__g_j_3__fedp/g_red_tree_1__g_add_1__reduce_add/adder/countLeadingZeros_close/U6/Y (INV_X0P7M_A9TR)                          0.02      0.03 *     4.34 f                   0.90
  g_blocks_0__tcu_fp/g_i_4__g_j_3__fedp/g_red_tree_1__g_add_1__reduce_add/adder/countLeadingZeros_close/n48 (net)                            1                   0.00       4.34 f                   
  g_blocks_0__tcu_fp/g_i_4__g_j_3__fedp/g_red_tree_1__g_add_1__reduce_add/adder/countLeadingZeros_close/U7/Y (NOR3_X1M_A9TR)                           0.09      0.08 *     4.42 r                   0.90
  g_blocks_0__tcu_fp/g_i_4__g_j_3__fedp/g_red_tree_1__g_add_1__reduce_add/adder/countLeadingZeros_close/n50 (net)                            3                   0.00       4.42 r                   
  g_blocks_0__tcu_fp/g_i_4__g_j_3__fedp/g_red_tree_1__g_add_1__reduce_add/adder/countLeadingZeros_close/U10/Y (NAND2XB_X0P7M_A9TR)                     0.05      0.05 *     4.47 f                   0.90
  g_blocks_0__tcu_fp/g_i_4__g_j_3__fedp/g_red_tree_1__g_add_1__reduce_add/adder/countLeadingZeros_close/n56 (net)                            3                   0.00       4.47 f                   
  g_blocks_0__tcu_fp/g_i_4__g_j_3__fedp/g_red_tree_1__g_add_1__reduce_add/adder/countLeadingZeros_close/U11/Y (NOR3_X0P7M_A9TR)                        0.09      0.08 *     4.55 r                   0.90
  g_blocks_0__tcu_fp/g_i_4__g_j_3__fedp/g_red_tree_1__g_add_1__reduce_add/adder/countLeadingZeros_close/n63 (net)                            2                   0.00       4.55 r                   
  g_blocks_0__tcu_fp/g_i_4__g_j_3__fedp/g_red_tree_1__g_add_1__reduce_add/adder/countLeadingZeros_close/U12/Y (AOI22_X0P5M_A9TR)                       0.05      0.05 *     4.60 f                   0.90
  g_blocks_0__tcu_fp/g_i_4__g_j_3__fedp/g_red_tree_1__g_add_1__reduce_add/adder/countLeadingZeros_close/n51 (net)                            1                   0.00       4.60 f                   
  g_blocks_0__tcu_fp/g_i_4__g_j_3__fedp/g_red_tree_1__g_add_1__reduce_add/adder/countLeadingZeros_close/U14/Y (AND2_X0P7M_A9TR)                        0.03      0.06 *     4.66 f                   0.90
  g_blocks_0__tcu_fp/g_i_4__g_j_3__fedp/g_red_tree_1__g_add_1__reduce_add/adder/countLeadingZeros_close/n61 (net)                            2                   0.00       4.66 f                   
  g_blocks_0__tcu_fp/g_i_4__g_j_3__fedp/g_red_tree_1__g_add_1__reduce_add/adder/countLeadingZeros_close/U23/Y (NAND3XXB_X1M_A9TR)                      0.20      0.11 *     4.78 r                   0.90
  g_blocks_0__tcu_fp/g_i_4__g_j_3__fedp/g_red_tree_1__g_add_1__reduce_add/adder/countLeadingZeros_close/count[0] (net)                      14                   0.00       4.78 r                   
  g_blocks_0__tcu_fp/g_i_4__g_j_3__fedp/g_red_tree_1__g_add_1__reduce_add/adder/countLeadingZeros_close/count[0] (countLeadingZeros_98)                          0.00       4.78 r                   
  g_blocks_0__tcu_fp/g_i_4__g_j_3__fedp/g_red_tree_1__g_add_1__reduce_add/adder/close_normDistReduced2[0] (net)                                                  0.00       4.78 r                   
  g_blocks_0__tcu_fp/g_i_4__g_j_3__fedp/g_red_tree_1__g_add_1__reduce_add/adder/U696/Y (INV_X0P7M_A9TR)                                                0.10      0.11 *     4.89 f                   0.90
  g_blocks_0__tcu_fp/g_i_4__g_j_3__fedp/g_red_tree_1__g_add_1__reduce_add/adder/n1392 (net)                                                 12                   0.00       4.89 f                   
  g_blocks_0__tcu_fp/g_i_4__g_j_3__fedp/g_red_tree_1__g_add_1__reduce_add/adder/U118/Y (NOR2_X0P5B_A9TR)                                               0.25      0.18 *     5.07 r                   0.90
  g_blocks_0__tcu_fp/g_i_4__g_j_3__fedp/g_red_tree_1__g_add_1__reduce_add/adder/n1220 (net)                                                 14                   0.00       5.07 r                   
  g_blocks_0__tcu_fp/g_i_4__g_j_3__fedp/g_red_tree_1__g_add_1__reduce_add/adder/U170/Y (AOI222_X0P7M_A9TR)                                             0.12      0.11 *     5.18 f                   0.90
  g_blocks_0__tcu_fp/g_i_4__g_j_3__fedp/g_red_tree_1__g_add_1__reduce_add/adder/n1134 (net)                                                  2                   0.00       5.18 f                   
  g_blocks_0__tcu_fp/g_i_4__g_j_3__fedp/g_red_tree_1__g_add_1__reduce_add/adder/U171/Y (AOI22_X0P5M_A9TR)                                              0.10      0.09 *     5.27 r                   0.90
  g_blocks_0__tcu_fp/g_i_4__g_j_3__fedp/g_red_tree_1__g_add_1__reduce_add/adder/n1226 (net)                                                  2                   0.00       5.27 r                   
  g_blocks_0__tcu_fp/g_i_4__g_j_3__fedp/g_red_tree_1__g_add_1__reduce_add/adder/U573/Y (AOI32_X0P5M_A9TR)                                              0.08      0.07 *     5.34 f                   0.90
  g_blocks_0__tcu_fp/g_i_4__g_j_3__fedp/g_red_tree_1__g_add_1__reduce_add/adder/n1285 (net)                                                  2                   0.00       5.34 f                   
  g_blocks_0__tcu_fp/g_i_4__g_j_3__fedp/g_red_tree_1__g_add_1__reduce_add/adder/U622/Y (NAND2_X0P5M_A9TR)                                              0.07      0.07 *     5.41 r                   0.90
  g_blocks_0__tcu_fp/g_i_4__g_j_3__fedp/g_red_tree_1__g_add_1__reduce_add/adder/n1292 (net)                                                  2                   0.00       5.41 r                   
  g_blocks_0__tcu_fp/g_i_4__g_j_3__fedp/g_red_tree_1__g_add_1__reduce_add/adder/U632/Y (OAI221_X0P5M_A9TR)                                             0.07      0.05 *     5.46 f                   0.90
  g_blocks_0__tcu_fp/g_i_4__g_j_3__fedp/g_red_tree_1__g_add_1__reduce_add/adder/n1304 (net)                                                  1                   0.00       5.46 f                   
  g_blocks_0__tcu_fp/g_i_4__g_j_3__fedp/g_red_tree_1__g_add_1__reduce_add/adder/U636/Y (OAI31_X0P7M_A9TR)                                              0.11      0.08 *     5.54 r                   0.90
  g_blocks_0__tcu_fp/g_i_4__g_j_3__fedp/g_red_tree_1__g_add_1__reduce_add/adder/out_sign (net)                                               1                   0.00       5.54 r                   
  g_blocks_0__tcu_fp/g_i_4__g_j_3__fedp/g_red_tree_1__g_add_1__reduce_add/adder/out_sign (addRecFNToRaw_98)                                                      0.00       5.54 r                   
  g_blocks_0__tcu_fp/g_i_4__g_j_3__fedp/g_red_tree_1__g_add_1__reduce_add/s1_sign (net)                                                                          0.00       5.54 r                   
  g_blocks_0__tcu_fp/g_i_4__g_j_3__fedp/g_red_tree_1__g_add_1__reduce_add/pipe_add/data_in[40] (VX_pipe_register_32_98)                                          0.00       5.54 r                   
  g_blocks_0__tcu_fp/g_i_4__g_j_3__fedp/g_red_tree_1__g_add_1__reduce_add/pipe_add/data_in[40] (net)                                                             0.00       5.54 r                   
  g_blocks_0__tcu_fp/g_i_4__g_j_3__fedp/g_red_tree_1__g_add_1__reduce_add/pipe_add/g_shift_register/data_in[40] (VX_shift_register_45_0_2_0_98)                  0.00       5.54 r                   
  g_blocks_0__tcu_fp/g_i_4__g_j_3__fedp/g_red_tree_1__g_add_1__reduce_add/pipe_add/g_shift_register/data_in[40] (net)                                            0.00       5.54 r                   
  g_blocks_0__tcu_fp/g_i_4__g_j_3__fedp/g_red_tree_1__g_add_1__reduce_add/pipe_add/g_shift_register/g_shift_pipe_reg_0__40_/D (DFFQ_X0P5M_A9TR)        0.11      0.00 *     5.54 r                   0.90
  data arrival time                                                                                                                                                         5.54                     

  clock CLK (rise edge)                                                                                                                                          9.90       9.90                     
  clock network delay (ideal)                                                                                                                                    0.00       9.90                     
  g_blocks_0__tcu_fp/g_i_4__g_j_3__fedp/g_red_tree_1__g_add_1__reduce_add/pipe_add/g_shift_register/g_shift_pipe_reg_0__40_/CK (DFFQ_X0P5M_A9TR)                 0.00       9.90 r                   
  library setup time                                                                                                                                            -0.06       9.84                     
  data required time                                                                                                                                                        9.84                     
  ----------------------------------------------------------------------------------------------------------------------------------------------------------------------------------------------------------------
  data required time                                                                                                                                                        9.84                     
  data arrival time                                                                                                                                                        -5.54                     
  ----------------------------------------------------------------------------------------------------------------------------------------------------------------------------------------------------------------
  slack (MET)                                                                                                                                                               4.30                     


  Startpoint: g_blocks_0__tcu_fp/g_i_1__g_j_2__fedp/g_red_tree_0__g_add_3__reduce_add/pipe_rnd/g_shift_register/g_shift_pipe_reg_0__28_
              (rising edge-triggered flip-flop clocked by CLK)
  Endpoint: g_blocks_0__tcu_fp/g_i_1__g_j_2__fedp/g_red_tree_1__g_add_1__reduce_add/pipe_add/g_shift_register/g_shift_pipe_reg_0__40_
            (rising edge-triggered flip-flop clocked by CLK)
  Scenario: mode_norm.OC_rvt_ss_0p900v_125c
  Path Group: CLK
  Path Type: max

Attributes:
    d - dont_touch
    u - dont_use
   mo - map_only
   so - size_only
    i - ideal_net or ideal_network
  inf - infeasible path

  Point                                                                                                                                    Fanout     Trans      Incr       Path      Attributes     Voltage
  ----------------------------------------------------------------------------------------------------------------------------------------------------------------------------------------------------------------
  clock CLK (rise edge)                                                                                                                                          0.00       0.00                     
  clock network delay (ideal)                                                                                                                                    0.00       0.00                     
  g_blocks_0__tcu_fp/g_i_1__g_j_2__fedp/g_red_tree_0__g_add_3__reduce_add/pipe_rnd/g_shift_register/g_shift_pipe_reg_0__28_/CK (DFFQ_X0P5M_A9TR)       0.00      0.00       0.00 r                   0.90
  g_blocks_0__tcu_fp/g_i_1__g_j_2__fedp/g_red_tree_0__g_add_3__reduce_add/pipe_rnd/g_shift_register/g_shift_pipe_reg_0__28_/Q (DFFQ_X0P5M_A9TR)        0.02      0.11       0.11 f                   0.90
  g_blocks_0__tcu_fp/g_i_1__g_j_2__fedp/g_red_tree_0__g_add_3__reduce_add/pipe_rnd/g_shift_register/data_out[28] (net)                       1                   0.00       0.11 f                   
  g_blocks_0__tcu_fp/g_i_1__g_j_2__fedp/g_red_tree_0__g_add_3__reduce_add/pipe_rnd/g_shift_register/data_out[28] (VX_shift_register_38_0_1_0_378)                0.00       0.11 f                   
  g_blocks_0__tcu_fp/g_i_1__g_j_2__fedp/g_red_tree_0__g_add_3__reduce_add/pipe_rnd/data_out[28] (net)                                                            0.00       0.11 f                   
  g_blocks_0__tcu_fp/g_i_1__g_j_2__fedp/g_red_tree_0__g_add_3__reduce_add/pipe_rnd/data_out[28] (VX_pipe_register_31_378)                                        0.00       0.11 f                   
  g_blocks_0__tcu_fp/g_i_1__g_j_2__fedp/g_red_tree_0__g_add_3__reduce_add/y[23] (net)                                                                            0.00       0.11 f                   
  g_blocks_0__tcu_fp/g_i_1__g_j_2__fedp/g_red_tree_0__g_add_3__reduce_add/y[23] (VX_tcu_bhf_fadd_179)                                                            0.00       0.11 f                   
  g_blocks_0__tcu_fp/g_i_1__g_j_2__fedp/red_in_1__3__23_ (net)                                                                                                   0.00       0.11 f                   
  g_blocks_0__tcu_fp/g_i_1__g_j_2__fedp/g_red_tree_1__g_add_1__reduce_add/b[23] (VX_tcu_bhf_fadd_177)                                                            0.00       0.11 f                   
  g_blocks_0__tcu_fp/g_i_1__g_j_2__fedp/g_red_tree_1__g_add_1__reduce_add/b[23] (net)                                                                            0.00       0.11 f                   
  g_blocks_0__tcu_fp/g_i_1__g_j_2__fedp/g_red_tree_1__g_add_1__reduce_add/adder/b[23] (addRecFNToRaw_202)                                                        0.00       0.11 f                   
  g_blocks_0__tcu_fp/g_i_1__g_j_2__fedp/g_red_tree_1__g_add_1__reduce_add/adder/b[23] (net)                                                                      0.00       0.11 f                   
  g_blocks_0__tcu_fp/g_i_1__g_j_2__fedp/g_red_tree_1__g_add_1__reduce_add/adder/recFNToRawFN_b/in[23] (recFNToRawFN_1_430)                                       0.00       0.11 f                   
  g_blocks_0__tcu_fp/g_i_1__g_j_2__fedp/g_red_tree_1__g_add_1__reduce_add/adder/recFNToRawFN_b/in[23] (net)                                                      0.00       0.11 f                   
  g_blocks_0__tcu_fp/g_i_1__g_j_2__fedp/g_red_tree_1__g_add_1__reduce_add/adder/recFNToRawFN_b/U2/Y (BUF_X1M_A9TR)                                     0.02      0.04 *     0.16 f                   0.90
  g_blocks_0__tcu_fp/g_i_1__g_j_2__fedp/g_red_tree_1__g_add_1__reduce_add/adder/recFNToRawFN_b/sExp[0] (net)                                 3                   0.00       0.16 f                   
  g_blocks_0__tcu_fp/g_i_1__g_j_2__fedp/g_red_tree_1__g_add_1__reduce_add/adder/recFNToRawFN_b/sExp[0] (recFNToRawFN_1_430)                                      0.00       0.16 f                   
  g_blocks_0__tcu_fp/g_i_1__g_j_2__fedp/g_red_tree_1__g_add_1__reduce_add/adder/sExpB[0] (net)                                                                   0.00       0.16 f                   
  g_blocks_0__tcu_fp/g_i_1__g_j_2__fedp/g_red_tree_1__g_add_1__reduce_add/adder/U9/Y (NOR2XB_X0P7M_A9TR)                                               0.05      0.07 *     0.22 f                   0.90
  g_blocks_0__tcu_fp/g_i_1__g_j_2__fedp/g_red_tree_1__g_add_1__reduce_add/adder/n880 (net)                                                   3                   0.00       0.22 f                   
  g_blocks_0__tcu_fp/g_i_1__g_j_2__fedp/g_red_tree_1__g_add_1__reduce_add/adder/U11/CON (CGENI_X1M_A9TR)                                               0.08      0.07 *     0.30 r                   0.90
  g_blocks_0__tcu_fp/g_i_1__g_j_2__fedp/g_red_tree_1__g_add_1__reduce_add/adder/n858 (net)                                                   2                   0.00       0.30 r                   
  g_blocks_0__tcu_fp/g_i_1__g_j_2__fedp/g_red_tree_1__g_add_1__reduce_add/adder/U12/CON (CGENI_X1M_A9TR)                                               0.06      0.06 *     0.36 f                   0.90
  g_blocks_0__tcu_fp/g_i_1__g_j_2__fedp/g_red_tree_1__g_add_1__reduce_add/adder/n859 (net)                                                   2                   0.00       0.36 f                   
  g_blocks_0__tcu_fp/g_i_1__g_j_2__fedp/g_red_tree_1__g_add_1__reduce_add/adder/U34/CON (CGENI_X1M_A9TR)                                               0.06      0.07 *     0.43 r                   0.90
  g_blocks_0__tcu_fp/g_i_1__g_j_2__fedp/g_red_tree_1__g_add_1__reduce_add/adder/n1358 (net)                                                  2                   0.00       0.43 r                   
  g_blocks_0__tcu_fp/g_i_1__g_j_2__fedp/g_red_tree_1__g_add_1__reduce_add/adder/U691/CON (CGENI_X1M_A9TR)                                              0.05      0.05 *     0.47 f                   0.90
  g_blocks_0__tcu_fp/g_i_1__g_j_2__fedp/g_red_tree_1__g_add_1__reduce_add/adder/intadd_830_CI (net)                                          1                   0.00       0.47 f                   
  g_blocks_0__tcu_fp/g_i_1__g_j_2__fedp/g_red_tree_1__g_add_1__reduce_add/adder/intadd_830_U5/CO (ADDF_X1M_A9TR)                                       0.04      0.09 *     0.57 f    mo             0.90
  g_blocks_0__tcu_fp/g_i_1__g_j_2__fedp/g_red_tree_1__g_add_1__reduce_add/adder/intadd_830_n4 (net)                                          1                   0.00       0.57 f                   
  g_blocks_0__tcu_fp/g_i_1__g_j_2__fedp/g_red_tree_1__g_add_1__reduce_add/adder/intadd_830_U4/CO (ADDF_X1M_A9TR)                                       0.03      0.08 *     0.65 f    mo             0.90
  g_blocks_0__tcu_fp/g_i_1__g_j_2__fedp/g_red_tree_1__g_add_1__reduce_add/adder/intadd_830_n3 (net)                                          1                   0.00       0.65 f                   
  g_blocks_0__tcu_fp/g_i_1__g_j_2__fedp/g_red_tree_1__g_add_1__reduce_add/adder/intadd_830_U3/CO (ADDF_X1M_A9TR)                                       0.03      0.08 *     0.74 f    mo             0.90
  g_blocks_0__tcu_fp/g_i_1__g_j_2__fedp/g_red_tree_1__g_add_1__reduce_add/adder/intadd_830_n2 (net)                                          1                   0.00       0.74 f                   
  g_blocks_0__tcu_fp/g_i_1__g_j_2__fedp/g_red_tree_1__g_add_1__reduce_add/adder/intadd_830_U2/CO (ADDF_X1M_A9TR)                                       0.23      0.21 *     0.95 f    mo             0.90
  g_blocks_0__tcu_fp/g_i_1__g_j_2__fedp/g_red_tree_1__g_add_1__reduce_add/adder/intadd_830_n1 (net)                                         67                   0.00       0.95 f                   
  g_blocks_0__tcu_fp/g_i_1__g_j_2__fedp/g_red_tree_1__g_add_1__reduce_add/adder/U102/Y (INV_X0P7M_A9TR)                                                0.25      0.22 *     1.17 r                   0.90
  g_blocks_0__tcu_fp/g_i_1__g_j_2__fedp/g_red_tree_1__g_add_1__reduce_add/adder/n1372 (net)                                                 25                   0.00       1.17 r                   
  g_blocks_0__tcu_fp/g_i_1__g_j_2__fedp/g_red_tree_1__g_add_1__reduce_add/adder/U55/Y (NAND2_X0P7B_A9TR)                                               0.22      0.20 *     1.37 f                   0.90
  g_blocks_0__tcu_fp/g_i_1__g_j_2__fedp/g_red_tree_1__g_add_1__reduce_add/adder/n1352 (net)                                                 23                   0.00       1.37 f                   
  g_blocks_0__tcu_fp/g_i_1__g_j_2__fedp/g_red_tree_1__g_add_1__reduce_add/adder/U638/Y (OAI22_X0P5M_A9TR)                                              0.11      0.10 *     1.47 r                   0.90
  g_blocks_0__tcu_fp/g_i_1__g_j_2__fedp/g_red_tree_1__g_add_1__reduce_add/adder/n1308 (net)                                                  1                   0.00       1.47 r                   
  g_blocks_0__tcu_fp/g_i_1__g_j_2__fedp/g_red_tree_1__g_add_1__reduce_add/adder/U639/Y (AOI21_X0P7M_A9TR)                                              0.11      0.07 *     1.54 f                   0.90
  g_blocks_0__tcu_fp/g_i_1__g_j_2__fedp/g_red_tree_1__g_add_1__reduce_add/adder/intadd_829_B_0_ (net)                                        1                   0.00       1.54 f                   
  g_blocks_0__tcu_fp/g_i_1__g_j_2__fedp/g_red_tree_1__g_add_1__reduce_add/adder/intadd_829_U24/CO (ADDF_X1M_A9TR)                                      0.03      0.12 *     1.66 f    mo             0.90
  g_blocks_0__tcu_fp/g_i_1__g_j_2__fedp/g_red_tree_1__g_add_1__reduce_add/adder/intadd_829_n23 (net)                                         1                   0.00       1.66 f                   
  g_blocks_0__tcu_fp/g_i_1__g_j_2__fedp/g_red_tree_1__g_add_1__reduce_add/adder/intadd_829_U23/CO (ADDF_X1M_A9TR)                                      0.03      0.08 *     1.75 f    mo             0.90
  g_blocks_0__tcu_fp/g_i_1__g_j_2__fedp/g_red_tree_1__g_add_1__reduce_add/adder/intadd_829_n22 (net)                                         1                   0.00       1.75 f                   
  g_blocks_0__tcu_fp/g_i_1__g_j_2__fedp/g_red_tree_1__g_add_1__reduce_add/adder/intadd_829_U22/CO (ADDF_X1M_A9TR)                                      0.03      0.08 *     1.83 f    mo             0.90
  g_blocks_0__tcu_fp/g_i_1__g_j_2__fedp/g_red_tree_1__g_add_1__reduce_add/adder/intadd_829_n21 (net)                                         1                   0.00       1.83 f                   
  g_blocks_0__tcu_fp/g_i_1__g_j_2__fedp/g_red_tree_1__g_add_1__reduce_add/adder/intadd_829_U21/CO (ADDF_X1M_A9TR)                                      0.03      0.08 *     1.91 f    mo             0.90
  g_blocks_0__tcu_fp/g_i_1__g_j_2__fedp/g_red_tree_1__g_add_1__reduce_add/adder/intadd_829_n20 (net)                                         1                   0.00       1.91 f                   
  g_blocks_0__tcu_fp/g_i_1__g_j_2__fedp/g_red_tree_1__g_add_1__reduce_add/adder/intadd_829_U20/CO (ADDF_X1M_A9TR)                                      0.03      0.08 *     2.00 f    mo             0.90
  g_blocks_0__tcu_fp/g_i_1__g_j_2__fedp/g_red_tree_1__g_add_1__reduce_add/adder/intadd_829_n19 (net)                                         1                   0.00       2.00 f                   
  g_blocks_0__tcu_fp/g_i_1__g_j_2__fedp/g_red_tree_1__g_add_1__reduce_add/adder/intadd_829_U19/CO (ADDF_X1M_A9TR)                                      0.03      0.08 *     2.08 f    mo             0.90
  g_blocks_0__tcu_fp/g_i_1__g_j_2__fedp/g_red_tree_1__g_add_1__reduce_add/adder/intadd_829_n18 (net)                                         1                   0.00       2.08 f                   
  g_blocks_0__tcu_fp/g_i_1__g_j_2__fedp/g_red_tree_1__g_add_1__reduce_add/adder/intadd_829_U18/CO (ADDF_X1M_A9TR)                                      0.03      0.08 *     2.17 f    mo             0.90
  g_blocks_0__tcu_fp/g_i_1__g_j_2__fedp/g_red_tree_1__g_add_1__reduce_add/adder/intadd_829_n17 (net)                                         1                   0.00       2.17 f                   
  g_blocks_0__tcu_fp/g_i_1__g_j_2__fedp/g_red_tree_1__g_add_1__reduce_add/adder/intadd_829_U17/CO (ADDF_X1M_A9TR)                                      0.03      0.08 *     2.25 f    mo             0.90
  g_blocks_0__tcu_fp/g_i_1__g_j_2__fedp/g_red_tree_1__g_add_1__reduce_add/adder/intadd_829_n16 (net)                                         1                   0.00       2.25 f                   
  g_blocks_0__tcu_fp/g_i_1__g_j_2__fedp/g_red_tree_1__g_add_1__reduce_add/adder/intadd_829_U16/CO (ADDF_X1M_A9TR)                                      0.03      0.08 *     2.34 f    mo             0.90
  g_blocks_0__tcu_fp/g_i_1__g_j_2__fedp/g_red_tree_1__g_add_1__reduce_add/adder/intadd_829_n15 (net)                                         1                   0.00       2.34 f                   
  g_blocks_0__tcu_fp/g_i_1__g_j_2__fedp/g_red_tree_1__g_add_1__reduce_add/adder/intadd_829_U15/CO (ADDF_X1M_A9TR)                                      0.03      0.08 *     2.42 f    mo             0.90
  g_blocks_0__tcu_fp/g_i_1__g_j_2__fedp/g_red_tree_1__g_add_1__reduce_add/adder/intadd_829_n14 (net)                                         1                   0.00       2.42 f                   
  g_blocks_0__tcu_fp/g_i_1__g_j_2__fedp/g_red_tree_1__g_add_1__reduce_add/adder/intadd_829_U14/CO (ADDF_X1M_A9TR)                                      0.03      0.08 *     2.51 f    mo             0.90
  g_blocks_0__tcu_fp/g_i_1__g_j_2__fedp/g_red_tree_1__g_add_1__reduce_add/adder/intadd_829_n13 (net)                                         1                   0.00       2.51 f                   
  g_blocks_0__tcu_fp/g_i_1__g_j_2__fedp/g_red_tree_1__g_add_1__reduce_add/adder/intadd_829_U13/CO (ADDF_X1M_A9TR)                                      0.03      0.08 *     2.59 f    mo             0.90
  g_blocks_0__tcu_fp/g_i_1__g_j_2__fedp/g_red_tree_1__g_add_1__reduce_add/adder/intadd_829_n12 (net)                                         1                   0.00       2.59 f                   
  g_blocks_0__tcu_fp/g_i_1__g_j_2__fedp/g_red_tree_1__g_add_1__reduce_add/adder/intadd_829_U12/CO (ADDF_X1M_A9TR)                                      0.03      0.08 *     2.67 f    mo             0.90
  g_blocks_0__tcu_fp/g_i_1__g_j_2__fedp/g_red_tree_1__g_add_1__reduce_add/adder/intadd_829_n11 (net)                                         1                   0.00       2.67 f                   
  g_blocks_0__tcu_fp/g_i_1__g_j_2__fedp/g_red_tree_1__g_add_1__reduce_add/adder/intadd_829_U11/CO (ADDF_X1M_A9TR)                                      0.03      0.08 *     2.76 f    mo             0.90
  g_blocks_0__tcu_fp/g_i_1__g_j_2__fedp/g_red_tree_1__g_add_1__reduce_add/adder/intadd_829_n10 (net)                                         1                   0.00       2.76 f                   
  g_blocks_0__tcu_fp/g_i_1__g_j_2__fedp/g_red_tree_1__g_add_1__reduce_add/adder/intadd_829_U10/CO (ADDF_X1M_A9TR)                                      0.03      0.09 *     2.84 f    mo             0.90
  g_blocks_0__tcu_fp/g_i_1__g_j_2__fedp/g_red_tree_1__g_add_1__reduce_add/adder/intadd_829_n9 (net)                                          1                   0.00       2.84 f                   
  g_blocks_0__tcu_fp/g_i_1__g_j_2__fedp/g_red_tree_1__g_add_1__reduce_add/adder/intadd_829_U9/CO (ADDF_X1M_A9TR)                                       0.03      0.09 *     2.93 f    mo             0.90
  g_blocks_0__tcu_fp/g_i_1__g_j_2__fedp/g_red_tree_1__g_add_1__reduce_add/adder/intadd_829_n8 (net)                                          1                   0.00       2.93 f                   
  g_blocks_0__tcu_fp/g_i_1__g_j_2__fedp/g_red_tree_1__g_add_1__reduce_add/adder/intadd_829_U8/CO (ADDF_X1M_A9TR)                                       0.03      0.08 *     3.01 f    mo             0.90
  g_blocks_0__tcu_fp/g_i_1__g_j_2__fedp/g_red_tree_1__g_add_1__reduce_add/adder/intadd_829_n7 (net)                                          1                   0.00       3.01 f                   
  g_blocks_0__tcu_fp/g_i_1__g_j_2__fedp/g_red_tree_1__g_add_1__reduce_add/adder/intadd_829_U7/CO (ADDF_X1M_A9TR)                                       0.03      0.08 *     3.10 f    mo             0.90
  g_blocks_0__tcu_fp/g_i_1__g_j_2__fedp/g_red_tree_1__g_add_1__reduce_add/adder/intadd_829_n6 (net)                                          1                   0.00       3.10 f                   
  g_blocks_0__tcu_fp/g_i_1__g_j_2__fedp/g_red_tree_1__g_add_1__reduce_add/adder/intadd_829_U6/CO (ADDF_X1M_A9TR)                                       0.03      0.08 *     3.18 f    mo             0.90
  g_blocks_0__tcu_fp/g_i_1__g_j_2__fedp/g_red_tree_1__g_add_1__reduce_add/adder/intadd_829_n5 (net)                                          1                   0.00       3.18 f                   
  g_blocks_0__tcu_fp/g_i_1__g_j_2__fedp/g_red_tree_1__g_add_1__reduce_add/adder/intadd_829_U5/CO (ADDF_X1M_A9TR)                                       0.03      0.08 *     3.26 f    mo             0.90
  g_blocks_0__tcu_fp/g_i_1__g_j_2__fedp/g_red_tree_1__g_add_1__reduce_add/adder/intadd_829_n4 (net)                                          1                   0.00       3.26 f                   
  g_blocks_0__tcu_fp/g_i_1__g_j_2__fedp/g_red_tree_1__g_add_1__reduce_add/adder/intadd_829_U4/CO (ADDF_X1M_A9TR)                                       0.03      0.08 *     3.35 f    mo             0.90
  g_blocks_0__tcu_fp/g_i_1__g_j_2__fedp/g_red_tree_1__g_add_1__reduce_add/adder/intadd_829_n3 (net)                                          1                   0.00       3.35 f                   
  g_blocks_0__tcu_fp/g_i_1__g_j_2__fedp/g_red_tree_1__g_add_1__reduce_add/adder/intadd_829_U3/CO (ADDF_X1M_A9TR)                                       0.03      0.08 *     3.43 f    mo             0.90
  g_blocks_0__tcu_fp/g_i_1__g_j_2__fedp/g_red_tree_1__g_add_1__reduce_add/adder/intadd_829_n2 (net)                                          1                   0.00       3.43 f                   
  g_blocks_0__tcu_fp/g_i_1__g_j_2__fedp/g_red_tree_1__g_add_1__reduce_add/adder/intadd_829_U2/CO (ADDF_X1M_A9TR)                                       0.03      0.08 *     3.51 f    mo             0.90
  g_blocks_0__tcu_fp/g_i_1__g_j_2__fedp/g_red_tree_1__g_add_1__reduce_add/adder/intadd_829_n1 (net)                                          2                   0.00       3.51 f                   
  g_blocks_0__tcu_fp/g_i_1__g_j_2__fedp/g_red_tree_1__g_add_1__reduce_add/adder/U57/Y (OAI21_X1M_A9TR)                                                 0.24      0.11 *     3.62 r                   0.90
  g_blocks_0__tcu_fp/g_i_1__g_j_2__fedp/g_red_tree_1__g_add_1__reduce_add/adder/n1294 (net)                                                 12                   0.00       3.62 r                   
  g_blocks_0__tcu_fp/g_i_1__g_j_2__fedp/g_red_tree_1__g_add_1__reduce_add/adder/U693/Y (INV_X0P7M_A9TR)                                                0.20      0.20 *     3.82 f                   0.90
  g_blocks_0__tcu_fp/g_i_1__g_j_2__fedp/g_red_tree_1__g_add_1__reduce_add/adder/n1389 (net)                                                 29                   0.00       3.82 f                   
  g_blocks_0__tcu_fp/g_i_1__g_j_2__fedp/g_red_tree_1__g_add_1__reduce_add/adder/U545/Y (NAND3_X0P7M_A9TR)                                              0.07      0.08 *     3.90 r                   0.90
  g_blocks_0__tcu_fp/g_i_1__g_j_2__fedp/g_red_tree_1__g_add_1__reduce_add/adder/n1185 (net)                                                  1                   0.00       3.90 r                   
  g_blocks_0__tcu_fp/g_i_1__g_j_2__fedp/g_red_tree_1__g_add_1__reduce_add/adder/U546/Y (AO21A1AI2_X0P7M_A9TR)                                          0.10      0.07 *     3.97 f                   0.90
  g_blocks_0__tcu_fp/g_i_1__g_j_2__fedp/g_red_tree_1__g_add_1__reduce_add/adder/close_sigSum[23] (net)                                       3                   0.00       3.97 f                   
  g_blocks_0__tcu_fp/g_i_1__g_j_2__fedp/g_red_tree_1__g_add_1__reduce_add/adder/compressBy2_close_sigSum/in[23] (compressBy2_202)                                0.00       3.97 f                   
  g_blocks_0__tcu_fp/g_i_1__g_j_2__fedp/g_red_tree_1__g_add_1__reduce_add/adder/compressBy2_close_sigSum/in[23] (net)                                            0.00       3.97 f                   
  g_blocks_0__tcu_fp/g_i_1__g_j_2__fedp/g_red_tree_1__g_add_1__reduce_add/adder/compressBy2_close_sigSum/U5/Y (OR2_X0P7B_A9TR)                         0.03      0.07 *     4.04 f                   0.90
  g_blocks_0__tcu_fp/g_i_1__g_j_2__fedp/g_red_tree_1__g_add_1__reduce_add/adder/compressBy2_close_sigSum/out[11] (net)                       1                   0.00       4.04 f                   
  g_blocks_0__tcu_fp/g_i_1__g_j_2__fedp/g_red_tree_1__g_add_1__reduce_add/adder/compressBy2_close_sigSum/out[11] (compressBy2_202)                               0.00       4.04 f                   
  g_blocks_0__tcu_fp/g_i_1__g_j_2__fedp/g_red_tree_1__g_add_1__reduce_add/adder/close_reduced2SigSum[11] (net)                                                   0.00       4.04 f                   
  g_blocks_0__tcu_fp/g_i_1__g_j_2__fedp/g_red_tree_1__g_add_1__reduce_add/adder/countLeadingZeros_close/in[11] (countLeadingZeros_202)                           0.00       4.04 f                   
  g_blocks_0__tcu_fp/g_i_1__g_j_2__fedp/g_red_tree_1__g_add_1__reduce_add/adder/countLeadingZeros_close/in[11] (net)                                             0.00       4.04 f                   
  g_blocks_0__tcu_fp/g_i_1__g_j_2__fedp/g_red_tree_1__g_add_1__reduce_add/adder/countLeadingZeros_close/reverse_in/in[11] (reverse_204)                          0.00       4.04 f                   
  g_blocks_0__tcu_fp/g_i_1__g_j_2__fedp/g_red_tree_1__g_add_1__reduce_add/adder/countLeadingZeros_close/reverse_in/in[11] (net)                                  0.00       4.04 f                   
  g_blocks_0__tcu_fp/g_i_1__g_j_2__fedp/g_red_tree_1__g_add_1__reduce_add/adder/countLeadingZeros_close/reverse_in/U1/Y (BUF_X1M_A9TR)                 0.02      0.05 *     4.08 f                   0.90
  g_blocks_0__tcu_fp/g_i_1__g_j_2__fedp/g_red_tree_1__g_add_1__reduce_add/adder/countLeadingZeros_close/reverse_in/out[1] (net)              3                   0.00       4.08 f                   
  g_blocks_0__tcu_fp/g_i_1__g_j_2__fedp/g_red_tree_1__g_add_1__reduce_add/adder/countLeadingZeros_close/reverse_in/out[1] (reverse_204)                          0.00       4.08 f                   
  g_blocks_0__tcu_fp/g_i_1__g_j_2__fedp/g_red_tree_1__g_add_1__reduce_add/adder/countLeadingZeros_close/reverseIn[1] (net)                                       0.00       4.08 f                   
  g_blocks_0__tcu_fp/g_i_1__g_j_2__fedp/g_red_tree_1__g_add_1__reduce_add/adder/countLeadingZeros_close/U3/Y (NOR3_X0P7M_A9TR)                         0.09      0.07 *     4.16 r                   0.90
  g_blocks_0__tcu_fp/g_i_1__g_j_2__fedp/g_red_tree_1__g_add_1__reduce_add/adder/countLeadingZeros_close/n49 (net)                            2                   0.00       4.16 r                   
  g_blocks_0__tcu_fp/g_i_1__g_j_2__fedp/g_red_tree_1__g_add_1__reduce_add/adder/countLeadingZeros_close/U4/Y (NOR2XB_X0P7M_A9TR)                       0.05      0.08 *     4.24 r                   0.90
  g_blocks_0__tcu_fp/g_i_1__g_j_2__fedp/g_red_tree_1__g_add_1__reduce_add/adder/countLeadingZeros_close/n64 (net)                            2                   0.00       4.24 r                   
  g_blocks_0__tcu_fp/g_i_1__g_j_2__fedp/g_red_tree_1__g_add_1__reduce_add/adder/countLeadingZeros_close/U5/Y (NOR2XB_X0P7M_A9TR)                       0.07      0.08 *     4.32 r                   0.90
  g_blocks_0__tcu_fp/g_i_1__g_j_2__fedp/g_red_tree_1__g_add_1__reduce_add/adder/countLeadingZeros_close/n59 (net)                            3                   0.00       4.32 r                   
  g_blocks_0__tcu_fp/g_i_1__g_j_2__fedp/g_red_tree_1__g_add_1__reduce_add/adder/countLeadingZeros_close/U6/Y (INV_X0P7M_A9TR)                          0.02      0.03 *     4.35 f                   0.90
  g_blocks_0__tcu_fp/g_i_1__g_j_2__fedp/g_red_tree_1__g_add_1__reduce_add/adder/countLeadingZeros_close/n48 (net)                            1                   0.00       4.35 f                   
  g_blocks_0__tcu_fp/g_i_1__g_j_2__fedp/g_red_tree_1__g_add_1__reduce_add/adder/countLeadingZeros_close/U7/Y (NOR3_X1M_A9TR)                           0.09      0.07 *     4.42 r                   0.90
  g_blocks_0__tcu_fp/g_i_1__g_j_2__fedp/g_red_tree_1__g_add_1__reduce_add/adder/countLeadingZeros_close/n50 (net)                            3                   0.00       4.42 r                   
  g_blocks_0__tcu_fp/g_i_1__g_j_2__fedp/g_red_tree_1__g_add_1__reduce_add/adder/countLeadingZeros_close/U10/Y (NAND2XB_X0P7M_A9TR)                     0.05      0.05 *     4.47 f                   0.90
  g_blocks_0__tcu_fp/g_i_1__g_j_2__fedp/g_red_tree_1__g_add_1__reduce_add/adder/countLeadingZeros_close/n56 (net)                            3                   0.00       4.47 f                   
  g_blocks_0__tcu_fp/g_i_1__g_j_2__fedp/g_red_tree_1__g_add_1__reduce_add/adder/countLeadingZeros_close/U11/Y (NOR3_X0P7M_A9TR)                        0.09      0.08 *     4.55 r                   0.90
  g_blocks_0__tcu_fp/g_i_1__g_j_2__fedp/g_red_tree_1__g_add_1__reduce_add/adder/countLeadingZeros_close/n63 (net)                            2                   0.00       4.55 r                   
  g_blocks_0__tcu_fp/g_i_1__g_j_2__fedp/g_red_tree_1__g_add_1__reduce_add/adder/countLeadingZeros_close/U12/Y (AOI22_X0P5M_A9TR)                       0.05      0.05 *     4.60 f                   0.90
  g_blocks_0__tcu_fp/g_i_1__g_j_2__fedp/g_red_tree_1__g_add_1__reduce_add/adder/countLeadingZeros_close/n51 (net)                            1                   0.00       4.60 f                   
  g_blocks_0__tcu_fp/g_i_1__g_j_2__fedp/g_red_tree_1__g_add_1__reduce_add/adder/countLeadingZeros_close/U14/Y (AND2_X0P7M_A9TR)                        0.03      0.06 *     4.66 f                   0.90
  g_blocks_0__tcu_fp/g_i_1__g_j_2__fedp/g_red_tree_1__g_add_1__reduce_add/adder/countLeadingZeros_close/n61 (net)                            2                   0.00       4.66 f                   
  g_blocks_0__tcu_fp/g_i_1__g_j_2__fedp/g_red_tree_1__g_add_1__reduce_add/adder/countLeadingZeros_close/U23/Y (NAND3XXB_X1M_A9TR)                      0.20      0.11 *     4.78 r                   0.90
  g_blocks_0__tcu_fp/g_i_1__g_j_2__fedp/g_red_tree_1__g_add_1__reduce_add/adder/countLeadingZeros_close/count[0] (net)                      14                   0.00       4.78 r                   
  g_blocks_0__tcu_fp/g_i_1__g_j_2__fedp/g_red_tree_1__g_add_1__reduce_add/adder/countLeadingZeros_close/count[0] (countLeadingZeros_202)                         0.00       4.78 r                   
  g_blocks_0__tcu_fp/g_i_1__g_j_2__fedp/g_red_tree_1__g_add_1__reduce_add/adder/close_normDistReduced2[0] (net)                                                  0.00       4.78 r                   
  g_blocks_0__tcu_fp/g_i_1__g_j_2__fedp/g_red_tree_1__g_add_1__reduce_add/adder/U696/Y (INV_X0P7M_A9TR)                                                0.10      0.11 *     4.89 f                   0.90
  g_blocks_0__tcu_fp/g_i_1__g_j_2__fedp/g_red_tree_1__g_add_1__reduce_add/adder/n1392 (net)                                                 12                   0.00       4.89 f                   
  g_blocks_0__tcu_fp/g_i_1__g_j_2__fedp/g_red_tree_1__g_add_1__reduce_add/adder/U118/Y (NOR2_X0P5B_A9TR)                                               0.24      0.17 *     5.06 r                   0.90
  g_blocks_0__tcu_fp/g_i_1__g_j_2__fedp/g_red_tree_1__g_add_1__reduce_add/adder/n1220 (net)                                                 14                   0.00       5.06 r                   
  g_blocks_0__tcu_fp/g_i_1__g_j_2__fedp/g_red_tree_1__g_add_1__reduce_add/adder/U170/Y (AOI222_X0P7M_A9TR)                                             0.12      0.11 *     5.18 f                   0.90
  g_blocks_0__tcu_fp/g_i_1__g_j_2__fedp/g_red_tree_1__g_add_1__reduce_add/adder/n1134 (net)                                                  2                   0.00       5.18 f                   
  g_blocks_0__tcu_fp/g_i_1__g_j_2__fedp/g_red_tree_1__g_add_1__reduce_add/adder/U171/Y (AOI22_X0P5M_A9TR)                                              0.10      0.09 *     5.27 r                   0.90
  g_blocks_0__tcu_fp/g_i_1__g_j_2__fedp/g_red_tree_1__g_add_1__reduce_add/adder/n1226 (net)                                                  2                   0.00       5.27 r                   
  g_blocks_0__tcu_fp/g_i_1__g_j_2__fedp/g_red_tree_1__g_add_1__reduce_add/adder/U573/Y (AOI32_X0P5M_A9TR)                                              0.08      0.06 *     5.33 f                   0.90
  g_blocks_0__tcu_fp/g_i_1__g_j_2__fedp/g_red_tree_1__g_add_1__reduce_add/adder/n1285 (net)                                                  2                   0.00       5.33 f                   
  g_blocks_0__tcu_fp/g_i_1__g_j_2__fedp/g_red_tree_1__g_add_1__reduce_add/adder/U622/Y (NAND2_X0P5M_A9TR)                                              0.07      0.07 *     5.40 r                   0.90
  g_blocks_0__tcu_fp/g_i_1__g_j_2__fedp/g_red_tree_1__g_add_1__reduce_add/adder/n1292 (net)                                                  2                   0.00       5.40 r                   
  g_blocks_0__tcu_fp/g_i_1__g_j_2__fedp/g_red_tree_1__g_add_1__reduce_add/adder/U632/Y (OAI221_X0P5M_A9TR)                                             0.07      0.05 *     5.46 f                   0.90
  g_blocks_0__tcu_fp/g_i_1__g_j_2__fedp/g_red_tree_1__g_add_1__reduce_add/adder/n1304 (net)                                                  1                   0.00       5.46 f                   
  g_blocks_0__tcu_fp/g_i_1__g_j_2__fedp/g_red_tree_1__g_add_1__reduce_add/adder/U636/Y (OAI31_X0P7M_A9TR)                                              0.10      0.08 *     5.53 r                   0.90
  g_blocks_0__tcu_fp/g_i_1__g_j_2__fedp/g_red_tree_1__g_add_1__reduce_add/adder/out_sign (net)                                               1                   0.00       5.53 r                   
  g_blocks_0__tcu_fp/g_i_1__g_j_2__fedp/g_red_tree_1__g_add_1__reduce_add/adder/out_sign (addRecFNToRaw_202)                                                     0.00       5.53 r                   
  g_blocks_0__tcu_fp/g_i_1__g_j_2__fedp/g_red_tree_1__g_add_1__reduce_add/s1_sign (net)                                                                          0.00       5.53 r                   
  g_blocks_0__tcu_fp/g_i_1__g_j_2__fedp/g_red_tree_1__g_add_1__reduce_add/pipe_add/data_in[40] (VX_pipe_register_32_202)                                         0.00       5.53 r                   
  g_blocks_0__tcu_fp/g_i_1__g_j_2__fedp/g_red_tree_1__g_add_1__reduce_add/pipe_add/data_in[40] (net)                                                             0.00       5.53 r                   
  g_blocks_0__tcu_fp/g_i_1__g_j_2__fedp/g_red_tree_1__g_add_1__reduce_add/pipe_add/g_shift_register/data_in[40] (VX_shift_register_45_0_2_0_202)                 0.00       5.53 r                   
  g_blocks_0__tcu_fp/g_i_1__g_j_2__fedp/g_red_tree_1__g_add_1__reduce_add/pipe_add/g_shift_register/data_in[40] (net)                                            0.00       5.53 r                   
  g_blocks_0__tcu_fp/g_i_1__g_j_2__fedp/g_red_tree_1__g_add_1__reduce_add/pipe_add/g_shift_register/g_shift_pipe_reg_0__40_/D (DFFQ_X0P5M_A9TR)        0.10      0.00 *     5.53 r                   0.90
  data arrival time                                                                                                                                                         5.53                     

  clock CLK (rise edge)                                                                                                                                          9.90       9.90                     
  clock network delay (ideal)                                                                                                                                    0.00       9.90                     
  g_blocks_0__tcu_fp/g_i_1__g_j_2__fedp/g_red_tree_1__g_add_1__reduce_add/pipe_add/g_shift_register/g_shift_pipe_reg_0__40_/CK (DFFQ_X0P5M_A9TR)                 0.00       9.90 r                   
  library setup time                                                                                                                                            -0.06       9.84                     
  data required time                                                                                                                                                        9.84                     
  ----------------------------------------------------------------------------------------------------------------------------------------------------------------------------------------------------------------
  data required time                                                                                                                                                        9.84                     
  data arrival time                                                                                                                                                        -5.53                     
  ----------------------------------------------------------------------------------------------------------------------------------------------------------------------------------------------------------------
  slack (MET)                                                                                                                                                               4.31                     


  Startpoint: g_blocks_0__tcu_fp/g_i_6__g_j_0__fedp/pipe_c/g_shift_register/g_shift_pipe_reg_12__23_
              (rising edge-triggered flip-flop clocked by CLK)
  Endpoint: g_blocks_0__tcu_fp/g_i_6__g_j_0__fedp/final_add/pipe_add/g_shift_register/g_shift_pipe_reg_0__40_
            (rising edge-triggered flip-flop clocked by CLK)
  Scenario: mode_norm.OC_rvt_ss_0p900v_125c
  Path Group: CLK
  Path Type: max

Attributes:
    d - dont_touch
    u - dont_use
   mo - map_only
   so - size_only
    i - ideal_net or ideal_network
  inf - infeasible path

  Point                                                                                                          Fanout     Trans      Incr       Path      Attributes     Voltage
  --------------------------------------------------------------------------------------------------------------------------------------------------------------------------------------
  clock CLK (rise edge)                                                                                                                0.00       0.00                     
  clock network delay (ideal)                                                                                                          0.00       0.00                     
  g_blocks_0__tcu_fp/g_i_6__g_j_0__fedp/pipe_c/g_shift_register/g_shift_pipe_reg_12__23_/CK (DFFQ_X0P5M_A9TR)                0.00      0.00       0.00 r                   0.90
  g_blocks_0__tcu_fp/g_i_6__g_j_0__fedp/pipe_c/g_shift_register/g_shift_pipe_reg_12__23_/Q (DFFQ_X0P5M_A9TR)                 0.02      0.11       0.11 f                   0.90
  g_blocks_0__tcu_fp/g_i_6__g_j_0__fedp/pipe_c/g_shift_register/data_out[23] (net)                                 1                   0.00       0.11 f                   
  g_blocks_0__tcu_fp/g_i_6__g_j_0__fedp/pipe_c/g_shift_register/data_out[23] (VX_shift_register_33_0_13_0_7)                           0.00       0.11 f                   
  g_blocks_0__tcu_fp/g_i_6__g_j_0__fedp/pipe_c/data_out[23] (net)                                                                      0.00       0.11 f                   
  g_blocks_0__tcu_fp/g_i_6__g_j_0__fedp/pipe_c/data_out[23] (VX_pipe_register_22_7)                                                    0.00       0.11 f                   
  g_blocks_0__tcu_fp/g_i_6__g_j_0__fedp/c_delayed[23] (net)                                                                            0.00       0.11 f                   
  g_blocks_0__tcu_fp/g_i_6__g_j_0__fedp/final_add/b[23] (VX_tcu_bhf_fadd_1_7)                                                          0.00       0.11 f                   
  g_blocks_0__tcu_fp/g_i_6__g_j_0__fedp/final_add/b[23] (net)                                                                          0.00       0.11 f                   
  g_blocks_0__tcu_fp/g_i_6__g_j_0__fedp/final_add/adder/b[23] (addRecFNToRaw_56)                                                       0.00       0.11 f                   
  g_blocks_0__tcu_fp/g_i_6__g_j_0__fedp/final_add/adder/b[23] (net)                                                                    0.00       0.11 f                   
  g_blocks_0__tcu_fp/g_i_6__g_j_0__fedp/final_add/adder/recFNToRawFN_b/in[23] (recFNToRawFN_1_120)                                     0.00       0.11 f                   
  g_blocks_0__tcu_fp/g_i_6__g_j_0__fedp/final_add/adder/recFNToRawFN_b/in[23] (net)                                                    0.00       0.11 f                   
  g_blocks_0__tcu_fp/g_i_6__g_j_0__fedp/final_add/adder/recFNToRawFN_b/U2/Y (BUF_X1M_A9TR)                                   0.02      0.04 *     0.16 f                   0.90
  g_blocks_0__tcu_fp/g_i_6__g_j_0__fedp/final_add/adder/recFNToRawFN_b/sExp[0] (net)                               3                   0.00       0.16 f                   
  g_blocks_0__tcu_fp/g_i_6__g_j_0__fedp/final_add/adder/recFNToRawFN_b/sExp[0] (recFNToRawFN_1_120)                                    0.00       0.16 f                   
  g_blocks_0__tcu_fp/g_i_6__g_j_0__fedp/final_add/adder/sExpB[0] (net)                                                                 0.00       0.16 f                   
  g_blocks_0__tcu_fp/g_i_6__g_j_0__fedp/final_add/adder/U9/Y (NOR2XB_X0P7M_A9TR)                                             0.08      0.08 *     0.24 f                   0.90
  g_blocks_0__tcu_fp/g_i_6__g_j_0__fedp/final_add/adder/n880 (net)                                                 3                   0.00       0.24 f                   
  g_blocks_0__tcu_fp/g_i_6__g_j_0__fedp/final_add/adder/U11/CON (CGENI_X1M_A9TR)                                             0.08      0.08 *     0.32 r                   0.90
  g_blocks_0__tcu_fp/g_i_6__g_j_0__fedp/final_add/adder/n858 (net)                                                 2                   0.00       0.32 r                   
  g_blocks_0__tcu_fp/g_i_6__g_j_0__fedp/final_add/adder/U12/CON (CGENI_X1M_A9TR)                                             0.06      0.06 *     0.38 f                   0.90
  g_blocks_0__tcu_fp/g_i_6__g_j_0__fedp/final_add/adder/n859 (net)                                                 2                   0.00       0.38 f                   
  g_blocks_0__tcu_fp/g_i_6__g_j_0__fedp/final_add/adder/U34/CON (CGENI_X1M_A9TR)                                             0.07      0.07 *     0.45 r                   0.90
  g_blocks_0__tcu_fp/g_i_6__g_j_0__fedp/final_add/adder/n1358 (net)                                                2                   0.00       0.45 r                   
  g_blocks_0__tcu_fp/g_i_6__g_j_0__fedp/final_add/adder/U691/CON (CGENI_X1M_A9TR)                                            0.05      0.05 *     0.50 f                   0.90
  g_blocks_0__tcu_fp/g_i_6__g_j_0__fedp/final_add/adder/intadd_2998_CI (net)                                       1                   0.00       0.50 f                   
  g_blocks_0__tcu_fp/g_i_6__g_j_0__fedp/final_add/adder/intadd_2998_U5/CO (ADDF_X1M_A9TR)                                    0.04      0.10 *     0.60 f    mo             0.90
  g_blocks_0__tcu_fp/g_i_6__g_j_0__fedp/final_add/adder/intadd_2998_n4 (net)                                       1                   0.00       0.60 f                   
  g_blocks_0__tcu_fp/g_i_6__g_j_0__fedp/final_add/adder/intadd_2998_U4/CO (ADDF_X1M_A9TR)                                    0.03      0.09 *     0.69 f    mo             0.90
  g_blocks_0__tcu_fp/g_i_6__g_j_0__fedp/final_add/adder/intadd_2998_n3 (net)                                       1                   0.00       0.69 f                   
  g_blocks_0__tcu_fp/g_i_6__g_j_0__fedp/final_add/adder/intadd_2998_U3/CO (ADDF_X1M_A9TR)                                    0.03      0.08 *     0.77 f    mo             0.90
  g_blocks_0__tcu_fp/g_i_6__g_j_0__fedp/final_add/adder/intadd_2998_n2 (net)                                       1                   0.00       0.77 f                   
  g_blocks_0__tcu_fp/g_i_6__g_j_0__fedp/final_add/adder/intadd_2998_U2/CO (ADDF_X1M_A9TR)                                    0.24      0.22 *     0.99 f    mo             0.90
  g_blocks_0__tcu_fp/g_i_6__g_j_0__fedp/final_add/adder/intadd_2998_n1 (net)                                      67                   0.00       0.99 f                   
  g_blocks_0__tcu_fp/g_i_6__g_j_0__fedp/final_add/adder/U102/Y (INV_X0P7M_A9TR)                                              0.21      0.20 *     1.19 r                   0.90
  g_blocks_0__tcu_fp/g_i_6__g_j_0__fedp/final_add/adder/n1372 (net)                                               18                   0.00       1.19 r                   
  g_blocks_0__tcu_fp/g_i_6__g_j_0__fedp/final_add/adder/U55/Y (NAND2_X0P7B_A9TR)                                             0.21      0.19 *     1.38 f                   0.90
  g_blocks_0__tcu_fp/g_i_6__g_j_0__fedp/final_add/adder/n1352 (net)                                               23                   0.00       1.38 f                   
  g_blocks_0__tcu_fp/g_i_6__g_j_0__fedp/final_add/adder/U638/Y (OAI22_X0P5M_A9TR)                                            0.11      0.10 *     1.48 r                   0.90
  g_blocks_0__tcu_fp/g_i_6__g_j_0__fedp/final_add/adder/n1308 (net)                                                1                   0.00       1.48 r                   
  g_blocks_0__tcu_fp/g_i_6__g_j_0__fedp/final_add/adder/U639/Y (AOI21_X0P7M_A9TR)                                            0.12      0.07 *     1.55 f                   0.90
  g_blocks_0__tcu_fp/g_i_6__g_j_0__fedp/final_add/adder/intadd_2997_B_0_ (net)                                     1                   0.00       1.55 f                   
  g_blocks_0__tcu_fp/g_i_6__g_j_0__fedp/final_add/adder/intadd_2997_U24/CO (ADDF_X1M_A9TR)                                   0.03      0.12 *     1.67 f    mo             0.90
  g_blocks_0__tcu_fp/g_i_6__g_j_0__fedp/final_add/adder/intadd_2997_n23 (net)                                      1                   0.00       1.67 f                   
  g_blocks_0__tcu_fp/g_i_6__g_j_0__fedp/final_add/adder/intadd_2997_U23/CO (ADDF_X1M_A9TR)                                   0.03      0.08 *     1.75 f    mo             0.90
  g_blocks_0__tcu_fp/g_i_6__g_j_0__fedp/final_add/adder/intadd_2997_n22 (net)                                      1                   0.00       1.75 f                   
  g_blocks_0__tcu_fp/g_i_6__g_j_0__fedp/final_add/adder/intadd_2997_U22/CO (ADDF_X1M_A9TR)                                   0.03      0.08 *     1.84 f    mo             0.90
  g_blocks_0__tcu_fp/g_i_6__g_j_0__fedp/final_add/adder/intadd_2997_n21 (net)                                      1                   0.00       1.84 f                   
  g_blocks_0__tcu_fp/g_i_6__g_j_0__fedp/final_add/adder/intadd_2997_U21/CO (ADDF_X1M_A9TR)                                   0.03      0.08 *     1.92 f    mo             0.90
  g_blocks_0__tcu_fp/g_i_6__g_j_0__fedp/final_add/adder/intadd_2997_n20 (net)                                      1                   0.00       1.92 f                   
  g_blocks_0__tcu_fp/g_i_6__g_j_0__fedp/final_add/adder/intadd_2997_U20/CO (ADDF_X1M_A9TR)                                   0.03      0.08 *     2.00 f    mo             0.90
  g_blocks_0__tcu_fp/g_i_6__g_j_0__fedp/final_add/adder/intadd_2997_n19 (net)                                      1                   0.00       2.00 f                   
  g_blocks_0__tcu_fp/g_i_6__g_j_0__fedp/final_add/adder/intadd_2997_U19/CO (ADDF_X1M_A9TR)                                   0.03      0.08 *     2.09 f    mo             0.90
  g_blocks_0__tcu_fp/g_i_6__g_j_0__fedp/final_add/adder/intadd_2997_n18 (net)                                      1                   0.00       2.09 f                   
  g_blocks_0__tcu_fp/g_i_6__g_j_0__fedp/final_add/adder/intadd_2997_U18/CO (ADDF_X1M_A9TR)                                   0.03      0.08 *     2.17 f    mo             0.90
  g_blocks_0__tcu_fp/g_i_6__g_j_0__fedp/final_add/adder/intadd_2997_n17 (net)                                      1                   0.00       2.17 f                   
  g_blocks_0__tcu_fp/g_i_6__g_j_0__fedp/final_add/adder/intadd_2997_U17/CO (ADDF_X1M_A9TR)                                   0.03      0.08 *     2.25 f    mo             0.90
  g_blocks_0__tcu_fp/g_i_6__g_j_0__fedp/final_add/adder/intadd_2997_n16 (net)                                      1                   0.00       2.25 f                   
  g_blocks_0__tcu_fp/g_i_6__g_j_0__fedp/final_add/adder/intadd_2997_U16/CO (ADDF_X1M_A9TR)                                   0.03      0.08 *     2.34 f    mo             0.90
  g_blocks_0__tcu_fp/g_i_6__g_j_0__fedp/final_add/adder/intadd_2997_n15 (net)                                      1                   0.00       2.34 f                   
  g_blocks_0__tcu_fp/g_i_6__g_j_0__fedp/final_add/adder/intadd_2997_U15/CO (ADDF_X1M_A9TR)                                   0.03      0.08 *     2.42 f    mo             0.90
  g_blocks_0__tcu_fp/g_i_6__g_j_0__fedp/final_add/adder/intadd_2997_n14 (net)                                      1                   0.00       2.42 f                   
  g_blocks_0__tcu_fp/g_i_6__g_j_0__fedp/final_add/adder/intadd_2997_U14/CO (ADDF_X1M_A9TR)                                   0.03      0.08 *     2.51 f    mo             0.90
  g_blocks_0__tcu_fp/g_i_6__g_j_0__fedp/final_add/adder/intadd_2997_n13 (net)                                      1                   0.00       2.51 f                   
  g_blocks_0__tcu_fp/g_i_6__g_j_0__fedp/final_add/adder/intadd_2997_U13/CO (ADDF_X1M_A9TR)                                   0.03      0.08 *     2.59 f    mo             0.90
  g_blocks_0__tcu_fp/g_i_6__g_j_0__fedp/final_add/adder/intadd_2997_n12 (net)                                      1                   0.00       2.59 f                   
  g_blocks_0__tcu_fp/g_i_6__g_j_0__fedp/final_add/adder/intadd_2997_U12/CO (ADDF_X1M_A9TR)                                   0.03      0.08 *     2.68 f    mo             0.90
  g_blocks_0__tcu_fp/g_i_6__g_j_0__fedp/final_add/adder/intadd_2997_n11 (net)                                      1                   0.00       2.68 f                   
  g_blocks_0__tcu_fp/g_i_6__g_j_0__fedp/final_add/adder/intadd_2997_U11/CO (ADDF_X1M_A9TR)                                   0.03      0.08 *     2.76 f    mo             0.90
  g_blocks_0__tcu_fp/g_i_6__g_j_0__fedp/final_add/adder/intadd_2997_n10 (net)                                      1                   0.00       2.76 f                   
  g_blocks_0__tcu_fp/g_i_6__g_j_0__fedp/final_add/adder/intadd_2997_U10/CO (ADDF_X1M_A9TR)                                   0.03      0.08 *     2.84 f    mo             0.90
  g_blocks_0__tcu_fp/g_i_6__g_j_0__fedp/final_add/adder/intadd_2997_n9 (net)                                       1                   0.00       2.84 f                   
  g_blocks_0__tcu_fp/g_i_6__g_j_0__fedp/final_add/adder/intadd_2997_U9/CO (ADDF_X1M_A9TR)                                    0.03      0.08 *     2.93 f    mo             0.90
  g_blocks_0__tcu_fp/g_i_6__g_j_0__fedp/final_add/adder/intadd_2997_n8 (net)                                       1                   0.00       2.93 f                   
  g_blocks_0__tcu_fp/g_i_6__g_j_0__fedp/final_add/adder/intadd_2997_U8/CO (ADDF_X1M_A9TR)                                    0.03      0.08 *     3.01 f    mo             0.90
  g_blocks_0__tcu_fp/g_i_6__g_j_0__fedp/final_add/adder/intadd_2997_n7 (net)                                       1                   0.00       3.01 f                   
  g_blocks_0__tcu_fp/g_i_6__g_j_0__fedp/final_add/adder/intadd_2997_U7/CO (ADDF_X1M_A9TR)                                    0.03      0.08 *     3.10 f    mo             0.90
  g_blocks_0__tcu_fp/g_i_6__g_j_0__fedp/final_add/adder/intadd_2997_n6 (net)                                       1                   0.00       3.10 f                   
  g_blocks_0__tcu_fp/g_i_6__g_j_0__fedp/final_add/adder/intadd_2997_U6/CO (ADDF_X1M_A9TR)                                    0.03      0.08 *     3.18 f    mo             0.90
  g_blocks_0__tcu_fp/g_i_6__g_j_0__fedp/final_add/adder/intadd_2997_n5 (net)                                       1                   0.00       3.18 f                   
  g_blocks_0__tcu_fp/g_i_6__g_j_0__fedp/final_add/adder/intadd_2997_U5/CO (ADDF_X1M_A9TR)                                    0.03      0.08 *     3.27 f    mo             0.90
  g_blocks_0__tcu_fp/g_i_6__g_j_0__fedp/final_add/adder/intadd_2997_n4 (net)                                       1                   0.00       3.27 f                   
  g_blocks_0__tcu_fp/g_i_6__g_j_0__fedp/final_add/adder/intadd_2997_U4/CO (ADDF_X1M_A9TR)                                    0.03      0.08 *     3.35 f    mo             0.90
  g_blocks_0__tcu_fp/g_i_6__g_j_0__fedp/final_add/adder/intadd_2997_n3 (net)                                       1                   0.00       3.35 f                   
  g_blocks_0__tcu_fp/g_i_6__g_j_0__fedp/final_add/adder/intadd_2997_U3/CO (ADDF_X1M_A9TR)                                    0.03      0.08 *     3.44 f    mo             0.90
  g_blocks_0__tcu_fp/g_i_6__g_j_0__fedp/final_add/adder/intadd_2997_n2 (net)                                       1                   0.00       3.44 f                   
  g_blocks_0__tcu_fp/g_i_6__g_j_0__fedp/final_add/adder/intadd_2997_U2/CO (ADDF_X1M_A9TR)                                    0.03      0.08 *     3.51 f    mo             0.90
  g_blocks_0__tcu_fp/g_i_6__g_j_0__fedp/final_add/adder/intadd_2997_n1 (net)                                       2                   0.00       3.51 f                   
  g_blocks_0__tcu_fp/g_i_6__g_j_0__fedp/final_add/adder/U57/Y (OAI21_X1M_A9TR)                                               0.22      0.10 *     3.62 r                   0.90
  g_blocks_0__tcu_fp/g_i_6__g_j_0__fedp/final_add/adder/n1294 (net)                                               12                   0.00       3.62 r                   
  g_blocks_0__tcu_fp/g_i_6__g_j_0__fedp/final_add/adder/U431/Y (INV_X0P7M_A9TR)                                              0.20      0.19 *     3.81 f                   0.90
  g_blocks_0__tcu_fp/g_i_6__g_j_0__fedp/final_add/adder/n1387 (net)                                               29                   0.00       3.81 f                   
  g_blocks_0__tcu_fp/g_i_6__g_j_0__fedp/final_add/adder/U539/Y (NAND3_X0P7M_A9TR)                                            0.07      0.08 *     3.89 r                   0.90
  g_blocks_0__tcu_fp/g_i_6__g_j_0__fedp/final_add/adder/n1177 (net)                                                1                   0.00       3.89 r                   
  g_blocks_0__tcu_fp/g_i_6__g_j_0__fedp/final_add/adder/U540/Y (AO21A1AI2_X0P7M_A9TR)                                        0.09      0.06 *     3.95 f                   0.90
  g_blocks_0__tcu_fp/g_i_6__g_j_0__fedp/final_add/adder/close_sigSum[23] (net)                                     3                   0.00       3.95 f                   
  g_blocks_0__tcu_fp/g_i_6__g_j_0__fedp/final_add/adder/compressBy2_close_sigSum/in[23] (compressBy2_56)                               0.00       3.95 f                   
  g_blocks_0__tcu_fp/g_i_6__g_j_0__fedp/final_add/adder/compressBy2_close_sigSum/in[23] (net)                                          0.00       3.95 f                   
  g_blocks_0__tcu_fp/g_i_6__g_j_0__fedp/final_add/adder/compressBy2_close_sigSum/U5/Y (OR2_X0P7B_A9TR)                       0.03      0.07 *     4.03 f                   0.90
  g_blocks_0__tcu_fp/g_i_6__g_j_0__fedp/final_add/adder/compressBy2_close_sigSum/out[11] (net)                     1                   0.00       4.03 f                   
  g_blocks_0__tcu_fp/g_i_6__g_j_0__fedp/final_add/adder/compressBy2_close_sigSum/out[11] (compressBy2_56)                              0.00       4.03 f                   
  g_blocks_0__tcu_fp/g_i_6__g_j_0__fedp/final_add/adder/close_reduced2SigSum[11] (net)                                                 0.00       4.03 f                   
  g_blocks_0__tcu_fp/g_i_6__g_j_0__fedp/final_add/adder/countLeadingZeros_close/in[11] (countLeadingZeros_56)                          0.00       4.03 f                   
  g_blocks_0__tcu_fp/g_i_6__g_j_0__fedp/final_add/adder/countLeadingZeros_close/in[11] (net)                                           0.00       4.03 f                   
  g_blocks_0__tcu_fp/g_i_6__g_j_0__fedp/final_add/adder/countLeadingZeros_close/reverse_in/in[11] (reverse_58)                         0.00       4.03 f                   
  g_blocks_0__tcu_fp/g_i_6__g_j_0__fedp/final_add/adder/countLeadingZeros_close/reverse_in/in[11] (net)                                0.00       4.03 f                   
  g_blocks_0__tcu_fp/g_i_6__g_j_0__fedp/final_add/adder/countLeadingZeros_close/reverse_in/U2/Y (BUF_X1M_A9TR)               0.02      0.05 *     4.07 f                   0.90
  g_blocks_0__tcu_fp/g_i_6__g_j_0__fedp/final_add/adder/countLeadingZeros_close/reverse_in/out[1] (net)            3                   0.00       4.07 f                   
  g_blocks_0__tcu_fp/g_i_6__g_j_0__fedp/final_add/adder/countLeadingZeros_close/reverse_in/out[1] (reverse_58)                         0.00       4.07 f                   
  g_blocks_0__tcu_fp/g_i_6__g_j_0__fedp/final_add/adder/countLeadingZeros_close/reverseIn[1] (net)                                     0.00       4.07 f                   
  g_blocks_0__tcu_fp/g_i_6__g_j_0__fedp/final_add/adder/countLeadingZeros_close/U3/Y (NOR3_X0P7M_A9TR)                       0.09      0.07 *     4.15 r                   0.90
  g_blocks_0__tcu_fp/g_i_6__g_j_0__fedp/final_add/adder/countLeadingZeros_close/n49 (net)                          2                   0.00       4.15 r                   
  g_blocks_0__tcu_fp/g_i_6__g_j_0__fedp/final_add/adder/countLeadingZeros_close/U4/Y (NOR2XB_X0P7M_A9TR)                     0.05      0.08 *     4.23 r                   0.90
  g_blocks_0__tcu_fp/g_i_6__g_j_0__fedp/final_add/adder/countLeadingZeros_close/n64 (net)                          2                   0.00       4.23 r                   
  g_blocks_0__tcu_fp/g_i_6__g_j_0__fedp/final_add/adder/countLeadingZeros_close/U5/Y (NOR2XB_X0P7M_A9TR)                     0.07      0.08 *     4.31 r                   0.90
  g_blocks_0__tcu_fp/g_i_6__g_j_0__fedp/final_add/adder/countLeadingZeros_close/n59 (net)                          3                   0.00       4.31 r                   
  g_blocks_0__tcu_fp/g_i_6__g_j_0__fedp/final_add/adder/countLeadingZeros_close/U6/Y (INV_X0P7M_A9TR)                        0.02      0.03 *     4.34 f                   0.90
  g_blocks_0__tcu_fp/g_i_6__g_j_0__fedp/final_add/adder/countLeadingZeros_close/n48 (net)                          1                   0.00       4.34 f                   
  g_blocks_0__tcu_fp/g_i_6__g_j_0__fedp/final_add/adder/countLeadingZeros_close/U7/Y (NOR3_X1M_A9TR)                         0.09      0.07 *     4.41 r                   0.90
  g_blocks_0__tcu_fp/g_i_6__g_j_0__fedp/final_add/adder/countLeadingZeros_close/n50 (net)                          3                   0.00       4.41 r                   
  g_blocks_0__tcu_fp/g_i_6__g_j_0__fedp/final_add/adder/countLeadingZeros_close/U10/Y (NAND2XB_X0P7M_A9TR)                   0.05      0.04 *     4.46 f                   0.90
  g_blocks_0__tcu_fp/g_i_6__g_j_0__fedp/final_add/adder/countLeadingZeros_close/n56 (net)                          3                   0.00       4.46 f                   
  g_blocks_0__tcu_fp/g_i_6__g_j_0__fedp/final_add/adder/countLeadingZeros_close/U11/Y (NOR3_X0P7M_A9TR)                      0.09      0.08 *     4.54 r                   0.90
  g_blocks_0__tcu_fp/g_i_6__g_j_0__fedp/final_add/adder/countLeadingZeros_close/n63 (net)                          2                   0.00       4.54 r                   
  g_blocks_0__tcu_fp/g_i_6__g_j_0__fedp/final_add/adder/countLeadingZeros_close/U12/Y (AOI22_X0P5M_A9TR)                     0.05      0.05 *     4.59 f                   0.90
  g_blocks_0__tcu_fp/g_i_6__g_j_0__fedp/final_add/adder/countLeadingZeros_close/n51 (net)                          1                   0.00       4.59 f                   
  g_blocks_0__tcu_fp/g_i_6__g_j_0__fedp/final_add/adder/countLeadingZeros_close/U14/Y (AND2_X0P7M_A9TR)                      0.02      0.06 *     4.65 f                   0.90
  g_blocks_0__tcu_fp/g_i_6__g_j_0__fedp/final_add/adder/countLeadingZeros_close/n61 (net)                          2                   0.00       4.65 f                   
  g_blocks_0__tcu_fp/g_i_6__g_j_0__fedp/final_add/adder/countLeadingZeros_close/U23/Y (NAND3XXB_X1M_A9TR)                    0.20      0.11 *     4.76 r                   0.90
  g_blocks_0__tcu_fp/g_i_6__g_j_0__fedp/final_add/adder/countLeadingZeros_close/count[0] (net)                    14                   0.00       4.76 r                   
  g_blocks_0__tcu_fp/g_i_6__g_j_0__fedp/final_add/adder/countLeadingZeros_close/count[0] (countLeadingZeros_56)                        0.00       4.76 r                   
  g_blocks_0__tcu_fp/g_i_6__g_j_0__fedp/final_add/adder/close_normDistReduced2[0] (net)                                                0.00       4.76 r                   
  g_blocks_0__tcu_fp/g_i_6__g_j_0__fedp/final_add/adder/U694/Y (INV_X0P7M_A9TR)                                              0.10      0.11 *     4.88 f                   0.90
  g_blocks_0__tcu_fp/g_i_6__g_j_0__fedp/final_add/adder/n1390 (net)                                               12                   0.00       4.88 f                   
  g_blocks_0__tcu_fp/g_i_6__g_j_0__fedp/final_add/adder/U118/Y (NOR2_X0P5B_A9TR)                                             0.25      0.18 *     5.06 r                   0.90
  g_blocks_0__tcu_fp/g_i_6__g_j_0__fedp/final_add/adder/n1220 (net)                                               14                   0.00       5.06 r                   
  g_blocks_0__tcu_fp/g_i_6__g_j_0__fedp/final_add/adder/U170/Y (AOI222_X0P7M_A9TR)                                           0.12      0.11 *     5.17 f                   0.90
  g_blocks_0__tcu_fp/g_i_6__g_j_0__fedp/final_add/adder/n1128 (net)                                                2                   0.00       5.17 f                   
  g_blocks_0__tcu_fp/g_i_6__g_j_0__fedp/final_add/adder/U171/Y (AOI22_X0P5M_A9TR)                                            0.11      0.10 *     5.27 r                   0.90
  g_blocks_0__tcu_fp/g_i_6__g_j_0__fedp/final_add/adder/n1226 (net)                                                2                   0.00       5.27 r                   
  g_blocks_0__tcu_fp/g_i_6__g_j_0__fedp/final_add/adder/U573/Y (AOI32_X0P5M_A9TR)                                            0.08      0.07 *     5.34 f                   0.90
  g_blocks_0__tcu_fp/g_i_6__g_j_0__fedp/final_add/adder/n1285 (net)                                                2                   0.00       5.34 f                   
  g_blocks_0__tcu_fp/g_i_6__g_j_0__fedp/final_add/adder/U622/Y (NAND2_X0P5M_A9TR)                                            0.06      0.07 *     5.41 r                   0.90
  g_blocks_0__tcu_fp/g_i_6__g_j_0__fedp/final_add/adder/n1292 (net)                                                2                   0.00       5.41 r                   
  g_blocks_0__tcu_fp/g_i_6__g_j_0__fedp/final_add/adder/U632/Y (OAI221_X0P5M_A9TR)                                           0.07      0.05 *     5.46 f                   0.90
  g_blocks_0__tcu_fp/g_i_6__g_j_0__fedp/final_add/adder/n1304 (net)                                                1                   0.00       5.46 f                   
  g_blocks_0__tcu_fp/g_i_6__g_j_0__fedp/final_add/adder/U636/Y (OAI31_X0P7M_A9TR)                                            0.10      0.08 *     5.53 r                   0.90
  g_blocks_0__tcu_fp/g_i_6__g_j_0__fedp/final_add/adder/out_sign (net)                                             1                   0.00       5.53 r                   
  g_blocks_0__tcu_fp/g_i_6__g_j_0__fedp/final_add/adder/out_sign (addRecFNToRaw_56)                                                    0.00       5.53 r                   
  g_blocks_0__tcu_fp/g_i_6__g_j_0__fedp/final_add/s1_sign (net)                                                                        0.00       5.53 r                   
  g_blocks_0__tcu_fp/g_i_6__g_j_0__fedp/final_add/pipe_add/data_in[40] (VX_pipe_register_32_56)                                        0.00       5.53 r                   
  g_blocks_0__tcu_fp/g_i_6__g_j_0__fedp/final_add/pipe_add/data_in[40] (net)                                                           0.00       5.53 r                   
  g_blocks_0__tcu_fp/g_i_6__g_j_0__fedp/final_add/pipe_add/g_shift_register/data_in[40] (VX_shift_register_45_0_2_0_56)                0.00       5.53 r                   
  g_blocks_0__tcu_fp/g_i_6__g_j_0__fedp/final_add/pipe_add/g_shift_register/data_in[40] (net)                                          0.00       5.53 r                   
  g_blocks_0__tcu_fp/g_i_6__g_j_0__fedp/final_add/pipe_add/g_shift_register/g_shift_pipe_reg_0__40_/D (DFFQ_X0P5M_A9TR)      0.10      0.00 *     5.53 r                   0.90
  data arrival time                                                                                                                               5.53                     

  clock CLK (rise edge)                                                                                                                9.90       9.90                     
  clock network delay (ideal)                                                                                                          0.00       9.90                     
  g_blocks_0__tcu_fp/g_i_6__g_j_0__fedp/final_add/pipe_add/g_shift_register/g_shift_pipe_reg_0__40_/CK (DFFQ_X0P5M_A9TR)               0.00       9.90 r                   
  library setup time                                                                                                                  -0.06       9.84                     
  data required time                                                                                                                              9.84                     
  --------------------------------------------------------------------------------------------------------------------------------------------------------------------------------------
  data required time                                                                                                                              9.84                     
  data arrival time                                                                                                                              -5.53                     
  --------------------------------------------------------------------------------------------------------------------------------------------------------------------------------------
  slack (MET)                                                                                                                                     4.31                     


  Startpoint: dispatch_if_0__valid
              (input port clocked by CLK)
  Endpoint: dispatch_unit/g_blocks_0__buf_out/g_eb2_stream_buffer/g_buffer_valid_in_r_reg
            (rising edge-triggered flip-flop clocked by CLK)
  Scenario: mode_norm.OC_rvt_ss_0p900v_125c
  Path Group: REGIN
  Path Type: max

Attributes:
    d - dont_touch
    u - dont_use
   mo - map_only
   so - size_only
    i - ideal_net or ideal_network
  inf - infeasible path

  Point                                                                                      Fanout     Trans      Incr       Path      Attributes     Voltage
  ------------------------------------------------------------------------------------------------------------------------------------------------------------------
  clock CLK (rise edge)                                                                                            0.00       0.00                     
  clock network delay (ideal)                                                                                      0.00       0.00                     
  input external delay                                                                                             0.00       0.00 r                   
  dispatch_if_0__valid (in)                                                                              0.03      0.01       0.01 r                   
  dispatch_if_0__valid (net)                                                                   1                   0.00       0.01 r                   
  dispatch_unit/dispatch_if_0__valid (VX_dispatch_unit_h_455_242_321)                                              0.00       0.01 r                   
  dispatch_unit/dispatch_if_0__valid (net)                                                                         0.00       0.01 r                   
  dispatch_unit/U164/Y (BUF_X1M_A9TR)                                                                    0.55      0.33 *     0.34 r                   0.90
  dispatch_unit/n162 (net)                                                                     2                   0.00       0.34 r                   
  dispatch_unit/g_blocks_0__buf_out/valid_in (VX_elastic_buffer_17)                                                0.00       0.34 r                   
  dispatch_unit/g_blocks_0__buf_out/valid_in (net)                                                                 0.00       0.34 r                   
  dispatch_unit/g_blocks_0__buf_out/g_eb2_stream_buffer/valid_in (VX_stream_buffer_6324_1)                         0.00       0.34 r                   
  dispatch_unit/g_blocks_0__buf_out/g_eb2_stream_buffer/valid_in (net)                                             0.00       0.34 r                   
  dispatch_unit/g_blocks_0__buf_out/g_eb2_stream_buffer/U237/Y (INV_X0P7M_A9TR)                          0.12      0.14 *     0.48 f                   0.90
  dispatch_unit/g_blocks_0__buf_out/g_eb2_stream_buffer/n7576 (net)                            2                   0.00       0.48 f                   
  dispatch_unit/g_blocks_0__buf_out/g_eb2_stream_buffer/U17/Y (AOI211_X1M_A9TR)                          0.54      0.36 *     0.84 r                   0.90
  dispatch_unit/g_blocks_0__buf_out/g_eb2_stream_buffer/n2 (net)                               1                   0.00       0.84 r                   
  dispatch_unit/g_blocks_0__buf_out/g_eb2_stream_buffer/U18/Y (INV_X0P7M_A9TR)                           0.26      0.28 *     1.12 f                   0.90
  dispatch_unit/g_blocks_0__buf_out/g_eb2_stream_buffer/n5 (net)                               1                   0.00       1.12 f                   
  dispatch_unit/g_blocks_0__buf_out/g_eb2_stream_buffer/g_buffer_valid_in_r_reg/D (DFFQ_X0P5M_A9TR)      0.26      0.01 *     1.13 f                   0.90
  data arrival time                                                                                                           1.13                     

  clock CLK (rise edge)                                                                                            9.90       9.90                     
  clock network delay (ideal)                                                                                      0.00       9.90                     
  dispatch_unit/g_blocks_0__buf_out/g_eb2_stream_buffer/g_buffer_valid_in_r_reg/CK (DFFQ_X0P5M_A9TR)               0.00       9.90 r                   
  library setup time                                                                                              -0.11       9.79                     
  data required time                                                                                                          9.79                     
  ------------------------------------------------------------------------------------------------------------------------------------------------------------------
  data required time                                                                                                          9.79                     
  data arrival time                                                                                                          -1.13                     
  ------------------------------------------------------------------------------------------------------------------------------------------------------------------
  slack (MET)                                                                                                                 8.66                     


  Startpoint: commit_if_0__ready
              (input port clocked by CLK)
  Endpoint: gather_unit/g_out_bufs_0__out_buf/g_eb2_stream_buffer/g_buffer_valid_in_r_reg
            (rising edge-triggered flip-flop clocked by CLK)
  Scenario: mode_norm.OC_rvt_ss_0p900v_125c
  Path Group: REGIN
  Path Type: max

Attributes:
    d - dont_touch
    u - dont_use
   mo - map_only
   so - size_only
    i - ideal_net or ideal_network
  inf - infeasible path

  Point                                                                                      Fanout     Trans      Incr       Path      Attributes     Voltage
  ------------------------------------------------------------------------------------------------------------------------------------------------------------------
  clock CLK (rise edge)                                                                                            0.00       0.00                     
  clock network delay (ideal)                                                                                      0.00       0.00                     
  input external delay                                                                                             0.00       0.00 r                   
  commit_if_0__ready (in)                                                                                0.15      0.08       0.08 r                   
  commit_if_0__ready (net)                                                                     1                   0.00       0.08 r                   
  gather_unit/commit_if_0__ready (VX_gather_unit_h_804_242_940)                                                    0.00       0.08 r                   
  gather_unit/commit_if_0__ready (net)                                                                             0.00       0.08 r                   
  gather_unit/g_out_bufs_0__out_buf/ready_out (VX_elastic_buffer_23)                                               0.00       0.08 r                   
  gather_unit/g_out_bufs_0__out_buf/ready_out (net)                                                                0.00       0.08 r                   
  gather_unit/g_out_bufs_0__out_buf/g_eb2_out_buf/ready_out (VX_pipe_buffer_19)                                    0.00       0.08 r                   
  gather_unit/g_out_bufs_0__out_buf/g_eb2_out_buf/ready_out (net)                                                  0.00       0.08 r                   
  gather_unit/g_out_bufs_0__out_buf/g_eb2_out_buf/U1/Y (BUF_X1M_A9TR)                                    0.02      0.07 *     0.15 r                   0.90
  gather_unit/g_out_bufs_0__out_buf/g_eb2_out_buf/ready_in (net)                               1                   0.00       0.15 r                   
  gather_unit/g_out_bufs_0__out_buf/g_eb2_out_buf/ready_in (VX_pipe_buffer_19)                                     0.00       0.15 r                   
  gather_unit/g_out_bufs_0__out_buf/g_eb2_ready_out_t (net)                                                        0.00       0.15 r                   
  gather_unit/g_out_bufs_0__out_buf/g_eb2_stream_buffer/ready_out (VX_stream_buffer_2155_1)                        0.00       0.15 r                   
  gather_unit/g_out_bufs_0__out_buf/g_eb2_stream_buffer/ready_out (net)                                            0.00       0.15 r                   
  gather_unit/g_out_bufs_0__out_buf/g_eb2_stream_buffer/U5/Y (NAND2B_X1M_A9TR)                           0.68      0.40 *     0.55 r                   0.90
  gather_unit/g_out_bufs_0__out_buf/g_eb2_stream_buffer/g_buffer_flow_out (net)                4                   0.00       0.55 r                   
  gather_unit/g_out_bufs_0__out_buf/g_eb2_stream_buffer/U1285/Y (OR3_X1M_A9TR)                           0.38      0.39 *     0.94 r                   0.90
  gather_unit/g_out_bufs_0__out_buf/g_eb2_stream_buffer/n6 (net)                               1                   0.00       0.94 r                   
  gather_unit/g_out_bufs_0__out_buf/g_eb2_stream_buffer/g_buffer_valid_in_r_reg/D (DFFQ_X0P5M_A9TR)      0.38      0.03 *     0.97 r                   0.90
  data arrival time                                                                                                           0.97                     

  clock CLK (rise edge)                                                                                            9.90       9.90                     
  clock network delay (ideal)                                                                                      0.00       9.90                     
  gather_unit/g_out_bufs_0__out_buf/g_eb2_stream_buffer/g_buffer_valid_in_r_reg/CK (DFFQ_X0P5M_A9TR)               0.00       9.90 r                   
  library setup time                                                                                              -0.11       9.79                     
  data required time                                                                                                          9.79                     
  ------------------------------------------------------------------------------------------------------------------------------------------------------------------
  data required time                                                                                                          9.79                     
  data arrival time                                                                                                          -0.97                     
  ------------------------------------------------------------------------------------------------------------------------------------------------------------------
  slack (MET)                                                                                                                 8.82                     


  Startpoint: dispatch_if_0__data[1300]
              (input port clocked by CLK)
  Endpoint: dispatch_unit/g_blocks_0__buf_out/g_eb2_stream_buffer/g_buffer_data_out_r_reg_1301_
            (rising edge-triggered flip-flop clocked by CLK)
  Scenario: mode_norm.OC_rvt_ss_0p900v_125c
  Path Group: REGIN
  Path Type: max

Attributes:
    d - dont_touch
    u - dont_use
   mo - map_only
   so - size_only
    i - ideal_net or ideal_network
  inf - infeasible path

  Point                                                                                            Fanout     Trans      Incr       Path      Attributes     Voltage
  ------------------------------------------------------------------------------------------------------------------------------------------------------------------------
  clock CLK (rise edge)                                                                                                  0.00       0.00                     
  clock network delay (ideal)                                                                                            0.00       0.00                     
  input external delay                                                                                                   0.00       0.00 r                   
  dispatch_if_0__data[1300] (in)                                                                               0.03      0.01       0.01 r                   
  dispatch_if_0__data[1300] (net)                                                                    1                   0.00       0.01 r                   
  U62/Y (BUF_X1B_A9TR)                                                                                         0.78      0.45 *     0.46 r                   0.90
  n60 (net)                                                                                          2                   0.00       0.46 r                   
  dispatch_unit/dispatch_if_0__data[1300] (VX_dispatch_unit_h_455_242_321)                                               0.00       0.46 r                   
  dispatch_unit/dispatch_if_0__data[1300] (net)                                                                          0.00       0.46 r                   
  dispatch_unit/g_blocks_0__buf_out/data_in[1301] (VX_elastic_buffer_17)                                                 0.00       0.46 r                   
  dispatch_unit/g_blocks_0__buf_out/data_in[1301] (net)                                                                  0.00       0.46 r                   
  dispatch_unit/g_blocks_0__buf_out/g_eb2_stream_buffer/data_in[1301] (VX_stream_buffer_6324_1)                          0.00       0.46 r                   
  dispatch_unit/g_blocks_0__buf_out/g_eb2_stream_buffer/data_in[1301] (net)                                              0.00       0.46 r                   
  dispatch_unit/g_blocks_0__buf_out/g_eb2_stream_buffer/U5153/Y (AO22_X0P7M_A9TR)                              0.22      0.38 *     0.85 r                   0.90
  dispatch_unit/g_blocks_0__buf_out/g_eb2_stream_buffer/n1317 (net)                                  1                   0.00       0.85 r                   
  dispatch_unit/g_blocks_0__buf_out/g_eb2_stream_buffer/g_buffer_data_out_r_reg_1301_/D (DFFQ_X0P5M_A9TR)      0.22      0.00 *     0.85 r                   0.90
  data arrival time                                                                                                                 0.85                     

  clock CLK (rise edge)                                                                                                  9.90       9.90                     
  clock network delay (ideal)                                                                                            0.00       9.90                     
  dispatch_unit/g_blocks_0__buf_out/g_eb2_stream_buffer/g_buffer_data_out_r_reg_1301_/CK (DFFQ_X0P5M_A9TR)               0.00       9.90 r                   
  library setup time                                                                                                    -0.09       9.81                     
  data required time                                                                                                                9.81                     
  ------------------------------------------------------------------------------------------------------------------------------------------------------------------------
  data required time                                                                                                                9.81                     
  data arrival time                                                                                                                -0.85                     
  ------------------------------------------------------------------------------------------------------------------------------------------------------------------------
  slack (MET)                                                                                                                       8.96                     


  Startpoint: dispatch_if_0__data[1542]
              (input port clocked by CLK)
  Endpoint: dispatch_unit/g_blocks_0__buf_out/g_eb2_stream_buffer/g_buffer_data_out_r_reg_1543_
            (rising edge-triggered flip-flop clocked by CLK)
  Scenario: mode_norm.OC_rvt_ss_0p900v_125c
  Path Group: REGIN
  Path Type: max

Attributes:
    d - dont_touch
    u - dont_use
   mo - map_only
   so - size_only
    i - ideal_net or ideal_network
  inf - infeasible path

  Point                                                                                            Fanout     Trans      Incr       Path      Attributes     Voltage
  ------------------------------------------------------------------------------------------------------------------------------------------------------------------------
  clock CLK (rise edge)                                                                                                  0.00       0.00                     
  clock network delay (ideal)                                                                                            0.00       0.00                     
  input external delay                                                                                                   0.00       0.00 r                   
  dispatch_if_0__data[1542] (in)                                                                               0.03      0.01       0.01 r                   
  dispatch_if_0__data[1542] (net)                                                                    1                   0.00       0.01 r                   
  dispatch_unit/dispatch_if_0__data[1542] (VX_dispatch_unit_h_455_242_321)                                               0.00       0.01 r                   
  dispatch_unit/dispatch_if_0__data[1542] (net)                                                                          0.00       0.01 r                   
  dispatch_unit/U52/Y (BUF_X1M_A9TR)                                                                           0.59      0.35 *     0.36 r                   0.90
  dispatch_unit/n50 (net)                                                                            2                   0.00       0.36 r                   
  dispatch_unit/g_blocks_0__buf_out/data_in[1543] (VX_elastic_buffer_17)                                                 0.00       0.36 r                   
  dispatch_unit/g_blocks_0__buf_out/data_in[1543] (net)                                                                  0.00       0.36 r                   
  dispatch_unit/g_blocks_0__buf_out/g_eb2_stream_buffer/data_in[1543] (VX_stream_buffer_6324_1)                          0.00       0.36 r                   
  dispatch_unit/g_blocks_0__buf_out/g_eb2_stream_buffer/data_in[1543] (net)                                              0.00       0.36 r                   
  dispatch_unit/g_blocks_0__buf_out/g_eb2_stream_buffer/U4216/Y (AO22_X1M_A9TR)                                0.41      0.42 *     0.78 r                   0.90
  dispatch_unit/g_blocks_0__buf_out/g_eb2_stream_buffer/n1559 (net)                                  1                   0.00       0.78 r                   
  dispatch_unit/g_blocks_0__buf_out/g_eb2_stream_buffer/g_buffer_data_out_r_reg_1543_/D (DFFQ_X0P5M_A9TR)      0.41      0.03 *     0.81 r                   0.90
  data arrival time                                                                                                                 0.81                     

  clock CLK (rise edge)                                                                                                  9.90       9.90                     
  clock network delay (ideal)                                                                                            0.00       9.90                     
  dispatch_unit/g_blocks_0__buf_out/g_eb2_stream_buffer/g_buffer_data_out_r_reg_1543_/CK (DFFQ_X0P5M_A9TR)               0.00       9.90 r                   
  library setup time                                                                                                    -0.12       9.78                     
  data required time                                                                                                                9.78                     
  ------------------------------------------------------------------------------------------------------------------------------------------------------------------------
  data required time                                                                                                                9.78                     
  data arrival time                                                                                                                -0.81                     
  ------------------------------------------------------------------------------------------------------------------------------------------------------------------------
  slack (MET)                                                                                                                       8.97                     


  Startpoint: dispatch_if_0__data[1302]
              (input port clocked by CLK)
  Endpoint: dispatch_unit/g_blocks_0__buf_out/g_eb2_stream_buffer/g_buffer_data_out_r_reg_1303_
            (rising edge-triggered flip-flop clocked by CLK)
  Scenario: mode_norm.OC_rvt_ss_0p900v_125c
  Path Group: REGIN
  Path Type: max

Attributes:
    d - dont_touch
    u - dont_use
   mo - map_only
   so - size_only
    i - ideal_net or ideal_network
  inf - infeasible path

  Point                                                                                            Fanout     Trans      Incr       Path      Attributes     Voltage
  ------------------------------------------------------------------------------------------------------------------------------------------------------------------------
  clock CLK (rise edge)                                                                                                  0.00       0.00                     
  clock network delay (ideal)                                                                                            0.00       0.00                     
  input external delay                                                                                                   0.00       0.00 r                   
  dispatch_if_0__data[1302] (in)                                                                               0.03      0.01       0.01 r                   
  dispatch_if_0__data[1302] (net)                                                                    1                   0.00       0.01 r                   
  U63/Y (BUF_X1B_A9TR)                                                                                         0.77      0.45 *     0.46 r                   0.90
  n61 (net)                                                                                          2                   0.00       0.46 r                   
  dispatch_unit/dispatch_if_0__data[1302] (VX_dispatch_unit_h_455_242_321)                                               0.00       0.46 r                   
  dispatch_unit/dispatch_if_0__data[1302] (net)                                                                          0.00       0.46 r                   
  dispatch_unit/g_blocks_0__buf_out/data_in[1303] (VX_elastic_buffer_17)                                                 0.00       0.46 r                   
  dispatch_unit/g_blocks_0__buf_out/data_in[1303] (net)                                                                  0.00       0.46 r                   
  dispatch_unit/g_blocks_0__buf_out/g_eb2_stream_buffer/data_in[1303] (VX_stream_buffer_6324_1)                          0.00       0.46 r                   
  dispatch_unit/g_blocks_0__buf_out/g_eb2_stream_buffer/data_in[1303] (net)                                              0.00       0.46 r                   
  dispatch_unit/g_blocks_0__buf_out/g_eb2_stream_buffer/U5155/Y (AO22_X0P7M_A9TR)                              0.21      0.37 *     0.84 r                   0.90
  dispatch_unit/g_blocks_0__buf_out/g_eb2_stream_buffer/n1319 (net)                                  1                   0.00       0.84 r                   
  dispatch_unit/g_blocks_0__buf_out/g_eb2_stream_buffer/g_buffer_data_out_r_reg_1303_/D (DFFQ_X0P5M_A9TR)      0.21      0.00 *     0.84 r                   0.90
  data arrival time                                                                                                                 0.84                     

  clock CLK (rise edge)                                                                                                  9.90       9.90                     
  clock network delay (ideal)                                                                                            0.00       9.90                     
  dispatch_unit/g_blocks_0__buf_out/g_eb2_stream_buffer/g_buffer_data_out_r_reg_1303_/CK (DFFQ_X0P5M_A9TR)               0.00       9.90 r                   
  library setup time                                                                                                    -0.09       9.81                     
  data required time                                                                                                                9.81                     
  ------------------------------------------------------------------------------------------------------------------------------------------------------------------------
  data required time                                                                                                                9.81                     
  data arrival time                                                                                                                -0.84                     
  ------------------------------------------------------------------------------------------------------------------------------------------------------------------------
  slack (MET)                                                                                                                       8.97                     


  Startpoint: dispatch_if_0__data[1305]
              (input port clocked by CLK)
  Endpoint: dispatch_unit/g_blocks_0__buf_out/g_eb2_stream_buffer/g_buffer_data_out_r_reg_1306_
            (rising edge-triggered flip-flop clocked by CLK)
  Scenario: mode_norm.OC_rvt_ss_0p900v_125c
  Path Group: REGIN
  Path Type: max

Attributes:
    d - dont_touch
    u - dont_use
   mo - map_only
   so - size_only
    i - ideal_net or ideal_network
  inf - infeasible path

  Point                                                                                            Fanout     Trans      Incr       Path      Attributes     Voltage
  ------------------------------------------------------------------------------------------------------------------------------------------------------------------------
  clock CLK (rise edge)                                                                                                  0.00       0.00                     
  clock network delay (ideal)                                                                                            0.00       0.00                     
  input external delay                                                                                                   0.00       0.00 r                   
  dispatch_if_0__data[1305] (in)                                                                               0.03      0.01       0.01 r                   
  dispatch_if_0__data[1305] (net)                                                                    1                   0.00       0.01 r                   
  U64/Y (BUF_X1B_A9TR)                                                                                         0.78      0.45 *     0.47 r                   0.90
  n62 (net)                                                                                          2                   0.00       0.47 r                   
  dispatch_unit/dispatch_if_0__data[1305] (VX_dispatch_unit_h_455_242_321)                                               0.00       0.47 r                   
  dispatch_unit/dispatch_if_0__data[1305] (net)                                                                          0.00       0.47 r                   
  dispatch_unit/g_blocks_0__buf_out/data_in[1306] (VX_elastic_buffer_17)                                                 0.00       0.47 r                   
  dispatch_unit/g_blocks_0__buf_out/data_in[1306] (net)                                                                  0.00       0.47 r                   
  dispatch_unit/g_blocks_0__buf_out/g_eb2_stream_buffer/data_in[1306] (VX_stream_buffer_6324_1)                          0.00       0.47 r                   
  dispatch_unit/g_blocks_0__buf_out/g_eb2_stream_buffer/data_in[1306] (net)                                              0.00       0.47 r                   
  dispatch_unit/g_blocks_0__buf_out/g_eb2_stream_buffer/U5158/Y (AO22_X0P7M_A9TR)                              0.20      0.37 *     0.84 r                   0.90
  dispatch_unit/g_blocks_0__buf_out/g_eb2_stream_buffer/n1322 (net)                                  1                   0.00       0.84 r                   
  dispatch_unit/g_blocks_0__buf_out/g_eb2_stream_buffer/g_buffer_data_out_r_reg_1306_/D (DFFQ_X0P5M_A9TR)      0.20      0.00 *     0.84 r                   0.90
  data arrival time                                                                                                                 0.84                     

  clock CLK (rise edge)                                                                                                  9.90       9.90                     
  clock network delay (ideal)                                                                                            0.00       9.90                     
  dispatch_unit/g_blocks_0__buf_out/g_eb2_stream_buffer/g_buffer_data_out_r_reg_1306_/CK (DFFQ_X0P5M_A9TR)               0.00       9.90 r                   
  library setup time                                                                                                    -0.09       9.81                     
  data required time                                                                                                                9.81                     
  ------------------------------------------------------------------------------------------------------------------------------------------------------------------------
  data required time                                                                                                                9.81                     
  data arrival time                                                                                                                -0.84                     
  ------------------------------------------------------------------------------------------------------------------------------------------------------------------------
  slack (MET)                                                                                                                       8.97                     


  Startpoint: dispatch_if_0__data[1299]
              (input port clocked by CLK)
  Endpoint: dispatch_unit/g_blocks_0__buf_out/g_eb2_stream_buffer/g_buffer_data_out_r_reg_1300_
            (rising edge-triggered flip-flop clocked by CLK)
  Scenario: mode_norm.OC_rvt_ss_0p900v_125c
  Path Group: REGIN
  Path Type: max

Attributes:
    d - dont_touch
    u - dont_use
   mo - map_only
   so - size_only
    i - ideal_net or ideal_network
  inf - infeasible path

  Point                                                                                            Fanout     Trans      Incr       Path      Attributes     Voltage
  ------------------------------------------------------------------------------------------------------------------------------------------------------------------------
  clock CLK (rise edge)                                                                                                  0.00       0.00                     
  clock network delay (ideal)                                                                                            0.00       0.00                     
  input external delay                                                                                                   0.00       0.00 r                   
  dispatch_if_0__data[1299] (in)                                                                               0.03      0.01       0.01 r                   
  dispatch_if_0__data[1299] (net)                                                                    1                   0.00       0.01 r                   
  U61/Y (BUF_X1B_A9TR)                                                                                         0.77      0.45 *     0.46 r                   0.90
  n59 (net)                                                                                          2                   0.00       0.46 r                   
  dispatch_unit/dispatch_if_0__data[1299] (VX_dispatch_unit_h_455_242_321)                                               0.00       0.46 r                   
  dispatch_unit/dispatch_if_0__data[1299] (net)                                                                          0.00       0.46 r                   
  dispatch_unit/g_blocks_0__buf_out/data_in[1300] (VX_elastic_buffer_17)                                                 0.00       0.46 r                   
  dispatch_unit/g_blocks_0__buf_out/data_in[1300] (net)                                                                  0.00       0.46 r                   
  dispatch_unit/g_blocks_0__buf_out/g_eb2_stream_buffer/data_in[1300] (VX_stream_buffer_6324_1)                          0.00       0.46 r                   
  dispatch_unit/g_blocks_0__buf_out/g_eb2_stream_buffer/data_in[1300] (net)                                              0.00       0.46 r                   
  dispatch_unit/g_blocks_0__buf_out/g_eb2_stream_buffer/U5152/Y (AO22_X0P7M_A9TR)                              0.21      0.37 *     0.84 r                   0.90
  dispatch_unit/g_blocks_0__buf_out/g_eb2_stream_buffer/n1316 (net)                                  1                   0.00       0.84 r                   
  dispatch_unit/g_blocks_0__buf_out/g_eb2_stream_buffer/g_buffer_data_out_r_reg_1300_/D (DFFQ_X0P5M_A9TR)      0.21      0.00 *     0.84 r                   0.90
  data arrival time                                                                                                                 0.84                     

  clock CLK (rise edge)                                                                                                  9.90       9.90                     
  clock network delay (ideal)                                                                                            0.00       9.90                     
  dispatch_unit/g_blocks_0__buf_out/g_eb2_stream_buffer/g_buffer_data_out_r_reg_1300_/CK (DFFQ_X0P5M_A9TR)               0.00       9.90 r                   
  library setup time                                                                                                    -0.09       9.81                     
  data required time                                                                                                                9.81                     
  ------------------------------------------------------------------------------------------------------------------------------------------------------------------------
  data required time                                                                                                                9.81                     
  data arrival time                                                                                                                -0.84                     
  ------------------------------------------------------------------------------------------------------------------------------------------------------------------------
  slack (MET)                                                                                                                       8.97                     


  Startpoint: dispatch_if_0__data[1538]
              (input port clocked by CLK)
  Endpoint: dispatch_unit/g_blocks_0__buf_out/g_eb2_stream_buffer/g_buffer_data_out_r_reg_1539_
            (rising edge-triggered flip-flop clocked by CLK)
  Scenario: mode_norm.OC_rvt_ss_0p900v_125c
  Path Group: REGIN
  Path Type: max

Attributes:
    d - dont_touch
    u - dont_use
   mo - map_only
   so - size_only
    i - ideal_net or ideal_network
  inf - infeasible path

  Point                                                                                            Fanout     Trans      Incr       Path      Attributes     Voltage
  ------------------------------------------------------------------------------------------------------------------------------------------------------------------------
  clock CLK (rise edge)                                                                                                  0.00       0.00                     
  clock network delay (ideal)                                                                                            0.00       0.00                     
  input external delay                                                                                                   0.00       0.00 r                   
  dispatch_if_0__data[1538] (in)                                                                               0.03      0.01       0.01 r                   
  dispatch_if_0__data[1538] (net)                                                                    1                   0.00       0.01 r                   
  dispatch_unit/dispatch_if_0__data[1538] (VX_dispatch_unit_h_455_242_321)                                               0.00       0.01 r                   
  dispatch_unit/dispatch_if_0__data[1538] (net)                                                                          0.00       0.01 r                   
  dispatch_unit/U48/Y (BUF_X1M_A9TR)                                                                           0.61      0.36 *     0.37 r                   0.90
  dispatch_unit/n46 (net)                                                                            2                   0.00       0.37 r                   
  dispatch_unit/g_blocks_0__buf_out/data_in[1539] (VX_elastic_buffer_17)                                                 0.00       0.37 r                   
  dispatch_unit/g_blocks_0__buf_out/data_in[1539] (net)                                                                  0.00       0.37 r                   
  dispatch_unit/g_blocks_0__buf_out/g_eb2_stream_buffer/data_in[1539] (VX_stream_buffer_6324_1)                          0.00       0.37 r                   
  dispatch_unit/g_blocks_0__buf_out/g_eb2_stream_buffer/data_in[1539] (net)                                              0.00       0.37 r                   
  dispatch_unit/g_blocks_0__buf_out/g_eb2_stream_buffer/U4212/Y (AO22_X1M_A9TR)                                0.39      0.41 *     0.78 r                   0.90
  dispatch_unit/g_blocks_0__buf_out/g_eb2_stream_buffer/n1555 (net)                                  1                   0.00       0.78 r                   
  dispatch_unit/g_blocks_0__buf_out/g_eb2_stream_buffer/g_buffer_data_out_r_reg_1539_/D (DFFQ_X0P5M_A9TR)      0.39      0.03 *     0.81 r                   0.90
  data arrival time                                                                                                                 0.81                     

  clock CLK (rise edge)                                                                                                  9.90       9.90                     
  clock network delay (ideal)                                                                                            0.00       9.90                     
  dispatch_unit/g_blocks_0__buf_out/g_eb2_stream_buffer/g_buffer_data_out_r_reg_1539_/CK (DFFQ_X0P5M_A9TR)               0.00       9.90 r                   
  library setup time                                                                                                    -0.11       9.79                     
  data required time                                                                                                                9.79                     
  ------------------------------------------------------------------------------------------------------------------------------------------------------------------------
  data required time                                                                                                                9.79                     
  data arrival time                                                                                                                -0.81                     
  ------------------------------------------------------------------------------------------------------------------------------------------------------------------------
  slack (MET)                                                                                                                       8.98                     


  Startpoint: dispatch_if_0__data[1298]
              (input port clocked by CLK)
  Endpoint: dispatch_unit/g_blocks_0__buf_out/g_eb2_stream_buffer/g_buffer_data_out_r_reg_1299_
            (rising edge-triggered flip-flop clocked by CLK)
  Scenario: mode_norm.OC_rvt_ss_0p900v_125c
  Path Group: REGIN
  Path Type: max

Attributes:
    d - dont_touch
    u - dont_use
   mo - map_only
   so - size_only
    i - ideal_net or ideal_network
  inf - infeasible path

  Point                                                                                            Fanout     Trans      Incr       Path      Attributes     Voltage
  ------------------------------------------------------------------------------------------------------------------------------------------------------------------------
  clock CLK (rise edge)                                                                                                  0.00       0.00                     
  clock network delay (ideal)                                                                                            0.00       0.00                     
  input external delay                                                                                                   0.00       0.00 r                   
  dispatch_if_0__data[1298] (in)                                                                               0.03      0.01       0.01 r                   
  dispatch_if_0__data[1298] (net)                                                                    1                   0.00       0.01 r                   
  U60/Y (BUF_X1M_A9TR)                                                                                         0.77      0.45 *     0.46 r                   0.90
  n58 (net)                                                                                          2                   0.00       0.46 r                   
  dispatch_unit/dispatch_if_0__data[1298] (VX_dispatch_unit_h_455_242_321)                                               0.00       0.46 r                   
  dispatch_unit/dispatch_if_0__data[1298] (net)                                                                          0.00       0.46 r                   
  dispatch_unit/g_blocks_0__buf_out/data_in[1299] (VX_elastic_buffer_17)                                                 0.00       0.46 r                   
  dispatch_unit/g_blocks_0__buf_out/data_in[1299] (net)                                                                  0.00       0.46 r                   
  dispatch_unit/g_blocks_0__buf_out/g_eb2_stream_buffer/data_in[1299] (VX_stream_buffer_6324_1)                          0.00       0.46 r                   
  dispatch_unit/g_blocks_0__buf_out/g_eb2_stream_buffer/data_in[1299] (net)                                              0.00       0.46 r                   
  dispatch_unit/g_blocks_0__buf_out/g_eb2_stream_buffer/U5151/Y (AO22_X0P7M_A9TR)                              0.21      0.37 *     0.83 r                   0.90
  dispatch_unit/g_blocks_0__buf_out/g_eb2_stream_buffer/n1315 (net)                                  1                   0.00       0.83 r                   
  dispatch_unit/g_blocks_0__buf_out/g_eb2_stream_buffer/g_buffer_data_out_r_reg_1299_/D (DFFQ_X0P5M_A9TR)      0.21      0.00 *     0.84 r                   0.90
  data arrival time                                                                                                                 0.84                     

  clock CLK (rise edge)                                                                                                  9.90       9.90                     
  clock network delay (ideal)                                                                                            0.00       9.90                     
  dispatch_unit/g_blocks_0__buf_out/g_eb2_stream_buffer/g_buffer_data_out_r_reg_1299_/CK (DFFQ_X0P5M_A9TR)               0.00       9.90 r                   
  library setup time                                                                                                    -0.09       9.81                     
  data required time                                                                                                                9.81                     
  ------------------------------------------------------------------------------------------------------------------------------------------------------------------------
  data required time                                                                                                                9.81                     
  data arrival time                                                                                                                -0.84                     
  ------------------------------------------------------------------------------------------------------------------------------------------------------------------------
  slack (MET)                                                                                                                       8.98                     


  Startpoint: dispatch_if_0__data[1039]
              (input port clocked by CLK)
  Endpoint: dispatch_unit/g_blocks_0__buf_out/g_eb2_stream_buffer/g_buffer_data_out_r_reg_1040_
            (rising edge-triggered flip-flop clocked by CLK)
  Scenario: mode_norm.OC_rvt_ss_0p900v_125c
  Path Group: REGIN
  Path Type: max

Attributes:
    d - dont_touch
    u - dont_use
   mo - map_only
   so - size_only
    i - ideal_net or ideal_network
  inf - infeasible path

  Point                                                                                            Fanout     Trans      Incr       Path      Attributes     Voltage
  ------------------------------------------------------------------------------------------------------------------------------------------------------------------------
  clock CLK (rise edge)                                                                                                  0.00       0.00                     
  clock network delay (ideal)                                                                                            0.00       0.00                     
  input external delay                                                                                                   0.00       0.00 r                   
  dispatch_if_0__data[1039] (in)                                                                               0.03      0.01       0.01 r                   
  dispatch_if_0__data[1039] (net)                                                                    1                   0.00       0.01 r                   
  U42/Y (BUF_X1M_A9TR)                                                                                         0.76      0.44 *     0.45 r                   0.90
  n40 (net)                                                                                          2                   0.00       0.45 r                   
  dispatch_unit/dispatch_if_0__data[1039] (VX_dispatch_unit_h_455_242_321)                                               0.00       0.45 r                   
  dispatch_unit/dispatch_if_0__data[1039] (net)                                                                          0.00       0.45 r                   
  dispatch_unit/g_blocks_0__buf_out/data_in[1040] (VX_elastic_buffer_17)                                                 0.00       0.45 r                   
  dispatch_unit/g_blocks_0__buf_out/data_in[1040] (net)                                                                  0.00       0.45 r                   
  dispatch_unit/g_blocks_0__buf_out/g_eb2_stream_buffer/data_in[1040] (VX_stream_buffer_6324_1)                          0.00       0.45 r                   
  dispatch_unit/g_blocks_0__buf_out/g_eb2_stream_buffer/data_in[1040] (net)                                              0.00       0.45 r                   
  dispatch_unit/g_blocks_0__buf_out/g_eb2_stream_buffer/U4863/Y (AO22_X0P7M_A9TR)                              0.18      0.36 *     0.82 r                   0.90
  dispatch_unit/g_blocks_0__buf_out/g_eb2_stream_buffer/n1056 (net)                                  1                   0.00       0.82 r                   
  dispatch_unit/g_blocks_0__buf_out/g_eb2_stream_buffer/g_buffer_data_out_r_reg_1040_/D (DFFQ_X0P5M_A9TR)      0.18      0.00 *     0.82 r                   0.90
  data arrival time                                                                                                                 0.82                     

  clock CLK (rise edge)                                                                                                  9.90       9.90                     
  clock network delay (ideal)                                                                                            0.00       9.90                     
  dispatch_unit/g_blocks_0__buf_out/g_eb2_stream_buffer/g_buffer_data_out_r_reg_1040_/CK (DFFQ_X0P5M_A9TR)               0.00       9.90 r                   
  library setup time                                                                                                    -0.08       9.82                     
  data required time                                                                                                                9.82                     
  ------------------------------------------------------------------------------------------------------------------------------------------------------------------------
  data required time                                                                                                                9.82                     
  data arrival time                                                                                                                -0.82                     
  ------------------------------------------------------------------------------------------------------------------------------------------------------------------------
  slack (MET)                                                                                                                       9.00                     


  Startpoint: dispatch_unit/g_blocks_0__buf_out/g_eb2_stream_buffer/g_buffer_valid_in_r_reg
              (rising edge-triggered flip-flop clocked by CLK)
  Endpoint: dispatch_if_0__ready
            (output port clocked by CLK)
  Scenario: mode_norm.OC_rvt_ss_0p900v_125c
  Path Group: REGOUT
  Path Type: max

Attributes:
    d - dont_touch
    u - dont_use
   mo - map_only
   so - size_only
    i - ideal_net or ideal_network
  inf - infeasible path

  Point                                                                                       Fanout     Trans      Incr       Path      Attributes     Voltage
  -------------------------------------------------------------------------------------------------------------------------------------------------------------------
  clock CLK (rise edge)                                                                                             0.00       0.00                     
  clock network delay (ideal)                                                                                       0.00       0.00                     
  dispatch_unit/g_blocks_0__buf_out/g_eb2_stream_buffer/g_buffer_valid_in_r_reg/CK (DFFQ_X0P5M_A9TR)      0.00      0.00       0.00 r    i              0.90
  dispatch_unit/g_blocks_0__buf_out/g_eb2_stream_buffer/g_buffer_valid_in_r_reg/Q (DFFQ_X0P5M_A9TR)       0.07      0.13       0.13 r                   0.90
  dispatch_unit/g_blocks_0__buf_out/g_eb2_stream_buffer/n7463 (net)                             1                   0.00       0.13 r                   
  dispatch_unit/g_blocks_0__buf_out/g_eb2_stream_buffer/U238/Y (BUF_X6B_A9TR)                             0.53      0.34 *     0.47 r                   0.90
  dispatch_unit/g_blocks_0__buf_out/g_eb2_stream_buffer/n7577 (net)                            55                   0.00       0.47 r                   
  dispatch_unit/g_blocks_0__buf_out/g_eb2_stream_buffer/U251/Y (BUF_X4B_A9TR)                             0.59      0.53 *     1.00 r                   0.90
  dispatch_unit/g_blocks_0__buf_out/g_eb2_stream_buffer/n7579 (net)                            52                   0.00       1.00 r                   
  dispatch_unit/g_blocks_0__buf_out/g_eb2_stream_buffer/U334/Y (BUF_X1B_A9TR)                             0.63      0.55 *     1.55 r                   0.90
  dispatch_unit/g_blocks_0__buf_out/g_eb2_stream_buffer/n7594 (net)                            30                   0.00       1.55 r                   
  dispatch_unit/g_blocks_0__buf_out/g_eb2_stream_buffer/U4163/Y (BUF_X1M_A9TR)                            0.05      0.14 *     1.69 r                   0.90
  dispatch_unit/g_blocks_0__buf_out/g_eb2_stream_buffer/ready_in (net)                          1                   0.00       1.69 r                   
  dispatch_unit/g_blocks_0__buf_out/g_eb2_stream_buffer/ready_in (VX_stream_buffer_6324_1)                          0.00       1.69 r                   
  dispatch_unit/g_blocks_0__buf_out/ready_in (net)                                                                  0.00       1.69 r                   
  dispatch_unit/g_blocks_0__buf_out/ready_in (VX_elastic_buffer_17)                                                 0.00       1.69 r                   
  dispatch_unit/dispatch_if_0__ready (net)                                                                          0.00       1.69 r                   
  dispatch_unit/dispatch_if_0__ready (VX_dispatch_unit_h_455_242_321)                                               0.00       1.69 r                   
  dispatch_if_0__ready (net)                                                                                        0.00       1.69 r                   
  dispatch_if_0__ready (out)                                                                              0.05      0.00 *     1.69 r                   
  data arrival time                                                                                                            1.69                     

  clock CLK (rise edge)                                                                                             9.90       9.90                     
  clock network delay (ideal)                                                                                       0.00       9.90                     
  output external delay                                                                                             0.00       9.90                     
  data required time                                                                                                           9.90                     
  -------------------------------------------------------------------------------------------------------------------------------------------------------------------
  data required time                                                                                                           9.90                     
  data arrival time                                                                                                           -1.69                     
  -------------------------------------------------------------------------------------------------------------------------------------------------------------------
  slack (MET)                                                                                                                  8.21                     


  Startpoint: gather_unit/g_out_bufs_0__out_buf/g_eb2_stream_buffer/g_buffer_data_out_r_reg_2018_
              (rising edge-triggered flip-flop clocked by CLK)
  Endpoint: commit_if_0__data[2017]
            (output port clocked by CLK)
  Scenario: mode_norm.OC_rvt_ss_0p900v_125c
  Path Group: REGOUT
  Path Type: max

Attributes:
    d - dont_touch
    u - dont_use
   mo - map_only
   so - size_only
    i - ideal_net or ideal_network
  inf - infeasible path

  Point                                                                                             Fanout     Trans      Incr       Path      Attributes     Voltage
  -------------------------------------------------------------------------------------------------------------------------------------------------------------------------
  clock CLK (rise edge)                                                                                                   0.00       0.00                     
  clock network delay (ideal)                                                                                             0.00       0.00                     
  gather_unit/g_out_bufs_0__out_buf/g_eb2_stream_buffer/g_buffer_data_out_r_reg_2018_/CK (DFFQ_X0P5M_A9TR)      0.00      0.00       0.00 r                   0.90
  gather_unit/g_out_bufs_0__out_buf/g_eb2_stream_buffer/g_buffer_data_out_r_reg_2018_/Q (DFFQ_X0P5M_A9TR)       0.40      0.31       0.31 r                   0.90
  gather_unit/g_out_bufs_0__out_buf/g_eb2_stream_buffer/data_out[2018] (net)                          1                   0.00       0.31 r                   
  gather_unit/g_out_bufs_0__out_buf/g_eb2_stream_buffer/data_out[2018] (VX_stream_buffer_2155_1)                          0.00       0.31 r                   
  gather_unit/g_out_bufs_0__out_buf/g_eb2_data_out_t[2018] (net)                                                          0.00       0.31 r                   
  gather_unit/g_out_bufs_0__out_buf/g_eb2_out_buf/data_in[2018] (VX_pipe_buffer_19)                                       0.00       0.31 r                   
  gather_unit/g_out_bufs_0__out_buf/g_eb2_out_buf/data_in[2018] (net)                                                     0.00       0.31 r                   
  gather_unit/g_out_bufs_0__out_buf/g_eb2_out_buf/U72/Y (BUF_X1M_A9TR)                                          0.10      0.15 *     0.47 r                   0.90
  gather_unit/g_out_bufs_0__out_buf/g_eb2_out_buf/data_out[2018] (net)                                1                   0.00       0.47 r                   
  gather_unit/g_out_bufs_0__out_buf/g_eb2_out_buf/data_out[2018] (VX_pipe_buffer_19)                                      0.00       0.47 r                   
  gather_unit/g_out_bufs_0__out_buf/data_out[2018] (net)                                                                  0.00       0.47 r                   
  gather_unit/g_out_bufs_0__out_buf/data_out[2018] (VX_elastic_buffer_23)                                                 0.00       0.47 r                   
  gather_unit/commit_if_0__data[2017] (net)                                                                               0.00       0.47 r                   
  gather_unit/commit_if_0__data[2017] (VX_gather_unit_h_804_242_940)                                                      0.00       0.47 r                   
  commit_if_0__data[2017] (net)                                                                                           0.00       0.47 r                   
  commit_if_0__data[2017] (out)                                                                                 0.10      0.00 *     0.47 r                   
  data arrival time                                                                                                                  0.47                     

  clock CLK (rise edge)                                                                                                   9.90       9.90                     
  clock network delay (ideal)                                                                                             0.00       9.90                     
  output external delay                                                                                                   0.00       9.90                     
  data required time                                                                                                                 9.90                     
  -------------------------------------------------------------------------------------------------------------------------------------------------------------------------
  data required time                                                                                                                 9.90                     
  data arrival time                                                                                                                 -0.47                     
  -------------------------------------------------------------------------------------------------------------------------------------------------------------------------
  slack (MET)                                                                                                                        9.43                     


  Startpoint: gather_unit/g_out_bufs_0__out_buf/g_eb2_stream_buffer/g_buffer_data_out_r_reg_2154_
              (rising edge-triggered flip-flop clocked by CLK)
  Endpoint: commit_if_0__data[2154]
            (output port clocked by CLK)
  Scenario: mode_norm.OC_rvt_ss_0p900v_125c
  Path Group: REGOUT
  Path Type: max

Attributes:
    d - dont_touch
    u - dont_use
   mo - map_only
   so - size_only
    i - ideal_net or ideal_network
  inf - infeasible path

  Point                                                                                             Fanout     Trans      Incr       Path      Attributes     Voltage
  -------------------------------------------------------------------------------------------------------------------------------------------------------------------------
  clock CLK (rise edge)                                                                                                   0.00       0.00                     
  clock network delay (ideal)                                                                                             0.00       0.00                     
  gather_unit/g_out_bufs_0__out_buf/g_eb2_stream_buffer/g_buffer_data_out_r_reg_2154_/CK (DFFQ_X0P5M_A9TR)      0.00      0.00       0.00 r                   0.90
  gather_unit/g_out_bufs_0__out_buf/g_eb2_stream_buffer/g_buffer_data_out_r_reg_2154_/Q (DFFQ_X0P5M_A9TR)       0.31      0.26       0.26 r                   0.90
  gather_unit/g_out_bufs_0__out_buf/g_eb2_stream_buffer/data_out[2154] (net)                          1                   0.00       0.26 r                   
  gather_unit/g_out_bufs_0__out_buf/g_eb2_stream_buffer/data_out[2154] (VX_stream_buffer_2155_1)                          0.00       0.26 r                   
  gather_unit/g_out_bufs_0__out_buf/g_eb2_data_out_t[2154] (net)                                                          0.00       0.26 r                   
  gather_unit/g_out_bufs_0__out_buf/g_eb2_out_buf/data_in[2154] (VX_pipe_buffer_19)                                       0.00       0.26 r                   
  gather_unit/g_out_bufs_0__out_buf/g_eb2_out_buf/data_in[2154] (net)                                                     0.00       0.26 r                   
  gather_unit/g_out_bufs_0__out_buf/g_eb2_out_buf/U14/Y (BUF_X1M_A9TR)                                          0.16      0.18 *     0.44 r                   0.90
  gather_unit/g_out_bufs_0__out_buf/g_eb2_out_buf/data_out[2154] (net)                                1                   0.00       0.44 r                   
  gather_unit/g_out_bufs_0__out_buf/g_eb2_out_buf/data_out[2154] (VX_pipe_buffer_19)                                      0.00       0.44 r                   
  gather_unit/g_out_bufs_0__out_buf/data_out[2154] (net)                                                                  0.00       0.44 r                   
  gather_unit/g_out_bufs_0__out_buf/data_out[2154] (VX_elastic_buffer_23)                                                 0.00       0.44 r                   
  gather_unit/commit_if_0__data[2154] (net)                                                                               0.00       0.44 r                   
  gather_unit/commit_if_0__data[2154] (VX_gather_unit_h_804_242_940)                                                      0.00       0.44 r                   
  commit_if_0__data[2154] (net)                                                                                           0.00       0.44 r                   
  commit_if_0__data[2154] (out)                                                                                 0.16      0.00 *     0.45 r                   
  data arrival time                                                                                                                  0.45                     

  clock CLK (rise edge)                                                                                                   9.90       9.90                     
  clock network delay (ideal)                                                                                             0.00       9.90                     
  output external delay                                                                                                   0.00       9.90                     
  data required time                                                                                                                 9.90                     
  -------------------------------------------------------------------------------------------------------------------------------------------------------------------------
  data required time                                                                                                                 9.90                     
  data arrival time                                                                                                                 -0.45                     
  -------------------------------------------------------------------------------------------------------------------------------------------------------------------------
  slack (MET)                                                                                                                        9.45                     


  Startpoint: gather_unit/g_out_bufs_0__out_buf/g_eb2_stream_buffer/g_buffer_data_out_r_reg_2015_
              (rising edge-triggered flip-flop clocked by CLK)
  Endpoint: commit_if_0__data[2014]
            (output port clocked by CLK)
  Scenario: mode_norm.OC_rvt_ss_0p900v_125c
  Path Group: REGOUT
  Path Type: max

Attributes:
    d - dont_touch
    u - dont_use
   mo - map_only
   so - size_only
    i - ideal_net or ideal_network
  inf - infeasible path

  Point                                                                                             Fanout     Trans      Incr       Path      Attributes     Voltage
  -------------------------------------------------------------------------------------------------------------------------------------------------------------------------
  clock CLK (rise edge)                                                                                                   0.00       0.00                     
  clock network delay (ideal)                                                                                             0.00       0.00                     
  gather_unit/g_out_bufs_0__out_buf/g_eb2_stream_buffer/g_buffer_data_out_r_reg_2015_/CK (DFFQ_X0P5M_A9TR)      0.00      0.00       0.00 r                   0.90
  gather_unit/g_out_bufs_0__out_buf/g_eb2_stream_buffer/g_buffer_data_out_r_reg_2015_/Q (DFFQ_X0P5M_A9TR)       0.32      0.27       0.27 r                   0.90
  gather_unit/g_out_bufs_0__out_buf/g_eb2_stream_buffer/data_out[2015] (net)                          1                   0.00       0.27 r                   
  gather_unit/g_out_bufs_0__out_buf/g_eb2_stream_buffer/data_out[2015] (VX_stream_buffer_2155_1)                          0.00       0.27 r                   
  gather_unit/g_out_bufs_0__out_buf/g_eb2_data_out_t[2015] (net)                                                          0.00       0.27 r                   
  gather_unit/g_out_bufs_0__out_buf/g_eb2_out_buf/data_in[2015] (VX_pipe_buffer_19)                                       0.00       0.27 r                   
  gather_unit/g_out_bufs_0__out_buf/g_eb2_out_buf/data_in[2015] (net)                                                     0.00       0.27 r                   
  gather_unit/g_out_bufs_0__out_buf/g_eb2_out_buf/U79/Y (BUF_X1M_A9TR)                                          0.13      0.16 *     0.43 r                   0.90
  gather_unit/g_out_bufs_0__out_buf/g_eb2_out_buf/data_out[2015] (net)                                1                   0.00       0.43 r                   
  gather_unit/g_out_bufs_0__out_buf/g_eb2_out_buf/data_out[2015] (VX_pipe_buffer_19)                                      0.00       0.43 r                   
  gather_unit/g_out_bufs_0__out_buf/data_out[2015] (net)                                                                  0.00       0.43 r                   
  gather_unit/g_out_bufs_0__out_buf/data_out[2015] (VX_elastic_buffer_23)                                                 0.00       0.43 r                   
  gather_unit/commit_if_0__data[2014] (net)                                                                               0.00       0.43 r                   
  gather_unit/commit_if_0__data[2014] (VX_gather_unit_h_804_242_940)                                                      0.00       0.43 r                   
  commit_if_0__data[2014] (net)                                                                                           0.00       0.43 r                   
  commit_if_0__data[2014] (out)                                                                                 0.13      0.00 *     0.43 r                   
  data arrival time                                                                                                                  0.43                     

  clock CLK (rise edge)                                                                                                   9.90       9.90                     
  clock network delay (ideal)                                                                                             0.00       9.90                     
  output external delay                                                                                                   0.00       9.90                     
  data required time                                                                                                                 9.90                     
  -------------------------------------------------------------------------------------------------------------------------------------------------------------------------
  data required time                                                                                                                 9.90                     
  data arrival time                                                                                                                 -0.43                     
  -------------------------------------------------------------------------------------------------------------------------------------------------------------------------
  slack (MET)                                                                                                                        9.47                     


  Startpoint: gather_unit/g_out_bufs_0__out_buf/g_eb2_stream_buffer/g_buffer_data_out_r_reg_2017_
              (rising edge-triggered flip-flop clocked by CLK)
  Endpoint: commit_if_0__data[2016]
            (output port clocked by CLK)
  Scenario: mode_norm.OC_rvt_ss_0p900v_125c
  Path Group: REGOUT
  Path Type: max

Attributes:
    d - dont_touch
    u - dont_use
   mo - map_only
   so - size_only
    i - ideal_net or ideal_network
  inf - infeasible path

  Point                                                                                             Fanout     Trans      Incr       Path      Attributes     Voltage
  -------------------------------------------------------------------------------------------------------------------------------------------------------------------------
  clock CLK (rise edge)                                                                                                   0.00       0.00                     
  clock network delay (ideal)                                                                                             0.00       0.00                     
  gather_unit/g_out_bufs_0__out_buf/g_eb2_stream_buffer/g_buffer_data_out_r_reg_2017_/CK (DFFQ_X0P5M_A9TR)      0.00      0.00       0.00 r                   0.90
  gather_unit/g_out_bufs_0__out_buf/g_eb2_stream_buffer/g_buffer_data_out_r_reg_2017_/Q (DFFQ_X0P5M_A9TR)       0.31      0.26       0.26 r                   0.90
  gather_unit/g_out_bufs_0__out_buf/g_eb2_stream_buffer/data_out[2017] (net)                          1                   0.00       0.26 r                   
  gather_unit/g_out_bufs_0__out_buf/g_eb2_stream_buffer/data_out[2017] (VX_stream_buffer_2155_1)                          0.00       0.26 r                   
  gather_unit/g_out_bufs_0__out_buf/g_eb2_data_out_t[2017] (net)                                                          0.00       0.26 r                   
  gather_unit/g_out_bufs_0__out_buf/g_eb2_out_buf/data_in[2017] (VX_pipe_buffer_19)                                       0.00       0.26 r                   
  gather_unit/g_out_bufs_0__out_buf/g_eb2_out_buf/data_in[2017] (net)                                                     0.00       0.26 r                   
  gather_unit/g_out_bufs_0__out_buf/g_eb2_out_buf/U71/Y (BUF_X1M_A9TR)                                          0.13      0.16 *     0.42 r                   0.90
  gather_unit/g_out_bufs_0__out_buf/g_eb2_out_buf/data_out[2017] (net)                                1                   0.00       0.42 r                   
  gather_unit/g_out_bufs_0__out_buf/g_eb2_out_buf/data_out[2017] (VX_pipe_buffer_19)                                      0.00       0.42 r                   
  gather_unit/g_out_bufs_0__out_buf/data_out[2017] (net)                                                                  0.00       0.42 r                   
  gather_unit/g_out_bufs_0__out_buf/data_out[2017] (VX_elastic_buffer_23)                                                 0.00       0.42 r                   
  gather_unit/commit_if_0__data[2016] (net)                                                                               0.00       0.42 r                   
  gather_unit/commit_if_0__data[2016] (VX_gather_unit_h_804_242_940)                                                      0.00       0.42 r                   
  commit_if_0__data[2016] (net)                                                                                           0.00       0.42 r                   
  commit_if_0__data[2016] (out)                                                                                 0.13      0.00 *     0.43 r                   
  data arrival time                                                                                                                  0.43                     

  clock CLK (rise edge)                                                                                                   9.90       9.90                     
  clock network delay (ideal)                                                                                             0.00       9.90                     
  output external delay                                                                                                   0.00       9.90                     
  data required time                                                                                                                 9.90                     
  -------------------------------------------------------------------------------------------------------------------------------------------------------------------------
  data required time                                                                                                                 9.90                     
  data arrival time                                                                                                                 -0.43                     
  -------------------------------------------------------------------------------------------------------------------------------------------------------------------------
  slack (MET)                                                                                                                        9.47                     


  Startpoint: gather_unit/g_out_bufs_0__out_buf/g_eb2_stream_buffer/g_buffer_data_out_r_reg_2056_
              (rising edge-triggered flip-flop clocked by CLK)
  Endpoint: commit_if_0__data[2055]
            (output port clocked by CLK)
  Scenario: mode_norm.OC_rvt_ss_0p900v_125c
  Path Group: REGOUT
  Path Type: max

Attributes:
    d - dont_touch
    u - dont_use
   mo - map_only
   so - size_only
    i - ideal_net or ideal_network
  inf - infeasible path

  Point                                                                                             Fanout     Trans      Incr       Path      Attributes     Voltage
  -------------------------------------------------------------------------------------------------------------------------------------------------------------------------
  clock CLK (rise edge)                                                                                                   0.00       0.00                     
  clock network delay (ideal)                                                                                             0.00       0.00                     
  gather_unit/g_out_bufs_0__out_buf/g_eb2_stream_buffer/g_buffer_data_out_r_reg_2056_/CK (DFFQ_X0P5M_A9TR)      0.00      0.00       0.00 r                   0.90
  gather_unit/g_out_bufs_0__out_buf/g_eb2_stream_buffer/g_buffer_data_out_r_reg_2056_/Q (DFFQ_X0P5M_A9TR)       0.21      0.21       0.21 r                   0.90
  gather_unit/g_out_bufs_0__out_buf/g_eb2_stream_buffer/data_out[2056] (net)                          1                   0.00       0.21 r                   
  gather_unit/g_out_bufs_0__out_buf/g_eb2_stream_buffer/data_out[2056] (VX_stream_buffer_2155_1)                          0.00       0.21 r                   
  gather_unit/g_out_bufs_0__out_buf/g_eb2_data_out_t[2056] (net)                                                          0.00       0.21 r                   
  gather_unit/g_out_bufs_0__out_buf/g_eb2_out_buf/data_in[2056] (VX_pipe_buffer_19)                                       0.00       0.21 r                   
  gather_unit/g_out_bufs_0__out_buf/g_eb2_out_buf/data_in[2056] (net)                                                     0.00       0.21 r                   
  gather_unit/g_out_bufs_0__out_buf/g_eb2_out_buf/U2/Y (BUF_X1M_A9TR)                                           0.24      0.20 *     0.42 r                   0.90
  gather_unit/g_out_bufs_0__out_buf/g_eb2_out_buf/data_out[2056] (net)                                1                   0.00       0.42 r                   
  gather_unit/g_out_bufs_0__out_buf/g_eb2_out_buf/data_out[2056] (VX_pipe_buffer_19)                                      0.00       0.42 r                   
  gather_unit/g_out_bufs_0__out_buf/data_out[2056] (net)                                                                  0.00       0.42 r                   
  gather_unit/g_out_bufs_0__out_buf/data_out[2056] (VX_elastic_buffer_23)                                                 0.00       0.42 r                   
  gather_unit/commit_if_0__data[2055] (net)                                                                               0.00       0.42 r                   
  gather_unit/commit_if_0__data[2055] (VX_gather_unit_h_804_242_940)                                                      0.00       0.42 r                   
  commit_if_0__data[2055] (net)                                                                                           0.00       0.42 r                   
  commit_if_0__data[2055] (out)                                                                                 0.24      0.01 *     0.43 r                   
  data arrival time                                                                                                                  0.43                     

  clock CLK (rise edge)                                                                                                   9.90       9.90                     
  clock network delay (ideal)                                                                                             0.00       9.90                     
  output external delay                                                                                                   0.00       9.90                     
  data required time                                                                                                                 9.90                     
  -------------------------------------------------------------------------------------------------------------------------------------------------------------------------
  data required time                                                                                                                 9.90                     
  data arrival time                                                                                                                 -0.43                     
  -------------------------------------------------------------------------------------------------------------------------------------------------------------------------
  slack (MET)                                                                                                                        9.47                     


  Startpoint: gather_unit/g_out_bufs_0__out_buf/g_eb2_stream_buffer/g_buffer_data_out_r_reg_2059_
              (rising edge-triggered flip-flop clocked by CLK)
  Endpoint: commit_if_0__data[2058]
            (output port clocked by CLK)
  Scenario: mode_norm.OC_rvt_ss_0p900v_125c
  Path Group: REGOUT
  Path Type: max

Attributes:
    d - dont_touch
    u - dont_use
   mo - map_only
   so - size_only
    i - ideal_net or ideal_network
  inf - infeasible path

  Point                                                                                             Fanout     Trans      Incr       Path      Attributes     Voltage
  -------------------------------------------------------------------------------------------------------------------------------------------------------------------------
  clock CLK (rise edge)                                                                                                   0.00       0.00                     
  clock network delay (ideal)                                                                                             0.00       0.00                     
  gather_unit/g_out_bufs_0__out_buf/g_eb2_stream_buffer/g_buffer_data_out_r_reg_2059_/CK (DFFQ_X0P5M_A9TR)      0.00      0.00       0.00 r                   0.90
  gather_unit/g_out_bufs_0__out_buf/g_eb2_stream_buffer/g_buffer_data_out_r_reg_2059_/Q (DFFQ_X0P5M_A9TR)       0.21      0.21       0.21 r                   0.90
  gather_unit/g_out_bufs_0__out_buf/g_eb2_stream_buffer/data_out[2059] (net)                          1                   0.00       0.21 r                   
  gather_unit/g_out_bufs_0__out_buf/g_eb2_stream_buffer/data_out[2059] (VX_stream_buffer_2155_1)                          0.00       0.21 r                   
  gather_unit/g_out_bufs_0__out_buf/g_eb2_data_out_t[2059] (net)                                                          0.00       0.21 r                   
  gather_unit/g_out_bufs_0__out_buf/g_eb2_out_buf/data_in[2059] (VX_pipe_buffer_19)                                       0.00       0.21 r                   
  gather_unit/g_out_bufs_0__out_buf/g_eb2_out_buf/data_in[2059] (net)                                                     0.00       0.21 r                   
  gather_unit/g_out_bufs_0__out_buf/g_eb2_out_buf/U4/Y (BUF_X1M_A9TR)                                           0.24      0.21 *     0.41 r                   0.90
  gather_unit/g_out_bufs_0__out_buf/g_eb2_out_buf/data_out[2059] (net)                                1                   0.00       0.41 r                   
  gather_unit/g_out_bufs_0__out_buf/g_eb2_out_buf/data_out[2059] (VX_pipe_buffer_19)                                      0.00       0.41 r                   
  gather_unit/g_out_bufs_0__out_buf/data_out[2059] (net)                                                                  0.00       0.41 r                   
  gather_unit/g_out_bufs_0__out_buf/data_out[2059] (VX_elastic_buffer_23)                                                 0.00       0.41 r                   
  gather_unit/commit_if_0__data[2058] (net)                                                                               0.00       0.41 r                   
  gather_unit/commit_if_0__data[2058] (VX_gather_unit_h_804_242_940)                                                      0.00       0.41 r                   
  commit_if_0__data[2058] (net)                                                                                           0.00       0.41 r                   
  commit_if_0__data[2058] (out)                                                                                 0.24      0.01 *     0.42 r                   
  data arrival time                                                                                                                  0.42                     

  clock CLK (rise edge)                                                                                                   9.90       9.90                     
  clock network delay (ideal)                                                                                             0.00       9.90                     
  output external delay                                                                                                   0.00       9.90                     
  data required time                                                                                                                 9.90                     
  -------------------------------------------------------------------------------------------------------------------------------------------------------------------------
  data required time                                                                                                                 9.90                     
  data arrival time                                                                                                                 -0.42                     
  -------------------------------------------------------------------------------------------------------------------------------------------------------------------------
  slack (MET)                                                                                                                        9.48                     


  Startpoint: gather_unit/g_out_bufs_0__out_buf/g_eb2_stream_buffer/g_buffer_data_out_r_reg_2016_
              (rising edge-triggered flip-flop clocked by CLK)
  Endpoint: commit_if_0__data[2015]
            (output port clocked by CLK)
  Scenario: mode_norm.OC_rvt_ss_0p900v_125c
  Path Group: REGOUT
  Path Type: max

Attributes:
    d - dont_touch
    u - dont_use
   mo - map_only
   so - size_only
    i - ideal_net or ideal_network
  inf - infeasible path

  Point                                                                                             Fanout     Trans      Incr       Path      Attributes     Voltage
  -------------------------------------------------------------------------------------------------------------------------------------------------------------------------
  clock CLK (rise edge)                                                                                                   0.00       0.00                     
  clock network delay (ideal)                                                                                             0.00       0.00                     
  gather_unit/g_out_bufs_0__out_buf/g_eb2_stream_buffer/g_buffer_data_out_r_reg_2016_/CK (DFFQ_X0P5M_A9TR)      0.00      0.00       0.00 r                   0.90
  gather_unit/g_out_bufs_0__out_buf/g_eb2_stream_buffer/g_buffer_data_out_r_reg_2016_/Q (DFFQ_X0P5M_A9TR)       0.30      0.26       0.26 r                   0.90
  gather_unit/g_out_bufs_0__out_buf/g_eb2_stream_buffer/data_out[2016] (net)                          1                   0.00       0.26 r                   
  gather_unit/g_out_bufs_0__out_buf/g_eb2_stream_buffer/data_out[2016] (VX_stream_buffer_2155_1)                          0.00       0.26 r                   
  gather_unit/g_out_bufs_0__out_buf/g_eb2_data_out_t[2016] (net)                                                          0.00       0.26 r                   
  gather_unit/g_out_bufs_0__out_buf/g_eb2_out_buf/data_in[2016] (VX_pipe_buffer_19)                                       0.00       0.26 r                   
  gather_unit/g_out_bufs_0__out_buf/g_eb2_out_buf/data_in[2016] (net)                                                     0.00       0.26 r                   
  gather_unit/g_out_bufs_0__out_buf/g_eb2_out_buf/U80/Y (BUF_X1M_A9TR)                                          0.14      0.16 *     0.42 r                   0.90
  gather_unit/g_out_bufs_0__out_buf/g_eb2_out_buf/data_out[2016] (net)                                1                   0.00       0.42 r                   
  gather_unit/g_out_bufs_0__out_buf/g_eb2_out_buf/data_out[2016] (VX_pipe_buffer_19)                                      0.00       0.42 r                   
  gather_unit/g_out_bufs_0__out_buf/data_out[2016] (net)                                                                  0.00       0.42 r                   
  gather_unit/g_out_bufs_0__out_buf/data_out[2016] (VX_elastic_buffer_23)                                                 0.00       0.42 r                   
  gather_unit/commit_if_0__data[2015] (net)                                                                               0.00       0.42 r                   
  gather_unit/commit_if_0__data[2015] (VX_gather_unit_h_804_242_940)                                                      0.00       0.42 r                   
  commit_if_0__data[2015] (net)                                                                                           0.00       0.42 r                   
  commit_if_0__data[2015] (out)                                                                                 0.14      0.00 *     0.42 r                   
  data arrival time                                                                                                                  0.42                     

  clock CLK (rise edge)                                                                                                   9.90       9.90                     
  clock network delay (ideal)                                                                                             0.00       9.90                     
  output external delay                                                                                                   0.00       9.90                     
  data required time                                                                                                                 9.90                     
  -------------------------------------------------------------------------------------------------------------------------------------------------------------------------
  data required time                                                                                                                 9.90                     
  data arrival time                                                                                                                 -0.42                     
  -------------------------------------------------------------------------------------------------------------------------------------------------------------------------
  slack (MET)                                                                                                                        9.48                     


  Startpoint: gather_unit/g_out_bufs_0__out_buf/g_eb2_stream_buffer/g_buffer_data_out_r_reg_2053_
              (rising edge-triggered flip-flop clocked by CLK)
  Endpoint: commit_if_0__data[2052]
            (output port clocked by CLK)
  Scenario: mode_norm.OC_rvt_ss_0p900v_125c
  Path Group: REGOUT
  Path Type: max

Attributes:
    d - dont_touch
    u - dont_use
   mo - map_only
   so - size_only
    i - ideal_net or ideal_network
  inf - infeasible path

  Point                                                                                             Fanout     Trans      Incr       Path      Attributes     Voltage
  -------------------------------------------------------------------------------------------------------------------------------------------------------------------------
  clock CLK (rise edge)                                                                                                   0.00       0.00                     
  clock network delay (ideal)                                                                                             0.00       0.00                     
  gather_unit/g_out_bufs_0__out_buf/g_eb2_stream_buffer/g_buffer_data_out_r_reg_2053_/CK (DFFQ_X0P5M_A9TR)      0.00      0.00       0.00 r                   0.90
  gather_unit/g_out_bufs_0__out_buf/g_eb2_stream_buffer/g_buffer_data_out_r_reg_2053_/Q (DFFQ_X0P5M_A9TR)       0.20      0.20       0.20 r                   0.90
  gather_unit/g_out_bufs_0__out_buf/g_eb2_stream_buffer/data_out[2053] (net)                          1                   0.00       0.20 r                   
  gather_unit/g_out_bufs_0__out_buf/g_eb2_stream_buffer/data_out[2053] (VX_stream_buffer_2155_1)                          0.00       0.20 r                   
  gather_unit/g_out_bufs_0__out_buf/g_eb2_data_out_t[2053] (net)                                                          0.00       0.20 r                   
  gather_unit/g_out_bufs_0__out_buf/g_eb2_out_buf/data_in[2053] (VX_pipe_buffer_19)                                       0.00       0.20 r                   
  gather_unit/g_out_bufs_0__out_buf/g_eb2_out_buf/data_in[2053] (net)                                                     0.00       0.20 r                   
  gather_unit/g_out_bufs_0__out_buf/g_eb2_out_buf/U8/Y (BUF_X1M_A9TR)                                           0.24      0.20 *     0.41 r                   0.90
  gather_unit/g_out_bufs_0__out_buf/g_eb2_out_buf/data_out[2053] (net)                                1                   0.00       0.41 r                   
  gather_unit/g_out_bufs_0__out_buf/g_eb2_out_buf/data_out[2053] (VX_pipe_buffer_19)                                      0.00       0.41 r                   
  gather_unit/g_out_bufs_0__out_buf/data_out[2053] (net)                                                                  0.00       0.41 r                   
  gather_unit/g_out_bufs_0__out_buf/data_out[2053] (VX_elastic_buffer_23)                                                 0.00       0.41 r                   
  gather_unit/commit_if_0__data[2052] (net)                                                                               0.00       0.41 r                   
  gather_unit/commit_if_0__data[2052] (VX_gather_unit_h_804_242_940)                                                      0.00       0.41 r                   
  commit_if_0__data[2052] (net)                                                                                           0.00       0.41 r                   
  commit_if_0__data[2052] (out)                                                                                 0.24      0.01 *     0.42 r                   
  data arrival time                                                                                                                  0.42                     

  clock CLK (rise edge)                                                                                                   9.90       9.90                     
  clock network delay (ideal)                                                                                             0.00       9.90                     
  output external delay                                                                                                   0.00       9.90                     
  data required time                                                                                                                 9.90                     
  -------------------------------------------------------------------------------------------------------------------------------------------------------------------------
  data required time                                                                                                                 9.90                     
  data arrival time                                                                                                                 -0.42                     
  -------------------------------------------------------------------------------------------------------------------------------------------------------------------------
  slack (MET)                                                                                                                        9.48                     


  Startpoint: gather_unit/g_out_bufs_0__out_buf/g_eb2_stream_buffer/g_buffer_data_out_r_reg_2054_
              (rising edge-triggered flip-flop clocked by CLK)
  Endpoint: commit_if_0__data[2053]
            (output port clocked by CLK)
  Scenario: mode_norm.OC_rvt_ss_0p900v_125c
  Path Group: REGOUT
  Path Type: max

Attributes:
    d - dont_touch
    u - dont_use
   mo - map_only
   so - size_only
    i - ideal_net or ideal_network
  inf - infeasible path

  Point                                                                                             Fanout     Trans      Incr       Path      Attributes     Voltage
  -------------------------------------------------------------------------------------------------------------------------------------------------------------------------
  clock CLK (rise edge)                                                                                                   0.00       0.00                     
  clock network delay (ideal)                                                                                             0.00       0.00                     
  gather_unit/g_out_bufs_0__out_buf/g_eb2_stream_buffer/g_buffer_data_out_r_reg_2054_/CK (DFFQ_X0P5M_A9TR)      0.00      0.00       0.00 r                   0.90
  gather_unit/g_out_bufs_0__out_buf/g_eb2_stream_buffer/g_buffer_data_out_r_reg_2054_/Q (DFFQ_X0P5M_A9TR)       0.20      0.20       0.20 r                   0.90
  gather_unit/g_out_bufs_0__out_buf/g_eb2_stream_buffer/data_out[2054] (net)                          1                   0.00       0.20 r                   
  gather_unit/g_out_bufs_0__out_buf/g_eb2_stream_buffer/data_out[2054] (VX_stream_buffer_2155_1)                          0.00       0.20 r                   
  gather_unit/g_out_bufs_0__out_buf/g_eb2_data_out_t[2054] (net)                                                          0.00       0.20 r                   
  gather_unit/g_out_bufs_0__out_buf/g_eb2_out_buf/data_in[2054] (VX_pipe_buffer_19)                                       0.00       0.20 r                   
  gather_unit/g_out_bufs_0__out_buf/g_eb2_out_buf/data_in[2054] (net)                                                     0.00       0.20 r                   
  gather_unit/g_out_bufs_0__out_buf/g_eb2_out_buf/U9/Y (BUF_X1M_A9TR)                                           0.24      0.20 *     0.41 r                   0.90
  gather_unit/g_out_bufs_0__out_buf/g_eb2_out_buf/data_out[2054] (net)                                1                   0.00       0.41 r                   
  gather_unit/g_out_bufs_0__out_buf/g_eb2_out_buf/data_out[2054] (VX_pipe_buffer_19)                                      0.00       0.41 r                   
  gather_unit/g_out_bufs_0__out_buf/data_out[2054] (net)                                                                  0.00       0.41 r                   
  gather_unit/g_out_bufs_0__out_buf/data_out[2054] (VX_elastic_buffer_23)                                                 0.00       0.41 r                   
  gather_unit/commit_if_0__data[2053] (net)                                                                               0.00       0.41 r                   
  gather_unit/commit_if_0__data[2053] (VX_gather_unit_h_804_242_940)                                                      0.00       0.41 r                   
  commit_if_0__data[2053] (net)                                                                                           0.00       0.41 r                   
  commit_if_0__data[2053] (out)                                                                                 0.24      0.01 *     0.42 r                   
  data arrival time                                                                                                                  0.42                     

  clock CLK (rise edge)                                                                                                   9.90       9.90                     
  clock network delay (ideal)                                                                                             0.00       9.90                     
  output external delay                                                                                                   0.00       9.90                     
  data required time                                                                                                                 9.90                     
  -------------------------------------------------------------------------------------------------------------------------------------------------------------------------
  data required time                                                                                                                 9.90                     
  data arrival time                                                                                                                 -0.42                     
  -------------------------------------------------------------------------------------------------------------------------------------------------------------------------
  slack (MET)                                                                                                                        9.48                     


1
