Information: Propagating switching activity (high effort zero delay simulation). (PWR-6)
Warning: Design has unannotated primary inputs. (PWR-414)
Warning: Design has unannotated sequential cell outputs. (PWR-415)
Warning: Design has unannotated black box outputs. (PWR-428)
 
****************************************
Report : power
        -hier
        -analysis_effort high
        -verbose
Design : VX_axi_adapter
Scenario(s): mode_norm.OC_rvt_ss_0p900v_125c
Version: V-2023.12-SP5-3
Date   : Tue May 12 01:17:18 2026
****************************************


Library(s) Used:

    sc9_cmos28lpp_base_rvt_ss_nominal_max_0p900v_125c_sadhm (File: /tool/PDK/Samsung/LN28LPP_202203/PRIMITIVES/RVT/ln28lpp_sc_9t_base_rvt_c130_V1.00d/FE-Common/LIBERTY/sc9_cmos28lpp_base_rvt_ss_nominal_max_0p900v_125c_sadhm.db)


Global Operating Voltage = 0.9  
Power-specific unit information :
    Voltage Units = 1V
    Capacitance Units = 1.000000pf
    Time Units = 1ns
    Dynamic Power Units = 1mW    (derived from V,C,T units)
    Leakage Power Units = 1uW


--------------------------------------------------------------------------------
                                       Switch   Int      Leak     Total
Hierarchy                              Power    Power    Power    Power    %
--------------------------------------------------------------------------------
VX_axi_adapter                           18.350   17.005 3.36e+03   38.717 100.0
  rsp_xbar (VX_stream_xbar_1)            13.231   10.034 2.46e+03   25.727  66.4
    g_multi_inputs_g_multiple_outputs_g_xbar_arbs_15__xbar_arb (VX_stream_arb_1_0)    0.694    0.644  149.304    1.487   3.8
      g_input_select_g_fanout_fanout_join_arb (VX_stream_arb_5_0)    0.277 2.71e-02    9.885    0.314   0.8
        g_input_select_g_arbiter_g_out_buf_0__out_buf (VX_elastic_buffer_521_0_0_0_0)    0.109 1.03e-02    3.504    0.122   0.3
        g_input_select_g_arbiter_arbiter (VX_generic_arbiter_2_0) 6.38e-04 1.02e-03    0.177 1.83e-03   0.0
          g_round_robin_rr_arbiter (VX_rr_arbiter_2_0) 6.38e-04 1.02e-03    0.177 1.83e-03   0.0
            g_model1_onehot_encoder (VX_onehot_encoder_2_0) 3.02e-04 5.34e-05 2.01e-02 3.76e-04   0.0
      g_input_select_g_fanout_g_slice_arbs_3__fanout_slice_arb (VX_stream_arb_4_0) 9.76e-02    0.149   34.285    0.281   0.7
        g_input_select_g_arbiter_g_out_buf_0__out_buf (VX_elastic_buffer_519_2_1_0_0) 6.34e-02    0.136   24.086    0.224   0.6
          g_eb2_out_buf (VX_pipe_buffer_1_0) 8.58e-03 3.58e-03    3.472 1.56e-02   0.0
          g_eb2_stream_buffer (VX_stream_buffer_519_1_0) 5.48e-02    0.133   20.614    0.208   0.5
        g_input_select_g_arbiter_arbiter (VX_generic_arbiter_0) 7.32e-04 3.31e-04    0.366 1.43e-03   0.0
          g_round_robin_rr_arbiter (VX_rr_arbiter_0) 7.32e-04 3.31e-04    0.366 1.43e-03   0.0
            g_model1_onehot_encoder (VX_onehot_encoder_0) 5.37e-04 4.44e-05 5.27e-02 6.34e-04   0.0
      g_input_select_g_fanout_g_slice_arbs_2__fanout_slice_arb (VX_stream_arb_4_1)    0.146    0.159   37.555    0.342   0.9
        g_input_select_g_arbiter_g_out_buf_0__out_buf (VX_elastic_buffer_519_2_1_0_1)    0.116    0.146   27.804    0.290   0.8
          g_eb2_out_buf (VX_pipe_buffer_1_1) 8.26e-03 3.74e-03    3.458 1.55e-02   0.0
          g_eb2_stream_buffer (VX_stream_buffer_519_1_1)    0.108    0.142   24.346    0.275   0.7
        g_input_select_g_arbiter_arbiter (VX_generic_arbiter_3) 1.88e-03 3.63e-04    0.391 2.64e-03   0.0
          g_round_robin_rr_arbiter (VX_rr_arbiter_3) 1.45e-03 3.44e-04    0.379 2.18e-03   0.0
            g_model1_onehot_encoder (VX_onehot_encoder_3) 1.26e-03 6.21e-05 6.39e-02 1.39e-03   0.0
      g_input_select_g_fanout_g_slice_arbs_1__fanout_slice_arb (VX_stream_arb_4_2) 7.57e-02    0.152   33.621    0.261   0.7
        g_input_select_g_arbiter_g_out_buf_0__out_buf (VX_elastic_buffer_519_2_1_0_2) 4.81e-02    0.140   24.101    0.212   0.5
          g_eb2_out_buf (VX_pipe_buffer_1_2) 3.34e-03 3.45e-03    3.474 1.03e-02   0.0
          g_eb2_stream_buffer (VX_stream_buffer_519_1_2) 4.47e-02    0.137   20.627    0.202   0.5
        g_input_select_g_arbiter_arbiter (VX_generic_arbiter_4) 9.14e-04 3.34e-04    0.374 1.62e-03   0.0
          g_round_robin_rr_arbiter (VX_rr_arbiter_4) 9.14e-04 3.34e-04    0.374 1.62e-03   0.0
            g_model1_onehot_encoder (VX_onehot_encoder_4) 7.23e-04 4.69e-05 5.68e-02 8.27e-04   0.0
      g_input_select_g_fanout_g_slice_arbs_0__fanout_slice_arb (VX_stream_arb_4_3) 9.80e-02    0.157   33.958    0.289   0.7
        g_input_select_g_arbiter_g_out_buf_0__out_buf (VX_elastic_buffer_519_2_1_0_3) 6.77e-02    0.144   24.079    0.236   0.6
          g_eb2_out_buf (VX_pipe_buffer_1_3) 6.51e-03 3.87e-03    3.474 1.39e-02   0.0
          g_eb2_stream_buffer (VX_stream_buffer_519_1_3) 6.12e-02    0.140   20.605    0.222   0.6
        g_input_select_g_arbiter_arbiter (VX_generic_arbiter_5) 1.95e-03 3.76e-04    0.397 2.72e-03   0.0
          g_round_robin_rr_arbiter (VX_rr_arbiter_5) 1.46e-03 3.58e-04    0.384 2.20e-03   0.0
            g_model1_onehot_encoder (VX_onehot_encoder_5) 5.46e-04 4.39e-05 4.80e-02 6.38e-04   0.0
    g_multi_inputs_g_multiple_outputs_g_xbar_arbs_14__xbar_arb (VX_stream_arb_1_1)    0.684    0.620  150.440    1.454   3.8
      g_input_select_g_fanout_fanout_join_arb (VX_stream_arb_5_1)    0.264 2.63e-02    9.926    0.300   0.8
        g_input_select_g_arbiter_g_out_buf_0__out_buf (VX_elastic_buffer_521_0_0_0_1) 9.98e-02 9.98e-03    3.506    0.113   0.3
        g_input_select_g_arbiter_arbiter (VX_generic_arbiter_2_1) 5.18e-04 1.01e-03    0.176 1.70e-03   0.0
          g_round_robin_rr_arbiter (VX_rr_arbiter_2_1) 5.18e-04 1.01e-03    0.176 1.70e-03   0.0
            g_model1_onehot_encoder (VX_onehot_encoder_2_1) 1.93e-04 4.49e-05 1.88e-02 2.57e-04   0.0
      g_input_select_g_fanout_g_slice_arbs_3__fanout_slice_arb (VX_stream_arb_4_4) 9.78e-02    0.141   34.477    0.274   0.7
        g_input_select_g_arbiter_g_out_buf_0__out_buf (VX_elastic_buffer_519_2_1_0_4) 6.02e-02    0.128   24.039    0.212   0.5
          g_eb2_out_buf (VX_pipe_buffer_1_4) 9.04e-03 3.44e-03    3.473 1.60e-02   0.0
          g_eb2_stream_buffer (VX_stream_buffer_519_1_4) 5.11e-02    0.125   20.566    0.196   0.5
        g_input_select_g_arbiter_arbiter (VX_generic_arbiter_6) 6.86e-04 3.17e-04    0.366 1.37e-03   0.0
          g_round_robin_rr_arbiter (VX_rr_arbiter_6) 6.86e-04 3.17e-04    0.366 1.37e-03   0.0
            g_model1_onehot_encoder (VX_onehot_encoder_6) 4.90e-04 4.35e-05 5.27e-02 5.86e-04   0.0
      g_input_select_g_fanout_g_slice_arbs_2__fanout_slice_arb (VX_stream_arb_4_5)    0.145    0.153   37.455    0.335   0.9
        g_input_select_g_arbiter_g_out_buf_0__out_buf (VX_elastic_buffer_519_2_1_0_5)    0.113    0.140   27.399    0.280   0.7
          g_eb2_out_buf (VX_pipe_buffer_1_5) 1.11e-02 3.51e-03    3.441 1.80e-02   0.0
          g_eb2_stream_buffer (VX_stream_buffer_519_1_5)    0.102    0.136   23.958    0.262   0.7
        g_input_select_g_arbiter_arbiter (VX_generic_arbiter_7) 2.14e-03 3.67e-04    0.401 2.91e-03   0.0
          g_round_robin_rr_arbiter (VX_rr_arbiter_7) 2.14e-03 3.67e-04    0.401 2.91e-03   0.0
            g_model1_onehot_encoder (VX_onehot_encoder_7) 1.13e-03 5.93e-05 6.11e-02 1.25e-03   0.0
      g_input_select_g_fanout_g_slice_arbs_1__fanout_slice_arb (VX_stream_arb_4_6) 7.51e-02    0.147   33.822    0.256   0.7
        g_input_select_g_arbiter_g_out_buf_0__out_buf (VX_elastic_buffer_519_2_1_0_6) 4.60e-02    0.135   24.011    0.205   0.5
          g_eb2_out_buf (VX_pipe_buffer_1_6) 3.22e-03 3.35e-03    3.473 1.00e-02   0.0
          g_eb2_stream_buffer (VX_stream_buffer_519_1_6) 4.27e-02    0.132   20.538    0.195   0.5
        g_input_select_g_arbiter_arbiter (VX_generic_arbiter_8) 8.67e-04 3.23e-04    0.375 1.56e-03   0.0
          g_round_robin_rr_arbiter (VX_rr_arbiter_8) 8.67e-04 3.23e-04    0.375 1.56e-03   0.0
            g_model1_onehot_encoder (VX_onehot_encoder_8) 6.82e-04 4.58e-05 5.83e-02 7.86e-04   0.0
      g_input_select_g_fanout_g_slice_arbs_0__fanout_slice_arb (VX_stream_arb_4_7)    0.102    0.152   34.760    0.289   0.7
        g_input_select_g_arbiter_g_out_buf_0__out_buf (VX_elastic_buffer_519_2_1_0_7) 6.37e-02    0.139   24.064    0.227   0.6
          g_eb2_out_buf (VX_pipe_buffer_1_7) 6.94e-03 3.67e-03    3.473 1.41e-02   0.0
          g_eb2_stream_buffer (VX_stream_buffer_519_1_7) 5.68e-02    0.136   20.591    0.213   0.5
        g_input_select_g_arbiter_arbiter (VX_generic_arbiter_9) 1.51e-03 3.63e-04    0.389 2.26e-03   0.0
          g_round_robin_rr_arbiter (VX_rr_arbiter_9) 1.09e-03 3.44e-04    0.377 1.81e-03   0.0
            g_model1_onehot_encoder (VX_onehot_encoder_9) 5.24e-04 4.39e-05 4.80e-02 6.16e-04   0.0
    g_multi_inputs_g_multiple_outputs_g_xbar_arbs_13__xbar_arb (VX_stream_arb_1_2)    0.682    0.617  149.676    1.448   3.7
      g_input_select_g_fanout_fanout_join_arb (VX_stream_arb_5_2)    0.268 2.65e-02    9.926    0.304   0.8
        g_input_select_g_arbiter_g_out_buf_0__out_buf (VX_elastic_buffer_521_0_0_0_2) 9.93e-02 1.01e-02    3.507    0.113   0.3
        g_input_select_g_arbiter_arbiter (VX_generic_arbiter_2_2) 5.34e-04 1.04e-03    0.176 1.75e-03   0.0
          g_round_robin_rr_arbiter (VX_rr_arbiter_2_2) 5.34e-04 1.04e-03    0.176 1.75e-03   0.0
            g_model1_onehot_encoder (VX_onehot_encoder_2_2) 2.04e-04 4.55e-05 1.87e-02 2.68e-04   0.0
      g_input_select_g_fanout_g_slice_arbs_3__fanout_slice_arb (VX_stream_arb_4_8) 9.54e-02    0.137   34.343    0.266   0.7
        g_input_select_g_arbiter_g_out_buf_0__out_buf (VX_elastic_buffer_519_2_1_0_8) 5.97e-02    0.124   24.042    0.208   0.5
          g_eb2_out_buf (VX_pipe_buffer_1_8) 9.62e-03 3.35e-03    3.474 1.64e-02   0.0
          g_eb2_stream_buffer (VX_stream_buffer_519_1_8) 5.01e-02    0.120   20.568    0.191   0.5
        g_input_select_g_arbiter_arbiter (VX_generic_arbiter_10) 6.68e-04 3.17e-04    0.368 1.35e-03   0.0
          g_round_robin_rr_arbiter (VX_rr_arbiter_10) 6.68e-04 3.17e-04    0.368 1.35e-03   0.0
            g_model1_onehot_encoder (VX_onehot_encoder_10) 4.68e-04 4.34e-05 5.42e-02 5.65e-04   0.0
      g_input_select_g_fanout_g_slice_arbs_2__fanout_slice_arb (VX_stream_arb_4_9)    0.141    0.150   37.210    0.328   0.8
        g_input_select_g_arbiter_g_out_buf_0__out_buf (VX_elastic_buffer_519_2_1_0_9)    0.112    0.138   27.514    0.277   0.7
          g_eb2_out_buf (VX_pipe_buffer_1_9) 1.02e-02 3.47e-03    3.444 1.71e-02   0.0
          g_eb2_stream_buffer (VX_stream_buffer_519_1_9)    0.101    0.134   24.070    0.260   0.7
        g_input_select_g_arbiter_arbiter (VX_generic_arbiter_11) 1.90e-03 3.64e-04    0.391 2.65e-03   0.0
          g_round_robin_rr_arbiter (VX_rr_arbiter_11) 1.47e-03 3.46e-04    0.378 2.20e-03   0.0
            g_model1_onehot_encoder (VX_onehot_encoder_11) 6.31e-04 4.05e-05 5.15e-02 7.23e-04   0.0
      g_input_select_g_fanout_g_slice_arbs_1__fanout_slice_arb (VX_stream_arb_4_10) 7.63e-02    0.147   33.821    0.257   0.7
        g_input_select_g_arbiter_g_out_buf_0__out_buf (VX_elastic_buffer_519_2_1_0_10) 4.66e-02    0.135   24.077    0.205   0.5
          g_eb2_out_buf (VX_pipe_buffer_1_10) 3.48e-03 3.39e-03    3.474 1.03e-02   0.0
          g_eb2_stream_buffer (VX_stream_buffer_519_1_10) 4.31e-02    0.131   20.603    0.195   0.5
        g_input_select_g_arbiter_arbiter (VX_generic_arbiter_12) 1.07e-03 3.33e-04    0.378 1.78e-03   0.0
          g_round_robin_rr_arbiter (VX_rr_arbiter_12) 1.07e-03 3.33e-04    0.378 1.78e-03   0.0
            g_model1_onehot_encoder (VX_onehot_encoder_12) 8.58e-04 5.18e-05 6.19e-02 9.72e-04   0.0
      g_input_select_g_fanout_g_slice_arbs_0__fanout_slice_arb (VX_stream_arb_4_11)    0.102    0.157   34.375    0.293   0.8
        g_input_select_g_arbiter_g_out_buf_0__out_buf (VX_elastic_buffer_519_2_1_0_11) 6.49e-02    0.143   24.004    0.232   0.6
          g_eb2_out_buf (VX_pipe_buffer_1_11) 7.27e-03 3.72e-03    3.473 1.45e-02   0.0
          g_eb2_stream_buffer (VX_stream_buffer_519_1_11) 5.77e-02    0.140   20.530    0.218   0.6
        g_input_select_g_arbiter_arbiter (VX_generic_arbiter_13) 1.49e-03 3.54e-04    0.385 2.23e-03   0.0
          g_round_robin_rr_arbiter (VX_rr_arbiter_13) 1.07e-03 3.35e-04    0.373 1.77e-03   0.0
            g_model1_onehot_encoder (VX_onehot_encoder_13) 5.08e-04 3.85e-05 4.39e-02 5.90e-04   0.0
    g_multi_inputs_g_multiple_outputs_g_xbar_arbs_12__xbar_arb (VX_stream_arb_1_3)    0.686    0.621  150.475    1.458   3.8
      g_input_select_g_fanout_fanout_join_arb (VX_stream_arb_5_3)    0.264 2.62e-02    9.774    0.300   0.8
        g_input_select_g_arbiter_g_out_buf_0__out_buf (VX_elastic_buffer_521_0_0_0_3)    0.102 1.01e-02    3.509    0.115   0.3
        g_input_select_g_arbiter_arbiter (VX_generic_arbiter_2_3) 5.26e-04 1.04e-03    0.176 1.74e-03   0.0
          g_round_robin_rr_arbiter (VX_rr_arbiter_2_3) 5.26e-04 1.04e-03    0.176 1.74e-03   0.0
            g_model1_onehot_encoder (VX_onehot_encoder_2_3) 1.92e-04 4.52e-05 1.88e-02 2.56e-04   0.0
      g_input_select_g_fanout_g_slice_arbs_3__fanout_slice_arb (VX_stream_arb_4_12) 9.79e-02    0.139   34.475    0.272   0.7
        g_input_select_g_arbiter_g_out_buf_0__out_buf (VX_elastic_buffer_519_2_1_0_12) 6.16e-02    0.126   24.084    0.212   0.5
          g_eb2_out_buf (VX_pipe_buffer_1_12) 1.08e-02 3.39e-03    3.474 1.76e-02   0.0
          g_eb2_stream_buffer (VX_stream_buffer_519_1_12) 5.08e-02    0.123   20.610    0.195   0.5
        g_input_select_g_arbiter_arbiter (VX_generic_arbiter_14) 6.57e-04 3.25e-04    0.366 1.35e-03   0.0
          g_round_robin_rr_arbiter (VX_rr_arbiter_14) 6.57e-04 3.25e-04    0.366 1.35e-03   0.0
            g_model1_onehot_encoder (VX_onehot_encoder_14) 4.57e-04 4.32e-05 5.27e-02 5.53e-04   0.0
      g_input_select_g_fanout_g_slice_arbs_2__fanout_slice_arb (VX_stream_arb_4_13)    0.141    0.153   37.363    0.332   0.9
        g_input_select_g_arbiter_g_out_buf_0__out_buf (VX_elastic_buffer_519_2_1_0_13)    0.109    0.141   27.397    0.277   0.7
          g_eb2_out_buf (VX_pipe_buffer_1_13) 9.22e-03 3.44e-03    3.441 1.61e-02   0.0
          g_eb2_stream_buffer (VX_stream_buffer_519_1_13)    0.100    0.137   23.955    0.261   0.7
        g_input_select_g_arbiter_arbiter (VX_generic_arbiter_15) 2.17e-03 3.69e-04    0.402 2.95e-03   0.0
          g_round_robin_rr_arbiter (VX_rr_arbiter_15) 1.97e-03 3.59e-04    0.395 2.72e-03   0.0
            g_model1_onehot_encoder (VX_onehot_encoder_15) 1.16e-03 5.92e-05 5.96e-02 1.28e-03   0.0
      g_input_select_g_fanout_g_slice_arbs_1__fanout_slice_arb (VX_stream_arb_4_14) 7.93e-02    0.150   34.059    0.263   0.7
        g_input_select_g_arbiter_g_out_buf_0__out_buf (VX_elastic_buffer_519_2_1_0_14) 4.76e-02    0.137   24.036    0.209   0.5
          g_eb2_out_buf (VX_pipe_buffer_1_14) 3.30e-03 3.39e-03    3.474 1.02e-02   0.0
          g_eb2_stream_buffer (VX_stream_buffer_519_1_14) 4.43e-02    0.134   20.563    0.199   0.5
        g_input_select_g_arbiter_arbiter (VX_generic_arbiter_16) 9.94e-04 3.32e-04    0.378 1.70e-03   0.0
          g_round_robin_rr_arbiter (VX_rr_arbiter_16) 9.94e-04 3.32e-04    0.378 1.70e-03   0.0
            g_model1_onehot_encoder (VX_onehot_encoder_16) 8.00e-04 5.20e-05 6.18e-02 9.13e-04   0.0
      g_input_select_g_fanout_g_slice_arbs_0__fanout_slice_arb (VX_stream_arb_4_15)    0.104    0.153   34.804    0.291   0.8
        g_input_select_g_arbiter_g_out_buf_0__out_buf (VX_elastic_buffer_519_2_1_0_15) 6.34e-02    0.139   24.039    0.227   0.6
          g_eb2_out_buf (VX_pipe_buffer_1_15) 5.73e-03 3.68e-03    3.474 1.29e-02   0.0
          g_eb2_stream_buffer (VX_stream_buffer_519_1_15) 5.76e-02    0.136   20.565    0.214   0.6
        g_input_select_g_arbiter_arbiter (VX_generic_arbiter_17) 1.47e-03 3.60e-04    0.387 2.21e-03   0.0
          g_round_robin_rr_arbiter (VX_rr_arbiter_17) 1.05e-03 3.42e-04    0.375 1.76e-03   0.0
            g_model1_onehot_encoder (VX_onehot_encoder_17) 4.95e-04 3.86e-05 4.54e-02 5.79e-04   0.0
    g_multi_inputs_g_multiple_outputs_g_xbar_arbs_11__xbar_arb (VX_stream_arb_1_4)    0.743    0.626  149.988    1.518   3.9
      g_input_select_g_fanout_fanout_join_arb (VX_stream_arb_5_4)    0.151 2.39e-02    8.683    0.183   0.5
        g_input_select_g_arbiter_g_out_buf_0__out_buf (VX_elastic_buffer_521_0_0_0_4) 5.46e-02 9.08e-03    3.473 6.71e-02   0.2
        g_input_select_g_arbiter_arbiter (VX_generic_arbiter_2_4) 4.83e-04 1.03e-03    0.176 1.69e-03   0.0
          g_round_robin_rr_arbiter (VX_rr_arbiter_2_4) 4.83e-04 1.03e-03    0.176 1.69e-03   0.0
            g_model1_onehot_encoder (VX_onehot_encoder_2_4) 1.54e-04 4.55e-05 1.88e-02 2.18e-04   0.0
      g_input_select_g_fanout_g_slice_arbs_3__fanout_slice_arb (VX_stream_arb_4_16)    0.184    0.147   35.725    0.366   0.9
        g_input_select_g_arbiter_g_out_buf_0__out_buf (VX_elastic_buffer_519_2_1_0_16)    0.101    0.133   24.764    0.258   0.7
          g_eb2_out_buf (VX_pipe_buffer_1_16) 2.06e-02 3.29e-03    3.472 2.73e-02   0.1
          g_eb2_stream_buffer (VX_stream_buffer_519_1_16) 8.00e-02    0.129   21.291    0.231   0.6
        g_input_select_g_arbiter_arbiter (VX_generic_arbiter_18) 7.52e-04 3.19e-04    0.365 1.44e-03   0.0
          g_round_robin_rr_arbiter (VX_rr_arbiter_18) 7.52e-04 3.19e-04    0.365 1.44e-03   0.0
            g_model1_onehot_encoder (VX_onehot_encoder_18) 5.60e-04 4.44e-05 5.28e-02 6.57e-04   0.0
      g_input_select_g_fanout_g_slice_arbs_2__fanout_slice_arb (VX_stream_arb_4_17)    0.159    0.146   35.156    0.340   0.9
        g_input_select_g_arbiter_g_out_buf_0__out_buf (VX_elastic_buffer_519_2_1_0_17) 6.15e-02    0.132   24.045    0.217   0.6
          g_eb2_out_buf (VX_pipe_buffer_1_17) 1.42e-02 3.30e-03    3.472 2.09e-02   0.1
          g_eb2_stream_buffer (VX_stream_buffer_519_1_17) 4.74e-02    0.129   20.572    0.197   0.5
        g_input_select_g_arbiter_arbiter (VX_generic_arbiter_19) 1.82e-03 3.64e-04    0.402 2.59e-03   0.0
          g_round_robin_rr_arbiter (VX_rr_arbiter_19) 1.82e-03 3.64e-04    0.402 2.59e-03   0.0
            g_model1_onehot_encoder (VX_onehot_encoder_19) 1.63e-03 8.51e-05 8.55e-02 1.80e-03   0.0
      g_input_select_g_fanout_g_slice_arbs_1__fanout_slice_arb (VX_stream_arb_4_18)    0.129    0.152   35.122    0.316   0.8
        g_input_select_g_arbiter_g_out_buf_0__out_buf (VX_elastic_buffer_519_2_1_0_18) 5.06e-02    0.138   24.065    0.213   0.5
          g_eb2_out_buf (VX_pipe_buffer_1_18) 8.35e-03 3.32e-03    3.473 1.51e-02   0.0
          g_eb2_stream_buffer (VX_stream_buffer_519_1_18) 4.23e-02    0.135   20.592    0.198   0.5
        g_input_select_g_arbiter_arbiter (VX_generic_arbiter_20) 8.84e-04 3.40e-04    0.378 1.60e-03   0.0
          g_round_robin_rr_arbiter (VX_rr_arbiter_20) 8.84e-04 3.40e-04    0.378 1.60e-03   0.0
            g_model1_onehot_encoder (VX_onehot_encoder_20) 6.21e-04 4.63e-05 5.22e-02 7.19e-04   0.0
      g_input_select_g_fanout_g_slice_arbs_0__fanout_slice_arb (VX_stream_arb_4_19)    0.120    0.158   35.303    0.313   0.8
        g_input_select_g_arbiter_g_out_buf_0__out_buf (VX_elastic_buffer_519_2_1_0_19) 4.69e-02    0.144   24.081    0.215   0.6
          g_eb2_out_buf (VX_pipe_buffer_1_19) 2.09e-03 3.40e-03    3.473 8.96e-03   0.0
          g_eb2_stream_buffer (VX_stream_buffer_519_1_19) 4.48e-02    0.140   20.608    0.206   0.5
        g_input_select_g_arbiter_arbiter (VX_generic_arbiter_21) 1.46e-03 3.59e-04    0.383 2.20e-03   0.0
          g_round_robin_rr_arbiter (VX_rr_arbiter_21) 1.21e-03 3.43e-04    0.376 1.93e-03   0.0
            g_model1_onehot_encoder (VX_onehot_encoder_21) 6.33e-04 4.19e-05 4.98e-02 7.25e-04   0.0
    g_multi_inputs_g_multiple_outputs_g_xbar_arbs_10__xbar_arb (VX_stream_arb_1_5)    0.757    0.636  150.527    1.544   4.0
      g_input_select_g_fanout_fanout_join_arb (VX_stream_arb_5_5)    0.130 2.35e-02    8.580    0.162   0.4
        g_input_select_g_arbiter_g_out_buf_0__out_buf (VX_elastic_buffer_521_0_0_0_5) 4.69e-02 8.94e-03    3.473 5.93e-02   0.2
        g_input_select_g_arbiter_arbiter (VX_generic_arbiter_2_5) 4.91e-04 1.00e-03    0.176 1.67e-03   0.0
          g_round_robin_rr_arbiter (VX_rr_arbiter_2_5) 4.91e-04 1.00e-03    0.176 1.67e-03   0.0
            g_model1_onehot_encoder (VX_onehot_encoder_2_5) 1.69e-04 4.52e-05 1.88e-02 2.33e-04   0.0
      g_input_select_g_fanout_g_slice_arbs_3__fanout_slice_arb (VX_stream_arb_4_20)    0.196    0.152   35.922    0.384   1.0
        g_input_select_g_arbiter_g_out_buf_0__out_buf (VX_elastic_buffer_519_2_1_0_20)    0.127    0.139   25.380    0.291   0.8
          g_eb2_out_buf (VX_pipe_buffer_1_20) 2.08e-02 3.37e-03    3.475 2.76e-02   0.1
          g_eb2_stream_buffer (VX_stream_buffer_519_1_20)    0.106    0.135   21.905    0.263   0.7
        g_input_select_g_arbiter_arbiter (VX_generic_arbiter_22) 7.78e-04 3.16e-04    0.365 1.46e-03   0.0
          g_round_robin_rr_arbiter (VX_rr_arbiter_22) 7.78e-04 3.16e-04    0.365 1.46e-03   0.0
            g_model1_onehot_encoder (VX_onehot_encoder_22) 5.92e-04 4.37e-05 5.28e-02 6.89e-04   0.0
      g_input_select_g_fanout_g_slice_arbs_2__fanout_slice_arb (VX_stream_arb_4_21)    0.163    0.148   35.267    0.347   0.9
        g_input_select_g_arbiter_g_out_buf_0__out_buf (VX_elastic_buffer_519_2_1_0_21) 6.36e-02    0.134   24.131    0.222   0.6
          g_eb2_out_buf (VX_pipe_buffer_1_21) 1.69e-02 3.29e-03    3.472 2.36e-02   0.1
          g_eb2_stream_buffer (VX_stream_buffer_519_1_21) 4.67e-02    0.131   20.659    0.198   0.5
        g_input_select_g_arbiter_arbiter (VX_generic_arbiter_23) 1.51e-03 3.52e-04    0.392 2.25e-03   0.0
          g_round_robin_rr_arbiter (VX_rr_arbiter_23) 1.51e-03 3.52e-04    0.392 2.25e-03   0.0
            g_model1_onehot_encoder (VX_onehot_encoder_23) 9.36e-04 5.03e-05 6.18e-02 1.05e-03   0.0
      g_input_select_g_fanout_g_slice_arbs_1__fanout_slice_arb (VX_stream_arb_4_22)    0.144    0.154   35.488    0.333   0.9
        g_input_select_g_arbiter_g_out_buf_0__out_buf (VX_elastic_buffer_519_2_1_0_22) 4.78e-02    0.139   24.055    0.211   0.5
          g_eb2_out_buf (VX_pipe_buffer_1_22) 8.51e-03 3.32e-03    3.473 1.53e-02   0.0
          g_eb2_stream_buffer (VX_stream_buffer_519_1_22) 3.89e-02    0.136   20.575    0.195   0.5
        g_input_select_g_arbiter_arbiter (VX_generic_arbiter_24) 1.14e-03 3.43e-04    0.384 1.86e-03   0.0
          g_round_robin_rr_arbiter (VX_rr_arbiter_24) 1.14e-03 3.43e-04    0.384 1.86e-03   0.0
            g_model1_onehot_encoder (VX_onehot_encoder_24) 6.55e-04 4.52e-05 5.22e-02 7.53e-04   0.0
      g_input_select_g_fanout_g_slice_arbs_0__fanout_slice_arb (VX_stream_arb_4_23)    0.124    0.159   35.270    0.318   0.8
        g_input_select_g_arbiter_g_out_buf_0__out_buf (VX_elastic_buffer_519_2_1_0_23) 5.00e-02    0.145   24.120    0.219   0.6
          g_eb2_out_buf (VX_pipe_buffer_1_23) 4.04e-03 3.44e-03    3.473 1.10e-02   0.0
          g_eb2_stream_buffer (VX_stream_buffer_519_1_23) 4.60e-02    0.141   20.647    0.208   0.5
        g_input_select_g_arbiter_arbiter (VX_generic_arbiter_25) 1.24e-03 3.45e-04    0.382 1.96e-03   0.0
          g_round_robin_rr_arbiter (VX_rr_arbiter_25) 1.24e-03 3.45e-04    0.382 1.96e-03   0.0
            g_model1_onehot_encoder (VX_onehot_encoder_25) 6.39e-04 4.66e-05 5.27e-02 7.39e-04   0.0
    g_multi_inputs_g_multiple_outputs_g_xbar_arbs_9__xbar_arb (VX_stream_arb_1_6)    0.712    0.616  149.567    1.477   3.8
      g_input_select_g_fanout_fanout_join_arb (VX_stream_arb_5_6)    0.146 2.37e-02    8.743    0.179   0.5
        g_input_select_g_arbiter_g_out_buf_0__out_buf (VX_elastic_buffer_521_0_0_0_6) 4.67e-02 8.97e-03    3.475 5.92e-02   0.2
        g_input_select_g_arbiter_arbiter (VX_generic_arbiter_2_6) 4.52e-04 1.01e-03    0.176 1.64e-03   0.0
          g_round_robin_rr_arbiter (VX_rr_arbiter_2_6) 4.52e-04 1.01e-03    0.176 1.64e-03   0.0
            g_model1_onehot_encoder (VX_onehot_encoder_2_6) 1.26e-04 4.45e-05 1.88e-02 1.89e-04   0.0
      g_input_select_g_fanout_g_slice_arbs_3__fanout_slice_arb (VX_stream_arb_4_24)    0.178    0.145   35.449    0.359   0.9
        g_input_select_g_arbiter_g_out_buf_0__out_buf (VX_elastic_buffer_519_2_1_0_24) 9.14e-02    0.131   24.616    0.247   0.6
          g_eb2_out_buf (VX_pipe_buffer_1_24) 1.98e-02 3.27e-03    3.474 2.66e-02   0.1
          g_eb2_stream_buffer (VX_stream_buffer_519_1_24) 7.16e-02    0.127   21.141    0.220   0.6
        g_input_select_g_arbiter_arbiter (VX_generic_arbiter_26) 7.94e-04 3.21e-04    0.368 1.48e-03   0.0
          g_round_robin_rr_arbiter (VX_rr_arbiter_26) 7.94e-04 3.21e-04    0.368 1.48e-03   0.0
            g_model1_onehot_encoder (VX_onehot_encoder_26) 5.95e-04 4.49e-05 5.28e-02 6.93e-04   0.0
      g_input_select_g_fanout_g_slice_arbs_2__fanout_slice_arb (VX_stream_arb_4_25)    0.153    0.146   35.213    0.334   0.9
        g_input_select_g_arbiter_g_out_buf_0__out_buf (VX_elastic_buffer_519_2_1_0_25) 5.91e-02    0.132   24.114    0.215   0.6
          g_eb2_out_buf (VX_pipe_buffer_1_25) 1.32e-02 3.26e-03    3.473 1.99e-02   0.1
          g_eb2_stream_buffer (VX_stream_buffer_519_1_25) 4.59e-02    0.129   20.641    0.195   0.5
        g_input_select_g_arbiter_arbiter (VX_generic_arbiter_27) 1.40e-03 3.40e-04    0.385 2.12e-03   0.0
          g_round_robin_rr_arbiter (VX_rr_arbiter_27) 1.40e-03 3.40e-04    0.385 2.12e-03   0.0
            g_model1_onehot_encoder (VX_onehot_encoder_27) 1.20e-03 6.29e-05 6.65e-02 1.33e-03   0.0
      g_input_select_g_fanout_g_slice_arbs_1__fanout_slice_arb (VX_stream_arb_4_26)    0.119    0.148   34.852    0.302   0.8
        g_input_select_g_arbiter_g_out_buf_0__out_buf (VX_elastic_buffer_519_2_1_0_26) 4.51e-02    0.135   24.085    0.204   0.5
          g_eb2_out_buf (VX_pipe_buffer_1_26) 7.43e-03 3.24e-03    3.474 1.41e-02   0.0
          g_eb2_stream_buffer (VX_stream_buffer_519_1_26) 3.77e-02    0.132   20.611    0.190   0.5
        g_input_select_g_arbiter_arbiter (VX_generic_arbiter_28) 1.19e-03 3.34e-04    0.378 1.90e-03   0.0
          g_round_robin_rr_arbiter (VX_rr_arbiter_28) 1.19e-03 3.34e-04    0.378 1.90e-03   0.0
            g_model1_onehot_encoder (VX_onehot_encoder_28) 7.40e-04 4.95e-05 5.62e-02 8.45e-04   0.0
      g_input_select_g_fanout_g_slice_arbs_0__fanout_slice_arb (VX_stream_arb_4_27)    0.116    0.153   35.310    0.305   0.8
        g_input_select_g_arbiter_g_out_buf_0__out_buf (VX_elastic_buffer_519_2_1_0_27) 4.31e-02    0.139   24.134    0.207   0.5
          g_eb2_out_buf (VX_pipe_buffer_1_27) 2.13e-03 3.35e-03    3.474 8.95e-03   0.0
          g_eb2_stream_buffer (VX_stream_buffer_519_1_27) 4.10e-02    0.136   20.661    0.198   0.5
        g_input_select_g_arbiter_arbiter (VX_generic_arbiter_29) 1.47e-03 3.51e-04    0.381 2.20e-03   0.0
          g_round_robin_rr_arbiter (VX_rr_arbiter_29) 1.29e-03 3.41e-04    0.375 2.00e-03   0.0
            g_model1_onehot_encoder (VX_onehot_encoder_29) 7.07e-04 4.40e-05 4.88e-02 8.00e-04   0.0
    g_multi_inputs_g_multiple_outputs_g_xbar_arbs_8__xbar_arb (VX_stream_arb_1_7)    0.735    0.616  149.347    1.501   3.9
      g_input_select_g_fanout_fanout_join_arb (VX_stream_arb_5_7)    0.132 2.35e-02    8.661    0.165   0.4
        g_input_select_g_arbiter_g_out_buf_0__out_buf (VX_elastic_buffer_521_0_0_0_7) 4.28e-02 8.84e-03    3.475 5.51e-02   0.1
        g_input_select_g_arbiter_arbiter (VX_generic_arbiter_2_7) 6.64e-04 1.02e-03    0.177 1.86e-03   0.0
          g_round_robin_rr_arbiter (VX_rr_arbiter_2_7) 6.64e-04 1.02e-03    0.177 1.86e-03   0.0
            g_model1_onehot_encoder (VX_onehot_encoder_2_7) 3.34e-04 4.65e-05 2.00e-02 4.01e-04   0.0
      g_input_select_g_fanout_g_slice_arbs_3__fanout_slice_arb (VX_stream_arb_4_28)    0.182    0.144   35.155    0.361   0.9
        g_input_select_g_arbiter_g_out_buf_0__out_buf (VX_elastic_buffer_519_2_1_0_28)    0.112    0.130   24.998    0.268   0.7
          g_eb2_out_buf (VX_pipe_buffer_1_28) 1.95e-02 3.19e-03    3.475 2.62e-02   0.1
          g_eb2_stream_buffer (VX_stream_buffer_519_1_28) 9.30e-02    0.127   21.524    0.242   0.6
        g_input_select_g_arbiter_arbiter (VX_generic_arbiter_30) 7.95e-04 3.32e-04    0.366 1.49e-03   0.0
          g_round_robin_rr_arbiter (VX_rr_arbiter_30) 7.95e-04 3.32e-04    0.366 1.49e-03   0.0
            g_model1_onehot_encoder (VX_onehot_encoder_30) 6.04e-04 4.36e-05 5.00e-02 6.97e-04   0.0
      g_input_select_g_fanout_g_slice_arbs_2__fanout_slice_arb (VX_stream_arb_4_29)    0.165    0.148   35.211    0.348   0.9
        g_input_select_g_arbiter_g_out_buf_0__out_buf (VX_elastic_buffer_519_2_1_0_29) 6.01e-02    0.134   24.050    0.219   0.6
          g_eb2_out_buf (VX_pipe_buffer_1_29) 1.60e-02 3.29e-03    3.473 2.27e-02   0.1
          g_eb2_stream_buffer (VX_stream_buffer_519_1_29) 4.41e-02    0.131   20.577    0.196   0.5
        g_input_select_g_arbiter_arbiter (VX_generic_arbiter_31) 1.80e-03 3.53e-04    0.390 2.55e-03   0.0
          g_round_robin_rr_arbiter (VX_rr_arbiter_31) 1.80e-03 3.53e-04    0.390 2.55e-03   0.0
            g_model1_onehot_encoder (VX_onehot_encoder_31) 1.32e-03 6.92e-05 6.92e-02 1.46e-03   0.0
      g_input_select_g_fanout_g_slice_arbs_1__fanout_slice_arb (VX_stream_arb_4_30)    0.132    0.148   34.992    0.315   0.8
        g_input_select_g_arbiter_g_out_buf_0__out_buf (VX_elastic_buffer_519_2_1_0_30) 4.68e-02    0.134   24.056    0.205   0.5
          g_eb2_out_buf (VX_pipe_buffer_1_30) 8.69e-03 3.26e-03    3.474 1.54e-02   0.0
          g_eb2_stream_buffer (VX_stream_buffer_519_1_30) 3.81e-02    0.131   20.581    0.190   0.5
        g_input_select_g_arbiter_arbiter (VX_generic_arbiter_32) 1.05e-03 3.37e-04    0.378 1.76e-03   0.0
          g_round_robin_rr_arbiter (VX_rr_arbiter_32) 1.05e-03 3.37e-04    0.378 1.76e-03   0.0
            g_model1_onehot_encoder (VX_onehot_encoder_32) 8.61e-04 5.15e-05 6.19e-02 9.74e-04   0.0
      g_input_select_g_fanout_g_slice_arbs_0__fanout_slice_arb (VX_stream_arb_4_31)    0.123    0.153   35.328    0.312   0.8
        g_input_select_g_arbiter_g_out_buf_0__out_buf (VX_elastic_buffer_519_2_1_0_31) 4.66e-02    0.140   24.164    0.210   0.5
          g_eb2_out_buf (VX_pipe_buffer_1_31) 2.37e-03 3.36e-03    3.474 9.21e-03   0.0
          g_eb2_stream_buffer (VX_stream_buffer_519_1_31) 4.42e-02    0.136   20.690    0.201   0.5
        g_input_select_g_arbiter_arbiter (VX_generic_arbiter_33) 1.16e-03 3.43e-04    0.379 1.88e-03   0.0
          g_round_robin_rr_arbiter (VX_rr_arbiter_33) 1.16e-03 3.43e-04    0.379 1.88e-03   0.0
            g_model1_onehot_encoder (VX_onehot_encoder_33) 5.92e-04 4.10e-05 4.98e-02 6.83e-04   0.0
    g_multi_inputs_g_multiple_outputs_g_xbar_arbs_7__xbar_arb (VX_stream_arb_1_8)    0.637    0.622  149.050    1.408   3.6
      g_input_select_g_fanout_fanout_join_arb (VX_stream_arb_5_8)    0.117 2.37e-02    8.233    0.149   0.4
        g_input_select_g_arbiter_g_out_buf_0__out_buf (VX_elastic_buffer_521_0_0_0_8) 1.95e-02 9.30e-03    3.473 3.22e-02   0.1
        g_input_select_g_arbiter_arbiter (VX_generic_arbiter_2_8) 6.45e-04 1.01e-03    0.177 1.84e-03   0.0
          g_round_robin_rr_arbiter (VX_rr_arbiter_2_8) 6.45e-04 1.01e-03    0.177 1.84e-03   0.0
            g_model1_onehot_encoder (VX_onehot_encoder_2_8) 3.15e-04 4.69e-05 2.01e-02 3.82e-04   0.0
      g_input_select_g_fanout_g_slice_arbs_3__fanout_slice_arb (VX_stream_arb_4_32)    0.160    0.146   35.711    0.341   0.9
        g_input_select_g_arbiter_g_out_buf_0__out_buf (VX_elastic_buffer_519_2_1_0_32)    0.102    0.132   24.826    0.258   0.7
          g_eb2_out_buf (VX_pipe_buffer_1_32) 2.72e-02 3.32e-03    3.473 3.40e-02   0.1
          g_eb2_stream_buffer (VX_stream_buffer_519_1_32) 7.43e-02    0.129   21.353    0.224   0.6
        g_input_select_g_arbiter_arbiter (VX_generic_arbiter_34) 5.86e-04 3.17e-04    0.363 1.27e-03   0.0
          g_round_robin_rr_arbiter (VX_rr_arbiter_34) 5.86e-04 3.17e-04    0.363 1.27e-03   0.0
            g_model1_onehot_encoder (VX_onehot_encoder_34) 4.02e-04 4.15e-05 5.00e-02 4.94e-04   0.0
      g_input_select_g_fanout_g_slice_arbs_2__fanout_slice_arb (VX_stream_arb_4_33)    0.136    0.146   35.199    0.318   0.8
        g_input_select_g_arbiter_g_out_buf_0__out_buf (VX_elastic_buffer_519_2_1_0_33) 4.38e-02    0.132   24.056    0.200   0.5
          g_eb2_out_buf (VX_pipe_buffer_1_33) 5.38e-03 3.17e-03    3.473 1.20e-02   0.0
          g_eb2_stream_buffer (VX_stream_buffer_519_1_33) 3.85e-02    0.129   20.583    0.188   0.5
        g_input_select_g_arbiter_arbiter (VX_generic_arbiter_35) 1.61e-03 3.57e-04    0.396 2.37e-03   0.0
          g_round_robin_rr_arbiter (VX_rr_arbiter_35) 1.61e-03 3.57e-04    0.396 2.37e-03   0.0
            g_model1_onehot_encoder (VX_onehot_encoder_35) 1.42e-03 7.23e-05 7.94e-02 1.57e-03   0.0
      g_input_select_g_fanout_g_slice_arbs_1__fanout_slice_arb (VX_stream_arb_4_34)    0.110    0.152   35.178    0.297   0.8
        g_input_select_g_arbiter_g_out_buf_0__out_buf (VX_elastic_buffer_519_2_1_0_34) 6.09e-02    0.138   24.151    0.223   0.6
          g_eb2_out_buf (VX_pipe_buffer_1_34) 1.05e-02 3.29e-03    3.472 1.73e-02   0.0
          g_eb2_stream_buffer (VX_stream_buffer_519_1_34) 5.04e-02    0.135   20.679    0.206   0.5
        g_input_select_g_arbiter_arbiter (VX_generic_arbiter_36) 9.13e-04 3.28e-04    0.368 1.61e-03   0.0
          g_round_robin_rr_arbiter (VX_rr_arbiter_36) 9.13e-04 3.28e-04    0.368 1.61e-03   0.0
            g_model1_onehot_encoder (VX_onehot_encoder_36) 7.15e-04 4.46e-05 5.28e-02 8.12e-04   0.0
      g_input_select_g_fanout_g_slice_arbs_0__fanout_slice_arb (VX_stream_arb_4_35)    0.113    0.155   34.730    0.302   0.8
        g_input_select_g_arbiter_g_out_buf_0__out_buf (VX_elastic_buffer_519_2_1_0_35) 3.51e-02    0.141   24.040    0.200   0.5
          g_eb2_out_buf (VX_pipe_buffer_1_35) 2.81e-03 3.39e-03    3.473 9.67e-03   0.0
          g_eb2_stream_buffer (VX_stream_buffer_519_1_35) 3.23e-02    0.138   20.567    0.191   0.5
        g_input_select_g_arbiter_arbiter (VX_generic_arbiter_37) 1.48e-03 3.71e-04    0.391 2.25e-03   0.0
          g_round_robin_rr_arbiter (VX_rr_arbiter_37) 1.25e-03 3.56e-04    0.385 2.00e-03   0.0
            g_model1_onehot_encoder (VX_onehot_encoder_37) 1.06e-03 6.44e-05 6.80e-02 1.19e-03   0.0
    g_multi_inputs_g_multiple_outputs_g_xbar_arbs_6__xbar_arb (VX_stream_arb_1_9)    0.716    0.627  150.226    1.493   3.9
      g_input_select_g_fanout_fanout_join_arb (VX_stream_arb_5_9)    0.120 2.39e-02    8.524    0.153   0.4
        g_input_select_g_arbiter_g_out_buf_0__out_buf (VX_elastic_buffer_521_0_0_0_9) 2.84e-02 9.13e-03    3.474 4.10e-02   0.1
        g_input_select_g_arbiter_arbiter (VX_generic_arbiter_2_9) 6.01e-04 1.01e-03    0.176 1.79e-03   0.0
          g_round_robin_rr_arbiter (VX_rr_arbiter_2_9) 6.01e-04 1.01e-03    0.176 1.79e-03   0.0
            g_model1_onehot_encoder (VX_onehot_encoder_2_9) 2.72e-04 4.74e-05 2.01e-02 3.39e-04   0.0
      g_input_select_g_fanout_g_slice_arbs_3__fanout_slice_arb (VX_stream_arb_4_36)    0.185    0.150   35.973    0.371   1.0
        g_input_select_g_arbiter_g_out_buf_0__out_buf (VX_elastic_buffer_519_2_1_0_36)    0.105    0.136   24.894    0.265   0.7
          g_eb2_out_buf (VX_pipe_buffer_1_36) 2.85e-02 3.37e-03    3.473 3.53e-02   0.1
          g_eb2_stream_buffer (VX_stream_buffer_519_1_36) 7.64e-02    0.132   21.421    0.230   0.6
        g_input_select_g_arbiter_arbiter (VX_generic_arbiter_38) 6.11e-04 3.22e-04    0.366 1.30e-03   0.0
          g_round_robin_rr_arbiter (VX_rr_arbiter_38) 6.11e-04 3.22e-04    0.366 1.30e-03   0.0
            g_model1_onehot_encoder (VX_onehot_encoder_38) 4.02e-04 4.18e-05 5.00e-02 4.93e-04   0.0
      g_input_select_g_fanout_g_slice_arbs_2__fanout_slice_arb (VX_stream_arb_4_37)    0.150    0.146   35.306    0.332   0.9
        g_input_select_g_arbiter_g_out_buf_0__out_buf (VX_elastic_buffer_519_2_1_0_37) 5.60e-02    0.133   24.364    0.213   0.6
          g_eb2_out_buf (VX_pipe_buffer_1_37) 7.90e-03 3.25e-03    3.473 1.46e-02   0.0
          g_eb2_stream_buffer (VX_stream_buffer_519_1_37) 4.81e-02    0.130   20.892    0.199   0.5
        g_input_select_g_arbiter_arbiter (VX_generic_arbiter_39) 1.92e-03 3.68e-04    0.423 2.71e-03   0.0
          g_round_robin_rr_arbiter (VX_rr_arbiter_39) 1.92e-03 3.68e-04    0.423 2.71e-03   0.0
            g_model1_onehot_encoder (VX_onehot_encoder_39) 1.72e-03 8.71e-05    0.109 1.91e-03   0.0
      g_input_select_g_fanout_g_slice_arbs_1__fanout_slice_arb (VX_stream_arb_4_38)    0.132    0.151   35.357    0.318   0.8
        g_input_select_g_arbiter_g_out_buf_0__out_buf (VX_elastic_buffer_519_2_1_0_38) 6.27e-02    0.137   24.116    0.224   0.6
          g_eb2_out_buf (VX_pipe_buffer_1_38) 9.82e-03 3.32e-03    3.472 1.66e-02   0.0
          g_eb2_stream_buffer (VX_stream_buffer_519_1_38) 5.29e-02    0.134   20.644    0.208   0.5
        g_input_select_g_arbiter_arbiter (VX_generic_arbiter_40) 9.70e-04 3.17e-04    0.372 1.66e-03   0.0
          g_round_robin_rr_arbiter (VX_rr_arbiter_40) 9.70e-04 3.17e-04    0.372 1.66e-03   0.0
            g_model1_onehot_encoder (VX_onehot_encoder_40) 7.87e-04 4.59e-05 5.69e-02 8.89e-04   0.0
      g_input_select_g_fanout_g_slice_arbs_0__fanout_slice_arb (VX_stream_arb_4_39)    0.129    0.156   35.065    0.320   0.8
        g_input_select_g_arbiter_g_out_buf_0__out_buf (VX_elastic_buffer_519_2_1_0_39) 3.55e-02    0.142   24.104    0.202   0.5
          g_eb2_out_buf (VX_pipe_buffer_1_39) 3.50e-03 3.43e-03    3.473 1.04e-02   0.0
          g_eb2_stream_buffer (VX_stream_buffer_519_1_39) 3.20e-02    0.139   20.631    0.191   0.5
        g_input_select_g_arbiter_arbiter (VX_generic_arbiter_41) 1.24e-03 3.59e-04    0.382 1.98e-03   0.0
          g_round_robin_rr_arbiter (VX_rr_arbiter_41) 1.24e-03 3.59e-04    0.382 1.98e-03   0.0
            g_model1_onehot_encoder (VX_onehot_encoder_41) 1.03e-03 6.45e-05 6.80e-02 1.16e-03   0.0
    g_multi_inputs_g_multiple_outputs_g_xbar_arbs_5__xbar_arb (VX_stream_arb_1_10)    0.665    0.616  149.157    1.431   3.7
      g_input_select_g_fanout_fanout_join_arb (VX_stream_arb_5_10)    0.185 2.41e-02    8.679    0.218   0.6
        g_input_select_g_arbiter_g_out_buf_0__out_buf (VX_elastic_buffer_521_0_0_0_10) 5.98e-02 9.62e-03    3.473 7.29e-02   0.2
        g_input_select_g_arbiter_arbiter (VX_generic_arbiter_2_10) 4.43e-04 1.01e-03    0.174 1.63e-03   0.0
          g_round_robin_rr_arbiter (VX_rr_arbiter_2_10) 4.43e-04 1.01e-03    0.174 1.63e-03   0.0
            g_model1_onehot_encoder (VX_onehot_encoder_2_10) 1.17e-04 4.32e-05 1.75e-02 1.78e-04   0.0
      g_input_select_g_fanout_g_slice_arbs_3__fanout_slice_arb (VX_stream_arb_4_40)    0.157    0.144   35.361    0.337   0.9
        g_input_select_g_arbiter_g_out_buf_0__out_buf (VX_elastic_buffer_519_2_1_0_40) 7.33e-02    0.130   24.250    0.228   0.6
          g_eb2_out_buf (VX_pipe_buffer_1_40) 1.67e-02 3.29e-03    3.472 2.35e-02   0.1
          g_eb2_stream_buffer (VX_stream_buffer_519_1_40) 5.66e-02    0.127   20.778    0.204   0.5
        g_input_select_g_arbiter_arbiter (VX_generic_arbiter_42) 7.26e-04 3.26e-04    0.369 1.42e-03   0.0
          g_round_robin_rr_arbiter (VX_rr_arbiter_42) 7.26e-04 3.26e-04    0.369 1.42e-03   0.0
            g_model1_onehot_encoder (VX_onehot_encoder_42) 5.17e-04 4.43e-05 5.27e-02 6.14e-04   0.0
      g_input_select_g_fanout_g_slice_arbs_2__fanout_slice_arb (VX_stream_arb_4_41)    0.128    0.146   35.294    0.309   0.8
        g_input_select_g_arbiter_g_out_buf_0__out_buf (VX_elastic_buffer_519_2_1_0_41) 6.83e-02    0.132   24.130    0.225   0.6
          g_eb2_out_buf (VX_pipe_buffer_1_41) 8.85e-03 3.47e-03    3.469 1.58e-02   0.0
          g_eb2_stream_buffer (VX_stream_buffer_519_1_41) 5.95e-02    0.129   20.661    0.209   0.5
        g_input_select_g_arbiter_arbiter (VX_generic_arbiter_43) 1.92e-03 3.65e-04    0.412 2.70e-03   0.0
          g_round_robin_rr_arbiter (VX_rr_arbiter_43) 1.76e-03 3.56e-04    0.406 2.52e-03   0.0
            g_model1_onehot_encoder (VX_onehot_encoder_43) 1.21e-03 7.52e-05 7.70e-02 1.37e-03   0.0
      g_input_select_g_fanout_g_slice_arbs_1__fanout_slice_arb (VX_stream_arb_4_42) 9.05e-02    0.148   34.620    0.273   0.7
        g_input_select_g_arbiter_g_out_buf_0__out_buf (VX_elastic_buffer_519_2_1_0_42) 4.24e-02    0.135   24.049    0.201   0.5
          g_eb2_out_buf (VX_pipe_buffer_1_42) 7.27e-03 3.25e-03    3.473 1.40e-02   0.0
          g_eb2_stream_buffer (VX_stream_buffer_519_1_42) 3.52e-02    0.132   20.576    0.187   0.5
        g_input_select_g_arbiter_arbiter (VX_generic_arbiter_44) 9.77e-04 3.16e-04    0.377 1.67e-03   0.0
          g_round_robin_rr_arbiter (VX_rr_arbiter_44) 9.77e-04 3.16e-04    0.377 1.67e-03   0.0
            g_model1_onehot_encoder (VX_onehot_encoder_44) 7.94e-04 4.83e-05 6.07e-02 9.03e-04   0.0
      g_input_select_g_fanout_g_slice_arbs_0__fanout_slice_arb (VX_stream_arb_4_43)    0.104    0.155   35.204    0.294   0.8
        g_input_select_g_arbiter_g_out_buf_0__out_buf (VX_elastic_buffer_519_2_1_0_43) 4.53e-02    0.140   24.005    0.210   0.5
          g_eb2_out_buf (VX_pipe_buffer_1_43) 2.36e-03 3.45e-03    3.473 9.29e-03   0.0
          g_eb2_stream_buffer (VX_stream_buffer_519_1_43) 4.29e-02    0.137   20.532    0.200   0.5
        g_input_select_g_arbiter_arbiter (VX_generic_arbiter_45) 9.74e-04 3.48e-04    0.367 1.69e-03   0.0
          g_round_robin_rr_arbiter (VX_rr_arbiter_45) 9.74e-04 3.48e-04    0.367 1.69e-03   0.0
            g_model1_onehot_encoder (VX_onehot_encoder_45) 7.76e-04 4.52e-05 4.99e-02 8.71e-04   0.0
    g_multi_inputs_g_multiple_outputs_g_xbar_arbs_4__xbar_arb (VX_stream_arb_1_11)    0.691    0.621  149.684    1.462   3.8
      g_input_select_g_fanout_fanout_join_arb (VX_stream_arb_5_11)    0.178 2.46e-02    8.571    0.211   0.5
        g_input_select_g_arbiter_g_out_buf_0__out_buf (VX_elastic_buffer_521_0_0_0_11) 5.56e-02 9.67e-03    3.475 6.88e-02   0.2
        g_input_select_g_arbiter_arbiter (VX_generic_arbiter_2_11) 4.49e-04 1.01e-03    0.176 1.64e-03   0.0
          g_round_robin_rr_arbiter (VX_rr_arbiter_2_11) 4.49e-04 1.01e-03    0.176 1.64e-03   0.0
            g_model1_onehot_encoder (VX_onehot_encoder_2_11) 1.22e-04 4.52e-05 1.88e-02 1.87e-04   0.0
      g_input_select_g_fanout_g_slice_arbs_3__fanout_slice_arb (VX_stream_arb_4_44)    0.164    0.148   35.276    0.347   0.9
        g_input_select_g_arbiter_g_out_buf_0__out_buf (VX_elastic_buffer_519_2_1_0_44) 6.60e-02    0.133   24.074    0.224   0.6
          g_eb2_out_buf (VX_pipe_buffer_1_44) 1.51e-02 3.33e-03    3.473 2.19e-02   0.1
          g_eb2_stream_buffer (VX_stream_buffer_519_1_44) 5.08e-02    0.130   20.601    0.202   0.5
        g_input_select_g_arbiter_arbiter (VX_generic_arbiter_46) 7.55e-04 3.30e-04    0.369 1.45e-03   0.0
          g_round_robin_rr_arbiter (VX_rr_arbiter_46) 7.55e-04 3.30e-04    0.369 1.45e-03   0.0
            g_model1_onehot_encoder (VX_onehot_encoder_46) 5.35e-04 4.55e-05 5.27e-02 6.34e-04   0.0
      g_input_select_g_fanout_g_slice_arbs_2__fanout_slice_arb (VX_stream_arb_4_45)    0.139    0.145   35.536    0.320   0.8
        g_input_select_g_arbiter_g_out_buf_0__out_buf (VX_elastic_buffer_519_2_1_0_45) 7.04e-02    0.131   24.325    0.226   0.6
          g_eb2_out_buf (VX_pipe_buffer_1_45) 1.04e-02 3.47e-03    3.463 1.73e-02   0.0
          g_eb2_stream_buffer (VX_stream_buffer_519_1_45) 6.00e-02    0.128   20.861    0.209   0.5
        g_input_select_g_arbiter_arbiter (VX_generic_arbiter_47) 1.82e-03 3.75e-04    0.403 2.60e-03   0.0
          g_round_robin_rr_arbiter (VX_rr_arbiter_47) 1.82e-03 3.75e-04    0.403 2.60e-03   0.0
            g_model1_onehot_encoder (VX_onehot_encoder_47) 1.24e-03 7.80e-05 7.69e-02 1.40e-03   0.0
      g_input_select_g_fanout_g_slice_arbs_1__fanout_slice_arb (VX_stream_arb_4_46)    0.100    0.151   34.968    0.286   0.7
        g_input_select_g_arbiter_g_out_buf_0__out_buf (VX_elastic_buffer_519_2_1_0_46) 4.33e-02    0.138   24.062    0.205   0.5
          g_eb2_out_buf (VX_pipe_buffer_1_46) 7.97e-03 3.29e-03    3.473 1.47e-02   0.0
          g_eb2_stream_buffer (VX_stream_buffer_519_1_46) 3.53e-02    0.134   20.588    0.190   0.5
        g_input_select_g_arbiter_arbiter (VX_generic_arbiter_48) 9.79e-04 3.25e-04    0.377 1.68e-03   0.0
          g_round_robin_rr_arbiter (VX_rr_arbiter_48) 9.79e-04 3.25e-04    0.377 1.68e-03   0.0
            g_model1_onehot_encoder (VX_onehot_encoder_48) 7.91e-04 5.07e-05 6.20e-02 9.04e-04   0.0
      g_input_select_g_fanout_g_slice_arbs_0__fanout_slice_arb (VX_stream_arb_4_47)    0.109    0.153   35.333    0.297   0.8
        g_input_select_g_arbiter_g_out_buf_0__out_buf (VX_elastic_buffer_519_2_1_0_47) 4.58e-02    0.139   24.081    0.209   0.5
          g_eb2_out_buf (VX_pipe_buffer_1_47) 2.41e-03 3.41e-03    3.473 9.29e-03   0.0
          g_eb2_stream_buffer (VX_stream_buffer_519_1_47) 4.34e-02    0.135   20.608    0.199   0.5
        g_input_select_g_arbiter_arbiter (VX_generic_arbiter_49) 1.01e-03 3.40e-04    0.375 1.72e-03   0.0
          g_round_robin_rr_arbiter (VX_rr_arbiter_49) 1.01e-03 3.40e-04    0.375 1.72e-03   0.0
            g_model1_onehot_encoder (VX_onehot_encoder_49) 8.16e-04 5.57e-05 5.79e-02 9.30e-04   0.0
    g_multi_inputs_g_multiple_outputs_g_xbar_arbs_3__xbar_arb (VX_stream_arb_1_12)    0.668    0.617  150.395    1.435   3.7
      g_input_select_g_fanout_fanout_join_arb (VX_stream_arb_5_12)    0.112 2.34e-02    8.421    0.144   0.4
        g_input_select_g_arbiter_g_out_buf_0__out_buf (VX_elastic_buffer_521_0_0_0_12) 2.29e-02 8.99e-03    3.472 3.54e-02   0.1
        g_input_select_g_arbiter_arbiter (VX_generic_arbiter_2_12) 5.63e-04 1.02e-03    0.176 1.75e-03   0.0
          g_round_robin_rr_arbiter (VX_rr_arbiter_2_12) 5.63e-04 1.02e-03    0.176 1.75e-03   0.0
            g_model1_onehot_encoder (VX_onehot_encoder_2_12) 2.40e-04 4.69e-05 2.00e-02 3.07e-04   0.0
      g_input_select_g_fanout_g_slice_arbs_3__fanout_slice_arb (VX_stream_arb_4_48)    0.181    0.145   36.131    0.362   0.9
        g_input_select_g_arbiter_g_out_buf_0__out_buf (VX_elastic_buffer_519_2_1_0_48)    0.114    0.131   24.989    0.270   0.7
          g_eb2_out_buf (VX_pipe_buffer_1_48) 2.96e-02 3.32e-03    3.473 3.64e-02   0.1
          g_eb2_stream_buffer (VX_stream_buffer_519_1_48) 8.40e-02    0.128   21.516    0.234   0.6
        g_input_select_g_arbiter_arbiter (VX_generic_arbiter_50) 6.15e-04 3.18e-04    0.363 1.30e-03   0.0
          g_round_robin_rr_arbiter (VX_rr_arbiter_50) 6.15e-04 3.18e-04    0.363 1.30e-03   0.0
            g_model1_onehot_encoder (VX_onehot_encoder_50) 4.29e-04 4.16e-05 5.00e-02 5.20e-04   0.0
      g_input_select_g_fanout_g_slice_arbs_2__fanout_slice_arb (VX_stream_arb_4_49)    0.136    0.147   35.274    0.318   0.8
        g_input_select_g_arbiter_g_out_buf_0__out_buf (VX_elastic_buffer_519_2_1_0_49) 4.95e-02    0.133   24.139    0.207   0.5
          g_eb2_out_buf (VX_pipe_buffer_1_49) 5.95e-03 3.20e-03    3.472 1.26e-02   0.0
          g_eb2_stream_buffer (VX_stream_buffer_519_1_49) 4.35e-02    0.130   20.667    0.194   0.5
        g_input_select_g_arbiter_arbiter (VX_generic_arbiter_51) 1.78e-03 3.61e-04    0.411 2.55e-03   0.0
          g_round_robin_rr_arbiter (VX_rr_arbiter_51) 1.78e-03 3.61e-04    0.411 2.55e-03   0.0
            g_model1_onehot_encoder (VX_onehot_encoder_51) 1.29e-03 6.82e-05 9.11e-02 1.45e-03   0.0
      g_input_select_g_fanout_g_slice_arbs_1__fanout_slice_arb (VX_stream_arb_4_50)    0.126    0.150   35.497    0.311   0.8
        g_input_select_g_arbiter_g_out_buf_0__out_buf (VX_elastic_buffer_519_2_1_0_50) 6.91e-02    0.136   24.418    0.230   0.6
          g_eb2_out_buf (VX_pipe_buffer_1_50) 1.39e-02 3.35e-03    3.473 2.07e-02   0.1
          g_eb2_stream_buffer (VX_stream_buffer_519_1_50) 5.52e-02    0.133   20.945    0.209   0.5
        g_input_select_g_arbiter_arbiter (VX_generic_arbiter_52) 9.71e-04 3.32e-04    0.372 1.68e-03   0.0
          g_round_robin_rr_arbiter (VX_rr_arbiter_52) 9.71e-04 3.32e-04    0.372 1.68e-03   0.0
            g_model1_onehot_encoder (VX_onehot_encoder_52) 7.72e-04 4.71e-05 5.68e-02 8.76e-04   0.0
      g_input_select_g_fanout_g_slice_arbs_0__fanout_slice_arb (VX_stream_arb_4_51)    0.113    0.152   35.072    0.300   0.8
        g_input_select_g_arbiter_g_out_buf_0__out_buf (VX_elastic_buffer_519_2_1_0_51) 3.36e-02    0.139   24.065    0.196   0.5
          g_eb2_out_buf (VX_pipe_buffer_1_51) 2.94e-03 3.38e-03    3.473 9.79e-03   0.0
          g_eb2_stream_buffer (VX_stream_buffer_519_1_51) 3.06e-02    0.135   20.592    0.187   0.5
        g_input_select_g_arbiter_arbiter (VX_generic_arbiter_53) 1.49e-03 3.62e-04    0.389 2.24e-03   0.0
          g_round_robin_rr_arbiter (VX_rr_arbiter_53) 1.25e-03 3.47e-04    0.383 1.98e-03   0.0
            g_model1_onehot_encoder (VX_onehot_encoder_53) 1.05e-03 6.34e-05 6.80e-02 1.18e-03   0.0
    g_multi_inputs_g_multiple_outputs_g_xbar_arbs_2__xbar_arb (VX_stream_arb_1_13)    0.659    0.619  149.306    1.427   3.7
      g_input_select_g_fanout_fanout_join_arb (VX_stream_arb_5_13)    0.121 2.36e-02    8.396    0.153   0.4
        g_input_select_g_arbiter_g_out_buf_0__out_buf (VX_elastic_buffer_521_0_0_0_13) 2.08e-02 9.17e-03    3.472 3.35e-02   0.1
        g_input_select_g_arbiter_arbiter (VX_generic_arbiter_2_13) 5.26e-04 1.01e-03    0.176 1.71e-03   0.0
          g_round_robin_rr_arbiter (VX_rr_arbiter_2_13) 5.26e-04 1.01e-03    0.176 1.71e-03   0.0
            g_model1_onehot_encoder (VX_onehot_encoder_2_13) 2.03e-04 4.55e-05 1.97e-02 2.68e-04   0.0
      g_input_select_g_fanout_g_slice_arbs_3__fanout_slice_arb (VX_stream_arb_4_52)    0.167    0.145   35.832    0.347   0.9
        g_input_select_g_arbiter_g_out_buf_0__out_buf (VX_elastic_buffer_519_2_1_0_52) 9.78e-02    0.131   24.653    0.254   0.7
          g_eb2_out_buf (VX_pipe_buffer_1_52) 2.62e-02 3.31e-03    3.473 3.30e-02   0.1
          g_eb2_stream_buffer (VX_stream_buffer_519_1_52) 7.16e-02    0.128   21.180    0.221   0.6
        g_input_select_g_arbiter_arbiter (VX_generic_arbiter_54) 5.27e-04 3.14e-04    0.367 1.21e-03   0.0
          g_round_robin_rr_arbiter (VX_rr_arbiter_54) 5.27e-04 3.14e-04    0.367 1.21e-03   0.0
            g_model1_onehot_encoder (VX_onehot_encoder_54) 3.37e-04 3.97e-05 5.00e-02 4.27e-04   0.0
      g_input_select_g_fanout_g_slice_arbs_2__fanout_slice_arb (VX_stream_arb_4_53)    0.146    0.148   35.168    0.329   0.9
        g_input_select_g_arbiter_g_out_buf_0__out_buf (VX_elastic_buffer_519_2_1_0_53) 5.36e-02    0.134   24.039    0.212   0.5
          g_eb2_out_buf (VX_pipe_buffer_1_53) 8.46e-03 3.25e-03    3.472 1.52e-02   0.0
          g_eb2_stream_buffer (VX_stream_buffer_519_1_53) 4.52e-02    0.131   20.567    0.196   0.5
        g_input_select_g_arbiter_arbiter (VX_generic_arbiter_55) 1.95e-03 3.69e-04    0.401 2.72e-03   0.0
          g_round_robin_rr_arbiter (VX_rr_arbiter_55) 1.95e-03 3.69e-04    0.401 2.72e-03   0.0
            g_model1_onehot_encoder (VX_onehot_encoder_55) 1.47e-03 7.41e-05 7.81e-02 1.62e-03   0.0
      g_input_select_g_fanout_g_slice_arbs_1__fanout_slice_arb (VX_stream_arb_4_54)    0.110    0.149   34.912    0.294   0.8
        g_input_select_g_arbiter_g_out_buf_0__out_buf (VX_elastic_buffer_519_2_1_0_54) 5.82e-02    0.136   24.153    0.218   0.6
          g_eb2_out_buf (VX_pipe_buffer_1_54) 1.13e-02 3.27e-03    3.471 1.80e-02   0.0
          g_eb2_stream_buffer (VX_stream_buffer_519_1_54) 4.70e-02    0.133   20.682    0.200   0.5
        g_input_select_g_arbiter_arbiter (VX_generic_arbiter_56) 8.85e-04 3.12e-04    0.368 1.57e-03   0.0
          g_round_robin_rr_arbiter (VX_rr_arbiter_56) 8.85e-04 3.12e-04    0.368 1.57e-03   0.0
            g_model1_onehot_encoder (VX_onehot_encoder_56) 7.03e-04 4.31e-05 5.28e-02 7.99e-04   0.0
      g_input_select_g_fanout_g_slice_arbs_0__fanout_slice_arb (VX_stream_arb_4_55)    0.115    0.153   34.998    0.303   0.8
        g_input_select_g_arbiter_g_out_buf_0__out_buf (VX_elastic_buffer_519_2_1_0_55) 3.48e-02    0.140   24.035    0.199   0.5
          g_eb2_out_buf (VX_pipe_buffer_1_55) 3.31e-03 3.35e-03    3.473 1.01e-02   0.0
          g_eb2_stream_buffer (VX_stream_buffer_519_1_55) 3.14e-02    0.137   20.561    0.189   0.5
        g_input_select_g_arbiter_arbiter (VX_generic_arbiter_57) 1.18e-03 3.46e-04    0.378 1.91e-03   0.0
          g_round_robin_rr_arbiter (VX_rr_arbiter_57) 1.18e-03 3.46e-04    0.378 1.91e-03   0.0
            g_model1_onehot_encoder (VX_onehot_encoder_57) 9.94e-04 5.98e-05 6.19e-02 1.12e-03   0.0
    g_multi_inputs_g_multiple_outputs_g_xbar_arbs_1__xbar_arb (VX_stream_arb_1_14)    0.649    0.614  148.720    1.412   3.6
      g_input_select_g_fanout_fanout_join_arb (VX_stream_arb_5_14)    0.158 2.39e-02    8.654    0.191   0.5
        g_input_select_g_arbiter_g_out_buf_0__out_buf (VX_elastic_buffer_521_0_0_0_14) 4.10e-02 9.25e-03    3.474 5.37e-02   0.1
        g_input_select_g_arbiter_arbiter (VX_generic_arbiter_2_14) 8.06e-04 1.01e-03    0.178 1.99e-03   0.0
          g_round_robin_rr_arbiter (VX_rr_arbiter_2_14) 8.06e-04 1.01e-03    0.178 1.99e-03   0.0
            g_model1_onehot_encoder (VX_onehot_encoder_2_14) 4.76e-04 4.71e-05 2.09e-02 5.44e-04   0.0
      g_input_select_g_fanout_g_slice_arbs_3__fanout_slice_arb (VX_stream_arb_4_56)    0.165    0.147   35.251    0.346   0.9
        g_input_select_g_arbiter_g_out_buf_0__out_buf (VX_elastic_buffer_519_2_1_0_56) 7.22e-02    0.132   24.080    0.229   0.6
          g_eb2_out_buf (VX_pipe_buffer_1_56) 1.90e-02 3.29e-03    3.473 2.58e-02   0.1
          g_eb2_stream_buffer (VX_stream_buffer_519_1_56) 5.29e-02    0.129   20.600    0.203   0.5
        g_input_select_g_arbiter_arbiter (VX_generic_arbiter_58) 7.25e-04 3.20e-04    0.363 1.41e-03   0.0
          g_round_robin_rr_arbiter (VX_rr_arbiter_58) 7.25e-04 3.20e-04    0.363 1.41e-03   0.0
            g_model1_onehot_encoder (VX_onehot_encoder_58) 5.46e-04 4.19e-05 4.99e-02 6.37e-04   0.0
      g_input_select_g_fanout_g_slice_arbs_2__fanout_slice_arb (VX_stream_arb_4_57)    0.132    0.146   35.284    0.314   0.8
        g_input_select_g_arbiter_g_out_buf_0__out_buf (VX_elastic_buffer_519_2_1_0_57) 7.09e-02    0.132   24.182    0.227   0.6
          g_eb2_out_buf (VX_pipe_buffer_1_57) 9.92e-03 3.49e-03    3.473 1.69e-02   0.0
          g_eb2_stream_buffer (VX_stream_buffer_519_1_57) 6.09e-02    0.129   20.709    0.210   0.5
        g_input_select_g_arbiter_arbiter (VX_generic_arbiter_59) 1.89e-03 3.59e-04    0.409 2.65e-03   0.0
          g_round_robin_rr_arbiter (VX_rr_arbiter_59) 1.89e-03 3.59e-04    0.409 2.65e-03   0.0
            g_model1_onehot_encoder (VX_onehot_encoder_59) 1.32e-03 7.58e-05 8.05e-02 1.48e-03   0.0
      g_input_select_g_fanout_g_slice_arbs_1__fanout_slice_arb (VX_stream_arb_4_58) 8.96e-02    0.144   34.251    0.268   0.7
        g_input_select_g_arbiter_g_out_buf_0__out_buf (VX_elastic_buffer_519_2_1_0_58) 4.38e-02    0.131   24.000    0.199   0.5
          g_eb2_out_buf (VX_pipe_buffer_1_58) 7.67e-03 3.26e-03    3.473 1.44e-02   0.0
          g_eb2_stream_buffer (VX_stream_buffer_519_1_58) 3.61e-02    0.128   20.527    0.185   0.5
        g_input_select_g_arbiter_arbiter (VX_generic_arbiter_60) 1.05e-03 3.30e-04    0.376 1.76e-03   0.0
          g_round_robin_rr_arbiter (VX_rr_arbiter_60) 1.05e-03 3.30e-04    0.376 1.76e-03   0.0
            g_model1_onehot_encoder (VX_onehot_encoder_60) 8.61e-04 5.31e-05 6.34e-02 9.77e-04   0.0
      g_input_select_g_fanout_g_slice_arbs_0__fanout_slice_arb (VX_stream_arb_4_59)    0.105    0.153   35.280    0.293   0.8
        g_input_select_g_arbiter_g_out_buf_0__out_buf (VX_elastic_buffer_519_2_1_0_59) 4.57e-02    0.140   24.060    0.209   0.5
          g_eb2_out_buf (VX_pipe_buffer_1_59) 3.29e-03 3.36e-03    3.473 1.01e-02   0.0
          g_eb2_stream_buffer (VX_stream_buffer_519_1_59) 4.24e-02    0.136   20.586    0.199   0.5
        g_input_select_g_arbiter_arbiter (VX_generic_arbiter_61) 1.06e-03 3.36e-04    0.374 1.77e-03   0.0
          g_round_robin_rr_arbiter (VX_rr_arbiter_61) 1.06e-03 3.36e-04    0.374 1.77e-03   0.0
            g_model1_onehot_encoder (VX_onehot_encoder_61) 8.62e-04 5.03e-05 5.72e-02 9.70e-04   0.0
    g_multi_inputs_g_multiple_outputs_g_xbar_arbs_0__xbar_arb (VX_stream_arb_1_15)    0.668    0.627  149.355    1.444   3.7
      g_input_select_g_fanout_fanout_join_arb (VX_stream_arb_5_15)    0.177 2.53e-02    8.717    0.211   0.5
        g_input_select_g_arbiter_g_out_buf_0__out_buf (VX_elastic_buffer_521_0_0_0_15) 4.68e-02 9.93e-03    3.474 6.02e-02   0.2
        g_input_select_g_arbiter_arbiter (VX_generic_arbiter_2_15) 5.71e-04 1.02e-03    0.176 1.76e-03   0.0
          g_round_robin_rr_arbiter (VX_rr_arbiter_2_15) 5.71e-04 1.02e-03    0.176 1.76e-03   0.0
            g_model1_onehot_encoder (VX_onehot_encoder_2_15) 2.34e-04 4.60e-05 1.88e-02 2.99e-04   0.0
      g_input_select_g_fanout_g_slice_arbs_3__fanout_slice_arb (VX_stream_arb_4_60)    0.160    0.147   35.374    0.342   0.9
        g_input_select_g_arbiter_g_out_buf_0__out_buf (VX_elastic_buffer_519_2_1_0_60) 7.42e-02    0.133   24.210    0.231   0.6
          g_eb2_out_buf (VX_pipe_buffer_1_60) 1.80e-02 3.31e-03    3.473 2.48e-02   0.1
          g_eb2_stream_buffer (VX_stream_buffer_519_1_60) 5.62e-02    0.130   20.737    0.207   0.5
        g_input_select_g_arbiter_arbiter (VX_generic_arbiter_62) 7.74e-04 3.24e-04    0.365 1.46e-03   0.0
          g_round_robin_rr_arbiter (VX_rr_arbiter_62) 7.74e-04 3.24e-04    0.365 1.46e-03   0.0
            g_model1_onehot_encoder (VX_onehot_encoder_62) 5.92e-04 4.19e-05 4.88e-02 6.83e-04   0.0
      g_input_select_g_fanout_g_slice_arbs_2__fanout_slice_arb (VX_stream_arb_4_61)    0.136    0.148   35.369    0.319   0.8
        g_input_select_g_arbiter_g_out_buf_0__out_buf (VX_elastic_buffer_519_2_1_0_61) 7.19e-02    0.134   24.253    0.230   0.6
          g_eb2_out_buf (VX_pipe_buffer_1_61) 9.28e-03 3.60e-03    3.471 1.64e-02   0.0
          g_eb2_stream_buffer (VX_stream_buffer_519_1_61) 6.26e-02    0.130   20.782    0.214   0.6
        g_input_select_g_arbiter_arbiter (VX_generic_arbiter_63) 1.89e-03 3.84e-04    0.407 2.69e-03   0.0
          g_round_robin_rr_arbiter (VX_rr_arbiter_63) 1.89e-03 3.84e-04    0.407 2.69e-03   0.0
            g_model1_onehot_encoder (VX_onehot_encoder_63) 1.28e-03 8.06e-05 7.83e-02 1.44e-03   0.0
      g_input_select_g_fanout_g_slice_arbs_1__fanout_slice_arb (VX_stream_arb_4_62) 9.09e-02    0.151   34.574    0.277   0.7
        g_input_select_g_arbiter_g_out_buf_0__out_buf (VX_elastic_buffer_519_2_1_0_62) 4.21e-02    0.138   24.082    0.205   0.5
          g_eb2_out_buf (VX_pipe_buffer_1_62) 6.75e-03 3.40e-03    3.473 1.36e-02   0.0
          g_eb2_stream_buffer (VX_stream_buffer_519_1_62) 3.53e-02    0.135   20.609    0.191   0.5
        g_input_select_g_arbiter_arbiter (VX_generic_arbiter_64) 1.03e-03 3.36e-04    0.377 1.74e-03   0.0
          g_round_robin_rr_arbiter (VX_rr_arbiter_64) 1.03e-03 3.36e-04    0.377 1.74e-03   0.0
            g_model1_onehot_encoder (VX_onehot_encoder_64) 8.35e-04 5.06e-05 6.19e-02 9.48e-04   0.0
      g_input_select_g_fanout_g_slice_arbs_0__fanout_slice_arb (VX_stream_arb_4_63)    0.105    0.156   35.321    0.296   0.8
        g_input_select_g_arbiter_g_out_buf_0__out_buf (VX_elastic_buffer_519_2_1_0_63) 4.64e-02    0.142   24.109    0.212   0.5
          g_eb2_out_buf (VX_pipe_buffer_1_63) 2.75e-03 3.45e-03    3.474 9.67e-03   0.0
          g_eb2_stream_buffer (VX_stream_buffer_519_1_63) 4.36e-02    0.139   20.636    0.203   0.5
        g_input_select_g_arbiter_arbiter (VX_generic_arbiter_65) 1.21e-03 3.39e-04    0.376 1.92e-03   0.0
          g_round_robin_rr_arbiter (VX_rr_arbiter_65) 9.99e-04 3.23e-04    0.369 1.69e-03   0.0
            g_model1_onehot_encoder (VX_onehot_encoder_65) 8.04e-04 4.36e-05 5.27e-02 9.00e-04   0.0
    g_multi_inputs_g_multiple_outputs_val_in_transpose (VX_transpose_0) 1.23e-03 1.05e-03    3.156 5.44e-03   0.0
    g_multi_inputs_g_multiple_outputs_g_sel_in_demux_31__sel_in_demux (VX_demux_1_0) 1.24e-04 5.93e-05 4.94e-02 2.33e-04   0.0
    g_multi_inputs_g_multiple_outputs_g_sel_in_demux_30__sel_in_demux (VX_demux_1_1) 1.28e-04 5.86e-05 4.92e-02 2.36e-04   0.0
    g_multi_inputs_g_multiple_outputs_g_sel_in_demux_29__sel_in_demux (VX_demux_1_2) 1.20e-04 5.73e-05 4.75e-02 2.25e-04   0.0
    g_multi_inputs_g_multiple_outputs_g_sel_in_demux_28__sel_in_demux (VX_demux_1_3) 1.40e-04 5.99e-05 4.95e-02 2.49e-04   0.0
    g_multi_inputs_g_multiple_outputs_g_sel_in_demux_27__sel_in_demux (VX_demux_1_4) 1.40e-04 5.91e-05 4.94e-02 2.49e-04   0.0
    g_multi_inputs_g_multiple_outputs_g_sel_in_demux_26__sel_in_demux (VX_demux_1_5) 1.41e-04 5.91e-05 4.96e-02 2.49e-04   0.0
    g_multi_inputs_g_multiple_outputs_g_sel_in_demux_25__sel_in_demux (VX_demux_1_6) 1.40e-04 5.92e-05 4.95e-02 2.49e-04   0.0
    g_multi_inputs_g_multiple_outputs_g_sel_in_demux_24__sel_in_demux (VX_demux_1_7) 1.40e-04 5.91e-05 4.94e-02 2.48e-04   0.0
    g_multi_inputs_g_multiple_outputs_g_sel_in_demux_23__sel_in_demux (VX_demux_1_8) 1.14e-04 5.70e-05 4.76e-02 2.18e-04   0.0
    g_multi_inputs_g_multiple_outputs_g_sel_in_demux_22__sel_in_demux (VX_demux_1_9) 1.15e-04 5.63e-05 4.66e-02 2.18e-04   0.0
    g_multi_inputs_g_multiple_outputs_g_sel_in_demux_21__sel_in_demux (VX_demux_1_10) 1.14e-04 5.77e-05 4.76e-02 2.19e-04   0.0
    g_multi_inputs_g_multiple_outputs_g_sel_in_demux_20__sel_in_demux (VX_demux_1_11) 1.26e-04 5.72e-05 4.73e-02 2.30e-04   0.0
    g_multi_inputs_g_multiple_outputs_g_sel_in_demux_19__sel_in_demux (VX_demux_1_12) 1.24e-04 5.55e-05 4.66e-02 2.26e-04   0.0
    g_multi_inputs_g_multiple_outputs_g_sel_in_demux_18__sel_in_demux (VX_demux_1_13) 1.24e-04 5.61e-05 4.66e-02 2.27e-04   0.0
    g_multi_inputs_g_multiple_outputs_g_sel_in_demux_17__sel_in_demux (VX_demux_1_14) 1.31e-04 5.76e-05 4.68e-02 2.35e-04   0.0
    g_multi_inputs_g_multiple_outputs_g_sel_in_demux_16__sel_in_demux (VX_demux_1_15) 1.34e-04 5.70e-05 4.71e-02 2.38e-04   0.0
    g_multi_inputs_g_multiple_outputs_g_sel_in_demux_15__sel_in_demux (VX_demux_1_16) 1.30e-04 5.66e-05 4.71e-02 2.33e-04   0.0
    g_multi_inputs_g_multiple_outputs_g_sel_in_demux_14__sel_in_demux (VX_demux_1_17) 1.30e-04 5.60e-05 4.66e-02 2.32e-04   0.0
    g_multi_inputs_g_multiple_outputs_g_sel_in_demux_13__sel_in_demux (VX_demux_1_18) 1.27e-04 5.67e-05 4.72e-02 2.30e-04   0.0
    g_multi_inputs_g_multiple_outputs_g_sel_in_demux_12__sel_in_demux (VX_demux_1_19) 1.45e-04 5.70e-05 4.72e-02 2.49e-04   0.0
    g_multi_inputs_g_multiple_outputs_g_sel_in_demux_11__sel_in_demux (VX_demux_1_20) 1.48e-04 5.71e-05 4.70e-02 2.52e-04   0.0
    g_multi_inputs_g_multiple_outputs_g_sel_in_demux_10__sel_in_demux (VX_demux_1_21) 1.46e-04 5.70e-05 4.71e-02 2.50e-04   0.0
    g_multi_inputs_g_multiple_outputs_g_sel_in_demux_9__sel_in_demux (VX_demux_1_22) 1.44e-04 5.71e-05 4.74e-02 2.49e-04   0.0
    g_multi_inputs_g_multiple_outputs_g_sel_in_demux_8__sel_in_demux (VX_demux_1_23) 1.68e-04 5.72e-05 4.71e-02 2.73e-04   0.0
    g_multi_inputs_g_multiple_outputs_g_sel_in_demux_7__sel_in_demux (VX_demux_1_24) 1.40e-04 5.78e-05 4.77e-02 2.46e-04   0.0
    g_multi_inputs_g_multiple_outputs_g_sel_in_demux_6__sel_in_demux (VX_demux_1_25) 1.52e-04 5.74e-05 4.76e-02 2.57e-04   0.0
    g_multi_inputs_g_multiple_outputs_g_sel_in_demux_5__sel_in_demux (VX_demux_1_26) 1.44e-04 5.74e-05 4.72e-02 2.48e-04   0.0
    g_multi_inputs_g_multiple_outputs_g_sel_in_demux_4__sel_in_demux (VX_demux_1_27) 1.46e-04 5.73e-05 4.70e-02 2.50e-04   0.0
    g_multi_inputs_g_multiple_outputs_g_sel_in_demux_3__sel_in_demux (VX_demux_1_28) 1.68e-04 5.75e-05 4.77e-02 2.73e-04   0.0
    g_multi_inputs_g_multiple_outputs_g_sel_in_demux_2__sel_in_demux (VX_demux_1_29) 1.34e-04 5.74e-05 4.73e-02 2.39e-04   0.0
    g_multi_inputs_g_multiple_outputs_g_sel_in_demux_1__sel_in_demux (VX_demux_1_30) 1.52e-04 5.78e-05 4.76e-02 2.57e-04   0.0
    g_multi_inputs_g_multiple_outputs_g_sel_in_demux_0__sel_in_demux (VX_demux_1_31) 1.57e-04 5.73e-05 4.76e-02 2.62e-04   0.0
    g_multi_inputs_g_multiple_outputs_rdy_in_transpose (VX_transpose_1_0) 3.83e-04 8.00e-04    3.144 4.33e-03   0.0
  g_axi_reqs_0__axi_write_ack (VX_axi_write_ack_31) 3.58e-05 6.56e-04 6.00e-02 7.51e-04   0.0
  req_xbar (VX_stream_xbar)               2.157    6.672  661.039    9.490  24.5
    g_multi_inputs_g_multiple_outputs_g_xbar_arbs_31__xbar_arb (VX_stream_arb_0) 4.41e-02    0.207   17.536    0.269   0.7
      g_input_select_g_fanout_fanout_join_arb (VX_stream_arb_3_0) 3.61e-02 4.44e-03    4.142 4.46e-02   0.1
        g_input_select_g_arbiter_g_out_buf_0__out_buf (VX_elastic_buffer_623_0_0_0_0) 3.61e-02 4.44e-03    4.142 4.46e-02   0.1
      g_input_select_g_fanout_g_slice_arbs_0__fanout_slice_arb (VX_stream_arb_2_1) 8.05e-03    0.203   13.394    0.224   0.6
        g_input_select_g_arbiter_g_out_buf_0__out_buf (VX_elastic_buffer_622_2_1_0_1) 8.05e-03    0.203   13.394    0.224   0.6
          g_eb2_out_buf (VX_pipe_buffer_2) 4.83e-03 4.34e-03    4.140 1.33e-02   0.0
          g_eb2_stream_buffer (VX_stream_buffer_622_1_1) 3.22e-03    0.198    9.254    0.211   0.5
    g_multi_inputs_g_multiple_outputs_g_xbar_arbs_30__xbar_arb (VX_stream_arb_6) 4.33e-02    0.207   17.536    0.268   0.7
      g_input_select_g_fanout_fanout_join_arb (VX_stream_arb_3_1) 3.53e-02 4.44e-03    4.142 4.38e-02   0.1
        g_input_select_g_arbiter_g_out_buf_0__out_buf (VX_elastic_buffer_623_0_0_0_1) 3.53e-02 4.44e-03    4.142 4.38e-02   0.1
      g_input_select_g_fanout_g_slice_arbs_0__fanout_slice_arb (VX_stream_arb_2_3) 8.04e-03    0.203   13.394    0.224   0.6
        g_input_select_g_arbiter_g_out_buf_0__out_buf (VX_elastic_buffer_622_2_1_0_3) 8.04e-03    0.203   13.394    0.224   0.6
          g_eb2_out_buf (VX_pipe_buffer_4) 4.76e-03 4.34e-03    4.140 1.32e-02   0.0
          g_eb2_stream_buffer (VX_stream_buffer_622_1_3) 3.28e-03    0.198    9.254    0.211   0.5
    g_multi_inputs_g_multiple_outputs_g_xbar_arbs_29__xbar_arb (VX_stream_arb_7) 4.24e-02    0.207   17.536    0.267   0.7
      g_input_select_g_fanout_fanout_join_arb (VX_stream_arb_3_2) 3.44e-02 4.44e-03    4.142 4.30e-02   0.1
        g_input_select_g_arbiter_g_out_buf_0__out_buf (VX_elastic_buffer_623_0_0_0_2) 3.44e-02 4.44e-03    4.142 4.30e-02   0.1
      g_input_select_g_fanout_g_slice_arbs_0__fanout_slice_arb (VX_stream_arb_2_5) 8.03e-03    0.203   13.394    0.224   0.6
        g_input_select_g_arbiter_g_out_buf_0__out_buf (VX_elastic_buffer_622_2_1_0_5) 8.03e-03    0.203   13.394    0.224   0.6
          g_eb2_out_buf (VX_pipe_buffer_6) 4.79e-03 4.34e-03    4.140 1.33e-02   0.0
          g_eb2_stream_buffer (VX_stream_buffer_622_1_5) 3.24e-03    0.198    9.254    0.211   0.5
    g_multi_inputs_g_multiple_outputs_g_xbar_arbs_28__xbar_arb (VX_stream_arb_8) 4.16e-02    0.207   17.536    0.266   0.7
      g_input_select_g_fanout_fanout_join_arb (VX_stream_arb_3_3) 3.36e-02 4.44e-03    4.142 4.22e-02   0.1
        g_input_select_g_arbiter_g_out_buf_0__out_buf (VX_elastic_buffer_623_0_0_0_3) 3.36e-02 4.44e-03    4.142 4.22e-02   0.1
      g_input_select_g_fanout_g_slice_arbs_0__fanout_slice_arb (VX_stream_arb_2_7) 8.01e-03    0.203   13.394    0.224   0.6
        g_input_select_g_arbiter_g_out_buf_0__out_buf (VX_elastic_buffer_622_2_1_0_7) 8.01e-03    0.203   13.394    0.224   0.6
          g_eb2_out_buf (VX_pipe_buffer_8) 4.76e-03 4.34e-03    4.140 1.32e-02   0.0
          g_eb2_stream_buffer (VX_stream_buffer_622_1_7) 3.25e-03    0.198    9.254    0.211   0.5
    g_multi_inputs_g_multiple_outputs_g_xbar_arbs_27__xbar_arb (VX_stream_arb_9) 4.06e-02    0.207   17.536    0.265   0.7
      g_input_select_g_fanout_fanout_join_arb (VX_stream_arb_3_4) 3.26e-02 4.43e-03    4.142 4.11e-02   0.1
        g_input_select_g_arbiter_g_out_buf_0__out_buf (VX_elastic_buffer_623_0_0_0_4) 3.26e-02 4.43e-03    4.142 4.11e-02   0.1
      g_input_select_g_fanout_g_slice_arbs_0__fanout_slice_arb (VX_stream_arb_2_9) 8.07e-03    0.203   13.394    0.224   0.6
        g_input_select_g_arbiter_g_out_buf_0__out_buf (VX_elastic_buffer_622_2_1_0_9) 8.07e-03    0.203   13.394    0.224   0.6
          g_eb2_out_buf (VX_pipe_buffer_10) 4.78e-03 4.34e-03    4.140 1.33e-02   0.0
          g_eb2_stream_buffer (VX_stream_buffer_622_1_9) 3.29e-03    0.198    9.254    0.211   0.5
    g_multi_inputs_g_multiple_outputs_g_xbar_arbs_26__xbar_arb (VX_stream_arb_10) 4.02e-02    0.207   17.541    0.265   0.7
      g_input_select_g_fanout_fanout_join_arb (VX_stream_arb_3_5) 3.22e-02 4.44e-03    4.147 4.08e-02   0.1
        g_input_select_g_arbiter_g_out_buf_0__out_buf (VX_elastic_buffer_623_0_0_0_5) 3.22e-02 4.44e-03    4.147 4.08e-02   0.1
      g_input_select_g_fanout_g_slice_arbs_0__fanout_slice_arb (VX_stream_arb_2_11) 7.98e-03    0.203   13.394    0.224   0.6
        g_input_select_g_arbiter_g_out_buf_0__out_buf (VX_elastic_buffer_622_2_1_0_11) 7.98e-03    0.203   13.394    0.224   0.6
          g_eb2_out_buf (VX_pipe_buffer_12) 4.73e-03 4.34e-03    4.140 1.32e-02   0.0
          g_eb2_stream_buffer (VX_stream_buffer_622_1_11) 3.25e-03    0.198    9.254    0.211   0.5
    g_multi_inputs_g_multiple_outputs_g_xbar_arbs_25__xbar_arb (VX_stream_arb_11) 3.93e-02    0.207   17.537    0.264   0.7
      g_input_select_g_fanout_fanout_join_arb (VX_stream_arb_3_6) 3.13e-02 4.44e-03    4.143 3.99e-02   0.1
        g_input_select_g_arbiter_g_out_buf_0__out_buf (VX_elastic_buffer_623_0_0_0_6) 3.13e-02 4.44e-03    4.143 3.99e-02   0.1
      g_input_select_g_fanout_g_slice_arbs_0__fanout_slice_arb (VX_stream_arb_2_13) 7.99e-03    0.203   13.394    0.224   0.6
        g_input_select_g_arbiter_g_out_buf_0__out_buf (VX_elastic_buffer_622_2_1_0_13) 7.99e-03    0.203   13.394    0.224   0.6
          g_eb2_out_buf (VX_pipe_buffer_14) 4.81e-03 4.34e-03    4.140 1.33e-02   0.0
          g_eb2_stream_buffer (VX_stream_buffer_622_1_13) 3.18e-03    0.198    9.254    0.211   0.5
    g_multi_inputs_g_multiple_outputs_g_xbar_arbs_24__xbar_arb (VX_stream_arb_12) 3.83e-02    0.207   17.541    0.263   0.7
      g_input_select_g_fanout_fanout_join_arb (VX_stream_arb_3_7) 3.03e-02 4.43e-03    4.147 3.89e-02   0.1
        g_input_select_g_arbiter_g_out_buf_0__out_buf (VX_elastic_buffer_623_0_0_0_7) 3.03e-02 4.43e-03    4.147 3.89e-02   0.1
      g_input_select_g_fanout_g_slice_arbs_0__fanout_slice_arb (VX_stream_arb_2_15) 8.05e-03    0.203   13.394    0.224   0.6
        g_input_select_g_arbiter_g_out_buf_0__out_buf (VX_elastic_buffer_622_2_1_0_15) 8.05e-03    0.203   13.394    0.224   0.6
          g_eb2_out_buf (VX_pipe_buffer_16) 4.81e-03 4.34e-03    4.140 1.33e-02   0.0
          g_eb2_stream_buffer (VX_stream_buffer_622_1_15) 3.23e-03    0.198    9.254    0.211   0.5
    g_multi_inputs_g_multiple_outputs_g_xbar_arbs_23__xbar_arb (VX_stream_arb_13) 3.75e-02    0.207   17.537    0.262   0.7
      g_input_select_g_fanout_fanout_join_arb (VX_stream_arb_3_8) 2.95e-02 4.44e-03    4.143 3.81e-02   0.1
        g_input_select_g_arbiter_g_out_buf_0__out_buf (VX_elastic_buffer_623_0_0_0_8) 2.95e-02 4.44e-03    4.143 3.81e-02   0.1
      g_input_select_g_fanout_g_slice_arbs_0__fanout_slice_arb (VX_stream_arb_2_17) 7.98e-03    0.203   13.394    0.224   0.6
        g_input_select_g_arbiter_g_out_buf_0__out_buf (VX_elastic_buffer_622_2_1_0_17) 7.98e-03    0.203   13.394    0.224   0.6
          g_eb2_out_buf (VX_pipe_buffer_18) 4.75e-03 4.34e-03    4.140 1.32e-02   0.0
          g_eb2_stream_buffer (VX_stream_buffer_622_1_17) 3.23e-03    0.198    9.254    0.211   0.5
    g_multi_inputs_g_multiple_outputs_g_xbar_arbs_22__xbar_arb (VX_stream_arb_14) 3.64e-02    0.207   17.537    0.261   0.7
      g_input_select_g_fanout_fanout_join_arb (VX_stream_arb_3_9) 2.84e-02 4.43e-03    4.143 3.70e-02   0.1
        g_input_select_g_arbiter_g_out_buf_0__out_buf (VX_elastic_buffer_623_0_0_0_9) 2.84e-02 4.43e-03    4.143 3.70e-02   0.1
      g_input_select_g_fanout_g_slice_arbs_0__fanout_slice_arb (VX_stream_arb_2_19) 8.03e-03    0.203   13.394    0.224   0.6
        g_input_select_g_arbiter_g_out_buf_0__out_buf (VX_elastic_buffer_622_2_1_0_19) 8.03e-03    0.203   13.394    0.224   0.6
          g_eb2_out_buf (VX_pipe_buffer_20) 4.78e-03 4.34e-03    4.140 1.33e-02   0.0
          g_eb2_stream_buffer (VX_stream_buffer_622_1_19) 3.25e-03    0.198    9.254    0.211   0.5
    g_multi_inputs_g_multiple_outputs_g_xbar_arbs_21__xbar_arb (VX_stream_arb_15) 3.49e-02    0.207   17.536    0.259   0.7
      g_input_select_g_fanout_fanout_join_arb (VX_stream_arb_3_10) 2.69e-02 4.43e-03    4.142 3.55e-02   0.1
        g_input_select_g_arbiter_g_out_buf_0__out_buf (VX_elastic_buffer_623_0_0_0_10) 2.69e-02 4.43e-03    4.142 3.55e-02   0.1
      g_input_select_g_fanout_g_slice_arbs_0__fanout_slice_arb (VX_stream_arb_2_21) 7.97e-03    0.203   13.394    0.224   0.6
        g_input_select_g_arbiter_g_out_buf_0__out_buf (VX_elastic_buffer_622_2_1_0_21) 7.97e-03    0.203   13.394    0.224   0.6
          g_eb2_out_buf (VX_pipe_buffer_22) 4.76e-03 4.34e-03    4.140 1.32e-02   0.0
          g_eb2_stream_buffer (VX_stream_buffer_622_1_21) 3.22e-03    0.198    9.254    0.211   0.5
    g_multi_inputs_g_multiple_outputs_g_xbar_arbs_20__xbar_arb (VX_stream_arb_16) 3.43e-02    0.207   17.536    0.259   0.7
      g_input_select_g_fanout_fanout_join_arb (VX_stream_arb_3_11) 2.62e-02 4.43e-03    4.142 3.48e-02   0.1
        g_input_select_g_arbiter_g_out_buf_0__out_buf (VX_elastic_buffer_623_0_0_0_11) 2.62e-02 4.43e-03    4.142 3.48e-02   0.1
      g_input_select_g_fanout_g_slice_arbs_0__fanout_slice_arb (VX_stream_arb_2_23) 8.08e-03    0.203   13.394    0.224   0.6
        g_input_select_g_arbiter_g_out_buf_0__out_buf (VX_elastic_buffer_622_2_1_0_23) 8.08e-03    0.203   13.394    0.224   0.6
          g_eb2_out_buf (VX_pipe_buffer_24) 4.84e-03 4.34e-03    4.140 1.33e-02   0.0
          g_eb2_stream_buffer (VX_stream_buffer_622_1_23) 3.24e-03    0.198    9.254    0.211   0.5
    g_multi_inputs_g_multiple_outputs_g_xbar_arbs_19__xbar_arb (VX_stream_arb_17) 3.31e-02    0.207   17.535    0.258   0.7
      g_input_select_g_fanout_fanout_join_arb (VX_stream_arb_3_12) 2.52e-02 4.43e-03    4.141 3.38e-02   0.1
        g_input_select_g_arbiter_g_out_buf_0__out_buf (VX_elastic_buffer_623_0_0_0_12) 2.52e-02 4.43e-03    4.141 3.38e-02   0.1
      g_input_select_g_fanout_g_slice_arbs_0__fanout_slice_arb (VX_stream_arb_2_25) 7.89e-03    0.203   13.394    0.224   0.6
        g_input_select_g_arbiter_g_out_buf_0__out_buf (VX_elastic_buffer_622_2_1_0_25) 7.89e-03    0.203   13.394    0.224   0.6
          g_eb2_out_buf (VX_pipe_buffer_26) 4.71e-03 4.34e-03    4.140 1.32e-02   0.0
          g_eb2_stream_buffer (VX_stream_buffer_622_1_25) 3.18e-03    0.198    9.254    0.211   0.5
    g_multi_inputs_g_multiple_outputs_g_xbar_arbs_18__xbar_arb (VX_stream_arb_18) 3.24e-02    0.207   17.535    0.257   0.7
      g_input_select_g_fanout_fanout_join_arb (VX_stream_arb_3_13) 2.44e-02 4.43e-03    4.141 3.30e-02   0.1
        g_input_select_g_arbiter_g_out_buf_0__out_buf (VX_elastic_buffer_623_0_0_0_13) 2.44e-02 4.43e-03    4.141 3.30e-02   0.1
      g_input_select_g_fanout_g_slice_arbs_0__fanout_slice_arb (VX_stream_arb_2_27) 8.00e-03    0.203   13.394    0.224   0.6
        g_input_select_g_arbiter_g_out_buf_0__out_buf (VX_elastic_buffer_622_2_1_0_27) 8.00e-03    0.203   13.394    0.224   0.6
          g_eb2_out_buf (VX_pipe_buffer_28) 4.80e-03 4.34e-03    4.140 1.33e-02   0.0
          g_eb2_stream_buffer (VX_stream_buffer_622_1_27) 3.20e-03    0.198    9.254    0.211   0.5
    g_multi_inputs_g_multiple_outputs_g_xbar_arbs_17__xbar_arb (VX_stream_arb_19) 3.20e-02    0.207   17.535    0.257   0.7
      g_input_select_g_fanout_fanout_join_arb (VX_stream_arb_3_14) 2.41e-02 4.43e-03    4.141 3.26e-02   0.1
        g_input_select_g_arbiter_g_out_buf_0__out_buf (VX_elastic_buffer_623_0_0_0_14) 2.41e-02 4.43e-03    4.141 3.26e-02   0.1
      g_input_select_g_fanout_g_slice_arbs_0__fanout_slice_arb (VX_stream_arb_2_29) 7.96e-03    0.203   13.394    0.224   0.6
        g_input_select_g_arbiter_g_out_buf_0__out_buf (VX_elastic_buffer_622_2_1_0_29) 7.96e-03    0.203   13.394    0.224   0.6
          g_eb2_out_buf (VX_pipe_buffer_30) 4.74e-03 4.34e-03    4.140 1.32e-02   0.0
          g_eb2_stream_buffer (VX_stream_buffer_622_1_29) 3.22e-03    0.198    9.254    0.211   0.5
    g_multi_inputs_g_multiple_outputs_g_xbar_arbs_16__xbar_arb (VX_stream_arb_20) 3.12e-02    0.207   17.534    0.256   0.7
      g_input_select_g_fanout_fanout_join_arb (VX_stream_arb_3_15) 2.33e-02 4.42e-03    4.140 3.18e-02   0.1
        g_input_select_g_arbiter_g_out_buf_0__out_buf (VX_elastic_buffer_623_0_0_0_15) 2.33e-02 4.42e-03    4.140 3.18e-02   0.1
      g_input_select_g_fanout_g_slice_arbs_0__fanout_slice_arb (VX_stream_arb_2_31) 7.97e-03    0.203   13.394    0.224   0.6
        g_input_select_g_arbiter_g_out_buf_0__out_buf (VX_elastic_buffer_622_2_1_0_31) 7.97e-03    0.203   13.394    0.224   0.6
          g_eb2_out_buf (VX_pipe_buffer_32) 4.77e-03 4.34e-03    4.140 1.33e-02   0.0
          g_eb2_stream_buffer (VX_stream_buffer_622_1_31) 3.20e-03    0.198    9.254    0.211   0.5
    g_multi_inputs_g_multiple_outputs_g_xbar_arbs_15__xbar_arb (VX_stream_arb_21) 3.10e-02    0.207   17.535    0.256   0.7
      g_input_select_g_fanout_fanout_join_arb (VX_stream_arb_3_16) 2.31e-02 4.43e-03    4.141 3.17e-02   0.1
        g_input_select_g_arbiter_g_out_buf_0__out_buf (VX_elastic_buffer_623_0_0_0_16) 2.31e-02 4.43e-03    4.141 3.17e-02   0.1
      g_input_select_g_fanout_g_slice_arbs_0__fanout_slice_arb (VX_stream_arb_2_33) 7.90e-03    0.203   13.394    0.224   0.6
        g_input_select_g_arbiter_g_out_buf_0__out_buf (VX_elastic_buffer_622_2_1_0_33) 7.90e-03    0.203   13.394    0.224   0.6
          g_eb2_out_buf (VX_pipe_buffer_34) 4.67e-03 4.34e-03    4.140 1.31e-02   0.0
          g_eb2_stream_buffer (VX_stream_buffer_622_1_33) 3.23e-03    0.198    9.254    0.211   0.5
    g_multi_inputs_g_multiple_outputs_g_xbar_arbs_14__xbar_arb (VX_stream_arb_22) 2.98e-02    0.207   17.535    0.254   0.7
      g_input_select_g_fanout_fanout_join_arb (VX_stream_arb_3_17) 2.19e-02 4.42e-03    4.141 3.04e-02   0.1
        g_input_select_g_arbiter_g_out_buf_0__out_buf (VX_elastic_buffer_623_0_0_0_17) 2.19e-02 4.42e-03    4.141 3.04e-02   0.1
      g_input_select_g_fanout_g_slice_arbs_0__fanout_slice_arb (VX_stream_arb_2_35) 7.93e-03    0.203   13.394    0.224   0.6
        g_input_select_g_arbiter_g_out_buf_0__out_buf (VX_elastic_buffer_622_2_1_0_35) 7.93e-03    0.203   13.394    0.224   0.6
          g_eb2_out_buf (VX_pipe_buffer_36) 4.74e-03 4.34e-03    4.140 1.32e-02   0.0
          g_eb2_stream_buffer (VX_stream_buffer_622_1_35) 3.20e-03    0.198    9.254    0.211   0.5
    g_multi_inputs_g_multiple_outputs_g_xbar_arbs_13__xbar_arb (VX_stream_arb_23) 2.92e-02    0.207   17.535    0.254   0.7
      g_input_select_g_fanout_fanout_join_arb (VX_stream_arb_3_18) 2.12e-02 4.42e-03    4.141 2.98e-02   0.1
        g_input_select_g_arbiter_g_out_buf_0__out_buf (VX_elastic_buffer_623_0_0_0_18) 2.12e-02 4.42e-03    4.141 2.98e-02   0.1
      g_input_select_g_fanout_g_slice_arbs_0__fanout_slice_arb (VX_stream_arb_2_37) 8.02e-03    0.203   13.394    0.224   0.6
        g_input_select_g_arbiter_g_out_buf_0__out_buf (VX_elastic_buffer_622_2_1_0_37) 8.02e-03    0.203   13.394    0.224   0.6
          g_eb2_out_buf (VX_pipe_buffer_38) 4.79e-03 4.34e-03    4.140 1.33e-02   0.0
          g_eb2_stream_buffer (VX_stream_buffer_622_1_37) 3.22e-03    0.198    9.254    0.211   0.5
    g_multi_inputs_g_multiple_outputs_g_xbar_arbs_12__xbar_arb (VX_stream_arb_24) 2.89e-02    0.207   17.535    0.253   0.7
      g_input_select_g_fanout_fanout_join_arb (VX_stream_arb_3_19) 2.09e-02 4.42e-03    4.141 2.95e-02   0.1
        g_input_select_g_arbiter_g_out_buf_0__out_buf (VX_elastic_buffer_623_0_0_0_19) 2.09e-02 4.42e-03    4.141 2.95e-02   0.1
      g_input_select_g_fanout_g_slice_arbs_0__fanout_slice_arb (VX_stream_arb_2_39) 8.00e-03    0.203   13.394    0.224   0.6
        g_input_select_g_arbiter_g_out_buf_0__out_buf (VX_elastic_buffer_622_2_1_0_39) 8.00e-03    0.203   13.394    0.224   0.6
          g_eb2_out_buf (VX_pipe_buffer_40) 4.81e-03 4.34e-03    4.140 1.33e-02   0.0
          g_eb2_stream_buffer (VX_stream_buffer_622_1_39) 3.18e-03    0.198    9.254    0.211   0.5
    g_multi_inputs_g_multiple_outputs_g_xbar_arbs_11__xbar_arb (VX_stream_arb_25) 2.79e-02    0.207   17.535    0.252   0.7
      g_input_select_g_fanout_fanout_join_arb (VX_stream_arb_3_20) 1.99e-02 4.42e-03    4.141 2.84e-02   0.1
        g_input_select_g_arbiter_g_out_buf_0__out_buf (VX_elastic_buffer_623_0_0_0_20) 1.99e-02 4.42e-03    4.141 2.84e-02   0.1
      g_input_select_g_fanout_g_slice_arbs_0__fanout_slice_arb (VX_stream_arb_2_41) 8.03e-03    0.203   13.394    0.224   0.6
        g_input_select_g_arbiter_g_out_buf_0__out_buf (VX_elastic_buffer_622_2_1_0_41) 8.03e-03    0.203   13.394    0.224   0.6
          g_eb2_out_buf (VX_pipe_buffer_42) 4.84e-03 4.34e-03    4.140 1.33e-02   0.0
          g_eb2_stream_buffer (VX_stream_buffer_622_1_41) 3.19e-03    0.198    9.254    0.211   0.5
    g_multi_inputs_g_multiple_outputs_g_xbar_arbs_10__xbar_arb (VX_stream_arb_26) 2.73e-02    0.207   17.534    0.252   0.7
      g_input_select_g_fanout_fanout_join_arb (VX_stream_arb_3_21) 1.94e-02 4.42e-03    4.140 2.79e-02   0.1
        g_input_select_g_arbiter_g_out_buf_0__out_buf (VX_elastic_buffer_623_0_0_0_21) 1.94e-02 4.42e-03    4.140 2.79e-02   0.1
      g_input_select_g_fanout_g_slice_arbs_0__fanout_slice_arb (VX_stream_arb_2_43) 7.91e-03    0.203   13.394    0.224   0.6
        g_input_select_g_arbiter_g_out_buf_0__out_buf (VX_elastic_buffer_622_2_1_0_43) 7.91e-03    0.203   13.394    0.224   0.6
          g_eb2_out_buf (VX_pipe_buffer_44) 4.68e-03 4.34e-03    4.140 1.32e-02   0.0
          g_eb2_stream_buffer (VX_stream_buffer_622_1_43) 3.24e-03    0.198    9.254    0.211   0.5
    g_multi_inputs_g_multiple_outputs_g_xbar_arbs_9__xbar_arb (VX_stream_arb_27) 2.75e-02    0.207   17.535    0.252   0.7
      g_input_select_g_fanout_fanout_join_arb (VX_stream_arb_3_22) 1.96e-02 4.42e-03    4.141 2.81e-02   0.1
        g_input_select_g_arbiter_g_out_buf_0__out_buf (VX_elastic_buffer_623_0_0_0_22) 1.96e-02 4.42e-03    4.141 2.81e-02   0.1
      g_input_select_g_fanout_g_slice_arbs_0__fanout_slice_arb (VX_stream_arb_2_45) 7.92e-03    0.203   13.394    0.224   0.6
        g_input_select_g_arbiter_g_out_buf_0__out_buf (VX_elastic_buffer_622_2_1_0_45) 7.92e-03    0.203   13.394    0.224   0.6
          g_eb2_out_buf (VX_pipe_buffer_46) 4.72e-03 4.34e-03    4.140 1.32e-02   0.0
          g_eb2_stream_buffer (VX_stream_buffer_622_1_45) 3.20e-03    0.198    9.254    0.211   0.5
    g_multi_inputs_g_multiple_outputs_g_xbar_arbs_8__xbar_arb (VX_stream_arb_28) 2.73e-02    0.207   17.535    0.252   0.7
      g_input_select_g_fanout_fanout_join_arb (VX_stream_arb_3_23) 1.93e-02 4.42e-03    4.141 2.79e-02   0.1
        g_input_select_g_arbiter_g_out_buf_0__out_buf (VX_elastic_buffer_623_0_0_0_23) 1.93e-02 4.42e-03    4.141 2.79e-02   0.1
      g_input_select_g_fanout_g_slice_arbs_0__fanout_slice_arb (VX_stream_arb_2_47) 8.00e-03    0.203   13.394    0.224   0.6
        g_input_select_g_arbiter_g_out_buf_0__out_buf (VX_elastic_buffer_622_2_1_0_47) 8.00e-03    0.203   13.394    0.224   0.6
          g_eb2_out_buf (VX_pipe_buffer_48) 4.81e-03 4.34e-03    4.140 1.33e-02   0.0
          g_eb2_stream_buffer (VX_stream_buffer_622_1_47) 3.20e-03    0.198    9.254    0.211   0.5
    g_multi_inputs_g_multiple_outputs_g_xbar_arbs_7__xbar_arb (VX_stream_arb_29) 3.44e-02    0.207   17.718    0.259   0.7
      g_input_select_g_fanout_fanout_join_arb (VX_stream_arb_3_24) 2.19e-02 4.43e-03    4.146 3.05e-02   0.1
        g_input_select_g_arbiter_g_out_buf_0__out_buf (VX_elastic_buffer_623_0_0_0_24) 2.19e-02 4.43e-03    4.146 3.05e-02   0.1
      g_input_select_g_fanout_g_slice_arbs_0__fanout_slice_arb (VX_stream_arb_2_49) 1.25e-02    0.203   13.572    0.229   0.6
        g_input_select_g_arbiter_g_out_buf_0__out_buf (VX_elastic_buffer_622_2_1_0_49) 1.25e-02    0.203   13.572    0.229   0.6
          g_eb2_out_buf (VX_pipe_buffer_50) 4.57e-03 4.35e-03    4.140 1.31e-02   0.0
          g_eb2_stream_buffer (VX_stream_buffer_622_1_49) 7.96e-03    0.198    9.432    0.216   0.6
    g_multi_inputs_g_multiple_outputs_g_xbar_arbs_6__xbar_arb (VX_stream_arb_30) 3.54e-02    0.207   17.717    0.260   0.7
      g_input_select_g_fanout_fanout_join_arb (VX_stream_arb_3_25) 2.29e-02 4.44e-03    4.145 3.15e-02   0.1
        g_input_select_g_arbiter_g_out_buf_0__out_buf (VX_elastic_buffer_623_0_0_0_25) 2.29e-02 4.44e-03    4.145 3.15e-02   0.1
      g_input_select_g_fanout_g_slice_arbs_0__fanout_slice_arb (VX_stream_arb_2_51) 1.25e-02    0.203   13.572    0.229   0.6
        g_input_select_g_arbiter_g_out_buf_0__out_buf (VX_elastic_buffer_622_2_1_0_51) 1.25e-02    0.203   13.572    0.229   0.6
          g_eb2_out_buf (VX_pipe_buffer_52) 4.52e-03 4.35e-03    4.140 1.30e-02   0.0
          g_eb2_stream_buffer (VX_stream_buffer_622_1_51) 7.97e-03    0.198    9.432    0.216   0.6
    g_multi_inputs_g_multiple_outputs_g_xbar_arbs_5__xbar_arb (VX_stream_arb_31) 3.47e-02    0.207   17.718    0.260   0.7
      g_input_select_g_fanout_fanout_join_arb (VX_stream_arb_3_26) 2.22e-02 4.44e-03    4.146 3.08e-02   0.1
        g_input_select_g_arbiter_g_out_buf_0__out_buf (VX_elastic_buffer_623_0_0_0_26) 2.22e-02 4.44e-03    4.146 3.08e-02   0.1
      g_input_select_g_fanout_g_slice_arbs_0__fanout_slice_arb (VX_stream_arb_2_53) 1.25e-02    0.203   13.572    0.229   0.6
        g_input_select_g_arbiter_g_out_buf_0__out_buf (VX_elastic_buffer_622_2_1_0_53) 1.25e-02    0.203   13.572    0.229   0.6
          g_eb2_out_buf (VX_pipe_buffer_54) 4.52e-03 4.35e-03    4.140 1.30e-02   0.0
          g_eb2_stream_buffer (VX_stream_buffer_622_1_53) 7.98e-03    0.198    9.432    0.216   0.6
    g_multi_inputs_g_multiple_outputs_g_xbar_arbs_4__xbar_arb (VX_stream_arb_32) 3.47e-02    0.207   17.719    0.260   0.7
      g_input_select_g_fanout_fanout_join_arb (VX_stream_arb_3_27) 2.20e-02 4.44e-03    4.147 3.06e-02   0.1
        g_input_select_g_arbiter_g_out_buf_0__out_buf (VX_elastic_buffer_623_0_0_0_27) 2.20e-02 4.44e-03    4.147 3.06e-02   0.1
      g_input_select_g_fanout_g_slice_arbs_0__fanout_slice_arb (VX_stream_arb_2_55) 1.26e-02    0.203   13.572    0.229   0.6
        g_input_select_g_arbiter_g_out_buf_0__out_buf (VX_elastic_buffer_622_2_1_0_55) 1.26e-02    0.203   13.572    0.229   0.6
          g_eb2_out_buf (VX_pipe_buffer_56) 4.60e-03 4.35e-03    4.140 1.31e-02   0.0
          g_eb2_stream_buffer (VX_stream_buffer_622_1_55) 8.01e-03    0.198    9.432    0.216   0.6
    g_multi_inputs_g_multiple_outputs_g_xbar_arbs_3__xbar_arb (VX_stream_arb_33) 3.43e-02    0.207   17.716    0.259   0.7
      g_input_select_g_fanout_fanout_join_arb (VX_stream_arb_3_28) 2.17e-02 4.43e-03    4.144 3.03e-02   0.1
        g_input_select_g_arbiter_g_out_buf_0__out_buf (VX_elastic_buffer_623_0_0_0_28) 2.17e-02 4.43e-03    4.144 3.03e-02   0.1
      g_input_select_g_fanout_g_slice_arbs_0__fanout_slice_arb (VX_stream_arb_2_57) 1.26e-02    0.203   13.572    0.229   0.6
        g_input_select_g_arbiter_g_out_buf_0__out_buf (VX_elastic_buffer_622_2_1_0_57) 1.26e-02    0.203   13.572    0.229   0.6
          g_eb2_out_buf (VX_pipe_buffer_58) 4.58e-03 4.35e-03    4.140 1.31e-02   0.0
          g_eb2_stream_buffer (VX_stream_buffer_622_1_57) 8.00e-03    0.198    9.432    0.216   0.6
    g_multi_inputs_g_multiple_outputs_g_xbar_arbs_2__xbar_arb (VX_stream_arb_34) 3.41e-02    0.207   17.729    0.259   0.7
      g_input_select_g_fanout_fanout_join_arb (VX_stream_arb_3_29) 2.11e-02 4.43e-03    4.144 2.97e-02   0.1
        g_input_select_g_arbiter_g_out_buf_0__out_buf (VX_elastic_buffer_623_0_0_0_29) 2.11e-02 4.43e-03    4.144 2.97e-02   0.1
      g_input_select_g_fanout_g_slice_arbs_0__fanout_slice_arb (VX_stream_arb_2_59) 1.30e-02    0.203   13.585    0.229   0.6
        g_input_select_g_arbiter_g_out_buf_0__out_buf (VX_elastic_buffer_622_2_1_0_59) 1.30e-02    0.203   13.585    0.229   0.6
          g_eb2_out_buf (VX_pipe_buffer_60) 4.61e-03 4.35e-03    4.140 1.31e-02   0.0
          g_eb2_stream_buffer (VX_stream_buffer_622_1_59) 8.36e-03    0.198    9.445    0.216   0.6
    g_multi_inputs_g_multiple_outputs_g_xbar_arbs_1__xbar_arb (VX_stream_arb_35) 5.30e-02    0.207   17.749    0.278   0.7
      g_input_select_g_fanout_fanout_join_arb (VX_stream_arb_3_30) 4.01e-02 4.50e-03    4.164 4.88e-02   0.1
        g_input_select_g_arbiter_g_out_buf_0__out_buf (VX_elastic_buffer_623_0_0_0_30) 4.01e-02 4.50e-03    4.164 4.88e-02   0.1
      g_input_select_g_fanout_g_slice_arbs_0__fanout_slice_arb (VX_stream_arb_2_61) 1.29e-02    0.203   13.585    0.229   0.6
        g_input_select_g_arbiter_g_out_buf_0__out_buf (VX_elastic_buffer_622_2_1_0_61) 1.29e-02    0.203   13.585    0.229   0.6
          g_eb2_out_buf (VX_pipe_buffer_62) 4.54e-03 4.35e-03    4.140 1.30e-02   0.0
          g_eb2_stream_buffer (VX_stream_buffer_622_1_61) 8.36e-03    0.198    9.445    0.216   0.6
    g_multi_inputs_g_multiple_outputs_g_xbar_arbs_0__xbar_arb (VX_stream_arb_36)    0.462    0.230   95.062    0.787   2.0
      g_input_select_g_fanout_fanout_join_arb (VX_stream_arb_3_31)    0.198 1.67e-02    9.996    0.225   0.6
        g_input_select_g_arbiter_g_out_buf_0__out_buf (VX_elastic_buffer_623_0_0_0_31)    0.181 6.45e-03    4.404    0.192   0.5
        g_input_select_g_arbiter_arbiter (VX_generic_arbiter_1_31) 4.22e-04 7.54e-04 8.48e-02 1.26e-03   0.0
          g_round_robin_rr_arbiter (VX_rr_arbiter_1_31) 4.22e-04 7.54e-04 8.48e-02 1.26e-03   0.0
            g_model1_onehot_encoder (VX_onehot_encoder_1_31) 1.38e-05 1.72e-05 1.17e-02 4.26e-05   0.0
      g_input_select_g_fanout_g_slice_arbs_1__fanout_slice_arb (VX_stream_arb_2_62)    0.144    0.107   43.098    0.294   0.8
        g_input_select_g_arbiter_g_out_buf_0__out_buf (VX_elastic_buffer_622_2_1_0_62) 3.63e-02 8.47e-02   28.901    0.150   0.4
          g_eb2_out_buf (VX_pipe_buffer_63) 3.58e-03 2.24e-03    4.180 1.00e-02   0.0
          g_eb2_stream_buffer (VX_stream_buffer_622_1_62) 3.27e-02 8.25e-02   24.721    0.140   0.4
        g_input_select_g_arbiter_arbiter (VX_generic_arbiter_128) 1.93e-03 7.84e-04    0.380 3.10e-03   0.0
          g_round_robin_rr_arbiter (VX_rr_arbiter_128) 1.93e-03 7.84e-04    0.380 3.10e-03   0.0
            g_model1_onehot_encoder (VX_onehot_encoder_128) 4.93e-04 4.67e-05 4.32e-02 5.83e-04   0.0
      g_input_select_g_fanout_g_slice_arbs_0__fanout_slice_arb (VX_stream_arb_2_63)    0.118    0.106   41.929    0.266   0.7
        g_input_select_g_arbiter_g_out_buf_0__out_buf (VX_elastic_buffer_622_2_1_0_63) 3.47e-02 8.46e-02   28.888    0.148   0.4
          g_eb2_out_buf (VX_pipe_buffer_64) 4.15e-03 2.25e-03    4.182 1.06e-02   0.0
          g_eb2_stream_buffer (VX_stream_buffer_622_1_63) 3.05e-02 8.23e-02   24.706    0.138   0.4
        g_input_select_g_arbiter_arbiter (VX_generic_arbiter_129) 2.20e-03 8.06e-04    0.393 3.40e-03   0.0
          g_round_robin_rr_arbiter (VX_rr_arbiter_129) 1.86e-03 7.90e-04    0.386 3.04e-03   0.0
            g_model1_onehot_encoder (VX_onehot_encoder_129) 7.85e-04 6.11e-05 5.57e-02 9.02e-04   0.0
    g_multi_inputs_g_multiple_outputs_val_in_transpose (VX_transpose_1_1) 1.34e-04 1.20e-04    0.107 3.61e-04   0.0
    g_multi_inputs_g_multiple_outputs_g_sel_in_demux_15__sel_in_demux (VX_demux_0) 3.94e-06 7.22e-06 6.71e-03 1.79e-05   0.0
    g_multi_inputs_g_multiple_outputs_g_sel_in_demux_14__sel_in_demux (VX_demux_2) 3.49e-06 7.41e-06 6.70e-03 1.76e-05   0.0
    g_multi_inputs_g_multiple_outputs_g_sel_in_demux_13__sel_in_demux (VX_demux_3) 3.48e-06 7.04e-06 6.70e-03 1.72e-05   0.0
    g_multi_inputs_g_multiple_outputs_g_sel_in_demux_12__sel_in_demux (VX_demux_4) 4.07e-06 7.05e-06 6.72e-03 1.78e-05   0.0
    g_multi_inputs_g_multiple_outputs_g_sel_in_demux_11__sel_in_demux (VX_demux_5) 7.24e-06 7.42e-06 6.68e-03 2.13e-05   0.0
    g_multi_inputs_g_multiple_outputs_g_sel_in_demux_10__sel_in_demux (VX_demux_6) 4.76e-06 7.12e-06 6.69e-03 1.86e-05   0.0
    g_multi_inputs_g_multiple_outputs_g_sel_in_demux_9__sel_in_demux (VX_demux_7) 3.15e-06 7.08e-06 6.70e-03 1.69e-05   0.0
    g_multi_inputs_g_multiple_outputs_g_sel_in_demux_8__sel_in_demux (VX_demux_8) 5.35e-06 7.23e-06 6.69e-03 1.93e-05   0.0
    g_multi_inputs_g_multiple_outputs_g_sel_in_demux_7__sel_in_demux (VX_demux_9) 3.96e-06 7.31e-06 6.71e-03 1.80e-05   0.0
    g_multi_inputs_g_multiple_outputs_g_sel_in_demux_6__sel_in_demux (VX_demux_10) 3.66e-06 7.05e-06 6.70e-03 1.74e-05   0.0
    g_multi_inputs_g_multiple_outputs_g_sel_in_demux_5__sel_in_demux (VX_demux_11) 4.61e-06 6.99e-06 6.69e-03 1.83e-05   0.0
    g_multi_inputs_g_multiple_outputs_g_sel_in_demux_4__sel_in_demux (VX_demux_12) 4.39e-06 7.44e-06 6.71e-03 1.85e-05   0.0
    g_multi_inputs_g_multiple_outputs_g_sel_in_demux_3__sel_in_demux (VX_demux_13) 6.79e-06 7.16e-06 6.69e-03 2.06e-05   0.0
    g_multi_inputs_g_multiple_outputs_g_sel_in_demux_2__sel_in_demux (VX_demux_14) 3.83e-06 7.21e-06 6.71e-03 1.77e-05   0.0
    g_multi_inputs_g_multiple_outputs_g_sel_in_demux_1__sel_in_demux (VX_demux_15) 3.47e-06 7.18e-06 6.70e-03 1.74e-05   0.0
    g_multi_inputs_g_multiple_outputs_g_sel_in_demux_0__sel_in_demux (VX_demux_16) 3.32e-06 7.63e-06 6.70e-03 1.77e-05   0.0
    g_multi_inputs_g_multiple_outputs_rdy_in_transpose (VX_transpose_2) 8.26e-05 3.74e-05 9.83e-02 2.18e-04   0.0
  g_tag_buf_15__g_enabled_tag_buf (VX_index_buffer_0) 5.36e-03 9.04e-03    6.201 2.06e-02   0.1
    data_table (VX_dp_ram_0)           2.38e-03 6.09e-03    5.418 1.39e-02   0.0
      g_async_g_bram_async_ram_patch (VX_async_ram_patch_16_16_1_1_1_0_0_1_0__0000_0) 2.38e-03 6.09e-03    5.418 1.39e-02   0.0
        g_async_ram_placeholder2 (VX_placeholder_1) 9.68e-05    0.000    0.000 9.68e-05   0.0
        placeholder1 (VX_placeholder)  1.34e-05    0.000    0.000 1.34e-05   0.0
    allocator (VX_allocator_0)         5.31e-04 2.83e-03    0.676 4.03e-03   0.0
      free_slots_sel (VX_priority_encoder_0) 1.80e-06 2.10e-06 6.45e-02 6.84e-05   0.0
        g_lsb_g_model1_lzc (VX_lzc_0)  1.80e-06 2.10e-06 6.45e-02 6.84e-05   0.0
          g_lzc_find_first (VX_find_first_16_4_0_0) 1.80e-06 2.10e-06 6.45e-02 6.84e-05   0.0
  g_tag_buf_14__g_enabled_tag_buf (VX_index_buffer_1) 5.18e-03 8.85e-03    6.171 2.02e-02   0.1
    data_table (VX_dp_ram_1)           2.19e-03 6.00e-03    5.387 1.36e-02   0.0
      g_async_g_bram_async_ram_patch (VX_async_ram_patch_16_16_1_1_1_0_0_1_0__0000_1) 2.19e-03 6.00e-03    5.387 1.36e-02   0.0
        g_async_ram_placeholder2 (VX_placeholder_1) 9.22e-05    0.000    0.000 9.22e-05   0.0
        placeholder1 (VX_placeholder)  1.35e-05    0.000    0.000 1.35e-05   0.0
    allocator (VX_allocator_1)         5.42e-04 2.73e-03    0.677 3.95e-03   0.0
      free_slots_sel (VX_priority_encoder_1) 1.91e-06 2.29e-06 6.47e-02 6.89e-05   0.0
        g_lsb_g_model1_lzc (VX_lzc_1)  1.91e-06 2.29e-06 6.47e-02 6.89e-05   0.0
          g_lzc_find_first (VX_find_first_16_4_0_1) 1.91e-06 2.29e-06 6.47e-02 6.89e-05   0.0
  g_tag_buf_13__g_enabled_tag_buf (VX_index_buffer_2) 5.57e-03 8.89e-03    6.188 2.07e-02   0.1
    data_table (VX_dp_ram_2)           2.31e-03 6.06e-03    5.405 1.38e-02   0.0
      g_async_g_bram_async_ram_patch (VX_async_ram_patch_16_16_1_1_1_0_0_1_0__0000_2) 2.31e-03 6.06e-03    5.405 1.38e-02   0.0
        g_async_ram_placeholder2 (VX_placeholder_1) 9.14e-05    0.000    0.000 9.14e-05   0.0
        placeholder1 (VX_placeholder)  1.43e-05    0.000    0.000 1.43e-05   0.0
    allocator (VX_allocator_2)         5.16e-04 2.71e-03    0.676 3.90e-03   0.0
      free_slots_sel (VX_priority_encoder_2) 1.73e-06 2.03e-06 6.47e-02 6.84e-05   0.0
        g_lsb_g_model1_lzc (VX_lzc_2)  1.73e-06 2.03e-06 6.47e-02 6.84e-05   0.0
          g_lzc_find_first (VX_find_first_16_4_0_2) 1.73e-06 2.03e-06 6.47e-02 6.84e-05   0.0
  g_tag_buf_12__g_enabled_tag_buf (VX_index_buffer_3) 4.82e-03 8.86e-03    6.185 1.99e-02   0.1
    data_table (VX_dp_ram_3)           2.23e-03 5.98e-03    5.403 1.36e-02   0.0
      g_async_g_bram_async_ram_patch (VX_async_ram_patch_16_16_1_1_1_0_0_1_0__0000_3) 2.23e-03 5.98e-03    5.403 1.36e-02   0.0
        g_async_ram_placeholder2 (VX_placeholder_1) 9.30e-05    0.000    0.000 9.30e-05   0.0
        placeholder1 (VX_placeholder)  1.39e-05    0.000    0.000 1.39e-05   0.0
    allocator (VX_allocator_3)         5.15e-04 2.76e-03    0.675 3.95e-03   0.0
      free_slots_sel (VX_priority_encoder_3) 1.76e-06 1.97e-06 6.46e-02 6.83e-05   0.0
        g_lsb_g_model1_lzc (VX_lzc_3)  1.76e-06 1.97e-06 6.46e-02 6.83e-05   0.0
          g_lzc_find_first (VX_find_first_16_4_0_3) 1.76e-06 1.97e-06 6.46e-02 6.83e-05   0.0
  g_tag_buf_11__g_enabled_tag_buf (VX_index_buffer_4) 6.81e-03 9.01e-03    6.209 2.20e-02   0.1
    data_table (VX_dp_ram_4)           2.38e-03 6.11e-03    5.420 1.39e-02   0.0
      g_async_g_bram_async_ram_patch (VX_async_ram_patch_16_16_1_1_1_0_0_1_0__0000_4) 2.38e-03 6.11e-03    5.420 1.39e-02   0.0
        g_async_ram_placeholder2 (VX_placeholder_1) 9.73e-05    0.000    0.000 9.73e-05   0.0
        placeholder1 (VX_placeholder)  1.48e-05    0.000    0.000 1.48e-05   0.0
    allocator (VX_allocator_4)         5.32e-04 2.76e-03    0.674 3.96e-03   0.0
      free_slots_sel (VX_priority_encoder_4) 1.62e-06 1.83e-06 6.47e-02 6.81e-05   0.0
        g_lsb_g_model1_lzc (VX_lzc_4)  1.62e-06 1.83e-06 6.47e-02 6.81e-05   0.0
          g_lzc_find_first (VX_find_first_16_4_0_4) 1.62e-06 1.83e-06 6.47e-02 6.81e-05   0.0
  g_tag_buf_10__g_enabled_tag_buf (VX_index_buffer_5) 5.44e-03 8.84e-03    6.175 2.05e-02   0.1
    data_table (VX_dp_ram_5)           2.07e-03 5.98e-03    5.385 1.34e-02   0.0
      g_async_g_bram_async_ram_patch (VX_async_ram_patch_16_16_1_1_1_0_0_1_0__0000_5) 2.07e-03 5.98e-03    5.385 1.34e-02   0.0
        g_async_ram_placeholder2 (VX_placeholder_1) 9.35e-05    0.000    0.000 9.35e-05   0.0
        placeholder1 (VX_placeholder)  1.31e-05    0.000    0.000 1.31e-05   0.0
    allocator (VX_allocator_5)         5.28e-04 2.72e-03    0.675 3.93e-03   0.0
      free_slots_sel (VX_priority_encoder_5) 1.97e-06 2.25e-06 6.46e-02 6.88e-05   0.0
        g_lsb_g_model1_lzc (VX_lzc_5)  1.97e-06 2.25e-06 6.46e-02 6.88e-05   0.0
          g_lzc_find_first (VX_find_first_16_4_0_5) 1.97e-06 2.25e-06 6.46e-02 6.88e-05   0.0
  g_tag_buf_9__g_enabled_tag_buf (VX_index_buffer_6) 7.57e-03 8.94e-03    6.216 2.27e-02   0.1
    data_table (VX_dp_ram_6)           3.51e-03 6.10e-03    5.420 1.50e-02   0.0
      g_async_g_bram_async_ram_patch (VX_async_ram_patch_16_16_1_1_1_0_0_1_0__0000_6) 2.41e-03 6.06e-03    5.406 1.39e-02   0.0
        g_async_ram_placeholder2 (VX_placeholder_1) 9.54e-05    0.000    0.000 9.54e-05   0.0
        placeholder1 (VX_placeholder)  2.22e-05    0.000    0.000 2.22e-05   0.0
    allocator (VX_allocator_6)         1.61e-03 2.71e-03    0.689 5.01e-03   0.0
      free_slots_sel (VX_priority_encoder_6) 1.93e-06 2.23e-06 6.48e-02 6.89e-05   0.0
        g_lsb_g_model1_lzc (VX_lzc_6)  1.93e-06 2.23e-06 6.48e-02 6.89e-05   0.0
          g_lzc_find_first (VX_find_first_16_4_0_6) 1.93e-06 2.23e-06 6.48e-02 6.89e-05   0.0
  g_tag_buf_8__g_enabled_tag_buf (VX_index_buffer_7) 6.22e-03 8.99e-03    6.206 2.14e-02   0.1
    data_table (VX_dp_ram_7)           2.35e-03 6.10e-03    5.417 1.39e-02   0.0
      g_async_g_bram_async_ram_patch (VX_async_ram_patch_16_16_1_1_1_0_0_1_0__0000_7) 2.35e-03 6.10e-03    5.417 1.39e-02   0.0
        g_async_ram_placeholder2 (VX_placeholder_1) 8.94e-05    0.000    0.000 8.94e-05   0.0
        placeholder1 (VX_placeholder)  1.33e-05    0.000    0.000 1.33e-05   0.0
    allocator (VX_allocator_7)         5.17e-04 2.75e-03    0.675 3.95e-03   0.0
      free_slots_sel (VX_priority_encoder_7) 1.85e-06 2.19e-06 6.47e-02 6.87e-05   0.0
        g_lsb_g_model1_lzc (VX_lzc_7)  1.85e-06 2.19e-06 6.47e-02 6.87e-05   0.0
          g_lzc_find_first (VX_find_first_16_4_0_7) 1.85e-06 2.19e-06 6.47e-02 6.87e-05   0.0
  g_tag_buf_7__g_enabled_tag_buf (VX_index_buffer_8) 6.30e-03 8.93e-03    6.203 2.14e-02   0.1
    data_table (VX_dp_ram_8)           2.24e-03 6.06e-03    5.412 1.37e-02   0.0
      g_async_g_bram_async_ram_patch (VX_async_ram_patch_16_16_1_1_1_0_0_1_0__0000_8) 2.24e-03 6.06e-03    5.412 1.37e-02   0.0
        g_async_ram_placeholder2 (VX_placeholder_1) 8.94e-05    0.000    0.000 8.94e-05   0.0
        placeholder1 (VX_placeholder)  1.35e-05    0.000    0.000 1.35e-05   0.0
    allocator (VX_allocator_8)         5.08e-04 2.73e-03    0.676 3.91e-03   0.0
      free_slots_sel (VX_priority_encoder_8) 1.93e-06 2.30e-06 6.46e-02 6.89e-05   0.0
        g_lsb_g_model1_lzc (VX_lzc_8)  1.93e-06 2.30e-06 6.46e-02 6.89e-05   0.0
          g_lzc_find_first (VX_find_first_16_4_0_8) 1.93e-06 2.30e-06 6.46e-02 6.89e-05   0.0
  g_tag_buf_6__g_enabled_tag_buf (VX_index_buffer_9) 6.57e-03 9.02e-03    6.198 2.18e-02   0.1
    data_table (VX_dp_ram_9)           2.32e-03 6.12e-03    5.408 1.38e-02   0.0
      g_async_g_bram_async_ram_patch (VX_async_ram_patch_16_16_1_1_1_0_0_1_0__0000_9) 2.32e-03 6.12e-03    5.408 1.38e-02   0.0
        g_async_ram_placeholder2 (VX_placeholder_1) 8.95e-05    0.000    0.000 8.95e-05   0.0
        placeholder1 (VX_placeholder)  1.31e-05    0.000    0.000 1.31e-05   0.0
    allocator (VX_allocator_9)         5.15e-04 2.76e-03    0.675 3.95e-03   0.0
      free_slots_sel (VX_priority_encoder_9) 1.96e-06 2.19e-06 6.47e-02 6.88e-05   0.0
        g_lsb_g_model1_lzc (VX_lzc_9)  1.96e-06 2.19e-06 6.47e-02 6.88e-05   0.0
          g_lzc_find_first (VX_find_first_16_4_0_9) 1.96e-06 2.19e-06 6.47e-02 6.88e-05   0.0
  g_tag_buf_5__g_enabled_tag_buf (VX_index_buffer_10) 5.93e-03 8.94e-03    6.190 2.11e-02   0.1
    data_table (VX_dp_ram_10)          2.40e-03 6.12e-03    5.407 1.39e-02   0.0
      g_async_g_bram_async_ram_patch (VX_async_ram_patch_16_16_1_1_1_0_0_1_0__0000_10) 2.40e-03 6.12e-03    5.407 1.39e-02   0.0
        g_async_ram_placeholder2 (VX_placeholder_1) 8.89e-05    0.000    0.000 8.89e-05   0.0
        placeholder1 (VX_placeholder)  1.36e-05    0.000    0.000 1.36e-05   0.0
    allocator (VX_allocator_10)        5.29e-04 2.69e-03    0.675 3.89e-03   0.0
      free_slots_sel (VX_priority_encoder_10) 1.78e-06 2.08e-06 6.46e-02 6.85e-05   0.0
        g_lsb_g_model1_lzc (VX_lzc_10) 1.78e-06 2.08e-06 6.46e-02 6.85e-05   0.0
          g_lzc_find_first (VX_find_first_16_4_0_10) 1.78e-06 2.08e-06 6.46e-02 6.85e-05   0.0
  g_tag_buf_4__g_enabled_tag_buf (VX_index_buffer_11) 6.43e-03 9.03e-03    6.210 2.17e-02   0.1
    data_table (VX_dp_ram_11)          2.60e-03 6.16e-03    5.427 1.42e-02   0.0
      g_async_g_bram_async_ram_patch (VX_async_ram_patch_16_16_1_1_1_0_0_1_0__0000_11) 2.60e-03 6.16e-03    5.427 1.42e-02   0.0
        g_async_ram_placeholder2 (VX_placeholder_1) 9.44e-05    0.000    0.000 9.44e-05   0.0
        placeholder1 (VX_placeholder)  1.33e-05    0.000    0.000 1.33e-05   0.0
    allocator (VX_allocator_11)        5.29e-04 2.75e-03    0.676 3.95e-03   0.0
      free_slots_sel (VX_priority_encoder_11) 1.92e-06 2.18e-06 6.46e-02 6.87e-05   0.0
        g_lsb_g_model1_lzc (VX_lzc_11) 1.92e-06 2.18e-06 6.46e-02 6.87e-05   0.0
          g_lzc_find_first (VX_find_first_16_4_0_11) 1.92e-06 2.18e-06 6.46e-02 6.87e-05   0.0
  g_tag_buf_3__g_enabled_tag_buf (VX_index_buffer_12) 7.44e-03 9.16e-03    6.182 2.28e-02   0.1
    data_table (VX_dp_ram_12)          2.88e-03 6.22e-03    5.392 1.45e-02   0.0
      g_async_g_bram_async_ram_patch (VX_async_ram_patch_16_16_1_1_1_0_0_1_0__0000_12) 2.88e-03 6.22e-03    5.392 1.45e-02   0.0
        g_async_ram_placeholder2 (VX_placeholder_1) 9.58e-05    0.000    0.000 9.58e-05   0.0
        placeholder1 (VX_placeholder)  1.30e-05    0.000    0.000 1.30e-05   0.0
    allocator (VX_allocator_12)        5.19e-04 2.79e-03    0.675 3.98e-03   0.0
      free_slots_sel (VX_priority_encoder_12) 1.76e-06 2.10e-06 6.46e-02 6.85e-05   0.0
        g_lsb_g_model1_lzc (VX_lzc_12) 1.76e-06 2.10e-06 6.46e-02 6.85e-05   0.0
          g_lzc_find_first (VX_find_first_16_4_0_12) 1.76e-06 2.10e-06 6.46e-02 6.85e-05   0.0
  g_tag_buf_2__g_enabled_tag_buf (VX_index_buffer_13) 5.67e-03 8.92e-03    6.161 2.08e-02   0.1
    data_table (VX_dp_ram_13)          2.33e-03 6.05e-03    5.378 1.38e-02   0.0
      g_async_g_bram_async_ram_patch (VX_async_ram_patch_16_16_1_1_1_0_0_1_0__0000_13) 2.33e-03 6.05e-03    5.378 1.38e-02   0.0
        g_async_ram_placeholder2 (VX_placeholder_1) 9.71e-05    0.000    0.000 9.71e-05   0.0
        placeholder1 (VX_placeholder)  1.35e-05    0.000    0.000 1.35e-05   0.0
    allocator (VX_allocator_13)        5.26e-04 2.74e-03    0.676 3.94e-03   0.0
      free_slots_sel (VX_priority_encoder_13) 1.78e-06 1.98e-06 6.45e-02 6.83e-05   0.0
        g_lsb_g_model1_lzc (VX_lzc_13) 1.78e-06 1.98e-06 6.45e-02 6.83e-05   0.0
          g_lzc_find_first (VX_find_first_16_4_0_13) 1.78e-06 1.98e-06 6.45e-02 6.83e-05   0.0
  g_tag_buf_1__g_enabled_tag_buf (VX_index_buffer_14) 6.87e-03 8.94e-03    6.187 2.20e-02   0.1
    data_table (VX_dp_ram_14)          2.30e-03 6.08e-03    5.398 1.38e-02   0.0
      g_async_g_bram_async_ram_patch (VX_async_ram_patch_16_16_1_1_1_0_0_1_0__0000_14) 2.30e-03 6.08e-03    5.398 1.38e-02   0.0
        g_async_ram_placeholder2 (VX_placeholder_1) 8.87e-05    0.000    0.000 8.87e-05   0.0
        placeholder1 (VX_placeholder)  1.29e-05    0.000    0.000 1.29e-05   0.0
    allocator (VX_allocator_14)        5.25e-04 2.72e-03    0.675 3.92e-03   0.0
      free_slots_sel (VX_priority_encoder_14) 2.07e-06 2.38e-06 6.47e-02 6.91e-05   0.0
        g_lsb_g_model1_lzc (VX_lzc_14) 2.07e-06 2.38e-06 6.47e-02 6.91e-05   0.0
          g_lzc_find_first (VX_find_first_16_4_0_14) 2.07e-06 2.38e-06 6.47e-02 6.91e-05   0.0
  g_tag_buf_0__g_enabled_tag_buf (VX_index_buffer_15) 5.20e-03 8.95e-03    6.191 2.03e-02   0.1
    data_table (VX_dp_ram_15)          2.32e-03 6.04e-03    5.408 1.38e-02   0.0
      g_async_g_bram_async_ram_patch (VX_async_ram_patch_16_16_1_1_1_0_0_1_0__0000_15) 2.32e-03 6.04e-03    5.408 1.38e-02   0.0
        g_async_ram_placeholder2 (VX_placeholder_1) 9.56e-05    0.000    0.000 9.56e-05   0.0
        placeholder1 (VX_placeholder)  1.74e-05    0.000    0.000 1.74e-05   0.0
    allocator (VX_allocator_15)        5.33e-04 2.80e-03    0.675 4.01e-03   0.0
      free_slots_sel (VX_priority_encoder_15) 1.73e-06 2.07e-06 6.46e-02 6.84e-05   0.0
        g_lsb_g_model1_lzc (VX_lzc_15) 1.73e-06 2.07e-06 6.46e-02 6.84e-05   0.0
          g_lzc_find_first (VX_find_first_16_4_0_15) 1.73e-06 2.07e-06 6.46e-02 6.84e-05   0.0
1
