 
****************************************
Report : timing
        -path full
        -delay max
        -nets
        -max_paths 10
        -transition_time
Design : VX_lmem_switch__e7d6dfdc853f
Scenario(s): mode_norm.OC_rvt_ss_0p900v_125c
Version: V-2023.12-SP5-3
Date   : Tue Jul 21 05:32:14 2026
****************************************

 * Some/all delay information is back-annotated.
Wire Load Model Mode: Inactive.

  Startpoint: req_gemm_buf/g_eb1_pipe_buffer/g_register_g_pipe_regs_0__pipe_register/g_shift_register/g_shift_pipe_reg_0__3427_
              (rising edge-triggered flip-flop clocked by CLK)
  Endpoint: req_gemm_buf/g_eb1_pipe_buffer/g_register_g_pipe_regs_0__pipe_register/g_shift_register/g_shift_pipe_reg_0__3427_
            (rising edge-triggered flip-flop clocked by CLK)
  Scenario: mode_norm.OC_rvt_ss_0p900v_125c
  Path Group: CLK
  Path Type: max

Attributes:
    d - dont_touch
    u - dont_use
   mo - map_only
   so - size_only
    i - ideal_net or ideal_network
  inf - infeasible path

  Point                                                                                                                            Fanout     Trans      Incr       Path      Attributes     Voltage
  --------------------------------------------------------------------------------------------------------------------------------------------------------------------------------------------------------
  clock CLK (rise edge)                                                                                                                                  0.00       0.00                     
  clock network delay (ideal)                                                                                                                            0.00       0.00                     
  req_gemm_buf/g_eb1_pipe_buffer/g_register_g_pipe_regs_0__pipe_register/g_shift_register/g_shift_pipe_reg_0__3427_/CK (DFFQ_X0P5M_A9TR)       0.00      0.00       0.00 r    i              0.90
  req_gemm_buf/g_eb1_pipe_buffer/g_register_g_pipe_regs_0__pipe_register/g_shift_register/g_shift_pipe_reg_0__3427_/Q (DFFQ_X0P5M_A9TR)        0.29      0.25       0.25 r                   0.90
  req_gemm_buf/g_eb1_pipe_buffer/g_register_g_pipe_regs_0__pipe_register/g_shift_register/data_out[3427] (net)                       3                   0.00       0.25 r                   
  req_gemm_buf/g_eb1_pipe_buffer/g_register_g_pipe_regs_0__pipe_register/g_shift_register/data_out[3427] (VX_shift_register_3428_1_1_0_1)                0.00       0.25 r                   
  req_gemm_buf/g_eb1_pipe_buffer/g_register_g_pipe_regs_0__pipe_register/data_out[3427] (net)                                                            0.00       0.25 r                   
  req_gemm_buf/g_eb1_pipe_buffer/g_register_g_pipe_regs_0__pipe_register/data_out[3427] (VX_pipe_register_30_1)                                          0.00       0.25 r                   
  req_gemm_buf/g_eb1_pipe_buffer/valid_out (net)                                                                                                         0.00       0.25 r                   
  req_gemm_buf/g_eb1_pipe_buffer/U1/Y (NAND2XB_X1M_A9TR)                                                                                       0.19      0.18 *     0.43 f                   0.90
  req_gemm_buf/g_eb1_pipe_buffer/ready_in (net)                                                                                      7                   0.00       0.43 f                   
  req_gemm_buf/g_eb1_pipe_buffer/g_register_g_pipe_regs_0__pipe_register/enable (VX_pipe_register_30_1)                                                  0.00       0.43 f                   
  req_gemm_buf/g_eb1_pipe_buffer/g_register_g_pipe_regs_0__pipe_register/enable (net)                                                                    0.00       0.43 f                   
  req_gemm_buf/g_eb1_pipe_buffer/g_register_g_pipe_regs_0__pipe_register/g_shift_register/enable (VX_shift_register_3428_1_1_0_1)                        0.00       0.43 f                   
  req_gemm_buf/g_eb1_pipe_buffer/g_register_g_pipe_regs_0__pipe_register/g_shift_register/enable (net)                                                   0.00       0.43 f                   
  req_gemm_buf/g_eb1_pipe_buffer/g_register_g_pipe_regs_0__pipe_register/g_shift_register/U4/Y (AOI22_X0P5M_A9TR)                              0.08      0.11 *     0.54 r                   0.90
  req_gemm_buf/g_eb1_pipe_buffer/g_register_g_pipe_regs_0__pipe_register/g_shift_register/n7 (net)                                   1                   0.00       0.54 r                   
  req_gemm_buf/g_eb1_pipe_buffer/g_register_g_pipe_regs_0__pipe_register/g_shift_register/U5/Y (NOR2_X0P5B_A9TR)                               0.03      0.04 *     0.58 f                   0.90
  req_gemm_buf/g_eb1_pipe_buffer/g_register_g_pipe_regs_0__pipe_register/g_shift_register/n3 (net)                                   1                   0.00       0.58 f                   
  req_gemm_buf/g_eb1_pipe_buffer/g_register_g_pipe_regs_0__pipe_register/g_shift_register/g_shift_pipe_reg_0__3427_/D (DFFQ_X0P5M_A9TR)        0.03      0.00 *     0.58 f                   0.90
  data arrival time                                                                                                                                                 0.58                     

  clock CLK (rise edge)                                                                                                                                  9.90       9.90                     
  clock network delay (ideal)                                                                                                                            0.00       9.90                     
  req_gemm_buf/g_eb1_pipe_buffer/g_register_g_pipe_regs_0__pipe_register/g_shift_register/g_shift_pipe_reg_0__3427_/CK (DFFQ_X0P5M_A9TR)                 0.00       9.90 r                   
  library setup time                                                                                                                                    -0.04       9.86                     
  data required time                                                                                                                                                9.86                     
  --------------------------------------------------------------------------------------------------------------------------------------------------------------------------------------------------------
  data required time                                                                                                                                                9.86                     
  data arrival time                                                                                                                                                -0.58                     
  --------------------------------------------------------------------------------------------------------------------------------------------------------------------------------------------------------
  slack (MET)                                                                                                                                                       9.28                     


  Startpoint: req_global_buf/g_eb1_pipe_buffer/g_register_g_pipe_regs_0__pipe_register/g_shift_register/g_shift_pipe_reg_0__3427_
              (rising edge-triggered flip-flop clocked by CLK)
  Endpoint: req_global_buf/g_eb1_pipe_buffer/g_register_g_pipe_regs_0__pipe_register/g_shift_register/g_shift_pipe_reg_0__3427_
            (rising edge-triggered flip-flop clocked by CLK)
  Scenario: mode_norm.OC_rvt_ss_0p900v_125c
  Path Group: CLK
  Path Type: max

Attributes:
    d - dont_touch
    u - dont_use
   mo - map_only
   so - size_only
    i - ideal_net or ideal_network
  inf - infeasible path

  Point                                                                                                                              Fanout     Trans      Incr       Path      Attributes     Voltage
  ----------------------------------------------------------------------------------------------------------------------------------------------------------------------------------------------------------
  clock CLK (rise edge)                                                                                                                                    0.00       0.00                     
  clock network delay (ideal)                                                                                                                              0.00       0.00                     
  req_global_buf/g_eb1_pipe_buffer/g_register_g_pipe_regs_0__pipe_register/g_shift_register/g_shift_pipe_reg_0__3427_/CK (DFFQ_X0P5M_A9TR)       0.00      0.00       0.00 r    i              0.90
  req_global_buf/g_eb1_pipe_buffer/g_register_g_pipe_regs_0__pipe_register/g_shift_register/g_shift_pipe_reg_0__3427_/Q (DFFQ_X0P5M_A9TR)        0.28      0.25       0.25 r                   0.90
  req_global_buf/g_eb1_pipe_buffer/g_register_g_pipe_regs_0__pipe_register/g_shift_register/data_out[3427] (net)                       3                   0.00       0.25 r                   
  req_global_buf/g_eb1_pipe_buffer/g_register_g_pipe_regs_0__pipe_register/g_shift_register/data_out[3427] (VX_shift_register_3428_1_1_0_3)                0.00       0.25 r                   
  req_global_buf/g_eb1_pipe_buffer/g_register_g_pipe_regs_0__pipe_register/data_out[3427] (net)                                                            0.00       0.25 r                   
  req_global_buf/g_eb1_pipe_buffer/g_register_g_pipe_regs_0__pipe_register/data_out[3427] (VX_pipe_register_30_3)                                          0.00       0.25 r                   
  req_global_buf/g_eb1_pipe_buffer/valid_out (net)                                                                                                         0.00       0.25 r                   
  req_global_buf/g_eb1_pipe_buffer/U1/Y (NAND2XB_X1M_A9TR)                                                                                       0.18      0.17 *     0.42 f                   0.90
  req_global_buf/g_eb1_pipe_buffer/ready_in (net)                                                                                      7                   0.00       0.42 f                   
  req_global_buf/g_eb1_pipe_buffer/g_register_g_pipe_regs_0__pipe_register/enable (VX_pipe_register_30_3)                                                  0.00       0.42 f                   
  req_global_buf/g_eb1_pipe_buffer/g_register_g_pipe_regs_0__pipe_register/enable (net)                                                                    0.00       0.42 f                   
  req_global_buf/g_eb1_pipe_buffer/g_register_g_pipe_regs_0__pipe_register/g_shift_register/enable (VX_shift_register_3428_1_1_0_3)                        0.00       0.42 f                   
  req_global_buf/g_eb1_pipe_buffer/g_register_g_pipe_regs_0__pipe_register/g_shift_register/enable (net)                                                   0.00       0.42 f                   
  req_global_buf/g_eb1_pipe_buffer/g_register_g_pipe_regs_0__pipe_register/g_shift_register/U4/Y (AOI22_X0P5M_A9TR)                              0.08      0.11 *     0.52 r                   0.90
  req_global_buf/g_eb1_pipe_buffer/g_register_g_pipe_regs_0__pipe_register/g_shift_register/n2 (net)                                   1                   0.00       0.52 r                   
  req_global_buf/g_eb1_pipe_buffer/g_register_g_pipe_regs_0__pipe_register/g_shift_register/U5/Y (NOR2_X0P5B_A9TR)                               0.03      0.04 *     0.57 f                   0.90
  req_global_buf/g_eb1_pipe_buffer/g_register_g_pipe_regs_0__pipe_register/g_shift_register/n4 (net)                                   1                   0.00       0.57 f                   
  req_global_buf/g_eb1_pipe_buffer/g_register_g_pipe_regs_0__pipe_register/g_shift_register/g_shift_pipe_reg_0__3427_/D (DFFQ_X0P5M_A9TR)        0.03      0.00 *     0.57 f                   0.90
  data arrival time                                                                                                                                                   0.57                     

  clock CLK (rise edge)                                                                                                                                    9.90       9.90                     
  clock network delay (ideal)                                                                                                                              0.00       9.90                     
  req_global_buf/g_eb1_pipe_buffer/g_register_g_pipe_regs_0__pipe_register/g_shift_register/g_shift_pipe_reg_0__3427_/CK (DFFQ_X0P5M_A9TR)                 0.00       9.90 r                   
  library setup time                                                                                                                                      -0.04       9.86                     
  data required time                                                                                                                                                  9.86                     
  ----------------------------------------------------------------------------------------------------------------------------------------------------------------------------------------------------------
  data required time                                                                                                                                                  9.86                     
  data arrival time                                                                                                                                                  -0.57                     
  ----------------------------------------------------------------------------------------------------------------------------------------------------------------------------------------------------------
  slack (MET)                                                                                                                                                         9.29                     


  Startpoint: req_local_buf/g_eb1_pipe_buffer/g_register_g_pipe_regs_0__pipe_register/g_shift_register/g_shift_pipe_reg_0__3427_
              (rising edge-triggered flip-flop clocked by CLK)
  Endpoint: req_local_buf/g_eb1_pipe_buffer/g_register_g_pipe_regs_0__pipe_register/g_shift_register/g_shift_pipe_reg_0__3427_
            (rising edge-triggered flip-flop clocked by CLK)
  Scenario: mode_norm.OC_rvt_ss_0p900v_125c
  Path Group: CLK
  Path Type: max

Attributes:
    d - dont_touch
    u - dont_use
   mo - map_only
   so - size_only
    i - ideal_net or ideal_network
  inf - infeasible path

  Point                                                                                                                             Fanout     Trans      Incr       Path      Attributes     Voltage
  ---------------------------------------------------------------------------------------------------------------------------------------------------------------------------------------------------------
  clock CLK (rise edge)                                                                                                                                   0.00       0.00                     
  clock network delay (ideal)                                                                                                                             0.00       0.00                     
  req_local_buf/g_eb1_pipe_buffer/g_register_g_pipe_regs_0__pipe_register/g_shift_register/g_shift_pipe_reg_0__3427_/CK (DFFQ_X0P5M_A9TR)       0.00      0.00       0.00 r    i              0.90
  req_local_buf/g_eb1_pipe_buffer/g_register_g_pipe_regs_0__pipe_register/g_shift_register/g_shift_pipe_reg_0__3427_/Q (DFFQ_X0P5M_A9TR)        0.25      0.23       0.23 r                   0.90
  req_local_buf/g_eb1_pipe_buffer/g_register_g_pipe_regs_0__pipe_register/g_shift_register/data_out[3427] (net)                       3                   0.00       0.23 r                   
  req_local_buf/g_eb1_pipe_buffer/g_register_g_pipe_regs_0__pipe_register/g_shift_register/data_out[3427] (VX_shift_register_3428_1_1_0_2)                0.00       0.23 r                   
  req_local_buf/g_eb1_pipe_buffer/g_register_g_pipe_regs_0__pipe_register/data_out[3427] (net)                                                            0.00       0.23 r                   
  req_local_buf/g_eb1_pipe_buffer/g_register_g_pipe_regs_0__pipe_register/data_out[3427] (VX_pipe_register_30_2)                                          0.00       0.23 r                   
  req_local_buf/g_eb1_pipe_buffer/valid_out (net)                                                                                                         0.00       0.23 r                   
  req_local_buf/g_eb1_pipe_buffer/U1/Y (NAND2XB_X1M_A9TR)                                                                                       0.18      0.17 *     0.40 f                   0.90
  req_local_buf/g_eb1_pipe_buffer/ready_in (net)                                                                                      7                   0.00       0.40 f                   
  req_local_buf/g_eb1_pipe_buffer/g_register_g_pipe_regs_0__pipe_register/enable (VX_pipe_register_30_2)                                                  0.00       0.40 f                   
  req_local_buf/g_eb1_pipe_buffer/g_register_g_pipe_regs_0__pipe_register/enable (net)                                                                    0.00       0.40 f                   
  req_local_buf/g_eb1_pipe_buffer/g_register_g_pipe_regs_0__pipe_register/g_shift_register/enable (VX_shift_register_3428_1_1_0_2)                        0.00       0.40 f                   
  req_local_buf/g_eb1_pipe_buffer/g_register_g_pipe_regs_0__pipe_register/g_shift_register/enable (net)                                                   0.00       0.40 f                   
  req_local_buf/g_eb1_pipe_buffer/g_register_g_pipe_regs_0__pipe_register/g_shift_register/U4/Y (AOI22_X0P5M_A9TR)                              0.07      0.10 *     0.50 r                   0.90
  req_local_buf/g_eb1_pipe_buffer/g_register_g_pipe_regs_0__pipe_register/g_shift_register/n7 (net)                                   1                   0.00       0.50 r                   
  req_local_buf/g_eb1_pipe_buffer/g_register_g_pipe_regs_0__pipe_register/g_shift_register/U5/Y (NOR2_X0P5B_A9TR)                               0.03      0.04 *     0.54 f                   0.90
  req_local_buf/g_eb1_pipe_buffer/g_register_g_pipe_regs_0__pipe_register/g_shift_register/n3 (net)                                   1                   0.00       0.54 f                   
  req_local_buf/g_eb1_pipe_buffer/g_register_g_pipe_regs_0__pipe_register/g_shift_register/g_shift_pipe_reg_0__3427_/D (DFFQ_X0P5M_A9TR)        0.03      0.00 *     0.54 f                   0.90
  data arrival time                                                                                                                                                  0.54                     

  clock CLK (rise edge)                                                                                                                                   9.90       9.90                     
  clock network delay (ideal)                                                                                                                             0.00       9.90                     
  req_local_buf/g_eb1_pipe_buffer/g_register_g_pipe_regs_0__pipe_register/g_shift_register/g_shift_pipe_reg_0__3427_/CK (DFFQ_X0P5M_A9TR)                 0.00       9.90 r                   
  library setup time                                                                                                                                     -0.04       9.86                     
  data required time                                                                                                                                                 9.86                     
  ---------------------------------------------------------------------------------------------------------------------------------------------------------------------------------------------------------
  data required time                                                                                                                                                 9.86                     
  data arrival time                                                                                                                                                 -0.54                     
  ---------------------------------------------------------------------------------------------------------------------------------------------------------------------------------------------------------
  slack (MET)                                                                                                                                                        9.32                     


  Startpoint: req_dma_buf/g_eb1_pipe_buffer/g_register_g_pipe_regs_0__pipe_register/g_shift_register/g_shift_pipe_reg_0__3427_
              (rising edge-triggered flip-flop clocked by CLK)
  Endpoint: req_dma_buf/g_eb1_pipe_buffer/g_register_g_pipe_regs_0__pipe_register/g_shift_register/g_shift_pipe_reg_0__3427_
            (rising edge-triggered flip-flop clocked by CLK)
  Scenario: mode_norm.OC_rvt_ss_0p900v_125c
  Path Group: CLK
  Path Type: max

Attributes:
    d - dont_touch
    u - dont_use
   mo - map_only
   so - size_only
    i - ideal_net or ideal_network
  inf - infeasible path

  Point                                                                                                                           Fanout     Trans      Incr       Path      Attributes     Voltage
  -------------------------------------------------------------------------------------------------------------------------------------------------------------------------------------------------------
  clock CLK (rise edge)                                                                                                                                 0.00       0.00                     
  clock network delay (ideal)                                                                                                                           0.00       0.00                     
  req_dma_buf/g_eb1_pipe_buffer/g_register_g_pipe_regs_0__pipe_register/g_shift_register/g_shift_pipe_reg_0__3427_/CK (DFFQ_X0P5M_A9TR)       0.00      0.00       0.00 r    i              0.90
  req_dma_buf/g_eb1_pipe_buffer/g_register_g_pipe_regs_0__pipe_register/g_shift_register/g_shift_pipe_reg_0__3427_/Q (DFFQ_X0P5M_A9TR)        0.24      0.23       0.23 r                   0.90
  req_dma_buf/g_eb1_pipe_buffer/g_register_g_pipe_regs_0__pipe_register/g_shift_register/data_out[3427] (net)                       3                   0.00       0.23 r                   
  req_dma_buf/g_eb1_pipe_buffer/g_register_g_pipe_regs_0__pipe_register/g_shift_register/data_out[3427] (VX_shift_register_3428_1_1_0_0)                0.00       0.23 r                   
  req_dma_buf/g_eb1_pipe_buffer/g_register_g_pipe_regs_0__pipe_register/data_out[3427] (net)                                                            0.00       0.23 r                   
  req_dma_buf/g_eb1_pipe_buffer/g_register_g_pipe_regs_0__pipe_register/data_out[3427] (VX_pipe_register_30_0)                                          0.00       0.23 r                   
  req_dma_buf/g_eb1_pipe_buffer/valid_out (net)                                                                                                         0.00       0.23 r                   
  req_dma_buf/g_eb1_pipe_buffer/U1/Y (NAND2XB_X1M_A9TR)                                                                                       0.18      0.17 *     0.39 f                   0.90
  req_dma_buf/g_eb1_pipe_buffer/ready_in (net)                                                                                      7                   0.00       0.39 f                   
  req_dma_buf/g_eb1_pipe_buffer/g_register_g_pipe_regs_0__pipe_register/enable (VX_pipe_register_30_0)                                                  0.00       0.39 f                   
  req_dma_buf/g_eb1_pipe_buffer/g_register_g_pipe_regs_0__pipe_register/enable (net)                                                                    0.00       0.39 f                   
  req_dma_buf/g_eb1_pipe_buffer/g_register_g_pipe_regs_0__pipe_register/g_shift_register/enable (VX_shift_register_3428_1_1_0_0)                        0.00       0.39 f                   
  req_dma_buf/g_eb1_pipe_buffer/g_register_g_pipe_regs_0__pipe_register/g_shift_register/enable (net)                                                   0.00       0.39 f                   
  req_dma_buf/g_eb1_pipe_buffer/g_register_g_pipe_regs_0__pipe_register/g_shift_register/U4/Y (AOI22_X0P5M_A9TR)                              0.07      0.10 *     0.50 r                   0.90
  req_dma_buf/g_eb1_pipe_buffer/g_register_g_pipe_regs_0__pipe_register/g_shift_register/n7 (net)                                   1                   0.00       0.50 r                   
  req_dma_buf/g_eb1_pipe_buffer/g_register_g_pipe_regs_0__pipe_register/g_shift_register/U5/Y (NOR2_X0P5B_A9TR)                               0.03      0.04 *     0.54 f                   0.90
  req_dma_buf/g_eb1_pipe_buffer/g_register_g_pipe_regs_0__pipe_register/g_shift_register/n3 (net)                                   1                   0.00       0.54 f                   
  req_dma_buf/g_eb1_pipe_buffer/g_register_g_pipe_regs_0__pipe_register/g_shift_register/g_shift_pipe_reg_0__3427_/D (DFFQ_X0P5M_A9TR)        0.03      0.00 *     0.54 f                   0.90
  data arrival time                                                                                                                                                0.54                     

  clock CLK (rise edge)                                                                                                                                 9.90       9.90                     
  clock network delay (ideal)                                                                                                                           0.00       9.90                     
  req_dma_buf/g_eb1_pipe_buffer/g_register_g_pipe_regs_0__pipe_register/g_shift_register/g_shift_pipe_reg_0__3427_/CK (DFFQ_X0P5M_A9TR)                 0.00       9.90 r                   
  library setup time                                                                                                                                   -0.04       9.86                     
  data required time                                                                                                                                               9.86                     
  -------------------------------------------------------------------------------------------------------------------------------------------------------------------------------------------------------
  data required time                                                                                                                                               9.86                     
  data arrival time                                                                                                                                               -0.54                     
  -------------------------------------------------------------------------------------------------------------------------------------------------------------------------------------------------------
  slack (MET)                                                                                                                                                      9.32                     


  Startpoint: req_gemm_buf/g_eb1_pipe_buffer/g_register_g_pipe_regs_0__pipe_register/g_shift_register/g_shift_pipe_reg_0__3427_
              (rising edge-triggered flip-flop clocked by CLK)
  Endpoint: req_gemm_buf/g_eb1_pipe_buffer/g_register_g_pipe_regs_0__pipe_register/g_shift_register/clk_gate_g_shift_pipe_reg_0__0/latch
            (gating element for clock CLK)
  Scenario: mode_norm.OC_rvt_ss_0p900v_125c
  Path Group: CLK
  Path Type: max

Attributes:
    d - dont_touch
    u - dont_use
   mo - map_only
   so - size_only
    i - ideal_net or ideal_network
  inf - infeasible path

  Point                                                                                                                                                                      Fanout     Trans      Incr       Path      Attributes     Voltage
  --------------------------------------------------------------------------------------------------------------------------------------------------------------------------------------------------------------------------------------------------
  clock CLK (rise edge)                                                                                                                                                                            0.00       0.00                     
  clock network delay (ideal)                                                                                                                                                                      0.00       0.00                     
  req_gemm_buf/g_eb1_pipe_buffer/g_register_g_pipe_regs_0__pipe_register/g_shift_register/g_shift_pipe_reg_0__3427_/CK (DFFQ_X0P5M_A9TR)                                                 0.00      0.00       0.00 r    i              0.90
  req_gemm_buf/g_eb1_pipe_buffer/g_register_g_pipe_regs_0__pipe_register/g_shift_register/g_shift_pipe_reg_0__3427_/Q (DFFQ_X0P5M_A9TR)                                                  0.29      0.25       0.25 r                   0.90
  req_gemm_buf/g_eb1_pipe_buffer/g_register_g_pipe_regs_0__pipe_register/g_shift_register/data_out[3427] (net)                                                                 3                   0.00       0.25 r                   
  req_gemm_buf/g_eb1_pipe_buffer/g_register_g_pipe_regs_0__pipe_register/g_shift_register/data_out[3427] (VX_shift_register_3428_1_1_0_1)                                                          0.00       0.25 r                   
  req_gemm_buf/g_eb1_pipe_buffer/g_register_g_pipe_regs_0__pipe_register/data_out[3427] (net)                                                                                                      0.00       0.25 r                   
  req_gemm_buf/g_eb1_pipe_buffer/g_register_g_pipe_regs_0__pipe_register/data_out[3427] (VX_pipe_register_30_1)                                                                                    0.00       0.25 r                   
  req_gemm_buf/g_eb1_pipe_buffer/valid_out (net)                                                                                                                                                   0.00       0.25 r                   
  req_gemm_buf/g_eb1_pipe_buffer/U1/Y (NAND2XB_X1M_A9TR)                                                                                                                                 0.19      0.18 *     0.43 f                   0.90
  req_gemm_buf/g_eb1_pipe_buffer/ready_in (net)                                                                                                                                7                   0.00       0.43 f                   
  req_gemm_buf/g_eb1_pipe_buffer/g_register_g_pipe_regs_0__pipe_register/enable (VX_pipe_register_30_1)                                                                                            0.00       0.43 f                   
  req_gemm_buf/g_eb1_pipe_buffer/g_register_g_pipe_regs_0__pipe_register/enable (net)                                                                                                              0.00       0.43 f                   
  req_gemm_buf/g_eb1_pipe_buffer/g_register_g_pipe_regs_0__pipe_register/g_shift_register/enable (VX_shift_register_3428_1_1_0_1)                                                                  0.00       0.43 f                   
  req_gemm_buf/g_eb1_pipe_buffer/g_register_g_pipe_regs_0__pipe_register/g_shift_register/enable (net)                                                                                             0.00       0.43 f                   
  req_gemm_buf/g_eb1_pipe_buffer/g_register_g_pipe_regs_0__pipe_register/g_shift_register/clk_gate_g_shift_pipe_reg_0__0/EN (SNPS_CLOCK_GATE_HIGH_VX_shift_register_3428_1_1_0_0_6)                0.00       0.43 f                   
  req_gemm_buf/g_eb1_pipe_buffer/g_register_g_pipe_regs_0__pipe_register/g_shift_register/clk_gate_g_shift_pipe_reg_0__0/EN (net)                                                                  0.00       0.43 f                   
  req_gemm_buf/g_eb1_pipe_buffer/g_register_g_pipe_regs_0__pipe_register/g_shift_register/clk_gate_g_shift_pipe_reg_0__0/latch/E (PREICG_X0P5B_A9TR)                                     0.19      0.00 *     0.43 f    u so           0.90
  data arrival time                                                                                                                                                                                           0.43                     

  clock CLK (rise edge)                                                                                                                                                                            9.90       9.90                     
  clock network delay (ideal)                                                                                                                                                                      0.00       9.90                     
  req_gemm_buf/g_eb1_pipe_buffer/g_register_g_pipe_regs_0__pipe_register/g_shift_register/clk_gate_g_shift_pipe_reg_0__0/latch/CK (PREICG_X0P5B_A9TR)                                              0.00       9.90 r                   
  clock gating setup time                                                                                                                                                                         -0.13       9.77                     
  data required time                                                                                                                                                                                          9.77                     
  --------------------------------------------------------------------------------------------------------------------------------------------------------------------------------------------------------------------------------------------------
  data required time                                                                                                                                                                                          9.77                     
  data arrival time                                                                                                                                                                                          -0.43                     
  --------------------------------------------------------------------------------------------------------------------------------------------------------------------------------------------------------------------------------------------------
  slack (MET)                                                                                                                                                                                                 9.33                     


  Startpoint: req_gemm_buf/g_eb1_pipe_buffer/g_register_g_pipe_regs_0__pipe_register/g_shift_register/g_shift_pipe_reg_0__3427_
              (rising edge-triggered flip-flop clocked by CLK)
  Endpoint: req_gemm_buf/g_eb1_pipe_buffer/g_register_g_pipe_regs_0__pipe_register/g_shift_register/clk_gate_g_shift_pipe_reg_0__2/latch
            (gating element for clock CLK)
  Scenario: mode_norm.OC_rvt_ss_0p900v_125c
  Path Group: CLK
  Path Type: max

Attributes:
    d - dont_touch
    u - dont_use
   mo - map_only
   so - size_only
    i - ideal_net or ideal_network
  inf - infeasible path

  Point                                                                                                                                                                      Fanout     Trans      Incr       Path      Attributes     Voltage
  --------------------------------------------------------------------------------------------------------------------------------------------------------------------------------------------------------------------------------------------------
  clock CLK (rise edge)                                                                                                                                                                            0.00       0.00                     
  clock network delay (ideal)                                                                                                                                                                      0.00       0.00                     
  req_gemm_buf/g_eb1_pipe_buffer/g_register_g_pipe_regs_0__pipe_register/g_shift_register/g_shift_pipe_reg_0__3427_/CK (DFFQ_X0P5M_A9TR)                                                 0.00      0.00       0.00 r    i              0.90
  req_gemm_buf/g_eb1_pipe_buffer/g_register_g_pipe_regs_0__pipe_register/g_shift_register/g_shift_pipe_reg_0__3427_/Q (DFFQ_X0P5M_A9TR)                                                  0.29      0.25       0.25 r                   0.90
  req_gemm_buf/g_eb1_pipe_buffer/g_register_g_pipe_regs_0__pipe_register/g_shift_register/data_out[3427] (net)                                                                 3                   0.00       0.25 r                   
  req_gemm_buf/g_eb1_pipe_buffer/g_register_g_pipe_regs_0__pipe_register/g_shift_register/data_out[3427] (VX_shift_register_3428_1_1_0_1)                                                          0.00       0.25 r                   
  req_gemm_buf/g_eb1_pipe_buffer/g_register_g_pipe_regs_0__pipe_register/data_out[3427] (net)                                                                                                      0.00       0.25 r                   
  req_gemm_buf/g_eb1_pipe_buffer/g_register_g_pipe_regs_0__pipe_register/data_out[3427] (VX_pipe_register_30_1)                                                                                    0.00       0.25 r                   
  req_gemm_buf/g_eb1_pipe_buffer/valid_out (net)                                                                                                                                                   0.00       0.25 r                   
  req_gemm_buf/g_eb1_pipe_buffer/U1/Y (NAND2XB_X1M_A9TR)                                                                                                                                 0.19      0.18 *     0.43 f                   0.90
  req_gemm_buf/g_eb1_pipe_buffer/ready_in (net)                                                                                                                                7                   0.00       0.43 f                   
  req_gemm_buf/g_eb1_pipe_buffer/g_register_g_pipe_regs_0__pipe_register/enable (VX_pipe_register_30_1)                                                                                            0.00       0.43 f                   
  req_gemm_buf/g_eb1_pipe_buffer/g_register_g_pipe_regs_0__pipe_register/enable (net)                                                                                                              0.00       0.43 f                   
  req_gemm_buf/g_eb1_pipe_buffer/g_register_g_pipe_regs_0__pipe_register/g_shift_register/enable (VX_shift_register_3428_1_1_0_1)                                                                  0.00       0.43 f                   
  req_gemm_buf/g_eb1_pipe_buffer/g_register_g_pipe_regs_0__pipe_register/g_shift_register/enable (net)                                                                                             0.00       0.43 f                   
  req_gemm_buf/g_eb1_pipe_buffer/g_register_g_pipe_regs_0__pipe_register/g_shift_register/clk_gate_g_shift_pipe_reg_0__2/EN (SNPS_CLOCK_GATE_HIGH_VX_shift_register_3428_1_1_0_0_4)                0.00       0.43 f                   
  req_gemm_buf/g_eb1_pipe_buffer/g_register_g_pipe_regs_0__pipe_register/g_shift_register/clk_gate_g_shift_pipe_reg_0__2/EN (net)                                                                  0.00       0.43 f                   
  req_gemm_buf/g_eb1_pipe_buffer/g_register_g_pipe_regs_0__pipe_register/g_shift_register/clk_gate_g_shift_pipe_reg_0__2/latch/E (PREICG_X0P5B_A9TR)                                     0.19      0.00 *     0.43 f    u so           0.90
  data arrival time                                                                                                                                                                                           0.43                     

  clock CLK (rise edge)                                                                                                                                                                            9.90       9.90                     
  clock network delay (ideal)                                                                                                                                                                      0.00       9.90                     
  req_gemm_buf/g_eb1_pipe_buffer/g_register_g_pipe_regs_0__pipe_register/g_shift_register/clk_gate_g_shift_pipe_reg_0__2/latch/CK (PREICG_X0P5B_A9TR)                                              0.00       9.90 r                   
  clock gating setup time                                                                                                                                                                         -0.13       9.77                     
  data required time                                                                                                                                                                                          9.77                     
  --------------------------------------------------------------------------------------------------------------------------------------------------------------------------------------------------------------------------------------------------
  data required time                                                                                                                                                                                          9.77                     
  data arrival time                                                                                                                                                                                          -0.43                     
  --------------------------------------------------------------------------------------------------------------------------------------------------------------------------------------------------------------------------------------------------
  slack (MET)                                                                                                                                                                                                 9.33                     


  Startpoint: req_gemm_buf/g_eb1_pipe_buffer/g_register_g_pipe_regs_0__pipe_register/g_shift_register/g_shift_pipe_reg_0__3427_
              (rising edge-triggered flip-flop clocked by CLK)
  Endpoint: req_gemm_buf/g_eb1_pipe_buffer/g_register_g_pipe_regs_0__pipe_register/g_shift_register/clk_gate_g_shift_pipe_reg_0__1/latch
            (gating element for clock CLK)
  Scenario: mode_norm.OC_rvt_ss_0p900v_125c
  Path Group: CLK
  Path Type: max

Attributes:
    d - dont_touch
    u - dont_use
   mo - map_only
   so - size_only
    i - ideal_net or ideal_network
  inf - infeasible path

  Point                                                                                                                                                                      Fanout     Trans      Incr       Path      Attributes     Voltage
  --------------------------------------------------------------------------------------------------------------------------------------------------------------------------------------------------------------------------------------------------
  clock CLK (rise edge)                                                                                                                                                                            0.00       0.00                     
  clock network delay (ideal)                                                                                                                                                                      0.00       0.00                     
  req_gemm_buf/g_eb1_pipe_buffer/g_register_g_pipe_regs_0__pipe_register/g_shift_register/g_shift_pipe_reg_0__3427_/CK (DFFQ_X0P5M_A9TR)                                                 0.00      0.00       0.00 r    i              0.90
  req_gemm_buf/g_eb1_pipe_buffer/g_register_g_pipe_regs_0__pipe_register/g_shift_register/g_shift_pipe_reg_0__3427_/Q (DFFQ_X0P5M_A9TR)                                                  0.29      0.25       0.25 r                   0.90
  req_gemm_buf/g_eb1_pipe_buffer/g_register_g_pipe_regs_0__pipe_register/g_shift_register/data_out[3427] (net)                                                                 3                   0.00       0.25 r                   
  req_gemm_buf/g_eb1_pipe_buffer/g_register_g_pipe_regs_0__pipe_register/g_shift_register/data_out[3427] (VX_shift_register_3428_1_1_0_1)                                                          0.00       0.25 r                   
  req_gemm_buf/g_eb1_pipe_buffer/g_register_g_pipe_regs_0__pipe_register/data_out[3427] (net)                                                                                                      0.00       0.25 r                   
  req_gemm_buf/g_eb1_pipe_buffer/g_register_g_pipe_regs_0__pipe_register/data_out[3427] (VX_pipe_register_30_1)                                                                                    0.00       0.25 r                   
  req_gemm_buf/g_eb1_pipe_buffer/valid_out (net)                                                                                                                                                   0.00       0.25 r                   
  req_gemm_buf/g_eb1_pipe_buffer/U1/Y (NAND2XB_X1M_A9TR)                                                                                                                                 0.19      0.18 *     0.43 f                   0.90
  req_gemm_buf/g_eb1_pipe_buffer/ready_in (net)                                                                                                                                7                   0.00       0.43 f                   
  req_gemm_buf/g_eb1_pipe_buffer/g_register_g_pipe_regs_0__pipe_register/enable (VX_pipe_register_30_1)                                                                                            0.00       0.43 f                   
  req_gemm_buf/g_eb1_pipe_buffer/g_register_g_pipe_regs_0__pipe_register/enable (net)                                                                                                              0.00       0.43 f                   
  req_gemm_buf/g_eb1_pipe_buffer/g_register_g_pipe_regs_0__pipe_register/g_shift_register/enable (VX_shift_register_3428_1_1_0_1)                                                                  0.00       0.43 f                   
  req_gemm_buf/g_eb1_pipe_buffer/g_register_g_pipe_regs_0__pipe_register/g_shift_register/enable (net)                                                                                             0.00       0.43 f                   
  req_gemm_buf/g_eb1_pipe_buffer/g_register_g_pipe_regs_0__pipe_register/g_shift_register/clk_gate_g_shift_pipe_reg_0__1/EN (SNPS_CLOCK_GATE_HIGH_VX_shift_register_3428_1_1_0_0_5)                0.00       0.43 f                   
  req_gemm_buf/g_eb1_pipe_buffer/g_register_g_pipe_regs_0__pipe_register/g_shift_register/clk_gate_g_shift_pipe_reg_0__1/EN (net)                                                                  0.00       0.43 f                   
  req_gemm_buf/g_eb1_pipe_buffer/g_register_g_pipe_regs_0__pipe_register/g_shift_register/clk_gate_g_shift_pipe_reg_0__1/latch/E (PREICG_X0P5B_A9TR)                                     0.19      0.00 *     0.43 f    u so           0.90
  data arrival time                                                                                                                                                                                           0.43                     

  clock CLK (rise edge)                                                                                                                                                                            9.90       9.90                     
  clock network delay (ideal)                                                                                                                                                                      0.00       9.90                     
  req_gemm_buf/g_eb1_pipe_buffer/g_register_g_pipe_regs_0__pipe_register/g_shift_register/clk_gate_g_shift_pipe_reg_0__1/latch/CK (PREICG_X0P5B_A9TR)                                              0.00       9.90 r                   
  clock gating setup time                                                                                                                                                                         -0.13       9.77                     
  data required time                                                                                                                                                                                          9.77                     
  --------------------------------------------------------------------------------------------------------------------------------------------------------------------------------------------------------------------------------------------------
  data required time                                                                                                                                                                                          9.77                     
  data arrival time                                                                                                                                                                                          -0.43                     
  --------------------------------------------------------------------------------------------------------------------------------------------------------------------------------------------------------------------------------------------------
  slack (MET)                                                                                                                                                                                                 9.33                     


  Startpoint: req_gemm_buf/g_eb1_pipe_buffer/g_register_g_pipe_regs_0__pipe_register/g_shift_register/g_shift_pipe_reg_0__3427_
              (rising edge-triggered flip-flop clocked by CLK)
  Endpoint: req_gemm_buf/g_eb1_pipe_buffer/g_register_g_pipe_regs_0__pipe_register/g_shift_register/clk_gate_g_shift_pipe_reg_0_/latch
            (gating element for clock CLK)
  Scenario: mode_norm.OC_rvt_ss_0p900v_125c
  Path Group: CLK
  Path Type: max

Attributes:
    d - dont_touch
    u - dont_use
   mo - map_only
   so - size_only
    i - ideal_net or ideal_network
  inf - infeasible path

  Point                                                                                                                                                                    Fanout     Trans      Incr       Path      Attributes     Voltage
  ------------------------------------------------------------------------------------------------------------------------------------------------------------------------------------------------------------------------------------------------
  clock CLK (rise edge)                                                                                                                                                                          0.00       0.00                     
  clock network delay (ideal)                                                                                                                                                                    0.00       0.00                     
  req_gemm_buf/g_eb1_pipe_buffer/g_register_g_pipe_regs_0__pipe_register/g_shift_register/g_shift_pipe_reg_0__3427_/CK (DFFQ_X0P5M_A9TR)                                               0.00      0.00       0.00 r    i              0.90
  req_gemm_buf/g_eb1_pipe_buffer/g_register_g_pipe_regs_0__pipe_register/g_shift_register/g_shift_pipe_reg_0__3427_/Q (DFFQ_X0P5M_A9TR)                                                0.29      0.25       0.25 r                   0.90
  req_gemm_buf/g_eb1_pipe_buffer/g_register_g_pipe_regs_0__pipe_register/g_shift_register/data_out[3427] (net)                                                               3                   0.00       0.25 r                   
  req_gemm_buf/g_eb1_pipe_buffer/g_register_g_pipe_regs_0__pipe_register/g_shift_register/data_out[3427] (VX_shift_register_3428_1_1_0_1)                                                        0.00       0.25 r                   
  req_gemm_buf/g_eb1_pipe_buffer/g_register_g_pipe_regs_0__pipe_register/data_out[3427] (net)                                                                                                    0.00       0.25 r                   
  req_gemm_buf/g_eb1_pipe_buffer/g_register_g_pipe_regs_0__pipe_register/data_out[3427] (VX_pipe_register_30_1)                                                                                  0.00       0.25 r                   
  req_gemm_buf/g_eb1_pipe_buffer/valid_out (net)                                                                                                                                                 0.00       0.25 r                   
  req_gemm_buf/g_eb1_pipe_buffer/U1/Y (NAND2XB_X1M_A9TR)                                                                                                                               0.19      0.18 *     0.43 f                   0.90
  req_gemm_buf/g_eb1_pipe_buffer/ready_in (net)                                                                                                                              7                   0.00       0.43 f                   
  req_gemm_buf/g_eb1_pipe_buffer/g_register_g_pipe_regs_0__pipe_register/enable (VX_pipe_register_30_1)                                                                                          0.00       0.43 f                   
  req_gemm_buf/g_eb1_pipe_buffer/g_register_g_pipe_regs_0__pipe_register/enable (net)                                                                                                            0.00       0.43 f                   
  req_gemm_buf/g_eb1_pipe_buffer/g_register_g_pipe_regs_0__pipe_register/g_shift_register/enable (VX_shift_register_3428_1_1_0_1)                                                                0.00       0.43 f                   
  req_gemm_buf/g_eb1_pipe_buffer/g_register_g_pipe_regs_0__pipe_register/g_shift_register/enable (net)                                                                                           0.00       0.43 f                   
  req_gemm_buf/g_eb1_pipe_buffer/g_register_g_pipe_regs_0__pipe_register/g_shift_register/clk_gate_g_shift_pipe_reg_0_/EN (SNPS_CLOCK_GATE_HIGH_VX_shift_register_3428_1_1_0_0_7)                0.00       0.43 f                   
  req_gemm_buf/g_eb1_pipe_buffer/g_register_g_pipe_regs_0__pipe_register/g_shift_register/clk_gate_g_shift_pipe_reg_0_/EN (net)                                                                  0.00       0.43 f                   
  req_gemm_buf/g_eb1_pipe_buffer/g_register_g_pipe_regs_0__pipe_register/g_shift_register/clk_gate_g_shift_pipe_reg_0_/latch/E (PREICG_X0P5B_A9TR)                                     0.19      0.00 *     0.43 f    u so           0.90
  data arrival time                                                                                                                                                                                         0.43                     

  clock CLK (rise edge)                                                                                                                                                                          9.90       9.90                     
  clock network delay (ideal)                                                                                                                                                                    0.00       9.90                     
  req_gemm_buf/g_eb1_pipe_buffer/g_register_g_pipe_regs_0__pipe_register/g_shift_register/clk_gate_g_shift_pipe_reg_0_/latch/CK (PREICG_X0P5B_A9TR)                                              0.00       9.90 r                   
  clock gating setup time                                                                                                                                                                       -0.13       9.77                     
  data required time                                                                                                                                                                                        9.77                     
  ------------------------------------------------------------------------------------------------------------------------------------------------------------------------------------------------------------------------------------------------
  data required time                                                                                                                                                                                        9.77                     
  data arrival time                                                                                                                                                                                        -0.43                     
  ------------------------------------------------------------------------------------------------------------------------------------------------------------------------------------------------------------------------------------------------
  slack (MET)                                                                                                                                                                                               9.33                     


  Startpoint: req_global_buf/g_eb1_pipe_buffer/g_register_g_pipe_regs_0__pipe_register/g_shift_register/g_shift_pipe_reg_0__3427_
              (rising edge-triggered flip-flop clocked by CLK)
  Endpoint: req_global_buf/g_eb1_pipe_buffer/g_register_g_pipe_regs_0__pipe_register/g_shift_register/clk_gate_g_shift_pipe_reg_0__2/latch
            (gating element for clock CLK)
  Scenario: mode_norm.OC_rvt_ss_0p900v_125c
  Path Group: CLK
  Path Type: max

Attributes:
    d - dont_touch
    u - dont_use
   mo - map_only
   so - size_only
    i - ideal_net or ideal_network
  inf - infeasible path

  Point                                                                                                                                                                         Fanout     Trans      Incr       Path      Attributes     Voltage
  -----------------------------------------------------------------------------------------------------------------------------------------------------------------------------------------------------------------------------------------------------
  clock CLK (rise edge)                                                                                                                                                                               0.00       0.00                     
  clock network delay (ideal)                                                                                                                                                                         0.00       0.00                     
  req_global_buf/g_eb1_pipe_buffer/g_register_g_pipe_regs_0__pipe_register/g_shift_register/g_shift_pipe_reg_0__3427_/CK (DFFQ_X0P5M_A9TR)                                                  0.00      0.00       0.00 r    i              0.90
  req_global_buf/g_eb1_pipe_buffer/g_register_g_pipe_regs_0__pipe_register/g_shift_register/g_shift_pipe_reg_0__3427_/Q (DFFQ_X0P5M_A9TR)                                                   0.28      0.25       0.25 r                   0.90
  req_global_buf/g_eb1_pipe_buffer/g_register_g_pipe_regs_0__pipe_register/g_shift_register/data_out[3427] (net)                                                                  3                   0.00       0.25 r                   
  req_global_buf/g_eb1_pipe_buffer/g_register_g_pipe_regs_0__pipe_register/g_shift_register/data_out[3427] (VX_shift_register_3428_1_1_0_3)                                                           0.00       0.25 r                   
  req_global_buf/g_eb1_pipe_buffer/g_register_g_pipe_regs_0__pipe_register/data_out[3427] (net)                                                                                                       0.00       0.25 r                   
  req_global_buf/g_eb1_pipe_buffer/g_register_g_pipe_regs_0__pipe_register/data_out[3427] (VX_pipe_register_30_3)                                                                                     0.00       0.25 r                   
  req_global_buf/g_eb1_pipe_buffer/valid_out (net)                                                                                                                                                    0.00       0.25 r                   
  req_global_buf/g_eb1_pipe_buffer/U1/Y (NAND2XB_X1M_A9TR)                                                                                                                                  0.18      0.17 *     0.42 f                   0.90
  req_global_buf/g_eb1_pipe_buffer/ready_in (net)                                                                                                                                 7                   0.00       0.42 f                   
  req_global_buf/g_eb1_pipe_buffer/g_register_g_pipe_regs_0__pipe_register/enable (VX_pipe_register_30_3)                                                                                             0.00       0.42 f                   
  req_global_buf/g_eb1_pipe_buffer/g_register_g_pipe_regs_0__pipe_register/enable (net)                                                                                                               0.00       0.42 f                   
  req_global_buf/g_eb1_pipe_buffer/g_register_g_pipe_regs_0__pipe_register/g_shift_register/enable (VX_shift_register_3428_1_1_0_3)                                                                   0.00       0.42 f                   
  req_global_buf/g_eb1_pipe_buffer/g_register_g_pipe_regs_0__pipe_register/g_shift_register/enable (net)                                                                                              0.00       0.42 f                   
  req_global_buf/g_eb1_pipe_buffer/g_register_g_pipe_regs_0__pipe_register/g_shift_register/clk_gate_g_shift_pipe_reg_0__2/EN (SNPS_CLOCK_GATE_HIGH_VX_shift_register_3428_1_1_0_0_12)                0.00       0.42 f                   
  req_global_buf/g_eb1_pipe_buffer/g_register_g_pipe_regs_0__pipe_register/g_shift_register/clk_gate_g_shift_pipe_reg_0__2/EN (net)                                                                   0.00       0.42 f                   
  req_global_buf/g_eb1_pipe_buffer/g_register_g_pipe_regs_0__pipe_register/g_shift_register/clk_gate_g_shift_pipe_reg_0__2/latch/E (PREICG_X0P5B_A9TR)                                      0.18      0.00 *     0.42 f    u so           0.90
  data arrival time                                                                                                                                                                                              0.42                     

  clock CLK (rise edge)                                                                                                                                                                               9.90       9.90                     
  clock network delay (ideal)                                                                                                                                                                         0.00       9.90                     
  req_global_buf/g_eb1_pipe_buffer/g_register_g_pipe_regs_0__pipe_register/g_shift_register/clk_gate_g_shift_pipe_reg_0__2/latch/CK (PREICG_X0P5B_A9TR)                                               0.00       9.90 r                   
  clock gating setup time                                                                                                                                                                            -0.13       9.77                     
  data required time                                                                                                                                                                                             9.77                     
  -----------------------------------------------------------------------------------------------------------------------------------------------------------------------------------------------------------------------------------------------------
  data required time                                                                                                                                                                                             9.77                     
  data arrival time                                                                                                                                                                                             -0.42                     
  -----------------------------------------------------------------------------------------------------------------------------------------------------------------------------------------------------------------------------------------------------
  slack (MET)                                                                                                                                                                                                    9.35                     


  Startpoint: req_global_buf/g_eb1_pipe_buffer/g_register_g_pipe_regs_0__pipe_register/g_shift_register/g_shift_pipe_reg_0__3427_
              (rising edge-triggered flip-flop clocked by CLK)
  Endpoint: req_global_buf/g_eb1_pipe_buffer/g_register_g_pipe_regs_0__pipe_register/g_shift_register/clk_gate_g_shift_pipe_reg_0__1/latch
            (gating element for clock CLK)
  Scenario: mode_norm.OC_rvt_ss_0p900v_125c
  Path Group: CLK
  Path Type: max

Attributes:
    d - dont_touch
    u - dont_use
   mo - map_only
   so - size_only
    i - ideal_net or ideal_network
  inf - infeasible path

  Point                                                                                                                                                                         Fanout     Trans      Incr       Path      Attributes     Voltage
  -----------------------------------------------------------------------------------------------------------------------------------------------------------------------------------------------------------------------------------------------------
  clock CLK (rise edge)                                                                                                                                                                               0.00       0.00                     
  clock network delay (ideal)                                                                                                                                                                         0.00       0.00                     
  req_global_buf/g_eb1_pipe_buffer/g_register_g_pipe_regs_0__pipe_register/g_shift_register/g_shift_pipe_reg_0__3427_/CK (DFFQ_X0P5M_A9TR)                                                  0.00      0.00       0.00 r    i              0.90
  req_global_buf/g_eb1_pipe_buffer/g_register_g_pipe_regs_0__pipe_register/g_shift_register/g_shift_pipe_reg_0__3427_/Q (DFFQ_X0P5M_A9TR)                                                   0.28      0.25       0.25 r                   0.90
  req_global_buf/g_eb1_pipe_buffer/g_register_g_pipe_regs_0__pipe_register/g_shift_register/data_out[3427] (net)                                                                  3                   0.00       0.25 r                   
  req_global_buf/g_eb1_pipe_buffer/g_register_g_pipe_regs_0__pipe_register/g_shift_register/data_out[3427] (VX_shift_register_3428_1_1_0_3)                                                           0.00       0.25 r                   
  req_global_buf/g_eb1_pipe_buffer/g_register_g_pipe_regs_0__pipe_register/data_out[3427] (net)                                                                                                       0.00       0.25 r                   
  req_global_buf/g_eb1_pipe_buffer/g_register_g_pipe_regs_0__pipe_register/data_out[3427] (VX_pipe_register_30_3)                                                                                     0.00       0.25 r                   
  req_global_buf/g_eb1_pipe_buffer/valid_out (net)                                                                                                                                                    0.00       0.25 r                   
  req_global_buf/g_eb1_pipe_buffer/U1/Y (NAND2XB_X1M_A9TR)                                                                                                                                  0.18      0.17 *     0.42 f                   0.90
  req_global_buf/g_eb1_pipe_buffer/ready_in (net)                                                                                                                                 7                   0.00       0.42 f                   
  req_global_buf/g_eb1_pipe_buffer/g_register_g_pipe_regs_0__pipe_register/enable (VX_pipe_register_30_3)                                                                                             0.00       0.42 f                   
  req_global_buf/g_eb1_pipe_buffer/g_register_g_pipe_regs_0__pipe_register/enable (net)                                                                                                               0.00       0.42 f                   
  req_global_buf/g_eb1_pipe_buffer/g_register_g_pipe_regs_0__pipe_register/g_shift_register/enable (VX_shift_register_3428_1_1_0_3)                                                                   0.00       0.42 f                   
  req_global_buf/g_eb1_pipe_buffer/g_register_g_pipe_regs_0__pipe_register/g_shift_register/enable (net)                                                                                              0.00       0.42 f                   
  req_global_buf/g_eb1_pipe_buffer/g_register_g_pipe_regs_0__pipe_register/g_shift_register/clk_gate_g_shift_pipe_reg_0__1/EN (SNPS_CLOCK_GATE_HIGH_VX_shift_register_3428_1_1_0_0_13)                0.00       0.42 f                   
  req_global_buf/g_eb1_pipe_buffer/g_register_g_pipe_regs_0__pipe_register/g_shift_register/clk_gate_g_shift_pipe_reg_0__1/EN (net)                                                                   0.00       0.42 f                   
  req_global_buf/g_eb1_pipe_buffer/g_register_g_pipe_regs_0__pipe_register/g_shift_register/clk_gate_g_shift_pipe_reg_0__1/latch/E (PREICG_X0P5B_A9TR)                                      0.18      0.00 *     0.42 f    u so           0.90
  data arrival time                                                                                                                                                                                              0.42                     

  clock CLK (rise edge)                                                                                                                                                                               9.90       9.90                     
  clock network delay (ideal)                                                                                                                                                                         0.00       9.90                     
  req_global_buf/g_eb1_pipe_buffer/g_register_g_pipe_regs_0__pipe_register/g_shift_register/clk_gate_g_shift_pipe_reg_0__1/latch/CK (PREICG_X0P5B_A9TR)                                               0.00       9.90 r                   
  clock gating setup time                                                                                                                                                                            -0.13       9.77                     
  data required time                                                                                                                                                                                             9.77                     
  -----------------------------------------------------------------------------------------------------------------------------------------------------------------------------------------------------------------------------------------------------
  data required time                                                                                                                                                                                             9.77                     
  data arrival time                                                                                                                                                                                             -0.42                     
  -----------------------------------------------------------------------------------------------------------------------------------------------------------------------------------------------------------------------------------------------------
  slack (MET)                                                                                                                                                                                                    9.35                     


  Startpoint: lsu_in_if_req_data[3327]
              (input port clocked by CLK)
  Endpoint: lsu_in_if_req_ready
            (output port clocked by CLK)
  Scenario: mode_norm.OC_rvt_ss_0p900v_125c
  Path Group: FEEDTHROUGH
  Path Type: max

Attributes:
    d - dont_touch
    u - dont_use
   mo - map_only
   so - size_only
    i - ideal_net or ideal_network
  inf - infeasible path

  Point                        Fanout     Trans      Incr       Path      Attributes     Voltage
  ----------------------------------------------------------------------------------------------------
  clock CLK (rise edge)                              0.00       0.00                     
  clock network delay (ideal)                        0.00       0.00                     
  input external delay                               0.00       0.00 f                   
  lsu_in_if_req_data[3327] (in)            0.15      0.08       0.08 f                   
  lsu_in_if_req_data[3327] (net)     5               0.00       0.08 f                   
  U1190/Y (NOR3_X1M_A9TR)                  0.35      0.26 *     0.34 r                   0.90
  n925 (net)                     1                   0.00       0.34 r                   
  U1191/Y (NOR4BB_X1M_A9TR)                0.09      0.14 *     0.48 r                   0.90
  n927 (net)                     1                   0.00       0.48 r                   
  U1192/Y (NOR4BB_X1M_A9TR)                0.08      0.10 *     0.58 r                   0.90
  n929 (net)                     1                   0.00       0.58 r                   
  U1193/Y (NAND4BB_X0P7M_A9TR)             0.07      0.07 *     0.65 f                   0.90
  n1068 (net)                    2                   0.00       0.65 f                   
  U1195/Y (AOI211_X0P7M_A9TR)              0.11      0.10 *     0.74 r                   0.90
  n1149 (net)                    2                   0.00       0.74 r                   
  U1416/Y (NAND3XXB_X0P7M_A9TR)            0.08      0.10 *     0.84 r                   0.90
  n1187 (net)                    2                   0.00       0.84 r                   
  U1455/Y (NOR2_X1M_A9TR)                  0.09      0.04 *     0.89 f                   0.90
  n_1_net__3424_ (net)           2                   0.00       0.89 f                   
  U1480/Y (OR4_X0P7M_A9TR)                 0.03      0.09 *     0.97 f                   0.90
  n1208 (net)                    1                   0.00       0.97 f                   
  U1481/Y (OR3_X0P7M_A9TR)                 0.04      0.09 *     1.06 f                   0.90
  n1209 (net)                    1                   0.00       1.06 f                   
  U1482/Y (NOR3_X0P7M_A9TR)                0.08      0.07 *     1.12 r                   0.90
  n1210 (net)                    1                   0.00       1.12 r                   
  U1483/Y (NOR4BB_X1M_A9TR)                0.11      0.11 *     1.24 r                   0.90
  n1212 (net)                    1                   0.00       1.24 r                   
  U1484/Y (NOR4BB_X0P7M_A9TR)              0.08      0.10 *     1.34 r                   0.90
  n1214 (net)                    1                   0.00       1.34 r                   
  U1485/Y (NOR4BB_X0P7M_A9TR)              0.09      0.10 *     1.44 r                   0.90
  n1222 (net)                    2                   0.00       1.44 r                   
  U1486/Y (OAI22_X0P5M_A9TR)               0.08      0.06 *     1.49 f                   0.90
  n1219 (net)                    1                   0.00       1.49 f                   
  U1488/Y (NOR2_X1M_A9TR)                  0.23      0.16 *     1.66 r                   0.90
  lsu_in_if_req_ready (net)      1                   0.00       1.66 r                   
  lsu_in_if_req_ready (out)                0.23      0.00 *     1.66 r                   
  data arrival time                                             1.66                     

  clock CLK (rise edge)                              9.90       9.90                     
  clock network delay (ideal)                        0.00       9.90                     
  output external delay                              0.00       9.90                     
  data required time                                            9.90                     
  ----------------------------------------------------------------------------------------------------
  data required time                                            9.90                     
  data arrival time                                            -1.66                     
  ----------------------------------------------------------------------------------------------------
  slack (MET)                                                   8.24                     


  Startpoint: dma_ctrl_if_rsp_valid
              (input port clocked by CLK)
  Endpoint: dma_ctrl_if_rsp_ready
            (output port clocked by CLK)
  Scenario: mode_norm.OC_rvt_ss_0p900v_125c
  Path Group: FEEDTHROUGH
  Path Type: max

Attributes:
    d - dont_touch
    u - dont_use
   mo - map_only
   so - size_only
    i - ideal_net or ideal_network
  inf - infeasible path

  Point                                                                                                                   Fanout     Trans      Incr       Path      Attributes     Voltage
  -----------------------------------------------------------------------------------------------------------------------------------------------------------------------------------------------
  clock CLK (rise edge)                                                                                                                         0.00       0.00                     
  clock network delay (ideal)                                                                                                                   0.00       0.00                     
  input external delay                                                                                                                          0.00       0.00 r                   
  dma_ctrl_if_rsp_valid (in)                                                                                                          0.41      0.22       0.22 r                   
  dma_ctrl_if_rsp_valid (net)                                                                                               2                   0.00       0.22 r                   
  rsp_arb/valid_in[3] (VX_stream_arb_20)                                                                                                        0.00       0.22 r                   
  rsp_arb/valid_in[3] (net)                                                                                                                     0.00       0.22 r                   
  rsp_arb/g_input_select_g_arbiter_arbiter/requests[3] (VX_generic_arbiter_3)                                                                   0.00       0.22 r                   
  rsp_arb/g_input_select_g_arbiter_arbiter/requests[3] (net)                                                                                    0.00       0.22 r                   
  rsp_arb/g_input_select_g_arbiter_arbiter/g_priority_priority_arbiter/requests[3] (VX_priority_arbiter_1)                                      0.00       0.22 r                   
  rsp_arb/g_input_select_g_arbiter_arbiter/g_priority_priority_arbiter/requests[3] (net)                                                        0.00       0.22 r                   
  rsp_arb/g_input_select_g_arbiter_arbiter/g_priority_priority_arbiter/g_encoder_grant_sel/data_in[3] (VX_priority_encoder_1)                   0.00       0.22 r                   
  rsp_arb/g_input_select_g_arbiter_arbiter/g_priority_priority_arbiter/g_encoder_grant_sel/data_in[3] (net)                                     0.00       0.22 r                   
  rsp_arb/g_input_select_g_arbiter_arbiter/g_priority_priority_arbiter/g_encoder_grant_sel/U5/Y (NOR4BB_X0P7M_A9TR)                   0.08      0.14 *     0.36 r                   0.90
  rsp_arb/g_input_select_g_arbiter_arbiter/g_priority_priority_arbiter/g_encoder_grant_sel/onehot_out[3] (net)              1                   0.00       0.36 r                   
  rsp_arb/g_input_select_g_arbiter_arbiter/g_priority_priority_arbiter/g_encoder_grant_sel/onehot_out[3] (VX_priority_encoder_1)                0.00       0.36 r                   
  rsp_arb/g_input_select_g_arbiter_arbiter/g_priority_priority_arbiter/grant_onehot[3] (net)                                                    0.00       0.36 r                   
  rsp_arb/g_input_select_g_arbiter_arbiter/g_priority_priority_arbiter/grant_onehot[3] (VX_priority_arbiter_1)                                  0.00       0.36 r                   
  rsp_arb/g_input_select_g_arbiter_arbiter/grant_onehot[3] (net)                                                                                0.00       0.36 r                   
  rsp_arb/g_input_select_g_arbiter_arbiter/grant_onehot[3] (VX_generic_arbiter_3)                                                               0.00       0.36 r                   
  rsp_arb/g_input_select_g_arbiter_arb_onehot[3] (net)                                                                                          0.00       0.36 r                   
  rsp_arb/U1/Y (AND2_X0P7M_A9TR)                                                                                                      0.14      0.13 *     0.49 r                   0.90
  rsp_arb/ready_in[3] (net)                                                                                                 1                   0.00       0.49 r                   
  rsp_arb/ready_in[3] (VX_stream_arb_20)                                                                                                        0.00       0.49 r                   
  dma_ctrl_if_rsp_ready (net)                                                                                                                   0.00       0.49 r                   
  dma_ctrl_if_rsp_ready (out)                                                                                                         0.14      0.00 *     0.49 r                   
  data arrival time                                                                                                                                        0.49                     

  clock CLK (rise edge)                                                                                                                         9.90       9.90                     
  clock network delay (ideal)                                                                                                                   0.00       9.90                     
  output external delay                                                                                                                         0.00       9.90                     
  data required time                                                                                                                                       9.90                     
  -----------------------------------------------------------------------------------------------------------------------------------------------------------------------------------------------
  data required time                                                                                                                                       9.90                     
  data arrival time                                                                                                                                       -0.49                     
  -----------------------------------------------------------------------------------------------------------------------------------------------------------------------------------------------
  slack (MET)                                                                                                                                              9.41                     


  Startpoint: global_out_if_rsp_valid
              (input port clocked by CLK)
  Endpoint: gemm_ctrl_if_rsp_ready
            (output port clocked by CLK)
  Scenario: mode_norm.OC_rvt_ss_0p900v_125c
  Path Group: FEEDTHROUGH
  Path Type: max

Attributes:
    d - dont_touch
    u - dont_use
   mo - map_only
   so - size_only
    i - ideal_net or ideal_network
  inf - infeasible path

  Point                                                                                                                   Fanout     Trans      Incr       Path      Attributes     Voltage
  -----------------------------------------------------------------------------------------------------------------------------------------------------------------------------------------------
  clock CLK (rise edge)                                                                                                                         0.00       0.00                     
  clock network delay (ideal)                                                                                                                   0.00       0.00                     
  input external delay                                                                                                                          0.00       0.00 r                   
  global_out_if_rsp_valid (in)                                                                                                        0.35      0.19       0.19 r                   
  global_out_if_rsp_valid (net)                                                                                             4                   0.00       0.19 r                   
  rsp_arb/valid_in[0] (VX_stream_arb_20)                                                                                                        0.00       0.19 r                   
  rsp_arb/valid_in[0] (net)                                                                                                                     0.00       0.19 r                   
  rsp_arb/g_input_select_g_arbiter_arbiter/requests[0] (VX_generic_arbiter_3)                                                                   0.00       0.19 r                   
  rsp_arb/g_input_select_g_arbiter_arbiter/requests[0] (net)                                                                                    0.00       0.19 r                   
  rsp_arb/g_input_select_g_arbiter_arbiter/g_priority_priority_arbiter/requests[0] (VX_priority_arbiter_1)                                      0.00       0.19 r                   
  rsp_arb/g_input_select_g_arbiter_arbiter/g_priority_priority_arbiter/requests[0] (net)                                                        0.00       0.19 r                   
  rsp_arb/g_input_select_g_arbiter_arbiter/g_priority_priority_arbiter/g_encoder_grant_sel/data_in[0] (VX_priority_encoder_1)                   0.00       0.19 r                   
  rsp_arb/g_input_select_g_arbiter_arbiter/g_priority_priority_arbiter/g_encoder_grant_sel/data_in[0] (net)                                     0.00       0.19 r                   
  rsp_arb/g_input_select_g_arbiter_arbiter/g_priority_priority_arbiter/g_encoder_grant_sel/U4/Y (INV_X0P7M_A9TR)                      0.09      0.08 *     0.27 f                   0.90
  rsp_arb/g_input_select_g_arbiter_arbiter/g_priority_priority_arbiter/g_encoder_grant_sel/n2 (net)                         3                   0.00       0.27 f                   
  rsp_arb/g_input_select_g_arbiter_arbiter/g_priority_priority_arbiter/g_encoder_grant_sel/U7/Y (NOR3BB_X0P7M_A9TR)                   0.08      0.08 *     0.35 f                   0.90
  rsp_arb/g_input_select_g_arbiter_arbiter/g_priority_priority_arbiter/g_encoder_grant_sel/onehot_out[2] (net)              1                   0.00       0.35 f                   
  rsp_arb/g_input_select_g_arbiter_arbiter/g_priority_priority_arbiter/g_encoder_grant_sel/onehot_out[2] (VX_priority_encoder_1)                0.00       0.35 f                   
  rsp_arb/g_input_select_g_arbiter_arbiter/g_priority_priority_arbiter/grant_onehot[2] (net)                                                    0.00       0.35 f                   
  rsp_arb/g_input_select_g_arbiter_arbiter/g_priority_priority_arbiter/grant_onehot[2] (VX_priority_arbiter_1)                                  0.00       0.35 f                   
  rsp_arb/g_input_select_g_arbiter_arbiter/grant_onehot[2] (net)                                                                                0.00       0.35 f                   
  rsp_arb/g_input_select_g_arbiter_arbiter/grant_onehot[2] (VX_generic_arbiter_3)                                                               0.00       0.35 f                   
  rsp_arb/g_input_select_g_arbiter_arb_onehot[2] (net)                                                                                          0.00       0.35 f                   
  rsp_arb/U3/Y (AND2_X1M_A9TR)                                                                                                        0.10      0.12 *     0.47 f                   0.90
  rsp_arb/ready_in[2] (net)                                                                                                 1                   0.00       0.47 f                   
  rsp_arb/ready_in[2] (VX_stream_arb_20)                                                                                                        0.00       0.47 f                   
  gemm_ctrl_if_rsp_ready (net)                                                                                                                  0.00       0.47 f                   
  gemm_ctrl_if_rsp_ready (out)                                                                                                        0.10      0.00 *     0.48 f                   
  data arrival time                                                                                                                                        0.48                     

  clock CLK (rise edge)                                                                                                                         9.90       9.90                     
  clock network delay (ideal)                                                                                                                   0.00       9.90                     
  output external delay                                                                                                                         0.00       9.90                     
  data required time                                                                                                                                       9.90                     
  -----------------------------------------------------------------------------------------------------------------------------------------------------------------------------------------------
  data required time                                                                                                                                       9.90                     
  data arrival time                                                                                                                                       -0.48                     
  -----------------------------------------------------------------------------------------------------------------------------------------------------------------------------------------------
  slack (MET)                                                                                                                                              9.42                     


  Startpoint: lsu_in_if_rsp_ready
              (input port clocked by CLK)
  Endpoint: global_out_if_rsp_ready
            (output port clocked by CLK)
  Scenario: mode_norm.OC_rvt_ss_0p900v_125c
  Path Group: FEEDTHROUGH
  Path Type: max

Attributes:
    d - dont_touch
    u - dont_use
   mo - map_only
   so - size_only
    i - ideal_net or ideal_network
  inf - infeasible path

  Point                                                                                          Fanout     Trans      Incr       Path      Attributes     Voltage
  ----------------------------------------------------------------------------------------------------------------------------------------------------------------------
  clock CLK (rise edge)                                                                                                0.00       0.00                     
  clock network delay (ideal)                                                                                          0.00       0.00                     
  input external delay                                                                                                 0.00       0.00 r                   
  lsu_in_if_rsp_ready (in)                                                                                   0.25      0.14       0.14 r                   
  lsu_in_if_rsp_ready (net)                                                                        1                   0.00       0.14 r                   
  rsp_arb/ready_out[0] (VX_stream_arb_20)                                                                              0.00       0.14 r                   
  rsp_arb/ready_out[0] (net)                                                                                           0.00       0.14 r                   
  rsp_arb/g_input_select_g_arbiter_g_out_buf_0__out_buf/ready_out (VX_elastic_buffer_2084_1_1_0)                       0.00       0.14 r                   
  rsp_arb/g_input_select_g_arbiter_g_out_buf_0__out_buf/ready_out (net)                                                0.00       0.14 r                   
  rsp_arb/g_input_select_g_arbiter_g_out_buf_0__out_buf/g_eb1_pipe_buffer/ready_out (VX_pipe_buffer_37)                0.00       0.14 r                   
  rsp_arb/g_input_select_g_arbiter_g_out_buf_0__out_buf/g_eb1_pipe_buffer/ready_out (net)                              0.00       0.14 r                   
  rsp_arb/g_input_select_g_arbiter_g_out_buf_0__out_buf/g_eb1_pipe_buffer/U1/Y (NAND2XB_X0P7M_A9TR)          0.16      0.17 *     0.30 r                   0.90
  rsp_arb/g_input_select_g_arbiter_g_out_buf_0__out_buf/g_eb1_pipe_buffer/ready_in (net)           9                   0.00       0.30 r                   
  rsp_arb/g_input_select_g_arbiter_g_out_buf_0__out_buf/g_eb1_pipe_buffer/ready_in (VX_pipe_buffer_37)                 0.00       0.30 r                   
  rsp_arb/g_input_select_g_arbiter_g_out_buf_0__out_buf/ready_in (net)                                                 0.00       0.30 r                   
  rsp_arb/g_input_select_g_arbiter_g_out_buf_0__out_buf/ready_in (VX_elastic_buffer_2084_1_1_0)                        0.00       0.30 r                   
  rsp_arb/g_input_select_g_arbiter_ready_out_w_0_ (net)                                                                0.00       0.30 r                   
  rsp_arb/U7272/Y (AND2_X0P7M_A9TR)                                                                          0.16      0.15 *     0.46 r                   0.90
  rsp_arb/ready_in[0] (net)                                                                        1                   0.00       0.46 r                   
  rsp_arb/ready_in[0] (VX_stream_arb_20)                                                                               0.00       0.46 r                   
  global_out_if_rsp_ready (net)                                                                                        0.00       0.46 r                   
  global_out_if_rsp_ready (out)                                                                              0.16      0.00 *     0.46 r                   
  data arrival time                                                                                                               0.46                     

  clock CLK (rise edge)                                                                                                9.90       9.90                     
  clock network delay (ideal)                                                                                          0.00       9.90                     
  output external delay                                                                                                0.00       9.90                     
  data required time                                                                                                              9.90                     
  ----------------------------------------------------------------------------------------------------------------------------------------------------------------------
  data required time                                                                                                              9.90                     
  data arrival time                                                                                                              -0.46                     
  ----------------------------------------------------------------------------------------------------------------------------------------------------------------------
  slack (MET)                                                                                                                     9.44                     


  Startpoint: lsu_in_if_rsp_ready
              (input port clocked by CLK)
  Endpoint: local_out_if_rsp_ready
            (output port clocked by CLK)
  Scenario: mode_norm.OC_rvt_ss_0p900v_125c
  Path Group: FEEDTHROUGH
  Path Type: max

Attributes:
    d - dont_touch
    u - dont_use
   mo - map_only
   so - size_only
    i - ideal_net or ideal_network
  inf - infeasible path

  Point                                                                                          Fanout     Trans      Incr       Path      Attributes     Voltage
  ----------------------------------------------------------------------------------------------------------------------------------------------------------------------
  clock CLK (rise edge)                                                                                                0.00       0.00                     
  clock network delay (ideal)                                                                                          0.00       0.00                     
  input external delay                                                                                                 0.00       0.00 r                   
  lsu_in_if_rsp_ready (in)                                                                                   0.25      0.14       0.14 r                   
  lsu_in_if_rsp_ready (net)                                                                        1                   0.00       0.14 r                   
  rsp_arb/ready_out[0] (VX_stream_arb_20)                                                                              0.00       0.14 r                   
  rsp_arb/ready_out[0] (net)                                                                                           0.00       0.14 r                   
  rsp_arb/g_input_select_g_arbiter_g_out_buf_0__out_buf/ready_out (VX_elastic_buffer_2084_1_1_0)                       0.00       0.14 r                   
  rsp_arb/g_input_select_g_arbiter_g_out_buf_0__out_buf/ready_out (net)                                                0.00       0.14 r                   
  rsp_arb/g_input_select_g_arbiter_g_out_buf_0__out_buf/g_eb1_pipe_buffer/ready_out (VX_pipe_buffer_37)                0.00       0.14 r                   
  rsp_arb/g_input_select_g_arbiter_g_out_buf_0__out_buf/g_eb1_pipe_buffer/ready_out (net)                              0.00       0.14 r                   
  rsp_arb/g_input_select_g_arbiter_g_out_buf_0__out_buf/g_eb1_pipe_buffer/U1/Y (NAND2XB_X0P7M_A9TR)          0.16      0.17 *     0.30 r                   0.90
  rsp_arb/g_input_select_g_arbiter_g_out_buf_0__out_buf/g_eb1_pipe_buffer/ready_in (net)           9                   0.00       0.30 r                   
  rsp_arb/g_input_select_g_arbiter_g_out_buf_0__out_buf/g_eb1_pipe_buffer/ready_in (VX_pipe_buffer_37)                 0.00       0.30 r                   
  rsp_arb/g_input_select_g_arbiter_g_out_buf_0__out_buf/ready_in (net)                                                 0.00       0.30 r                   
  rsp_arb/g_input_select_g_arbiter_g_out_buf_0__out_buf/ready_in (VX_elastic_buffer_2084_1_1_0)                        0.00       0.30 r                   
  rsp_arb/g_input_select_g_arbiter_ready_out_w_0_ (net)                                                                0.00       0.30 r                   
  rsp_arb/U2/Y (AND2_X0P7M_A9TR)                                                                             0.14      0.14 *     0.45 r                   0.90
  rsp_arb/ready_in[1] (net)                                                                        1                   0.00       0.45 r                   
  rsp_arb/ready_in[1] (VX_stream_arb_20)                                                                               0.00       0.45 r                   
  local_out_if_rsp_ready (net)                                                                                         0.00       0.45 r                   
  local_out_if_rsp_ready (out)                                                                               0.14      0.00 *     0.45 r                   
  data arrival time                                                                                                               0.45                     

  clock CLK (rise edge)                                                                                                9.90       9.90                     
  clock network delay (ideal)                                                                                          0.00       9.90                     
  output external delay                                                                                                0.00       9.90                     
  data required time                                                                                                              9.90                     
  ----------------------------------------------------------------------------------------------------------------------------------------------------------------------
  data required time                                                                                                              9.90                     
  data arrival time                                                                                                              -0.45                     
  ----------------------------------------------------------------------------------------------------------------------------------------------------------------------
  slack (MET)                                                                                                                     9.45                     


  Startpoint: local_out_if_rsp_valid
              (input port clocked by CLK)
  Endpoint: rsp_arb/g_input_select_g_arbiter_g_out_buf_0__out_buf/g_eb1_pipe_buffer/g_register_g_pipe_regs_0__pipe_register/g_shift_register/g_shift_pipe_reg_0__583_
            (rising edge-triggered flip-flop clocked by CLK)
  Scenario: mode_norm.OC_rvt_ss_0p900v_125c
  Path Group: REGIN
  Path Type: max

Attributes:
    d - dont_touch
    u - dont_use
   mo - map_only
   so - size_only
    i - ideal_net or ideal_network
  inf - infeasible path

  Point                                                                                                                                                                  Fanout     Trans      Incr       Path      Attributes     Voltage
  ----------------------------------------------------------------------------------------------------------------------------------------------------------------------------------------------------------------------------------------------
  clock CLK (rise edge)                                                                                                                                                                        0.00       0.00                     
  clock network delay (ideal)                                                                                                                                                                  0.00       0.00                     
  input external delay                                                                                                                                                                         0.00       0.00 r                   
  local_out_if_rsp_valid (in)                                                                                                                                                        0.32      0.17       0.17 r                   
  local_out_if_rsp_valid (net)                                                                                                                                             5                   0.00       0.17 r                   
  rsp_arb/valid_in[1] (VX_stream_arb_20)                                                                                                                                                       0.00       0.17 r                   
  rsp_arb/valid_in[1] (net)                                                                                                                                                                    0.00       0.17 r                   
  rsp_arb/g_input_select_g_arbiter_arbiter/requests[1] (VX_generic_arbiter_3)                                                                                                                  0.00       0.17 r                   
  rsp_arb/g_input_select_g_arbiter_arbiter/requests[1] (net)                                                                                                                                   0.00       0.17 r                   
  rsp_arb/g_input_select_g_arbiter_arbiter/g_priority_priority_arbiter/requests[1] (VX_priority_arbiter_1)                                                                                     0.00       0.17 r                   
  rsp_arb/g_input_select_g_arbiter_arbiter/g_priority_priority_arbiter/requests[1] (net)                                                                                                       0.00       0.17 r                   
  rsp_arb/g_input_select_g_arbiter_arbiter/g_priority_priority_arbiter/g_encoder_grant_sel/data_in[1] (VX_priority_encoder_1)                                                                  0.00       0.17 r                   
  rsp_arb/g_input_select_g_arbiter_arbiter/g_priority_priority_arbiter/g_encoder_grant_sel/data_in[1] (net)                                                                                    0.00       0.17 r                   
  rsp_arb/g_input_select_g_arbiter_arbiter/g_priority_priority_arbiter/g_encoder_grant_sel/g_lsb_g_model1_lzc/data_in[1] (VX_lzc_1)                                                            0.00       0.17 r                   
  rsp_arb/g_input_select_g_arbiter_arbiter/g_priority_priority_arbiter/g_encoder_grant_sel/g_lsb_g_model1_lzc/data_in[1] (net)                                                                 0.00       0.17 r                   
  rsp_arb/g_input_select_g_arbiter_arbiter/g_priority_priority_arbiter/g_encoder_grant_sel/g_lsb_g_model1_lzc/g_lzc_find_first/valid_in[1] (VX_find_first_4_2_0)                               0.00       0.17 r                   
  rsp_arb/g_input_select_g_arbiter_arbiter/g_priority_priority_arbiter/g_encoder_grant_sel/g_lsb_g_model1_lzc/g_lzc_find_first/valid_in[1] (net)                                               0.00       0.17 r                   
  rsp_arb/g_input_select_g_arbiter_arbiter/g_priority_priority_arbiter/g_encoder_grant_sel/g_lsb_g_model1_lzc/g_lzc_find_first/U2/Y (AOI2XB1_X1M_A9TR)                               0.14      0.19 *     0.36 r                   0.90
  rsp_arb/g_input_select_g_arbiter_arbiter/g_priority_priority_arbiter/g_encoder_grant_sel/g_lsb_g_model1_lzc/g_lzc_find_first/data_out[0] (net)                           3                   0.00       0.36 r                   
  rsp_arb/g_input_select_g_arbiter_arbiter/g_priority_priority_arbiter/g_encoder_grant_sel/g_lsb_g_model1_lzc/g_lzc_find_first/data_out[0] (VX_find_first_4_2_0)                               0.00       0.36 r                   
  rsp_arb/g_input_select_g_arbiter_arbiter/g_priority_priority_arbiter/g_encoder_grant_sel/g_lsb_g_model1_lzc/data_out[0] (net)                                                                0.00       0.36 r                   
  rsp_arb/g_input_select_g_arbiter_arbiter/g_priority_priority_arbiter/g_encoder_grant_sel/g_lsb_g_model1_lzc/data_out[0] (VX_lzc_1)                                                           0.00       0.36 r                   
  rsp_arb/g_input_select_g_arbiter_arbiter/g_priority_priority_arbiter/g_encoder_grant_sel/index_out[0] (net)                                                                                  0.00       0.36 r                   
  rsp_arb/g_input_select_g_arbiter_arbiter/g_priority_priority_arbiter/g_encoder_grant_sel/index_out[0] (VX_priority_encoder_1)                                                                0.00       0.36 r                   
  rsp_arb/g_input_select_g_arbiter_arbiter/g_priority_priority_arbiter/grant_index[0] (net)                                                                                                    0.00       0.36 r                   
  rsp_arb/g_input_select_g_arbiter_arbiter/g_priority_priority_arbiter/grant_index[0] (VX_priority_arbiter_1)                                                                                  0.00       0.36 r                   
  rsp_arb/g_input_select_g_arbiter_arbiter/grant_index[0] (net)                                                                                                                                0.00       0.36 r                   
  rsp_arb/g_input_select_g_arbiter_arbiter/grant_index[0] (VX_generic_arbiter_3)                                                                                                               0.00       0.36 r                   
  rsp_arb/g_input_select_g_arbiter_arb_index[0] (net)                                                                                                                                          0.00       0.36 r                   
  rsp_arb/U9/Y (INV_X0P7M_A9TR)                                                                                                                                                      0.05      0.05 *     0.40 f                   0.90
  rsp_arb/n3 (net)                                                                                                                                                         2                   0.00       0.40 f                   
  rsp_arb/U10/Y (NOR2_X1B_A9TR)                                                                                                                                                      0.33      0.21 *     0.61 r                   0.90
  rsp_arb/n579 (net)                                                                                                                                                       3                   0.00       0.61 r                   
  rsp_arb/U597/Y (BUF_X1P4B_A9TR)                                                                                                                                                    0.75      0.51 *     1.13 r                   0.90
  rsp_arb/n5431 (net)                                                                                                                                                     84                   0.00       1.13 r                   
  rsp_arb/U689/Y (BUF_X1M_A9TR)                                                                                                                                                      0.27      0.29 *     1.41 r                   0.90
  rsp_arb/n5452 (net)                                                                                                                                                     38                   0.00       1.41 r                   
  rsp_arb/U3433/Y (AOI22_X0P5M_A9TR)                                                                                                                                                 0.21      0.13 *     1.54 f                   0.90
  rsp_arb/n2144 (net)                                                                                                                                                      1                   0.00       1.54 f                   
  rsp_arb/U3434/Y (NAND2_X0P5M_A9TR)                                                                                                                                                 0.19      0.19 *     1.73 r                   0.90
  rsp_arb/g_input_select_g_arbiter_data_out_w[583] (net)                                                                                                                   1                   0.00       1.73 r                   
  rsp_arb/g_input_select_g_arbiter_g_out_buf_0__out_buf/data_in[583] (VX_elastic_buffer_2084_1_1_0)                                                                                            0.00       1.73 r                   
  rsp_arb/g_input_select_g_arbiter_g_out_buf_0__out_buf/data_in[583] (net)                                                                                                                     0.00       1.73 r                   
  rsp_arb/g_input_select_g_arbiter_g_out_buf_0__out_buf/g_eb1_pipe_buffer/data_in[583] (VX_pipe_buffer_37)                                                                                     0.00       1.73 r                   
  rsp_arb/g_input_select_g_arbiter_g_out_buf_0__out_buf/g_eb1_pipe_buffer/data_in[583] (net)                                                                                                   0.00       1.73 r                   
  rsp_arb/g_input_select_g_arbiter_g_out_buf_0__out_buf/g_eb1_pipe_buffer/g_register_g_pipe_regs_0__pipe_register/data_in[583] (VX_pipe_register_36)                                           0.00       1.73 r                   
  rsp_arb/g_input_select_g_arbiter_g_out_buf_0__out_buf/g_eb1_pipe_buffer/g_register_g_pipe_regs_0__pipe_register/data_in[583] (net)                                                           0.00       1.73 r                   
  rsp_arb/g_input_select_g_arbiter_g_out_buf_0__out_buf/g_eb1_pipe_buffer/g_register_g_pipe_regs_0__pipe_register/g_shift_register/data_in[583] (VX_shift_register_2085_1_1_0)                 0.00       1.73 r                   
  rsp_arb/g_input_select_g_arbiter_g_out_buf_0__out_buf/g_eb1_pipe_buffer/g_register_g_pipe_regs_0__pipe_register/g_shift_register/data_in[583] (net)                                          0.00       1.73 r                   
  rsp_arb/g_input_select_g_arbiter_g_out_buf_0__out_buf/g_eb1_pipe_buffer/g_register_g_pipe_regs_0__pipe_register/g_shift_register/g_shift_pipe_reg_0__583_/D (DFFQ_X0P5M_A9TR)      0.19      0.00 *     1.73 r                   0.90
  data arrival time                                                                                                                                                                                       1.73                     

  clock CLK (rise edge)                                                                                                                                                                        9.90       9.90                     
  clock network delay (ideal)                                                                                                                                                                  0.00       9.90                     
  rsp_arb/g_input_select_g_arbiter_g_out_buf_0__out_buf/g_eb1_pipe_buffer/g_register_g_pipe_regs_0__pipe_register/g_shift_register/g_shift_pipe_reg_0__583_/CK (DFFQ_X0P5M_A9TR)               0.00       9.90 r                   
  library setup time                                                                                                                                                                          -0.08       9.82                     
  data required time                                                                                                                                                                                      9.82                     
  ----------------------------------------------------------------------------------------------------------------------------------------------------------------------------------------------------------------------------------------------
  data required time                                                                                                                                                                                      9.82                     
  data arrival time                                                                                                                                                                                      -1.73                     
  ----------------------------------------------------------------------------------------------------------------------------------------------------------------------------------------------------------------------------------------------
  slack (MET)                                                                                                                                                                                             8.09                     


  Startpoint: local_out_if_rsp_valid
              (input port clocked by CLK)
  Endpoint: rsp_arb/g_input_select_g_arbiter_g_out_buf_0__out_buf/g_eb1_pipe_buffer/g_register_g_pipe_regs_0__pipe_register/g_shift_register/g_shift_pipe_reg_0__1365_
            (rising edge-triggered flip-flop clocked by CLK)
  Scenario: mode_norm.OC_rvt_ss_0p900v_125c
  Path Group: REGIN
  Path Type: max

Attributes:
    d - dont_touch
    u - dont_use
   mo - map_only
   so - size_only
    i - ideal_net or ideal_network
  inf - infeasible path

  Point                                                                                                                                                                   Fanout     Trans      Incr       Path      Attributes     Voltage
  -----------------------------------------------------------------------------------------------------------------------------------------------------------------------------------------------------------------------------------------------
  clock CLK (rise edge)                                                                                                                                                                         0.00       0.00                     
  clock network delay (ideal)                                                                                                                                                                   0.00       0.00                     
  input external delay                                                                                                                                                                          0.00       0.00 r                   
  local_out_if_rsp_valid (in)                                                                                                                                                         0.32      0.17       0.17 r                   
  local_out_if_rsp_valid (net)                                                                                                                                              5                   0.00       0.17 r                   
  rsp_arb/valid_in[1] (VX_stream_arb_20)                                                                                                                                                        0.00       0.17 r                   
  rsp_arb/valid_in[1] (net)                                                                                                                                                                     0.00       0.17 r                   
  rsp_arb/g_input_select_g_arbiter_arbiter/requests[1] (VX_generic_arbiter_3)                                                                                                                   0.00       0.17 r                   
  rsp_arb/g_input_select_g_arbiter_arbiter/requests[1] (net)                                                                                                                                    0.00       0.17 r                   
  rsp_arb/g_input_select_g_arbiter_arbiter/g_priority_priority_arbiter/requests[1] (VX_priority_arbiter_1)                                                                                      0.00       0.17 r                   
  rsp_arb/g_input_select_g_arbiter_arbiter/g_priority_priority_arbiter/requests[1] (net)                                                                                                        0.00       0.17 r                   
  rsp_arb/g_input_select_g_arbiter_arbiter/g_priority_priority_arbiter/g_encoder_grant_sel/data_in[1] (VX_priority_encoder_1)                                                                   0.00       0.17 r                   
  rsp_arb/g_input_select_g_arbiter_arbiter/g_priority_priority_arbiter/g_encoder_grant_sel/data_in[1] (net)                                                                                     0.00       0.17 r                   
  rsp_arb/g_input_select_g_arbiter_arbiter/g_priority_priority_arbiter/g_encoder_grant_sel/g_lsb_g_model1_lzc/data_in[1] (VX_lzc_1)                                                             0.00       0.17 r                   
  rsp_arb/g_input_select_g_arbiter_arbiter/g_priority_priority_arbiter/g_encoder_grant_sel/g_lsb_g_model1_lzc/data_in[1] (net)                                                                  0.00       0.17 r                   
  rsp_arb/g_input_select_g_arbiter_arbiter/g_priority_priority_arbiter/g_encoder_grant_sel/g_lsb_g_model1_lzc/g_lzc_find_first/valid_in[1] (VX_find_first_4_2_0)                                0.00       0.17 r                   
  rsp_arb/g_input_select_g_arbiter_arbiter/g_priority_priority_arbiter/g_encoder_grant_sel/g_lsb_g_model1_lzc/g_lzc_find_first/valid_in[1] (net)                                                0.00       0.17 r                   
  rsp_arb/g_input_select_g_arbiter_arbiter/g_priority_priority_arbiter/g_encoder_grant_sel/g_lsb_g_model1_lzc/g_lzc_find_first/U2/Y (AOI2XB1_X1M_A9TR)                                0.14      0.19 *     0.36 r                   0.90
  rsp_arb/g_input_select_g_arbiter_arbiter/g_priority_priority_arbiter/g_encoder_grant_sel/g_lsb_g_model1_lzc/g_lzc_find_first/data_out[0] (net)                            3                   0.00       0.36 r                   
  rsp_arb/g_input_select_g_arbiter_arbiter/g_priority_priority_arbiter/g_encoder_grant_sel/g_lsb_g_model1_lzc/g_lzc_find_first/data_out[0] (VX_find_first_4_2_0)                                0.00       0.36 r                   
  rsp_arb/g_input_select_g_arbiter_arbiter/g_priority_priority_arbiter/g_encoder_grant_sel/g_lsb_g_model1_lzc/data_out[0] (net)                                                                 0.00       0.36 r                   
  rsp_arb/g_input_select_g_arbiter_arbiter/g_priority_priority_arbiter/g_encoder_grant_sel/g_lsb_g_model1_lzc/data_out[0] (VX_lzc_1)                                                            0.00       0.36 r                   
  rsp_arb/g_input_select_g_arbiter_arbiter/g_priority_priority_arbiter/g_encoder_grant_sel/index_out[0] (net)                                                                                   0.00       0.36 r                   
  rsp_arb/g_input_select_g_arbiter_arbiter/g_priority_priority_arbiter/g_encoder_grant_sel/index_out[0] (VX_priority_encoder_1)                                                                 0.00       0.36 r                   
  rsp_arb/g_input_select_g_arbiter_arbiter/g_priority_priority_arbiter/grant_index[0] (net)                                                                                                     0.00       0.36 r                   
  rsp_arb/g_input_select_g_arbiter_arbiter/g_priority_priority_arbiter/grant_index[0] (VX_priority_arbiter_1)                                                                                   0.00       0.36 r                   
  rsp_arb/g_input_select_g_arbiter_arbiter/grant_index[0] (net)                                                                                                                                 0.00       0.36 r                   
  rsp_arb/g_input_select_g_arbiter_arbiter/grant_index[0] (VX_generic_arbiter_3)                                                                                                                0.00       0.36 r                   
  rsp_arb/g_input_select_g_arbiter_arb_index[0] (net)                                                                                                                                           0.00       0.36 r                   
  rsp_arb/U9/Y (INV_X0P7M_A9TR)                                                                                                                                                       0.05      0.05 *     0.40 f                   0.90
  rsp_arb/n3 (net)                                                                                                                                                          2                   0.00       0.40 f                   
  rsp_arb/U10/Y (NOR2_X1B_A9TR)                                                                                                                                                       0.33      0.21 *     0.61 r                   0.90
  rsp_arb/n579 (net)                                                                                                                                                        3                   0.00       0.61 r                   
  rsp_arb/U594/Y (BUF_X1P4B_A9TR)                                                                                                                                                     0.73      0.50 *     1.12 r                   0.90
  rsp_arb/n5429 (net)                                                                                                                                                      88                   0.00       1.12 r                   
  rsp_arb/U693/Y (BUF_X1M_A9TR)                                                                                                                                                       0.26      0.27 *     1.39 r                   0.90
  rsp_arb/n5455 (net)                                                                                                                                                      34                   0.00       1.39 r                   
  rsp_arb/U2690/Y (AOI22_X0P5M_A9TR)                                                                                                                                                  0.13      0.12 *     1.51 f                   0.90
  rsp_arb/n1644 (net)                                                                                                                                                       1                   0.00       1.51 f                   
  rsp_arb/U2691/Y (NAND2_X0P5M_A9TR)                                                                                                                                                  0.25      0.19 *     1.70 r                   0.90
  rsp_arb/g_input_select_g_arbiter_data_out_w[1365] (net)                                                                                                                   1                   0.00       1.70 r                   
  rsp_arb/g_input_select_g_arbiter_g_out_buf_0__out_buf/data_in[1365] (VX_elastic_buffer_2084_1_1_0)                                                                                            0.00       1.70 r                   
  rsp_arb/g_input_select_g_arbiter_g_out_buf_0__out_buf/data_in[1365] (net)                                                                                                                     0.00       1.70 r                   
  rsp_arb/g_input_select_g_arbiter_g_out_buf_0__out_buf/g_eb1_pipe_buffer/data_in[1365] (VX_pipe_buffer_37)                                                                                     0.00       1.70 r                   
  rsp_arb/g_input_select_g_arbiter_g_out_buf_0__out_buf/g_eb1_pipe_buffer/data_in[1365] (net)                                                                                                   0.00       1.70 r                   
  rsp_arb/g_input_select_g_arbiter_g_out_buf_0__out_buf/g_eb1_pipe_buffer/g_register_g_pipe_regs_0__pipe_register/data_in[1365] (VX_pipe_register_36)                                           0.00       1.70 r                   
  rsp_arb/g_input_select_g_arbiter_g_out_buf_0__out_buf/g_eb1_pipe_buffer/g_register_g_pipe_regs_0__pipe_register/data_in[1365] (net)                                                           0.00       1.70 r                   
  rsp_arb/g_input_select_g_arbiter_g_out_buf_0__out_buf/g_eb1_pipe_buffer/g_register_g_pipe_regs_0__pipe_register/g_shift_register/data_in[1365] (VX_shift_register_2085_1_1_0)                 0.00       1.70 r                   
  rsp_arb/g_input_select_g_arbiter_g_out_buf_0__out_buf/g_eb1_pipe_buffer/g_register_g_pipe_regs_0__pipe_register/g_shift_register/data_in[1365] (net)                                          0.00       1.70 r                   
  rsp_arb/g_input_select_g_arbiter_g_out_buf_0__out_buf/g_eb1_pipe_buffer/g_register_g_pipe_regs_0__pipe_register/g_shift_register/g_shift_pipe_reg_0__1365_/D (DFFQ_X0P5M_A9TR)      0.25      0.00 *     1.70 r                   0.90
  data arrival time                                                                                                                                                                                        1.70                     

  clock CLK (rise edge)                                                                                                                                                                         9.90       9.90                     
  clock network delay (ideal)                                                                                                                                                                   0.00       9.90                     
  rsp_arb/g_input_select_g_arbiter_g_out_buf_0__out_buf/g_eb1_pipe_buffer/g_register_g_pipe_regs_0__pipe_register/g_shift_register/g_shift_pipe_reg_0__1365_/CK (DFFQ_X0P5M_A9TR)               0.00       9.90 r                   
  library setup time                                                                                                                                                                           -0.09       9.81                     
  data required time                                                                                                                                                                                       9.81                     
  -----------------------------------------------------------------------------------------------------------------------------------------------------------------------------------------------------------------------------------------------
  data required time                                                                                                                                                                                       9.81                     
  data arrival time                                                                                                                                                                                       -1.70                     
  -----------------------------------------------------------------------------------------------------------------------------------------------------------------------------------------------------------------------------------------------
  slack (MET)                                                                                                                                                                                              8.11                     


  Startpoint: local_out_if_rsp_valid
              (input port clocked by CLK)
  Endpoint: rsp_arb/g_input_select_g_arbiter_g_out_buf_0__out_buf/g_eb1_pipe_buffer/g_register_g_pipe_regs_0__pipe_register/g_shift_register/g_shift_pipe_reg_0__1800_
            (rising edge-triggered flip-flop clocked by CLK)
  Scenario: mode_norm.OC_rvt_ss_0p900v_125c
  Path Group: REGIN
  Path Type: max

Attributes:
    d - dont_touch
    u - dont_use
   mo - map_only
   so - size_only
    i - ideal_net or ideal_network
  inf - infeasible path

  Point                                                                                                                                                                   Fanout     Trans      Incr       Path      Attributes     Voltage
  -----------------------------------------------------------------------------------------------------------------------------------------------------------------------------------------------------------------------------------------------
  clock CLK (rise edge)                                                                                                                                                                         0.00       0.00                     
  clock network delay (ideal)                                                                                                                                                                   0.00       0.00                     
  input external delay                                                                                                                                                                          0.00       0.00 r                   
  local_out_if_rsp_valid (in)                                                                                                                                                         0.32      0.17       0.17 r                   
  local_out_if_rsp_valid (net)                                                                                                                                              5                   0.00       0.17 r                   
  rsp_arb/valid_in[1] (VX_stream_arb_20)                                                                                                                                                        0.00       0.17 r                   
  rsp_arb/valid_in[1] (net)                                                                                                                                                                     0.00       0.17 r                   
  rsp_arb/g_input_select_g_arbiter_arbiter/requests[1] (VX_generic_arbiter_3)                                                                                                                   0.00       0.17 r                   
  rsp_arb/g_input_select_g_arbiter_arbiter/requests[1] (net)                                                                                                                                    0.00       0.17 r                   
  rsp_arb/g_input_select_g_arbiter_arbiter/g_priority_priority_arbiter/requests[1] (VX_priority_arbiter_1)                                                                                      0.00       0.17 r                   
  rsp_arb/g_input_select_g_arbiter_arbiter/g_priority_priority_arbiter/requests[1] (net)                                                                                                        0.00       0.17 r                   
  rsp_arb/g_input_select_g_arbiter_arbiter/g_priority_priority_arbiter/g_encoder_grant_sel/data_in[1] (VX_priority_encoder_1)                                                                   0.00       0.17 r                   
  rsp_arb/g_input_select_g_arbiter_arbiter/g_priority_priority_arbiter/g_encoder_grant_sel/data_in[1] (net)                                                                                     0.00       0.17 r                   
  rsp_arb/g_input_select_g_arbiter_arbiter/g_priority_priority_arbiter/g_encoder_grant_sel/g_lsb_g_model1_lzc/data_in[1] (VX_lzc_1)                                                             0.00       0.17 r                   
  rsp_arb/g_input_select_g_arbiter_arbiter/g_priority_priority_arbiter/g_encoder_grant_sel/g_lsb_g_model1_lzc/data_in[1] (net)                                                                  0.00       0.17 r                   
  rsp_arb/g_input_select_g_arbiter_arbiter/g_priority_priority_arbiter/g_encoder_grant_sel/g_lsb_g_model1_lzc/g_lzc_find_first/valid_in[1] (VX_find_first_4_2_0)                                0.00       0.17 r                   
  rsp_arb/g_input_select_g_arbiter_arbiter/g_priority_priority_arbiter/g_encoder_grant_sel/g_lsb_g_model1_lzc/g_lzc_find_first/valid_in[1] (net)                                                0.00       0.17 r                   
  rsp_arb/g_input_select_g_arbiter_arbiter/g_priority_priority_arbiter/g_encoder_grant_sel/g_lsb_g_model1_lzc/g_lzc_find_first/U2/Y (AOI2XB1_X1M_A9TR)                                0.14      0.19 *     0.36 r                   0.90
  rsp_arb/g_input_select_g_arbiter_arbiter/g_priority_priority_arbiter/g_encoder_grant_sel/g_lsb_g_model1_lzc/g_lzc_find_first/data_out[0] (net)                            3                   0.00       0.36 r                   
  rsp_arb/g_input_select_g_arbiter_arbiter/g_priority_priority_arbiter/g_encoder_grant_sel/g_lsb_g_model1_lzc/g_lzc_find_first/data_out[0] (VX_find_first_4_2_0)                                0.00       0.36 r                   
  rsp_arb/g_input_select_g_arbiter_arbiter/g_priority_priority_arbiter/g_encoder_grant_sel/g_lsb_g_model1_lzc/data_out[0] (net)                                                                 0.00       0.36 r                   
  rsp_arb/g_input_select_g_arbiter_arbiter/g_priority_priority_arbiter/g_encoder_grant_sel/g_lsb_g_model1_lzc/data_out[0] (VX_lzc_1)                                                            0.00       0.36 r                   
  rsp_arb/g_input_select_g_arbiter_arbiter/g_priority_priority_arbiter/g_encoder_grant_sel/index_out[0] (net)                                                                                   0.00       0.36 r                   
  rsp_arb/g_input_select_g_arbiter_arbiter/g_priority_priority_arbiter/g_encoder_grant_sel/index_out[0] (VX_priority_encoder_1)                                                                 0.00       0.36 r                   
  rsp_arb/g_input_select_g_arbiter_arbiter/g_priority_priority_arbiter/grant_index[0] (net)                                                                                                     0.00       0.36 r                   
  rsp_arb/g_input_select_g_arbiter_arbiter/g_priority_priority_arbiter/grant_index[0] (VX_priority_arbiter_1)                                                                                   0.00       0.36 r                   
  rsp_arb/g_input_select_g_arbiter_arbiter/grant_index[0] (net)                                                                                                                                 0.00       0.36 r                   
  rsp_arb/g_input_select_g_arbiter_arbiter/grant_index[0] (VX_generic_arbiter_3)                                                                                                                0.00       0.36 r                   
  rsp_arb/g_input_select_g_arbiter_arb_index[0] (net)                                                                                                                                           0.00       0.36 r                   
  rsp_arb/U9/Y (INV_X0P7M_A9TR)                                                                                                                                                       0.05      0.05 *     0.40 f                   0.90
  rsp_arb/n3 (net)                                                                                                                                                          2                   0.00       0.40 f                   
  rsp_arb/U10/Y (NOR2_X1B_A9TR)                                                                                                                                                       0.33      0.21 *     0.61 r                   0.90
  rsp_arb/n579 (net)                                                                                                                                                        3                   0.00       0.61 r                   
  rsp_arb/U597/Y (BUF_X1P4B_A9TR)                                                                                                                                                     0.75      0.51 *     1.13 r                   0.90
  rsp_arb/n5431 (net)                                                                                                                                                      84                   0.00       1.13 r                   
  rsp_arb/U659/Y (BUF_X1M_A9TR)                                                                                                                                                       0.25      0.27 *     1.40 r                   0.90
  rsp_arb/n5449 (net)                                                                                                                                                      35                   0.00       1.40 r                   
  rsp_arb/U812/Y (AOI22_X0P5M_A9TR)                                                                                                                                                   0.14      0.14 *     1.54 f                   0.90
  rsp_arb/n413 (net)                                                                                                                                                        1                   0.00       1.54 f                   
  rsp_arb/U817/Y (NAND2_X0P5M_A9TR)                                                                                                                                                   0.19      0.16 *     1.71 r                   0.90
  rsp_arb/g_input_select_g_arbiter_data_out_w[1800] (net)                                                                                                                   1                   0.00       1.71 r                   
  rsp_arb/g_input_select_g_arbiter_g_out_buf_0__out_buf/data_in[1800] (VX_elastic_buffer_2084_1_1_0)                                                                                            0.00       1.71 r                   
  rsp_arb/g_input_select_g_arbiter_g_out_buf_0__out_buf/data_in[1800] (net)                                                                                                                     0.00       1.71 r                   
  rsp_arb/g_input_select_g_arbiter_g_out_buf_0__out_buf/g_eb1_pipe_buffer/data_in[1800] (VX_pipe_buffer_37)                                                                                     0.00       1.71 r                   
  rsp_arb/g_input_select_g_arbiter_g_out_buf_0__out_buf/g_eb1_pipe_buffer/data_in[1800] (net)                                                                                                   0.00       1.71 r                   
  rsp_arb/g_input_select_g_arbiter_g_out_buf_0__out_buf/g_eb1_pipe_buffer/g_register_g_pipe_regs_0__pipe_register/data_in[1800] (VX_pipe_register_36)                                           0.00       1.71 r                   
  rsp_arb/g_input_select_g_arbiter_g_out_buf_0__out_buf/g_eb1_pipe_buffer/g_register_g_pipe_regs_0__pipe_register/data_in[1800] (net)                                                           0.00       1.71 r                   
  rsp_arb/g_input_select_g_arbiter_g_out_buf_0__out_buf/g_eb1_pipe_buffer/g_register_g_pipe_regs_0__pipe_register/g_shift_register/data_in[1800] (VX_shift_register_2085_1_1_0)                 0.00       1.71 r                   
  rsp_arb/g_input_select_g_arbiter_g_out_buf_0__out_buf/g_eb1_pipe_buffer/g_register_g_pipe_regs_0__pipe_register/g_shift_register/data_in[1800] (net)                                          0.00       1.71 r                   
  rsp_arb/g_input_select_g_arbiter_g_out_buf_0__out_buf/g_eb1_pipe_buffer/g_register_g_pipe_regs_0__pipe_register/g_shift_register/g_shift_pipe_reg_0__1800_/D (DFFQ_X0P5M_A9TR)      0.19      0.00 *     1.71 r                   0.90
  data arrival time                                                                                                                                                                                        1.71                     

  clock CLK (rise edge)                                                                                                                                                                         9.90       9.90                     
  clock network delay (ideal)                                                                                                                                                                   0.00       9.90                     
  rsp_arb/g_input_select_g_arbiter_g_out_buf_0__out_buf/g_eb1_pipe_buffer/g_register_g_pipe_regs_0__pipe_register/g_shift_register/g_shift_pipe_reg_0__1800_/CK (DFFQ_X0P5M_A9TR)               0.00       9.90 r                   
  library setup time                                                                                                                                                                           -0.08       9.82                     
  data required time                                                                                                                                                                                       9.82                     
  -----------------------------------------------------------------------------------------------------------------------------------------------------------------------------------------------------------------------------------------------
  data required time                                                                                                                                                                                       9.82                     
  data arrival time                                                                                                                                                                                       -1.71                     
  -----------------------------------------------------------------------------------------------------------------------------------------------------------------------------------------------------------------------------------------------
  slack (MET)                                                                                                                                                                                              8.11                     


  Startpoint: local_out_if_rsp_valid
              (input port clocked by CLK)
  Endpoint: rsp_arb/g_input_select_g_arbiter_g_out_buf_0__out_buf/g_eb1_pipe_buffer/g_register_g_pipe_regs_0__pipe_register/g_shift_register/g_shift_pipe_reg_0__1794_
            (rising edge-triggered flip-flop clocked by CLK)
  Scenario: mode_norm.OC_rvt_ss_0p900v_125c
  Path Group: REGIN
  Path Type: max

Attributes:
    d - dont_touch
    u - dont_use
   mo - map_only
   so - size_only
    i - ideal_net or ideal_network
  inf - infeasible path

  Point                                                                                                                                                                   Fanout     Trans      Incr       Path      Attributes     Voltage
  -----------------------------------------------------------------------------------------------------------------------------------------------------------------------------------------------------------------------------------------------
  clock CLK (rise edge)                                                                                                                                                                         0.00       0.00                     
  clock network delay (ideal)                                                                                                                                                                   0.00       0.00                     
  input external delay                                                                                                                                                                          0.00       0.00 r                   
  local_out_if_rsp_valid (in)                                                                                                                                                         0.32      0.17       0.17 r                   
  local_out_if_rsp_valid (net)                                                                                                                                              5                   0.00       0.17 r                   
  rsp_arb/valid_in[1] (VX_stream_arb_20)                                                                                                                                                        0.00       0.17 r                   
  rsp_arb/valid_in[1] (net)                                                                                                                                                                     0.00       0.17 r                   
  rsp_arb/g_input_select_g_arbiter_arbiter/requests[1] (VX_generic_arbiter_3)                                                                                                                   0.00       0.17 r                   
  rsp_arb/g_input_select_g_arbiter_arbiter/requests[1] (net)                                                                                                                                    0.00       0.17 r                   
  rsp_arb/g_input_select_g_arbiter_arbiter/g_priority_priority_arbiter/requests[1] (VX_priority_arbiter_1)                                                                                      0.00       0.17 r                   
  rsp_arb/g_input_select_g_arbiter_arbiter/g_priority_priority_arbiter/requests[1] (net)                                                                                                        0.00       0.17 r                   
  rsp_arb/g_input_select_g_arbiter_arbiter/g_priority_priority_arbiter/g_encoder_grant_sel/data_in[1] (VX_priority_encoder_1)                                                                   0.00       0.17 r                   
  rsp_arb/g_input_select_g_arbiter_arbiter/g_priority_priority_arbiter/g_encoder_grant_sel/data_in[1] (net)                                                                                     0.00       0.17 r                   
  rsp_arb/g_input_select_g_arbiter_arbiter/g_priority_priority_arbiter/g_encoder_grant_sel/g_lsb_g_model1_lzc/data_in[1] (VX_lzc_1)                                                             0.00       0.17 r                   
  rsp_arb/g_input_select_g_arbiter_arbiter/g_priority_priority_arbiter/g_encoder_grant_sel/g_lsb_g_model1_lzc/data_in[1] (net)                                                                  0.00       0.17 r                   
  rsp_arb/g_input_select_g_arbiter_arbiter/g_priority_priority_arbiter/g_encoder_grant_sel/g_lsb_g_model1_lzc/g_lzc_find_first/valid_in[1] (VX_find_first_4_2_0)                                0.00       0.17 r                   
  rsp_arb/g_input_select_g_arbiter_arbiter/g_priority_priority_arbiter/g_encoder_grant_sel/g_lsb_g_model1_lzc/g_lzc_find_first/valid_in[1] (net)                                                0.00       0.17 r                   
  rsp_arb/g_input_select_g_arbiter_arbiter/g_priority_priority_arbiter/g_encoder_grant_sel/g_lsb_g_model1_lzc/g_lzc_find_first/U2/Y (AOI2XB1_X1M_A9TR)                                0.14      0.19 *     0.36 r                   0.90
  rsp_arb/g_input_select_g_arbiter_arbiter/g_priority_priority_arbiter/g_encoder_grant_sel/g_lsb_g_model1_lzc/g_lzc_find_first/data_out[0] (net)                            3                   0.00       0.36 r                   
  rsp_arb/g_input_select_g_arbiter_arbiter/g_priority_priority_arbiter/g_encoder_grant_sel/g_lsb_g_model1_lzc/g_lzc_find_first/data_out[0] (VX_find_first_4_2_0)                                0.00       0.36 r                   
  rsp_arb/g_input_select_g_arbiter_arbiter/g_priority_priority_arbiter/g_encoder_grant_sel/g_lsb_g_model1_lzc/data_out[0] (net)                                                                 0.00       0.36 r                   
  rsp_arb/g_input_select_g_arbiter_arbiter/g_priority_priority_arbiter/g_encoder_grant_sel/g_lsb_g_model1_lzc/data_out[0] (VX_lzc_1)                                                            0.00       0.36 r                   
  rsp_arb/g_input_select_g_arbiter_arbiter/g_priority_priority_arbiter/g_encoder_grant_sel/index_out[0] (net)                                                                                   0.00       0.36 r                   
  rsp_arb/g_input_select_g_arbiter_arbiter/g_priority_priority_arbiter/g_encoder_grant_sel/index_out[0] (VX_priority_encoder_1)                                                                 0.00       0.36 r                   
  rsp_arb/g_input_select_g_arbiter_arbiter/g_priority_priority_arbiter/grant_index[0] (net)                                                                                                     0.00       0.36 r                   
  rsp_arb/g_input_select_g_arbiter_arbiter/g_priority_priority_arbiter/grant_index[0] (VX_priority_arbiter_1)                                                                                   0.00       0.36 r                   
  rsp_arb/g_input_select_g_arbiter_arbiter/grant_index[0] (net)                                                                                                                                 0.00       0.36 r                   
  rsp_arb/g_input_select_g_arbiter_arbiter/grant_index[0] (VX_generic_arbiter_3)                                                                                                                0.00       0.36 r                   
  rsp_arb/g_input_select_g_arbiter_arb_index[0] (net)                                                                                                                                           0.00       0.36 r                   
  rsp_arb/U9/Y (INV_X0P7M_A9TR)                                                                                                                                                       0.05      0.05 *     0.40 f                   0.90
  rsp_arb/n3 (net)                                                                                                                                                          2                   0.00       0.40 f                   
  rsp_arb/U10/Y (NOR2_X1B_A9TR)                                                                                                                                                       0.33      0.21 *     0.61 r                   0.90
  rsp_arb/n579 (net)                                                                                                                                                        3                   0.00       0.61 r                   
  rsp_arb/U597/Y (BUF_X1P4B_A9TR)                                                                                                                                                     0.75      0.51 *     1.13 r                   0.90
  rsp_arb/n5431 (net)                                                                                                                                                      84                   0.00       1.13 r                   
  rsp_arb/U659/Y (BUF_X1M_A9TR)                                                                                                                                                       0.25      0.27 *     1.40 r                   0.90
  rsp_arb/n5449 (net)                                                                                                                                                      35                   0.00       1.40 r                   
  rsp_arb/U846/Y (AOI22_X0P5M_A9TR)                                                                                                                                                   0.13      0.12 *     1.52 f                   0.90
  rsp_arb/n428 (net)                                                                                                                                                        1                   0.00       1.52 f                   
  rsp_arb/U847/Y (NAND2_X0P5M_A9TR)                                                                                                                                                   0.21      0.17 *     1.69 r                   0.90
  rsp_arb/g_input_select_g_arbiter_data_out_w[1794] (net)                                                                                                                   1                   0.00       1.69 r                   
  rsp_arb/g_input_select_g_arbiter_g_out_buf_0__out_buf/data_in[1794] (VX_elastic_buffer_2084_1_1_0)                                                                                            0.00       1.69 r                   
  rsp_arb/g_input_select_g_arbiter_g_out_buf_0__out_buf/data_in[1794] (net)                                                                                                                     0.00       1.69 r                   
  rsp_arb/g_input_select_g_arbiter_g_out_buf_0__out_buf/g_eb1_pipe_buffer/data_in[1794] (VX_pipe_buffer_37)                                                                                     0.00       1.69 r                   
  rsp_arb/g_input_select_g_arbiter_g_out_buf_0__out_buf/g_eb1_pipe_buffer/data_in[1794] (net)                                                                                                   0.00       1.69 r                   
  rsp_arb/g_input_select_g_arbiter_g_out_buf_0__out_buf/g_eb1_pipe_buffer/g_register_g_pipe_regs_0__pipe_register/data_in[1794] (VX_pipe_register_36)                                           0.00       1.69 r                   
  rsp_arb/g_input_select_g_arbiter_g_out_buf_0__out_buf/g_eb1_pipe_buffer/g_register_g_pipe_regs_0__pipe_register/data_in[1794] (net)                                                           0.00       1.69 r                   
  rsp_arb/g_input_select_g_arbiter_g_out_buf_0__out_buf/g_eb1_pipe_buffer/g_register_g_pipe_regs_0__pipe_register/g_shift_register/data_in[1794] (VX_shift_register_2085_1_1_0)                 0.00       1.69 r                   
  rsp_arb/g_input_select_g_arbiter_g_out_buf_0__out_buf/g_eb1_pipe_buffer/g_register_g_pipe_regs_0__pipe_register/g_shift_register/data_in[1794] (net)                                          0.00       1.69 r                   
  rsp_arb/g_input_select_g_arbiter_g_out_buf_0__out_buf/g_eb1_pipe_buffer/g_register_g_pipe_regs_0__pipe_register/g_shift_register/g_shift_pipe_reg_0__1794_/D (DFFQ_X0P5M_A9TR)      0.21      0.00 *     1.69 r                   0.90
  data arrival time                                                                                                                                                                                        1.69                     

  clock CLK (rise edge)                                                                                                                                                                         9.90       9.90                     
  clock network delay (ideal)                                                                                                                                                                   0.00       9.90                     
  rsp_arb/g_input_select_g_arbiter_g_out_buf_0__out_buf/g_eb1_pipe_buffer/g_register_g_pipe_regs_0__pipe_register/g_shift_register/g_shift_pipe_reg_0__1794_/CK (DFFQ_X0P5M_A9TR)               0.00       9.90 r                   
  library setup time                                                                                                                                                                           -0.09       9.81                     
  data required time                                                                                                                                                                                       9.81                     
  -----------------------------------------------------------------------------------------------------------------------------------------------------------------------------------------------------------------------------------------------
  data required time                                                                                                                                                                                       9.81                     
  data arrival time                                                                                                                                                                                       -1.69                     
  -----------------------------------------------------------------------------------------------------------------------------------------------------------------------------------------------------------------------------------------------
  slack (MET)                                                                                                                                                                                              8.12                     


  Startpoint: local_out_if_rsp_valid
              (input port clocked by CLK)
  Endpoint: rsp_arb/g_input_select_g_arbiter_g_out_buf_0__out_buf/g_eb1_pipe_buffer/g_register_g_pipe_regs_0__pipe_register/g_shift_register/g_shift_pipe_reg_0__1304_
            (rising edge-triggered flip-flop clocked by CLK)
  Scenario: mode_norm.OC_rvt_ss_0p900v_125c
  Path Group: REGIN
  Path Type: max

Attributes:
    d - dont_touch
    u - dont_use
   mo - map_only
   so - size_only
    i - ideal_net or ideal_network
  inf - infeasible path

  Point                                                                                                                                                                   Fanout     Trans      Incr       Path      Attributes     Voltage
  -----------------------------------------------------------------------------------------------------------------------------------------------------------------------------------------------------------------------------------------------
  clock CLK (rise edge)                                                                                                                                                                         0.00       0.00                     
  clock network delay (ideal)                                                                                                                                                                   0.00       0.00                     
  input external delay                                                                                                                                                                          0.00       0.00 r                   
  local_out_if_rsp_valid (in)                                                                                                                                                         0.32      0.17       0.17 r                   
  local_out_if_rsp_valid (net)                                                                                                                                              5                   0.00       0.17 r                   
  rsp_arb/valid_in[1] (VX_stream_arb_20)                                                                                                                                                        0.00       0.17 r                   
  rsp_arb/valid_in[1] (net)                                                                                                                                                                     0.00       0.17 r                   
  rsp_arb/g_input_select_g_arbiter_arbiter/requests[1] (VX_generic_arbiter_3)                                                                                                                   0.00       0.17 r                   
  rsp_arb/g_input_select_g_arbiter_arbiter/requests[1] (net)                                                                                                                                    0.00       0.17 r                   
  rsp_arb/g_input_select_g_arbiter_arbiter/g_priority_priority_arbiter/requests[1] (VX_priority_arbiter_1)                                                                                      0.00       0.17 r                   
  rsp_arb/g_input_select_g_arbiter_arbiter/g_priority_priority_arbiter/requests[1] (net)                                                                                                        0.00       0.17 r                   
  rsp_arb/g_input_select_g_arbiter_arbiter/g_priority_priority_arbiter/g_encoder_grant_sel/data_in[1] (VX_priority_encoder_1)                                                                   0.00       0.17 r                   
  rsp_arb/g_input_select_g_arbiter_arbiter/g_priority_priority_arbiter/g_encoder_grant_sel/data_in[1] (net)                                                                                     0.00       0.17 r                   
  rsp_arb/g_input_select_g_arbiter_arbiter/g_priority_priority_arbiter/g_encoder_grant_sel/g_lsb_g_model1_lzc/data_in[1] (VX_lzc_1)                                                             0.00       0.17 r                   
  rsp_arb/g_input_select_g_arbiter_arbiter/g_priority_priority_arbiter/g_encoder_grant_sel/g_lsb_g_model1_lzc/data_in[1] (net)                                                                  0.00       0.17 r                   
  rsp_arb/g_input_select_g_arbiter_arbiter/g_priority_priority_arbiter/g_encoder_grant_sel/g_lsb_g_model1_lzc/g_lzc_find_first/valid_in[1] (VX_find_first_4_2_0)                                0.00       0.17 r                   
  rsp_arb/g_input_select_g_arbiter_arbiter/g_priority_priority_arbiter/g_encoder_grant_sel/g_lsb_g_model1_lzc/g_lzc_find_first/valid_in[1] (net)                                                0.00       0.17 r                   
  rsp_arb/g_input_select_g_arbiter_arbiter/g_priority_priority_arbiter/g_encoder_grant_sel/g_lsb_g_model1_lzc/g_lzc_find_first/U2/Y (AOI2XB1_X1M_A9TR)                                0.14      0.19 *     0.36 r                   0.90
  rsp_arb/g_input_select_g_arbiter_arbiter/g_priority_priority_arbiter/g_encoder_grant_sel/g_lsb_g_model1_lzc/g_lzc_find_first/data_out[0] (net)                            3                   0.00       0.36 r                   
  rsp_arb/g_input_select_g_arbiter_arbiter/g_priority_priority_arbiter/g_encoder_grant_sel/g_lsb_g_model1_lzc/g_lzc_find_first/data_out[0] (VX_find_first_4_2_0)                                0.00       0.36 r                   
  rsp_arb/g_input_select_g_arbiter_arbiter/g_priority_priority_arbiter/g_encoder_grant_sel/g_lsb_g_model1_lzc/data_out[0] (net)                                                                 0.00       0.36 r                   
  rsp_arb/g_input_select_g_arbiter_arbiter/g_priority_priority_arbiter/g_encoder_grant_sel/g_lsb_g_model1_lzc/data_out[0] (VX_lzc_1)                                                            0.00       0.36 r                   
  rsp_arb/g_input_select_g_arbiter_arbiter/g_priority_priority_arbiter/g_encoder_grant_sel/index_out[0] (net)                                                                                   0.00       0.36 r                   
  rsp_arb/g_input_select_g_arbiter_arbiter/g_priority_priority_arbiter/g_encoder_grant_sel/index_out[0] (VX_priority_encoder_1)                                                                 0.00       0.36 r                   
  rsp_arb/g_input_select_g_arbiter_arbiter/g_priority_priority_arbiter/grant_index[0] (net)                                                                                                     0.00       0.36 r                   
  rsp_arb/g_input_select_g_arbiter_arbiter/g_priority_priority_arbiter/grant_index[0] (VX_priority_arbiter_1)                                                                                   0.00       0.36 r                   
  rsp_arb/g_input_select_g_arbiter_arbiter/grant_index[0] (net)                                                                                                                                 0.00       0.36 r                   
  rsp_arb/g_input_select_g_arbiter_arbiter/grant_index[0] (VX_generic_arbiter_3)                                                                                                                0.00       0.36 r                   
  rsp_arb/g_input_select_g_arbiter_arb_index[0] (net)                                                                                                                                           0.00       0.36 r                   
  rsp_arb/U9/Y (INV_X0P7M_A9TR)                                                                                                                                                       0.05      0.05 *     0.40 f                   0.90
  rsp_arb/n3 (net)                                                                                                                                                          2                   0.00       0.40 f                   
  rsp_arb/U10/Y (NOR2_X1B_A9TR)                                                                                                                                                       0.33      0.21 *     0.61 r                   0.90
  rsp_arb/n579 (net)                                                                                                                                                        3                   0.00       0.61 r                   
  rsp_arb/U597/Y (BUF_X1P4B_A9TR)                                                                                                                                                     0.75      0.51 *     1.13 r                   0.90
  rsp_arb/n5431 (net)                                                                                                                                                      84                   0.00       1.13 r                   
  rsp_arb/U659/Y (BUF_X1M_A9TR)                                                                                                                                                       0.25      0.27 *     1.40 r                   0.90
  rsp_arb/n5449 (net)                                                                                                                                                      35                   0.00       1.40 r                   
  rsp_arb/U2492/Y (AOI22_X0P5M_A9TR)                                                                                                                                                  0.12      0.11 *     1.51 f                   0.90
  rsp_arb/n1509 (net)                                                                                                                                                       1                   0.00       1.51 f                   
  rsp_arb/U2494/Y (NAND2_X0P5M_A9TR)                                                                                                                                                  0.23      0.18 *     1.69 r                   0.90
  rsp_arb/g_input_select_g_arbiter_data_out_w[1304] (net)                                                                                                                   1                   0.00       1.69 r                   
  rsp_arb/g_input_select_g_arbiter_g_out_buf_0__out_buf/data_in[1304] (VX_elastic_buffer_2084_1_1_0)                                                                                            0.00       1.69 r                   
  rsp_arb/g_input_select_g_arbiter_g_out_buf_0__out_buf/data_in[1304] (net)                                                                                                                     0.00       1.69 r                   
  rsp_arb/g_input_select_g_arbiter_g_out_buf_0__out_buf/g_eb1_pipe_buffer/data_in[1304] (VX_pipe_buffer_37)                                                                                     0.00       1.69 r                   
  rsp_arb/g_input_select_g_arbiter_g_out_buf_0__out_buf/g_eb1_pipe_buffer/data_in[1304] (net)                                                                                                   0.00       1.69 r                   
  rsp_arb/g_input_select_g_arbiter_g_out_buf_0__out_buf/g_eb1_pipe_buffer/g_register_g_pipe_regs_0__pipe_register/data_in[1304] (VX_pipe_register_36)                                           0.00       1.69 r                   
  rsp_arb/g_input_select_g_arbiter_g_out_buf_0__out_buf/g_eb1_pipe_buffer/g_register_g_pipe_regs_0__pipe_register/data_in[1304] (net)                                                           0.00       1.69 r                   
  rsp_arb/g_input_select_g_arbiter_g_out_buf_0__out_buf/g_eb1_pipe_buffer/g_register_g_pipe_regs_0__pipe_register/g_shift_register/data_in[1304] (VX_shift_register_2085_1_1_0)                 0.00       1.69 r                   
  rsp_arb/g_input_select_g_arbiter_g_out_buf_0__out_buf/g_eb1_pipe_buffer/g_register_g_pipe_regs_0__pipe_register/g_shift_register/data_in[1304] (net)                                          0.00       1.69 r                   
  rsp_arb/g_input_select_g_arbiter_g_out_buf_0__out_buf/g_eb1_pipe_buffer/g_register_g_pipe_regs_0__pipe_register/g_shift_register/g_shift_pipe_reg_0__1304_/D (DFFQ_X0P5M_A9TR)      0.23      0.00 *     1.69 r                   0.90
  data arrival time                                                                                                                                                                                        1.69                     

  clock CLK (rise edge)                                                                                                                                                                         9.90       9.90                     
  clock network delay (ideal)                                                                                                                                                                   0.00       9.90                     
  rsp_arb/g_input_select_g_arbiter_g_out_buf_0__out_buf/g_eb1_pipe_buffer/g_register_g_pipe_regs_0__pipe_register/g_shift_register/g_shift_pipe_reg_0__1304_/CK (DFFQ_X0P5M_A9TR)               0.00       9.90 r                   
  library setup time                                                                                                                                                                           -0.09       9.81                     
  data required time                                                                                                                                                                                       9.81                     
  -----------------------------------------------------------------------------------------------------------------------------------------------------------------------------------------------------------------------------------------------
  data required time                                                                                                                                                                                       9.81                     
  data arrival time                                                                                                                                                                                       -1.69                     
  -----------------------------------------------------------------------------------------------------------------------------------------------------------------------------------------------------------------------------------------------
  slack (MET)                                                                                                                                                                                              8.12                     


  Startpoint: local_out_if_rsp_valid
              (input port clocked by CLK)
  Endpoint: rsp_arb/g_input_select_g_arbiter_g_out_buf_0__out_buf/g_eb1_pipe_buffer/g_register_g_pipe_regs_0__pipe_register/g_shift_register/g_shift_pipe_reg_0__595_
            (rising edge-triggered flip-flop clocked by CLK)
  Scenario: mode_norm.OC_rvt_ss_0p900v_125c
  Path Group: REGIN
  Path Type: max

Attributes:
    d - dont_touch
    u - dont_use
   mo - map_only
   so - size_only
    i - ideal_net or ideal_network
  inf - infeasible path

  Point                                                                                                                                                                  Fanout     Trans      Incr       Path      Attributes     Voltage
  ----------------------------------------------------------------------------------------------------------------------------------------------------------------------------------------------------------------------------------------------
  clock CLK (rise edge)                                                                                                                                                                        0.00       0.00                     
  clock network delay (ideal)                                                                                                                                                                  0.00       0.00                     
  input external delay                                                                                                                                                                         0.00       0.00 r                   
  local_out_if_rsp_valid (in)                                                                                                                                                        0.32      0.17       0.17 r                   
  local_out_if_rsp_valid (net)                                                                                                                                             5                   0.00       0.17 r                   
  rsp_arb/valid_in[1] (VX_stream_arb_20)                                                                                                                                                       0.00       0.17 r                   
  rsp_arb/valid_in[1] (net)                                                                                                                                                                    0.00       0.17 r                   
  rsp_arb/g_input_select_g_arbiter_arbiter/requests[1] (VX_generic_arbiter_3)                                                                                                                  0.00       0.17 r                   
  rsp_arb/g_input_select_g_arbiter_arbiter/requests[1] (net)                                                                                                                                   0.00       0.17 r                   
  rsp_arb/g_input_select_g_arbiter_arbiter/g_priority_priority_arbiter/requests[1] (VX_priority_arbiter_1)                                                                                     0.00       0.17 r                   
  rsp_arb/g_input_select_g_arbiter_arbiter/g_priority_priority_arbiter/requests[1] (net)                                                                                                       0.00       0.17 r                   
  rsp_arb/g_input_select_g_arbiter_arbiter/g_priority_priority_arbiter/g_encoder_grant_sel/data_in[1] (VX_priority_encoder_1)                                                                  0.00       0.17 r                   
  rsp_arb/g_input_select_g_arbiter_arbiter/g_priority_priority_arbiter/g_encoder_grant_sel/data_in[1] (net)                                                                                    0.00       0.17 r                   
  rsp_arb/g_input_select_g_arbiter_arbiter/g_priority_priority_arbiter/g_encoder_grant_sel/g_lsb_g_model1_lzc/data_in[1] (VX_lzc_1)                                                            0.00       0.17 r                   
  rsp_arb/g_input_select_g_arbiter_arbiter/g_priority_priority_arbiter/g_encoder_grant_sel/g_lsb_g_model1_lzc/data_in[1] (net)                                                                 0.00       0.17 r                   
  rsp_arb/g_input_select_g_arbiter_arbiter/g_priority_priority_arbiter/g_encoder_grant_sel/g_lsb_g_model1_lzc/g_lzc_find_first/valid_in[1] (VX_find_first_4_2_0)                               0.00       0.17 r                   
  rsp_arb/g_input_select_g_arbiter_arbiter/g_priority_priority_arbiter/g_encoder_grant_sel/g_lsb_g_model1_lzc/g_lzc_find_first/valid_in[1] (net)                                               0.00       0.17 r                   
  rsp_arb/g_input_select_g_arbiter_arbiter/g_priority_priority_arbiter/g_encoder_grant_sel/g_lsb_g_model1_lzc/g_lzc_find_first/U2/Y (AOI2XB1_X1M_A9TR)                               0.14      0.19 *     0.36 r                   0.90
  rsp_arb/g_input_select_g_arbiter_arbiter/g_priority_priority_arbiter/g_encoder_grant_sel/g_lsb_g_model1_lzc/g_lzc_find_first/data_out[0] (net)                           3                   0.00       0.36 r                   
  rsp_arb/g_input_select_g_arbiter_arbiter/g_priority_priority_arbiter/g_encoder_grant_sel/g_lsb_g_model1_lzc/g_lzc_find_first/data_out[0] (VX_find_first_4_2_0)                               0.00       0.36 r                   
  rsp_arb/g_input_select_g_arbiter_arbiter/g_priority_priority_arbiter/g_encoder_grant_sel/g_lsb_g_model1_lzc/data_out[0] (net)                                                                0.00       0.36 r                   
  rsp_arb/g_input_select_g_arbiter_arbiter/g_priority_priority_arbiter/g_encoder_grant_sel/g_lsb_g_model1_lzc/data_out[0] (VX_lzc_1)                                                           0.00       0.36 r                   
  rsp_arb/g_input_select_g_arbiter_arbiter/g_priority_priority_arbiter/g_encoder_grant_sel/index_out[0] (net)                                                                                  0.00       0.36 r                   
  rsp_arb/g_input_select_g_arbiter_arbiter/g_priority_priority_arbiter/g_encoder_grant_sel/index_out[0] (VX_priority_encoder_1)                                                                0.00       0.36 r                   
  rsp_arb/g_input_select_g_arbiter_arbiter/g_priority_priority_arbiter/grant_index[0] (net)                                                                                                    0.00       0.36 r                   
  rsp_arb/g_input_select_g_arbiter_arbiter/g_priority_priority_arbiter/grant_index[0] (VX_priority_arbiter_1)                                                                                  0.00       0.36 r                   
  rsp_arb/g_input_select_g_arbiter_arbiter/grant_index[0] (net)                                                                                                                                0.00       0.36 r                   
  rsp_arb/g_input_select_g_arbiter_arbiter/grant_index[0] (VX_generic_arbiter_3)                                                                                                               0.00       0.36 r                   
  rsp_arb/g_input_select_g_arbiter_arb_index[0] (net)                                                                                                                                          0.00       0.36 r                   
  rsp_arb/U9/Y (INV_X0P7M_A9TR)                                                                                                                                                      0.05      0.05 *     0.40 f                   0.90
  rsp_arb/n3 (net)                                                                                                                                                         2                   0.00       0.40 f                   
  rsp_arb/U10/Y (NOR2_X1B_A9TR)                                                                                                                                                      0.33      0.21 *     0.61 r                   0.90
  rsp_arb/n579 (net)                                                                                                                                                       3                   0.00       0.61 r                   
  rsp_arb/U597/Y (BUF_X1P4B_A9TR)                                                                                                                                                    0.75      0.51 *     1.13 r                   0.90
  rsp_arb/n5431 (net)                                                                                                                                                     84                   0.00       1.13 r                   
  rsp_arb/U689/Y (BUF_X1M_A9TR)                                                                                                                                                      0.27      0.29 *     1.41 r                   0.90
  rsp_arb/n5452 (net)                                                                                                                                                     38                   0.00       1.41 r                   
  rsp_arb/U4579/Y (AOI22_X0P5M_A9TR)                                                                                                                                                 0.18      0.10 *     1.51 f                   0.90
  rsp_arb/n2949 (net)                                                                                                                                                      1                   0.00       1.51 f                   
  rsp_arb/U4580/Y (NAND2_X0P5M_A9TR)                                                                                                                                                 0.20      0.18 *     1.69 r                   0.90
  rsp_arb/g_input_select_g_arbiter_data_out_w[595] (net)                                                                                                                   1                   0.00       1.69 r                   
  rsp_arb/g_input_select_g_arbiter_g_out_buf_0__out_buf/data_in[595] (VX_elastic_buffer_2084_1_1_0)                                                                                            0.00       1.69 r                   
  rsp_arb/g_input_select_g_arbiter_g_out_buf_0__out_buf/data_in[595] (net)                                                                                                                     0.00       1.69 r                   
  rsp_arb/g_input_select_g_arbiter_g_out_buf_0__out_buf/g_eb1_pipe_buffer/data_in[595] (VX_pipe_buffer_37)                                                                                     0.00       1.69 r                   
  rsp_arb/g_input_select_g_arbiter_g_out_buf_0__out_buf/g_eb1_pipe_buffer/data_in[595] (net)                                                                                                   0.00       1.69 r                   
  rsp_arb/g_input_select_g_arbiter_g_out_buf_0__out_buf/g_eb1_pipe_buffer/g_register_g_pipe_regs_0__pipe_register/data_in[595] (VX_pipe_register_36)                                           0.00       1.69 r                   
  rsp_arb/g_input_select_g_arbiter_g_out_buf_0__out_buf/g_eb1_pipe_buffer/g_register_g_pipe_regs_0__pipe_register/data_in[595] (net)                                                           0.00       1.69 r                   
  rsp_arb/g_input_select_g_arbiter_g_out_buf_0__out_buf/g_eb1_pipe_buffer/g_register_g_pipe_regs_0__pipe_register/g_shift_register/data_in[595] (VX_shift_register_2085_1_1_0)                 0.00       1.69 r                   
  rsp_arb/g_input_select_g_arbiter_g_out_buf_0__out_buf/g_eb1_pipe_buffer/g_register_g_pipe_regs_0__pipe_register/g_shift_register/data_in[595] (net)                                          0.00       1.69 r                   
  rsp_arb/g_input_select_g_arbiter_g_out_buf_0__out_buf/g_eb1_pipe_buffer/g_register_g_pipe_regs_0__pipe_register/g_shift_register/g_shift_pipe_reg_0__595_/D (DFFQ_X0P5M_A9TR)      0.20      0.00 *     1.69 r                   0.90
  data arrival time                                                                                                                                                                                       1.69                     

  clock CLK (rise edge)                                                                                                                                                                        9.90       9.90                     
  clock network delay (ideal)                                                                                                                                                                  0.00       9.90                     
  rsp_arb/g_input_select_g_arbiter_g_out_buf_0__out_buf/g_eb1_pipe_buffer/g_register_g_pipe_regs_0__pipe_register/g_shift_register/g_shift_pipe_reg_0__595_/CK (DFFQ_X0P5M_A9TR)               0.00       9.90 r                   
  library setup time                                                                                                                                                                          -0.09       9.81                     
  data required time                                                                                                                                                                                      9.81                     
  ----------------------------------------------------------------------------------------------------------------------------------------------------------------------------------------------------------------------------------------------
  data required time                                                                                                                                                                                      9.81                     
  data arrival time                                                                                                                                                                                      -1.69                     
  ----------------------------------------------------------------------------------------------------------------------------------------------------------------------------------------------------------------------------------------------
  slack (MET)                                                                                                                                                                                             8.12                     


  Startpoint: local_out_if_rsp_valid
              (input port clocked by CLK)
  Endpoint: rsp_arb/g_input_select_g_arbiter_g_out_buf_0__out_buf/g_eb1_pipe_buffer/g_register_g_pipe_regs_0__pipe_register/g_shift_register/g_shift_pipe_reg_0__156_
            (rising edge-triggered flip-flop clocked by CLK)
  Scenario: mode_norm.OC_rvt_ss_0p900v_125c
  Path Group: REGIN
  Path Type: max

Attributes:
    d - dont_touch
    u - dont_use
   mo - map_only
   so - size_only
    i - ideal_net or ideal_network
  inf - infeasible path

  Point                                                                                                                                                                  Fanout     Trans      Incr       Path      Attributes     Voltage
  ----------------------------------------------------------------------------------------------------------------------------------------------------------------------------------------------------------------------------------------------
  clock CLK (rise edge)                                                                                                                                                                        0.00       0.00                     
  clock network delay (ideal)                                                                                                                                                                  0.00       0.00                     
  input external delay                                                                                                                                                                         0.00       0.00 r                   
  local_out_if_rsp_valid (in)                                                                                                                                                        0.32      0.17       0.17 r                   
  local_out_if_rsp_valid (net)                                                                                                                                             5                   0.00       0.17 r                   
  rsp_arb/valid_in[1] (VX_stream_arb_20)                                                                                                                                                       0.00       0.17 r                   
  rsp_arb/valid_in[1] (net)                                                                                                                                                                    0.00       0.17 r                   
  rsp_arb/g_input_select_g_arbiter_arbiter/requests[1] (VX_generic_arbiter_3)                                                                                                                  0.00       0.17 r                   
  rsp_arb/g_input_select_g_arbiter_arbiter/requests[1] (net)                                                                                                                                   0.00       0.17 r                   
  rsp_arb/g_input_select_g_arbiter_arbiter/g_priority_priority_arbiter/requests[1] (VX_priority_arbiter_1)                                                                                     0.00       0.17 r                   
  rsp_arb/g_input_select_g_arbiter_arbiter/g_priority_priority_arbiter/requests[1] (net)                                                                                                       0.00       0.17 r                   
  rsp_arb/g_input_select_g_arbiter_arbiter/g_priority_priority_arbiter/g_encoder_grant_sel/data_in[1] (VX_priority_encoder_1)                                                                  0.00       0.17 r                   
  rsp_arb/g_input_select_g_arbiter_arbiter/g_priority_priority_arbiter/g_encoder_grant_sel/data_in[1] (net)                                                                                    0.00       0.17 r                   
  rsp_arb/g_input_select_g_arbiter_arbiter/g_priority_priority_arbiter/g_encoder_grant_sel/g_lsb_g_model1_lzc/data_in[1] (VX_lzc_1)                                                            0.00       0.17 r                   
  rsp_arb/g_input_select_g_arbiter_arbiter/g_priority_priority_arbiter/g_encoder_grant_sel/g_lsb_g_model1_lzc/data_in[1] (net)                                                                 0.00       0.17 r                   
  rsp_arb/g_input_select_g_arbiter_arbiter/g_priority_priority_arbiter/g_encoder_grant_sel/g_lsb_g_model1_lzc/g_lzc_find_first/valid_in[1] (VX_find_first_4_2_0)                               0.00       0.17 r                   
  rsp_arb/g_input_select_g_arbiter_arbiter/g_priority_priority_arbiter/g_encoder_grant_sel/g_lsb_g_model1_lzc/g_lzc_find_first/valid_in[1] (net)                                               0.00       0.17 r                   
  rsp_arb/g_input_select_g_arbiter_arbiter/g_priority_priority_arbiter/g_encoder_grant_sel/g_lsb_g_model1_lzc/g_lzc_find_first/U2/Y (AOI2XB1_X1M_A9TR)                               0.14      0.19 *     0.36 r                   0.90
  rsp_arb/g_input_select_g_arbiter_arbiter/g_priority_priority_arbiter/g_encoder_grant_sel/g_lsb_g_model1_lzc/g_lzc_find_first/data_out[0] (net)                           3                   0.00       0.36 r                   
  rsp_arb/g_input_select_g_arbiter_arbiter/g_priority_priority_arbiter/g_encoder_grant_sel/g_lsb_g_model1_lzc/g_lzc_find_first/data_out[0] (VX_find_first_4_2_0)                               0.00       0.36 r                   
  rsp_arb/g_input_select_g_arbiter_arbiter/g_priority_priority_arbiter/g_encoder_grant_sel/g_lsb_g_model1_lzc/data_out[0] (net)                                                                0.00       0.36 r                   
  rsp_arb/g_input_select_g_arbiter_arbiter/g_priority_priority_arbiter/g_encoder_grant_sel/g_lsb_g_model1_lzc/data_out[0] (VX_lzc_1)                                                           0.00       0.36 r                   
  rsp_arb/g_input_select_g_arbiter_arbiter/g_priority_priority_arbiter/g_encoder_grant_sel/index_out[0] (net)                                                                                  0.00       0.36 r                   
  rsp_arb/g_input_select_g_arbiter_arbiter/g_priority_priority_arbiter/g_encoder_grant_sel/index_out[0] (VX_priority_encoder_1)                                                                0.00       0.36 r                   
  rsp_arb/g_input_select_g_arbiter_arbiter/g_priority_priority_arbiter/grant_index[0] (net)                                                                                                    0.00       0.36 r                   
  rsp_arb/g_input_select_g_arbiter_arbiter/g_priority_priority_arbiter/grant_index[0] (VX_priority_arbiter_1)                                                                                  0.00       0.36 r                   
  rsp_arb/g_input_select_g_arbiter_arbiter/grant_index[0] (net)                                                                                                                                0.00       0.36 r                   
  rsp_arb/g_input_select_g_arbiter_arbiter/grant_index[0] (VX_generic_arbiter_3)                                                                                                               0.00       0.36 r                   
  rsp_arb/g_input_select_g_arbiter_arb_index[0] (net)                                                                                                                                          0.00       0.36 r                   
  rsp_arb/U9/Y (INV_X0P7M_A9TR)                                                                                                                                                      0.05      0.05 *     0.40 f                   0.90
  rsp_arb/n3 (net)                                                                                                                                                         2                   0.00       0.40 f                   
  rsp_arb/U10/Y (NOR2_X1B_A9TR)                                                                                                                                                      0.33      0.21 *     0.61 r                   0.90
  rsp_arb/n579 (net)                                                                                                                                                       3                   0.00       0.61 r                   
  rsp_arb/U597/Y (BUF_X1P4B_A9TR)                                                                                                                                                    0.75      0.51 *     1.13 r                   0.90
  rsp_arb/n5431 (net)                                                                                                                                                     84                   0.00       1.13 r                   
  rsp_arb/U659/Y (BUF_X1M_A9TR)                                                                                                                                                      0.25      0.27 *     1.40 r                   0.90
  rsp_arb/n5449 (net)                                                                                                                                                     35                   0.00       1.40 r                   
  rsp_arb/U3106/Y (AOI22_X0P5M_A9TR)                                                                                                                                                 0.12      0.12 *     1.52 f                   0.90
  rsp_arb/n1920 (net)                                                                                                                                                      1                   0.00       1.52 f                   
  rsp_arb/U3107/Y (NAND2_X0P5M_A9TR)                                                                                                                                                 0.21      0.17 *     1.68 r                   0.90
  rsp_arb/g_input_select_g_arbiter_data_out_w[156] (net)                                                                                                                   1                   0.00       1.68 r                   
  rsp_arb/g_input_select_g_arbiter_g_out_buf_0__out_buf/data_in[156] (VX_elastic_buffer_2084_1_1_0)                                                                                            0.00       1.68 r                   
  rsp_arb/g_input_select_g_arbiter_g_out_buf_0__out_buf/data_in[156] (net)                                                                                                                     0.00       1.68 r                   
  rsp_arb/g_input_select_g_arbiter_g_out_buf_0__out_buf/g_eb1_pipe_buffer/data_in[156] (VX_pipe_buffer_37)                                                                                     0.00       1.68 r                   
  rsp_arb/g_input_select_g_arbiter_g_out_buf_0__out_buf/g_eb1_pipe_buffer/data_in[156] (net)                                                                                                   0.00       1.68 r                   
  rsp_arb/g_input_select_g_arbiter_g_out_buf_0__out_buf/g_eb1_pipe_buffer/g_register_g_pipe_regs_0__pipe_register/data_in[156] (VX_pipe_register_36)                                           0.00       1.68 r                   
  rsp_arb/g_input_select_g_arbiter_g_out_buf_0__out_buf/g_eb1_pipe_buffer/g_register_g_pipe_regs_0__pipe_register/data_in[156] (net)                                                           0.00       1.68 r                   
  rsp_arb/g_input_select_g_arbiter_g_out_buf_0__out_buf/g_eb1_pipe_buffer/g_register_g_pipe_regs_0__pipe_register/g_shift_register/data_in[156] (VX_shift_register_2085_1_1_0)                 0.00       1.68 r                   
  rsp_arb/g_input_select_g_arbiter_g_out_buf_0__out_buf/g_eb1_pipe_buffer/g_register_g_pipe_regs_0__pipe_register/g_shift_register/data_in[156] (net)                                          0.00       1.68 r                   
  rsp_arb/g_input_select_g_arbiter_g_out_buf_0__out_buf/g_eb1_pipe_buffer/g_register_g_pipe_regs_0__pipe_register/g_shift_register/g_shift_pipe_reg_0__156_/D (DFFQ_X0P5M_A9TR)      0.21      0.00 *     1.68 r                   0.90
  data arrival time                                                                                                                                                                                       1.68                     

  clock CLK (rise edge)                                                                                                                                                                        9.90       9.90                     
  clock network delay (ideal)                                                                                                                                                                  0.00       9.90                     
  rsp_arb/g_input_select_g_arbiter_g_out_buf_0__out_buf/g_eb1_pipe_buffer/g_register_g_pipe_regs_0__pipe_register/g_shift_register/g_shift_pipe_reg_0__156_/CK (DFFQ_X0P5M_A9TR)               0.00       9.90 r                   
  library setup time                                                                                                                                                                          -0.09       9.81                     
  data required time                                                                                                                                                                                      9.81                     
  ----------------------------------------------------------------------------------------------------------------------------------------------------------------------------------------------------------------------------------------------
  data required time                                                                                                                                                                                      9.81                     
  data arrival time                                                                                                                                                                                      -1.68                     
  ----------------------------------------------------------------------------------------------------------------------------------------------------------------------------------------------------------------------------------------------
  slack (MET)                                                                                                                                                                                             8.13                     


  Startpoint: local_out_if_rsp_valid
              (input port clocked by CLK)
  Endpoint: rsp_arb/g_input_select_g_arbiter_g_out_buf_0__out_buf/g_eb1_pipe_buffer/g_register_g_pipe_regs_0__pipe_register/g_shift_register/g_shift_pipe_reg_0__588_
            (rising edge-triggered flip-flop clocked by CLK)
  Scenario: mode_norm.OC_rvt_ss_0p900v_125c
  Path Group: REGIN
  Path Type: max

Attributes:
    d - dont_touch
    u - dont_use
   mo - map_only
   so - size_only
    i - ideal_net or ideal_network
  inf - infeasible path

  Point                                                                                                                                                                  Fanout     Trans      Incr       Path      Attributes     Voltage
  ----------------------------------------------------------------------------------------------------------------------------------------------------------------------------------------------------------------------------------------------
  clock CLK (rise edge)                                                                                                                                                                        0.00       0.00                     
  clock network delay (ideal)                                                                                                                                                                  0.00       0.00                     
  input external delay                                                                                                                                                                         0.00       0.00 r                   
  local_out_if_rsp_valid (in)                                                                                                                                                        0.32      0.17       0.17 r                   
  local_out_if_rsp_valid (net)                                                                                                                                             5                   0.00       0.17 r                   
  rsp_arb/valid_in[1] (VX_stream_arb_20)                                                                                                                                                       0.00       0.17 r                   
  rsp_arb/valid_in[1] (net)                                                                                                                                                                    0.00       0.17 r                   
  rsp_arb/g_input_select_g_arbiter_arbiter/requests[1] (VX_generic_arbiter_3)                                                                                                                  0.00       0.17 r                   
  rsp_arb/g_input_select_g_arbiter_arbiter/requests[1] (net)                                                                                                                                   0.00       0.17 r                   
  rsp_arb/g_input_select_g_arbiter_arbiter/g_priority_priority_arbiter/requests[1] (VX_priority_arbiter_1)                                                                                     0.00       0.17 r                   
  rsp_arb/g_input_select_g_arbiter_arbiter/g_priority_priority_arbiter/requests[1] (net)                                                                                                       0.00       0.17 r                   
  rsp_arb/g_input_select_g_arbiter_arbiter/g_priority_priority_arbiter/g_encoder_grant_sel/data_in[1] (VX_priority_encoder_1)                                                                  0.00       0.17 r                   
  rsp_arb/g_input_select_g_arbiter_arbiter/g_priority_priority_arbiter/g_encoder_grant_sel/data_in[1] (net)                                                                                    0.00       0.17 r                   
  rsp_arb/g_input_select_g_arbiter_arbiter/g_priority_priority_arbiter/g_encoder_grant_sel/g_lsb_g_model1_lzc/data_in[1] (VX_lzc_1)                                                            0.00       0.17 r                   
  rsp_arb/g_input_select_g_arbiter_arbiter/g_priority_priority_arbiter/g_encoder_grant_sel/g_lsb_g_model1_lzc/data_in[1] (net)                                                                 0.00       0.17 r                   
  rsp_arb/g_input_select_g_arbiter_arbiter/g_priority_priority_arbiter/g_encoder_grant_sel/g_lsb_g_model1_lzc/g_lzc_find_first/valid_in[1] (VX_find_first_4_2_0)                               0.00       0.17 r                   
  rsp_arb/g_input_select_g_arbiter_arbiter/g_priority_priority_arbiter/g_encoder_grant_sel/g_lsb_g_model1_lzc/g_lzc_find_first/valid_in[1] (net)                                               0.00       0.17 r                   
  rsp_arb/g_input_select_g_arbiter_arbiter/g_priority_priority_arbiter/g_encoder_grant_sel/g_lsb_g_model1_lzc/g_lzc_find_first/U2/Y (AOI2XB1_X1M_A9TR)                               0.14      0.19 *     0.36 r                   0.90
  rsp_arb/g_input_select_g_arbiter_arbiter/g_priority_priority_arbiter/g_encoder_grant_sel/g_lsb_g_model1_lzc/g_lzc_find_first/data_out[0] (net)                           3                   0.00       0.36 r                   
  rsp_arb/g_input_select_g_arbiter_arbiter/g_priority_priority_arbiter/g_encoder_grant_sel/g_lsb_g_model1_lzc/g_lzc_find_first/data_out[0] (VX_find_first_4_2_0)                               0.00       0.36 r                   
  rsp_arb/g_input_select_g_arbiter_arbiter/g_priority_priority_arbiter/g_encoder_grant_sel/g_lsb_g_model1_lzc/data_out[0] (net)                                                                0.00       0.36 r                   
  rsp_arb/g_input_select_g_arbiter_arbiter/g_priority_priority_arbiter/g_encoder_grant_sel/g_lsb_g_model1_lzc/data_out[0] (VX_lzc_1)                                                           0.00       0.36 r                   
  rsp_arb/g_input_select_g_arbiter_arbiter/g_priority_priority_arbiter/g_encoder_grant_sel/index_out[0] (net)                                                                                  0.00       0.36 r                   
  rsp_arb/g_input_select_g_arbiter_arbiter/g_priority_priority_arbiter/g_encoder_grant_sel/index_out[0] (VX_priority_encoder_1)                                                                0.00       0.36 r                   
  rsp_arb/g_input_select_g_arbiter_arbiter/g_priority_priority_arbiter/grant_index[0] (net)                                                                                                    0.00       0.36 r                   
  rsp_arb/g_input_select_g_arbiter_arbiter/g_priority_priority_arbiter/grant_index[0] (VX_priority_arbiter_1)                                                                                  0.00       0.36 r                   
  rsp_arb/g_input_select_g_arbiter_arbiter/grant_index[0] (net)                                                                                                                                0.00       0.36 r                   
  rsp_arb/g_input_select_g_arbiter_arbiter/grant_index[0] (VX_generic_arbiter_3)                                                                                                               0.00       0.36 r                   
  rsp_arb/g_input_select_g_arbiter_arb_index[0] (net)                                                                                                                                          0.00       0.36 r                   
  rsp_arb/U9/Y (INV_X0P7M_A9TR)                                                                                                                                                      0.05      0.05 *     0.40 f                   0.90
  rsp_arb/n3 (net)                                                                                                                                                         2                   0.00       0.40 f                   
  rsp_arb/U10/Y (NOR2_X1B_A9TR)                                                                                                                                                      0.33      0.21 *     0.61 r                   0.90
  rsp_arb/n579 (net)                                                                                                                                                       3                   0.00       0.61 r                   
  rsp_arb/U597/Y (BUF_X1P4B_A9TR)                                                                                                                                                    0.75      0.51 *     1.13 r                   0.90
  rsp_arb/n5431 (net)                                                                                                                                                     84                   0.00       1.13 r                   
  rsp_arb/U689/Y (BUF_X1M_A9TR)                                                                                                                                                      0.27      0.29 *     1.41 r                   0.90
  rsp_arb/n5452 (net)                                                                                                                                                     38                   0.00       1.41 r                   
  rsp_arb/U3449/Y (AOI22_X0P5M_A9TR)                                                                                                                                                 0.17      0.09 *     1.50 f                   0.90
  rsp_arb/n2154 (net)                                                                                                                                                      1                   0.00       1.50 f                   
  rsp_arb/U3450/Y (NAND2_X0P5M_A9TR)                                                                                                                                                 0.20      0.18 *     1.68 r                   0.90
  rsp_arb/g_input_select_g_arbiter_data_out_w[588] (net)                                                                                                                   1                   0.00       1.68 r                   
  rsp_arb/g_input_select_g_arbiter_g_out_buf_0__out_buf/data_in[588] (VX_elastic_buffer_2084_1_1_0)                                                                                            0.00       1.68 r                   
  rsp_arb/g_input_select_g_arbiter_g_out_buf_0__out_buf/data_in[588] (net)                                                                                                                     0.00       1.68 r                   
  rsp_arb/g_input_select_g_arbiter_g_out_buf_0__out_buf/g_eb1_pipe_buffer/data_in[588] (VX_pipe_buffer_37)                                                                                     0.00       1.68 r                   
  rsp_arb/g_input_select_g_arbiter_g_out_buf_0__out_buf/g_eb1_pipe_buffer/data_in[588] (net)                                                                                                   0.00       1.68 r                   
  rsp_arb/g_input_select_g_arbiter_g_out_buf_0__out_buf/g_eb1_pipe_buffer/g_register_g_pipe_regs_0__pipe_register/data_in[588] (VX_pipe_register_36)                                           0.00       1.68 r                   
  rsp_arb/g_input_select_g_arbiter_g_out_buf_0__out_buf/g_eb1_pipe_buffer/g_register_g_pipe_regs_0__pipe_register/data_in[588] (net)                                                           0.00       1.68 r                   
  rsp_arb/g_input_select_g_arbiter_g_out_buf_0__out_buf/g_eb1_pipe_buffer/g_register_g_pipe_regs_0__pipe_register/g_shift_register/data_in[588] (VX_shift_register_2085_1_1_0)                 0.00       1.68 r                   
  rsp_arb/g_input_select_g_arbiter_g_out_buf_0__out_buf/g_eb1_pipe_buffer/g_register_g_pipe_regs_0__pipe_register/g_shift_register/data_in[588] (net)                                          0.00       1.68 r                   
  rsp_arb/g_input_select_g_arbiter_g_out_buf_0__out_buf/g_eb1_pipe_buffer/g_register_g_pipe_regs_0__pipe_register/g_shift_register/g_shift_pipe_reg_0__588_/D (DFFQ_X0P5M_A9TR)      0.20      0.00 *     1.68 r                   0.90
  data arrival time                                                                                                                                                                                       1.68                     

  clock CLK (rise edge)                                                                                                                                                                        9.90       9.90                     
  clock network delay (ideal)                                                                                                                                                                  0.00       9.90                     
  rsp_arb/g_input_select_g_arbiter_g_out_buf_0__out_buf/g_eb1_pipe_buffer/g_register_g_pipe_regs_0__pipe_register/g_shift_register/g_shift_pipe_reg_0__588_/CK (DFFQ_X0P5M_A9TR)               0.00       9.90 r                   
  library setup time                                                                                                                                                                          -0.09       9.81                     
  data required time                                                                                                                                                                                      9.81                     
  ----------------------------------------------------------------------------------------------------------------------------------------------------------------------------------------------------------------------------------------------
  data required time                                                                                                                                                                                      9.81                     
  data arrival time                                                                                                                                                                                      -1.68                     
  ----------------------------------------------------------------------------------------------------------------------------------------------------------------------------------------------------------------------------------------------
  slack (MET)                                                                                                                                                                                             8.13                     


  Startpoint: local_out_if_rsp_valid
              (input port clocked by CLK)
  Endpoint: rsp_arb/g_input_select_g_arbiter_g_out_buf_0__out_buf/g_eb1_pipe_buffer/g_register_g_pipe_regs_0__pipe_register/g_shift_register/g_shift_pipe_reg_0__151_
            (rising edge-triggered flip-flop clocked by CLK)
  Scenario: mode_norm.OC_rvt_ss_0p900v_125c
  Path Group: REGIN
  Path Type: max

Attributes:
    d - dont_touch
    u - dont_use
   mo - map_only
   so - size_only
    i - ideal_net or ideal_network
  inf - infeasible path

  Point                                                                                                                                                                  Fanout     Trans      Incr       Path      Attributes     Voltage
  ----------------------------------------------------------------------------------------------------------------------------------------------------------------------------------------------------------------------------------------------
  clock CLK (rise edge)                                                                                                                                                                        0.00       0.00                     
  clock network delay (ideal)                                                                                                                                                                  0.00       0.00                     
  input external delay                                                                                                                                                                         0.00       0.00 r                   
  local_out_if_rsp_valid (in)                                                                                                                                                        0.32      0.17       0.17 r                   
  local_out_if_rsp_valid (net)                                                                                                                                             5                   0.00       0.17 r                   
  rsp_arb/valid_in[1] (VX_stream_arb_20)                                                                                                                                                       0.00       0.17 r                   
  rsp_arb/valid_in[1] (net)                                                                                                                                                                    0.00       0.17 r                   
  rsp_arb/g_input_select_g_arbiter_arbiter/requests[1] (VX_generic_arbiter_3)                                                                                                                  0.00       0.17 r                   
  rsp_arb/g_input_select_g_arbiter_arbiter/requests[1] (net)                                                                                                                                   0.00       0.17 r                   
  rsp_arb/g_input_select_g_arbiter_arbiter/g_priority_priority_arbiter/requests[1] (VX_priority_arbiter_1)                                                                                     0.00       0.17 r                   
  rsp_arb/g_input_select_g_arbiter_arbiter/g_priority_priority_arbiter/requests[1] (net)                                                                                                       0.00       0.17 r                   
  rsp_arb/g_input_select_g_arbiter_arbiter/g_priority_priority_arbiter/g_encoder_grant_sel/data_in[1] (VX_priority_encoder_1)                                                                  0.00       0.17 r                   
  rsp_arb/g_input_select_g_arbiter_arbiter/g_priority_priority_arbiter/g_encoder_grant_sel/data_in[1] (net)                                                                                    0.00       0.17 r                   
  rsp_arb/g_input_select_g_arbiter_arbiter/g_priority_priority_arbiter/g_encoder_grant_sel/g_lsb_g_model1_lzc/data_in[1] (VX_lzc_1)                                                            0.00       0.17 r                   
  rsp_arb/g_input_select_g_arbiter_arbiter/g_priority_priority_arbiter/g_encoder_grant_sel/g_lsb_g_model1_lzc/data_in[1] (net)                                                                 0.00       0.17 r                   
  rsp_arb/g_input_select_g_arbiter_arbiter/g_priority_priority_arbiter/g_encoder_grant_sel/g_lsb_g_model1_lzc/g_lzc_find_first/valid_in[1] (VX_find_first_4_2_0)                               0.00       0.17 r                   
  rsp_arb/g_input_select_g_arbiter_arbiter/g_priority_priority_arbiter/g_encoder_grant_sel/g_lsb_g_model1_lzc/g_lzc_find_first/valid_in[1] (net)                                               0.00       0.17 r                   
  rsp_arb/g_input_select_g_arbiter_arbiter/g_priority_priority_arbiter/g_encoder_grant_sel/g_lsb_g_model1_lzc/g_lzc_find_first/U2/Y (AOI2XB1_X1M_A9TR)                               0.14      0.19 *     0.36 r                   0.90
  rsp_arb/g_input_select_g_arbiter_arbiter/g_priority_priority_arbiter/g_encoder_grant_sel/g_lsb_g_model1_lzc/g_lzc_find_first/data_out[0] (net)                           3                   0.00       0.36 r                   
  rsp_arb/g_input_select_g_arbiter_arbiter/g_priority_priority_arbiter/g_encoder_grant_sel/g_lsb_g_model1_lzc/g_lzc_find_first/data_out[0] (VX_find_first_4_2_0)                               0.00       0.36 r                   
  rsp_arb/g_input_select_g_arbiter_arbiter/g_priority_priority_arbiter/g_encoder_grant_sel/g_lsb_g_model1_lzc/data_out[0] (net)                                                                0.00       0.36 r                   
  rsp_arb/g_input_select_g_arbiter_arbiter/g_priority_priority_arbiter/g_encoder_grant_sel/g_lsb_g_model1_lzc/data_out[0] (VX_lzc_1)                                                           0.00       0.36 r                   
  rsp_arb/g_input_select_g_arbiter_arbiter/g_priority_priority_arbiter/g_encoder_grant_sel/index_out[0] (net)                                                                                  0.00       0.36 r                   
  rsp_arb/g_input_select_g_arbiter_arbiter/g_priority_priority_arbiter/g_encoder_grant_sel/index_out[0] (VX_priority_encoder_1)                                                                0.00       0.36 r                   
  rsp_arb/g_input_select_g_arbiter_arbiter/g_priority_priority_arbiter/grant_index[0] (net)                                                                                                    0.00       0.36 r                   
  rsp_arb/g_input_select_g_arbiter_arbiter/g_priority_priority_arbiter/grant_index[0] (VX_priority_arbiter_1)                                                                                  0.00       0.36 r                   
  rsp_arb/g_input_select_g_arbiter_arbiter/grant_index[0] (net)                                                                                                                                0.00       0.36 r                   
  rsp_arb/g_input_select_g_arbiter_arbiter/grant_index[0] (VX_generic_arbiter_3)                                                                                                               0.00       0.36 r                   
  rsp_arb/g_input_select_g_arbiter_arb_index[0] (net)                                                                                                                                          0.00       0.36 r                   
  rsp_arb/U9/Y (INV_X0P7M_A9TR)                                                                                                                                                      0.05      0.05 *     0.40 f                   0.90
  rsp_arb/n3 (net)                                                                                                                                                         2                   0.00       0.40 f                   
  rsp_arb/U10/Y (NOR2_X1B_A9TR)                                                                                                                                                      0.33      0.21 *     0.61 r                   0.90
  rsp_arb/n579 (net)                                                                                                                                                       3                   0.00       0.61 r                   
  rsp_arb/U597/Y (BUF_X1P4B_A9TR)                                                                                                                                                    0.75      0.51 *     1.13 r                   0.90
  rsp_arb/n5431 (net)                                                                                                                                                     84                   0.00       1.13 r                   
  rsp_arb/U659/Y (BUF_X1M_A9TR)                                                                                                                                                      0.25      0.27 *     1.40 r                   0.90
  rsp_arb/n5449 (net)                                                                                                                                                     35                   0.00       1.40 r                   
  rsp_arb/U3215/Y (AOI22_X0P5M_A9TR)                                                                                                                                                 0.13      0.12 *     1.52 f                   0.90
  rsp_arb/n1990 (net)                                                                                                                                                      1                   0.00       1.52 f                   
  rsp_arb/U3216/Y (NAND2_X0P5M_A9TR)                                                                                                                                                 0.19      0.16 *     1.68 r                   0.90
  rsp_arb/g_input_select_g_arbiter_data_out_w[151] (net)                                                                                                                   1                   0.00       1.68 r                   
  rsp_arb/g_input_select_g_arbiter_g_out_buf_0__out_buf/data_in[151] (VX_elastic_buffer_2084_1_1_0)                                                                                            0.00       1.68 r                   
  rsp_arb/g_input_select_g_arbiter_g_out_buf_0__out_buf/data_in[151] (net)                                                                                                                     0.00       1.68 r                   
  rsp_arb/g_input_select_g_arbiter_g_out_buf_0__out_buf/g_eb1_pipe_buffer/data_in[151] (VX_pipe_buffer_37)                                                                                     0.00       1.68 r                   
  rsp_arb/g_input_select_g_arbiter_g_out_buf_0__out_buf/g_eb1_pipe_buffer/data_in[151] (net)                                                                                                   0.00       1.68 r                   
  rsp_arb/g_input_select_g_arbiter_g_out_buf_0__out_buf/g_eb1_pipe_buffer/g_register_g_pipe_regs_0__pipe_register/data_in[151] (VX_pipe_register_36)                                           0.00       1.68 r                   
  rsp_arb/g_input_select_g_arbiter_g_out_buf_0__out_buf/g_eb1_pipe_buffer/g_register_g_pipe_regs_0__pipe_register/data_in[151] (net)                                                           0.00       1.68 r                   
  rsp_arb/g_input_select_g_arbiter_g_out_buf_0__out_buf/g_eb1_pipe_buffer/g_register_g_pipe_regs_0__pipe_register/g_shift_register/data_in[151] (VX_shift_register_2085_1_1_0)                 0.00       1.68 r                   
  rsp_arb/g_input_select_g_arbiter_g_out_buf_0__out_buf/g_eb1_pipe_buffer/g_register_g_pipe_regs_0__pipe_register/g_shift_register/data_in[151] (net)                                          0.00       1.68 r                   
  rsp_arb/g_input_select_g_arbiter_g_out_buf_0__out_buf/g_eb1_pipe_buffer/g_register_g_pipe_regs_0__pipe_register/g_shift_register/g_shift_pipe_reg_0__151_/D (DFFQ_X0P5M_A9TR)      0.19      0.00 *     1.68 r                   0.90
  data arrival time                                                                                                                                                                                       1.68                     

  clock CLK (rise edge)                                                                                                                                                                        9.90       9.90                     
  clock network delay (ideal)                                                                                                                                                                  0.00       9.90                     
  rsp_arb/g_input_select_g_arbiter_g_out_buf_0__out_buf/g_eb1_pipe_buffer/g_register_g_pipe_regs_0__pipe_register/g_shift_register/g_shift_pipe_reg_0__151_/CK (DFFQ_X0P5M_A9TR)               0.00       9.90 r                   
  library setup time                                                                                                                                                                          -0.08       9.82                     
  data required time                                                                                                                                                                                      9.82                     
  ----------------------------------------------------------------------------------------------------------------------------------------------------------------------------------------------------------------------------------------------
  data required time                                                                                                                                                                                      9.82                     
  data arrival time                                                                                                                                                                                      -1.68                     
  ----------------------------------------------------------------------------------------------------------------------------------------------------------------------------------------------------------------------------------------------
  slack (MET)                                                                                                                                                                                             8.13                     


  Startpoint: local_out_if_rsp_valid
              (input port clocked by CLK)
  Endpoint: rsp_arb/g_input_select_g_arbiter_g_out_buf_0__out_buf/g_eb1_pipe_buffer/g_register_g_pipe_regs_0__pipe_register/g_shift_register/g_shift_pipe_reg_0__598_
            (rising edge-triggered flip-flop clocked by CLK)
  Scenario: mode_norm.OC_rvt_ss_0p900v_125c
  Path Group: REGIN
  Path Type: max

Attributes:
    d - dont_touch
    u - dont_use
   mo - map_only
   so - size_only
    i - ideal_net or ideal_network
  inf - infeasible path

  Point                                                                                                                                                                  Fanout     Trans      Incr       Path      Attributes     Voltage
  ----------------------------------------------------------------------------------------------------------------------------------------------------------------------------------------------------------------------------------------------
  clock CLK (rise edge)                                                                                                                                                                        0.00       0.00                     
  clock network delay (ideal)                                                                                                                                                                  0.00       0.00                     
  input external delay                                                                                                                                                                         0.00       0.00 r                   
  local_out_if_rsp_valid (in)                                                                                                                                                        0.32      0.17       0.17 r                   
  local_out_if_rsp_valid (net)                                                                                                                                             5                   0.00       0.17 r                   
  rsp_arb/valid_in[1] (VX_stream_arb_20)                                                                                                                                                       0.00       0.17 r                   
  rsp_arb/valid_in[1] (net)                                                                                                                                                                    0.00       0.17 r                   
  rsp_arb/g_input_select_g_arbiter_arbiter/requests[1] (VX_generic_arbiter_3)                                                                                                                  0.00       0.17 r                   
  rsp_arb/g_input_select_g_arbiter_arbiter/requests[1] (net)                                                                                                                                   0.00       0.17 r                   
  rsp_arb/g_input_select_g_arbiter_arbiter/g_priority_priority_arbiter/requests[1] (VX_priority_arbiter_1)                                                                                     0.00       0.17 r                   
  rsp_arb/g_input_select_g_arbiter_arbiter/g_priority_priority_arbiter/requests[1] (net)                                                                                                       0.00       0.17 r                   
  rsp_arb/g_input_select_g_arbiter_arbiter/g_priority_priority_arbiter/g_encoder_grant_sel/data_in[1] (VX_priority_encoder_1)                                                                  0.00       0.17 r                   
  rsp_arb/g_input_select_g_arbiter_arbiter/g_priority_priority_arbiter/g_encoder_grant_sel/data_in[1] (net)                                                                                    0.00       0.17 r                   
  rsp_arb/g_input_select_g_arbiter_arbiter/g_priority_priority_arbiter/g_encoder_grant_sel/g_lsb_g_model1_lzc/data_in[1] (VX_lzc_1)                                                            0.00       0.17 r                   
  rsp_arb/g_input_select_g_arbiter_arbiter/g_priority_priority_arbiter/g_encoder_grant_sel/g_lsb_g_model1_lzc/data_in[1] (net)                                                                 0.00       0.17 r                   
  rsp_arb/g_input_select_g_arbiter_arbiter/g_priority_priority_arbiter/g_encoder_grant_sel/g_lsb_g_model1_lzc/g_lzc_find_first/valid_in[1] (VX_find_first_4_2_0)                               0.00       0.17 r                   
  rsp_arb/g_input_select_g_arbiter_arbiter/g_priority_priority_arbiter/g_encoder_grant_sel/g_lsb_g_model1_lzc/g_lzc_find_first/valid_in[1] (net)                                               0.00       0.17 r                   
  rsp_arb/g_input_select_g_arbiter_arbiter/g_priority_priority_arbiter/g_encoder_grant_sel/g_lsb_g_model1_lzc/g_lzc_find_first/U2/Y (AOI2XB1_X1M_A9TR)                               0.14      0.19 *     0.36 r                   0.90
  rsp_arb/g_input_select_g_arbiter_arbiter/g_priority_priority_arbiter/g_encoder_grant_sel/g_lsb_g_model1_lzc/g_lzc_find_first/data_out[0] (net)                           3                   0.00       0.36 r                   
  rsp_arb/g_input_select_g_arbiter_arbiter/g_priority_priority_arbiter/g_encoder_grant_sel/g_lsb_g_model1_lzc/g_lzc_find_first/data_out[0] (VX_find_first_4_2_0)                               0.00       0.36 r                   
  rsp_arb/g_input_select_g_arbiter_arbiter/g_priority_priority_arbiter/g_encoder_grant_sel/g_lsb_g_model1_lzc/data_out[0] (net)                                                                0.00       0.36 r                   
  rsp_arb/g_input_select_g_arbiter_arbiter/g_priority_priority_arbiter/g_encoder_grant_sel/g_lsb_g_model1_lzc/data_out[0] (VX_lzc_1)                                                           0.00       0.36 r                   
  rsp_arb/g_input_select_g_arbiter_arbiter/g_priority_priority_arbiter/g_encoder_grant_sel/index_out[0] (net)                                                                                  0.00       0.36 r                   
  rsp_arb/g_input_select_g_arbiter_arbiter/g_priority_priority_arbiter/g_encoder_grant_sel/index_out[0] (VX_priority_encoder_1)                                                                0.00       0.36 r                   
  rsp_arb/g_input_select_g_arbiter_arbiter/g_priority_priority_arbiter/grant_index[0] (net)                                                                                                    0.00       0.36 r                   
  rsp_arb/g_input_select_g_arbiter_arbiter/g_priority_priority_arbiter/grant_index[0] (VX_priority_arbiter_1)                                                                                  0.00       0.36 r                   
  rsp_arb/g_input_select_g_arbiter_arbiter/grant_index[0] (net)                                                                                                                                0.00       0.36 r                   
  rsp_arb/g_input_select_g_arbiter_arbiter/grant_index[0] (VX_generic_arbiter_3)                                                                                                               0.00       0.36 r                   
  rsp_arb/g_input_select_g_arbiter_arb_index[0] (net)                                                                                                                                          0.00       0.36 r                   
  rsp_arb/U9/Y (INV_X0P7M_A9TR)                                                                                                                                                      0.05      0.05 *     0.40 f                   0.90
  rsp_arb/n3 (net)                                                                                                                                                         2                   0.00       0.40 f                   
  rsp_arb/U10/Y (NOR2_X1B_A9TR)                                                                                                                                                      0.33      0.21 *     0.61 r                   0.90
  rsp_arb/n579 (net)                                                                                                                                                       3                   0.00       0.61 r                   
  rsp_arb/U597/Y (BUF_X1P4B_A9TR)                                                                                                                                                    0.75      0.51 *     1.13 r                   0.90
  rsp_arb/n5431 (net)                                                                                                                                                     84                   0.00       1.13 r                   
  rsp_arb/U689/Y (BUF_X1M_A9TR)                                                                                                                                                      0.27      0.29 *     1.41 r                   0.90
  rsp_arb/n5452 (net)                                                                                                                                                     38                   0.00       1.41 r                   
  rsp_arb/U4587/Y (AOI22_X0P5M_A9TR)                                                                                                                                                 0.18      0.10 *     1.51 f                   0.90
  rsp_arb/n2957 (net)                                                                                                                                                      1                   0.00       1.51 f                   
  rsp_arb/U4589/Y (NAND2_X0P5M_A9TR)                                                                                                                                                 0.18      0.17 *     1.68 r                   0.90
  rsp_arb/g_input_select_g_arbiter_data_out_w[598] (net)                                                                                                                   1                   0.00       1.68 r                   
  rsp_arb/g_input_select_g_arbiter_g_out_buf_0__out_buf/data_in[598] (VX_elastic_buffer_2084_1_1_0)                                                                                            0.00       1.68 r                   
  rsp_arb/g_input_select_g_arbiter_g_out_buf_0__out_buf/data_in[598] (net)                                                                                                                     0.00       1.68 r                   
  rsp_arb/g_input_select_g_arbiter_g_out_buf_0__out_buf/g_eb1_pipe_buffer/data_in[598] (VX_pipe_buffer_37)                                                                                     0.00       1.68 r                   
  rsp_arb/g_input_select_g_arbiter_g_out_buf_0__out_buf/g_eb1_pipe_buffer/data_in[598] (net)                                                                                                   0.00       1.68 r                   
  rsp_arb/g_input_select_g_arbiter_g_out_buf_0__out_buf/g_eb1_pipe_buffer/g_register_g_pipe_regs_0__pipe_register/data_in[598] (VX_pipe_register_36)                                           0.00       1.68 r                   
  rsp_arb/g_input_select_g_arbiter_g_out_buf_0__out_buf/g_eb1_pipe_buffer/g_register_g_pipe_regs_0__pipe_register/data_in[598] (net)                                                           0.00       1.68 r                   
  rsp_arb/g_input_select_g_arbiter_g_out_buf_0__out_buf/g_eb1_pipe_buffer/g_register_g_pipe_regs_0__pipe_register/g_shift_register/data_in[598] (VX_shift_register_2085_1_1_0)                 0.00       1.68 r                   
  rsp_arb/g_input_select_g_arbiter_g_out_buf_0__out_buf/g_eb1_pipe_buffer/g_register_g_pipe_regs_0__pipe_register/g_shift_register/data_in[598] (net)                                          0.00       1.68 r                   
  rsp_arb/g_input_select_g_arbiter_g_out_buf_0__out_buf/g_eb1_pipe_buffer/g_register_g_pipe_regs_0__pipe_register/g_shift_register/g_shift_pipe_reg_0__598_/D (DFFQ_X0P5M_A9TR)      0.18      0.00 *     1.68 r                   0.90
  data arrival time                                                                                                                                                                                       1.68                     

  clock CLK (rise edge)                                                                                                                                                                        9.90       9.90                     
  clock network delay (ideal)                                                                                                                                                                  0.00       9.90                     
  rsp_arb/g_input_select_g_arbiter_g_out_buf_0__out_buf/g_eb1_pipe_buffer/g_register_g_pipe_regs_0__pipe_register/g_shift_register/g_shift_pipe_reg_0__598_/CK (DFFQ_X0P5M_A9TR)               0.00       9.90 r                   
  library setup time                                                                                                                                                                          -0.08       9.82                     
  data required time                                                                                                                                                                                      9.82                     
  ----------------------------------------------------------------------------------------------------------------------------------------------------------------------------------------------------------------------------------------------
  data required time                                                                                                                                                                                      9.82                     
  data arrival time                                                                                                                                                                                      -1.68                     
  ----------------------------------------------------------------------------------------------------------------------------------------------------------------------------------------------------------------------------------------------
  slack (MET)                                                                                                                                                                                             8.13                     


  Startpoint: req_gemm_buf/g_eb1_pipe_buffer/g_register_g_pipe_regs_0__pipe_register/g_shift_register/g_shift_pipe_reg_0__3427_
              (rising edge-triggered flip-flop clocked by CLK)
  Endpoint: lsu_in_if_req_ready
            (output port clocked by CLK)
  Scenario: mode_norm.OC_rvt_ss_0p900v_125c
  Path Group: REGOUT
  Path Type: max

Attributes:
    d - dont_touch
    u - dont_use
   mo - map_only
   so - size_only
    i - ideal_net or ideal_network
  inf - infeasible path

  Point                                                                                                                            Fanout     Trans      Incr       Path      Attributes     Voltage
  --------------------------------------------------------------------------------------------------------------------------------------------------------------------------------------------------------
  clock CLK (rise edge)                                                                                                                                  0.00       0.00                     
  clock network delay (ideal)                                                                                                                            0.00       0.00                     
  req_gemm_buf/g_eb1_pipe_buffer/g_register_g_pipe_regs_0__pipe_register/g_shift_register/g_shift_pipe_reg_0__3427_/CK (DFFQ_X0P5M_A9TR)       0.00      0.00       0.00 r    i              0.90
  req_gemm_buf/g_eb1_pipe_buffer/g_register_g_pipe_regs_0__pipe_register/g_shift_register/g_shift_pipe_reg_0__3427_/Q (DFFQ_X0P5M_A9TR)        0.29      0.25       0.25 r                   0.90
  req_gemm_buf/g_eb1_pipe_buffer/g_register_g_pipe_regs_0__pipe_register/g_shift_register/data_out[3427] (net)                       3                   0.00       0.25 r                   
  req_gemm_buf/g_eb1_pipe_buffer/g_register_g_pipe_regs_0__pipe_register/g_shift_register/data_out[3427] (VX_shift_register_3428_1_1_0_1)                0.00       0.25 r                   
  req_gemm_buf/g_eb1_pipe_buffer/g_register_g_pipe_regs_0__pipe_register/data_out[3427] (net)                                                            0.00       0.25 r                   
  req_gemm_buf/g_eb1_pipe_buffer/g_register_g_pipe_regs_0__pipe_register/data_out[3427] (VX_pipe_register_30_1)                                          0.00       0.25 r                   
  req_gemm_buf/g_eb1_pipe_buffer/valid_out (net)                                                                                                         0.00       0.25 r                   
  req_gemm_buf/g_eb1_pipe_buffer/U1/Y (NAND2XB_X1M_A9TR)                                                                                       0.19      0.18 *     0.43 f                   0.90
  req_gemm_buf/g_eb1_pipe_buffer/ready_in (net)                                                                                      7                   0.00       0.43 f                   
  req_gemm_buf/g_eb1_pipe_buffer/ready_in (VX_pipe_buffer_22_1)                                                                                          0.00       0.43 f                   
  req_gemm_buf/ready_in (net)                                                                                                                            0.00       0.43 f                   
  req_gemm_buf/ready_in (VX_elastic_buffer_15_1)                                                                                                         0.00       0.43 f                   
  req_gemm_ready (net)                                                                                                                                   0.00       0.43 f                   
  U1487/Y (OAI22_X0P5M_A9TR)                                                                                                                   0.09      0.09 *     0.52 r                   0.90
  n1218 (net)                                                                                                                        1                   0.00       0.52 r                   
  U1488/Y (NOR2_X1M_A9TR)                                                                                                                      0.13      0.11 *     0.63 f                   0.90
  lsu_in_if_req_ready (net)                                                                                                          1                   0.00       0.63 f                   
  lsu_in_if_req_ready (out)                                                                                                                    0.13      0.00 *     0.64 f                   
  data arrival time                                                                                                                                                 0.64                     

  clock CLK (rise edge)                                                                                                                                  9.90       9.90                     
  clock network delay (ideal)                                                                                                                            0.00       9.90                     
  output external delay                                                                                                                                  0.00       9.90                     
  data required time                                                                                                                                                9.90                     
  --------------------------------------------------------------------------------------------------------------------------------------------------------------------------------------------------------
  data required time                                                                                                                                                9.90                     
  data arrival time                                                                                                                                                -0.64                     
  --------------------------------------------------------------------------------------------------------------------------------------------------------------------------------------------------------
  slack (MET)                                                                                                                                                       9.26                     


  Startpoint: rsp_arb/g_input_select_g_arbiter_g_out_buf_0__out_buf/g_eb1_pipe_buffer/g_register_g_pipe_regs_0__pipe_register/g_shift_register/g_shift_pipe_reg_0__2084_
              (rising edge-triggered flip-flop clocked by CLK)
  Endpoint: global_out_if_rsp_ready
            (output port clocked by CLK)
  Scenario: mode_norm.OC_rvt_ss_0p900v_125c
  Path Group: REGOUT
  Path Type: max

Attributes:
    d - dont_touch
    u - dont_use
   mo - map_only
   so - size_only
    i - ideal_net or ideal_network
  inf - infeasible path

  Point                                                                                                                                                                    Fanout     Trans      Incr       Path      Attributes     Voltage
  ------------------------------------------------------------------------------------------------------------------------------------------------------------------------------------------------------------------------------------------------
  clock CLK (rise edge)                                                                                                                                                                          0.00       0.00                     
  clock network delay (ideal)                                                                                                                                                                    0.00       0.00                     
  rsp_arb/g_input_select_g_arbiter_g_out_buf_0__out_buf/g_eb1_pipe_buffer/g_register_g_pipe_regs_0__pipe_register/g_shift_register/g_shift_pipe_reg_0__2084_/CK (DFFQ_X0P5M_A9TR)      0.00      0.00       0.00 r    i              0.90
  rsp_arb/g_input_select_g_arbiter_g_out_buf_0__out_buf/g_eb1_pipe_buffer/g_register_g_pipe_regs_0__pipe_register/g_shift_register/g_shift_pipe_reg_0__2084_/Q (DFFQ_X0P5M_A9TR)       0.24      0.23       0.23 r                   0.90
  rsp_arb/g_input_select_g_arbiter_g_out_buf_0__out_buf/g_eb1_pipe_buffer/g_register_g_pipe_regs_0__pipe_register/g_shift_register/data_out[2084] (net)                      3                   0.00       0.23 r                   
  rsp_arb/g_input_select_g_arbiter_g_out_buf_0__out_buf/g_eb1_pipe_buffer/g_register_g_pipe_regs_0__pipe_register/g_shift_register/data_out[2084] (VX_shift_register_2085_1_1_0)                 0.00       0.23 r                   
  rsp_arb/g_input_select_g_arbiter_g_out_buf_0__out_buf/g_eb1_pipe_buffer/g_register_g_pipe_regs_0__pipe_register/data_out[2084] (net)                                                           0.00       0.23 r                   
  rsp_arb/g_input_select_g_arbiter_g_out_buf_0__out_buf/g_eb1_pipe_buffer/g_register_g_pipe_regs_0__pipe_register/data_out[2084] (VX_pipe_register_36)                                           0.00       0.23 r                   
  rsp_arb/g_input_select_g_arbiter_g_out_buf_0__out_buf/g_eb1_pipe_buffer/valid_out (net)                                                                                                        0.00       0.23 r                   
  rsp_arb/g_input_select_g_arbiter_g_out_buf_0__out_buf/g_eb1_pipe_buffer/U1/Y (NAND2XB_X0P7M_A9TR)                                                                                    0.14      0.14 *     0.36 f                   0.90
  rsp_arb/g_input_select_g_arbiter_g_out_buf_0__out_buf/g_eb1_pipe_buffer/ready_in (net)                                                                                     9                   0.00       0.36 f                   
  rsp_arb/g_input_select_g_arbiter_g_out_buf_0__out_buf/g_eb1_pipe_buffer/ready_in (VX_pipe_buffer_37)                                                                                           0.00       0.36 f                   
  rsp_arb/g_input_select_g_arbiter_g_out_buf_0__out_buf/ready_in (net)                                                                                                                           0.00       0.36 f                   
  rsp_arb/g_input_select_g_arbiter_g_out_buf_0__out_buf/ready_in (VX_elastic_buffer_2084_1_1_0)                                                                                                  0.00       0.36 f                   
  rsp_arb/g_input_select_g_arbiter_ready_out_w_0_ (net)                                                                                                                                          0.00       0.36 f                   
  rsp_arb/U7272/Y (AND2_X0P7M_A9TR)                                                                                                                                                    0.10      0.14 *     0.50 f                   0.90
  rsp_arb/ready_in[0] (net)                                                                                                                                                  1                   0.00       0.50 f                   
  rsp_arb/ready_in[0] (VX_stream_arb_20)                                                                                                                                                         0.00       0.50 f                   
  global_out_if_rsp_ready (net)                                                                                                                                                                  0.00       0.50 f                   
  global_out_if_rsp_ready (out)                                                                                                                                                        0.10      0.00 *     0.50 f                   
  data arrival time                                                                                                                                                                                         0.50                     

  clock CLK (rise edge)                                                                                                                                                                          9.90       9.90                     
  clock network delay (ideal)                                                                                                                                                                    0.00       9.90                     
  output external delay                                                                                                                                                                          0.00       9.90                     
  data required time                                                                                                                                                                                        9.90                     
  ------------------------------------------------------------------------------------------------------------------------------------------------------------------------------------------------------------------------------------------------
  data required time                                                                                                                                                                                        9.90                     
  data arrival time                                                                                                                                                                                        -0.50                     
  ------------------------------------------------------------------------------------------------------------------------------------------------------------------------------------------------------------------------------------------------
  slack (MET)                                                                                                                                                                                               9.40                     


  Startpoint: rsp_arb/g_input_select_g_arbiter_g_out_buf_0__out_buf/g_eb1_pipe_buffer/g_register_g_pipe_regs_0__pipe_register/g_shift_register/g_shift_pipe_reg_0__2084_
              (rising edge-triggered flip-flop clocked by CLK)
  Endpoint: gemm_ctrl_if_rsp_ready
            (output port clocked by CLK)
  Scenario: mode_norm.OC_rvt_ss_0p900v_125c
  Path Group: REGOUT
  Path Type: max

Attributes:
    d - dont_touch
    u - dont_use
   mo - map_only
   so - size_only
    i - ideal_net or ideal_network
  inf - infeasible path

  Point                                                                                                                                                                    Fanout     Trans      Incr       Path      Attributes     Voltage
  ------------------------------------------------------------------------------------------------------------------------------------------------------------------------------------------------------------------------------------------------
  clock CLK (rise edge)                                                                                                                                                                          0.00       0.00                     
  clock network delay (ideal)                                                                                                                                                                    0.00       0.00                     
  rsp_arb/g_input_select_g_arbiter_g_out_buf_0__out_buf/g_eb1_pipe_buffer/g_register_g_pipe_regs_0__pipe_register/g_shift_register/g_shift_pipe_reg_0__2084_/CK (DFFQ_X0P5M_A9TR)      0.00      0.00       0.00 r    i              0.90
  rsp_arb/g_input_select_g_arbiter_g_out_buf_0__out_buf/g_eb1_pipe_buffer/g_register_g_pipe_regs_0__pipe_register/g_shift_register/g_shift_pipe_reg_0__2084_/Q (DFFQ_X0P5M_A9TR)       0.24      0.23       0.23 r                   0.90
  rsp_arb/g_input_select_g_arbiter_g_out_buf_0__out_buf/g_eb1_pipe_buffer/g_register_g_pipe_regs_0__pipe_register/g_shift_register/data_out[2084] (net)                      3                   0.00       0.23 r                   
  rsp_arb/g_input_select_g_arbiter_g_out_buf_0__out_buf/g_eb1_pipe_buffer/g_register_g_pipe_regs_0__pipe_register/g_shift_register/data_out[2084] (VX_shift_register_2085_1_1_0)                 0.00       0.23 r                   
  rsp_arb/g_input_select_g_arbiter_g_out_buf_0__out_buf/g_eb1_pipe_buffer/g_register_g_pipe_regs_0__pipe_register/data_out[2084] (net)                                                           0.00       0.23 r                   
  rsp_arb/g_input_select_g_arbiter_g_out_buf_0__out_buf/g_eb1_pipe_buffer/g_register_g_pipe_regs_0__pipe_register/data_out[2084] (VX_pipe_register_36)                                           0.00       0.23 r                   
  rsp_arb/g_input_select_g_arbiter_g_out_buf_0__out_buf/g_eb1_pipe_buffer/valid_out (net)                                                                                                        0.00       0.23 r                   
  rsp_arb/g_input_select_g_arbiter_g_out_buf_0__out_buf/g_eb1_pipe_buffer/U1/Y (NAND2XB_X0P7M_A9TR)                                                                                    0.14      0.14 *     0.36 f                   0.90
  rsp_arb/g_input_select_g_arbiter_g_out_buf_0__out_buf/g_eb1_pipe_buffer/ready_in (net)                                                                                     9                   0.00       0.36 f                   
  rsp_arb/g_input_select_g_arbiter_g_out_buf_0__out_buf/g_eb1_pipe_buffer/ready_in (VX_pipe_buffer_37)                                                                                           0.00       0.36 f                   
  rsp_arb/g_input_select_g_arbiter_g_out_buf_0__out_buf/ready_in (net)                                                                                                                           0.00       0.36 f                   
  rsp_arb/g_input_select_g_arbiter_g_out_buf_0__out_buf/ready_in (VX_elastic_buffer_2084_1_1_0)                                                                                                  0.00       0.36 f                   
  rsp_arb/g_input_select_g_arbiter_ready_out_w_0_ (net)                                                                                                                                          0.00       0.36 f                   
  rsp_arb/U3/Y (AND2_X1M_A9TR)                                                                                                                                                         0.10      0.14 *     0.50 f                   0.90
  rsp_arb/ready_in[2] (net)                                                                                                                                                  1                   0.00       0.50 f                   
  rsp_arb/ready_in[2] (VX_stream_arb_20)                                                                                                                                                         0.00       0.50 f                   
  gemm_ctrl_if_rsp_ready (net)                                                                                                                                                                   0.00       0.50 f                   
  gemm_ctrl_if_rsp_ready (out)                                                                                                                                                         0.10      0.00 *     0.50 f                   
  data arrival time                                                                                                                                                                                         0.50                     

  clock CLK (rise edge)                                                                                                                                                                          9.90       9.90                     
  clock network delay (ideal)                                                                                                                                                                    0.00       9.90                     
  output external delay                                                                                                                                                                          0.00       9.90                     
  data required time                                                                                                                                                                                        9.90                     
  ------------------------------------------------------------------------------------------------------------------------------------------------------------------------------------------------------------------------------------------------
  data required time                                                                                                                                                                                        9.90                     
  data arrival time                                                                                                                                                                                        -0.50                     
  ------------------------------------------------------------------------------------------------------------------------------------------------------------------------------------------------------------------------------------------------
  slack (MET)                                                                                                                                                                                               9.40                     


  Startpoint: rsp_arb/g_input_select_g_arbiter_g_out_buf_0__out_buf/g_eb1_pipe_buffer/g_register_g_pipe_regs_0__pipe_register/g_shift_register/g_shift_pipe_reg_0__2084_
              (rising edge-triggered flip-flop clocked by CLK)
  Endpoint: local_out_if_rsp_ready
            (output port clocked by CLK)
  Scenario: mode_norm.OC_rvt_ss_0p900v_125c
  Path Group: REGOUT
  Path Type: max

Attributes:
    d - dont_touch
    u - dont_use
   mo - map_only
   so - size_only
    i - ideal_net or ideal_network
  inf - infeasible path

  Point                                                                                                                                                                    Fanout     Trans      Incr       Path      Attributes     Voltage
  ------------------------------------------------------------------------------------------------------------------------------------------------------------------------------------------------------------------------------------------------
  clock CLK (rise edge)                                                                                                                                                                          0.00       0.00                     
  clock network delay (ideal)                                                                                                                                                                    0.00       0.00                     
  rsp_arb/g_input_select_g_arbiter_g_out_buf_0__out_buf/g_eb1_pipe_buffer/g_register_g_pipe_regs_0__pipe_register/g_shift_register/g_shift_pipe_reg_0__2084_/CK (DFFQ_X0P5M_A9TR)      0.00      0.00       0.00 r    i              0.90
  rsp_arb/g_input_select_g_arbiter_g_out_buf_0__out_buf/g_eb1_pipe_buffer/g_register_g_pipe_regs_0__pipe_register/g_shift_register/g_shift_pipe_reg_0__2084_/Q (DFFQ_X0P5M_A9TR)       0.24      0.23       0.23 r                   0.90
  rsp_arb/g_input_select_g_arbiter_g_out_buf_0__out_buf/g_eb1_pipe_buffer/g_register_g_pipe_regs_0__pipe_register/g_shift_register/data_out[2084] (net)                      3                   0.00       0.23 r                   
  rsp_arb/g_input_select_g_arbiter_g_out_buf_0__out_buf/g_eb1_pipe_buffer/g_register_g_pipe_regs_0__pipe_register/g_shift_register/data_out[2084] (VX_shift_register_2085_1_1_0)                 0.00       0.23 r                   
  rsp_arb/g_input_select_g_arbiter_g_out_buf_0__out_buf/g_eb1_pipe_buffer/g_register_g_pipe_regs_0__pipe_register/data_out[2084] (net)                                                           0.00       0.23 r                   
  rsp_arb/g_input_select_g_arbiter_g_out_buf_0__out_buf/g_eb1_pipe_buffer/g_register_g_pipe_regs_0__pipe_register/data_out[2084] (VX_pipe_register_36)                                           0.00       0.23 r                   
  rsp_arb/g_input_select_g_arbiter_g_out_buf_0__out_buf/g_eb1_pipe_buffer/valid_out (net)                                                                                                        0.00       0.23 r                   
  rsp_arb/g_input_select_g_arbiter_g_out_buf_0__out_buf/g_eb1_pipe_buffer/U1/Y (NAND2XB_X0P7M_A9TR)                                                                                    0.14      0.14 *     0.36 f                   0.90
  rsp_arb/g_input_select_g_arbiter_g_out_buf_0__out_buf/g_eb1_pipe_buffer/ready_in (net)                                                                                     9                   0.00       0.36 f                   
  rsp_arb/g_input_select_g_arbiter_g_out_buf_0__out_buf/g_eb1_pipe_buffer/ready_in (VX_pipe_buffer_37)                                                                                           0.00       0.36 f                   
  rsp_arb/g_input_select_g_arbiter_g_out_buf_0__out_buf/ready_in (net)                                                                                                                           0.00       0.36 f                   
  rsp_arb/g_input_select_g_arbiter_g_out_buf_0__out_buf/ready_in (VX_elastic_buffer_2084_1_1_0)                                                                                                  0.00       0.36 f                   
  rsp_arb/g_input_select_g_arbiter_ready_out_w_0_ (net)                                                                                                                                          0.00       0.36 f                   
  rsp_arb/U2/Y (AND2_X0P7M_A9TR)                                                                                                                                                       0.09      0.13 *     0.50 f                   0.90
  rsp_arb/ready_in[1] (net)                                                                                                                                                  1                   0.00       0.50 f                   
  rsp_arb/ready_in[1] (VX_stream_arb_20)                                                                                                                                                         0.00       0.50 f                   
  local_out_if_rsp_ready (net)                                                                                                                                                                   0.00       0.50 f                   
  local_out_if_rsp_ready (out)                                                                                                                                                         0.09      0.00 *     0.50 f                   
  data arrival time                                                                                                                                                                                         0.50                     

  clock CLK (rise edge)                                                                                                                                                                          9.90       9.90                     
  clock network delay (ideal)                                                                                                                                                                    0.00       9.90                     
  output external delay                                                                                                                                                                          0.00       9.90                     
  data required time                                                                                                                                                                                        9.90                     
  ------------------------------------------------------------------------------------------------------------------------------------------------------------------------------------------------------------------------------------------------
  data required time                                                                                                                                                                                        9.90                     
  data arrival time                                                                                                                                                                                        -0.50                     
  ------------------------------------------------------------------------------------------------------------------------------------------------------------------------------------------------------------------------------------------------
  slack (MET)                                                                                                                                                                                               9.40                     


  Startpoint: rsp_arb/g_input_select_g_arbiter_g_out_buf_0__out_buf/g_eb1_pipe_buffer/g_register_g_pipe_regs_0__pipe_register/g_shift_register/g_shift_pipe_reg_0__2084_
              (rising edge-triggered flip-flop clocked by CLK)
  Endpoint: dma_ctrl_if_rsp_ready
            (output port clocked by CLK)
  Scenario: mode_norm.OC_rvt_ss_0p900v_125c
  Path Group: REGOUT
  Path Type: max

Attributes:
    d - dont_touch
    u - dont_use
   mo - map_only
   so - size_only
    i - ideal_net or ideal_network
  inf - infeasible path

  Point                                                                                                                                                                    Fanout     Trans      Incr       Path      Attributes     Voltage
  ------------------------------------------------------------------------------------------------------------------------------------------------------------------------------------------------------------------------------------------------
  clock CLK (rise edge)                                                                                                                                                                          0.00       0.00                     
  clock network delay (ideal)                                                                                                                                                                    0.00       0.00                     
  rsp_arb/g_input_select_g_arbiter_g_out_buf_0__out_buf/g_eb1_pipe_buffer/g_register_g_pipe_regs_0__pipe_register/g_shift_register/g_shift_pipe_reg_0__2084_/CK (DFFQ_X0P5M_A9TR)      0.00      0.00       0.00 r    i              0.90
  rsp_arb/g_input_select_g_arbiter_g_out_buf_0__out_buf/g_eb1_pipe_buffer/g_register_g_pipe_regs_0__pipe_register/g_shift_register/g_shift_pipe_reg_0__2084_/Q (DFFQ_X0P5M_A9TR)       0.24      0.23       0.23 r                   0.90
  rsp_arb/g_input_select_g_arbiter_g_out_buf_0__out_buf/g_eb1_pipe_buffer/g_register_g_pipe_regs_0__pipe_register/g_shift_register/data_out[2084] (net)                      3                   0.00       0.23 r                   
  rsp_arb/g_input_select_g_arbiter_g_out_buf_0__out_buf/g_eb1_pipe_buffer/g_register_g_pipe_regs_0__pipe_register/g_shift_register/data_out[2084] (VX_shift_register_2085_1_1_0)                 0.00       0.23 r                   
  rsp_arb/g_input_select_g_arbiter_g_out_buf_0__out_buf/g_eb1_pipe_buffer/g_register_g_pipe_regs_0__pipe_register/data_out[2084] (net)                                                           0.00       0.23 r                   
  rsp_arb/g_input_select_g_arbiter_g_out_buf_0__out_buf/g_eb1_pipe_buffer/g_register_g_pipe_regs_0__pipe_register/data_out[2084] (VX_pipe_register_36)                                           0.00       0.23 r                   
  rsp_arb/g_input_select_g_arbiter_g_out_buf_0__out_buf/g_eb1_pipe_buffer/valid_out (net)                                                                                                        0.00       0.23 r                   
  rsp_arb/g_input_select_g_arbiter_g_out_buf_0__out_buf/g_eb1_pipe_buffer/U1/Y (NAND2XB_X0P7M_A9TR)                                                                                    0.14      0.14 *     0.36 f                   0.90
  rsp_arb/g_input_select_g_arbiter_g_out_buf_0__out_buf/g_eb1_pipe_buffer/ready_in (net)                                                                                     9                   0.00       0.36 f                   
  rsp_arb/g_input_select_g_arbiter_g_out_buf_0__out_buf/g_eb1_pipe_buffer/ready_in (VX_pipe_buffer_37)                                                                                           0.00       0.36 f                   
  rsp_arb/g_input_select_g_arbiter_g_out_buf_0__out_buf/ready_in (net)                                                                                                                           0.00       0.36 f                   
  rsp_arb/g_input_select_g_arbiter_g_out_buf_0__out_buf/ready_in (VX_elastic_buffer_2084_1_1_0)                                                                                                  0.00       0.36 f                   
  rsp_arb/g_input_select_g_arbiter_ready_out_w_0_ (net)                                                                                                                                          0.00       0.36 f                   
  rsp_arb/U1/Y (AND2_X0P7M_A9TR)                                                                                                                                                       0.09      0.13 *     0.50 f                   0.90
  rsp_arb/ready_in[3] (net)                                                                                                                                                  1                   0.00       0.50 f                   
  rsp_arb/ready_in[3] (VX_stream_arb_20)                                                                                                                                                         0.00       0.50 f                   
  dma_ctrl_if_rsp_ready (net)                                                                                                                                                                    0.00       0.50 f                   
  dma_ctrl_if_rsp_ready (out)                                                                                                                                                          0.09      0.00 *     0.50 f                   
  data arrival time                                                                                                                                                                                         0.50                     

  clock CLK (rise edge)                                                                                                                                                                          9.90       9.90                     
  clock network delay (ideal)                                                                                                                                                                    0.00       9.90                     
  output external delay                                                                                                                                                                          0.00       9.90                     
  data required time                                                                                                                                                                                        9.90                     
  ------------------------------------------------------------------------------------------------------------------------------------------------------------------------------------------------------------------------------------------------
  data required time                                                                                                                                                                                        9.90                     
  data arrival time                                                                                                                                                                                        -0.50                     
  ------------------------------------------------------------------------------------------------------------------------------------------------------------------------------------------------------------------------------------------------
  slack (MET)                                                                                                                                                                                               9.40                     


  Startpoint: req_dma_buf/g_eb1_pipe_buffer/g_register_g_pipe_regs_0__pipe_register/g_shift_register/g_shift_pipe_reg_0__144_
              (rising edge-triggered flip-flop clocked by CLK)
  Endpoint: dma_ctrl_if_req_data[144]
            (output port clocked by CLK)
  Scenario: mode_norm.OC_rvt_ss_0p900v_125c
  Path Group: REGOUT
  Path Type: max

Attributes:
    d - dont_touch
    u - dont_use
   mo - map_only
   so - size_only
    i - ideal_net or ideal_network
  inf - infeasible path

  Point                                                                                                                          Fanout     Trans      Incr       Path      Attributes     Voltage
  ------------------------------------------------------------------------------------------------------------------------------------------------------------------------------------------------------
  clock CLK (rise edge)                                                                                                                                0.00       0.00                     
  clock network delay (ideal)                                                                                                                          0.00       0.00                     
  req_dma_buf/g_eb1_pipe_buffer/g_register_g_pipe_regs_0__pipe_register/g_shift_register/g_shift_pipe_reg_0__144_/CK (DFFQ_X0P5M_A9TR)       0.00      0.00       0.00 r                   0.90
  req_dma_buf/g_eb1_pipe_buffer/g_register_g_pipe_regs_0__pipe_register/g_shift_register/g_shift_pipe_reg_0__144_/Q (DFFQ_X0P5M_A9TR)        0.55      0.40       0.40 r                   0.90
  req_dma_buf/g_eb1_pipe_buffer/g_register_g_pipe_regs_0__pipe_register/g_shift_register/data_out[144] (net)                       1                   0.00       0.40 r                   
  req_dma_buf/g_eb1_pipe_buffer/g_register_g_pipe_regs_0__pipe_register/g_shift_register/data_out[144] (VX_shift_register_3428_1_1_0_0)                0.00       0.40 r                   
  req_dma_buf/g_eb1_pipe_buffer/g_register_g_pipe_regs_0__pipe_register/data_out[144] (net)                                                            0.00       0.40 r                   
  req_dma_buf/g_eb1_pipe_buffer/g_register_g_pipe_regs_0__pipe_register/data_out[144] (VX_pipe_register_30_0)                                          0.00       0.40 r                   
  req_dma_buf/g_eb1_pipe_buffer/data_out[144] (net)                                                                                                    0.00       0.40 r                   
  req_dma_buf/g_eb1_pipe_buffer/data_out[144] (VX_pipe_buffer_22_0)                                                                                    0.00       0.40 r                   
  req_dma_buf/data_out[144] (net)                                                                                                                      0.00       0.40 r                   
  req_dma_buf/data_out[144] (VX_elastic_buffer_15_0)                                                                                                   0.00       0.40 r                   
  dma_ctrl_if_req_data[144] (net)                                                                                                                      0.00       0.40 r                   
  dma_ctrl_if_req_data[144] (out)                                                                                                            0.55      0.02 *     0.41 r                   
  data arrival time                                                                                                                                               0.41                     

  clock CLK (rise edge)                                                                                                                                9.90       9.90                     
  clock network delay (ideal)                                                                                                                          0.00       9.90                     
  output external delay                                                                                                                                0.00       9.90                     
  data required time                                                                                                                                              9.90                     
  ------------------------------------------------------------------------------------------------------------------------------------------------------------------------------------------------------
  data required time                                                                                                                                              9.90                     
  data arrival time                                                                                                                                              -0.41                     
  ------------------------------------------------------------------------------------------------------------------------------------------------------------------------------------------------------
  slack (MET)                                                                                                                                                     9.49                     


  Startpoint: req_dma_buf/g_eb1_pipe_buffer/g_register_g_pipe_regs_0__pipe_register/g_shift_register/g_shift_pipe_reg_0__56_
              (rising edge-triggered flip-flop clocked by CLK)
  Endpoint: dma_ctrl_if_req_data[56]
            (output port clocked by CLK)
  Scenario: mode_norm.OC_rvt_ss_0p900v_125c
  Path Group: REGOUT
  Path Type: max

Attributes:
    d - dont_touch
    u - dont_use
   mo - map_only
   so - size_only
    i - ideal_net or ideal_network
  inf - infeasible path

  Point                                                                                                                         Fanout     Trans      Incr       Path      Attributes     Voltage
  -----------------------------------------------------------------------------------------------------------------------------------------------------------------------------------------------------
  clock CLK (rise edge)                                                                                                                               0.00       0.00                     
  clock network delay (ideal)                                                                                                                         0.00       0.00                     
  req_dma_buf/g_eb1_pipe_buffer/g_register_g_pipe_regs_0__pipe_register/g_shift_register/g_shift_pipe_reg_0__56_/CK (DFFQ_X0P5M_A9TR)       0.00      0.00       0.00 r                   0.90
  req_dma_buf/g_eb1_pipe_buffer/g_register_g_pipe_regs_0__pipe_register/g_shift_register/g_shift_pipe_reg_0__56_/Q (DFFQ_X0P5M_A9TR)        0.55      0.39       0.39 r                   0.90
  req_dma_buf/g_eb1_pipe_buffer/g_register_g_pipe_regs_0__pipe_register/g_shift_register/data_out[56] (net)                       1                   0.00       0.39 r                   
  req_dma_buf/g_eb1_pipe_buffer/g_register_g_pipe_regs_0__pipe_register/g_shift_register/data_out[56] (VX_shift_register_3428_1_1_0_0)                0.00       0.39 r                   
  req_dma_buf/g_eb1_pipe_buffer/g_register_g_pipe_regs_0__pipe_register/data_out[56] (net)                                                            0.00       0.39 r                   
  req_dma_buf/g_eb1_pipe_buffer/g_register_g_pipe_regs_0__pipe_register/data_out[56] (VX_pipe_register_30_0)                                          0.00       0.39 r                   
  req_dma_buf/g_eb1_pipe_buffer/data_out[56] (net)                                                                                                    0.00       0.39 r                   
  req_dma_buf/g_eb1_pipe_buffer/data_out[56] (VX_pipe_buffer_22_0)                                                                                    0.00       0.39 r                   
  req_dma_buf/data_out[56] (net)                                                                                                                      0.00       0.39 r                   
  req_dma_buf/data_out[56] (VX_elastic_buffer_15_0)                                                                                                   0.00       0.39 r                   
  dma_ctrl_if_req_data[56] (net)                                                                                                                      0.00       0.39 r                   
  dma_ctrl_if_req_data[56] (out)                                                                                                            0.55      0.02 *     0.41 r                   
  data arrival time                                                                                                                                              0.41                     

  clock CLK (rise edge)                                                                                                                               9.90       9.90                     
  clock network delay (ideal)                                                                                                                         0.00       9.90                     
  output external delay                                                                                                                               0.00       9.90                     
  data required time                                                                                                                                             9.90                     
  -----------------------------------------------------------------------------------------------------------------------------------------------------------------------------------------------------
  data required time                                                                                                                                             9.90                     
  data arrival time                                                                                                                                             -0.41                     
  -----------------------------------------------------------------------------------------------------------------------------------------------------------------------------------------------------
  slack (MET)                                                                                                                                                    9.49                     


  Startpoint: req_gemm_buf/g_eb1_pipe_buffer/g_register_g_pipe_regs_0__pipe_register/g_shift_register/g_shift_pipe_reg_0__1737_
              (rising edge-triggered flip-flop clocked by CLK)
  Endpoint: gemm_ctrl_if_req_data[1737]
            (output port clocked by CLK)
  Scenario: mode_norm.OC_rvt_ss_0p900v_125c
  Path Group: REGOUT
  Path Type: max

Attributes:
    d - dont_touch
    u - dont_use
   mo - map_only
   so - size_only
    i - ideal_net or ideal_network
  inf - infeasible path

  Point                                                                                                                            Fanout     Trans      Incr       Path      Attributes     Voltage
  --------------------------------------------------------------------------------------------------------------------------------------------------------------------------------------------------------
  clock CLK (rise edge)                                                                                                                                  0.00       0.00                     
  clock network delay (ideal)                                                                                                                            0.00       0.00                     
  req_gemm_buf/g_eb1_pipe_buffer/g_register_g_pipe_regs_0__pipe_register/g_shift_register/g_shift_pipe_reg_0__1737_/CK (DFFQ_X0P5M_A9TR)       0.00      0.00       0.00 r                   0.90
  req_gemm_buf/g_eb1_pipe_buffer/g_register_g_pipe_regs_0__pipe_register/g_shift_register/g_shift_pipe_reg_0__1737_/Q (DFFQ_X0P5M_A9TR)        0.55      0.39       0.39 r                   0.90
  req_gemm_buf/g_eb1_pipe_buffer/g_register_g_pipe_regs_0__pipe_register/g_shift_register/data_out[1737] (net)                       1                   0.00       0.39 r                   
  req_gemm_buf/g_eb1_pipe_buffer/g_register_g_pipe_regs_0__pipe_register/g_shift_register/data_out[1737] (VX_shift_register_3428_1_1_0_1)                0.00       0.39 r                   
  req_gemm_buf/g_eb1_pipe_buffer/g_register_g_pipe_regs_0__pipe_register/data_out[1737] (net)                                                            0.00       0.39 r                   
  req_gemm_buf/g_eb1_pipe_buffer/g_register_g_pipe_regs_0__pipe_register/data_out[1737] (VX_pipe_register_30_1)                                          0.00       0.39 r                   
  req_gemm_buf/g_eb1_pipe_buffer/data_out[1737] (net)                                                                                                    0.00       0.39 r                   
  req_gemm_buf/g_eb1_pipe_buffer/data_out[1737] (VX_pipe_buffer_22_1)                                                                                    0.00       0.39 r                   
  req_gemm_buf/data_out[1737] (net)                                                                                                                      0.00       0.39 r                   
  req_gemm_buf/data_out[1737] (VX_elastic_buffer_15_1)                                                                                                   0.00       0.39 r                   
  gemm_ctrl_if_req_data[1737] (net)                                                                                                                      0.00       0.39 r                   
  gemm_ctrl_if_req_data[1737] (out)                                                                                                            0.55      0.02 *     0.41 r                   
  data arrival time                                                                                                                                                 0.41                     

  clock CLK (rise edge)                                                                                                                                  9.90       9.90                     
  clock network delay (ideal)                                                                                                                            0.00       9.90                     
  output external delay                                                                                                                                  0.00       9.90                     
  data required time                                                                                                                                                9.90                     
  --------------------------------------------------------------------------------------------------------------------------------------------------------------------------------------------------------
  data required time                                                                                                                                                9.90                     
  data arrival time                                                                                                                                                -0.41                     
  --------------------------------------------------------------------------------------------------------------------------------------------------------------------------------------------------------
  slack (MET)                                                                                                                                                       9.49                     


  Startpoint: req_dma_buf/g_eb1_pipe_buffer/g_register_g_pipe_regs_0__pipe_register/g_shift_register/g_shift_pipe_reg_0__165_
              (rising edge-triggered flip-flop clocked by CLK)
  Endpoint: dma_ctrl_if_req_data[165]
            (output port clocked by CLK)
  Scenario: mode_norm.OC_rvt_ss_0p900v_125c
  Path Group: REGOUT
  Path Type: max

Attributes:
    d - dont_touch
    u - dont_use
   mo - map_only
   so - size_only
    i - ideal_net or ideal_network
  inf - infeasible path

  Point                                                                                                                          Fanout     Trans      Incr       Path      Attributes     Voltage
  ------------------------------------------------------------------------------------------------------------------------------------------------------------------------------------------------------
  clock CLK (rise edge)                                                                                                                                0.00       0.00                     
  clock network delay (ideal)                                                                                                                          0.00       0.00                     
  req_dma_buf/g_eb1_pipe_buffer/g_register_g_pipe_regs_0__pipe_register/g_shift_register/g_shift_pipe_reg_0__165_/CK (DFFQ_X0P5M_A9TR)       0.00      0.00       0.00 r                   0.90
  req_dma_buf/g_eb1_pipe_buffer/g_register_g_pipe_regs_0__pipe_register/g_shift_register/g_shift_pipe_reg_0__165_/Q (DFFQ_X0P5M_A9TR)        0.54      0.39       0.39 r                   0.90
  req_dma_buf/g_eb1_pipe_buffer/g_register_g_pipe_regs_0__pipe_register/g_shift_register/data_out[165] (net)                       1                   0.00       0.39 r                   
  req_dma_buf/g_eb1_pipe_buffer/g_register_g_pipe_regs_0__pipe_register/g_shift_register/data_out[165] (VX_shift_register_3428_1_1_0_0)                0.00       0.39 r                   
  req_dma_buf/g_eb1_pipe_buffer/g_register_g_pipe_regs_0__pipe_register/data_out[165] (net)                                                            0.00       0.39 r                   
  req_dma_buf/g_eb1_pipe_buffer/g_register_g_pipe_regs_0__pipe_register/data_out[165] (VX_pipe_register_30_0)                                          0.00       0.39 r                   
  req_dma_buf/g_eb1_pipe_buffer/data_out[165] (net)                                                                                                    0.00       0.39 r                   
  req_dma_buf/g_eb1_pipe_buffer/data_out[165] (VX_pipe_buffer_22_0)                                                                                    0.00       0.39 r                   
  req_dma_buf/data_out[165] (net)                                                                                                                      0.00       0.39 r                   
  req_dma_buf/data_out[165] (VX_elastic_buffer_15_0)                                                                                                   0.00       0.39 r                   
  dma_ctrl_if_req_data[165] (net)                                                                                                                      0.00       0.39 r                   
  dma_ctrl_if_req_data[165] (out)                                                                                                            0.54      0.02 *     0.41 r                   
  data arrival time                                                                                                                                               0.41                     

  clock CLK (rise edge)                                                                                                                                9.90       9.90                     
  clock network delay (ideal)                                                                                                                          0.00       9.90                     
  output external delay                                                                                                                                0.00       9.90                     
  data required time                                                                                                                                              9.90                     
  ------------------------------------------------------------------------------------------------------------------------------------------------------------------------------------------------------
  data required time                                                                                                                                              9.90                     
  data arrival time                                                                                                                                              -0.41                     
  ------------------------------------------------------------------------------------------------------------------------------------------------------------------------------------------------------
  slack (MET)                                                                                                                                                     9.49                     


  Startpoint: req_dma_buf/g_eb1_pipe_buffer/g_register_g_pipe_regs_0__pipe_register/g_shift_register/g_shift_pipe_reg_0__27_
              (rising edge-triggered flip-flop clocked by CLK)
  Endpoint: dma_ctrl_if_req_data[27]
            (output port clocked by CLK)
  Scenario: mode_norm.OC_rvt_ss_0p900v_125c
  Path Group: REGOUT
  Path Type: max

Attributes:
    d - dont_touch
    u - dont_use
   mo - map_only
   so - size_only
    i - ideal_net or ideal_network
  inf - infeasible path

  Point                                                                                                                         Fanout     Trans      Incr       Path      Attributes     Voltage
  -----------------------------------------------------------------------------------------------------------------------------------------------------------------------------------------------------
  clock CLK (rise edge)                                                                                                                               0.00       0.00                     
  clock network delay (ideal)                                                                                                                         0.00       0.00                     
  req_dma_buf/g_eb1_pipe_buffer/g_register_g_pipe_regs_0__pipe_register/g_shift_register/g_shift_pipe_reg_0__27_/CK (DFFQ_X0P5M_A9TR)       0.00      0.00       0.00 r                   0.90
  req_dma_buf/g_eb1_pipe_buffer/g_register_g_pipe_regs_0__pipe_register/g_shift_register/g_shift_pipe_reg_0__27_/Q (DFFQ_X0P5M_A9TR)        0.54      0.39       0.39 r                   0.90
  req_dma_buf/g_eb1_pipe_buffer/g_register_g_pipe_regs_0__pipe_register/g_shift_register/data_out[27] (net)                       1                   0.00       0.39 r                   
  req_dma_buf/g_eb1_pipe_buffer/g_register_g_pipe_regs_0__pipe_register/g_shift_register/data_out[27] (VX_shift_register_3428_1_1_0_0)                0.00       0.39 r                   
  req_dma_buf/g_eb1_pipe_buffer/g_register_g_pipe_regs_0__pipe_register/data_out[27] (net)                                                            0.00       0.39 r                   
  req_dma_buf/g_eb1_pipe_buffer/g_register_g_pipe_regs_0__pipe_register/data_out[27] (VX_pipe_register_30_0)                                          0.00       0.39 r                   
  req_dma_buf/g_eb1_pipe_buffer/data_out[27] (net)                                                                                                    0.00       0.39 r                   
  req_dma_buf/g_eb1_pipe_buffer/data_out[27] (VX_pipe_buffer_22_0)                                                                                    0.00       0.39 r                   
  req_dma_buf/data_out[27] (net)                                                                                                                      0.00       0.39 r                   
  req_dma_buf/data_out[27] (VX_elastic_buffer_15_0)                                                                                                   0.00       0.39 r                   
  dma_ctrl_if_req_data[27] (net)                                                                                                                      0.00       0.39 r                   
  dma_ctrl_if_req_data[27] (out)                                                                                                            0.54      0.02 *     0.41 r                   
  data arrival time                                                                                                                                              0.41                     

  clock CLK (rise edge)                                                                                                                               9.90       9.90                     
  clock network delay (ideal)                                                                                                                         0.00       9.90                     
  output external delay                                                                                                                               0.00       9.90                     
  data required time                                                                                                                                             9.90                     
  -----------------------------------------------------------------------------------------------------------------------------------------------------------------------------------------------------
  data required time                                                                                                                                             9.90                     
  data arrival time                                                                                                                                             -0.41                     
  -----------------------------------------------------------------------------------------------------------------------------------------------------------------------------------------------------
  slack (MET)                                                                                                                                                    9.49                     


1
